Frame,Time (Seconds),LFoot:Rotation:X,LFoot:Rotation:Y,LFoot:Rotation:Z,LFoot:Rotation:W,LFoot:Position:X,LFoot:Position:Y,LFoot:Position:Z,RFoot:Rotation:X,RFoot:Rotation:Y,RFoot:Rotation:Z,RFoot:Rotation:W,RFoot:Position:X,RFoot:Position:Y,RFoot:Position:Z,Waist:Rotation:X,Waist:Rotation:Y,Waist:Rotation:Z,Waist:Rotation:W,Waist:Position:X,Waist:Position:Y,Waist:Position:Z,gait_type
0,0.0,-0.003201,-0.042432,0.990662,-0.129527,-0.646459,-0.818787,0.006467,-0.007345,-0.040555,0.99915,0.000604,-0.724234,-0.545764,0.013542,-0.024597,-0.00716,0.951567,-0.306374,-0.696031,-0.717125,0.933496,walk
1,0.004167,-0.003274,-0.0425,0.990657,-0.129545,-0.646454,-0.818785,0.00646,-0.007325,-0.040514,0.999152,0.000621,-0.724236,-0.545763,0.013544,-0.024702,-0.007172,0.951706,-0.305932,-0.696093,-0.717111,0.933472,walk
2,0.008333,-0.003331,-0.042474,0.990659,-0.129539,-0.646457,-0.818777,0.006454,-0.007322,-0.040341,0.999159,0.000675,-0.724247,-0.545772,0.013553,-0.024596,-0.007271,0.951687,-0.305997,-0.696023,-0.71704,0.933451,walk
3,0.0125,-0.00323,-0.042424,0.990664,-0.12952,-0.646473,-0.818769,0.006474,-0.007343,-0.04051,0.999152,0.00068,-0.724233,-0.545764,0.013541,-0.024481,-0.007641,0.951879,-0.305399,-0.696135,-0.717047,0.933379,walk
4,0.016667,-0.003349,-0.042436,0.990662,-0.129528,-0.646474,-0.81877,0.006464,-0.007366,-0.040571,0.999149,0.000688,-0.724234,-0.545763,0.013543,-0.024499,-0.007809,0.952086,-0.304749,-0.696253,-0.717055,0.933337,walk
5,0.020833,-0.003328,-0.042432,0.990663,-0.129518,-0.646476,-0.818771,0.006466,-0.007344,-0.040532,0.999151,0.000692,-0.724235,-0.545761,0.013545,-0.024523,-0.007793,0.95231,-0.304045,-0.696378,-0.717069,0.933295,walk
6,0.025,-0.003391,-0.042446,0.990659,-0.129547,-0.64648,-0.818773,0.006469,-0.007311,-0.0404,0.999157,0.000725,-0.724243,-0.545772,0.013549,-0.024359,-0.007721,0.952554,-0.303296,-0.696528,-0.717081,0.933293,walk
7,0.029167,-0.003421,-0.042457,0.990657,-0.129553,-0.646481,-0.818771,0.006469,-0.007303,-0.04036,0.999158,0.000744,-0.724243,-0.545768,0.013549,-0.024337,-0.007753,0.952742,-0.302706,-0.696641,-0.717139,0.933262,walk
8,0.033333,-0.003409,-0.042499,0.990656,-0.129549,-0.646483,-0.818767,0.006468,-0.007356,-0.040563,0.99915,0.000733,-0.724235,-0.545759,0.013542,-0.024271,-0.007797,0.952944,-0.302073,-0.696763,-0.717212,0.933233,walk
9,0.0375,-0.003452,-0.042493,0.990654,-0.129565,-0.646489,-0.81876,0.006472,-0.007359,-0.040554,0.99915,0.000761,-0.724233,-0.545752,0.013539,-0.024322,-0.007774,0.953215,-0.301211,-0.696949,-0.717204,0.933193,walk
10,0.041667,-0.003481,-0.042428,0.990662,-0.129524,-0.646488,-0.818764,0.006468,-0.007328,-0.040505,0.999152,0.000814,-0.724233,-0.54575,0.013546,-0.024273,-0.007894,0.953453,-0.300458,-0.697142,-0.717269,0.933153,walk
11,0.045833,-0.00353,-0.042446,0.990656,-0.129565,-0.64649,-0.818765,0.006473,-0.007271,-0.040381,0.999158,0.000867,-0.724239,-0.545756,0.01355,-0.02426,-0.007889,0.953679,-0.299743,-0.697333,-0.7173,0.933118,walk
12,0.05,-0.003545,-0.0424,0.990658,-0.129564,-0.646495,-0.818765,0.00647,-0.007248,-0.040296,0.999161,0.000895,-0.72424,-0.545752,0.013556,-0.024333,-0.007848,0.953899,-0.299037,-0.697495,-0.717347,0.933077,walk
13,0.054167,-0.003589,-0.042405,0.990657,-0.129565,-0.646502,-0.818762,0.006476,-0.007278,-0.040333,0.999159,0.000927,-0.724238,-0.545747,0.013552,-0.023998,-0.007983,0.954077,-0.29849,-0.697613,-0.717428,0.933074,walk
14,0.058333,-0.003535,-0.042371,0.990664,-0.129528,-0.646507,-0.81876,0.006486,-0.007269,-0.040247,0.999163,0.000965,-0.724236,-0.545745,0.013555,-0.023893,-0.007978,0.95428,-0.297852,-0.697737,-0.717465,0.93306,walk
15,0.0625,-0.003657,-0.042376,0.990658,-0.129566,-0.646507,-0.818766,0.006479,-0.007332,-0.040451,0.999154,0.000938,-0.724222,-0.545735,0.013547,-0.023788,-0.008013,0.954461,-0.297277,-0.697853,-0.717509,0.933057,walk
16,0.066667,-0.00367,-0.042403,0.990657,-0.129563,-0.64651,-0.818768,0.006479,-0.007321,-0.040449,0.999154,0.000955,-0.724223,-0.545734,0.013546,-0.023671,-0.008082,0.954698,-0.296522,-0.698035,-0.717525,0.933025,walk
17,0.070833,-0.00358,-0.0424,0.990665,-0.129506,-0.646518,-0.818765,0.006493,-0.007254,-0.040226,0.999164,0.001023,-0.724228,-0.545741,0.013556,-0.023472,-0.008029,0.954944,-0.295746,-0.698156,-0.717509,0.933001,walk
18,0.075,-0.003727,-0.042421,0.990659,-0.12954,-0.646512,-0.818774,0.00648,-0.007283,-0.04041,0.999156,0.001016,-0.724218,-0.545732,0.013543,-0.023304,-0.008065,0.9552,-0.294933,-0.698358,-0.717526,0.932945,walk
19,0.079167,-0.003745,-0.042392,0.990661,-0.129538,-0.646514,-0.818772,0.00648,-0.00729,-0.040467,0.999154,0.00102,-0.724218,-0.545733,0.013545,-0.02321,-0.008084,0.955384,-0.294342,-0.698482,-0.71755,0.932934,walk
20,0.083333,-0.003772,-0.042389,0.990662,-0.129528,-0.646518,-0.818773,0.006478,-0.007256,-0.040308,0.99916,0.001097,-0.724226,-0.545737,0.013555,-0.023105,-0.008011,0.955597,-0.293659,-0.698661,-0.717572,0.932917,walk
21,0.0875,-0.003807,-0.04237,0.990664,-0.129522,-0.64652,-0.818774,0.006479,-0.007251,-0.040291,0.999161,0.00112,-0.724227,-0.54574,0.013551,-0.023128,-0.008013,0.955771,-0.293093,-0.698772,-0.717635,0.932862,walk
22,0.091667,-0.003751,-0.042358,0.990668,-0.129493,-0.64653,-0.818772,0.006496,-0.007298,-0.040468,0.999154,0.001107,-0.724215,-0.545732,0.01354,-0.022841,-0.008176,0.955935,-0.292575,-0.69888,-0.717649,0.932889,walk
23,0.095833,-0.003862,-0.042373,0.990666,-0.129503,-0.646526,-0.81877,0.006483,-0.007247,-0.040292,0.999161,0.001188,-0.724227,-0.545741,0.013553,-0.023208,-0.007623,0.955942,-0.292539,-0.698858,-0.717497,0.933032,walk
24,0.1,-0.003889,-0.042395,0.990667,-0.129486,-0.646526,-0.818773,0.006488,-0.007238,-0.040289,0.999161,0.001226,-0.724229,-0.545745,0.013552,-0.023047,-0.007819,0.956066,-0.292141,-0.698962,-0.717434,0.93301,walk
25,0.104167,-0.00391,-0.04238,0.990668,-0.129483,-0.646528,-0.818768,0.006491,-0.007256,-0.040338,0.999159,0.00125,-0.724223,-0.545744,0.013547,-0.0229,-0.008078,0.956168,-0.291809,-0.698995,-0.717323,0.932972,walk
26,0.108333,-0.003993,-0.042304,0.990669,-0.1295,-0.646532,-0.818772,0.006489,-0.00732,-0.040503,0.999152,0.001269,-0.724217,-0.545736,0.013539,-0.022871,-0.008682,0.956249,-0.291529,-0.699046,-0.717249,0.932871,walk
27,0.1125,-0.00401,-0.042313,0.990671,-0.129475,-0.646533,-0.818774,0.006491,-0.007358,-0.04053,0.99915,0.001264,-0.724213,-0.545733,0.013541,-0.022812,-0.009112,0.956364,-0.291142,-0.699106,-0.717162,0.932805,walk
28,0.116667,-0.004014,-0.042364,0.990669,-0.129474,-0.646534,-0.818778,0.00649,-0.007292,-0.040345,0.999158,0.001334,-0.72422,-0.545744,0.013551,-0.02284,-0.009441,0.956477,-0.290759,-0.699135,-0.717126,0.932736,walk
29,0.120833,-0.004038,-0.042329,0.990671,-0.129474,-0.646534,-0.818778,0.00649,-0.007337,-0.04061,0.999147,0.001311,-0.724212,-0.545737,0.013539,-0.022757,-0.00975,0.956628,-0.290259,-0.69922,-0.717091,0.932699,walk
30,0.125,-0.004038,-0.042364,0.990673,-0.129444,-0.646539,-0.818775,0.006493,-0.007349,-0.040554,0.999149,0.001353,-0.724212,-0.545738,0.013536,-0.022793,-0.009849,0.956778,-0.289757,-0.699295,-0.717072,0.932665,walk
31,0.129167,-0.003989,-0.042296,0.990679,-0.129422,-0.646543,-0.818775,0.006499,-0.007375,-0.040569,0.999149,0.001371,-0.724216,-0.545733,0.013541,-0.022847,-0.009877,0.956956,-0.289165,-0.699393,-0.717065,0.932647,walk
32,0.133333,-0.004021,-0.042312,0.990681,-0.129405,-0.64655,-0.818774,0.006507,-0.007381,-0.040553,0.999149,0.001422,-0.724212,-0.545732,0.013542,-0.022657,-0.009968,0.957156,-0.288514,-0.699545,-0.717058,0.932661,walk
33,0.1375,-0.004107,-0.042335,0.990677,-0.129424,-0.646543,-0.818779,0.006496,-0.007414,-0.040565,0.999148,0.001447,-0.724209,-0.545732,0.013539,-0.022486,-0.009776,0.957405,-0.287705,-0.699739,-0.717045,0.932703,walk
34,0.141667,-0.004176,-0.042301,0.99068,-0.129412,-0.646551,-0.818775,0.006497,-0.00738,-0.040574,0.999148,0.00149,-0.724206,-0.545728,0.013542,-0.022462,-0.009552,0.957624,-0.286984,-0.699872,-0.717064,0.932715,walk
35,0.145833,-0.004059,-0.042298,0.990683,-0.129386,-0.646561,-0.818773,0.006512,-0.007364,-0.040375,0.999156,0.001566,-0.724217,-0.545739,0.013547,-0.022464,-0.009389,0.957825,-0.286319,-0.700016,-0.717084,0.932721,walk
36,0.15,-0.004157,-0.042346,0.990682,-0.129382,-0.646556,-0.818771,0.006504,-0.007378,-0.040752,0.999141,0.001444,-0.724186,-0.545717,0.013523,-0.022442,-0.009204,0.958058,-0.285546,-0.700196,-0.717063,0.932735,walk
37,0.154167,-0.004213,-0.042317,0.990683,-0.129375,-0.64655,-0.818775,0.006499,-0.0074,-0.040584,0.999147,0.001606,-0.724203,-0.545727,0.013537,-0.022226,-0.009076,0.95824,-0.284956,-0.700367,-0.717099,0.932749,walk
38,0.158333,-0.004134,-0.042266,0.990691,-0.12934,-0.646562,-0.81877,0.006513,-0.007328,-0.040609,0.999147,0.001551,-0.724198,-0.545724,0.013534,-0.022206,-0.008973,0.958421,-0.284353,-0.700506,-0.717122,0.932733,walk
39,0.1625,-0.004265,-0.042239,0.990686,-0.129376,-0.646558,-0.81877,0.006506,-0.007392,-0.040557,0.999148,0.0017,-0.724207,-0.545721,0.01354,-0.022273,-0.008793,0.9586,-0.283747,-0.700587,-0.717084,0.932746,walk
40,0.166667,-0.004279,-0.042258,0.990687,-0.129361,-0.646556,-0.818776,0.006502,-0.007377,-0.040742,0.999141,0.001584,-0.724187,-0.545716,0.013525,-0.02226,-0.008754,0.958751,-0.283238,-0.70068,-0.717077,0.93273,walk
41,0.170833,-0.004326,-0.042231,0.990691,-0.129339,-0.64656,-0.818774,0.006505,-0.007371,-0.040749,0.999141,0.001664,-0.724184,-0.545713,0.013528,-0.021918,-0.009186,0.958983,-0.282464,-0.700911,-0.717082,0.932691,walk
42,0.175,-0.004216,-0.042261,0.990694,-0.129315,-0.646569,-0.818774,0.006521,-0.007373,-0.040795,0.999139,0.001702,-0.724184,-0.545707,0.013528,-0.021821,-0.009152,0.959159,-0.281877,-0.701041,-0.717063,0.932694,walk
43,0.179167,-0.004206,-0.042244,0.990698,-0.12929,-0.646572,-0.818774,0.006525,-0.007408,-0.040773,0.999139,0.001724,-0.724184,-0.545708,0.013526,-0.02177,-0.009167,0.959314,-0.281351,-0.701136,-0.717048,0.932676,walk
44,0.183333,-0.004368,-0.042238,0.990694,-0.129317,-0.646567,-0.818774,0.006518,-0.007375,-0.040799,0.999139,0.001777,-0.724181,-0.545706,0.013528,-0.020896,-0.007794,0.959748,-0.279977,-0.70156,-0.717269,0.93277,walk
45,0.1875,-0.004301,-0.042173,0.990701,-0.129283,-0.646574,-0.818771,0.006527,-0.007358,-0.040781,0.999139,0.00183,-0.72418,-0.545706,0.013527,-0.020806,-0.007599,0.959968,-0.279234,-0.701746,-0.717263,0.932752,walk
46,0.191667,-0.004403,-0.042156,0.990702,-0.129282,-0.646573,-0.818772,0.006518,-0.007304,-0.040566,0.999148,0.001899,-0.72419,-0.545715,0.013533,-0.020565,-0.007147,0.960193,-0.278489,-0.701923,-0.717269,0.932792,walk
47,0.195833,-0.004348,-0.042162,0.990702,-0.129281,-0.646577,-0.818769,0.00653,-0.007398,-0.040773,0.999139,0.001942,-0.724176,-0.545699,0.013523,-0.020449,-0.006855,0.96037,-0.277891,-0.70206,-0.717309,0.932825,walk
48,0.2,-0.004466,-0.04213,0.990701,-0.129289,-0.646574,-0.818766,0.006522,-0.007408,-0.040788,0.999138,0.002009,-0.724176,-0.545696,0.013522,-0.020339,-0.006576,0.960555,-0.277266,-0.702202,-0.717339,0.932841,walk
49,0.204167,-0.004481,-0.042094,0.990702,-0.129299,-0.646578,-0.818766,0.006519,-0.007424,-0.040776,0.999139,0.002049,-0.72418,-0.545696,0.013528,-0.020234,-0.006376,0.960752,-0.276596,-0.702355,-0.717319,0.932863,walk
50,0.208333,-0.004536,-0.042035,0.990703,-0.129304,-0.646582,-0.818762,0.006521,-0.007354,-0.040607,0.999146,0.002135,-0.724185,-0.545707,0.013537,-0.020153,-0.006203,0.960946,-0.275933,-0.702463,-0.717241,0.932923,walk
51,0.2125,-0.004469,-0.042008,0.990709,-0.129273,-0.646593,-0.818758,0.006529,-0.007413,-0.0408,0.999138,0.002151,-0.724174,-0.545698,0.013526,-0.019837,-0.006329,0.961103,-0.275405,-0.702602,-0.717234,0.932938,walk
52,0.216667,-0.004498,-0.041904,0.990714,-0.129268,-0.6466,-0.818755,0.006528,-0.007441,-0.040824,0.999136,0.002205,-0.724176,-0.545699,0.013527,-0.019826,-0.006294,0.961243,-0.274917,-0.702701,-0.717212,0.932913,walk
53,0.220833,-0.004567,-0.041862,0.990714,-0.129279,-0.646597,-0.818752,0.006526,-0.007371,-0.04066,0.999143,0.002276,-0.724181,-0.545703,0.013534,-0.019807,-0.006235,0.961362,-0.274502,-0.7028,-0.717195,0.932889,walk
54,0.225,-0.00458,-0.041815,0.990716,-0.129276,-0.6466,-0.818752,0.006533,-0.007472,-0.040881,0.999133,0.002312,-0.724173,-0.545696,0.013524,-0.019725,-0.006207,0.961512,-0.273984,-0.702908,-0.717149,0.932856,walk
55,0.229167,-0.004604,-0.041811,0.990716,-0.129275,-0.646609,-0.818742,0.006539,-0.007494,-0.040912,0.999132,0.00235,-0.724175,-0.545695,0.013529,-0.019721,-0.006298,0.961617,-0.273614,-0.702971,-0.717129,0.932831,walk
56,0.233333,-0.004626,-0.041696,0.990721,-0.129276,-0.646614,-0.818743,0.006535,-0.007485,-0.040862,0.999134,0.002409,-0.724177,-0.545699,0.013525,-0.01968,-0.006299,0.961744,-0.27317,-0.703041,-0.71704,0.932847,walk
57,0.2375,-0.004634,-0.041686,0.990722,-0.12927,-0.646612,-0.81874,0.006538,-0.007497,-0.040924,0.999131,0.002434,-0.724172,-0.545698,0.013529,-0.019599,-0.006464,0.961858,-0.272771,-0.703121,-0.717016,0.932811,walk
58,0.241667,-0.004667,-0.041646,0.990724,-0.12927,-0.646617,-0.818737,0.00654,-0.007524,-0.040905,0.999132,0.002495,-0.724178,-0.545695,0.013527,-0.01952,-0.006716,0.961951,-0.272443,-0.703183,-0.717,0.932787,walk
59,0.245833,-0.0047,-0.041613,0.990725,-0.129265,-0.64662,-0.81873,0.006543,-0.007534,-0.040984,0.999128,0.002511,-0.724179,-0.545695,0.01353,-0.019335,-0.006718,0.962078,-0.272005,-0.703271,-0.716942,0.932804,walk
60,0.25,-0.004711,-0.041555,0.990729,-0.129258,-0.646627,-0.818725,0.006546,-0.00753,-0.040936,0.99913,0.002566,-0.724179,-0.545693,0.013527,-0.019362,-0.006789,0.962184,-0.271625,-0.703338,-0.71692,0.932758,walk
61,0.254167,-0.004729,-0.041589,0.990724,-0.129283,-0.646625,-0.818726,0.006547,-0.007474,-0.040718,0.999139,0.002657,-0.724192,-0.545702,0.01354,-0.019308,-0.006765,0.962277,-0.271302,-0.703407,-0.7169,0.932746,walk
62,0.258333,-0.004753,-0.041496,0.990727,-0.12929,-0.646632,-0.81872,0.006546,-0.007567,-0.040895,0.999131,0.002634,-0.724184,-0.54569,0.013529,-0.019213,-0.006885,0.962391,-0.270902,-0.703496,-0.716884,0.932721,walk
63,0.2625,-0.004748,-0.041449,0.990731,-0.129274,-0.646637,-0.818718,0.00655,-0.007579,-0.040937,0.999129,0.002656,-0.724185,-0.545688,0.013525,-0.019221,-0.006892,0.962508,-0.270483,-0.703612,-0.716825,0.932687,walk
64,0.266667,-0.004821,-0.041409,0.990734,-0.129262,-0.646638,-0.818714,0.006551,-0.007571,-0.040909,0.999131,0.002701,-0.724181,-0.545687,0.013527,-0.019146,-0.006868,0.962606,-0.27014,-0.703682,-0.716804,0.932682,walk
65,0.270833,-0.004818,-0.041366,0.990736,-0.129261,-0.646641,-0.818713,0.006556,-0.007542,-0.040907,0.999131,0.002695,-0.724188,-0.545688,0.013526,-0.019035,-0.006815,0.962703,-0.269806,-0.703758,-0.716792,0.932667,walk
66,0.275,-0.00484,-0.041309,0.990737,-0.129272,-0.646641,-0.818715,0.006551,-0.007477,-0.040613,0.999143,0.002755,-0.724199,-0.545697,0.013538,-0.01901,-0.006762,0.962823,-0.269378,-0.703868,-0.716739,0.93266,walk
67,0.279167,-0.004822,-0.041338,0.990735,-0.129272,-0.646644,-0.818711,0.006553,-0.007519,-0.040661,0.999141,0.002765,-0.7242,-0.545695,0.013539,-0.018957,-0.006672,0.96291,-0.269073,-0.703943,-0.716711,0.932658,walk
68,0.283333,-0.004867,-0.041307,0.990736,-0.129273,-0.646648,-0.818711,0.006557,-0.007494,-0.040647,0.999142,0.002777,-0.724202,-0.54569,0.013535,-0.018873,-0.006624,0.963003,-0.268749,-0.704023,-0.716703,0.932647,walk
69,0.2875,-0.004895,-0.041269,0.990735,-0.129292,-0.64665,-0.818709,0.006558,-0.007548,-0.040821,0.999134,0.002749,-0.72419,-0.545679,0.013524,-0.018523,-0.006534,0.963103,-0.268415,-0.70413,-0.716637,0.932722,walk
70,0.291667,-0.00504,-0.040956,0.990754,-0.12924,-0.646622,-0.818697,0.006535,-0.007498,-0.040609,0.999143,0.002813,-0.724203,-0.545689,0.013533,-0.018447,-0.00647,0.963185,-0.268126,-0.704206,-0.716612,0.932728,walk
71,0.295833,-0.004927,-0.041214,0.990735,-0.12931,-0.64665,-0.818707,0.006558,-0.007504,-0.040604,0.999143,0.002795,-0.724204,-0.545691,0.013535,-0.018352,-0.00642,0.963301,-0.267719,-0.704275,-0.716517,0.932772,walk
72,0.3,-0.005034,-0.040907,0.990752,-0.129278,-0.646633,-0.818691,0.00654,-0.007593,-0.040846,0.999133,0.002757,-0.72419,-0.545676,0.013518,-0.018308,-0.006384,0.963376,-0.267451,-0.70435,-0.716501,0.932765,walk
73,0.304167,-0.005021,-0.041033,0.99074,-0.129326,-0.64666,-0.818697,0.006558,-0.007581,-0.040795,0.999135,0.002759,-0.724193,-0.545673,0.013518,-0.018249,-0.006246,0.963436,-0.267244,-0.704446,-0.716504,0.932744,walk
74,0.308333,-0.004955,-0.041095,0.99074,-0.12931,-0.646657,-0.818695,0.006559,-0.007513,-0.040546,0.999146,0.002793,-0.724205,-0.545681,0.01353,-0.018207,-0.006211,0.963506,-0.266995,-0.704517,-0.716475,0.932743,walk
75,0.3125,-0.005013,-0.041051,0.990739,-0.129332,-0.646659,-0.818695,0.006554,-0.007538,-0.040498,0.999147,0.002789,-0.724205,-0.54568,0.013529,-0.018189,-0.006291,0.963586,-0.266705,-0.704603,-0.716451,0.932724,walk
76,0.316667,-0.005127,-0.040736,0.990759,-0.129271,-0.646635,-0.818682,0.006537,-0.007594,-0.04067,0.99914,0.002753,-0.7242,-0.545666,0.013518,-0.018177,-0.006291,0.963648,-0.266483,-0.704674,-0.716427,0.932709,walk
77,0.320833,-0.005054,-0.040985,0.990734,-0.129386,-0.646663,-0.818694,0.00656,-0.007616,-0.040699,0.999139,0.002758,-0.724201,-0.545664,0.013513,-0.018151,-0.006296,0.963715,-0.266241,-0.704752,-0.716406,0.932681,walk
78,0.325,-0.005017,-0.041029,0.990731,-0.129397,-0.646663,-0.818687,0.006566,-0.007623,-0.040668,0.99914,0.002728,-0.724205,-0.545667,0.013514,-0.018032,-0.006262,0.963779,-0.266017,-0.704841,-0.716387,0.932678,walk
79,0.329167,-0.005097,-0.040935,0.990731,-0.129424,-0.646665,-0.818688,0.006559,-0.007555,-0.040409,0.999151,0.002755,-0.72422,-0.54568,0.013529,-0.018288,-0.006211,0.963884,-0.265621,-0.704901,-0.716279,0.932653,walk
80,0.333333,-0.005079,-0.040919,0.990732,-0.129419,-0.646672,-0.81868,0.006559,-0.007574,-0.040377,0.999152,0.002732,-0.724226,-0.545683,0.013527,-0.018251,-0.006203,0.963945,-0.265402,-0.70497,-0.71625,0.932635,walk
81,0.3375,-0.00508,-0.040888,0.990727,-0.129469,-0.646668,-0.818682,0.006562,-0.007634,-0.040629,0.999142,0.002687,-0.724209,-0.545672,0.013516,-0.018259,-0.006214,0.964004,-0.265188,-0.705032,-0.716216,0.932624,walk
82,0.341667,-0.005098,-0.040863,0.990726,-0.129484,-0.646662,-0.818681,0.006556,-0.007554,-0.040372,0.999153,0.002691,-0.724227,-0.545685,0.013526,-0.01824,-0.006194,0.964063,-0.264975,-0.705093,-0.71618,0.932613,walk
83,0.345833,-0.005198,-0.040574,0.990743,-0.129439,-0.646641,-0.818667,0.006539,-0.007639,-0.040612,0.999142,0.002628,-0.724216,-0.545675,0.013518,-0.018215,-0.006187,0.964126,-0.264746,-0.705162,-0.716145,0.932604,walk
84,0.35,-0.005126,-0.040775,0.990724,-0.129524,-0.646667,-0.818671,0.006559,-0.007618,-0.04041,0.999151,0.002646,-0.724231,-0.545685,0.013529,-0.017889,-0.006329,0.964241,-0.264345,-0.705297,-0.716072,0.932634,walk
85,0.354167,-0.005119,-0.04078,0.990717,-0.129581,-0.64667,-0.818668,0.006563,-0.007655,-0.040629,0.999142,0.002579,-0.724225,-0.545676,0.013515,-0.017705,-0.006185,0.964332,-0.26403,-0.705385,-0.716005,0.932673,walk
86,0.358333,-0.005091,-0.040704,0.990719,-0.129589,-0.646672,-0.818664,0.006565,-0.007678,-0.040644,0.999141,0.00259,-0.724219,-0.545674,0.013515,-0.017633,-0.006123,0.964407,-0.263763,-0.705453,-0.715982,0.932665,walk
87,0.3625,-0.005202,-0.040413,0.990736,-0.129543,-0.646641,-0.818655,0.006539,-0.007679,-0.040654,0.999141,0.00254,-0.724228,-0.545676,0.013511,-0.017602,-0.006071,0.964483,-0.263488,-0.705524,-0.715939,0.932668,walk
88,0.366667,-0.005226,-0.0404,0.990732,-0.129577,-0.646642,-0.81865,0.006536,-0.007596,-0.040351,0.999153,0.002565,-0.724242,-0.545692,0.013525,-0.017529,-0.006037,0.96456,-0.26321,-0.705598,-0.715906,0.932663,walk
89,0.370833,-0.005177,-0.040462,0.990729,-0.129586,-0.646642,-0.818642,0.006538,-0.007664,-0.040519,0.999146,0.002485,-0.724234,-0.545686,0.013516,-0.017538,-0.006004,0.964638,-0.262925,-0.705656,-0.715857,0.932664,walk
90,0.375,-0.005182,-0.040357,0.990731,-0.129602,-0.64664,-0.818642,0.006539,-0.007683,-0.040569,0.999144,0.002473,-0.724236,-0.545686,0.013514,-0.017518,-0.006125,0.964748,-0.262522,-0.705766,-0.715825,0.932625,walk
91,0.379167,-0.005147,-0.040351,0.990729,-0.129623,-0.646643,-0.81863,0.006544,-0.007689,-0.040528,0.999146,0.002454,-0.724242,-0.545684,0.013521,-0.017744,-0.006109,0.964825,-0.262222,-0.705812,-0.715737,0.932645,walk
92,0.383333,-0.005121,-0.040372,0.990727,-0.129631,-0.646636,-0.818628,0.00654,-0.007725,-0.040524,0.999146,0.002406,-0.724245,-0.545686,0.013516,-0.017718,-0.006206,0.964939,-0.261801,-0.705923,-0.715651,0.932642,walk
93,0.3875,-0.005138,-0.040321,0.990725,-0.129663,-0.646639,-0.818622,0.006537,-0.007706,-0.040515,0.999146,0.002389,-0.724247,-0.545686,0.013513,-0.017725,-0.006281,0.965065,-0.261334,-0.705928,-0.715532,0.932662,walk
94,0.391667,-0.005088,-0.040308,0.990727,-0.129648,-0.646636,-0.818618,0.006535,-0.007745,-0.040525,0.999146,0.002369,-0.72425,-0.545687,0.013513,-0.017704,-0.006343,0.965163,-0.260974,-0.705983,-0.715464,0.932657,walk
95,0.395833,-0.005069,-0.040257,0.990726,-0.129673,-0.646629,-0.818613,0.006531,-0.00773,-0.040499,0.999147,0.002347,-0.724253,-0.54569,0.013515,-0.017652,-0.006448,0.965267,-0.260588,-0.706038,-0.715403,0.932643,walk
96,0.4,-0.005082,-0.040217,0.990727,-0.129683,-0.646626,-0.818606,0.006534,-0.007701,-0.040491,0.999148,0.002323,-0.724256,-0.545688,0.013516,-0.017446,-0.006437,0.965423,-0.260025,-0.706158,-0.715285,0.932686,walk
97,0.404167,-0.005068,-0.040153,0.99073,-0.129676,-0.646627,-0.818596,0.00653,-0.007708,-0.040465,0.999149,0.002302,-0.724262,-0.545685,0.013514,-0.017432,-0.006534,0.965538,-0.259596,-0.706227,-0.71521,0.932678,walk
98,0.408333,-0.005097,-0.040118,0.990731,-0.129677,-0.646623,-0.818594,0.006533,-0.007743,-0.040397,0.999151,0.002258,-0.724265,-0.545691,0.013519,-0.017436,-0.006618,0.965661,-0.259136,-0.706273,-0.715144,0.932665,walk
99,0.4125,-0.005087,-0.040116,0.99073,-0.129686,-0.646618,-0.818593,0.00653,-0.007735,-0.040408,0.999151,0.002236,-0.724268,-0.545689,0.013517,-0.017383,-0.00686,0.965825,-0.258521,-0.706419,-0.715093,0.932595,walk
100,0.416667,-0.005036,-0.040296,0.990713,-0.129767,-0.646649,-0.818596,0.006548,-0.00776,-0.040429,0.99915,0.002211,-0.72427,-0.545687,0.013518,-0.017448,-0.006913,0.965936,-0.2581,-0.706447,-0.715002,0.932619,walk
101,0.420833,-0.005053,-0.040066,0.990734,-0.129677,-0.646612,-0.818589,0.006523,-0.007756,-0.040437,0.99915,0.002195,-0.724271,-0.54569,0.01352,-0.017493,-0.006943,0.966119,-0.257409,-0.706546,-0.714889,0.932574,walk
102,0.425,-0.005011,-0.040238,0.990717,-0.129752,-0.646643,-0.818589,0.006547,-0.007764,-0.040429,0.99915,0.0022,-0.724275,-0.545689,0.013513,-0.017237,-0.007014,0.966256,-0.256909,-0.706572,-0.714771,0.932646,walk
103,0.429167,-0.004987,-0.040238,0.99072,-0.129731,-0.646643,-0.818587,0.006548,-0.007759,-0.040431,0.99915,0.002183,-0.724282,-0.545686,0.013515,-0.017223,-0.007071,0.966389,-0.256409,-0.706618,-0.714683,0.932658,walk
104,0.433333,-0.00498,-0.040182,0.99072,-0.129748,-0.646641,-0.818588,0.00654,-0.007779,-0.040451,0.999149,0.002176,-0.724285,-0.54569,0.01351,-0.016981,-0.007082,0.966563,-0.25577,-0.706707,-0.714565,0.932683,walk
105,0.4375,-0.004967,-0.040183,0.990721,-0.129738,-0.646642,-0.818585,0.006541,-0.007797,-0.040431,0.99915,0.002171,-0.724289,-0.545692,0.01351,-0.016862,-0.007027,0.966702,-0.255251,-0.706754,-0.714474,0.932708,walk
106,0.441667,-0.004975,-0.040112,0.990727,-0.129716,-0.646643,-0.818581,0.006543,-0.007786,-0.040438,0.999149,0.002185,-0.724291,-0.545692,0.013506,-0.016634,-0.007324,0.966858,-0.254668,-0.706851,-0.714398,0.932699,walk
107,0.445833,-0.005023,-0.040037,0.99073,-0.129713,-0.646644,-0.818575,0.006544,-0.007784,-0.040422,0.99915,0.002159,-0.724298,-0.545695,0.013513,-0.016535,-0.007413,0.967032,-0.254007,-0.706947,-0.714328,0.932654,walk
108,0.45,-0.004995,-0.04006,0.990731,-0.129703,-0.646641,-0.818573,0.00654,-0.007784,-0.040403,0.999151,0.002184,-0.724304,-0.545695,0.013515,-0.016674,-0.007469,0.967186,-0.253412,-0.706945,-0.714196,0.932636,walk
109,0.454167,-0.005001,-0.039985,0.990737,-0.129677,-0.646645,-0.818562,0.00654,-0.007843,-0.040415,0.99915,0.002145,-0.724309,-0.545696,0.01351,-0.016677,-0.00744,0.967349,-0.25279,-0.707021,-0.714062,0.932645,walk
110,0.458333,-0.004957,-0.039999,0.990739,-0.129657,-0.646645,-0.818563,0.00654,-0.007841,-0.040445,0.999149,0.002158,-0.724307,-0.545694,0.013509,-0.016616,-0.00743,0.967494,-0.252237,-0.707025,-0.713945,0.932645,walk
111,0.4625,-0.004974,-0.039967,0.99074,-0.129665,-0.646644,-0.818554,0.006544,-0.007858,-0.040432,0.999149,0.002182,-0.724312,-0.545696,0.013505,-0.016328,-0.007459,0.967652,-0.251651,-0.707086,-0.713803,0.932707,walk
112,0.466667,-0.004982,-0.039905,0.990742,-0.129667,-0.646645,-0.818554,0.006547,-0.007848,-0.040449,0.999148,0.002193,-0.724315,-0.545697,0.01351,-0.016262,-0.007502,0.96778,-0.251161,-0.707106,-0.713699,0.932714,walk
113,0.470833,-0.005029,-0.039807,0.990748,-0.129646,-0.646649,-0.818556,0.00654,-0.007853,-0.040453,0.999148,0.002182,-0.724317,-0.545696,0.013506,-0.016238,-0.007543,0.96791,-0.250658,-0.707134,-0.713591,0.932707,walk
114,0.475,-0.005027,-0.03978,0.990753,-0.129616,-0.646645,-0.81854,0.00654,-0.007859,-0.040413,0.99915,0.002191,-0.72432,-0.545699,0.013511,-0.014079,-0.005209,0.968344,-0.24917,-0.707578,-0.713543,0.933263,walk
115,0.479167,-0.004983,-0.039775,0.990754,-0.129616,-0.646652,-0.818538,0.006545,-0.00785,-0.040409,0.99915,0.002186,-0.724319,-0.5457,0.013507,-0.013944,-0.005214,0.968539,-0.248417,-0.707682,-0.713453,0.933253,walk
116,0.483333,-0.005032,-0.039705,0.990757,-0.129614,-0.646652,-0.818539,0.006541,-0.007881,-0.040454,0.999148,0.00219,-0.724322,-0.545698,0.013502,-0.01391,-0.005118,0.968721,-0.247709,-0.707736,-0.713327,0.933262,walk
117,0.4875,-0.005074,-0.039683,0.990757,-0.129619,-0.646648,-0.818534,0.006542,-0.007874,-0.04048,0.999147,0.002198,-0.724321,-0.545699,0.013503,-0.013791,-0.004801,0.968888,-0.247068,-0.707786,-0.713216,0.933307,walk
118,0.491667,-0.005056,-0.039594,0.990762,-0.129605,-0.646649,-0.818529,0.006536,-0.007859,-0.04039,0.999151,0.002217,-0.724324,-0.545703,0.013503,-0.013687,-0.004656,0.969052,-0.246434,-0.707834,-0.713136,0.933322,walk
119,0.495833,-0.0051,-0.039575,0.990766,-0.129576,-0.646647,-0.818525,0.006537,-0.007883,-0.04043,0.999149,0.002205,-0.724321,-0.545701,0.013499,-0.013471,-0.004529,0.96922,-0.245785,-0.707886,-0.71302,0.933356,walk
120,0.5,-0.005124,-0.039516,0.990769,-0.129572,-0.646649,-0.818526,0.006536,-0.00789,-0.040436,0.999149,0.002231,-0.724323,-0.545706,0.013502,-0.013387,-0.004621,0.969356,-0.24525,-0.707878,-0.712879,0.93339,walk
121,0.504167,-0.005173,-0.039468,0.990772,-0.129563,-0.646651,-0.818517,0.006537,-0.007881,-0.040403,0.99915,0.002241,-0.724326,-0.545707,0.013502,-0.013376,-0.004939,0.969496,-0.244691,-0.707899,-0.712751,0.933316,walk
122,0.508333,-0.005197,-0.039422,0.990772,-0.129574,-0.646653,-0.818517,0.006537,-0.007912,-0.040437,0.999148,0.002232,-0.724325,-0.5457,0.013502,-0.013824,-0.005532,0.969566,-0.244376,-0.707831,-0.712573,0.933233,walk
123,0.5125,-0.0052,-0.039394,0.990776,-0.129555,-0.646656,-0.818516,0.006536,-0.007893,-0.040379,0.999151,0.002255,-0.724325,-0.54571,0.013502,-0.014211,-0.006425,0.969622,-0.244109,-0.70772,-0.712478,0.933016,walk
124,0.516667,-0.005236,-0.039378,0.990782,-0.129509,-0.646663,-0.818508,0.006539,-0.007892,-0.040441,0.999148,0.002235,-0.724325,-0.545704,0.013503,-0.014753,-0.007632,0.969597,-0.244141,-0.707483,-0.712256,0.93284,walk
125,0.520833,-0.005222,-0.039344,0.990785,-0.129501,-0.646667,-0.818507,0.00654,-0.007901,-0.040398,0.99915,0.002258,-0.724325,-0.545707,0.0135,-0.015212,-0.008397,0.969624,-0.243981,-0.707293,-0.711913,0.932694,walk
126,0.525,-0.005261,-0.039288,0.990784,-0.129524,-0.646671,-0.818507,0.006539,-0.007907,-0.04036,0.999151,0.002255,-0.724329,-0.545705,0.013504,-0.01536,-0.00883,0.969695,-0.243675,-0.707147,-0.711661,0.932603,walk
127,0.529167,-0.005324,-0.039256,0.990787,-0.129508,-0.646675,-0.818508,0.006536,-0.007925,-0.040372,0.999151,0.002244,-0.724329,-0.545704,0.013502,-0.015274,-0.009061,0.969778,-0.24334,-0.707097,-0.711481,0.932577,walk
128,0.533333,-0.005349,-0.039267,0.990791,-0.129472,-0.646677,-0.818505,0.006534,-0.007924,-0.040315,0.999153,0.002261,-0.724331,-0.545708,0.013504,-0.015033,-0.009203,0.969873,-0.242972,-0.707079,-0.711345,0.932576,walk
129,0.5375,-0.005414,-0.039213,0.990791,-0.129481,-0.646683,-0.818505,0.006537,-0.007921,-0.040304,0.999154,0.002242,-0.724334,-0.545711,0.013508,-0.014954,-0.009286,0.969957,-0.242639,-0.707052,-0.711283,0.932562,walk
130,0.541667,-0.005487,-0.039167,0.990797,-0.129448,-0.646687,-0.8185,0.00654,-0.007929,-0.040303,0.999154,0.002242,-0.724337,-0.545712,0.013512,-0.014682,-0.009165,0.970082,-0.242159,-0.707095,-0.711206,0.932595,walk
131,0.545833,-0.005528,-0.039147,0.990799,-0.129435,-0.646692,-0.8185,0.006542,-0.007933,-0.040317,0.999153,0.002227,-0.724333,-0.545711,0.013505,-0.012231,-0.006547,0.970522,-0.240612,-0.707633,-0.711389,0.933197,walk
132,0.55,-0.005583,-0.039094,0.990803,-0.129418,-0.646696,-0.818503,0.006543,-0.007901,-0.040341,0.999152,0.00223,-0.724336,-0.545712,0.013509,-0.012333,-0.00632,0.970702,-0.239886,-0.707677,-0.711229,0.93322,walk
133,0.554167,-0.005647,-0.039086,0.990805,-0.129405,-0.646704,-0.818497,0.006553,-0.007928,-0.040329,0.999153,0.002209,-0.724339,-0.545713,0.013513,-0.012268,-0.006034,0.970852,-0.239288,-0.707707,-0.711127,0.933271,walk
134,0.558333,-0.005678,-0.039119,0.990804,-0.129405,-0.646714,-0.818499,0.006553,-0.007925,-0.040271,0.999155,0.00222,-0.724342,-0.545715,0.013516,-0.012233,-0.005567,0.970996,-0.238716,-0.707708,-0.711013,0.933373,walk
135,0.5625,-0.005746,-0.039174,0.990803,-0.129389,-0.646713,-0.818502,0.006556,-0.007907,-0.040226,0.999157,0.002221,-0.724341,-0.545717,0.013515,-0.012113,-0.005283,0.971142,-0.238136,-0.707739,-0.710942,0.933421,walk
136,0.566667,-0.005897,-0.039036,0.99081,-0.129375,-0.646723,-0.818506,0.006565,-0.00793,-0.040289,0.999154,0.002212,-0.724343,-0.545723,0.013516,-0.012082,-0.005102,0.971259,-0.237665,-0.707719,-0.710845,0.933453,walk
137,0.570833,-0.005942,-0.039051,0.990808,-0.129379,-0.646725,-0.818512,0.006567,-0.007932,-0.040253,0.999156,0.002195,-0.724342,-0.545724,0.01352,-0.011648,-0.005172,0.971395,-0.237125,-0.707731,-0.710692,0.933482,walk
138,0.575,-0.00601,-0.039015,0.990809,-0.129383,-0.646736,-0.818505,0.00657,-0.007921,-0.040182,0.999159,0.002196,-0.724348,-0.545724,0.013521,-0.011689,-0.005227,0.971495,-0.236713,-0.707664,-0.710553,0.933471,walk
139,0.579167,-0.006101,-0.039043,0.990809,-0.12937,-0.646743,-0.818507,0.006575,-0.008028,-0.040251,0.999155,0.002209,-0.724337,-0.545723,0.013502,-0.011792,-0.005232,0.971566,-0.236416,-0.707577,-0.710411,0.933446,walk
140,0.583333,-0.006144,-0.039175,0.990803,-0.129375,-0.646751,-0.818508,0.006584,-0.008002,-0.040189,0.999158,0.002193,-0.724338,-0.545724,0.013502,-0.011758,-0.005253,0.971628,-0.236165,-0.707495,-0.710276,0.933457,walk
141,0.5875,-0.006231,-0.039123,0.990806,-0.129357,-0.646756,-0.818517,0.006591,-0.008023,-0.040199,0.999157,0.002177,-0.724338,-0.545727,0.013505,-0.011683,-0.005402,0.971686,-0.235927,-0.707412,-0.710133,0.933441,walk
142,0.591667,-0.006424,-0.039104,0.990803,-0.129382,-0.646762,-0.818517,0.006595,-0.008011,-0.040221,0.999156,0.002173,-0.724341,-0.54573,0.013508,-0.01171,-0.005535,0.971752,-0.23565,-0.707283,-0.709983,0.933431,walk
143,0.595833,-0.00653,-0.039102,0.990801,-0.129387,-0.646776,-0.81852,0.006605,-0.008026,-0.040136,0.99916,0.002157,-0.724348,-0.545739,0.01351,-0.011587,-0.005776,0.971828,-0.235335,-0.7072,-0.709838,0.933405,walk
144,0.6,-0.006644,-0.039207,0.990795,-0.129395,-0.646792,-0.818527,0.006612,-0.008061,-0.040239,0.999155,0.002147,-0.724347,-0.545738,0.013513,-0.011625,-0.005771,0.97189,-0.235077,-0.707076,-0.709666,0.933448,walk
145,0.604167,-0.00682,-0.039306,0.990785,-0.129435,-0.646801,-0.818536,0.00662,-0.008052,-0.040159,0.999159,0.002153,-0.724355,-0.545743,0.013515,-0.011369,-0.006024,0.971973,-0.234741,-0.706977,-0.709504,0.933479,walk
146,0.608333,-0.007006,-0.039248,0.990786,-0.129434,-0.646817,-0.81854,0.006636,-0.008112,-0.040163,0.999158,0.00211,-0.72436,-0.545747,0.013521,-0.011261,-0.006002,0.972054,-0.23441,-0.706866,-0.709336,0.933535,walk
147,0.6125,-0.007197,-0.039204,0.990788,-0.129424,-0.646812,-0.818536,0.006634,-0.008083,-0.040132,0.999159,0.002142,-0.724362,-0.545761,0.013523,-0.011194,-0.005889,0.972124,-0.234126,-0.70675,-0.709194,0.933575,walk
148,0.616667,-0.007305,-0.039543,0.990754,-0.129573,-0.646853,-0.818544,0.006669,-0.008114,-0.040207,0.999156,0.002098,-0.72437,-0.545766,0.013525,-0.011126,-0.005879,0.972199,-0.233817,-0.706634,-0.709044,0.93361,walk
149,0.620833,-0.007523,-0.039534,0.99075,-0.129596,-0.646845,-0.818556,0.006666,-0.008152,-0.040201,0.999156,0.002122,-0.724371,-0.545772,0.01353,-0.011105,-0.005749,0.972261,-0.233565,-0.706492,-0.708874,0.933681,walk
150,0.625,-0.00776,-0.039684,0.990734,-0.129661,-0.646861,-0.818564,0.00668,-0.008151,-0.040188,0.999157,0.002127,-0.724385,-0.545782,0.013539,-0.011146,-0.005693,0.972324,-0.233301,-0.706353,-0.708714,0.933722,walk
151,0.629167,-0.007993,-0.039704,0.990725,-0.129708,-0.646882,-0.818578,0.006702,-0.00816,-0.040205,0.999156,0.00211,-0.724386,-0.545785,0.01354,-0.011421,-0.005652,0.972392,-0.233005,-0.706146,-0.708505,0.933749,walk
152,0.633333,-0.008219,-0.039891,0.990704,-0.129793,-0.646901,-0.818589,0.006718,-0.008196,-0.040187,0.999156,0.002099,-0.724399,-0.545798,0.013547,-0.011584,-0.00565,0.972433,-0.232824,-0.705956,-0.708328,0.933785,walk
153,0.6375,-0.008514,-0.040097,0.990678,-0.129913,-0.646923,-0.818602,0.006732,-0.008216,-0.040156,0.999157,0.002129,-0.724407,-0.545811,0.013554,-0.011241,-0.006055,0.972522,-0.23246,-0.705836,-0.708195,0.933783,walk
154,0.641667,-0.008716,-0.0401,0.990668,-0.129971,-0.646952,-0.818612,0.006768,-0.008269,-0.040161,0.999157,0.002116,-0.724421,-0.545816,0.013565,-0.01187,-0.006756,0.972571,-0.232207,-0.705567,-0.707886,0.933716,walk
155,0.645833,-0.009045,-0.040252,0.990644,-0.130087,-0.646965,-0.818626,0.006779,-0.008313,-0.040186,0.999155,0.002139,-0.724426,-0.545826,0.01357,-0.01241,-0.007516,0.972567,-0.232172,-0.705269,-0.707714,0.933577,walk
156,0.65,-0.009289,-0.040339,0.990627,-0.130169,-0.646993,-0.81864,0.006821,-0.008325,-0.040191,0.999155,0.002162,-0.724437,-0.545835,0.013583,-0.013187,-0.008423,0.972509,-0.23234,-0.704819,-0.707347,0.933508,walk
157,0.654167,-0.009573,-0.040504,0.990605,-0.13027,-0.647021,-0.818651,0.006849,-0.008376,-0.040193,0.999155,0.002126,-0.724448,-0.545844,0.013586,-0.013687,-0.009308,0.972469,-0.232443,-0.704401,-0.706925,0.933454,walk
158,0.658333,-0.010027,-0.040553,0.990589,-0.130336,-0.64704,-0.818666,0.006864,-0.008356,-0.039933,0.999165,0.002176,-0.724476,-0.545866,0.013605,-0.013837,-0.00952,0.972461,-0.232462,-0.704047,-0.706572,0.933535,walk
159,0.6625,-0.010399,-0.04066,0.99057,-0.130422,-0.64706,-0.818683,0.006897,-0.008371,-0.039838,0.999169,0.00219,-0.724487,-0.545875,0.013616,-0.013666,-0.009467,0.972481,-0.232389,-0.703732,-0.706247,0.93364,walk
160,0.666667,-0.010635,-0.040871,0.990542,-0.13055,-0.64711,-0.818708,0.006943,-0.008468,-0.040087,0.999158,0.002143,-0.724487,-0.545867,0.013619,-0.014045,-0.009752,0.972481,-0.232354,-0.703335,-0.70596,0.933635,walk
161,0.670833,-0.01097,-0.04101,0.990529,-0.130573,-0.64713,-0.818734,0.006972,-0.008464,-0.039833,0.999168,0.002173,-0.724514,-0.545887,0.013637,-0.014225,-0.009953,0.972495,-0.232274,-0.703045,-0.705701,0.933678,walk
162,0.675,-0.011345,-0.041089,0.990524,-0.130555,-0.647148,-0.818758,0.007003,-0.008515,-0.039761,0.999171,0.002198,-0.724527,-0.545897,0.013649,-0.013983,-0.010082,0.972566,-0.23199,-0.702835,-0.705475,0.933761,walk
163,0.679167,-0.011573,-0.041316,0.990514,-0.13054,-0.647165,-0.818796,0.007023,-0.008538,-0.039687,0.999173,0.002188,-0.72454,-0.545907,0.013656,-0.013543,-0.009845,0.972648,-0.231678,-0.702631,-0.705232,0.933921,walk
164,0.683333,-0.0119,-0.04166,0.990503,-0.130487,-0.647186,-0.81884,0.007053,-0.008567,-0.039605,0.999176,0.002185,-0.724557,-0.545911,0.013668,-0.013554,-0.009591,0.972706,-0.231445,-0.702329,-0.704993,0.934023,walk
165,0.6875,-0.012149,-0.04212,0.990494,-0.130384,-0.647202,-0.818884,0.007084,-0.008608,-0.039507,0.99918,0.002145,-0.724571,-0.545918,0.013681,-0.013373,-0.009194,0.972813,-0.231024,-0.7021,-0.704666,0.93417,walk
166,0.691667,-0.012447,-0.042411,0.990489,-0.130299,-0.647223,-0.818931,0.007108,-0.008659,-0.0394,0.999184,0.002123,-0.724591,-0.545921,0.013694,-0.013468,-0.009001,0.972852,-0.230859,-0.701729,-0.704369,0.934301,walk
167,0.695833,-0.012738,-0.042925,0.990471,-0.13024,-0.647237,-0.818983,0.007138,-0.008673,-0.039298,0.999188,0.002119,-0.724601,-0.545924,0.0137,-0.013526,-0.00913,0.972917,-0.230578,-0.701371,-0.703995,0.934414,walk
168,0.7,-0.013038,-0.043325,0.990459,-0.130171,-0.647263,-0.81903,0.007177,-0.008701,-0.03928,0.999188,0.002083,-0.724612,-0.545918,0.013709,-0.012117,-0.007485,0.973072,-0.23006,-0.701163,-0.703563,0.934985,walk
169,0.704167,-0.013463,-0.043549,0.990447,-0.130146,-0.647286,-0.81907,0.007223,-0.008695,-0.03918,0.999192,0.00206,-0.724627,-0.545919,0.013712,-0.011617,-0.007279,0.973173,-0.229665,-0.700864,-0.703137,0.93512,walk
170,0.708333,-0.013876,-0.043765,0.990439,-0.130085,-0.647316,-0.819102,0.007266,-0.008729,-0.039124,0.999194,0.002026,-0.724638,-0.545913,0.013718,-0.012142,-0.007356,0.973186,-0.229583,-0.70036,-0.702697,0.935209,walk
171,0.7125,-0.014357,-0.043847,0.990428,-0.130091,-0.64735,-0.819135,0.00731,-0.008759,-0.038988,0.999199,0.001993,-0.724651,-0.545914,0.013728,-0.012297,-0.00749,0.973204,-0.229494,-0.699933,-0.702329,0.935265,walk
172,0.716667,-0.014893,-0.043936,0.990424,-0.13003,-0.647394,-0.819152,0.007367,-0.008788,-0.038912,0.999202,0.001911,-0.724668,-0.545912,0.013735,-0.012305,-0.007648,0.973201,-0.2295,-0.699462,-0.70196,0.935329,walk
173,0.720833,-0.015413,-0.043989,0.990416,-0.130015,-0.647442,-0.819167,0.007423,-0.008795,-0.038862,0.999204,0.001846,-0.724672,-0.54591,0.013743,-0.012878,-0.008636,0.973196,-0.229453,-0.698997,-0.701533,0.935174,walk
174,0.725,-0.015846,-0.044237,0.9904,-0.130003,-0.647485,-0.819198,0.007474,-0.008791,-0.03869,0.999211,0.001788,-0.724691,-0.54591,0.013747,-0.014247,-0.010077,0.973024,-0.230044,-0.698227,-0.701047,0.934977,walk
175,0.729167,-0.01638,-0.044356,0.99038,-0.130044,-0.647534,-0.819221,0.007532,-0.008787,-0.038595,0.999215,0.001728,-0.724701,-0.545904,0.013753,-0.015566,-0.011614,0.97284,-0.230661,-0.697301,-0.700231,0.934846,walk
176,0.733333,-0.016891,-0.044452,0.990358,-0.130115,-0.647584,-0.819233,0.007594,-0.008794,-0.038472,0.99922,0.001648,-0.72471,-0.545906,0.013765,-0.015717,-0.011764,0.97283,-0.230685,-0.696713,-0.699568,0.93497,walk
177,0.7375,-0.017405,-0.044562,0.990327,-0.130248,-0.647638,-0.81924,0.00766,-0.008789,-0.038417,0.999222,0.001576,-0.724715,-0.545903,0.013762,-0.015858,-0.012091,0.972788,-0.230836,-0.696134,-0.699043,0.93504,walk
178,0.741667,-0.017846,-0.044812,0.99029,-0.130377,-0.647687,-0.819245,0.007742,-0.00882,-0.038365,0.999224,0.001527,-0.724721,-0.545902,0.013771,-0.016139,-0.012274,0.972726,-0.23107,-0.6955,-0.698526,0.93507,walk
179,0.745833,-0.018244,-0.045114,0.99025,-0.130525,-0.647739,-0.819258,0.007816,-0.0088,-0.038346,0.999225,0.001447,-0.724731,-0.545897,0.013776,-0.016284,-0.0124,0.972655,-0.231353,-0.694878,-0.698018,0.935173,walk
180,0.75,-0.018588,-0.04553,0.990202,-0.130699,-0.647783,-0.819279,0.007878,-0.008831,-0.038208,0.99923,0.001344,-0.724737,-0.545896,0.013784,-0.016517,-0.01279,0.972621,-0.231457,-0.694312,-0.697539,0.935276,walk
181,0.754167,-0.019067,-0.04573,0.990161,-0.130871,-0.647841,-0.819273,0.007954,-0.00885,-0.038101,0.999234,0.001243,-0.724744,-0.545897,0.013784,-0.016082,-0.012277,0.972652,-0.231385,-0.693915,-0.697165,0.935469,walk
182,0.758333,-0.019465,-0.04611,0.990105,-0.131096,-0.647895,-0.819276,0.00803,-0.008879,-0.038025,0.999237,0.001183,-0.724756,-0.545893,0.013793,-0.015961,-0.011468,0.972674,-0.231342,-0.693344,-0.696718,0.935704,walk
183,0.7625,-0.019932,-0.046373,0.990061,-0.131269,-0.64795,-0.819275,0.008107,-0.008909,-0.037831,0.999244,0.001204,-0.724781,-0.545901,0.01381,-0.015878,-0.011037,0.972708,-0.231224,-0.692804,-0.69616,0.935946,walk
184,0.766667,-0.020339,-0.046734,0.990001,-0.131531,-0.648009,-0.819276,0.00818,-0.008951,-0.037747,0.999247,0.001108,-0.724787,-0.545902,0.013816,-0.016216,-0.010706,0.972725,-0.231144,-0.692251,-0.695609,0.936112,walk
185,0.770833,-0.020627,-0.047245,0.989929,-0.131848,-0.648074,-0.819281,0.008249,-0.008914,-0.037651,0.999251,0.001025,-0.724797,-0.545909,0.013826,-0.016498,-0.010505,0.972754,-0.231013,-0.691629,-0.695048,0.936238,walk
186,0.775,-0.020684,-0.047986,0.989834,-0.13228,-0.648152,-0.819288,0.008327,-0.008962,-0.037595,0.999253,0.000928,-0.724805,-0.545916,0.013831,-0.016659,-0.010013,0.972698,-0.231258,-0.690908,-0.694462,0.936452,walk
187,0.779167,-0.020805,-0.048568,0.989745,-0.132712,-0.648221,-0.819275,0.008386,-0.009027,-0.037555,0.999253,0.00083,-0.724813,-0.545917,0.01384,-0.017085,-0.010196,0.972622,-0.231541,-0.690228,-0.693849,0.936588,walk
188,0.783333,-0.02109,-0.049091,0.989666,-0.133065,-0.648282,-0.819268,0.008456,-0.009009,-0.037501,0.999256,0.000733,-0.724822,-0.545923,0.013846,-0.017554,-0.010116,0.972574,-0.231711,-0.689512,-0.693228,0.936673,walk
189,0.7875,-0.021558,-0.049425,0.989616,-0.133236,-0.648326,-0.819265,0.008548,-0.009005,-0.037407,0.999259,0.000659,-0.724835,-0.545926,0.013852,-0.01776,-0.010053,0.972537,-0.231852,-0.688762,-0.692607,0.936786,walk
190,0.791667,-0.022063,-0.049775,0.98957,-0.133364,-0.648376,-0.819275,0.00865,-0.009035,-0.037359,0.999261,0.000522,-0.724846,-0.545928,0.01386,-0.018472,-0.010551,0.972437,-0.232193,-0.687954,-0.691933,0.936865,walk
191,0.795833,-0.022009,-0.050701,0.989524,-0.133371,-0.648381,-0.81931,0.008777,-0.009022,-0.037274,0.999264,0.000432,-0.724858,-0.545929,0.013867,-0.01929,-0.010635,0.972385,-0.232341,-0.68715,-0.691259,0.936908,walk
192,0.8,-0.022362,-0.051195,0.989473,-0.133501,-0.648421,-0.819327,0.008869,-0.009019,-0.03715,0.999269,0.000299,-0.724865,-0.545928,0.013877,-0.019762,-0.010472,0.972337,-0.232511,-0.686315,-0.690544,0.937079,walk
193,0.804167,-0.022629,-0.051603,0.989434,-0.133588,-0.648466,-0.819331,0.008956,-0.009044,-0.037077,0.999271,0.000204,-0.724872,-0.545919,0.013882,-0.020049,-0.010828,0.972238,-0.232881,-0.685517,-0.689842,0.937181,walk
194,0.808333,-0.02317,-0.051762,0.989402,-0.133667,-0.64851,-0.819349,0.009058,-0.009002,-0.036993,0.999275,9.2e-05,-0.724878,-0.545919,0.013882,-0.020551,-0.010616,0.972169,-0.233136,-0.68467,-0.689113,0.937329,walk
195,0.8125,-0.02373,-0.051972,0.989352,-0.133861,-0.64859,-0.819377,0.009159,-0.009015,-0.036885,0.999279,-3.6e-05,-0.724887,-0.54592,0.013884,-0.021233,-0.010591,0.972119,-0.233284,-0.683815,-0.688394,0.937468,walk
196,0.816667,-0.024136,-0.052264,0.989325,-0.133873,-0.648632,-0.819386,0.009259,-0.008984,-0.036743,0.999284,-0.000203,-0.724891,-0.545917,0.01389,-0.021823,-0.010764,0.972066,-0.233442,-0.682971,-0.687664,0.937572,walk
197,0.820833,-0.024632,-0.052476,0.989301,-0.133878,-0.648674,-0.819382,0.009348,-0.008957,-0.036657,0.999288,-0.000331,-0.7249,-0.54591,0.013892,-0.02245,-0.010689,0.971974,-0.23377,-0.682067,-0.686922,0.937777,walk
198,0.825,-0.024981,-0.052907,0.989262,-0.133931,-0.648714,-0.819401,0.009447,-0.008914,-0.03652,0.999293,-0.000467,-0.724901,-0.545908,0.013899,-0.022819,-0.010798,0.971944,-0.233854,-0.681251,-0.686222,0.937922,walk
199,0.829167,-0.025326,-0.05336,0.989224,-0.13397,-0.648748,-0.819421,0.009548,-0.008903,-0.036449,0.999296,-0.000589,-0.724901,-0.545907,0.013893,-0.023168,-0.010605,0.971868,-0.234142,-0.680355,-0.685489,0.938094,walk
200,0.833333,-0.025654,-0.053871,0.989183,-0.134,-0.648779,-0.819448,0.009647,-0.008852,-0.03639,0.999298,-0.000717,-0.724907,-0.545902,0.013896,-0.024017,-0.010537,0.971795,-0.234363,-0.67944,-0.684699,0.938273,walk
201,0.8375,-0.025959,-0.05439,0.989146,-0.134006,-0.648813,-0.819474,0.009753,-0.008852,-0.03631,0.999301,-0.000882,-0.724912,-0.545899,0.013899,-0.024715,-0.010503,0.971733,-0.23455,-0.67859,-0.683944,0.938419,walk
202,0.841667,-0.026318,-0.054915,0.989106,-0.134019,-0.648847,-0.819494,0.00986,-0.008866,-0.036251,0.999303,-0.000988,-0.724916,-0.545897,0.013898,-0.025298,-0.010292,0.971642,-0.234874,-0.677617,-0.683174,0.938669,walk
203,0.845833,-0.026647,-0.055483,0.989056,-0.134088,-0.648879,-0.81952,0.009968,-0.008882,-0.036145,0.999306,-0.001218,-0.724907,-0.545921,0.013892,-0.026039,-0.010296,0.9716,-0.234969,-0.676712,-0.682412,0.938776,walk
204,0.85,-0.026889,-0.056013,0.989011,-0.134149,-0.648913,-0.819539,0.010077,-0.008787,-0.03618,0.999306,-0.001432,-0.724904,-0.545912,0.013886,-0.026432,-0.009827,0.97154,-0.235191,-0.675739,-0.681627,0.939024,walk
205,0.854167,-0.027143,-0.056516,0.988966,-0.134225,-0.648942,-0.819571,0.010166,-0.008729,-0.036198,0.999306,-0.00146,-0.724913,-0.545875,0.013894,-0.027466,-0.009593,0.971425,-0.235555,-0.6748,-0.680789,0.939211,walk
206,0.858333,-0.027369,-0.057207,0.988912,-0.134281,-0.648975,-0.819599,0.010259,-0.008685,-0.036038,0.999311,-0.001614,-0.724906,-0.545896,0.013878,-0.028367,-0.009741,0.971346,-0.235769,-0.673812,-0.67998,0.939336,walk
207,0.8625,-0.02763,-0.057708,0.988868,-0.134339,-0.649008,-0.81963,0.010359,-0.008671,-0.035889,0.999317,-0.001623,-0.724915,-0.545848,0.01389,-0.028949,-0.009616,0.971262,-0.23605,-0.672801,-0.679168,0.939504,walk
208,0.866667,-0.027776,-0.058517,0.98881,-0.134387,-0.649032,-0.819648,0.010469,-0.008591,-0.035735,0.999323,-0.001696,-0.724923,-0.545825,0.013886,-0.030009,-0.009474,0.971131,-0.236461,-0.671786,-0.678413,0.93965,walk
209,0.870833,-0.027605,-0.059429,0.988747,-0.13448,-0.649083,-0.819669,0.010547,-0.008536,-0.035568,0.999329,-0.001749,-0.724919,-0.545805,0.01388,-0.03033,-0.009376,0.971074,-0.236658,-0.6708,-0.677591,0.939824,walk
210,0.875,-0.027648,-0.060216,0.988691,-0.134534,-0.649104,-0.819705,0.010658,-0.008489,-0.035384,0.999336,-0.001786,-0.724916,-0.545776,0.013878,-0.030945,-0.008942,0.970972,-0.237013,-0.669754,-0.676698,0.940096,walk
211,0.879167,-0.027691,-0.060991,0.98862,-0.134703,-0.649135,-0.819758,0.010774,-0.008456,-0.035177,0.999344,-0.00185,-0.724917,-0.545747,0.013876,-0.031666,-0.009144,0.970866,-0.237347,-0.668775,-0.675991,0.94011,walk
212,0.883333,-0.027929,-0.061472,0.988567,-0.134823,-0.649176,-0.819784,0.010859,-0.00839,-0.034952,0.999352,-0.001902,-0.724919,-0.545711,0.013875,-0.03358,-0.00905,0.970698,-0.237774,-0.667616,-0.674921,0.940286,walk
213,0.8875,-0.028006,-0.062199,0.988484,-0.13508,-0.649222,-0.819845,0.010974,-0.008316,-0.034765,0.999359,-0.001905,-0.724913,-0.545681,0.013867,-0.034845,-0.009291,0.970565,-0.238125,-0.666542,-0.673998,0.94038,walk
214,0.891667,-0.028043,-0.0629,0.988417,-0.135236,-0.649257,-0.819892,0.011078,-0.008222,-0.034533,0.999368,-0.00194,-0.72491,-0.545653,0.013867,-0.036362,-0.009379,0.97032,-0.238892,-0.665407,-0.673088,0.940481,walk
215,0.895833,-0.028266,-0.063415,0.988364,-0.135339,-0.649279,-0.819943,0.011187,-0.008161,-0.034239,0.999379,-0.001969,-0.724909,-0.545615,0.013861,-0.036331,-0.009461,0.970271,-0.239092,-0.664498,-0.672199,0.940513,walk
216,0.9,-0.028255,-0.06407,0.988311,-0.135422,-0.649311,-0.819979,0.011291,-0.008049,-0.034068,0.999385,-0.001983,-0.7249,-0.545582,0.013849,-0.037225,-0.009303,0.970025,-0.239957,-0.663293,-0.671269,0.94076,walk
217,0.904167,-0.028261,-0.064662,0.988264,-0.135479,-0.649318,-0.820008,0.011358,-0.007982,-0.033893,0.999392,-0.002008,-0.724892,-0.545548,0.013844,-0.038863,-0.009548,0.969809,-0.240559,-0.662139,-0.67038,0.940771,walk
218,0.908333,-0.028144,-0.065461,0.988209,-0.135519,-0.649352,-0.820038,0.011465,-0.008143,-0.03388,0.999391,-0.001962,-0.724883,-0.545493,0.013831,-0.039467,-0.009209,0.96968,-0.240996,-0.661024,-0.669454,0.941003,walk
219,0.9125,-0.027927,-0.066155,0.988153,-0.135635,-0.649386,-0.820094,0.011563,-0.008154,-0.033962,0.999388,-0.001805,-0.724864,-0.545427,0.013798,-0.040589,-0.008972,0.969441,-0.241776,-0.659908,-0.668652,0.941078,walk
220,0.916667,-0.027671,-0.067111,0.988064,-0.135867,-0.649425,-0.820141,0.011672,-0.008389,-0.034144,0.99938,-0.001701,-0.724847,-0.545353,0.013765,-0.041406,-0.008659,0.969251,-0.242412,-0.658737,-0.667726,0.941299,walk
221,0.920833,-0.027433,-0.068388,0.987924,-0.136299,-0.649538,-0.820216,0.0118,-0.00903,-0.034916,0.999348,-0.00161,-0.724804,-0.545252,0.013697,-0.042829,-0.008683,0.969019,-0.24309,-0.657561,-0.666854,0.941419,walk
222,0.925,-0.027066,-0.069619,0.987815,-0.136538,-0.649584,-0.820275,0.011911,-0.009619,-0.03564,0.999317,-0.001576,-0.724743,-0.545167,0.013657,-0.04298,-0.007635,0.968894,-0.243596,-0.656464,-0.666084,0.941726,walk
223,0.929167,-0.026433,-0.07067,0.987789,-0.136306,-0.649514,-0.820327,0.012,-0.009545,-0.035406,0.999326,-0.00158,-0.724733,-0.545118,0.013659,-0.044004,-0.007413,0.968787,-0.243845,-0.655501,-0.665267,0.941798,walk
224,0.933333,-0.025993,-0.071868,0.987708,-0.136356,-0.649501,-0.820396,0.012111,-0.009484,-0.034972,0.999342,-0.00153,-0.724745,-0.545086,0.013665,-0.044939,-0.007211,0.968648,-0.244231,-0.654445,-0.664446,0.941978,walk
225,0.9375,-0.025463,-0.073269,0.987602,-0.136476,-0.64951,-0.820491,0.012237,-0.009408,-0.03471,0.999352,-0.001545,-0.724745,-0.545042,0.013669,-0.045378,-0.0064,0.968561,-0.244518,-0.653504,-0.663664,0.942234,walk
226,0.941667,-0.025009,-0.074485,0.987516,-0.136521,-0.649502,-0.820581,0.012348,-0.009333,-0.034437,0.999362,-0.001575,-0.724743,-0.544998,0.013656,-0.046531,-0.00587,0.968412,-0.244906,-0.652424,-0.662848,0.942384,walk
227,0.945833,-0.024452,-0.075762,0.987424,-0.136587,-0.649496,-0.820662,0.012473,-0.009229,-0.034115,0.999374,-0.001565,-0.72474,-0.544964,0.013659,-0.047516,-0.005298,0.968238,-0.245415,-0.651446,-0.66204,0.942555,walk
228,0.95,-0.023743,-0.077178,0.987333,-0.136577,-0.649507,-0.820736,0.012602,-0.009157,-0.033848,0.999384,-0.001594,-0.72474,-0.544924,0.013656,-0.048417,-0.004495,0.968116,-0.245737,-0.650385,-0.661255,0.942723,walk
229,0.954167,-0.022788,-0.079,0.987215,-0.136555,-0.649511,-0.820819,0.012735,-0.009054,-0.03351,0.999396,-0.001601,-0.724733,-0.54489,0.013655,-0.049333,-0.003967,0.967956,-0.246196,-0.649322,-0.660481,0.942903,walk
230,0.958333,-0.021603,-0.081239,0.987066,-0.136506,-0.649479,-0.820904,0.012888,-0.008753,-0.032807,0.999422,-0.001709,-0.724765,-0.544882,0.013657,-0.048736,-0.002365,0.967969,-0.246285,-0.648359,-0.659854,0.943369,walk
231,0.9625,-0.019964,-0.084574,0.986794,-0.136698,-0.649406,-0.82106,0.013107,-0.007959,-0.03159,0.999468,-0.001726,-0.724803,-0.544897,0.013701,-0.049492,-0.001653,0.967828,-0.246691,-0.647429,-0.65914,0.943599,walk
232,0.966667,-0.017923,-0.088045,0.986465,-0.137161,-0.649295,-0.821223,0.013278,-0.007457,-0.03071,0.999499,-0.001849,-0.724821,-0.544889,0.013749,-0.05021,-0.000968,0.967722,-0.246966,-0.646446,-0.658407,0.943755,walk
233,0.970833,-0.015734,-0.091384,0.986159,-0.137446,-0.649139,-0.821389,0.013516,-0.007168,-0.030044,0.999521,-0.001926,-0.724821,-0.544882,0.01377,-0.051234,-0.000618,0.967562,-0.247383,-0.645363,-0.657536,0.943966,walk
234,0.975,-0.013322,-0.094943,0.985839,-0.137588,-0.64891,-0.821587,0.013807,-0.007086,-0.029825,0.999528,-0.001927,-0.724813,-0.544856,0.013767,-0.053055,-0.001029,0.967304,-0.248008,-0.644319,-0.656731,0.943911,walk
235,0.979167,-0.010563,-0.098544,0.985469,-0.137947,-0.648653,-0.821772,0.01411,-0.007136,-0.029772,0.999529,-0.001902,-0.724811,-0.544824,0.01375,-0.052799,0.000179,0.96728,-0.248157,-0.643324,-0.656074,0.944298,walk
236,0.983333,-0.007746,-0.102026,0.985083,-0.138356,-0.648351,-0.821956,0.01442,-0.006852,-0.029189,0.999549,-0.001925,-0.724808,-0.54481,0.013776,-0.054111,0.000499,0.967021,-0.248883,-0.642265,-0.655355,0.944405,walk
237,0.9875,-0.00479,-0.105395,0.984736,-0.138436,-0.647958,-0.822112,0.014714,-0.006861,-0.029179,0.999549,-0.001945,-0.724801,-0.544787,0.01376,-0.054635,0.00079,0.966907,-0.24921,-0.64122,-0.654625,0.944508,walk
238,0.991667,-0.001829,-0.108578,0.984415,-0.138328,-0.647476,-0.822241,0.015032,-0.007023,-0.029352,0.999543,-0.001861,-0.724798,-0.544753,0.013728,-0.05567,0.001261,0.966734,-0.24965,-0.640241,-0.653927,0.944646,walk
239,0.995833,0.000651,-0.111431,0.984187,-0.137692,-0.646865,-0.822233,0.015338,-0.006786,-0.028966,0.999556,-0.001858,-0.724794,-0.544734,0.01374,-0.056228,0.00118,0.966622,-0.249956,-0.639315,-0.653253,0.944705,walk
240,1.0,0.003763,-0.113384,0.984083,-0.136786,-0.646131,-0.822177,0.015649,-0.006826,-0.028971,0.999555,-0.001888,-0.724789,-0.544715,0.013723,-0.056809,0.001684,0.966476,-0.250388,-0.638214,-0.652593,0.944838,walk
241,1.004167,0.006767,-0.115552,0.983915,-0.136062,-0.645141,-0.822097,0.015956,-0.007053,-0.029222,0.999546,-0.001821,-0.724785,-0.544678,0.01369,-0.057503,0.001479,0.96636,-0.250679,-0.637323,-0.651943,0.944806,walk
242,1.008333,0.010325,-0.116444,0.983875,-0.135366,-0.643922,-0.82189,0.01633,-0.00781,-0.03025,0.99951,-0.001664,-0.724747,-0.544611,0.013598,-0.058548,0.001179,0.966175,-0.251149,-0.636254,-0.651196,0.944853,walk
243,1.0125,0.01324,-0.116873,0.983937,-0.134292,-0.642456,-0.821617,0.016819,-0.008201,-0.030609,0.999496,-0.001634,-0.724706,-0.544553,0.013582,-0.058899,0.001218,0.96606,-0.251509,-0.635297,-0.650595,0.944855,walk
244,1.016667,0.017558,-0.117284,0.983881,-0.133844,-0.640762,-0.821357,0.017424,-0.008144,-0.030521,0.9995,-0.001597,-0.72471,-0.544534,0.013576,-0.059859,0.001208,0.965875,-0.251995,-0.634221,-0.649987,0.944812,walk
245,1.020833,0.021609,-0.117018,0.983843,-0.133767,-0.638726,-0.821001,0.017987,-0.008064,-0.03036,0.999505,-0.001601,-0.724709,-0.544521,0.013573,-0.06025,0.000977,0.965731,-0.252454,-0.633167,-0.649382,0.944824,walk
246,1.025,0.025338,-0.115902,0.983872,-0.133871,-0.636466,-0.82061,0.018569,-0.008049,-0.03028,0.999508,-0.001636,-0.724709,-0.54451,0.013568,-0.06016,0.000592,0.965693,-0.252621,-0.632274,-0.648819,0.944783,walk
247,1.029167,0.028922,-0.114637,0.983835,-0.134504,-0.633917,-0.820063,0.0191,-0.007994,-0.030163,0.999512,-0.001624,-0.724714,-0.544498,0.013564,-0.061078,0.000745,0.965489,-0.253179,-0.631144,-0.648287,0.94471,walk
248,1.033333,0.03149,-0.114099,0.983712,-0.135279,-0.630954,-0.819542,0.01966,-0.00799,-0.030069,0.999515,-0.001607,-0.724717,-0.54449,0.013558,-0.06089,0.000522,0.965458,-0.253345,-0.630236,-0.647723,0.944705,walk
249,1.0375,0.034459,-0.112565,0.983536,-0.137111,-0.627755,-0.81892,0.020128,-0.007955,-0.029963,0.999518,-0.001622,-0.724719,-0.544484,0.01356,-0.06146,0.000756,0.965296,-0.253822,-0.62913,-0.647197,0.944668,walk
250,1.041667,0.036885,-0.111344,0.983415,-0.138334,-0.624227,-0.818281,0.020621,-0.00793,-0.029899,0.99952,-0.001614,-0.724724,-0.544482,0.013562,-0.061499,0.0009,0.965192,-0.254206,-0.628081,-0.6467,0.944688,walk
251,1.045833,0.0388,-0.109245,0.983314,-0.140191,-0.620432,-0.817537,0.021155,-0.007904,-0.029877,0.999521,-0.001612,-0.724729,-0.544475,0.013567,-0.061695,0.000693,0.965117,-0.254447,-0.627069,-0.646201,0.944586,walk
252,1.05,0.040716,-0.107131,0.98329,-0.141444,-0.616308,-0.816735,0.021503,-0.007895,-0.029859,0.999522,-0.001621,-0.724734,-0.544472,0.013566,-0.061104,0.000414,0.965102,-0.254645,-0.626164,-0.645762,0.944589,walk
253,1.054167,0.042663,-0.105637,0.983048,-0.143654,-0.611947,-0.815855,0.021985,-0.007864,-0.029793,0.999524,-0.001621,-0.724736,-0.544468,0.01357,-0.061324,0.000364,0.965,-0.254979,-0.625108,-0.645274,0.944509,walk
254,1.058333,0.043665,-0.103617,0.982857,-0.146114,-0.607297,-0.81488,0.022457,-0.007851,-0.029741,0.999526,-0.001639,-0.724748,-0.544473,0.01358,-0.061739,0.000489,0.964842,-0.255477,-0.623984,-0.644842,0.944404,walk
255,1.0625,0.044652,-0.102242,0.982548,-0.148836,-0.602414,-0.813866,0.022904,-0.007867,-0.029788,0.999524,-0.001668,-0.724753,-0.544475,0.013573,-0.061452,0.000336,0.964817,-0.255639,-0.623045,-0.644383,0.944353,walk
256,1.066667,0.044802,-0.100622,0.982239,-0.151903,-0.597341,-0.812776,0.023353,-0.007871,-0.029823,0.999523,-0.001686,-0.724757,-0.544482,0.013583,-0.061505,0.000522,0.964676,-0.256156,-0.621872,-0.643895,0.944377,walk
257,1.070833,0.045114,-0.099328,0.981861,-0.155072,-0.592064,-0.811572,0.023825,-0.007879,-0.029785,0.999524,-0.001697,-0.724766,-0.544486,0.013584,-0.061469,0.001137,0.964597,-0.256462,-0.620785,-0.643534,0.944407,walk
258,1.075,0.044692,-0.097579,0.981479,-0.158684,-0.586629,-0.810257,0.024302,-0.007873,-0.029795,0.999524,-0.001697,-0.724781,-0.544492,0.013587,-0.061533,0.000985,0.96449,-0.256851,-0.619725,-0.643066,0.9443,walk
259,1.079167,0.044587,-0.096464,0.981002,-0.1623,-0.580977,-0.808802,0.024731,-0.007898,-0.029831,0.999522,-0.001735,-0.724791,-0.544494,0.013595,-0.061614,0.000328,0.964369,-0.257286,-0.618512,-0.642598,0.94409,walk
260,1.083333,0.0429,-0.095384,0.980598,-0.165801,-0.575213,-0.807342,0.02521,-0.007893,-0.029778,0.999524,-0.001748,-0.724804,-0.544499,0.013603,-0.061538,-0.000196,0.964272,-0.257667,-0.617344,-0.642167,0.943996,walk
261,1.0875,0.040428,-0.09431,0.980111,-0.169864,-0.5692,-0.805723,0.025796,-0.007933,-0.029867,0.999521,-0.001768,-0.724809,-0.544505,0.013602,-0.061522,-0.000465,0.964191,-0.257974,-0.616294,-0.641704,0.943881,walk
262,1.091667,0.039162,-0.093438,0.979609,-0.173497,-0.563169,-0.804036,0.026286,-0.007912,-0.029795,0.999523,-0.001789,-0.724821,-0.544505,0.013609,-0.060985,-0.000175,0.964157,-0.258231,-0.615207,-0.641268,0.943928,walk
263,1.095833,0.037018,-0.09393,0.979052,-0.176818,-0.557061,-0.802271,0.026766,-0.007916,-0.029807,0.999523,-0.001765,-0.724835,-0.544506,0.013618,-0.060669,-0.000251,0.964122,-0.258432,-0.614147,-0.640872,0.943858,walk
264,1.1,0.034069,-0.094082,0.978523,-0.180225,-0.55082,-0.800398,0.027387,-0.007948,-0.029787,0.999523,-0.001773,-0.724848,-0.544504,0.01362,-0.060119,-0.000297,0.964113,-0.258597,-0.61312,-0.640555,0.94384,walk
265,1.104167,0.030426,-0.093538,0.978156,-0.183128,-0.544454,-0.798442,0.028021,-0.007988,-0.029803,0.999522,-0.001821,-0.724852,-0.54451,0.013627,-0.059205,0.00015,0.964194,-0.258506,-0.612179,-0.640194,0.943919,walk
266,1.108333,0.027083,-0.094761,0.977651,-0.185704,-0.538096,-0.79643,0.028701,-0.007986,-0.029758,0.999524,-0.001843,-0.724863,-0.544509,0.013626,-0.058477,0.000318,0.964281,-0.258348,-0.611183,-0.639814,0.943974,walk
267,1.1125,0.022412,-0.095637,0.977232,-0.188069,-0.531511,-0.794358,0.029479,-0.007758,-0.029442,0.999534,-0.001949,-0.724907,-0.544552,0.013632,-0.057613,0.000811,0.964326,-0.25837,-0.610129,-0.63953,0.94405,walk
268,1.116667,0.019985,-0.097932,0.976671,-0.190064,-0.525144,-0.792165,0.030156,-0.007284,-0.028788,0.999557,-0.001954,-0.724941,-0.54458,0.013671,-0.056772,0.001129,0.964448,-0.258099,-0.609166,-0.639244,0.944085,walk
269,1.120833,0.013283,-0.097431,0.976385,-0.192362,-0.518455,-0.789967,0.031041,-0.006439,-0.027895,0.999588,-0.001999,-0.724975,-0.544635,0.013733,-0.056225,0.001427,0.964562,-0.257794,-0.608162,-0.638937,0.944096,walk
270,1.125,0.008828,-0.098993,0.975923,-0.194157,-0.511969,-0.787754,0.032,-0.00613,-0.0273,0.999606,-0.002101,-0.72498,-0.544658,0.01378,-0.055513,0.001606,0.964687,-0.257478,-0.607204,-0.638675,0.944107,walk
271,1.129167,0.003619,-0.100853,0.975351,-0.19623,-0.505414,-0.785458,0.033079,-0.006211,-0.027644,0.999596,-0.002178,-0.724979,-0.544643,0.013766,-0.054592,0.001221,0.964748,-0.257446,-0.606135,-0.638331,0.9441,walk
272,1.133333,-0.001092,-0.102275,0.97489,-0.197806,-0.498918,-0.783095,0.034054,-0.00631,-0.027993,0.999586,-0.002224,-0.724977,-0.544634,0.013751,-0.054041,0.001239,0.964897,-0.257007,-0.605112,-0.638072,0.943992,walk
273,1.1375,-0.005744,-0.103913,0.974386,-0.199351,-0.492367,-0.780734,0.035096,-0.006261,-0.027861,0.99959,-0.002217,-0.724985,-0.544642,0.013754,-0.053093,0.001471,0.965036,-0.256679,-0.604043,-0.637901,0.943937,walk
274,1.141667,-0.0111,-0.105266,0.973912,-0.200726,-0.485868,-0.778353,0.036209,-0.006094,-0.027078,0.999613,-0.0021,-0.725016,-0.544653,0.01381,-0.050964,0.00253,0.965397,-0.255744,-0.60341,-0.637855,0.944169,walk
275,1.145833,-0.015683,-0.107291,0.973298,-0.202323,-0.479412,-0.775937,0.037329,-0.006206,-0.026974,0.999615,-0.00207,-0.725033,-0.544665,0.013838,-0.05039,0.002663,0.965566,-0.255217,-0.602433,-0.637674,0.944126,walk
276,1.15,-0.021061,-0.108757,0.972759,-0.203636,-0.47293,-0.773533,0.038517,-0.006183,-0.026997,0.999614,-0.002047,-0.72504,-0.544672,0.013844,-0.049879,0.002441,0.965754,-0.254609,-0.601457,-0.637466,0.944042,walk
277,1.154167,-0.027799,-0.109639,0.972159,-0.205218,-0.466429,-0.771192,0.039913,-0.006186,-0.027015,0.999614,-0.00199,-0.725052,-0.544683,0.01385,-0.049324,0.002511,0.965916,-0.254102,-0.600353,-0.637281,0.943994,walk
278,1.158333,-0.032868,-0.111276,0.971585,-0.206302,-0.460107,-0.76883,0.041111,-0.006219,-0.027063,0.999612,-0.002109,-0.725045,-0.54467,0.013855,-0.049093,0.002393,0.966014,-0.253774,-0.599261,-0.637157,0.94387,walk
279,1.1625,-0.038431,-0.112573,0.971016,-0.207312,-0.453755,-0.766463,0.042428,-0.006213,-0.02715,0.99961,-0.002185,-0.725039,-0.544672,0.013854,-0.048657,0.002256,0.966194,-0.253172,-0.598201,-0.637004,0.943832,walk
280,1.166667,-0.044071,-0.114399,0.970306,-0.20851,-0.447516,-0.764076,0.043775,-0.006216,-0.027218,0.999608,-0.002005,-0.725065,-0.544701,0.013857,-0.047877,0.00253,0.966385,-0.252588,-0.597133,-0.636896,0.943868,walk
281,1.170833,-0.050247,-0.116044,0.969552,-0.20971,-0.441301,-0.761731,0.045059,-0.006214,-0.02728,0.999607,-0.001955,-0.725074,-0.544714,0.013861,-0.047438,0.002777,0.966589,-0.251889,-0.596073,-0.636822,0.943791,walk
282,1.175,-0.05555,-0.117945,0.968831,-0.210641,-0.435107,-0.759473,0.046544,-0.006191,-0.027304,0.999606,-0.001897,-0.72508,-0.544724,0.013865,-0.047297,0.002969,0.966731,-0.251369,-0.594962,-0.636825,0.943667,walk
283,1.179167,-0.06129,-0.119367,0.968036,-0.211899,-0.428932,-0.757205,0.047948,-0.00621,-0.027403,0.999604,-0.001816,-0.725091,-0.544736,0.01387,-0.046539,0.003426,0.966976,-0.250558,-0.593888,-0.636793,0.94368,walk
284,1.183333,-0.066474,-0.121614,0.967229,-0.212742,-0.422929,-0.754939,0.049338,-0.006206,-0.02745,0.999602,-0.001777,-0.725095,-0.544752,0.013871,-0.04575,0.003698,0.967187,-0.249886,-0.592803,-0.636779,0.943713,walk
285,1.1875,-0.07209,-0.123951,0.966316,-0.213711,-0.416928,-0.752748,0.050737,-0.006223,-0.027535,0.9996,-0.001697,-0.725104,-0.544762,0.013874,-0.045309,0.004199,0.967357,-0.249299,-0.591639,-0.636844,0.943641,walk
286,1.191667,-0.077487,-0.126134,0.965488,-0.214286,-0.411058,-0.750523,0.052112,-0.006222,-0.027553,0.9996,-0.001682,-0.725115,-0.54477,0.013878,-0.044749,0.004387,0.967556,-0.248624,-0.590512,-0.636806,0.943596,walk
287,1.195833,-0.082822,-0.127375,0.964814,-0.214594,-0.405263,-0.748369,0.053534,-0.006218,-0.027557,0.9996,-0.001609,-0.725115,-0.544782,0.013881,-0.044383,0.004297,0.967729,-0.248016,-0.589392,-0.636794,0.94346,walk
288,1.2,-0.088232,-0.129608,0.963968,-0.2149,-0.399567,-0.746235,0.054851,-0.006231,-0.027636,0.999597,-0.001559,-0.725123,-0.54479,0.013883,-0.043532,0.004699,0.96791,-0.247452,-0.588194,-0.636872,0.943454,walk
289,1.204167,-0.09294,-0.131644,0.963279,-0.214767,-0.39384,-0.744073,0.056188,-0.006226,-0.027685,0.999596,-0.001508,-0.725128,-0.544798,0.013887,-0.04288,0.004681,0.968085,-0.246881,-0.586972,-0.63688,0.943449,walk
290,1.208333,-0.098155,-0.133394,0.962521,-0.214769,-0.388262,-0.74199,0.057527,-0.006205,-0.027645,0.999597,-0.001472,-0.725133,-0.544806,0.013895,-0.04228,0.004449,0.968232,-0.246412,-0.585786,-0.636881,0.943423,walk
291,1.2125,-0.103085,-0.135817,0.961702,-0.214609,-0.382802,-0.739891,0.058845,-0.006193,-0.027655,0.999597,-0.001385,-0.725137,-0.544815,0.013897,-0.04212,0.004499,0.968356,-0.245951,-0.584445,-0.636937,0.943247,walk
292,1.216667,-0.107727,-0.1382,0.960889,-0.214449,-0.377397,-0.737874,0.060119,-0.006162,-0.027659,0.999597,-0.001375,-0.725145,-0.544818,0.013902,-0.042129,0.004108,0.968411,-0.245742,-0.583153,-0.637025,0.94307,walk
293,1.220833,-0.111786,-0.140858,0.960173,-0.213848,-0.372122,-0.735826,0.061325,-0.006144,-0.027715,0.999596,-0.001315,-0.725151,-0.544826,0.013906,-0.041326,0.003375,0.968587,-0.245193,-0.581926,-0.637028,0.943024,walk
294,1.225,-0.116558,-0.142727,0.959486,-0.213142,-0.366902,-0.733851,0.062452,-0.00612,-0.027677,0.999597,-0.001249,-0.725154,-0.544837,0.013908,-0.041874,0.003111,0.968704,-0.244643,-0.58053,-0.637105,0.942664,walk
295,1.229167,-0.120746,-0.145492,0.958757,-0.212219,-0.361814,-0.731869,0.063568,-0.006113,-0.02768,0.999597,-0.001211,-0.725157,-0.544843,0.013913,-0.041319,0.002787,0.968804,-0.244343,-0.57914,-0.637174,0.942581,walk
296,1.233333,-0.124683,-0.147688,0.958132,-0.211248,-0.356747,-0.729918,0.064559,-0.006098,-0.027682,0.999597,-0.001249,-0.725157,-0.544841,0.013925,-0.041098,0.002478,0.968946,-0.243819,-0.577808,-0.637255,0.942393,walk
297,1.2375,-0.128286,-0.150589,0.957451,-0.210129,-0.351902,-0.727964,0.065616,-0.006251,-0.027741,0.999594,-0.001527,-0.725136,-0.544807,0.013946,-0.04064,0.002082,0.969067,-0.243421,-0.576455,-0.637375,0.942267,walk
298,1.241667,-0.13191,-0.153852,0.956716,-0.208861,-0.347133,-0.726037,0.066529,-0.006215,-0.027782,0.999594,-0.001509,-0.725133,-0.544822,0.01394,-0.03991,0.001877,0.969277,-0.242703,-0.575115,-0.637445,0.942155,walk
299,1.245833,-0.135847,-0.155845,0.95611,-0.207632,-0.342439,-0.724213,0.067286,-0.006191,-0.027875,0.999591,-0.001433,-0.72514,-0.544835,0.013936,-0.039309,0.001947,0.969382,-0.242384,-0.573661,-0.637609,0.942037,walk
300,1.25,-0.139577,-0.158669,0.955357,-0.206485,-0.337843,-0.722397,0.068007,-0.006149,-0.027961,0.999589,-0.001273,-0.725153,-0.544865,0.013917,-0.037994,0.001476,0.970033,-0.239982,-0.572561,-0.638066,0.941819,walk
301,1.254167,-0.14276,-0.161796,0.954648,-0.205158,-0.333359,-0.720594,0.068656,-0.006137,-0.028111,0.999585,-0.001245,-0.725145,-0.544864,0.013903,-0.037296,0.001574,0.970268,-0.239138,-0.571296,-0.638239,0.941718,walk
302,1.258333,-0.14605,-0.165936,0.953781,-0.203557,-0.328936,-0.718721,0.069184,-0.006096,-0.027915,0.999591,-0.001175,-0.72516,-0.544852,0.013927,-0.036239,0.001717,0.970492,-0.238388,-0.569915,-0.638449,0.941701,walk
303,1.2625,-0.149303,-0.168824,0.953115,-0.20194,-0.324641,-0.717011,0.069657,-0.006082,-0.027866,0.999593,-0.001123,-0.72517,-0.544849,0.01394,-0.035594,0.001972,0.970741,-0.237467,-0.568554,-0.638651,0.941535,walk
304,1.266667,-0.152977,-0.171747,0.952369,-0.200238,-0.320406,-0.715228,0.069981,-0.006093,-0.02787,0.999592,-0.001105,-0.725175,-0.544843,0.013936,-0.03447,0.001781,0.970959,-0.236743,-0.56715,-0.638849,0.941494,walk
305,1.270833,-0.155542,-0.175672,0.951579,-0.198602,-0.3163,-0.713502,0.070262,-0.006411,-0.028337,0.999577,-0.001176,-0.725163,-0.544846,0.013901,-0.033896,0.001957,0.971154,-0.236024,-0.565661,-0.639011,0.941315,walk
306,1.275,-0.155027,-0.181388,0.950741,-0.197879,-0.31178,-0.711611,0.069951,-0.006892,-0.029237,0.999548,-0.001115,-0.725144,-0.544815,0.01384,-0.032954,0.001629,0.971395,-0.235168,-0.564234,-0.639212,0.941176,walk
307,1.279167,-0.15846,-0.183155,0.950206,-0.196094,-0.30783,-0.710037,0.070036,-0.007512,-0.030122,0.999517,-0.001023,-0.725125,-0.544786,0.013782,-0.032434,0.001749,0.971533,-0.234668,-0.562622,-0.639356,0.940991,walk
308,1.283333,-0.161705,-0.184755,0.949825,-0.193777,-0.304017,-0.70843,0.070085,-0.00739,-0.029807,0.999528,-0.000845,-0.725148,-0.544798,0.013798,-0.031519,0.001159,0.971684,-0.23417,-0.561102,-0.63953,0.940859,walk
309,1.2875,-0.165266,-0.185818,0.949488,-0.191392,-0.30028,-0.706864,0.070011,-0.00729,-0.029586,0.999535,-0.000789,-0.725163,-0.544792,0.013825,-0.031121,0.001096,0.971794,-0.233768,-0.559422,-0.639617,0.940674,walk
310,1.291667,-0.168496,-0.186897,0.949104,-0.189421,-0.2966,-0.705346,0.069787,-0.007331,-0.029776,0.99953,-0.000556,-0.725172,-0.544759,0.013843,-0.030464,0.000546,0.971973,-0.233111,-0.557902,-0.639857,0.940395,walk
311,1.295833,-0.172779,-0.186336,0.948849,-0.187382,-0.293053,-0.703864,0.069614,-0.007403,-0.029927,0.999524,-0.000637,-0.725146,-0.54469,0.013857,-0.029964,0.000419,0.972036,-0.23291,-0.556117,-0.639963,0.940206,walk
312,1.3,-0.176693,-0.186172,0.948599,-0.185146,-0.289574,-0.702487,0.069261,-0.007373,-0.029894,0.999526,-0.00057,-0.725159,-0.544689,0.013866,-0.029738,-7.6e-05,0.972173,-0.232367,-0.554451,-0.640106,0.939883,walk
313,1.304167,-0.180356,-0.185577,0.948424,-0.183098,-0.286162,-0.70113,0.068748,-0.007355,-0.029848,0.999527,-0.000565,-0.725168,-0.544681,0.013875,-0.029156,-0.000472,0.972234,-0.232188,-0.55275,-0.640297,0.939637,walk
314,1.308333,-0.184336,-0.184409,0.94824,-0.181256,-0.282825,-0.699815,0.068159,-0.007313,-0.029782,0.99953,-0.000528,-0.72518,-0.544678,0.013887,-0.028772,-0.000921,0.972368,-0.231674,-0.550997,-0.64047,0.939319,walk
315,1.3125,-0.188977,-0.182796,0.947975,-0.179489,-0.279568,-0.698625,0.067454,-0.007208,-0.029522,0.999538,-0.000408,-0.725215,-0.544701,0.013883,-0.028554,-0.000614,0.972112,-0.232773,-0.548768,-0.640385,0.939257,walk
316,1.316667,-0.192501,-0.180457,0.94809,-0.177492,-0.276527,-0.6975,0.066808,-0.007212,-0.029478,0.999539,-0.000382,-0.725222,-0.544693,0.013885,-0.02788,-0.001291,0.972033,-0.23318,-0.546827,-0.64036,0.938996,walk
317,1.320833,-0.19701,-0.177995,0.947833,-0.176402,-0.273534,-0.696616,0.066101,-0.007099,-0.029435,0.999542,-0.000351,-0.725222,-0.544676,0.013888,-0.027204,-0.002205,0.972114,-0.232916,-0.545021,-0.640432,0.938664,walk
318,1.325,-0.200255,-0.178582,0.947061,-0.176302,-0.270473,-0.695822,0.064995,-0.00703,-0.029385,0.999543,-0.00038,-0.725222,-0.544663,0.013881,-0.027111,-0.00287,0.972149,-0.232773,-0.543043,-0.640628,0.93827,walk
319,1.329167,-0.203294,-0.175958,0.947004,-0.175764,-0.267805,-0.695104,0.064225,-0.007091,-0.029281,0.999546,-0.000189,-0.725252,-0.544662,0.013886,-0.026514,-0.003519,0.972149,-0.232832,-0.541123,-0.640823,0.938076,walk
320,1.333333,-0.210606,-0.168771,0.947594,-0.170959,-0.264726,-0.693224,0.062613,-0.007022,-0.02902,0.999554,-0.000218,-0.725256,-0.544638,0.013906,-0.026272,-0.003905,0.972281,-0.232301,-0.539168,-0.640976,0.937643,walk
321,1.3375,-0.214726,-0.164917,0.947502,-0.170104,-0.262049,-0.692473,0.061428,-0.006974,-0.028854,0.999559,-0.00013,-0.725271,-0.544619,0.013911,-0.026012,-0.004393,0.972339,-0.232081,-0.537119,-0.641242,0.93731,walk
322,1.341667,-0.217386,-0.161039,0.9478,-0.168777,-0.25952,-0.691758,0.060188,-0.007012,-0.028737,0.999562,0.000101,-0.725297,-0.544624,0.013916,-0.025382,-0.005151,0.972386,-0.231936,-0.535079,-0.641484,0.936942,walk
323,1.345833,-0.22026,-0.156196,0.948154,-0.167609,-0.257086,-0.691172,0.058891,-0.00691,-0.028615,0.999567,5.3e-05,-0.725295,-0.544583,0.013918,-0.025165,-0.005149,0.972537,-0.231327,-0.53302,-0.641641,0.936592,walk
324,1.35,-0.221609,-0.1522,0.948615,-0.166894,-0.25484,-0.690706,0.057583,-0.006906,-0.028509,0.99957,0.000123,-0.725301,-0.544565,0.01392,-0.024731,-0.005708,0.972651,-0.23088,-0.530915,-0.64187,0.936328,walk
325,1.354167,-0.222103,-0.148142,0.949315,-0.165909,-0.25281,-0.690352,0.056301,-0.00683,-0.028313,0.999576,0.000201,-0.725316,-0.544551,0.013926,-0.024362,-0.005893,0.9727,-0.23071,-0.528776,-0.642157,0.935947,walk
326,1.358333,-0.222207,-0.144117,0.95009,-0.164874,-0.250945,-0.690102,0.054893,-0.006832,-0.028293,0.999576,0.000265,-0.725323,-0.544543,0.013928,-0.021358,-0.005115,0.972942,-0.230004,-0.526696,-0.642399,0.936224,walk
327,1.3625,-0.221549,-0.140665,0.950836,-0.164441,-0.249254,-0.689967,0.053389,-0.006797,-0.028191,0.999579,0.000404,-0.725345,-0.544539,0.013935,-0.02107,-0.00535,0.973056,-0.229542,-0.52459,-0.642618,0.935871,walk
328,1.366667,-0.220722,-0.137103,0.951621,-0.164021,-0.247781,-0.689857,0.051775,-0.006729,-0.027794,0.999591,0.000509,-0.72536,-0.544506,0.013954,-0.020131,-0.005851,0.973153,-0.229202,-0.522469,-0.642841,0.935579,walk
329,1.370833,-0.218642,-0.134689,0.952457,-0.163955,-0.246572,-0.689924,0.050141,-0.006676,-0.027621,0.999596,0.000602,-0.725372,-0.544494,0.013963,-0.019446,-0.006222,0.973217,-0.228981,-0.520235,-0.643135,0.935279,walk
330,1.375,-0.21461,-0.134608,0.95339,-0.163926,-0.245548,-0.690064,0.048532,-0.006642,-0.027358,0.999603,0.000661,-0.725386,-0.544474,0.013978,-0.018923,-0.00656,0.973295,-0.228683,-0.517999,-0.643405,0.934864,walk
331,1.379167,-0.209184,-0.1354,0.9545,-0.163826,-0.244756,-0.69024,0.046906,-0.006548,-0.027172,0.999609,0.000734,-0.72539,-0.544456,0.013992,-0.018191,-0.007093,0.973307,-0.228674,-0.515686,-0.643687,0.934546,walk
332,1.383333,-0.202219,-0.135934,0.955986,-0.163466,-0.244127,-0.690455,0.045402,-0.006448,-0.02702,0.999614,0.000795,-0.725401,-0.544435,0.013997,-0.017374,-0.007509,0.973364,-0.228481,-0.513306,-0.643923,0.934273,walk
333,1.3875,-0.193791,-0.136,0.957859,-0.162652,-0.243635,-0.690673,0.04414,-0.006382,-0.026753,0.999621,0.000839,-0.725406,-0.544424,0.014009,-0.017465,-0.007839,0.973462,-0.228049,-0.510892,-0.644112,0.933711,walk
334,1.391667,-0.185461,-0.135129,0.959645,-0.162562,-0.243108,-0.690975,0.043156,-0.006314,-0.026518,0.999628,0.000878,-0.72541,-0.544405,0.014023,-0.016877,-0.008603,0.973468,-0.228039,-0.508476,-0.644384,0.933439,walk
335,1.395833,-0.177957,-0.133424,0.961439,-0.161753,-0.242487,-0.691048,0.042181,-0.006272,-0.026387,0.999632,0.000873,-0.725417,-0.544388,0.014036,-0.015671,-0.009189,0.973538,-0.2278,-0.506002,-0.644611,0.933172,walk
336,1.4,-0.172152,-0.130756,0.962997,-0.160945,-0.241617,-0.690856,0.041193,-0.006248,-0.02623,0.999636,0.000833,-0.725423,-0.544369,0.014052,-0.015897,-0.009596,0.973602,-0.227498,-0.503433,-0.64484,0.932675,walk
337,1.404167,-0.167182,-0.129501,0.963941,-0.16155,-0.240553,-0.690679,0.040229,-0.006189,-0.026049,0.999641,0.000861,-0.725422,-0.544359,0.014065,-0.015713,-0.010025,0.973668,-0.227209,-0.500828,-0.645073,0.932203,walk
338,1.408333,-0.163174,-0.128245,0.964691,-0.162168,-0.239319,-0.690304,0.039305,-0.006134,-0.025869,0.999646,0.00077,-0.725422,-0.544355,0.014088,-0.01586,-0.010422,0.973693,-0.22707,-0.498208,-0.645315,0.931704,walk
339,1.4125,-0.158174,-0.12999,0.965105,-0.163268,-0.237914,-0.690178,0.038416,-0.006031,-0.02562,0.999653,0.000716,-0.725425,-0.544356,0.014107,-0.015078,-0.010898,0.973743,-0.226887,-0.495557,-0.645546,0.931382,walk
340,1.416667,-0.154092,-0.129376,0.965696,-0.16416,-0.236749,-0.689796,0.037543,-0.006013,-0.025426,0.999658,0.000718,-0.725425,-0.544342,0.014127,-0.01521,-0.011071,0.973809,-0.226587,-0.492838,-0.645754,0.93092,walk
341,1.420833,-0.147124,-0.130491,0.966513,-0.164862,-0.23566,-0.689363,0.036406,-0.006001,-0.025463,0.999658,0.000645,-0.725411,-0.544318,0.014131,-0.014952,-0.011474,0.973882,-0.226269,-0.490112,-0.64601,0.93055,walk
342,1.425,-0.140237,-0.129569,0.967646,-0.164946,-0.234833,-0.688823,0.035363,-0.005884,-0.025208,0.999665,0.000675,-0.725411,-0.544305,0.014148,-0.014838,-0.011691,0.973971,-0.225882,-0.487408,-0.646247,0.930035,walk
343,1.429167,-0.134458,-0.126681,0.968816,-0.165133,-0.234287,-0.688303,0.034512,-0.005796,-0.02485,0.999674,0.000644,-0.725403,-0.54429,0.014167,-0.015009,-0.011734,0.974036,-0.22559,-0.4846,-0.646428,0.929593,walk
344,1.433333,-0.128738,-0.123951,0.969836,-0.165775,-0.233836,-0.687835,0.03353,-0.005703,-0.024477,0.999684,0.000629,-0.725399,-0.54427,0.014197,-0.014725,-0.011761,0.974124,-0.225229,-0.481717,-0.646676,0.929219,walk
345,1.4375,-0.122661,-0.122247,0.970642,-0.166923,-0.23339,-0.687452,0.032402,-0.005578,-0.024047,0.999695,0.000598,-0.725386,-0.544254,0.014227,-0.014815,-0.01175,0.974217,-0.224819,-0.478903,-0.646892,0.928797,walk
346,1.441667,-0.11699,-0.120027,0.971327,-0.168615,-0.232957,-0.687107,0.03144,-0.005473,-0.023567,0.999707,0.000579,-0.725377,-0.544232,0.014265,-0.014575,-0.011523,0.974338,-0.224322,-0.475981,-0.647134,0.928382,walk
347,1.445833,-0.111403,-0.117494,0.971953,-0.170563,-0.232409,-0.686746,0.030451,-0.005375,-0.023111,0.999718,0.000583,-0.725368,-0.544214,0.014295,-0.015257,-0.011518,0.974416,-0.223936,-0.473057,-0.647345,0.927877,walk
348,1.45,-0.10608,-0.114431,0.972616,-0.172254,-0.231838,-0.686355,0.029571,-0.005241,-0.022523,0.999732,0.000579,-0.725355,-0.544197,0.014338,-0.014904,-0.011106,0.974525,-0.223506,-0.470079,-0.6476,0.927571,walk
349,1.454167,-0.100613,-0.112007,0.973244,-0.173574,-0.231243,-0.685854,0.028758,-0.005063,-0.021677,0.999752,0.000645,-0.725348,-0.544179,0.014395,-0.015525,-0.01073,0.974669,-0.222855,-0.467111,-0.647775,0.927024,walk
350,1.458333,-0.095202,-0.110413,0.973888,-0.174035,-0.230705,-0.685265,0.027953,-0.004953,-0.021062,0.999766,0.000634,-0.725326,-0.544143,0.014432,-0.015815,-0.010275,0.97482,-0.222192,-0.464057,-0.647958,0.926612,walk
351,1.4625,-0.090088,-0.10854,0.974424,-0.174935,-0.230286,-0.684779,0.027132,-0.004771,-0.020336,0.999782,0.00067,-0.725308,-0.544105,0.014469,-0.015866,-0.009853,0.974932,-0.221718,-0.461058,-0.648196,0.926236,walk
352,1.466667,-0.085297,-0.106862,0.974994,-0.175192,-0.229896,-0.684287,0.026248,-0.004648,-0.019703,0.999795,0.000651,-0.725277,-0.544068,0.01451,-0.015392,-0.009458,0.975076,-0.221134,-0.458075,-0.648446,0.925934,walk
353,1.470833,-0.080883,-0.10492,0.975512,-0.175573,-0.229519,-0.68386,0.025302,-0.00447,-0.018966,0.99981,0.000652,-0.725246,-0.544024,0.014558,-0.01537,-0.008947,0.975232,-0.220471,-0.45502,-0.648697,0.925611,walk
354,1.475,-0.076421,-0.102386,0.975967,-0.176537,-0.229201,-0.683588,0.024523,-0.004316,-0.018282,0.999823,0.000628,-0.725205,-0.543985,0.014607,-0.015357,-0.008311,0.975434,-0.219598,-0.451951,-0.648877,0.925243,walk
355,1.479167,-0.074504,-0.095898,0.976442,-0.178365,-0.228821,-0.683374,0.023821,-0.004102,-0.017504,0.999838,0.000597,-0.725162,-0.543949,0.014662,-0.015431,-0.007469,0.975593,-0.218916,-0.448843,-0.649085,0.924929,walk
356,1.483333,-0.070634,-0.092073,0.976891,-0.179493,-0.228529,-0.683078,0.023149,-0.003829,-0.016691,0.999853,0.000562,-0.725106,-0.543912,0.014715,-0.015194,-0.006599,0.975796,-0.218053,-0.445744,-0.649317,0.924659,walk
357,1.4875,-0.065546,-0.090212,0.977258,-0.180367,-0.228401,-0.68267,0.022451,-0.003537,-0.015781,0.999869,0.000513,-0.725055,-0.54387,0.014787,-0.015416,-0.005829,0.975955,-0.217349,-0.442579,-0.649561,0.924325,walk
358,1.491667,-0.060865,-0.089005,0.977538,-0.181091,-0.228356,-0.682231,0.02179,-0.003098,-0.014667,0.999888,0.000462,-0.724977,-0.543823,0.014874,-0.015284,-0.004997,0.976168,-0.216418,-0.43945,-0.649713,0.924052,walk
359,1.495833,-0.056461,-0.08693,0.977877,-0.181694,-0.228259,-0.681753,0.021081,-0.002563,-0.013347,0.999908,0.000405,-0.724899,-0.543779,0.014993,-0.0153,-0.004023,0.976367,-0.21554,-0.436323,-0.649908,0.923751,walk
360,1.5,-0.052476,-0.083963,0.978297,-0.18202,-0.22815,-0.681226,0.020439,-0.001859,-0.011683,0.99993,0.000333,-0.724808,-0.543729,0.015137,-0.01525,-0.003219,0.976555,-0.214702,-0.433176,-0.650167,0.9235,walk
361,1.504167,-0.048602,-0.081078,0.978602,-0.182763,-0.227996,-0.680726,0.019863,-0.000822,-0.009541,0.999954,0.000303,-0.724704,-0.543667,0.015308,-0.015033,-0.00231,0.976766,-0.21377,-0.430015,-0.650312,0.923293,walk
362,1.508333,-0.047225,-0.07682,0.978673,-0.184574,-0.227789,-0.680363,0.019193,0.000248,-0.007283,0.999973,0.000198,-0.724589,-0.543608,0.015493,-0.014979,-0.001423,0.976949,-0.212941,-0.42687,-0.650503,0.923012,walk
363,1.5125,-0.043317,-0.075067,0.978693,-0.186141,-0.227669,-0.680023,0.018549,0.001624,-0.004436,0.999989,0.000197,-0.724473,-0.543537,0.015732,-0.0144,-0.000959,0.977141,-0.212101,-0.423776,-0.650696,0.922865,walk
364,1.516667,-0.040012,-0.073316,0.978702,-0.187525,-0.22759,-0.679751,0.017999,0.003031,-0.001736,0.999994,0.000212,-0.724347,-0.543461,0.015965,-0.014462,0.000166,0.977326,-0.211244,-0.420662,-0.650828,0.922578,walk
365,1.520833,-0.036171,-0.071562,0.978742,-0.188773,-0.227535,-0.67947,0.017443,0.00468,0.001191,0.999988,0.000184,-0.724213,-0.543393,0.016243,-0.014386,0.000697,0.977535,-0.210279,-0.417531,-0.650912,0.922304,walk
366,1.525,-0.032488,-0.070424,0.978754,-0.189804,-0.227359,-0.679225,0.016844,0.00635,0.004195,0.999971,0.000217,-0.724035,-0.54326,0.016536,-0.014585,0.001925,0.977781,-0.209112,-0.414449,-0.650907,0.921942,walk
367,1.529167,-0.02886,-0.068491,0.97894,-0.190136,-0.227312,-0.678955,0.01638,0.008268,0.007316,0.999939,0.000479,-0.723857,-0.54318,0.016818,-0.014549,0.002644,0.977995,-0.208104,-0.411381,-0.650952,0.921615,walk
368,1.533333,-0.024163,-0.068412,0.979074,-0.190131,-0.227265,-0.678708,0.015836,0.010362,0.010767,0.999888,0.000677,-0.723651,-0.543054,0.017179,-0.013724,0.002373,0.978166,-0.207356,-0.408358,-0.651004,0.921549,walk
369,1.5375,-0.021891,-0.065519,0.9793,-0.190263,-0.227042,-0.678601,0.015353,0.01262,0.014392,0.999816,0.000817,-0.723412,-0.542913,0.017609,-0.013845,0.00331,0.978386,-0.206298,-0.405358,-0.651029,0.921113,walk
370,1.541667,-0.020216,-0.062348,0.979574,-0.190103,-0.227022,-0.678528,0.014685,0.015508,0.01837,0.999711,0.000881,-0.723164,-0.542758,0.018172,-0.0138,0.003574,0.978654,-0.205021,-0.402387,-0.65095,0.920792,walk
371,1.545833,-0.015199,-0.063857,0.97969,-0.189468,-0.226734,-0.678537,0.01428,0.019228,0.022178,0.999569,0.00104,-0.722883,-0.542609,0.01884,-0.013341,0.003825,0.978863,-0.204045,-0.399371,-0.650907,0.920595,walk
372,1.55,-0.011966,-0.062778,0.97989,-0.189025,-0.226463,-0.678556,0.013778,0.022999,0.026604,0.999381,0.001075,-0.722509,-0.54243,0.019548,-0.01326,0.003829,0.979067,-0.203069,-0.396419,-0.650875,0.920282,walk
373,1.554167,-0.01035,-0.060889,0.980138,-0.188453,-0.226012,-0.678583,0.013285,0.027102,0.031271,0.999143,0.001181,-0.722108,-0.542198,0.020351,-0.013263,0.004237,0.979311,-0.201883,-0.39343,-0.650744,0.919934,walk
374,1.558333,-0.005999,-0.06297,0.980296,-0.187131,-0.225616,-0.678592,0.012691,0.031228,0.035547,0.998879,0.001087,-0.721666,-0.541991,0.021114,-0.013412,0.003672,0.979521,-0.200859,-0.390549,-0.650563,0.919555,walk
375,1.5625,-0.003429,-0.06121,0.980746,-0.185418,-0.225338,-0.678515,0.012245,0.035896,0.040369,0.998539,0.001289,-0.721197,-0.541687,0.021958,-0.012635,0.00371,0.979698,-0.200045,-0.387743,-0.650482,0.919414,walk
376,1.566667,-0.001204,-0.060743,0.981081,-0.183819,-0.225076,-0.678411,0.012055,0.040721,0.045913,0.998114,0.001533,-0.720695,-0.541329,0.022796,-0.012553,0.003336,0.979951,-0.198816,-0.384852,-0.650277,0.919221,walk
377,1.570833,0.001678,-0.061665,0.981209,-0.182824,-0.224844,-0.678238,0.011781,0.045542,0.051415,0.997637,0.001743,-0.720153,-0.540967,0.023634,-0.012983,0.003422,0.98014,-0.197853,-0.381978,-0.650149,0.918873,walk
378,1.575,0.003061,-0.060699,0.98133,-0.182477,-0.224629,-0.678087,0.011598,0.050555,0.056374,0.997127,0.001866,-0.719568,-0.540632,0.024553,-0.013182,0.002891,0.980346,-0.196823,-0.379159,-0.649914,0.918582,walk
379,1.579167,0.003317,-0.058632,0.981384,-0.182857,-0.224477,-0.677959,0.011449,0.055664,0.060409,0.996619,0.001752,-0.718961,-0.540337,0.025498,-0.015223,0.003257,0.980559,-0.195607,-0.376057,-0.649442,0.917635,walk
380,1.583333,0.003264,-0.057021,0.981386,-0.183357,-0.224366,-0.677834,0.01134,0.061243,0.063688,0.996088,0.00152,-0.718306,-0.54002,0.026573,-0.01668,0.002389,0.980721,-0.194683,-0.37305,-0.649103,0.917724,walk
381,1.5875,0.003285,-0.056468,0.981345,-0.183748,-0.224312,-0.677748,0.011338,0.067288,0.066853,0.99549,0.001346,-0.717586,-0.539683,0.02776,-0.016077,0.002715,0.980928,-0.193689,-0.370327,-0.648878,0.917759,walk
382,1.591667,0.003582,-0.056781,0.981318,-0.183786,-0.224295,-0.677716,0.011365,0.073735,0.069889,0.994825,0.001007,-0.716778,-0.539348,0.028959,-0.016553,0.002047,0.981154,-0.192505,-0.367747,-0.648568,0.917608,walk
383,1.595833,0.004228,-0.0577,0.981276,-0.183712,-0.22428,-0.677704,0.011413,0.080431,0.073111,0.994075,0.000812,-0.7159,-0.538991,0.030186,-0.017018,0.001362,0.981313,-0.19166,-0.365238,-0.648328,0.917595,walk
384,1.6,0.004856,-0.058625,0.98123,-0.183651,-0.224248,-0.677718,0.011427,0.087136,0.07606,0.993288,0.000714,-0.714909,-0.538557,0.031467,-0.017534,0.001665,0.981485,-0.190729,-0.362631,-0.648028,0.91715,walk
385,1.604167,0.0054,-0.059304,0.981143,-0.183881,-0.224108,-0.677813,0.011429,0.093738,0.079719,0.9924,0.000739,-0.713793,-0.538113,0.03263,-0.016939,0.00095,0.981639,-0.189991,-0.360202,-0.647752,0.91766,walk
386,1.608333,0.005695,-0.059841,0.981064,-0.184122,-0.223996,-0.677889,0.011435,0.100221,0.082659,0.991526,0.000817,-0.712573,-0.537666,0.033775,-0.01585,0.000597,0.981802,-0.189246,-0.357741,-0.647443,0.918234,walk
387,1.6125,0.00605,-0.060603,0.981034,-0.184021,-0.223944,-0.677938,0.011424,0.106867,0.085372,0.990601,0.001092,-0.711299,-0.537166,0.034947,-0.015866,0.000931,0.981993,-0.188249,-0.35518,-0.647043,0.918522,walk
388,1.616667,0.006714,-0.061828,0.980998,-0.18378,-0.223855,-0.67802,0.011447,0.113434,0.088736,0.989574,0.001399,-0.709891,-0.536609,0.036021,-0.016632,0.00108,0.982096,-0.18764,-0.35224,-0.646724,0.918848,walk
389,1.620833,0.007563,-0.063466,0.980973,-0.183322,-0.223771,-0.678087,0.011475,0.11936,0.091229,0.988649,0.001765,-0.708346,-0.53605,0.037094,-0.016483,0.00194,0.982293,-0.186612,-0.349813,-0.646258,0.919415,walk
390,1.625,0.008496,-0.065182,0.980936,-0.182878,-0.223694,-0.678132,0.011507,0.124702,0.094203,0.98771,0.002301,-0.706638,-0.535407,0.03802,-0.01639,0.001947,0.982473,-0.185675,-0.347385,-0.645868,0.920087,walk
391,1.629167,0.009001,-0.065941,0.980922,-0.182657,-0.22362,-0.678171,0.011535,0.129614,0.097376,0.986768,0.002643,-0.70477,-0.534754,0.038837,-0.015815,0.001884,0.982669,-0.184684,-0.345029,-0.645364,0.920839,walk
392,1.633333,0.009343,-0.066646,0.980892,-0.182541,-0.223544,-0.678215,0.011548,0.133102,0.099822,0.986057,0.003376,-0.702708,-0.534119,0.039576,-0.016126,0.002051,0.982839,-0.183747,-0.342508,-0.644885,0.921418,walk
393,1.6375,0.009711,-0.067344,0.980857,-0.182458,-0.22347,-0.678298,0.01152,0.135947,0.102803,0.985359,0.004273,-0.700493,-0.533438,0.040269,-0.016065,0.00094,0.983016,-0.182812,-0.340159,-0.644408,0.922051,walk
394,1.641667,0.009971,-0.067656,0.980856,-0.18233,-0.223437,-0.678336,0.011503,0.13804,0.104383,0.984896,0.00548,-0.698078,-0.532798,0.040925,-0.015567,0.000573,0.983204,-0.181842,-0.337798,-0.6438,0.922745,walk
395,1.645833,0.010362,-0.068154,0.980852,-0.182146,-0.223422,-0.678361,0.011512,0.138991,0.105147,0.98467,0.007154,-0.695389,-0.532133,0.041606,-0.015764,0.000317,0.9834,-0.180762,-0.335246,-0.643337,0.923405,walk
396,1.65,0.010642,-0.068522,0.980856,-0.181971,-0.223411,-0.678362,0.011515,0.139263,0.106396,0.984484,0.008748,-0.692419,-0.531459,0.042072,-0.015939,-0.000242,0.983589,-0.179718,-0.332812,-0.642729,0.923973,walk
397,1.654167,0.010759,-0.068742,0.980859,-0.181863,-0.223414,-0.678349,0.011521,0.138989,0.106017,0.984548,0.010364,-0.689188,-0.530735,0.042469,-0.015644,-0.001072,0.983807,-0.178546,-0.330559,-0.642183,0.924619,walk
398,1.658333,0.010846,-0.06883,0.980864,-0.181796,-0.223425,-0.678339,0.011542,0.138312,0.104829,0.984756,0.011681,-0.685651,-0.529969,0.042714,-0.015859,-0.001427,0.983996,-0.177478,-0.328027,-0.641657,0.925191,walk
399,1.6625,0.01085,-0.068655,0.980893,-0.181706,-0.223449,-0.678339,0.01154,0.13723,0.103119,0.985076,0.012658,-0.68185,-0.529144,0.042846,-0.015384,-0.002564,0.984175,-0.176514,-0.325676,-0.641044,0.925868,walk
400,1.666667,0.010844,-0.068429,0.980918,-0.181657,-0.223476,-0.678335,0.011549,0.135635,0.100156,0.985596,0.013152,-0.677713,-0.528304,0.042854,-0.015262,-0.003915,0.984376,-0.175371,-0.32335,-0.64052,0.926473,walk
401,1.670833,0.010854,-0.068222,0.980931,-0.181667,-0.223509,-0.678336,0.011539,0.134143,0.098076,0.986007,0.013314,-0.673389,-0.527446,0.04278,-0.0151,-0.004958,0.984555,-0.174352,-0.320874,-0.639927,0.927014,walk
402,1.675,0.010849,-0.067994,0.980948,-0.181662,-0.223552,-0.678325,0.01154,0.132117,0.095324,0.986551,0.013267,-0.668782,-0.526607,0.042702,-0.014798,-0.005631,0.984715,-0.173453,-0.318531,-0.63934,0.927573,walk
403,1.679167,0.010628,-0.067525,0.980964,-0.181763,-0.22361,-0.678272,0.011557,0.129805,0.093428,0.987043,0.012973,-0.66394,-0.525758,0.042532,-0.014313,-0.006479,0.984921,-0.172291,-0.316101,-0.638741,0.92813,walk
404,1.683333,0.010416,-0.067574,0.980944,-0.181862,-0.223635,-0.678229,0.011571,0.127365,0.09108,0.987586,0.012493,-0.658858,-0.524886,0.042412,-0.01375,-0.007868,0.985045,-0.171569,-0.31381,-0.638202,0.928679,walk
405,1.6875,0.010459,-0.067474,0.980951,-0.181859,-0.223703,-0.678208,0.011585,0.123943,0.088211,0.988301,0.010907,-0.653507,-0.523843,0.042208,-0.013321,-0.008019,0.985207,-0.170662,-0.311388,-0.637644,0.929128,walk
406,1.691667,0.010389,-0.067269,0.980979,-0.181789,-0.223746,-0.678201,0.011586,0.120923,0.085699,0.988909,0.009563,-0.647913,-0.522825,0.041934,-0.012952,-0.008879,0.985359,-0.169769,-0.309,-0.63703,0.929611,walk
407,1.695833,0.010411,-0.066972,0.981004,-0.181762,-0.223791,-0.678218,0.011587,0.117615,0.082227,0.989616,0.008151,-0.642072,-0.521749,0.041655,-0.012346,-0.009595,0.985479,-0.169077,-0.306674,-0.636449,0.930046,walk
408,1.7,0.010314,-0.066586,0.981,-0.181933,-0.223825,-0.678247,0.011607,0.114364,0.079268,0.99025,0.006462,-0.636024,-0.520643,0.041305,-0.011813,-0.010679,0.985612,-0.168273,-0.304295,-0.635863,0.930415,walk
409,1.704167,0.010353,-0.066109,0.981016,-0.182017,-0.223885,-0.678277,0.01162,0.110512,0.076549,0.990911,0.00486,-0.629755,-0.519489,0.040936,-0.011106,-0.011348,0.985734,-0.167561,-0.301961,-0.635167,0.930937,walk
410,1.708333,0.010191,-0.065886,0.98104,-0.181978,-0.223915,-0.678266,0.011616,0.106416,0.073988,0.991559,0.003377,-0.623278,-0.518321,0.040571,-0.010178,-0.012474,0.985785,-0.167241,-0.299626,-0.634565,0.931321,walk
411,1.7125,0.010135,-0.065775,0.981074,-0.181836,-0.223965,-0.678243,0.011619,0.10182,0.071749,0.992211,0.00161,-0.616588,-0.517058,0.040188,-0.011286,-0.014906,0.985706,-0.167436,-0.296923,-0.633768,0.931486,walk
412,1.716667,0.0102,-0.065875,0.981066,-0.181839,-0.224007,-0.67826,0.01163,0.096723,0.069249,0.992899,-4.5e-05,-0.609686,-0.515713,0.039817,-0.01021,-0.015585,0.985777,-0.16702,-0.294693,-0.633093,0.931884,walk
413,1.720833,0.010229,-0.06573,0.981077,-0.18183,-0.224038,-0.678269,0.011633,0.091647,0.066472,0.993569,-0.001747,-0.602601,-0.51426,0.039457,-0.010203,-0.016267,0.985915,-0.166142,-0.292535,-0.632534,0.932269,walk
414,1.725,0.010265,-0.065526,0.9811,-0.181782,-0.224059,-0.678243,0.011649,0.086615,0.064381,0.994154,-0.003207,-0.595349,-0.512707,0.039074,-0.00893,-0.017229,0.985939,-0.165974,-0.290313,-0.63183,0.932618,walk
415,1.729167,0.010241,-0.065329,0.981109,-0.181805,-0.224084,-0.67823,0.011652,0.081091,0.061904,0.994772,-0.004618,-0.58791,-0.511065,0.038721,-0.00754,-0.017002,0.986004,-0.165681,-0.288084,-0.631114,0.933063,walk
416,1.733333,0.010216,-0.065183,0.981121,-0.181792,-0.224105,-0.67822,0.011652,0.075967,0.059979,0.995291,-0.005286,-0.580243,-0.50929,0.038373,-0.006191,-0.017583,0.986091,-0.165156,-0.285958,-0.630412,0.933584,walk
417,1.7375,0.010241,-0.065128,0.981132,-0.181751,-0.224123,-0.678214,0.011653,0.069983,0.057195,0.99589,-0.005833,-0.572476,-0.507459,0.038134,-0.005629,-0.018458,0.986043,-0.16537,-0.283676,-0.629663,0.933848,walk
418,1.741667,0.010406,-0.065295,0.981144,-0.181619,-0.224163,-0.678218,0.011648,0.064189,0.055214,0.996393,-0.00573,-0.564522,-0.505603,0.037886,-0.004375,-0.019323,0.986034,-0.165361,-0.281471,-0.628871,0.934218,walk
419,1.745833,0.010312,-0.064921,0.98116,-0.181669,-0.224176,-0.678203,0.011662,0.05812,0.052647,0.996906,-0.005355,-0.55643,-0.50362,0.037712,-0.003716,-0.019626,0.986033,-0.16535,-0.279256,-0.628201,0.934587,walk
420,1.75,0.010453,-0.065095,0.981173,-0.181529,-0.224196,-0.678177,0.011649,0.05112,0.052993,0.997265,-0.006466,-0.547947,-0.501269,0.03768,-0.003025,-0.020151,0.986,-0.165495,-0.277094,-0.627506,0.934921,walk
421,1.754167,0.010569,-0.064867,0.981171,-0.181614,-0.224203,-0.678154,0.01165,0.044579,0.050569,0.997707,-0.006106,-0.539456,-0.498978,0.037643,-0.001814,-0.019896,0.986014,-0.165459,-0.274935,-0.626742,0.935354,walk
422,1.758333,0.010533,-0.064644,0.981148,-0.181822,-0.224204,-0.678159,0.011645,0.037851,0.048165,0.998108,-0.005346,-0.530853,-0.496609,0.037686,-0.001166,-0.020552,0.985952,-0.165755,-0.272855,-0.626012,0.935623,walk
423,1.7625,0.010692,-0.064663,0.981109,-0.182012,-0.224205,-0.67821,0.011681,0.031052,0.045944,0.998452,-0.004215,-0.522158,-0.494202,0.037799,-0.000117,-0.020795,0.98592,-0.165923,-0.270733,-0.625288,0.935962,walk
424,1.766667,0.010779,-0.064491,0.981131,-0.18195,-0.224207,-0.678182,0.01166,0.024316,0.043806,0.998739,-0.003195,-0.51332,-0.491666,0.037991,0.000475,-0.020934,0.985906,-0.165984,-0.268637,-0.624523,0.936278,walk
425,1.770833,0.010775,-0.064436,0.981167,-0.181778,-0.224201,-0.678116,0.011655,0.016767,0.039995,0.999057,-0.002025,-0.504361,-0.488896,0.038245,0.001052,-0.022057,0.98582,-0.166347,-0.266609,-0.623755,0.936539,walk
426,1.775,0.01079,-0.064229,0.981175,-0.181807,-0.224194,-0.678092,0.01165,0.0101,0.037506,0.999245,-4.2e-05,-0.495317,-0.486157,0.038672,0.002066,-0.021826,0.985794,-0.166523,-0.264498,-0.622981,0.936684,walk
427,1.779167,0.010828,-0.063995,0.981178,-0.181874,-0.224206,-0.678097,0.011636,0.002645,0.035128,0.999377,0.001993,-0.486178,-0.483361,0.039109,0.002616,-0.022043,0.985741,-0.1668,-0.262583,-0.622267,0.937003,walk
428,1.783333,0.01081,-0.063932,0.981165,-0.181966,-0.224179,-0.678099,0.011632,-0.004566,0.032457,0.999454,0.004173,-0.476956,-0.480458,0.039681,0.003038,-0.022927,0.985664,-0.167125,-0.260597,-0.621465,0.937179,walk
429,1.7875,0.011037,-0.064015,0.981169,-0.181899,-0.224191,-0.678052,0.011642,-0.011869,0.029516,0.999475,0.006192,-0.46767,-0.477471,0.040313,0.003816,-0.022819,0.985639,-0.167273,-0.258571,-0.620676,0.93728,walk
430,1.791667,0.011093,-0.063763,0.98114,-0.182142,-0.224148,-0.678067,0.011637,-0.019359,0.025891,0.999443,0.008321,-0.458268,-0.474441,0.041042,0.004545,-0.023002,0.985565,-0.167667,-0.256649,-0.619976,0.937456,walk
431,1.795833,0.011261,-0.06382,0.981192,-0.181833,-0.224186,-0.678014,0.011649,-0.026742,0.022822,0.99933,0.010137,-0.448869,-0.471357,0.041916,0.005671,-0.023223,0.985484,-0.168077,-0.254769,-0.619043,0.937458,walk
432,1.8,0.011423,-0.063894,0.98119,-0.181805,-0.224188,-0.678001,0.011654,-0.034263,0.019475,0.999149,0.012179,-0.439394,-0.468204,0.042885,0.006955,-0.023448,0.985364,-0.168701,-0.252847,-0.618239,0.937572,walk
433,1.804167,0.011533,-0.063814,0.981185,-0.181853,-0.22418,-0.677991,0.011658,-0.04144,0.016577,0.99891,0.013689,-0.429878,-0.465033,0.04396,0.007613,-0.02301,0.985317,-0.169003,-0.250963,-0.61747,0.937676,walk
434,1.808333,0.011538,-0.063581,0.981175,-0.181991,-0.224157,-0.678,0.011653,-0.049098,0.012906,0.998596,0.015121,-0.420326,-0.461831,0.045121,0.007971,-0.022971,0.985263,-0.169308,-0.249009,-0.616703,0.937636,walk
435,1.8125,0.011407,-0.063402,0.981222,-0.181808,-0.224087,-0.677979,0.011648,-0.056654,0.009138,0.998216,0.016483,-0.410749,-0.458598,0.04634,0.007749,-0.023344,0.985086,-0.170296,-0.246884,-0.615951,0.937765,walk
436,1.816667,0.011761,-0.063757,0.981189,-0.18184,-0.22414,-0.677982,0.011654,-0.064148,0.005831,0.997768,0.017606,-0.40123,-0.455365,0.047672,0.007768,-0.022136,0.985172,-0.169961,-0.245109,-0.615335,0.937804,walk
437,1.820833,0.011871,-0.06386,0.981182,-0.181833,-0.224137,-0.677979,0.01165,-0.071607,0.002267,0.997268,0.018001,-0.391663,-0.452073,0.049112,0.008195,-0.022153,0.98513,-0.170182,-0.243314,-0.614556,0.937817,walk
438,1.825,0.012005,-0.063961,0.981175,-0.181826,-0.224093,-0.67799,0.011645,-0.078932,-0.00128,0.996697,0.019059,-0.382172,-0.448843,0.050601,0.008721,-0.022378,0.985051,-0.17058,-0.241478,-0.613754,0.937792,walk
439,1.829167,0.012127,-0.064137,0.981148,-0.181902,-0.224144,-0.677973,0.01168,-0.086379,-0.004108,0.996062,0.019547,-0.372658,-0.445616,0.052127,0.009276,-0.02235,0.985004,-0.170825,-0.239707,-0.612903,0.937763,walk
440,1.833333,0.012317,-0.064245,0.981144,-0.181871,-0.224128,-0.677986,0.011687,-0.093668,-0.007395,0.995383,0.019624,-0.363175,-0.442362,0.053795,0.009224,-0.021938,0.984846,-0.171794,-0.237769,-0.61204,0.937865,walk
441,1.8375,0.012566,-0.064004,0.981158,-0.181864,-0.224146,-0.678023,0.011688,-0.101289,-0.011068,0.994608,0.019325,-0.353699,-0.439042,0.055431,0.009653,-0.021165,0.984922,-0.171427,-0.235963,-0.611291,0.937862,walk
442,1.841667,0.012725,-0.064333,0.981179,-0.181624,-0.224182,-0.678005,0.011693,-0.108527,-0.014017,0.993813,0.018994,-0.344293,-0.435824,0.057143,0.010114,-0.020948,0.98486,-0.171784,-0.234154,-0.610441,0.937773,walk
443,1.845833,0.012757,-0.064662,0.981123,-0.181805,-0.224107,-0.678008,0.011703,-0.115998,-0.017861,0.992921,0.018252,-0.334903,-0.43259,0.058865,0.010574,-0.020881,0.984833,-0.171921,-0.232432,-0.609611,0.937801,walk
444,1.85,0.012862,-0.064889,0.981099,-0.181849,-0.224082,-0.678037,0.011707,-0.123326,-0.022225,0.991965,0.017376,-0.32561,-0.429396,0.060621,0.010643,-0.020895,0.984661,-0.172897,-0.230545,-0.608694,0.938045,walk
445,1.854167,0.013012,-0.065208,0.981074,-0.181857,-0.224089,-0.678048,0.011717,-0.130631,-0.025328,0.990971,0.016448,-0.316366,-0.426168,0.062459,0.010532,-0.02103,0.984625,-0.173089,-0.228764,-0.607809,0.93802,walk
446,1.858333,0.013197,-0.06536,0.981057,-0.181883,-0.224068,-0.678046,0.011723,-0.137181,-0.026456,0.990073,0.015414,-0.307251,-0.422991,0.064353,0.010803,-0.020476,0.984588,-0.173352,-0.226978,-0.606971,0.938192,walk
447,1.8625,0.013332,-0.065561,0.981066,-0.181752,-0.224075,-0.678049,0.011745,-0.144108,-0.028597,0.989044,0.014362,-0.298141,-0.419747,0.066261,0.010842,-0.019776,0.984695,-0.17282,-0.225215,-0.606169,0.938003,walk
448,1.866667,0.013487,-0.065796,0.981041,-0.181793,-0.224066,-0.678079,0.011747,-0.151188,-0.030577,0.987946,0.013076,-0.289076,-0.416474,0.068199,0.011424,-0.020002,0.984632,-0.173116,-0.223495,-0.605256,0.938025,walk
449,1.870833,0.013605,-0.065925,0.981043,-0.181723,-0.224068,-0.678077,0.011746,-0.157958,-0.032403,0.986844,0.011723,-0.280085,-0.413228,0.070132,0.011573,-0.02011,0.984566,-0.173467,-0.221724,-0.604364,0.938133,walk
450,1.875,0.013751,-0.066133,0.981042,-0.181645,-0.224028,-0.678098,0.011746,-0.164839,-0.034492,0.985664,0.010267,-0.27116,-0.409947,0.07204,0.011524,-0.019028,0.984466,-0.174158,-0.219805,-0.603324,0.938376,walk
451,1.879167,0.013935,-0.066389,0.981027,-0.181615,-0.22402,-0.678112,0.011757,-0.170954,-0.03597,0.984581,0.009022,-0.262339,-0.406649,0.073995,0.011822,-0.018888,0.984427,-0.174375,-0.218087,-0.602354,0.938418,walk
452,1.883333,0.014072,-0.066597,0.981012,-0.181609,-0.224016,-0.678133,0.011764,-0.177856,-0.037954,0.983292,0.007951,-0.25356,-0.403331,0.07593,0.011745,-0.018326,0.984399,-0.174602,-0.216257,-0.601437,0.938476,walk
453,1.8875,0.014196,-0.066807,0.981002,-0.181578,-0.224013,-0.678149,0.011775,-0.184438,-0.039287,0.982035,0.006889,-0.244845,-0.399986,0.07782,0.011614,-0.017681,0.984403,-0.174654,-0.214597,-0.600508,0.938581,walk
454,1.891667,0.014409,-0.067161,0.980983,-0.181533,-0.224009,-0.67816,0.011784,-0.19088,-0.040389,0.980763,0.006121,-0.236189,-0.396624,0.079705,0.011955,-0.017808,0.984325,-0.175054,-0.21284,-0.59958,0.938744,walk
455,1.895833,0.014497,-0.06729,0.980963,-0.181588,-0.223985,-0.67819,0.011796,-0.197413,-0.042042,0.979403,0.005461,-0.227585,-0.393269,0.081544,0.011762,-0.017388,0.984367,-0.174875,-0.21111,-0.598545,0.938739,walk
456,1.9,0.014698,-0.067599,0.980961,-0.181467,-0.224,-0.678206,0.011811,-0.203739,-0.043471,0.978048,0.004826,-0.219059,-0.389874,0.083378,0.012026,-0.017237,0.984318,-0.175145,-0.209269,-0.597557,0.938853,walk
457,1.904167,0.014847,-0.067816,0.980957,-0.181395,-0.224015,-0.678224,0.011829,-0.209826,-0.043984,0.976739,0.004439,-0.210623,-0.38644,0.08519,0.011972,-0.017167,0.984294,-0.17529,-0.207561,-0.596527,0.938866,walk
458,1.908333,0.014985,-0.067999,0.980947,-0.181368,-0.224022,-0.678245,0.011849,-0.216143,-0.045052,0.975313,0.004073,-0.202235,-0.38296,0.086931,0.012131,-0.01691,0.984228,-0.175674,-0.205708,-0.595496,0.938962,walk
459,1.9125,0.015155,-0.068231,0.980942,-0.181296,-0.224029,-0.678262,0.01187,-0.222112,-0.045963,0.97393,0.003836,-0.193896,-0.379492,0.088657,0.011785,-0.016796,0.98427,-0.175477,-0.203947,-0.594396,0.939,walk
460,1.916667,0.015341,-0.068164,0.980916,-0.181444,-0.224074,-0.678315,0.011881,-0.227678,-0.047416,0.972577,0.002763,-0.185351,-0.375773,0.090295,0.011801,-0.016182,0.984283,-0.175459,-0.20215,-0.593368,0.939143,walk
461,1.920833,0.015313,-0.06863,0.980971,-0.180975,-0.223996,-0.678299,0.011893,-0.233509,-0.048346,0.97115,0.002196,-0.177165,-0.37225,0.091928,0.011758,-0.015671,0.984276,-0.175548,-0.200429,-0.592321,0.939152,walk
462,1.925,0.015504,-0.068691,0.980932,-0.181147,-0.224036,-0.678329,0.011911,-0.239279,-0.048193,0.969751,0.002333,-0.16925,-0.368897,0.093549,0.012002,-0.015932,0.984229,-0.175771,-0.198691,-0.591297,0.939276,walk
463,1.929167,0.015728,-0.068951,0.980918,-0.181105,-0.224041,-0.67833,0.011935,-0.24546,-0.048972,0.968167,0.002052,-0.161353,-0.36544,0.095024,0.011727,-0.015447,0.984284,-0.175523,-0.196915,-0.590149,0.939326,walk
464,1.933333,0.015946,-0.06921,0.980909,-0.181036,-0.224043,-0.678359,0.011944,-0.251404,-0.04964,0.966606,0.002038,-0.153629,-0.362114,0.096492,0.011428,-0.015295,0.984296,-0.175489,-0.195051,-0.588955,0.939305,walk
465,1.9375,0.016117,-0.069433,0.980901,-0.180979,-0.224009,-0.678392,0.011951,-0.255488,-0.046835,0.965676,0.001538,-0.145971,-0.35882,0.097729,0.011769,-0.015034,0.9843,-0.175468,-0.193326,-0.5879,0.93945,walk
466,1.941667,0.016278,-0.069604,0.980883,-0.180993,-0.224041,-0.678392,0.011973,-0.261627,-0.046314,0.964056,0.001309,-0.138283,-0.355388,0.099062,0.011606,-0.014736,0.984297,-0.17552,-0.191553,-0.58678,0.939489,walk
467,1.945833,0.016549,-0.069995,0.98084,-0.181051,-0.224119,-0.678354,0.012028,-0.266942,-0.046027,0.962613,0.000423,-0.130639,-0.351925,0.100165,0.011264,-0.014317,0.984342,-0.175326,-0.1898,-0.585648,0.939466,walk
468,1.95,0.016642,-0.069971,0.980908,-0.180683,-0.224099,-0.67838,0.012054,-0.271562,-0.044146,0.961406,-0.001843,-0.122663,-0.348492,0.101115,0.010774,-0.014209,0.984361,-0.175259,-0.187882,-0.584434,0.939389,walk
469,1.954167,0.016728,-0.07027,0.980861,-0.180813,-0.224092,-0.67841,0.012057,-0.276879,-0.040951,0.960027,-0.00295,-0.115302,-0.345314,0.101916,0.010671,-0.013445,0.984408,-0.17506,-0.186079,-0.583306,0.939437,walk
470,1.958333,0.016844,-0.070436,0.980856,-0.180767,-0.224091,-0.678421,0.012081,-0.282208,-0.038229,0.958583,-0.003974,-0.108059,-0.342069,0.102641,0.01048,-0.013351,0.98443,-0.174958,-0.184269,-0.582056,0.939404,walk
471,1.9625,0.017023,-0.070604,0.980845,-0.180743,-0.224092,-0.678444,0.012102,-0.288404,-0.037127,0.956777,-0.004728,-0.100423,-0.338788,0.103422,0.010115,-0.013045,0.984456,-0.174857,-0.182445,-0.580849,0.939336,walk
472,1.966667,0.017267,-0.070888,0.98083,-0.180692,-0.224098,-0.678471,0.012137,-0.294171,-0.035656,0.955066,-0.00642,-0.093164,-0.335452,0.104007,0.009888,-0.012466,0.984513,-0.174591,-0.180572,-0.579666,0.939377,walk
473,1.970833,0.017551,-0.071229,0.980794,-0.180725,-0.224083,-0.67849,0.01217,-0.299875,-0.034167,0.953329,-0.008419,-0.086019,-0.332291,0.104546,0.009756,-0.012482,0.984489,-0.174729,-0.178833,-0.578485,0.939347,walk
474,1.975,0.01768,-0.07135,0.980788,-0.180697,-0.2241,-0.678519,0.012197,-0.305666,-0.033468,0.951486,-0.011067,-0.078916,-0.328934,0.105012,0.009768,-0.013244,0.984628,-0.173885,-0.176975,-0.577349,0.939131,walk
475,1.979167,0.017882,-0.07158,0.98077,-0.180683,-0.224112,-0.678533,0.012223,-0.310875,-0.031864,0.949815,-0.013886,-0.071949,-0.325766,0.105352,0.009657,-0.013501,0.984637,-0.173824,-0.175191,-0.576118,0.939122,walk
476,1.983333,0.018029,-0.071809,0.980743,-0.180726,-0.224108,-0.678558,0.012246,-0.315628,-0.031469,0.948198,-0.017595,-0.065089,-0.322638,0.105657,0.009146,-0.013175,0.984677,-0.17365,-0.173429,-0.574894,0.939019,walk
477,1.9875,0.018214,-0.072015,0.980724,-0.180728,-0.224112,-0.678578,0.012276,-0.321151,-0.033169,0.9462,-0.02162,-0.0583,-0.3186,0.106524,0.008828,-0.011229,0.98457,-0.174408,-0.171466,-0.573437,0.939169,walk
478,1.991667,0.018331,-0.072199,0.980704,-0.180751,-0.224119,-0.678595,0.012299,-0.32487,-0.032309,0.944849,-0.026007,-0.051789,-0.315624,0.106771,0.008704,-0.010766,0.984607,-0.174233,-0.16962,-0.572185,0.939183,walk
479,1.995833,0.018511,-0.072392,0.980674,-0.180816,-0.224119,-0.678625,0.012323,-0.328363,-0.03207,0.943502,-0.030872,-0.045364,-0.312739,0.106891,0.008153,-0.01067,0.984621,-0.174186,-0.167745,-0.570818,0.939026,walk
480,2.0,0.018685,-0.072585,0.980648,-0.180866,-0.224129,-0.678654,0.012354,-0.331722,-0.032759,0.942118,-0.036078,-0.039076,-0.309958,0.107026,0.00793,-0.010301,0.984606,-0.174302,-0.165902,-0.569575,0.93896,walk
481,2.004167,0.018873,-0.072806,0.980614,-0.180941,-0.224136,-0.678682,0.012369,-0.333835,-0.032366,0.941148,-0.0418,-0.032967,-0.307186,0.10706,0.007491,-0.009687,0.98462,-0.174281,-0.163987,-0.568214,0.938876,walk
482,2.008333,0.018995,-0.072936,0.980587,-0.181019,-0.224151,-0.678716,0.012388,-0.336634,-0.035501,0.939719,-0.048428,-0.026834,-0.304351,0.10697,0.007222,-0.009089,0.984649,-0.17416,-0.162094,-0.566907,0.938759,walk
483,2.0125,0.019152,-0.073071,0.980575,-0.181016,-0.224166,-0.678744,0.012408,-0.338422,-0.034576,0.93881,-0.053953,-0.021018,-0.301712,0.106789,0.007194,-0.008764,0.984652,-0.174162,-0.160233,-0.565572,0.938772,walk
484,2.016667,0.019238,-0.073165,0.980564,-0.181027,-0.224181,-0.67876,0.012433,-0.34006,-0.035383,0.937844,-0.059632,-0.015163,-0.2991,0.106445,0.006718,-0.008327,0.984679,-0.174047,-0.158269,-0.564144,0.938648,walk
485,2.020833,0.019257,-0.073298,0.980556,-0.181018,-0.224214,-0.678786,0.01242,-0.341348,-0.035432,0.93701,-0.06511,-0.009424,-0.296539,0.10594,0.006709,-0.007824,0.984694,-0.173989,-0.156372,-0.562738,0.938544,walk
486,2.025,0.019306,-0.073357,0.980547,-0.181033,-0.224239,-0.678808,0.012434,-0.343053,-0.033588,0.936129,-0.069631,-0.00384,-0.294007,0.105455,0.006522,-0.007474,0.984698,-0.173989,-0.154469,-0.561351,0.938463,walk
487,2.029167,0.019364,-0.073292,0.980544,-0.18107,-0.224261,-0.678829,0.012434,-0.344332,-0.037466,0.935001,-0.076191,0.001955,-0.291562,0.104496,0.006091,-0.006712,0.984731,-0.173846,-0.152514,-0.559887,0.938345,walk
488,2.033333,0.019362,-0.073215,0.980546,-0.18109,-0.22429,-0.678851,0.012446,-0.345535,-0.03815,0.93411,-0.08117,0.007315,-0.289074,0.103587,0.005898,-0.006345,0.984762,-0.17369,-0.150504,-0.558316,0.938226,walk
489,2.0375,0.019306,-0.073096,0.980568,-0.181024,-0.224314,-0.678853,0.012445,-0.346299,-0.036374,0.93349,-0.085729,0.012479,-0.28666,0.102665,0.005581,-0.006036,0.984767,-0.173683,-0.14864,-0.556844,0.938088,walk
490,2.041667,0.019259,-0.072966,0.980588,-0.180977,-0.224353,-0.678853,0.012448,-0.346328,-0.032363,0.933253,-0.089712,0.017352,-0.284439,0.101706,0.005566,-0.005674,0.984754,-0.173771,-0.146656,-0.555346,0.937946,walk
491,2.045833,0.01925,-0.072882,0.980598,-0.180956,-0.224381,-0.678847,0.012457,-0.346545,-0.032014,0.93267,-0.094913,0.022289,-0.282256,0.100464,0.005227,-0.004769,0.984801,-0.173543,-0.144767,-0.553753,0.937796,walk
492,2.05,0.019215,-0.07274,0.980618,-0.180907,-0.224423,-0.678847,0.012463,-0.346715,-0.03303,0.931996,-0.100403,0.027075,-0.280015,0.099058,0.005054,-0.004356,0.98479,-0.173619,-0.14276,-0.55221,0.937647,walk
493,2.054167,0.019167,-0.072588,0.980645,-0.180831,-0.224457,-0.67884,0.012466,-0.346511,-0.033161,0.931481,-0.10571,0.031758,-0.277905,0.097498,0.005013,-0.003821,0.984792,-0.173625,-0.140815,-0.550627,0.937544,walk
494,2.058333,0.019171,-0.072446,0.980673,-0.180735,-0.224508,-0.678833,0.012485,-0.346708,-0.03294,0.930814,-0.110878,0.036272,-0.275835,0.095805,0.004829,-0.003214,0.984792,-0.173643,-0.138833,-0.549002,0.937331,walk
495,2.0625,0.019096,-0.072312,0.980698,-0.180662,-0.22454,-0.678831,0.012485,-0.346574,-0.033576,0.930215,-0.116015,0.040618,-0.273885,0.093998,0.004738,-0.002988,0.984782,-0.173705,-0.136756,-0.547355,0.93713,walk
496,2.066667,0.019045,-0.072092,0.980729,-0.180583,-0.224583,-0.678827,0.012505,-0.345868,-0.034529,0.929793,-0.121114,0.044765,-0.272033,0.092008,0.004511,-0.002537,0.984765,-0.173816,-0.134794,-0.545683,0.936948,walk
497,2.070833,0.019005,-0.071913,0.980759,-0.180497,-0.224632,-0.67882,0.012512,-0.344408,-0.034404,0.92978,-0.125334,0.048717,-0.270202,0.089947,0.004331,-0.002224,0.984737,-0.173982,-0.132678,-0.543938,0.936734,walk
498,2.075,0.018984,-0.071768,0.980785,-0.180418,-0.224684,-0.678819,0.012523,-0.342021,-0.035246,0.930058,-0.129504,0.052503,-0.268329,0.087749,0.004226,-0.001801,0.98474,-0.173974,-0.130627,-0.54223,0.936552,walk
499,2.079167,0.018976,-0.0716,0.980813,-0.180332,-0.224742,-0.678806,0.012544,-0.337951,-0.034351,0.931162,-0.13246,0.056029,-0.266557,0.085518,0.003778,-0.001598,0.984709,-0.174157,-0.128602,-0.540447,0.936243,walk
500,2.083333,0.019055,-0.071502,0.98083,-0.18027,-0.224787,-0.678802,0.01256,-0.336215,-0.024415,0.93193,-0.133675,0.059381,-0.26503,0.082581,0.003784,-0.000931,0.9847,-0.174216,-0.126469,-0.538684,0.936067,walk
501,2.0875,0.019063,-0.071432,0.980856,-0.180155,-0.224841,-0.678794,0.012588,-0.328653,-0.022081,0.934495,-0.134977,0.06212,-0.263396,0.080445,0.003607,-0.000179,0.984752,-0.173926,-0.124407,-0.536771,0.935923,walk
502,2.091667,0.019109,-0.071343,0.98088,-0.180052,-0.224895,-0.678782,0.012621,-0.320237,-0.021038,0.93753,-0.134325,0.064235,-0.26138,0.078181,0.003345,-4e-06,0.984711,-0.174164,-0.122233,-0.534929,0.935589,walk
503,2.095833,0.019171,-0.071265,0.980913,-0.179901,-0.224942,-0.67878,0.012647,-0.312175,-0.019615,0.940106,-0.135512,0.066492,-0.259943,0.07598,0.003042,0.000346,0.984689,-0.174294,-0.120108,-0.533057,0.93538,walk
504,2.1,0.019295,-0.071322,0.980924,-0.179801,-0.225003,-0.678771,0.012685,-0.30309,-0.018191,0.942775,-0.137773,0.06886,-0.259104,0.074041,0.002747,0.000696,0.984657,-0.174477,-0.117875,-0.531128,0.935093,walk
505,2.104167,0.019373,-0.071364,0.980937,-0.179708,-0.225056,-0.678766,0.01273,-0.294862,-0.017545,0.94518,-0.139224,0.070697,-0.257797,0.071856,0.002331,0.001315,0.984643,-0.17456,-0.115693,-0.52925,0.93483,walk
506,2.108333,0.01957,-0.071471,0.980947,-0.179586,-0.22511,-0.678758,0.012779,-0.287164,-0.01775,0.947276,-0.141034,0.072593,-0.256578,0.069496,0.002202,0.001669,0.984646,-0.174544,-0.113424,-0.527195,0.934566,walk
507,2.1125,0.01982,-0.071571,0.980971,-0.179391,-0.225175,-0.678747,0.012837,-0.279686,-0.01782,0.949275,-0.142605,0.074308,-0.255348,0.067064,0.00131,0.002058,0.984645,-0.174554,-0.11116,-0.525131,0.934178,walk
508,2.116667,0.020037,-0.071692,0.980992,-0.179203,-0.225224,-0.678739,0.012897,-0.26662,-0.021605,0.952734,-0.144029,0.07566,-0.254178,0.065626,0.000705,0.002344,0.984581,-0.174911,-0.108826,-0.523037,0.933909,walk
509,2.120833,0.020383,-0.071919,0.980992,-0.179074,-0.225272,-0.678737,0.012975,-0.256197,-0.020344,0.955366,-0.145687,0.077184,-0.252944,0.063429,-6.8e-05,0.00247,0.98454,-0.175145,-0.106489,-0.521011,0.933574,walk
510,2.125,0.020749,-0.072114,0.980985,-0.178993,-0.225304,-0.678729,0.013061,-0.245443,-0.017678,0.958077,-0.146741,0.078753,-0.252039,0.061562,-0.000993,0.002354,0.984452,-0.175634,-0.104113,-0.518824,0.933239,walk
511,2.129167,0.021277,-0.072432,0.980962,-0.178929,-0.225335,-0.678729,0.013167,-0.235374,-0.016013,0.960473,-0.147767,0.080279,-0.251331,0.060002,-0.002318,0.002359,0.98439,-0.175968,-0.101637,-0.516605,0.932815,walk
512,2.133333,0.021617,-0.072426,0.98096,-0.178897,-0.225345,-0.678749,0.013309,-0.225949,-0.014628,0.962691,-0.148189,0.081994,-0.250799,0.058618,-0.00339,0.002049,0.984261,-0.176678,-0.099177,-0.514362,0.932484,walk
513,2.1375,0.022413,-0.073016,0.980905,-0.178864,-0.225367,-0.678756,0.013428,-0.217372,-0.013773,0.964691,-0.148092,0.083763,-0.250305,0.057315,-0.004139,0.001883,0.984199,-0.177008,-0.09671,-0.51218,0.932156,walk
514,2.141667,0.023194,-0.073582,0.98085,-0.178831,-0.225367,-0.678767,0.01356,-0.20892,-0.012706,0.966708,-0.147194,0.085483,-0.249896,0.056069,-0.005067,0.001928,0.984171,-0.177139,-0.094175,-0.509938,0.931799,walk
515,2.145833,0.024085,-0.074195,0.98079,-0.17879,-0.225366,-0.678775,0.013708,-0.200801,-0.011767,0.968619,-0.146008,0.08711,-0.249499,0.054652,-0.005919,0.001617,0.984049,-0.177794,-0.091707,-0.507702,0.931461,walk
516,2.15,0.025033,-0.074832,0.980726,-0.178748,-0.225349,-0.678796,0.013856,-0.192087,-0.01094,0.970592,-0.144687,0.088436,-0.249182,0.053071,-0.006838,0.001548,0.983945,-0.178331,-0.089109,-0.505397,0.93112,walk
517,2.154167,0.026022,-0.075554,0.980661,-0.178659,-0.225323,-0.678797,0.014033,-0.183153,-0.010338,0.972596,-0.142848,0.08954,-0.249043,0.0515,-0.007594,0.001163,0.983861,-0.178768,-0.086487,-0.503077,0.930769,walk
518,2.158333,0.027233,-0.07645,0.980579,-0.178545,-0.225302,-0.678781,0.014232,-0.174527,-0.009491,0.974454,-0.141028,0.090614,-0.249,0.05007,-0.008413,0.00066,0.983703,-0.179602,-0.083957,-0.500787,0.930544,walk
519,2.1625,0.028551,-0.077334,0.980496,-0.178418,-0.225252,-0.678783,0.014449,-0.166427,-0.008382,0.976154,-0.139124,0.091705,-0.249066,0.048736,-0.009092,0.000285,0.983622,-0.180013,-0.081248,-0.498505,0.930171,walk
520,2.166667,0.030232,-0.07842,0.980381,-0.178298,-0.225169,-0.678791,0.014727,-0.158342,-0.007714,0.97782,-0.136884,0.092729,-0.249286,0.047422,-0.00956,-0.000615,0.983459,-0.18088,-0.078554,-0.496063,0.929862,walk
521,2.170833,0.032018,-0.079527,0.980276,-0.178071,-0.225068,-0.678769,0.015017,-0.150581,-0.007761,0.979384,-0.134429,0.093744,-0.249559,0.046196,-0.010337,-0.001192,0.983305,-0.181665,-0.075921,-0.49377,0.929533,walk
522,2.175,0.033954,-0.080689,0.980164,-0.177805,-0.224978,-0.678745,0.01533,-0.142936,-0.008218,0.980929,-0.131456,0.094654,-0.249818,0.045023,-0.010382,-0.002164,0.983117,-0.18267,-0.073234,-0.491456,0.929295,walk
523,2.179167,0.035956,-0.081917,0.980036,-0.177558,-0.224892,-0.67873,0.015649,-0.135356,-0.008492,0.982409,-0.128374,0.095566,-0.250033,0.043877,-0.011251,-0.002838,0.982922,-0.183657,-0.070521,-0.489094,0.929016,walk
524,2.183333,0.03854,-0.083577,0.979877,-0.177119,-0.224813,-0.67874,0.016044,-0.127736,-0.00852,0.983822,-0.125317,0.096419,-0.250219,0.042756,-0.011209,-0.003992,0.982725,-0.18469,-0.067831,-0.486694,0.928824,walk
525,2.1875,0.041825,-0.084866,0.979653,-0.177001,-0.224672,-0.678789,0.016596,-0.120785,-0.007847,0.985035,-0.122701,0.097158,-0.250355,0.041698,-0.01156,-0.004801,0.982537,-0.185647,-0.065072,-0.484331,0.928517,walk
526,2.191667,0.045692,-0.085896,0.979398,-0.176955,-0.224448,-0.678861,0.017266,-0.114548,-0.007825,0.986053,-0.120489,0.097677,-0.25044,0.040754,-0.011769,-0.005911,0.982279,-0.18696,-0.062391,-0.48202,0.928356,walk
527,2.195833,0.049879,-0.08694,0.979111,-0.176903,-0.224195,-0.67892,0.017998,-0.108427,-0.008217,0.986973,-0.118578,0.098148,-0.25047,0.039916,-0.01095,-0.008855,0.982123,-0.187711,-0.059375,-0.479715,0.92772,walk
528,2.2,0.054005,-0.088114,0.978818,-0.176731,-0.223857,-0.678925,0.01866,-0.102764,-0.007827,0.987836,-0.11644,0.098655,-0.250453,0.039116,-0.010568,-0.010319,0.981918,-0.188728,-0.056636,-0.477377,0.927448,walk
529,2.204167,0.05856,-0.089442,0.978467,-0.17656,-0.223491,-0.678963,0.019419,-0.097462,-0.007913,0.988591,-0.114573,0.099113,-0.250417,0.03836,-0.009927,-0.012315,0.981687,-0.189843,-0.053937,-0.475026,0.927142,walk
530,2.208333,0.063329,-0.091075,0.978102,-0.176101,-0.223133,-0.678997,0.020248,-0.092475,-0.007855,0.989221,-0.113259,0.099546,-0.250362,0.037605,-0.010091,-0.01308,0.981477,-0.190868,-0.051189,-0.472552,0.927015,walk
531,2.2125,0.068468,-0.092887,0.97771,-0.175406,-0.222788,-0.678974,0.021114,-0.088292,-0.008245,0.989675,-0.112606,0.099943,-0.250344,0.036879,-0.010286,-0.013506,0.981264,-0.191916,-0.048396,-0.470087,0.926933,walk
532,2.216667,0.07364,-0.094334,0.97733,-0.174657,-0.222466,-0.678888,0.022081,-0.084064,-0.008176,0.990072,-0.112359,0.100376,-0.250428,0.036242,-0.009885,-0.015116,0.980974,-0.1933,-0.045637,-0.467652,0.926872,walk
533,2.220833,0.079287,-0.094522,0.976996,-0.173946,-0.222095,-0.67874,0.023153,-0.080708,-0.005982,0.990406,-0.112011,0.100977,-0.250618,0.035665,-0.009414,-0.016172,0.980733,-0.194456,-0.04288,-0.465251,0.926729,walk
534,2.225,0.085141,-0.094368,0.976682,-0.173028,-0.221697,-0.678588,0.024354,-0.076163,-0.007765,0.990789,-0.1117,0.101441,-0.250705,0.035277,-0.00925,-0.017113,0.980473,-0.195688,-0.040014,-0.462787,0.926659,walk
535,2.229167,0.091012,-0.093858,0.976316,-0.172376,-0.221181,-0.678442,0.025613,-0.072034,-0.008658,0.991122,-0.111413,0.101646,-0.250694,0.034596,-0.008804,-0.018313,0.980201,-0.196961,-0.037214,-0.460412,0.926574,walk
536,2.233333,0.097265,-0.093109,0.975914,-0.171645,-0.220672,-0.678259,0.026942,-0.068165,-0.009479,0.991397,-0.11134,0.101916,-0.250635,0.034097,-0.008471,-0.019017,0.979933,-0.198238,-0.034429,-0.458044,0.926549,walk
537,2.2375,0.103421,-0.092391,0.975439,-0.171134,-0.220021,-0.678108,0.02826,-0.063178,-0.013725,0.991624,-0.111813,0.101641,-0.25028,0.033214,-0.008086,-0.019748,0.979581,-0.199913,-0.031658,-0.455709,0.926651,walk
538,2.241667,0.110032,-0.091671,0.974868,-0.170652,-0.219365,-0.677939,0.029631,-0.059346,-0.014677,0.991773,-0.112472,0.101856,-0.250141,0.032652,-0.007666,-0.020463,0.979361,-0.200935,-0.028814,-0.453342,0.926641,walk
539,2.245833,0.116506,-0.091091,0.974262,-0.170125,-0.21865,-0.677829,0.031005,-0.056315,-0.015066,0.9919,-0.112855,0.102062,-0.250056,0.032209,-0.008138,-0.020676,0.979084,-0.202241,-0.026005,-0.450923,0.926709,walk
540,2.25,0.12306,-0.09059,0.973568,-0.169753,-0.217862,-0.677701,0.03239,-0.053092,-0.015465,0.992032,-0.1132,0.10224,-0.249953,0.031739,-0.007921,-0.020844,0.978765,-0.20377,-0.02327,-0.448659,0.9269,walk
541,2.254167,0.129323,-0.089623,0.972867,-0.169626,-0.217025,-0.677524,0.033745,-0.051243,-0.014325,0.992133,-0.113322,0.102437,-0.249867,0.031393,-0.007674,-0.021392,0.978452,-0.205218,-0.020496,-0.4464,0.92706,walk
542,2.258333,0.134419,-0.087615,0.972331,-0.16979,-0.21612,-0.677334,0.035161,-0.04925,-0.013678,0.992201,-0.113685,0.102575,-0.249782,0.03105,-0.007796,-0.021473,0.978184,-0.20648,-0.017751,-0.44412,0.927217,walk
543,2.2625,0.141621,-0.087671,0.971376,-0.169371,-0.215265,-0.677149,0.036493,-0.04665,-0.01462,0.992236,-0.114357,0.102746,-0.24968,0.030635,-0.008474,-0.022276,0.977773,-0.208305,-0.015027,-0.44185,0.927472,walk
544,2.266667,0.148112,-0.087165,0.970522,-0.168976,-0.21434,-0.676925,0.037846,-0.044237,-0.016035,0.992245,-0.11505,0.102919,-0.24956,0.030224,-0.00876,-0.022475,0.977452,-0.209775,-0.012253,-0.439648,0.927708,walk
545,2.270833,0.152847,-0.084737,0.969965,-0.169191,-0.213209,-0.676648,0.039283,-0.041674,-0.0165,0.992283,-0.115607,0.103066,-0.249419,0.029794,-0.008494,-0.022694,0.977178,-0.211037,-0.009487,-0.437472,0.927832,walk
546,2.275,0.1587,-0.083113,0.9692,-0.168989,-0.212099,-0.676409,0.040602,-0.039398,-0.017205,0.992297,-0.116186,0.103189,-0.249293,0.029436,-0.008339,-0.022582,0.976901,-0.212334,-0.006696,-0.435282,0.928007,walk
547,2.279167,0.164301,-0.081883,0.96842,-0.168711,-0.210994,-0.676113,0.041903,-0.037184,-0.017565,0.992327,-0.116602,0.103311,-0.249196,0.029083,-0.008095,-0.022828,0.976613,-0.213634,-0.003981,-0.433216,0.928126,walk
548,2.283333,0.169896,-0.080847,0.967593,-0.16841,-0.209814,-0.675793,0.04315,-0.034948,-0.017889,0.992347,-0.117076,0.103413,-0.249086,0.028747,-0.008157,-0.022941,0.976319,-0.21496,-0.001198,-0.43111,0.928251,walk
549,2.2875,0.174835,-0.079703,0.966786,-0.168538,-0.20855,-0.675444,0.044309,-0.032762,-0.018244,0.992368,-0.117469,0.103525,-0.248997,0.028407,-0.008315,-0.022862,0.976074,-0.216071,0.001602,-0.42901,0.928447,walk
550,2.291667,0.178582,-0.078024,0.96613,-0.169154,-0.207159,-0.674993,0.045392,-0.03064,-0.018763,0.992378,-0.117881,0.103655,-0.248918,0.028086,-0.008374,-0.023123,0.975724,-0.217617,0.004305,-0.42708,0.928596,walk
551,2.295833,0.182691,-0.077119,0.965291,-0.169972,-0.205717,-0.674598,0.046366,-0.028341,-0.019033,0.992388,-0.118327,0.103822,-0.248877,0.027766,-0.008531,-0.023255,0.975402,-0.219039,0.007005,-0.425104,0.928761,walk
552,2.3,0.18641,-0.076229,0.96452,-0.170709,-0.204118,-0.674198,0.047149,-0.026089,-0.019406,0.992418,-0.118534,0.103964,-0.248852,0.027406,-0.009516,-0.023555,0.975094,-0.22033,0.009818,-0.423104,0.928936,walk
553,2.304167,0.189385,-0.075657,0.963784,-0.171844,-0.202383,-0.673726,0.047807,-0.024573,-0.018377,0.992449,-0.118754,0.104161,-0.2488,0.027206,-0.009188,-0.024273,0.974826,-0.22145,0.012483,-0.421254,0.928971,walk
554,2.308333,0.191575,-0.075181,0.963149,-0.173178,-0.200499,-0.67319,0.048351,-0.02257,-0.017963,0.992467,-0.119066,0.104318,-0.248768,0.026921,-0.009579,-0.024609,0.974564,-0.222547,0.015154,-0.419425,0.929051,walk
555,2.3125,0.193285,-0.075321,0.962538,-0.174609,-0.198463,-0.672547,0.048879,-0.020555,-0.017549,0.992509,-0.119143,0.104454,-0.248748,0.026655,-0.009429,-0.025085,0.974337,-0.223492,0.017856,-0.417612,0.929123,walk
556,2.316667,0.193967,-0.075184,0.962041,-0.176638,-0.196244,-0.671787,0.049332,-0.018797,-0.017611,0.992522,-0.119315,0.104588,-0.248738,0.026419,-0.009314,-0.025466,0.974122,-0.224391,0.020494,-0.415885,0.929173,walk
557,2.320833,0.194147,-0.075409,0.961613,-0.178666,-0.193792,-0.670904,0.04973,-0.017462,-0.017958,0.992519,-0.119489,0.104726,-0.248735,0.026225,-0.009389,-0.025865,0.973912,-0.225252,0.023109,-0.414148,0.929274,walk
558,2.325,0.193717,-0.07515,0.961327,-0.180766,-0.191145,-0.669891,0.05002,-0.016163,-0.018348,0.992536,-0.119472,0.104833,-0.248761,0.026038,-0.009451,-0.025959,0.973718,-0.226075,0.025727,-0.41245,0.92935,walk
559,2.329167,0.193053,-0.075282,0.961014,-0.18307,-0.188255,-0.668733,0.05019,-0.015107,-0.018877,0.992548,-0.119432,0.104937,-0.24881,0.025892,-0.009522,-0.026561,0.973481,-0.227023,0.028272,-0.410838,0.929409,walk
560,2.333333,0.192228,-0.075279,0.960747,-0.185331,-0.185156,-0.667479,0.050227,-0.014303,-0.01946,0.992554,-0.119388,0.105029,-0.248875,0.025788,-0.010054,-0.026434,0.973264,-0.22794,0.030873,-0.40922,0.929479,walk
561,2.3375,0.190912,-0.075433,0.960578,-0.187489,-0.181827,-0.666044,0.05022,-0.013684,-0.020118,0.992567,-0.119241,0.105089,-0.248922,0.025686,-0.0097,-0.026385,0.973063,-0.22882,0.033316,-0.40766,0.929625,walk
562,2.341667,0.189327,-0.075266,0.960554,-0.189281,-0.178334,-0.664526,0.050042,-0.013111,-0.020727,0.992576,-0.119129,0.105132,-0.248968,0.025605,-0.010174,-0.026413,0.972902,-0.229481,0.035916,-0.406099,0.929731,walk
563,2.345833,0.187136,-0.075719,0.960588,-0.191097,-0.174611,-0.66287,0.049867,-0.012662,-0.021257,0.992581,-0.119042,0.105167,-0.249008,0.025544,-0.009887,-0.026098,0.972747,-0.230185,0.038389,-0.404525,0.929895,walk
564,2.35,0.184927,-0.076082,0.960726,-0.192404,-0.170734,-0.661127,0.049596,-0.012245,-0.0217,0.992583,-0.118988,0.1052,-0.249037,0.025484,-0.010016,-0.026145,0.972575,-0.230896,0.040861,-0.403034,0.930075,walk
565,2.354167,0.18212,-0.076506,0.960989,-0.193594,-0.166617,-0.659207,0.049339,-0.01187,-0.021918,0.992595,-0.118886,0.105216,-0.249057,0.025444,-0.010228,-0.026128,0.972435,-0.231482,0.043312,-0.401517,0.93025,walk
566,2.358333,0.180096,-0.077357,0.96117,-0.194253,-0.162448,-0.657156,0.049011,-0.011588,-0.021938,0.992599,-0.118878,0.105237,-0.249075,0.025417,-0.010026,-0.026211,0.972176,-0.232566,0.045666,-0.40011,0.930672,walk
567,2.3625,0.17844,-0.078173,0.961374,-0.194446,-0.158149,-0.654935,0.048594,-0.011441,-0.021594,0.992602,-0.118925,0.105275,-0.249087,0.025414,-0.010148,-0.025806,0.972032,-0.233204,0.048102,-0.398688,0.930967,walk
568,2.366667,0.173796,-0.077249,0.962422,-0.193837,-0.153536,-0.652652,0.048287,-0.011308,-0.021231,0.992607,-0.118962,0.105287,-0.249068,0.025409,-0.010362,-0.025708,0.971929,-0.233635,0.050556,-0.397217,0.931311,walk
569,2.370833,0.170576,-0.077155,0.963178,-0.192975,-0.14875,-0.65028,0.047845,-0.011191,-0.020832,0.992609,-0.119033,0.105299,-0.249031,0.025408,-0.0101,-0.025553,0.971774,-0.23431,0.052922,-0.395851,0.931759,walk
570,2.375,0.167265,-0.077041,0.963983,-0.191898,-0.143936,-0.647667,0.047429,-0.011084,-0.020358,0.99261,-0.11911,0.10531,-0.249004,0.025412,-0.010049,-0.025407,0.971633,-0.23491,0.055262,-0.394503,0.932221,walk
571,2.379167,0.164285,-0.078094,0.964655,-0.190663,-0.13903,-0.644897,0.046957,-0.010959,-0.019996,0.992603,-0.119242,0.105315,-0.248965,0.025408,-0.009809,-0.024973,0.971552,-0.235301,0.057586,-0.393086,0.93281,walk
572,2.383333,0.161795,-0.079375,0.965284,-0.189071,-0.133992,-0.642063,0.046389,-0.010834,-0.019693,0.992607,-0.119275,0.105306,-0.248929,0.025405,-0.009866,-0.024638,0.971456,-0.235733,0.059972,-0.391747,0.933344,walk
573,2.3875,0.159354,-0.08056,0.96605,-0.186721,-0.128828,-0.639126,0.045759,-0.010696,-0.019393,0.992605,-0.119352,0.105295,-0.248899,0.025401,-0.00986,-0.024462,0.971303,-0.23638,0.062286,-0.390428,0.934018,walk
574,2.391667,0.15675,-0.081621,0.966941,-0.183828,-0.123422,-0.636139,0.045069,-0.010634,-0.019095,0.992604,-0.119417,0.105287,-0.248866,0.025406,-0.00978,-0.023913,0.97121,-0.23682,0.064599,-0.389131,0.934626,walk
575,2.395833,0.15742,-0.083755,0.967395,-0.179863,-0.117856,-0.633318,0.044084,-0.010533,-0.018855,0.992602,-0.119478,0.105286,-0.248851,0.025412,-0.009555,-0.023613,0.971164,-0.237048,0.066961,-0.387898,0.935221,walk
576,2.4,0.153337,-0.084878,0.968522,-0.176772,-0.112183,-0.630126,0.043516,-0.010477,-0.018696,0.992603,-0.119498,0.105282,-0.248844,0.025423,-0.009544,-0.022921,0.971132,-0.237245,0.069308,-0.386564,0.935915,walk
577,2.404167,0.14839,-0.085121,0.969929,-0.173127,-0.106252,-0.626863,0.042924,-0.010371,-0.018611,0.992616,-0.119416,0.105271,-0.248846,0.025424,-0.00903,-0.022715,0.97107,-0.237541,0.07158,-0.385352,0.936566,walk
578,2.408333,0.143339,-0.0854,0.971316,-0.169429,-0.100181,-0.623482,0.042378,-0.010267,-0.018719,0.992616,-0.119405,0.105273,-0.248868,0.025426,-0.010702,-0.019666,0.970646,-0.239469,0.074209,-0.383772,0.937796,walk
579,2.4125,0.138354,-0.085567,0.972625,-0.165944,-0.09396,-0.62004,0.041866,-0.010129,-0.018966,0.992623,-0.119319,0.105259,-0.248892,0.025426,-0.011235,-0.018599,0.970587,-0.239767,0.076592,-0.382516,0.93856,walk
580,2.416667,0.132727,-0.084915,0.974068,-0.162372,-0.087561,-0.61654,0.041412,-0.010028,-0.019024,0.99263,-0.119261,0.105254,-0.248919,0.025428,-0.010213,-0.018848,0.970652,-0.239533,0.078864,-0.38148,0.939071,walk
581,2.420833,0.127253,-0.08437,0.975387,-0.15909,-0.080906,-0.613014,0.040953,-0.009997,-0.019256,0.992638,-0.119159,0.105251,-0.248955,0.025429,-0.00985,-0.018062,0.970735,-0.23927,0.08115,-0.380277,0.939695,walk
582,2.425,0.121461,-0.084224,0.976729,-0.155415,-0.074184,-0.609459,0.040486,-0.009899,-0.01938,0.99265,-0.119048,0.105242,-0.248994,0.025432,-0.009301,-0.017789,0.970757,-0.239223,0.083414,-0.379154,0.940279,walk
583,2.429167,0.11601,-0.084709,0.977904,-0.151889,-0.0673,-0.60579,0.040007,-0.009795,-0.019534,0.992661,-0.118939,0.105239,-0.249036,0.025442,-0.008809,-0.017586,0.970792,-0.239117,0.085655,-0.378067,0.940834,walk
584,2.433333,0.110418,-0.085774,0.97901,-0.14829,-0.060234,-0.602135,0.039511,-0.009751,-0.019576,0.992683,-0.118751,0.105229,-0.24907,0.025452,-0.008583,-0.017049,0.970869,-0.238851,0.087952,-0.377,0.941382,walk
585,2.4375,0.104557,-0.086639,0.980068,-0.145014,-0.053059,-0.598417,0.039066,-0.009663,-0.019652,0.992701,-0.118595,0.105224,-0.249103,0.025467,-0.008396,-0.016485,0.970999,-0.238369,0.090273,-0.375902,0.94192,walk
586,2.441667,0.099244,-0.088049,0.980977,-0.141711,-0.0457,-0.594719,0.038668,-0.009606,-0.019704,0.992721,-0.118421,0.105226,-0.249134,0.025477,-0.008084,-0.016034,0.971088,-0.238046,0.092498,-0.374894,0.942399,walk
587,2.445833,0.092865,-0.089051,0.981864,-0.139243,-0.038204,-0.590939,0.038428,-0.009536,-0.019725,0.992739,-0.118279,0.105222,-0.249169,0.025492,-0.007696,-0.015343,0.97118,-0.237729,0.094691,-0.373881,0.942943,walk
588,2.45,0.087793,-0.090645,0.982543,-0.136694,-0.030547,-0.587276,0.038089,-0.009499,-0.019691,0.992751,-0.118187,0.105213,-0.249209,0.025508,-0.007339,-0.014884,0.971332,-0.237146,0.096952,-0.372844,0.943335,walk
589,2.454167,0.082235,-0.092557,0.98316,-0.134415,-0.022658,-0.583605,0.037856,-0.00945,-0.019618,0.992772,-0.118024,0.105206,-0.249234,0.025519,-0.00694,-0.014041,0.97147,-0.236645,0.09906,-0.371859,0.94383,walk
590,2.458333,0.076247,-0.093977,0.983695,-0.133035,-0.014704,-0.579858,0.03772,-0.009342,-0.019604,0.992789,-0.117893,0.105209,-0.249251,0.025522,-0.00661,-0.013863,0.971601,-0.236127,0.101289,-0.370952,0.944238,walk
591,2.4625,0.070335,-0.095287,0.98419,-0.131695,-0.006547,-0.576191,0.037613,-0.009277,-0.019447,0.992805,-0.117792,0.105213,-0.249263,0.025535,-0.006512,-0.013197,0.971772,-0.235462,0.103532,-0.370008,0.944638,walk
592,2.466667,0.064211,-0.096346,0.984707,-0.130177,0.001671,-0.572424,0.037525,-0.009187,-0.019285,0.992818,-0.11771,0.105216,-0.249268,0.025544,-0.006082,-0.012443,0.971864,-0.235134,0.105591,-0.369141,0.945044,walk
593,2.470833,0.057979,-0.096802,0.985108,-0.129731,0.010106,-0.568829,0.037528,-0.009113,-0.019118,0.992824,-0.117698,0.105223,-0.249266,0.025556,-0.005907,-0.011805,0.972017,-0.234539,0.107812,-0.368234,0.945399,walk
594,2.475,0.051637,-0.097166,0.985468,-0.129401,0.018589,-0.565214,0.037595,-0.009004,-0.018896,0.992835,-0.117649,0.105232,-0.249261,0.025568,-0.005754,-0.011126,0.972233,-0.233679,0.109967,-0.36732,0.945739,walk
595,2.479167,0.045924,-0.098188,0.98564,-0.129473,0.027215,-0.561679,0.037674,-0.008906,-0.018712,0.992836,-0.117673,0.105241,-0.249247,0.025576,-0.005421,-0.010441,0.972376,-0.233122,0.112086,-0.366505,0.946135,walk
596,2.483333,0.037341,-0.096962,0.986062,-0.129949,0.036051,-0.558186,0.038015,-0.008779,-0.018518,0.992837,-0.117706,0.105254,-0.249231,0.02558,-0.005417,-0.010004,0.972588,-0.232258,0.114262,-0.365621,0.946408,walk
597,2.4875,0.031279,-0.098012,0.986082,-0.130609,0.044896,-0.554758,0.03822,-0.008633,-0.018285,0.992839,-0.117735,0.10527,-0.249218,0.025585,-0.004901,-0.009865,0.972746,-0.231611,0.116337,-0.364828,0.946721,walk
598,2.491667,0.026022,-0.099196,0.985939,-0.131935,0.053717,-0.551301,0.038456,-0.00848,-0.018104,0.992833,-0.117825,0.105292,-0.249202,0.025591,-0.004906,-0.009319,0.972875,-0.231091,0.118459,-0.364059,0.946956,walk
599,2.495833,0.019785,-0.099663,0.985806,-0.133648,0.062638,-0.547839,0.038806,-0.008314,-0.017964,0.992836,-0.117838,0.105307,-0.249196,0.0256,-0.004797,-0.00916,0.973094,-0.230177,0.12059,-0.363265,0.947202,walk
600,2.5,0.014317,-0.100889,0.985548,-0.135318,0.071607,-0.544438,0.039168,-0.008153,-0.017735,0.992832,-0.117916,0.10533,-0.24918,0.025602,-0.004893,-0.009067,0.973202,-0.229721,0.122662,-0.362596,0.947371,walk
601,2.504167,0.009151,-0.101814,0.985204,-0.137559,0.08063,-0.541033,0.039581,-0.008003,-0.017599,0.992828,-0.117978,0.105345,-0.249156,0.025607,-0.004718,-0.009198,0.973405,-0.22886,0.124771,-0.361819,0.94764,walk
602,2.508333,0.003102,-0.101934,0.984892,-0.139959,0.089728,-0.537642,0.040093,-0.007869,-0.017495,0.992827,-0.118009,0.105367,-0.249155,0.025608,-0.004723,-0.008816,0.973542,-0.228289,0.126775,-0.361086,0.947843,walk
603,2.5125,-0.004322,-0.101098,0.984661,-0.142138,0.098953,-0.534278,0.04076,-0.007699,-0.017406,0.992824,-0.118062,0.105388,-0.249151,0.02561,-0.004543,-0.008853,0.973712,-0.227566,0.128789,-0.360336,0.948047,walk
604,2.516667,-0.011214,-0.100806,0.984295,-0.144486,0.108251,-0.530968,0.041456,-0.007542,-0.017335,0.992821,-0.118103,0.105412,-0.249144,0.025606,-0.004791,-0.008919,0.973834,-0.227034,0.130819,-0.359656,0.948163,walk
605,2.520833,-0.017505,-0.100544,0.983927,-0.146534,0.117604,-0.527656,0.042117,-0.007419,-0.017379,0.992816,-0.118151,0.105432,-0.249138,0.025606,-0.005065,-0.008948,0.973957,-0.226498,0.13292,-0.358962,0.948331,walk
606,2.525,-0.02159,-0.102542,0.983215,-0.149359,0.126389,-0.523962,0.042769,-0.007263,-0.01743,0.992811,-0.118195,0.105456,-0.249137,0.025607,-0.005384,-0.008951,0.974075,-0.225985,0.134877,-0.358231,0.9485,walk
607,2.529167,-0.028056,-0.102819,0.982692,-0.15152,0.135692,-0.520605,0.043629,-0.00713,-0.0174,0.992809,-0.118224,0.105477,-0.249137,0.02561,-0.005526,-0.008981,0.974214,-0.22538,0.136897,-0.357534,0.948602,walk
608,2.533333,-0.034506,-0.102532,0.982174,-0.153724,0.145029,-0.517176,0.044506,-0.007012,-0.017418,0.992804,-0.118266,0.105493,-0.249138,0.025604,-0.005645,-0.009044,0.97432,-0.224915,0.138846,-0.35679,0.948761,walk
609,2.5375,-0.041279,-0.102587,0.98157,-0.155858,0.154287,-0.513716,0.045477,-0.006911,-0.017496,0.9928,-0.118294,0.105511,-0.249144,0.025603,-0.006111,-0.009297,0.974398,-0.224554,0.140852,-0.356183,0.948764,walk
610,2.541667,-0.048207,-0.102553,0.980984,-0.157574,0.163594,-0.510264,0.046503,-0.00681,-0.01748,0.9928,-0.11831,0.105529,-0.249142,0.025607,-0.006168,-0.009785,0.974482,-0.224169,0.142799,-0.355535,0.948849,walk
611,2.545833,-0.054447,-0.102528,0.98041,-0.159125,0.172863,-0.506821,0.047485,-0.00666,-0.01758,0.992793,-0.118358,0.105548,-0.249141,0.025606,-0.006669,-0.009921,0.974541,-0.223892,0.144795,-0.354844,0.948937,walk
612,2.55,-0.060431,-0.10373,0.979687,-0.160627,0.181954,-0.50312,0.048564,-0.00657,-0.017636,0.992787,-0.118404,0.105564,-0.249149,0.025606,-0.006907,-0.009798,0.974604,-0.223615,0.146714,-0.354123,0.948995,walk
613,2.554167,-0.066263,-0.105062,0.978904,-0.162228,0.191087,-0.49952,0.049656,-0.006581,-0.017844,0.992785,-0.118391,0.105588,-0.249113,0.025597,-0.006942,-0.010463,0.974627,-0.22348,0.148725,-0.35358,0.948977,walk
614,2.558333,-0.072156,-0.106229,0.978159,-0.163442,0.200133,-0.49585,0.050824,-0.006231,-0.017472,0.992791,-0.118415,0.105569,-0.249136,0.02563,-0.007148,-0.010457,0.974608,-0.223558,0.150622,-0.352969,0.949062,walk
615,2.5625,-0.078306,-0.1077,0.977343,-0.164528,0.209186,-0.492194,0.052032,-0.00567,-0.016785,0.992789,-0.118561,0.10554,-0.249174,0.025687,-0.007206,-0.01086,0.974703,-0.223124,0.152656,-0.352279,0.949087,walk
616,2.566667,-0.084214,-0.108628,0.976623,-0.165273,0.218144,-0.488456,0.053245,-0.00539,-0.016473,0.992779,-0.118701,0.10554,-0.249196,0.025722,-0.007418,-0.011125,0.974663,-0.223281,0.154523,-0.351641,0.949065,walk
617,2.570833,-0.09007,-0.110071,0.975823,-0.165954,0.22714,-0.48472,0.05452,-0.005313,-0.016442,0.992767,-0.118804,0.105541,-0.249197,0.025721,-0.007477,-0.011398,0.974623,-0.223438,0.156556,-0.351085,0.949082,walk
618,2.575,-0.096373,-0.111464,0.974962,-0.166544,0.236054,-0.480949,0.055863,-0.005308,-0.016565,0.992759,-0.11886,0.105544,-0.24919,0.025713,-0.007469,-0.011555,0.974573,-0.223649,0.15848,-0.350514,0.949075,walk
619,2.579167,-0.102849,-0.113034,0.974016,-0.167146,0.244906,-0.47715,0.057279,-0.005251,-0.016695,0.992748,-0.118933,0.105547,-0.249165,0.025719,-0.007585,-0.012109,0.97449,-0.223974,0.16032,-0.349936,0.949123,walk
620,2.583333,-0.108347,-0.114845,0.973219,-0.167083,0.253711,-0.473333,0.05864,-0.005274,-0.0166,0.992743,-0.118983,0.105551,-0.249183,0.025716,-0.007732,-0.012289,0.974366,-0.2245,0.162206,-0.349396,0.949138,walk
621,2.5875,-0.113327,-0.116852,0.972371,-0.167322,0.262326,-0.469438,0.059886,-0.005171,-0.016508,0.992745,-0.118992,0.105549,-0.249168,0.025736,-0.007651,-0.012373,0.974231,-0.225081,0.164069,-0.348884,0.94922,walk
622,2.591667,-0.116685,-0.120249,0.971483,-0.167764,0.270702,-0.465433,0.061037,-0.005094,-0.016542,0.992728,-0.119126,0.10553,-0.24918,0.025736,-0.007521,-0.013123,0.974118,-0.225534,0.166056,-0.348326,0.949208,walk
623,2.595833,-0.122122,-0.122336,0.970546,-0.167809,0.279272,-0.461592,0.062445,-0.005103,-0.016247,0.992726,-0.119186,0.105501,-0.249178,0.025769,-0.007486,-0.013336,0.974032,-0.225893,0.168044,-0.347809,0.949216,walk
624,2.6,-0.127269,-0.124798,0.969539,-0.167996,0.287795,-0.457785,0.063908,-0.005072,-0.016194,0.992714,-0.119297,0.105496,-0.249192,0.025787,-0.007392,-0.013,0.973955,-0.226249,0.17008,-0.347209,0.949225,walk
625,2.604167,-0.132623,-0.126636,0.968569,-0.168074,0.296252,-0.453905,0.065315,-0.005023,-0.016203,0.992693,-0.11947,0.105497,-0.249196,0.025788,-0.007492,-0.013567,0.973855,-0.22664,0.172144,-0.346609,0.949196,walk
626,2.608333,-0.138027,-0.128697,0.967522,-0.168188,0.304649,-0.450118,0.066742,-0.005005,-0.015955,0.992679,-0.119618,0.105515,-0.249167,0.025819,-0.007512,-0.013646,0.973779,-0.226963,0.17422,-0.346049,0.949204,walk
627,2.6125,-0.142952,-0.130934,0.966446,-0.168535,0.3129,-0.446331,0.068234,-0.005428,-0.016673,0.992669,-0.119587,0.105478,-0.249219,0.025766,-0.007543,-0.014004,0.973619,-0.227626,0.176261,-0.34552,0.949215,walk
628,2.616667,-0.148277,-0.13306,0.965316,-0.168745,0.321221,-0.442556,0.069656,-0.005672,-0.01709,0.992657,-0.119612,0.105493,-0.24919,0.025741,-0.0064,-0.015364,0.973465,-0.228229,0.178489,-0.345044,0.949226,walk
629,2.620833,-0.153217,-0.135358,0.964093,-0.169492,0.329444,-0.438792,0.0711,-0.005641,-0.017226,0.992649,-0.119667,0.105489,-0.249187,0.025741,-0.006226,-0.01644,0.973205,-0.229265,0.180478,-0.344615,0.949245,walk
630,2.625,-0.158139,-0.137333,0.962899,-0.170169,0.337532,-0.435096,0.072571,-0.005631,-0.017256,0.992628,-0.119832,0.105475,-0.249199,0.025749,-0.00614,-0.017233,0.973044,-0.229892,0.182501,-0.344097,0.949237,walk
631,2.629167,-0.163166,-0.138495,0.961883,-0.170225,0.345599,-0.431425,0.073958,-0.005534,-0.017118,0.992619,-0.119935,0.105453,-0.249225,0.025763,-0.006471,-0.018124,0.972894,-0.230449,0.184758,-0.343452,0.94914,walk
632,2.633333,-0.167976,-0.140218,0.960679,-0.170934,0.353632,-0.427765,0.075336,-0.005529,-0.017295,0.99259,-0.12015,0.105457,-0.249248,0.025749,-0.006976,-0.019499,0.97263,-0.231436,0.187036,-0.342844,0.948989,walk
633,2.6375,-0.172223,-0.142128,0.959416,-0.172222,0.361378,-0.42416,0.076766,-0.005465,-0.017438,0.992567,-0.120317,0.105457,-0.249242,0.025757,-0.006973,-0.020391,0.972443,-0.232143,0.18926,-0.342327,0.948977,walk
634,2.641667,-0.176722,-0.143567,0.95818,-0.173344,0.369161,-0.420576,0.07816,-0.005421,-0.017453,0.992548,-0.120481,0.105452,-0.249242,0.025765,-0.00726,-0.020894,0.972273,-0.2328,0.191515,-0.341824,0.948936,walk
635,2.645833,-0.181541,-0.145647,0.956768,-0.174427,0.376898,-0.417017,0.079481,-0.005359,-0.017495,0.992536,-0.120575,0.10544,-0.249256,0.025779,-0.006832,-0.021224,0.97211,-0.233464,0.193704,-0.34138,0.94903,walk
636,2.65,-0.185864,-0.147395,0.955435,-0.175709,0.384494,-0.413499,0.080816,-0.00555,-0.017731,0.992494,-0.120877,0.105434,-0.249249,0.025782,-0.007327,-0.021489,0.9719,-0.234296,0.195762,-0.340901,0.948972,walk
637,2.654167,-0.190315,-0.148523,0.954174,-0.17684,0.392029,-0.409994,0.082114,-0.005752,-0.018004,0.992439,-0.121278,0.10542,-0.249242,0.02581,-0.007069,-0.022197,0.971772,-0.23477,0.198169,-0.340398,0.948985,walk
638,2.658333,-0.194642,-0.149929,0.952864,-0.178008,0.399455,-0.406548,0.083321,-0.005732,-0.018501,0.9924,-0.121521,0.105433,-0.249295,0.025785,-0.0072,-0.02243,0.971622,-0.235362,0.200468,-0.339903,0.949017,walk
639,2.6625,-0.198616,-0.15118,0.951559,-0.179532,0.406766,-0.403114,0.084545,-0.005348,-0.01858,0.992438,-0.121215,0.105405,-0.249329,0.02576,-0.00747,-0.022905,0.971446,-0.236036,0.202757,-0.339424,0.948939,walk
640,2.666667,-0.20209,-0.15299,0.950228,-0.181164,0.413998,-0.399763,0.085722,-0.004939,-0.018684,0.992442,-0.121184,0.105373,-0.249367,0.025753,-0.007509,-0.023308,0.97129,-0.236633,0.20501,-0.33897,0.948958,walk
641,2.670833,-0.205583,-0.154843,0.948863,-0.182807,0.421191,-0.396406,0.086832,-0.004984,-0.018406,0.992378,-0.121744,0.105403,-0.249337,0.025796,-0.007719,-0.023732,0.971085,-0.237426,0.207332,-0.338483,0.94893,walk
642,2.675,-0.20936,-0.156005,0.947537,-0.184404,0.428155,-0.393089,0.087922,-0.004891,-0.01853,0.992344,-0.12201,0.105398,-0.249343,0.025808,-0.007749,-0.0243,0.970951,-0.237913,0.209576,-0.338065,0.948938,walk
643,2.679167,-0.212774,-0.157418,0.946199,-0.186156,0.435073,-0.389804,0.088937,-0.004711,-0.018699,0.992319,-0.122192,0.105375,-0.249367,0.02583,-0.008353,-0.024712,0.970756,-0.238645,0.21194,-0.337611,0.948831,walk
644,2.683333,-0.216367,-0.159402,0.944609,-0.18839,0.44188,-0.386542,0.089952,-0.004663,-0.018791,0.9923,-0.122339,0.10536,-0.249389,0.025846,-0.008272,-0.025086,0.970618,-0.239172,0.214246,-0.337129,0.948865,walk
645,2.6875,-0.219792,-0.160614,0.943224,-0.190326,0.448609,-0.383357,0.090801,-0.00462,-0.01895,0.992278,-0.122488,0.105347,-0.249407,0.025848,-0.008327,-0.025396,0.970468,-0.239745,0.216528,-0.336773,0.948836,walk
646,2.691667,-0.223236,-0.161892,0.941796,-0.192294,0.455283,-0.380201,0.091609,-0.004605,-0.019087,0.99226,-0.122617,0.105338,-0.249428,0.025858,-0.00838,-0.025817,0.970283,-0.240448,0.218773,-0.33637,0.948887,walk
647,2.695833,-0.226027,-0.162438,0.940748,-0.1937,0.461926,-0.377027,0.092291,-0.004734,-0.01909,0.99224,-0.122775,0.105322,-0.249463,0.025834,-0.008493,-0.026558,0.970097,-0.241112,0.221151,-0.335919,0.948867,walk
648,2.7,-0.229343,-0.162919,0.939517,-0.195364,0.468432,-0.37387,0.092946,-0.004742,-0.019114,0.992219,-0.122937,0.105319,-0.249482,0.025834,-0.00871,-0.027372,0.96985,-0.242004,0.223459,-0.335593,0.948799,walk
649,2.704167,-0.232455,-0.163592,0.938284,-0.197045,0.474808,-0.370803,0.093488,-0.00467,-0.019407,0.992208,-0.122982,0.105319,-0.249499,0.025849,-0.008451,-0.027946,0.969629,-0.24283,0.22579,-0.335227,0.948861,walk
650,2.708333,-0.235825,-0.164339,0.936897,-0.199004,0.481141,-0.367758,0.093903,-0.004593,-0.019606,0.99219,-0.123102,0.1053,-0.249521,0.025857,-0.008394,-0.028458,0.969495,-0.243308,0.228227,-0.334845,0.948809,walk
651,2.7125,-0.238836,-0.165123,0.935587,-0.200918,0.487337,-0.364749,0.094231,-0.004522,-0.019618,0.992168,-0.123281,0.105279,-0.249536,0.025872,-0.008601,-0.028664,0.969432,-0.243527,0.230631,-0.334454,0.948744,walk
652,2.716667,-0.242612,-0.165319,0.934169,-0.202826,0.493464,-0.361808,0.09448,-0.004498,-0.01972,0.992154,-0.123377,0.105262,-0.249559,0.025875,-0.009068,-0.0294,0.969236,-0.244202,0.233206,-0.333976,0.948536,walk
653,2.720833,-0.246348,-0.165701,0.932707,-0.20473,0.499505,-0.358881,0.094598,-0.00415,-0.019817,0.992175,-0.123201,0.105255,-0.249624,0.025856,-0.009315,-0.02968,0.969165,-0.244443,0.235665,-0.333563,0.948422,walk
654,2.725,-0.249467,-0.166451,0.931293,-0.206771,0.505385,-0.355995,0.09457,-0.003861,-0.019574,0.99219,-0.12313,0.105244,-0.249651,0.025847,-0.009371,-0.030099,0.969069,-0.244766,0.238154,-0.333207,0.948321,walk
655,2.729167,-0.253362,-0.166577,0.929744,-0.208891,0.511271,-0.353235,0.094434,-0.003993,-0.020063,0.992167,-0.123229,0.105247,-0.249683,0.025849,-0.009399,-0.030367,0.969012,-0.244962,0.240694,-0.332782,0.948168,walk
656,2.733333,-0.256875,-0.166824,0.928184,-0.211327,0.517022,-0.350561,0.094132,-0.004258,-0.02057,0.992126,-0.123467,0.105245,-0.249686,0.025856,-0.009799,-0.030821,0.968886,-0.245384,0.243266,-0.332373,0.947981,walk
657,2.7375,-0.260441,-0.167246,0.926642,-0.213385,0.522613,-0.347832,0.093713,-0.004126,-0.020723,0.992116,-0.123533,0.105229,-0.24972,0.02585,-0.009951,-0.031399,0.968787,-0.245695,0.245824,-0.331972,0.947844,walk
658,2.741667,-0.263952,-0.167646,0.925198,-0.215016,0.528074,-0.345123,0.093145,-0.004198,-0.02104,0.992088,-0.123698,0.105219,-0.249741,0.025848,-0.010185,-0.031781,0.968697,-0.245992,0.248462,-0.331626,0.947597,walk
659,2.745833,-0.267364,-0.167723,0.923731,-0.217042,0.533449,-0.34253,0.092412,-0.00407,-0.02091,0.992079,-0.123799,0.105202,-0.249756,0.025862,-0.009992,-0.032129,0.968666,-0.246079,0.251054,-0.331255,0.947471,walk
660,2.75,-0.270647,-0.168315,0.922207,-0.218984,0.53869,-0.339986,0.091506,-0.004205,-0.021442,0.992067,-0.123797,0.105187,-0.249796,0.02586,-0.010001,-0.032254,0.968592,-0.246351,0.253671,-0.330923,0.947335,walk
661,2.754167,-0.274092,-0.167905,0.920795,-0.220947,0.543798,-0.33762,0.090473,-0.004186,-0.02168,0.992057,-0.123836,0.105187,-0.249821,0.025867,-0.010152,-0.033007,0.968498,-0.246615,0.25638,-0.330549,0.947051,walk
662,2.758333,-0.277149,-0.168089,0.91947,-0.22251,0.548743,-0.335298,0.08925,-0.004214,-0.022024,0.992038,-0.123924,0.105195,-0.249839,0.025874,-0.010275,-0.033301,0.968426,-0.246852,0.259057,-0.330196,0.946885,walk
663,2.7625,-0.279912,-0.168068,0.91837,-0.223606,0.553464,-0.332971,0.087902,-0.004216,-0.022311,0.992022,-0.124008,0.105179,-0.249878,0.025872,-0.010028,-0.033519,0.968441,-0.246775,0.261728,-0.329868,0.946694,walk
664,2.766667,-0.282521,-0.167325,0.917355,-0.22504,0.558079,-0.330832,0.086327,-0.004166,-0.022536,0.992004,-0.124109,0.105172,-0.249901,0.02588,-0.010637,-0.034238,0.968324,-0.247108,0.264528,-0.32951,0.946331,walk
665,2.770833,-0.284396,-0.166808,0.916486,-0.226598,0.562621,-0.328617,0.084556,-0.004118,-0.022709,0.991987,-0.124214,0.105151,-0.249932,0.025889,-0.010289,-0.034359,0.968325,-0.247103,0.26725,-0.329195,0.946194,walk
666,2.775,-0.284419,-0.166415,0.916184,-0.228075,0.566763,-0.326583,0.082713,-0.004117,-0.022876,0.991969,-0.124327,0.105136,-0.249971,0.025898,-0.010438,-0.034764,0.968254,-0.24732,0.270074,-0.328903,0.945919,walk
667,2.779167,-0.284572,-0.166611,0.915687,-0.229733,0.570815,-0.324658,0.080734,-0.004089,-0.023115,0.991958,-0.12437,0.105119,-0.249999,0.025901,-0.010454,-0.035251,0.968233,-0.247333,0.272882,-0.328537,0.945639,walk
668,2.783333,-0.283744,-0.1665,0.915603,-0.231168,0.574542,-0.322856,0.078647,-0.00408,-0.023272,0.99195,-0.124409,0.105116,-0.250031,0.025902,-0.010503,-0.035434,0.968199,-0.247438,0.275652,-0.328277,0.94543,walk
669,2.7875,-0.281475,-0.165849,0.916137,-0.232291,0.577916,-0.321225,0.076518,-0.004045,-0.023514,0.991933,-0.1245,0.105115,-0.25006,0.025912,-0.010793,-0.036051,0.968131,-0.247601,0.27855,-0.327989,0.945072,walk
670,2.791667,-0.278699,-0.164894,0.916975,-0.233008,0.580964,-0.319717,0.074264,-0.003964,-0.023792,0.991919,-0.124556,0.10511,-0.250096,0.025921,-0.010882,-0.036619,0.968085,-0.247695,0.281466,-0.32769,0.944778,walk
671,2.795833,-0.275222,-0.163221,0.918218,-0.233425,0.583723,-0.318352,0.071891,-0.003896,-0.023814,0.991896,-0.124743,0.105084,-0.250118,0.025936,-0.010888,-0.036876,0.968088,-0.247644,0.284292,-0.32741,0.944559,walk
672,2.8,-0.271323,-0.161117,0.919717,-0.233552,0.586238,-0.317083,0.069403,-0.003892,-0.023928,0.991877,-0.124868,0.105068,-0.250151,0.025944,-0.011038,-0.037456,0.968054,-0.247682,0.287333,-0.327148,0.944201,walk
673,2.804167,-0.266585,-0.158401,0.921522,-0.23375,0.588491,-0.316005,0.06687,-0.003864,-0.024102,0.991862,-0.124955,0.105048,-0.250182,0.025955,-0.01132,-0.038136,0.967998,-0.247786,0.290345,-0.326894,0.943819,walk
674,2.808333,-0.260386,-0.156769,0.923571,-0.23375,0.590385,-0.315068,0.064232,-0.003828,-0.024187,0.991856,-0.124988,0.10504,-0.250211,0.02597,-0.011249,-0.038171,0.968028,-0.247667,0.293273,-0.326627,0.943597,walk
675,2.8125,-0.250797,-0.156129,0.926032,-0.234922,0.59204,-0.314493,0.061951,-0.003775,-0.024466,0.991835,-0.125102,0.105038,-0.250248,0.025986,-0.011722,-0.039367,0.967953,-0.247751,0.296435,-0.326336,0.943108,walk
676,2.816667,-0.237255,-0.156097,0.929131,-0.236767,0.593487,-0.314075,0.060259,-0.003733,-0.024716,0.991807,-0.125275,0.105026,-0.25029,0.025994,-0.012008,-0.039828,0.967903,-0.247856,0.299453,-0.326099,0.942766,walk
677,2.820833,-0.222094,-0.154954,0.932874,-0.237508,0.594681,-0.313743,0.058996,-0.003722,-0.02499,0.99178,-0.125436,0.105007,-0.250317,0.026004,-0.012007,-0.040112,0.967955,-0.247608,0.302558,-0.325824,0.942515,walk
678,2.825,-0.208407,-0.153304,0.936469,-0.236833,0.595989,-0.313164,0.057839,-0.003706,-0.025178,0.991759,-0.125567,0.104992,-0.250349,0.026017,-0.011783,-0.040431,0.968027,-0.247286,0.305624,-0.325561,0.942185,walk
679,2.829167,-0.19914,-0.147967,0.939743,-0.235229,0.597443,-0.312387,0.056571,-0.003692,-0.025325,0.991739,-0.125694,0.104981,-0.250379,0.026038,-0.011546,-0.040433,0.968114,-0.246954,0.308596,-0.325419,0.94189,walk
680,2.833333,-0.190213,-0.139416,0.943426,-0.233086,0.598755,-0.311487,0.055418,-0.003714,-0.025257,0.991734,-0.125743,0.104976,-0.250399,0.026059,-0.013282,-0.042973,0.967784,-0.247734,0.312154,-0.325045,0.941114,walk
681,2.8375,-0.183479,-0.134854,0.945475,-0.232868,0.600438,-0.310485,0.054006,-0.003678,-0.02528,0.991727,-0.125796,0.104963,-0.250423,0.026074,-0.014169,-0.044215,0.967667,-0.247921,0.315527,-0.324784,0.940563,walk
682,2.841667,-0.17545,-0.134758,0.946667,-0.234265,0.602095,-0.309634,0.052478,-0.00358,-0.025287,0.991716,-0.125886,0.104951,-0.250442,0.026096,-0.014415,-0.044448,0.967747,-0.247552,0.318785,-0.324552,0.940173,walk
683,2.845833,-0.169687,-0.132675,0.947403,-0.236708,0.603766,-0.30905,0.051083,-0.003534,-0.025275,0.991702,-0.126002,0.104942,-0.250462,0.026114,-0.014415,-0.044339,0.967894,-0.246996,0.321968,-0.324255,0.939918,walk
684,2.85,-0.15987,-0.13514,0.948331,-0.238429,0.604935,-0.308552,0.049465,-0.003416,-0.025003,0.991697,-0.126095,0.104931,-0.250475,0.02614,-0.014011,-0.044045,0.968065,-0.2464,0.325103,-0.32415,0.939607,walk
685,2.854167,-0.150296,-0.133209,0.949896,-0.239507,0.605938,-0.30798,0.048161,-0.003343,-0.024832,0.991701,-0.126102,0.104923,-0.250481,0.026166,-0.016393,-0.046327,0.96771,-0.24723,0.328949,-0.32376,0.938856,walk
686,2.858333,-0.140604,-0.129046,0.951894,-0.23974,0.606733,-0.307376,0.046985,-0.003244,-0.024503,0.991716,-0.126049,0.104912,-0.250482,0.026203,-0.0175,-0.047943,0.967589,-0.24732,0.332493,-0.323446,0.938176,walk
687,2.8625,-0.132796,-0.122343,0.95384,-0.239974,0.60742,-0.306756,0.045885,-0.003203,-0.024313,0.99173,-0.125975,0.104903,-0.250487,0.026263,-0.018293,-0.048286,0.967607,-0.247125,0.335991,-0.323171,0.937747,walk
688,2.866667,-0.127266,-0.116662,0.955215,-0.240326,0.608058,-0.306192,0.044538,-0.00315,-0.02401,0.991747,-0.125903,0.104893,-0.25049,0.026321,-0.019042,-0.048487,0.967626,-0.246954,0.339482,-0.322852,0.937353,walk
689,2.870833,-0.121764,-0.112781,0.956333,-0.240585,0.608621,-0.305716,0.043228,-0.002982,-0.023496,0.991763,-0.125881,0.104892,-0.250492,0.02638,-0.019717,-0.048388,0.967714,-0.246575,0.343001,-0.322522,0.936976,walk
690,2.875,-0.116163,-0.110295,0.957192,-0.24109,0.609258,-0.305223,0.041996,-0.002718,-0.022883,0.991775,-0.125905,0.104913,-0.250483,0.026449,-0.019688,-0.047476,0.967799,-0.24642,0.346386,-0.322179,0.93684,walk
691,2.879167,-0.109838,-0.107192,0.958195,-0.241472,0.609865,-0.304663,0.040881,-0.002445,-0.022302,0.991779,-0.125978,0.104943,-0.250478,0.026514,-0.019894,-0.046896,0.967947,-0.245933,0.349728,-0.322012,0.936517,walk
692,2.883333,-0.103348,-0.103718,0.959258,-0.241634,0.610477,-0.304011,0.039989,-0.002105,-0.021481,0.991791,-0.126033,0.104988,-0.250466,0.026587,-0.020509,-0.04626,0.968065,-0.24554,0.353312,-0.32181,0.936235,walk
693,2.8875,-0.098157,-0.100012,0.960153,-0.241804,0.610947,-0.303424,0.038944,-0.001751,-0.020732,0.991807,-0.126038,0.10503,-0.250452,0.026674,-0.021153,-0.045621,0.968127,-0.245358,0.356969,-0.32152,0.935936,walk
694,2.891667,-0.092719,-0.096888,0.960955,-0.242034,0.611276,-0.302905,0.038087,-0.001305,-0.019838,0.991819,-0.126095,0.105088,-0.250441,0.02678,-0.022149,-0.045504,0.968152,-0.245195,0.360649,-0.32114,0.935543,walk
695,2.895833,-0.088239,-0.09364,0.96165,-0.242228,0.611506,-0.302465,0.037188,-0.000718,-0.018698,0.99183,-0.126187,0.105162,-0.250428,0.02691,-0.023161,-0.045447,0.968185,-0.244983,0.364354,-0.320748,0.935153,walk
696,2.9,-0.084091,-0.090488,0.962222,-0.242631,0.611655,-0.302011,0.036198,6e-06,-0.017477,0.991837,-0.126309,0.105257,-0.25042,0.027056,-0.024298,-0.045292,0.968222,-0.244753,0.368114,-0.320333,0.934737,walk
697,2.904167,-0.078824,-0.086694,0.96287,-0.243214,0.61177,-0.301585,0.03544,0.00083,-0.0163,0.991836,-0.126472,0.105389,-0.250416,0.027233,-0.025392,-0.045449,0.968304,-0.244287,0.371725,-0.319833,0.934382,walk
698,2.908333,-0.07335,-0.084056,0.963274,-0.244247,0.611932,-0.301114,0.034724,0.001799,-0.014968,0.991832,-0.126656,0.105546,-0.250398,0.027413,-0.026507,-0.045552,0.968426,-0.243667,0.375347,-0.319314,0.933979,walk
699,2.9125,-0.066477,-0.08388,0.963447,-0.245592,0.612045,-0.300611,0.034018,0.003209,-0.013477,0.991858,-0.126593,0.105698,-0.250354,0.027662,-0.027967,-0.044996,0.968626,-0.242809,0.378998,-0.318739,0.933614,walk
700,2.916667,-0.064231,-0.078472,0.963704,-0.246965,0.612258,-0.300054,0.033316,0.004716,-0.011659,0.991891,-0.126467,0.105881,-0.250291,0.027956,-0.028421,-0.044813,0.968732,-0.242368,0.382386,-0.318144,0.933312,walk
701,2.920833,-0.058473,-0.078216,0.963766,-0.248229,0.612352,-0.29953,0.032564,0.006162,-0.009553,0.991945,-0.126155,0.106051,-0.25022,0.028267,-0.02931,-0.044456,0.968922,-0.241569,0.385817,-0.317573,0.932965,walk
702,2.925,-0.054671,-0.075388,0.963947,-0.249269,0.612395,-0.299001,0.031871,0.007815,-0.007374,0.992012,-0.125688,0.106242,-0.250103,0.028636,-0.029692,-0.044618,0.968968,-0.241305,0.389232,-0.317023,0.93266,walk
703,2.929167,-0.050532,-0.072253,0.9642,-0.250089,0.612381,-0.298531,0.031254,0.009981,-0.005085,0.992105,-0.124914,0.106457,-0.249945,0.029109,-0.030007,-0.044044,0.969115,-0.240781,0.392835,-0.316506,0.932354,walk
704,2.933333,-0.046355,-0.070027,0.964336,-0.251004,0.612347,-0.298167,0.03072,0.012725,-0.002755,0.992199,-0.123986,0.1067,-0.249709,0.029708,-0.032752,-0.046163,0.96873,-0.241576,0.397056,-0.315787,0.931696,walk
705,2.9375,-0.042754,-0.067408,0.964365,-0.252247,0.61243,-0.297847,0.030173,0.016369,-0.000249,0.992334,-0.122494,0.106964,-0.249381,0.030443,-0.034127,-0.04623,0.968799,-0.241095,0.400791,-0.315254,0.931252,walk
706,2.941667,-0.039653,-0.064377,0.964403,-0.253398,0.612568,-0.297553,0.029511,0.020608,0.002139,0.992448,-0.120902,0.107246,-0.248971,0.031345,-0.034245,-0.044558,0.969122,-0.240095,0.404265,-0.314745,0.931208,walk
707,2.945833,-0.03699,-0.061382,0.964388,-0.254596,0.612711,-0.297307,0.02888,0.02496,0.004632,0.99256,-0.119081,0.10757,-0.248505,0.032302,-0.034421,-0.043002,0.969558,-0.238588,0.407699,-0.314312,0.931244,walk
708,2.95,-0.03393,-0.059614,0.964411,-0.255354,0.612808,-0.297056,0.028371,0.029468,0.006877,0.992615,-0.117476,0.107937,-0.248038,0.033284,-0.035643,-0.043031,0.969513,-0.238584,0.411397,-0.313753,0.930799,walk
709,2.954167,-0.030493,-0.058557,0.964592,-0.25535,0.612866,-0.296802,0.027981,0.034684,0.008396,0.992571,-0.116317,0.108315,-0.24765,0.03441,-0.036265,-0.044095,0.969301,-0.239156,0.415525,-0.313153,0.930353,walk
710,2.958333,-0.028761,-0.055233,0.964903,-0.255118,0.61294,-0.296576,0.027478,0.039871,0.010741,0.992505,-0.115021,0.108767,-0.247256,0.035638,-0.036395,-0.04284,0.969562,-0.238308,0.418866,-0.312639,0.930427,walk
711,2.9625,-0.024938,-0.054877,0.965086,-0.254902,0.612953,-0.296428,0.027047,0.045687,0.012516,0.992352,-0.113991,0.109253,-0.246945,0.036907,-0.03765,-0.041485,0.969926,-0.236865,0.422468,-0.312138,0.930316,walk
712,2.966667,-0.022448,-0.053012,0.965247,-0.254919,0.613096,-0.296294,0.026593,0.051724,0.014398,0.992175,-0.112726,0.109844,-0.24653,0.038214,-0.038963,-0.040239,0.969977,-0.236658,0.426126,-0.311506,0.930111,walk
713,2.970833,-0.020597,-0.050194,0.965367,-0.255193,0.613326,-0.296213,0.026012,0.057748,0.016723,0.991927,-0.111655,0.110494,-0.246092,0.039486,-0.039307,-0.04128,0.970154,-0.235697,0.429731,-0.310991,0.929741,walk
714,2.975,-0.018489,-0.049031,0.965502,-0.25507,0.613681,-0.296138,0.025643,0.063794,0.019236,0.99162,-0.110681,0.11118,-0.245649,0.040797,-0.039381,-0.040369,0.970436,-0.234677,0.433107,-0.310377,0.929705,walk
715,2.979167,-0.01568,-0.048119,0.965807,-0.254276,0.613961,-0.296129,0.025233,0.069917,0.021587,0.991266,-0.10972,0.111921,-0.245214,0.0421,-0.039972,-0.040953,0.970799,-0.232967,0.436759,-0.30983,0.92956,walk
716,2.983333,-0.012621,-0.047952,0.966091,-0.253398,0.614182,-0.29614,0.024881,0.076246,0.0246,0.990826,-0.108834,0.112716,-0.244748,0.043462,-0.040254,-0.04066,0.97093,-0.232426,0.440232,-0.309167,0.929534,walk
717,2.9875,-0.010401,-0.048567,0.966337,-0.252441,0.614407,-0.296052,0.024712,0.08257,0.027344,0.990313,-0.108234,0.113536,-0.244332,0.044842,-0.040897,-0.041422,0.971026,-0.231777,0.443716,-0.308527,0.929541,walk
718,2.991667,-0.008923,-0.048213,0.966549,-0.251751,0.614563,-0.295914,0.024503,0.089288,0.029628,0.98974,-0.10754,0.114463,-0.243839,0.046245,-0.040573,-0.041931,0.97128,-0.230674,0.447065,-0.308021,0.929568,walk
719,2.995833,-0.007587,-0.047965,0.966636,-0.251511,0.614735,-0.29579,0.024356,0.096215,0.033215,0.98904,-0.106958,0.115451,-0.243298,0.047593,-0.040843,-0.043132,0.971556,-0.229239,0.450399,-0.307512,0.92945,walk
720,3.0,-0.006642,-0.047675,0.966628,-0.251621,0.61492,-0.295706,0.024245,0.103071,0.036078,0.988316,-0.106335,0.116503,-0.242747,0.048938,-0.040833,-0.042665,0.971725,-0.228612,0.453743,-0.306955,0.929666,walk
721,3.004167,-0.005831,-0.047456,0.966599,-0.251793,0.615075,-0.295651,0.024187,0.109611,0.03957,0.987548,-0.105682,0.117608,-0.242152,0.05024,-0.040791,-0.043414,0.971956,-0.227493,0.456998,-0.306447,0.929812,walk
722,3.008333,-0.00521,-0.047015,0.966629,-0.251775,0.615172,-0.295611,0.02415,0.115699,0.043272,0.986784,-0.104875,0.118813,-0.241471,0.051441,-0.04113,-0.043558,0.972153,-0.226559,0.460229,-0.305905,0.929941,walk
723,3.0125,-0.004647,-0.046629,0.966679,-0.251667,0.615223,-0.295586,0.024134,0.12176,0.046904,0.986005,-0.103769,0.120122,-0.240693,0.052578,-0.04101,-0.043879,0.972387,-0.225514,0.463359,-0.305406,0.93021,walk
724,3.016667,-0.004424,-0.046709,0.966686,-0.251629,0.615232,-0.295556,0.024135,0.127366,0.050283,0.985236,-0.102765,0.121495,-0.239917,0.053702,-0.041,-0.044674,0.972619,-0.224357,0.466399,-0.304903,0.930462,walk
725,3.020833,-0.004105,-0.047155,0.966671,-0.251607,0.615224,-0.295539,0.024123,0.131933,0.053806,0.9846,-0.101297,0.123042,-0.239092,0.054654,-0.040238,-0.045388,0.972713,-0.223941,0.469453,-0.304479,0.93097,walk
726,3.025,-0.003902,-0.047803,0.966629,-0.251649,0.615237,-0.29555,0.024102,0.135728,0.057136,0.984083,-0.099468,0.124707,-0.238203,0.055499,-0.040243,-0.045413,0.972952,-0.222898,0.472365,-0.303964,0.931376,walk
727,3.029167,-0.00337,-0.048584,0.966615,-0.251563,0.615308,-0.295579,0.024109,0.138582,0.059941,0.98374,-0.097247,0.126549,-0.237244,0.056296,-0.040238,-0.045436,0.973158,-0.22199,0.475285,-0.303462,0.93184,walk
728,3.033333,-0.002769,-0.049558,0.966595,-0.251456,0.61539,-0.295634,0.024126,0.140873,0.06249,0.98352,-0.094541,0.128558,-0.236255,0.057009,-0.04045,-0.045304,0.973409,-0.220874,0.478126,-0.302846,0.93234,walk
729,3.0375,-0.002021,-0.050283,0.966619,-0.251228,0.615461,-0.295713,0.024141,0.142236,0.065544,0.983443,-0.091178,0.130846,-0.235145,0.057704,-0.044074,-0.042701,0.974022,-0.217981,0.481447,-0.301818,0.932248,walk
730,3.041667,-0.001418,-0.051237,0.966603,-0.2511,0.615492,-0.295791,0.024146,0.142968,0.068481,0.983477,-0.087427,0.13336,-0.233982,0.058371,-0.044074,-0.043321,0.9742,-0.217059,0.484193,-0.301221,0.932898,walk
731,3.045833,-0.000823,-0.052234,0.96661,-0.250871,0.615507,-0.295847,0.024146,0.143149,0.070989,0.983639,-0.083207,0.136118,-0.232718,0.058911,-0.043745,-0.043072,0.974383,-0.216354,0.486839,-0.300751,0.9336,walk
732,3.05,-0.000318,-0.053248,0.966617,-0.250633,0.615519,-0.295879,0.024152,0.142999,0.072327,0.983939,-0.078644,0.139114,-0.231392,0.059414,-0.043523,-0.043,0.974586,-0.215498,0.489479,-0.300221,0.934325,walk
733,3.054167,5.1e-05,-0.054463,0.966589,-0.25048,0.615555,-0.295895,0.024155,0.141894,0.071911,0.984494,-0.073939,0.142486,-0.229904,0.059679,-0.043562,-0.042879,0.9747,-0.214999,0.49223,-0.299779,0.935052,walk
734,3.058333,0.000428,-0.055448,0.966593,-0.250247,0.615562,-0.295912,0.024141,0.140819,0.070008,0.985112,-0.069451,0.146089,-0.228309,0.059862,-0.04337,-0.042515,0.97487,-0.214336,0.494871,-0.29929,0.935858,walk
735,3.0625,0.000608,-0.056185,0.966576,-0.250147,0.615557,-0.295919,0.024119,0.139731,0.067722,0.985716,-0.065216,0.149965,-0.226642,0.059958,-0.04301,-0.042956,0.974942,-0.213993,0.497427,-0.298805,0.936631,walk
736,3.066667,0.000921,-0.056784,0.966543,-0.25014,0.615551,-0.295946,0.02413,0.138227,0.065357,0.986348,-0.061157,0.154028,-0.224905,0.06008,-0.042528,-0.043597,0.975059,-0.213426,0.499993,-0.298315,0.937402,walk
737,3.070833,0.001256,-0.057064,0.966517,-0.250173,0.61554,-0.296,0.024159,0.136542,0.063424,0.986931,-0.05746,0.158333,-0.223144,0.060168,-0.042928,-0.043581,0.975271,-0.212377,0.502698,-0.297751,0.937956,walk
738,3.075,0.001349,-0.057045,0.966494,-0.250265,0.615546,-0.296059,0.024179,0.134465,0.061821,0.987504,-0.054158,0.162917,-0.221358,0.060209,-0.042722,-0.044182,0.975359,-0.211893,0.50525,-0.297225,0.938655,walk
739,3.079167,0.001535,-0.057282,0.966499,-0.250192,0.615539,-0.296035,0.024231,0.132381,0.060315,0.988037,-0.051192,0.167744,-0.219505,0.060204,-0.042161,-0.045065,0.975455,-0.211373,0.507794,-0.29673,0.939391,walk
740,3.083333,0.001528,-0.057419,0.966491,-0.250191,0.615514,-0.296039,0.024247,0.130175,0.058695,0.988554,-0.04868,0.172836,-0.217624,0.060144,-0.041815,-0.046072,0.975497,-0.211031,0.510306,-0.296246,0.940042,walk
741,3.0875,0.001629,-0.057705,0.966475,-0.250188,0.61547,-0.29604,0.024271,0.127803,0.056633,0.989092,-0.046439,0.17812,-0.215697,0.059976,-0.041324,-0.04686,0.97558,-0.210571,0.512815,-0.295724,0.940685,walk
742,3.091667,0.001758,-0.057649,0.96649,-0.250141,0.615425,-0.296061,0.024282,0.125429,0.054605,0.989597,-0.044547,0.183617,-0.213761,0.059743,-0.040643,-0.047992,0.975624,-0.210244,0.51524,-0.295184,0.941313,walk
743,3.095833,0.001836,-0.058133,0.966392,-0.250409,0.615361,-0.296137,0.024292,0.12256,0.052539,0.990143,-0.042837,0.189284,-0.211853,0.059466,-0.04001,-0.049012,0.975666,-0.209937,0.517693,-0.294687,0.941908,walk
744,3.1,0.001995,-0.058381,0.966358,-0.250478,0.615357,-0.296151,0.02435,0.119304,0.0509,0.990684,-0.04149,0.19519,-0.209947,0.059189,-0.039404,-0.049689,0.975724,-0.20962,0.520137,-0.294185,0.942435,walk
745,3.104167,0.002072,-0.058579,0.966357,-0.250438,0.615341,-0.296152,0.024385,0.115683,0.048573,0.991269,-0.040543,0.201201,-0.207987,0.058986,-0.03855,-0.050638,0.975726,-0.209544,0.522521,-0.29362,0.94299,walk
746,3.108333,0.002026,-0.058548,0.966368,-0.250403,0.615321,-0.296155,0.024404,0.111765,0.047344,0.991801,-0.039977,0.20756,-0.205925,0.058574,-0.038018,-0.051171,0.975778,-0.209271,0.524955,-0.293035,0.943554,walk
747,3.1125,0.002156,-0.058659,0.966372,-0.250358,0.61527,-0.296169,0.024426,0.10751,0.04502,0.992377,-0.040032,0.214062,-0.203833,0.058256,-0.03721,-0.052082,0.975803,-0.209075,0.52736,-0.292538,0.944052,walk
748,3.116667,0.002179,-0.058824,0.966355,-0.250386,0.615226,-0.296191,0.024437,0.103904,0.043182,0.992819,-0.040611,0.220621,-0.201736,0.058005,-0.037381,-0.049767,0.97634,-0.20709,0.529463,-0.292168,0.94473,walk
749,3.120833,0.002267,-0.059032,0.966352,-0.250349,0.615206,-0.296227,0.024457,0.09992,0.0406,0.993307,-0.041343,0.227366,-0.199606,0.057695,-0.036899,-0.050102,0.976418,-0.206729,0.531847,-0.291565,0.945269,walk
750,3.125,0.002392,-0.059303,0.966328,-0.250376,0.615177,-0.296267,0.024474,0.095388,0.037701,0.99382,-0.042452,0.234363,-0.197455,0.057366,-0.036126,-0.050574,0.976397,-0.206847,0.534185,-0.291014,0.945774,walk
751,3.129167,0.002473,-0.059471,0.966302,-0.250433,0.615178,-0.296309,0.024495,0.090366,0.034499,0.994344,-0.04387,0.241518,-0.195317,0.056955,-0.035567,-0.051238,0.976343,-0.207034,0.536547,-0.290437,0.946265,walk
752,3.133333,0.002518,-0.05968,0.966268,-0.250514,0.615178,-0.29632,0.024512,0.085469,0.032003,0.994776,-0.045726,0.248715,-0.19309,0.056721,-0.035095,-0.051197,0.976421,-0.206758,0.538899,-0.28982,0.946731,walk
753,3.1375,0.00263,-0.059778,0.96624,-0.2506,0.615162,-0.296345,0.024536,0.080353,0.029891,0.995161,-0.048007,0.256119,-0.190721,0.056488,-0.034527,-0.05137,0.976393,-0.206945,0.541208,-0.289236,0.947216,walk
754,3.141667,0.002789,-0.060039,0.966219,-0.250618,0.615126,-0.296363,0.024558,0.075217,0.028095,0.995497,-0.050396,0.263619,-0.188277,0.056337,-0.033558,-0.052001,0.976347,-0.207163,0.543455,-0.288679,0.947667,walk
755,3.145833,0.003015,-0.060325,0.966206,-0.250596,0.615104,-0.296379,0.024569,0.06997,0.02574,0.995823,-0.052708,0.271218,-0.185783,0.056205,-0.033157,-0.052178,0.976317,-0.207326,0.545773,-0.288034,0.948034,walk
756,3.15,0.003081,-0.06021,0.966178,-0.250728,0.615084,-0.296431,0.024557,0.064014,0.023954,0.996131,-0.055249,0.279055,-0.18328,0.055963,-0.032689,-0.052516,0.976274,-0.207513,0.548046,-0.287417,0.948524,walk
757,3.154167,0.003289,-0.060815,0.96617,-0.250611,0.615085,-0.296413,0.024591,0.058548,0.021947,0.996362,-0.057908,0.286923,-0.180684,0.055847,-0.032237,-0.05303,0.976198,-0.20781,0.550227,-0.286824,0.948942,walk
758,3.158333,0.003474,-0.06107,0.966159,-0.250588,0.615076,-0.296426,0.024604,0.052427,0.019298,0.996609,-0.060407,0.294993,-0.177997,0.055823,-0.031581,-0.053317,0.976124,-0.208185,0.552486,-0.286191,0.949307,walk
759,3.1625,0.00365,-0.061148,0.966152,-0.250594,0.615077,-0.296444,0.024613,0.045897,0.017312,0.996789,-0.063283,0.30318,-0.175244,0.055755,-0.031272,-0.053486,0.976077,-0.208409,0.554694,-0.285587,0.949651,walk
760,3.166667,0.003741,-0.060951,0.966138,-0.250695,0.615059,-0.29649,0.024591,0.040005,0.015265,0.996911,-0.06584,0.311369,-0.172375,0.055885,-0.031048,-0.054103,0.97597,-0.208785,0.556903,-0.284941,0.950063,walk
761,3.170833,0.003868,-0.060993,0.966134,-0.250698,0.615085,-0.296495,0.024568,0.033849,0.013525,0.997033,-0.0678,0.319708,-0.169523,0.055982,-0.030427,-0.0542,0.97589,-0.209225,0.559036,-0.284361,0.950403,walk
762,3.175,0.004361,-0.0613,0.966157,-0.250528,0.615047,-0.296483,0.024626,0.027166,0.01102,0.997088,-0.070403,0.328094,-0.16646,0.056222,-0.030013,-0.054535,0.975813,-0.209558,0.561183,-0.283724,0.950649,walk
763,3.179167,0.00458,-0.061327,0.966154,-0.250528,0.615045,-0.296485,0.024628,0.021162,0.009611,0.997093,-0.072563,0.336499,-0.163367,0.056485,-0.02978,-0.054752,0.975705,-0.210035,0.563299,-0.283072,0.950946,walk
764,3.183333,0.004819,-0.061534,0.966137,-0.25054,0.615047,-0.29648,0.024625,0.014612,0.007066,0.997095,-0.074418,0.345067,-0.160186,0.05687,-0.029437,-0.055741,0.975516,-0.210703,0.565382,-0.282445,0.951177,walk
765,3.1875,0.005137,-0.061619,0.96615,-0.250461,0.615023,-0.296469,0.024624,0.008329,0.005382,0.997054,-0.076062,0.353631,-0.15689,0.057334,-0.028849,-0.055624,0.975437,-0.211176,0.567448,-0.281827,0.951417,walk
766,3.191667,0.005058,-0.060824,0.966099,-0.250855,0.61513,-0.296491,0.024674,0.001807,0.003173,0.996978,-0.077602,0.362289,-0.153539,0.05787,-0.028631,-0.05537,0.975342,-0.211715,0.569534,-0.28118,0.951646,walk
767,3.195833,0.005332,-0.06,0.966166,-0.250787,0.615118,-0.296495,0.024737,-0.00489,0.001095,0.99686,-0.079022,0.371031,-0.150158,0.05852,-0.02834,-0.056267,0.975189,-0.212222,0.571509,-0.280541,0.951765,walk
768,3.2,0.0056,-0.060058,0.96615,-0.250829,0.61512,-0.29648,0.024726,-0.011711,-0.001467,0.996719,-0.080077,0.379801,-0.146658,0.059244,-0.027879,-0.056503,0.975036,-0.212918,0.57354,-0.279894,0.951921,walk
769,3.204167,0.005577,-0.059819,0.96617,-0.250812,0.61518,-0.296471,0.024706,-0.018436,-0.003856,0.996558,-0.080732,0.388521,-0.14319,0.060105,-0.027572,-0.056554,0.974901,-0.213565,0.575532,-0.279268,0.952025,walk
770,3.208333,0.005823,-0.059844,0.966164,-0.250822,0.615183,-0.296462,0.024691,-0.024968,-0.007195,0.996322,-0.081658,0.397382,-0.139581,0.060896,-0.027443,-0.056659,0.974746,-0.214258,0.577497,-0.278615,0.952179,walk
771,3.2125,0.006011,-0.05984,0.966149,-0.250876,0.615203,-0.296448,0.024678,-0.030839,-0.010751,0.996098,-0.081994,0.406103,-0.136026,0.061814,-0.027248,-0.056505,0.974654,-0.214743,0.579421,-0.277961,0.952223,walk
772,3.216667,0.006359,-0.060244,0.966112,-0.250916,0.615164,-0.296433,0.024705,-0.038854,-0.012921,0.995631,-0.083913,0.415229,-0.132139,0.062948,-0.027092,-0.056424,0.9745,-0.215479,0.581401,-0.277315,0.952284,walk
773,3.220833,0.006492,-0.060465,0.966087,-0.250955,0.615163,-0.296415,0.024671,-0.045848,-0.015344,0.99522,-0.084856,0.424153,-0.128436,0.064076,-0.027072,-0.056642,0.974344,-0.216132,0.583331,-0.276684,0.952274,walk
774,3.225,0.00672,-0.060179,0.966024,-0.251258,0.61522,-0.29646,0.024682,-0.052506,-0.018398,0.994733,-0.08609,0.43307,-0.12465,0.065249,-0.026721,-0.056539,0.974207,-0.216819,0.585188,-0.276054,0.952358,walk
775,3.229167,0.006916,-0.060279,0.965977,-0.251412,0.615231,-0.296476,0.024685,-0.059824,-0.02056,0.994267,-0.086203,0.44186,-0.121048,0.066619,-0.026487,-0.056315,0.97406,-0.217562,0.587102,-0.275396,0.952442,walk
776,3.233333,0.007076,-0.060395,0.965966,-0.251418,0.615238,-0.296435,0.024677,-0.067047,-0.022756,0.993668,-0.087241,0.450852,-0.11719,0.068023,-0.026525,-0.056236,0.973895,-0.218316,0.588979,-0.274734,0.952376,walk
777,3.2375,0.007389,-0.060621,0.96594,-0.251456,0.615239,-0.296406,0.024682,-0.074061,-0.02403,0.993091,-0.087797,0.459783,-0.113409,0.06956,-0.026132,-0.056508,0.973705,-0.219141,0.59087,-0.27407,0.952412,walk
778,3.241667,0.007402,-0.06138,0.965906,-0.251405,0.615256,-0.29635,0.024629,-0.081134,-0.02724,0.992371,-0.088747,0.468758,-0.109573,0.071046,-0.025735,-0.056131,0.973547,-0.219985,0.592686,-0.273442,0.952462,walk
779,3.245833,0.007598,-0.062283,0.96585,-0.25139,0.615265,-0.296334,0.024572,-0.0883,-0.029919,0.991642,-0.089192,0.477674,-0.105703,0.072717,-0.025937,-0.056103,0.973397,-0.220629,0.594541,-0.272759,0.952444,walk
780,3.25,0.007953,-0.062982,0.96579,-0.251434,0.615257,-0.296318,0.024559,-0.095531,-0.032723,0.990836,-0.089705,0.486656,-0.101869,0.074378,-0.025562,-0.05615,0.97325,-0.221312,0.596332,-0.272106,0.952457,walk
781,3.254167,0.008179,-0.063191,0.965748,-0.251537,0.615294,-0.296324,0.024561,-0.10235,-0.034519,0.990063,-0.090048,0.49545,-0.098108,0.07616,-0.02523,-0.055759,0.973087,-0.222164,0.598175,-0.271477,0.95254,walk
782,3.258333,0.008436,-0.063329,0.965713,-0.251629,0.61532,-0.296346,0.024579,-0.108405,-0.037771,0.989188,-0.091265,0.504524,-0.094108,0.077796,-0.024981,-0.055552,0.97293,-0.22293,0.599961,-0.27083,0.95256,walk
783,3.2625,0.008952,-0.064023,0.965653,-0.251666,0.61528,-0.296329,0.024624,-0.115756,-0.039602,0.988221,-0.091934,0.513397,-0.090296,0.079633,-0.024593,-0.055852,0.972758,-0.223645,0.601737,-0.270173,0.952576,walk
784,3.266667,0.00917,-0.064233,0.965617,-0.25174,0.615318,-0.296339,0.024638,-0.121822,-0.041653,0.987346,-0.092588,0.522126,-0.086524,0.081734,-0.024237,-0.055134,0.972651,-0.224329,0.603515,-0.2695,0.952668,walk
785,3.270833,0.009479,-0.064524,0.965563,-0.251863,0.615337,-0.296358,0.024646,-0.12831,-0.042669,0.986436,-0.093057,0.530873,-0.082703,0.083634,-0.024144,-0.054844,0.972548,-0.224853,0.605334,-0.268859,0.952672,walk
786,3.275,0.009648,-0.064538,0.965555,-0.251884,0.615375,-0.296374,0.024647,-0.135986,-0.044356,0.985312,-0.093274,0.539643,-0.078988,0.085676,-0.02383,-0.054636,0.972383,-0.225649,0.607055,-0.268201,0.952741,walk
787,3.279167,0.009922,-0.064864,0.965522,-0.251914,0.61541,-0.296393,0.024665,-0.14266,-0.045978,0.984281,-0.093407,0.548304,-0.075278,0.087749,-0.023278,-0.054336,0.972296,-0.226156,0.608834,-0.267607,0.952831,walk
788,3.283333,0.01028,-0.065338,0.965488,-0.251909,0.61545,-0.296416,0.024678,-0.149763,-0.047691,0.98313,-0.093548,0.557012,-0.071577,0.089797,-0.023348,-0.053809,0.972185,-0.22675,0.610577,-0.26691,0.952861,walk
789,3.2875,0.010571,-0.065699,0.965474,-0.251856,0.615477,-0.29643,0.024702,-0.156781,-0.050651,0.981844,-0.093999,0.565746,-0.067902,0.09185,-0.022985,-0.054106,0.972071,-0.227204,0.612306,-0.266254,0.95287,walk
790,3.291667,0.010907,-0.066125,0.965445,-0.251844,0.6155,-0.296449,0.024723,-0.16334,-0.0502,0.980807,-0.0939,0.574211,-0.064248,0.094015,-0.022603,-0.053364,0.972048,-0.227517,0.614058,-0.265574,0.952945,walk
791,3.295833,0.011151,-0.066353,0.965415,-0.251887,0.615553,-0.296489,0.02473,-0.170351,-0.051985,0.979469,-0.094434,0.582793,-0.060582,0.096118,-0.022585,-0.052804,0.971986,-0.227912,0.615838,-0.264881,0.952971,walk
792,3.3,0.011367,-0.066471,0.9654,-0.251905,0.615614,-0.296541,0.024729,-0.176777,-0.053489,0.978208,-0.094858,0.591326,-0.056974,0.098201,-0.022302,-0.052556,0.971927,-0.228251,0.617553,-0.264212,0.953039,walk
793,3.304167,0.011848,-0.067173,0.965348,-0.251893,0.615597,-0.296529,0.024783,-0.183916,-0.054178,0.976876,-0.09462,0.59973,-0.053456,0.100393,-0.021921,-0.052378,0.971883,-0.228515,0.619282,-0.263558,0.953086,walk
794,3.308333,0.012263,-0.067524,0.965271,-0.252074,0.615605,-0.296584,0.024797,-0.190355,-0.055305,0.975497,-0.095461,0.608184,-0.049908,0.102447,-0.021824,-0.052033,0.971805,-0.228935,0.621023,-0.262835,0.953107,walk
795,3.3125,0.012463,-0.068288,0.965359,-0.251521,0.615635,-0.29655,0.024832,-0.196345,-0.055888,0.974234,-0.095886,0.616547,-0.046343,0.104479,-0.021672,-0.051302,0.971832,-0.229,0.622752,-0.262136,0.953206,walk
796,3.316667,0.012885,-0.068612,0.965267,-0.251765,0.615661,-0.296658,0.02485,-0.203654,-0.05759,0.972551,-0.096713,0.624934,-0.042874,0.106531,-0.021476,-0.050939,0.971849,-0.229027,0.624479,-0.261404,0.953279,walk
797,3.320833,0.013379,-0.068795,0.965295,-0.251582,0.61565,-0.296653,0.024878,-0.210206,-0.058091,0.971122,-0.096755,0.633225,-0.039412,0.108532,-0.021408,-0.050644,0.971854,-0.22908,0.626196,-0.260671,0.953291,walk
798,3.325,0.013528,-0.069576,0.965304,-0.251325,0.615694,-0.296645,0.024904,-0.216209,-0.058158,0.969735,-0.097393,0.641372,-0.036025,0.110503,-0.020901,-0.04999,0.97186,-0.229242,0.62792,-0.259944,0.953467,walk
799,3.329167,0.013784,-0.069977,0.965287,-0.251265,0.61573,-0.29668,0.024926,-0.222718,-0.058464,0.968192,-0.09789,0.649489,-0.032643,0.112445,-0.020969,-0.050039,0.971867,-0.229196,0.629647,-0.259179,0.953447,walk
800,3.333333,0.014325,-0.070064,0.965264,-0.251299,0.615731,-0.296715,0.024922,-0.228938,-0.058536,0.9667,-0.098248,0.657566,-0.029306,0.114352,-0.020674,-0.049379,0.971938,-0.229066,0.631278,-0.258434,0.953581,walk
801,3.3375,0.014636,-0.070552,0.965239,-0.251241,0.615748,-0.296739,0.024939,-0.235112,-0.058038,0.96522,-0.098508,0.665564,-0.026016,0.116154,-0.020447,-0.048826,0.972019,-0.228861,0.632997,-0.257728,0.9537,walk
802,3.341667,0.014955,-0.070913,0.965226,-0.251171,0.615777,-0.296761,0.024961,-0.241525,-0.057354,0.963639,-0.098871,0.673557,-0.022796,0.117924,-0.020475,-0.048181,0.972129,-0.228526,0.634662,-0.25698,0.953759,walk
803,3.345833,0.015232,-0.071403,0.965178,-0.251201,0.615819,-0.296796,0.024968,-0.247685,-0.056166,0.962144,-0.098877,0.681369,-0.019573,0.11967,-0.020344,-0.048428,0.972171,-0.228308,0.636399,-0.256221,0.953749,walk
804,3.35,0.01542,-0.071767,0.965173,-0.251102,0.615858,-0.296812,0.024968,-0.254013,-0.054258,0.96061,-0.098801,0.689188,-0.01645,0.121339,-0.020213,-0.047942,0.972269,-0.228005,0.63806,-0.255477,0.953817,walk
805,3.354167,0.015673,-0.072154,0.965143,-0.251092,0.615902,-0.296849,0.024993,-0.260524,-0.05283,0.958927,-0.098973,0.696929,-0.013411,0.122918,-0.02084,-0.047424,0.972338,-0.227761,0.639885,-0.254621,0.953814,walk
806,3.358333,0.016157,-0.072985,0.965103,-0.250975,0.615903,-0.296845,0.025035,-0.266603,-0.050531,0.957384,-0.09892,0.704585,-0.010339,0.124441,-0.020964,-0.047112,0.972427,-0.227437,0.641696,-0.253788,0.953842,walk
807,3.3625,0.016489,-0.073448,0.96509,-0.250869,0.615922,-0.296868,0.025064,-0.27289,-0.047763,0.955761,-0.09885,0.712203,-0.00735,0.125869,-0.021094,-0.047067,0.972472,-0.227241,0.643491,-0.252957,0.953819,walk
808,3.366667,0.016553,-0.073335,0.965126,-0.250759,0.615994,-0.296926,0.025054,-0.279068,-0.046432,0.953997,-0.099275,0.7197,-0.004533,0.12714,-0.021467,-0.046466,0.972594,-0.226804,0.645327,-0.252076,0.95385,walk
809,3.370833,0.016883,-0.073735,0.965112,-0.250673,0.616022,-0.296946,0.025078,-0.285412,-0.044172,0.952199,-0.099526,0.72726,-0.001731,0.12839,-0.02197,-0.045715,0.972684,-0.226526,0.647081,-0.251218,0.953855,walk
810,3.375,0.017287,-0.074194,0.965058,-0.250719,0.616047,-0.296955,0.025095,-0.291359,-0.042375,0.950394,-0.100324,0.734746,0.001009,0.12959,-0.022185,-0.045261,0.972821,-0.226005,0.648901,-0.250384,0.953827,walk
811,3.379167,0.017701,-0.074773,0.964988,-0.250785,0.616062,-0.296968,0.025134,-0.297308,-0.039377,0.948574,-0.101316,0.742167,0.003653,0.130658,-0.022258,-0.044708,0.972944,-0.225581,0.650648,-0.249509,0.953829,walk
812,3.383333,0.018059,-0.075235,0.964944,-0.250793,0.616085,-0.296985,0.025158,-0.303137,-0.03579,0.946804,-0.10193,0.749476,0.006291,0.131741,-0.022639,-0.044241,0.973032,-0.225251,0.652513,-0.248633,0.953858,walk
813,3.3875,0.018365,-0.075537,0.964897,-0.250861,0.616106,-0.297013,0.025167,-0.308884,-0.031942,0.944967,-0.102992,0.7567,0.008859,0.13276,-0.023015,-0.043492,0.973161,-0.224805,0.654226,-0.247788,0.953812,walk
814,3.391667,0.018672,-0.075893,0.96489,-0.250757,0.616103,-0.296995,0.025189,-0.315011,-0.027832,0.942932,-0.104271,0.763891,0.011249,0.133681,-0.022913,-0.043324,0.973273,-0.22436,0.656076,-0.246909,0.953821,walk
815,3.395833,0.018887,-0.076103,0.964868,-0.250763,0.616147,-0.297031,0.025204,-0.320317,-0.023909,0.941096,-0.105662,0.771051,0.013619,0.134549,-0.022998,-0.043023,0.973372,-0.223979,0.657914,-0.246005,0.953875,walk
816,3.4,0.019233,-0.076519,0.964835,-0.250735,0.616178,-0.297058,0.02523,-0.325876,-0.019934,0.9391,-0.107232,0.778059,0.015942,0.135394,-0.02317,-0.042331,0.973458,-0.223721,0.65968,-0.245108,0.953821,walk
817,3.404167,0.019529,-0.076894,0.964809,-0.2507,0.616211,-0.29708,0.025257,-0.331375,-0.016306,0.937002,-0.109325,0.785076,0.018107,0.136182,-0.023361,-0.041942,0.973588,-0.223208,0.661508,-0.244173,0.953822,walk
818,3.408333,0.019827,-0.077311,0.964779,-0.250663,0.616238,-0.2971,0.025278,-0.336687,-0.012296,0.934928,-0.111355,0.791981,0.020254,0.136888,-0.023262,-0.041695,0.973688,-0.222826,0.663311,-0.243215,0.953855,walk
819,3.4125,0.020153,-0.077672,0.96471,-0.25079,0.616256,-0.297122,0.025305,-0.341935,-0.008587,0.932785,-0.113657,0.798794,0.022375,0.137554,-0.023533,-0.040905,0.973832,-0.222317,0.665158,-0.242253,0.953798,walk
820,3.416667,0.020469,-0.077941,0.964654,-0.250895,0.616276,-0.297146,0.025329,-0.347086,-0.00443,0.930642,-0.115831,0.80555,0.02436,0.138092,-0.023668,-0.040494,0.973921,-0.221985,0.666916,-0.241317,0.953769,walk
821,3.420833,0.020688,-0.078383,0.964667,-0.25069,0.616313,-0.297165,0.025357,-0.352567,-0.00158,0.928254,-0.118485,0.812229,0.026328,0.138564,-0.023829,-0.040108,0.974089,-0.221299,0.668794,-0.240325,0.953732,walk
822,3.425,0.021012,-0.078892,0.964636,-0.250622,0.616333,-0.297176,0.025384,-0.357997,0.001917,0.925846,-0.121011,0.818908,0.028181,0.138932,-0.023573,-0.039721,0.974219,-0.220828,0.670611,-0.239305,0.953768,walk
823,3.429167,0.021323,-0.079284,0.964611,-0.25057,0.616353,-0.297196,0.025413,-0.364067,0.011715,0.923573,-0.119709,0.825124,0.030381,0.139405,-0.024027,-0.039175,0.974298,-0.220525,0.672453,-0.238249,0.953689,walk
824,3.433333,0.0216,-0.079661,0.964584,-0.250529,0.616396,-0.297218,0.025435,-0.369881,0.01582,0.920949,-0.121616,0.831684,0.032152,0.139593,-0.024127,-0.038852,0.974433,-0.219972,0.674314,-0.237225,0.953607,walk
825,3.4375,0.021752,-0.07999,0.964608,-0.250322,0.616429,-0.2972,0.025451,-0.376133,0.019391,0.918063,-0.123726,0.838179,0.03385,0.139693,-0.023911,-0.038745,0.974542,-0.219531,0.676074,-0.236163,0.953559,walk
826,3.441667,0.022071,-0.080395,0.964598,-0.250202,0.616447,-0.297205,0.025474,-0.382064,0.022357,0.915225,-0.126056,0.84463,0.03557,0.139732,-0.023937,-0.038519,0.97469,-0.218912,0.677984,-0.235055,0.95353,walk
827,3.445833,0.022437,-0.080945,0.964552,-0.250166,0.616484,-0.297225,0.025508,-0.388536,0.025294,0.912154,-0.127969,0.85107,0.037192,0.139676,-0.024144,-0.037832,0.974792,-0.218557,0.679742,-0.233934,0.953444,walk
828,3.45,0.022781,-0.081346,0.964515,-0.250151,0.616501,-0.297252,0.025549,-0.393598,0.026833,0.909393,-0.131777,0.857975,0.039153,0.139554,-0.024311,-0.037537,0.974957,-0.217852,0.681651,-0.232839,0.953355,walk
829,3.454167,0.023181,-0.081746,0.964474,-0.250139,0.616523,-0.297264,0.025589,-0.401292,0.029712,0.905686,-0.133474,0.864179,0.040595,0.139456,-0.024359,-0.037247,0.975104,-0.217237,0.683463,-0.231746,0.9533,walk
830,3.458333,0.023814,-0.082096,0.964332,-0.250515,0.616512,-0.2973,0.025581,-0.407636,0.03201,0.902399,-0.135956,0.870386,0.041998,0.139216,-0.024442,-0.036827,0.975244,-0.216668,0.68536,-0.230559,0.953255,walk
831,3.4625,0.024176,-0.082473,0.964332,-0.250354,0.616531,-0.297311,0.025618,-0.413859,0.033731,0.899002,-0.139208,0.876591,0.043374,0.138906,-0.024596,-0.036358,0.975406,-0.216002,0.687243,-0.22939,0.953172,walk
832,3.466667,0.024504,-0.082926,0.964309,-0.250263,0.616552,-0.297313,0.025655,-0.419748,0.036153,0.89577,-0.14178,0.882729,0.044613,0.138508,-0.024772,-0.035945,0.975536,-0.215463,0.689094,-0.228178,0.953065,walk
833,3.470833,0.024875,-0.083574,0.964268,-0.250169,0.61659,-0.297349,0.025713,-0.425502,0.038097,0.892454,-0.144992,0.888723,0.045785,0.138038,-0.024833,-0.035832,0.975724,-0.21462,0.691042,-0.226993,0.952974,walk
834,3.475,0.025242,-0.084095,0.964244,-0.250048,0.616607,-0.297353,0.02575,-0.431314,0.038268,0.888993,-0.148982,0.894641,0.046919,0.137561,-0.024874,-0.035217,0.975873,-0.214041,0.692882,-0.225801,0.95295,walk
835,3.479167,0.025627,-0.084573,0.964215,-0.249959,0.616626,-0.297356,0.025795,-0.436631,0.038755,0.885803,-0.152333,0.900454,0.04782,0.136998,-0.024946,-0.034817,0.976055,-0.213264,0.694845,-0.224523,0.952852,walk
836,3.483333,0.02599,-0.085072,0.964174,-0.249913,0.616647,-0.297366,0.025842,-0.441943,0.035948,0.882248,-0.158217,0.906291,0.048833,0.136367,-0.025319,-0.034711,0.976183,-0.212654,0.696769,-0.223269,0.952777,walk
837,3.4875,0.026404,-0.08567,0.964133,-0.249823,0.616677,-0.297391,0.025876,-0.445724,0.039532,0.879731,-0.160749,0.911798,0.04938,0.135696,-0.025253,-0.034313,0.976339,-0.212007,0.698658,-0.222018,0.952675,walk
838,3.491667,0.026783,-0.086186,0.964092,-0.249764,0.616708,-0.297411,0.025923,-0.449774,0.040317,0.876865,-0.16488,0.917353,0.050118,0.134903,-0.025565,-0.033869,0.976526,-0.211177,0.700714,-0.220749,0.952665,walk
839,3.495833,0.027208,-0.086822,0.964043,-0.249686,0.616728,-0.297428,0.025971,-0.45317,0.042123,0.874333,-0.168535,0.922708,0.050769,0.134042,-0.025819,-0.032341,0.976626,-0.210924,0.702731,-0.219396,0.952715,walk
840,3.5,0.027616,-0.087257,0.964004,-0.24964,0.616778,-0.297455,0.026016,-0.454754,0.042917,0.872706,-0.172456,0.928226,0.051008,0.132662,-0.026266,-0.031712,0.976768,-0.210304,0.704701,-0.218088,0.952681,walk
841,3.504167,0.028038,-0.087889,0.963946,-0.249595,0.616807,-0.297468,0.026064,-0.458247,0.045483,0.870047,-0.175954,0.933034,0.051826,0.132206,-0.026432,-0.030359,0.976862,-0.21005,0.706809,-0.216785,0.952716,walk
842,3.508333,0.028438,-0.088615,0.963913,-0.249419,0.616828,-0.297475,0.026102,-0.459299,0.05033,0.868843,-0.177828,0.937846,0.052086,0.131248,-0.02648,-0.030076,0.97693,-0.209768,0.708784,-0.215399,0.952627,walk
843,3.5125,0.028859,-0.089133,0.963869,-0.249357,0.616854,-0.29748,0.026141,-0.459818,0.054723,0.868006,-0.179275,0.942358,0.052284,0.130256,-0.02654,-0.030097,0.976988,-0.209486,0.710863,-0.214039,0.952501,walk
844,3.516667,0.029251,-0.08967,0.963842,-0.249222,0.616891,-0.297494,0.026202,-0.459638,0.056953,0.867384,-0.182027,0.947093,0.052568,0.128924,-0.02618,-0.029828,0.97704,-0.209327,0.712971,-0.212695,0.952462,walk
845,3.520833,0.029761,-0.09036,0.963767,-0.249203,0.616931,-0.297514,0.02625,-0.459428,0.058561,0.866771,-0.184946,0.951655,0.05275,0.127608,-0.026053,-0.029204,0.977126,-0.209029,0.715104,-0.211328,0.95242,walk
846,3.525,0.031096,-0.09169,0.963602,-0.249195,0.616962,-0.297528,0.026239,-0.458266,0.059933,0.866771,-0.187374,0.9559,0.053079,0.126279,-0.026236,-0.028917,0.977217,-0.208618,0.717223,-0.209961,0.952313,walk
847,3.529167,0.031987,-0.092808,0.963433,-0.24932,0.616999,-0.297505,0.026275,-0.456285,0.06181,0.867342,-0.188948,0.960047,0.053305,0.124754,-0.026308,-0.028561,0.977297,-0.208287,0.719365,-0.208554,0.952129,walk
848,3.533333,0.032319,-0.093179,0.963397,-0.249279,0.617023,-0.297586,0.026385,-0.453709,0.063582,0.868425,-0.18959,0.963821,0.053606,0.123293,-0.026601,-0.027972,0.977375,-0.207963,0.721495,-0.20718,0.952079,walk
849,3.5375,0.031929,-0.092888,0.9635,-0.249037,0.617065,-0.297637,0.026549,-0.451931,0.066043,0.869052,-0.190118,0.967791,0.053732,0.121511,-0.026855,-0.027471,0.977476,-0.20752,0.723632,-0.20578,0.951902,walk
850,3.541667,0.032407,-0.093236,0.963474,-0.248946,0.617111,-0.297686,0.026632,-0.45272,0.061035,0.868298,-0.193335,0.972125,0.054105,0.119327,-0.027119,-0.027382,0.977567,-0.207071,0.725724,-0.204377,0.951646,walk
851,3.545833,0.032929,-0.093794,0.963425,-0.248858,0.617172,-0.297677,0.026701,-0.452445,0.058617,0.868384,-0.194334,0.976004,0.054475,0.117333,-0.027261,-0.026845,0.977666,-0.206651,0.727945,-0.202979,0.951485,walk
852,3.55,0.033578,-0.094489,0.963355,-0.248781,0.617204,-0.297697,0.026787,-0.445155,0.062529,0.872629,-0.190911,0.978676,0.054679,0.115592,-0.027449,-0.026254,0.977724,-0.206429,0.730146,-0.201517,0.951353,walk
853,3.554167,0.034355,-0.094861,0.963291,-0.248779,0.617229,-0.297748,0.026907,-0.427994,0.071633,0.882236,-0.182619,0.980533,0.05403,0.113057,-0.027695,-0.025883,0.97779,-0.206128,0.732332,-0.200068,0.951106,walk
854,3.558333,0.035111,-0.095673,0.963207,-0.248689,0.617259,-0.297774,0.027002,-0.422955,0.069285,0.88476,-0.183056,0.983902,0.054224,0.111089,-0.028019,-0.025442,0.977848,-0.205865,0.734542,-0.198586,0.950892,walk
855,3.5625,0.035862,-0.096471,0.963129,-0.248575,0.617284,-0.29779,0.027091,-0.424609,0.058353,0.884048,-0.186444,0.987276,0.055368,0.10907,-0.028242,-0.024874,0.977901,-0.205654,0.736829,-0.197112,0.950674,walk
856,3.566667,0.036636,-0.097248,0.963039,-0.248508,0.617308,-0.297808,0.027189,-0.418346,0.0571,0.887055,-0.186707,0.989899,0.05576,0.107151,-0.028442,-0.024561,0.977944,-0.205459,0.739143,-0.195576,0.9504,walk
857,3.570833,0.037447,-0.097991,0.962954,-0.248426,0.617338,-0.297825,0.02729,-0.408672,0.060143,0.891452,-0.186234,0.992027,0.056092,0.105572,-0.028853,-0.024076,0.977978,-0.205298,0.741502,-0.194008,0.950174,walk
858,3.575,0.038297,-0.098803,0.962855,-0.248358,0.617364,-0.297861,0.027394,-0.40262,0.066156,0.894044,-0.184952,0.994063,0.056434,0.104138,-0.029108,-0.023386,0.977996,-0.205257,0.743849,-0.192476,0.949953,walk
859,3.579167,0.03919,-0.099678,0.962746,-0.24829,0.617383,-0.297884,0.027497,-0.398894,0.062008,0.895252,-0.188581,0.996618,0.056922,0.102045,-0.029474,-0.023124,0.978048,-0.204984,0.746183,-0.190905,0.949604,walk
860,3.583333,0.040026,-0.100535,0.962648,-0.248192,0.617406,-0.297922,0.027608,-0.394788,0.059721,0.896591,-0.191576,0.998969,0.05729,0.100033,-0.029926,-0.022759,0.978069,-0.20486,0.748565,-0.189324,0.94929,walk
861,3.5875,0.040967,-0.101466,0.962529,-0.24812,0.617428,-0.297966,0.02772,-0.397838,0.058422,0.895008,-0.193061,1.002104,0.057624,0.096987,-0.030351,-0.022434,0.978077,-0.204797,0.750983,-0.187695,0.948975,walk
862,3.591667,0.041924,-0.102601,0.962425,-0.247899,0.617475,-0.298041,0.027831,-0.370348,0.065389,0.910288,-0.17304,1.001819,0.05618,0.093496,-0.031173,-0.021766,0.978166,-0.204316,0.753906,-0.185831,0.948522,walk
863,3.595833,0.042776,-0.103488,0.962331,-0.24775,0.617514,-0.298093,0.02793,-0.365274,0.063357,0.912622,-0.172287,1.004034,0.05649,0.091116,-0.031703,-0.021047,0.978154,-0.204367,0.756402,-0.184169,0.94823,walk
864,3.6,0.043903,-0.104753,0.96217,-0.247645,0.617516,-0.298121,0.028056,-0.362988,0.057849,0.913447,-0.174667,1.006685,0.056614,0.0888,-0.032266,-0.020728,0.978187,-0.204154,0.758912,-0.182477,0.947802,walk
865,3.604167,0.045027,-0.106218,0.962041,-0.247322,0.617518,-0.298194,0.028148,-0.356582,0.055898,0.915973,-0.175267,1.009384,0.056373,0.086439,-0.032807,-0.020219,0.978179,-0.204159,0.761461,-0.180771,0.947446,walk
866,3.608333,0.046503,-0.108602,0.961832,-0.246824,0.617465,-0.298227,0.028212,-0.35169,0.05285,0.918007,-0.175454,1.011707,0.056378,0.084421,-0.033329,-0.020008,0.978193,-0.204028,0.76393,-0.179048,0.947029,walk
867,3.6125,0.048088,-0.111122,0.961611,-0.246261,0.61742,-0.298253,0.028285,-0.3382,0.047783,0.923472,-0.174747,1.013724,0.056098,0.082732,-0.033851,-0.019192,0.978173,-0.204118,0.766612,-0.177314,0.946711,walk
868,3.616667,0.049336,-0.112511,0.961424,-0.246112,0.617471,-0.298314,0.028406,-0.329521,0.048574,0.926849,-0.173225,1.015689,0.055904,0.081235,-0.034656,-0.018894,0.97816,-0.204069,0.769233,-0.175488,0.94625,walk
869,3.620833,0.050722,-0.11385,0.96121,-0.246052,0.617522,-0.298392,0.028574,-0.319512,0.049506,0.930756,-0.170748,1.017621,0.055748,0.079809,-0.035283,-0.01836,0.978172,-0.203956,0.771892,-0.173738,0.945799,walk
870,3.625,0.052058,-0.115157,0.960975,-0.246081,0.617596,-0.298472,0.028739,-0.314925,0.051437,0.932474,-0.169317,1.019854,0.056297,0.079095,-0.035911,-0.017853,0.978179,-0.203859,0.774532,-0.171924,0.945349,walk
871,3.629167,0.053011,-0.114587,0.960819,-0.246752,0.617814,-0.298573,0.029017,-0.300926,0.062179,0.937898,-0.161011,1.020766,0.056775,0.07869,-0.03697,-0.017409,0.978119,-0.203993,0.777252,-0.170093,0.944973,walk
872,3.633333,0.054623,-0.115683,0.960506,-0.247107,0.617934,-0.298642,0.029239,-0.290962,0.062237,0.941403,-0.158834,1.022805,0.056633,0.077835,-0.037428,-0.016844,0.978148,-0.203818,0.779979,-0.168273,0.944506,walk
873,3.6375,0.056217,-0.117424,0.960204,-0.247103,0.618043,-0.298742,0.029417,-0.283858,0.057414,0.943902,-0.158672,1.025279,0.056571,0.07668,-0.038231,-0.01637,0.978135,-0.203773,0.782728,-0.1664,0.944052,walk
874,3.641667,0.057849,-0.119161,0.959897,-0.247086,0.618168,-0.298844,0.029596,-0.277668,0.05426,0.946005,-0.158214,1.027641,0.056398,0.075571,-0.038735,-0.016157,0.97816,-0.203571,0.785444,-0.16454,0.943529,walk
875,3.645833,0.059631,-0.12076,0.959585,-0.2471,0.618315,-0.29894,0.029805,-0.27063,0.051015,0.948392,-0.157192,1.029829,0.056207,0.074433,-0.039469,-0.0159,0.978146,-0.203518,0.788275,-0.162641,0.943108,walk
876,3.65,0.063632,-0.123521,0.958988,-0.247055,0.618418,-0.299041,0.029924,-0.262913,0.049032,0.951014,-0.155066,1.031736,0.05603,0.073225,-0.040002,-0.015891,0.978159,-0.203352,0.791026,-0.160762,0.942588,walk
877,3.654167,0.064118,-0.124492,0.958804,-0.247155,0.618692,-0.299178,0.030367,-0.254623,0.048203,0.953686,-0.152732,1.03355,0.055814,0.071999,-0.040481,-0.01576,0.978156,-0.203285,0.793844,-0.158885,0.942149,walk
878,3.658333,0.06357,-0.126418,0.959042,-0.245388,0.619196,-0.299559,0.030885,-0.245491,0.048648,0.956473,-0.150089,1.035107,0.055458,0.070756,-0.040659,-0.015909,0.978208,-0.202983,0.796654,-0.156985,0.94162,walk
879,3.6625,0.063297,-0.12841,0.959248,-0.243613,0.619668,-0.299892,0.031296,-0.236631,0.049097,0.959046,-0.147736,1.036628,0.055146,0.069519,-0.04127,-0.016013,0.978197,-0.202909,0.799558,-0.155052,0.941199,walk
880,3.666667,0.065061,-0.133116,0.958798,-0.242391,0.619877,-0.300078,0.031577,-0.228261,0.049078,0.961352,-0.145912,1.038081,0.054766,0.068274,-0.041444,-0.016155,0.978213,-0.202782,0.802343,-0.153167,0.94075,walk
881,3.670833,0.068119,-0.136879,0.958164,-0.241963,0.62005,-0.300206,0.031821,-0.220109,0.047888,0.963548,-0.14434,1.039427,0.054395,0.067089,-0.041998,-0.01627,0.978212,-0.202667,0.805205,-0.151241,0.94032,walk
882,3.675,0.071611,-0.13826,0.95763,-0.242283,0.620367,-0.300323,0.032255,-0.211932,0.046278,0.965658,-0.142998,1.040585,0.054161,0.065914,-0.042268,-0.016589,0.978274,-0.202282,0.808149,-0.149345,0.939852,walk
883,3.679167,0.0768,-0.14019,0.956697,-0.24327,0.620515,-0.300415,0.032677,-0.203383,0.044193,0.967736,-0.142021,1.04168,0.053968,0.064782,-0.04261,-0.017048,0.97829,-0.202097,0.811002,-0.147381,0.939391,walk
884,3.683333,0.081916,-0.140609,0.955939,-0.244334,0.620736,-0.300463,0.033124,-0.195643,0.042909,0.969554,-0.140878,1.042786,0.053685,0.063633,-0.042848,-0.017257,0.978338,-0.201794,0.81391,-0.145465,0.93891,walk
885,3.6875,0.087109,-0.141558,0.955057,-0.245439,0.621015,-0.300548,0.033615,-0.189775,0.040661,0.970961,-0.139884,1.04408,0.053521,0.062463,-0.043352,-0.01753,0.978316,-0.201768,0.816838,-0.143494,0.938564,walk
886,3.691667,0.097469,-0.145759,0.953134,-0.246557,0.62106,-0.300535,0.033683,-0.18126,0.038355,0.97278,-0.139191,1.04492,0.053465,0.061378,-0.043484,-0.017777,0.978376,-0.201428,0.819798,-0.141565,0.938137,walk
887,3.695833,0.101296,-0.147109,0.952543,-0.246496,0.621482,-0.300697,0.034199,-0.174064,0.037161,0.974286,-0.138155,1.045813,0.053325,0.060346,-0.043573,-0.018349,0.97837,-0.201387,0.822655,-0.139635,0.937687,walk
888,3.7,0.105317,-0.148848,0.951859,-0.24641,0.621917,-0.300873,0.034766,-0.167288,0.036695,0.975678,-0.136827,1.046619,0.053111,0.059335,-0.044108,-0.0189,0.978319,-0.201466,0.825558,-0.137678,0.937324,walk
889,3.704167,0.109711,-0.15061,0.951065,-0.246488,0.622383,-0.301045,0.035366,-0.160855,0.036136,0.976922,-0.135805,1.047311,0.052926,0.05831,-0.044249,-0.019342,0.978346,-0.201262,0.828533,-0.135713,0.936924,walk
890,3.708333,0.114239,-0.152262,0.950323,-0.246278,0.622849,-0.301176,0.036023,-0.153961,0.034003,0.978167,-0.135385,1.047892,0.052852,0.057293,-0.044289,-0.019637,0.978382,-0.201051,0.831549,-0.133739,0.93653,walk
891,3.7125,0.118906,-0.153774,0.94947,-0.246416,0.623357,-0.301319,0.036685,-0.145932,0.028994,0.979613,-0.134986,1.048365,0.05297,0.056355,-0.044451,-0.02001,0.978362,-0.201075,0.834534,-0.131781,0.936185,walk
892,3.716667,0.123817,-0.155222,0.9486,-0.24644,0.623867,-0.301413,0.037397,-0.138992,0.026958,0.980834,-0.133865,1.048994,0.052853,0.055543,-0.044775,-0.02038,0.978323,-0.201156,0.837486,-0.129805,0.935887,walk
893,3.720833,0.129446,-0.158628,0.947448,-0.245813,0.624292,-0.301435,0.038009,-0.132731,0.024812,0.981816,-0.133434,1.0497,0.052687,0.054708,-0.044646,-0.020769,0.978317,-0.201176,0.8404,-0.127886,0.935566,walk
894,3.725,0.133538,-0.160463,0.946846,-0.244748,0.624829,-0.301486,0.038711,-0.127165,0.023148,0.98263,-0.133158,1.05037,0.052506,0.05384,-0.044545,-0.021068,0.9783,-0.20125,0.843404,-0.125932,0.935241,walk
895,3.729167,0.137598,-0.161593,0.946346,-0.243687,0.625323,-0.301458,0.039455,-0.122502,0.021999,0.983258,-0.13309,1.050962,0.05243,0.052981,-0.044536,-0.02235,0.978328,-0.200977,0.846231,-0.12382,0.934681,walk
896,3.733333,0.142262,-0.162088,0.945709,-0.243154,0.625845,-0.301416,0.040308,-0.117057,0.019725,0.983912,-0.133514,1.051599,0.052344,0.052159,-0.044756,-0.023222,0.978258,-0.201167,0.849075,-0.121812,0.934287,walk
897,3.7375,0.147165,-0.162577,0.945175,-0.241982,0.626326,-0.301279,0.041166,-0.11207,0.018804,0.984506,-0.133543,1.052121,0.052285,0.051373,-0.043927,-0.02465,0.978309,-0.200934,0.852032,-0.119795,0.933865,walk
898,3.741667,0.154634,-0.164141,0.943739,-0.241875,0.626796,-0.301203,0.041984,-0.107092,0.017422,0.98506,-0.133732,1.052569,0.052229,0.050664,-0.043388,-0.025608,0.97826,-0.201169,0.855083,-0.11788,0.933537,walk
899,3.745833,0.157559,-0.161694,0.943931,-0.240884,0.62736,-0.301059,0.043128,-0.102418,0.016605,0.985547,-0.133912,1.052987,0.052212,0.04996,-0.043377,-0.026085,0.978159,-0.201602,0.858045,-0.116025,0.933375,walk
900,3.75,0.162981,-0.160994,0.943244,-0.240433,0.627855,-0.300937,0.044216,-0.098024,0.015425,0.985985,-0.134118,1.053383,0.052215,0.049273,-0.043134,-0.02651,0.978114,-0.201818,0.861141,-0.11414,0.933137,walk
901,3.754167,0.167435,-0.159482,0.942902,-0.239722,0.628421,-0.300766,0.045299,-0.093262,0.014311,0.986441,-0.13428,1.053723,0.052232,0.048635,-0.043005,-0.026865,0.978023,-0.202237,0.864248,-0.112233,0.932976,walk
902,3.758333,0.172222,-0.158275,0.942454,-0.23889,0.629127,-0.300632,0.046453,-0.088938,0.013345,0.986842,-0.134371,1.053997,0.052244,0.048035,-0.042491,-0.027251,0.977934,-0.202724,0.867298,-0.110383,0.932792,walk
903,3.7625,0.176446,-0.156227,0.942287,-0.237814,0.629805,-0.300407,0.047581,-0.084249,0.011782,0.987242,-0.134601,1.054246,0.052267,0.047456,-0.04212,-0.0274,0.977831,-0.203279,0.870298,-0.108553,0.932672,walk
904,3.766667,0.180591,-0.153949,0.942053,-0.237111,0.630566,-0.30022,0.048707,-0.080034,0.010754,0.987543,-0.135047,1.054513,0.052307,0.046874,-0.041725,-0.028021,0.977707,-0.203871,0.873365,-0.106715,0.932572,walk
905,3.770833,0.184529,-0.152101,0.941931,-0.235755,0.631254,-0.299923,0.049794,-0.075838,0.010122,0.987849,-0.135281,1.054776,0.052315,0.046347,-0.040979,-0.028366,0.977626,-0.204363,0.87644,-0.10493,0.932415,walk
906,3.775,0.189058,-0.150241,0.941634,-0.234543,0.631969,-0.299604,0.050933,-0.071766,0.00894,0.988122,-0.135589,1.055039,0.052341,0.045848,-0.040297,-0.028712,0.977512,-0.204995,0.879524,-0.103146,0.932283,walk
907,3.779167,0.19334,-0.148481,0.941326,-0.233406,0.632674,-0.29928,0.052045,-0.068189,0.008366,0.988377,-0.135616,1.055283,0.052384,0.045306,-0.040381,-0.028792,0.977349,-0.205739,0.882463,-0.10136,0.932343,walk
908,3.783333,0.197093,-0.146151,0.941324,-0.231739,0.633405,-0.298893,0.053166,-0.064205,0.007499,0.988651,-0.135611,1.055472,0.05244,0.044808,-0.039459,-0.029088,0.977244,-0.206374,0.885465,-0.099649,0.932251,walk
909,3.7875,0.200686,-0.144081,0.941342,-0.22987,0.634213,-0.298492,0.054265,-0.060524,0.006927,0.988894,-0.135566,1.055629,0.052486,0.044352,-0.036492,-0.030291,0.977161,-0.207139,0.888631,-0.098298,0.931651,walk
910,3.791667,0.204311,-0.142259,0.941216,-0.228323,0.634959,-0.297963,0.055433,-0.056749,0.005351,0.989102,-0.135755,1.055795,0.052512,0.043931,-0.035842,-0.031067,0.977046,-0.207681,0.891605,-0.09664,0.931653,walk
911,3.795833,0.207792,-0.139615,0.941174,-0.226983,0.635841,-0.297569,0.056561,-0.053149,0.00514,0.989327,-0.13558,1.055949,0.05252,0.043516,-0.035735,-0.031786,0.976849,-0.208517,0.894522,-0.094946,0.931712,walk
912,3.8,0.211591,-0.138688,0.940962,-0.224915,0.636614,-0.297013,0.057545,-0.049959,0.005056,0.989499,-0.135534,1.056107,0.052563,0.043074,-0.034506,-0.032001,0.976794,-0.208949,0.897497,-0.093348,0.931589,walk
913,3.804167,0.21454,-0.136333,0.940982,-0.223471,0.637594,-0.296482,0.058567,-0.046504,0.004745,0.989684,-0.13543,1.056289,0.052591,0.042658,-0.034357,-0.032607,0.976602,-0.209775,0.900424,-0.091676,0.931709,walk
914,3.808333,0.217269,-0.134082,0.941023,-0.222017,0.638508,-0.295936,0.059461,-0.043595,0.004899,0.989858,-0.135117,1.056445,0.052617,0.042259,-0.033966,-0.032533,0.976482,-0.210406,0.903346,-0.09012,0.931714,walk
915,3.8125,0.220973,-0.133067,0.940468,-0.221324,0.639495,-0.295326,0.060463,-0.040946,0.004704,0.990016,-0.134799,1.056571,0.052648,0.041789,-0.032978,-0.033389,0.976383,-0.210889,0.906255,-0.088633,0.9317,walk
916,3.816667,0.223335,-0.131212,0.940607,-0.21946,0.64062,-0.294819,0.061298,-0.038536,0.004806,0.990165,-0.134408,1.056716,0.052668,0.041319,-0.032902,-0.033209,0.976226,-0.211656,0.909148,-0.087052,0.931728,walk
917,3.820833,0.225973,-0.129733,0.940341,-0.21878,0.641687,-0.294182,0.062115,-0.036057,0.004634,0.990331,-0.133874,1.056867,0.052661,0.040879,-0.031945,-0.033595,0.976141,-0.212131,0.912019,-0.085551,0.931719,walk
918,3.825,0.22866,-0.129089,0.940073,-0.217516,0.642854,-0.293568,0.062797,-0.033534,0.004083,0.99048,-0.13345,1.057042,0.052617,0.040467,-0.03174,-0.033767,0.976029,-0.212647,0.914827,-0.084031,0.93183,walk
919,3.829167,0.232014,-0.128644,0.939477,-0.216802,0.64407,-0.292874,0.063416,-0.030811,0.003138,0.990644,-0.13291,1.057188,0.052543,0.040052,-0.031219,-0.033764,0.975927,-0.213193,0.917689,-0.082576,0.931787,walk
920,3.833333,0.235062,-0.12978,0.938762,-0.215937,0.645258,-0.292162,0.063872,-0.028102,0.00215,0.990798,-0.132381,1.057337,0.052436,0.039693,-0.031188,-0.034248,0.975819,-0.213617,0.920474,-0.08106,0.931949,walk
921,3.8375,0.237876,-0.130719,0.938091,-0.215203,0.646626,-0.291336,0.064319,-0.025229,0.000801,0.990982,-0.131594,1.057522,0.052293,0.039357,-0.031064,-0.034085,0.975747,-0.21399,0.923219,-0.079634,0.93195,walk
922,3.841667,0.239522,-0.131342,0.937792,-0.214303,0.648069,-0.290546,0.064712,-0.022711,-0.000558,0.991164,-0.130681,1.057708,0.052147,0.038979,-0.030816,-0.034171,0.975702,-0.214215,0.925993,-0.078193,0.932038,walk
923,3.845833,0.239912,-0.131877,0.937869,-0.213195,0.649698,-0.289612,0.065078,-0.020436,-0.001745,0.991329,-0.129796,1.05789,0.052008,0.038622,-0.030981,-0.034167,0.97566,-0.214382,0.928715,-0.076749,0.932138,walk
924,3.85,0.239029,-0.131368,0.938479,-0.211813,0.651526,-0.288733,0.065379,-0.018426,-0.00352,0.991508,-0.128687,1.058072,0.051923,0.038269,-0.030843,-0.033831,0.975639,-0.214554,0.931356,-0.075322,0.932225,walk
925,3.854167,0.236977,-0.129357,0.939592,-0.210416,0.653547,-0.287769,0.065681,-0.016314,-0.0048,0.991677,-0.127625,1.058272,0.051785,0.037977,-0.030524,-0.033608,0.975647,-0.214595,0.933981,-0.073877,0.932321,walk
926,3.858333,0.234532,-0.127182,0.940949,-0.208411,0.655785,-0.286787,0.065882,-0.014613,-0.006324,0.991835,-0.126533,1.058476,0.051661,0.03771,-0.03089,-0.033048,0.975614,-0.214783,0.936554,-0.072482,0.932465,walk
927,3.8625,0.231604,-0.125005,0.942301,-0.206887,0.658044,-0.285677,0.066188,-0.012989,-0.008158,0.99195,-0.125699,1.058726,0.051465,0.03752,-0.03101,-0.032595,0.975646,-0.214688,0.939153,-0.071094,0.932653,walk
928,3.866667,0.228599,-0.123998,0.943575,-0.205021,0.660416,-0.284499,0.066285,-0.01174,-0.01,0.992074,-0.124707,1.058958,0.0513,0.037329,-0.031155,-0.032071,0.975704,-0.214483,0.94168,-0.069736,0.932813,walk
929,3.870833,0.224573,-0.12037,0.94573,-0.201677,0.663232,-0.28349,0.065975,-0.010717,-0.011028,0.992206,-0.123655,1.059191,0.051121,0.0372,-0.031073,-0.031833,0.975749,-0.214326,0.944223,-0.06837,0.933046,walk
930,3.875,0.221082,-0.120375,0.946969,-0.199706,0.665854,-0.282119,0.066257,-0.010058,-0.012174,0.992301,-0.122843,1.059381,0.051012,0.037098,-0.031255,-0.031031,0.975816,-0.21411,0.946694,-0.067056,0.933249,walk
931,3.879167,0.216938,-0.118083,0.9489,-0.196424,0.668987,-0.280927,0.065933,-0.009583,-0.013029,0.992386,-0.122097,1.05954,0.050938,0.037022,-0.031078,-0.030438,0.975888,-0.213895,0.949161,-0.065748,0.933464,walk
932,3.883333,0.21331,-0.116959,0.950441,-0.193602,0.672114,-0.279539,0.065823,-0.009062,-0.013612,0.992465,-0.121435,1.059654,0.050888,0.036955,-0.03093,-0.029793,0.97591,-0.213904,0.951575,-0.064439,0.933693,walk
933,3.8875,0.210222,-0.116302,0.95172,-0.191077,0.67537,-0.278041,0.065796,-0.008645,-0.013847,0.992525,-0.120948,1.059753,0.050858,0.036906,-0.030671,-0.028991,0.97594,-0.213915,0.953936,-0.063188,0.933914,walk
934,3.891667,0.207049,-0.116384,0.952942,-0.18838,0.678812,-0.276509,0.065685,-0.008401,-0.013695,0.992573,-0.120584,1.059816,0.050865,0.036875,-0.030485,-0.028696,0.976026,-0.213587,0.956348,-0.061943,0.934326,walk
935,3.895833,0.20407,-0.115737,0.954186,-0.185713,0.682439,-0.27492,0.065524,-0.008194,-0.01354,0.992603,-0.120367,1.059839,0.050894,0.036846,-0.030297,-0.028393,0.976058,-0.213511,0.958716,-0.060754,0.934665,walk
936,3.9,0.200915,-0.114973,0.955454,-0.183088,0.686242,-0.273362,0.06533,-0.008119,-0.013128,0.992615,-0.12032,1.059841,0.050942,0.036826,-0.0303,-0.02783,0.976117,-0.213315,0.961066,-0.059572,0.935201,walk
937,3.904167,0.198133,-0.114451,0.956565,-0.180633,0.690212,-0.271692,0.065111,-0.008033,-0.012553,0.992617,-0.120368,1.05983,0.050996,0.036817,-0.029819,-0.027554,0.976157,-0.213237,0.963408,-0.058434,0.935648,walk
938,3.908333,0.194855,-0.113735,0.957768,-0.178257,0.694336,-0.269973,0.064949,-0.008031,-0.011744,0.992615,-0.120469,1.059821,0.051068,0.03682,-0.029636,-0.02722,0.976215,-0.213036,0.96576,-0.057317,0.936297,walk
939,3.9125,0.191458,-0.112367,0.959035,-0.175978,0.698673,-0.268227,0.064726,-0.008005,-0.010803,0.992606,-0.120639,1.059812,0.051141,0.036836,-0.029183,-0.026833,0.976272,-0.212886,0.96802,-0.056258,0.936935,walk
940,3.916667,0.182851,-0.108307,0.961726,-0.17297,0.703408,-0.266608,0.064842,-0.007948,-0.009832,0.992595,-0.120807,1.059789,0.051223,0.036853,-0.02914,-0.026494,0.976296,-0.212828,0.97036,-0.055179,0.937713,walk
941,3.920833,0.179039,-0.107712,0.962916,-0.170695,0.708043,-0.264869,0.064543,-0.007891,-0.008982,0.99258,-0.121005,1.059761,0.051301,0.036866,-0.027763,-0.025043,0.976386,-0.212775,0.97216,-0.054303,0.938641,walk
942,3.925,0.175242,-0.107055,0.964148,-0.168072,0.712909,-0.263052,0.06423,-0.007953,-0.008229,0.99256,-0.121218,1.059722,0.051407,0.036866,-0.028174,-0.022782,0.97634,-0.213185,0.974034,-0.05348,0.939792,walk
943,3.929167,0.171216,-0.10587,0.96538,-0.165888,0.71786,-0.261225,0.063872,-0.007924,-0.007512,0.99254,-0.12143,1.059674,0.051476,0.036879,-0.027989,-0.022552,0.976411,-0.212909,0.976463,-0.052429,0.940667,walk
944,3.933333,0.166747,-0.105535,0.966627,-0.163369,0.723007,-0.259321,0.063585,-0.007886,-0.006972,0.992526,-0.121581,1.059615,0.051537,0.036899,-0.027069,-0.022424,0.976482,-0.212713,0.978935,-0.051442,0.941346,walk
945,3.9375,0.162698,-0.104484,0.967898,-0.160578,0.728328,-0.257477,0.063249,-0.007924,-0.006802,0.992514,-0.121686,1.059556,0.051582,0.0369,-0.026861,-0.022277,0.976483,-0.21275,0.981445,-0.050321,0.942221,walk
946,3.941667,0.157966,-0.103041,0.969323,-0.157615,0.733821,-0.255619,0.062901,-0.008012,-0.006639,0.992502,-0.121782,1.059493,0.051623,0.036913,-0.026424,-0.0219,0.976507,-0.212735,0.983928,-0.049352,0.943037,walk
947,3.945833,0.153722,-0.102025,0.97052,-0.155087,0.739483,-0.253676,0.062563,-0.008065,-0.006403,0.992501,-0.121798,1.059432,0.051646,0.03694,-0.026169,-0.021361,0.976494,-0.212881,0.986407,-0.048285,0.943905,walk
948,3.95,0.149046,-0.100314,0.971853,-0.152397,0.745337,-0.251758,0.062273,-0.00818,-0.006292,0.992499,-0.121812,1.05938,0.051662,0.03696,-0.026047,-0.020788,0.976492,-0.212961,0.988837,-0.047299,0.944818,walk
949,3.954167,0.144579,-0.099062,0.973048,-0.149873,0.751342,-0.249858,0.061931,-0.008361,-0.00665,0.992501,-0.121769,1.05934,0.05168,0.03698,-0.025912,-0.020285,0.976461,-0.21317,0.991185,-0.0464,0.945712,walk
950,3.958333,0.140073,-0.097298,0.974235,-0.147579,0.757588,-0.247967,0.061616,-0.007843,-0.010426,0.992451,-0.121943,1.059192,0.051783,0.036937,-0.02545,-0.019462,0.976504,-0.213104,0.99355,-0.0455,0.946578,walk
951,3.9625,0.135249,-0.097321,0.975307,-0.144958,0.763921,-0.246051,0.061249,-0.008497,-0.010929,0.992531,-0.121204,1.059065,0.051946,0.036884,-0.024989,-0.018416,0.976493,-0.213302,0.99587,-0.044597,0.94744,walk
952,3.966667,0.130339,-0.096012,0.976394,-0.142998,0.770426,-0.244182,0.060848,-0.008669,-0.010856,0.992551,-0.121033,1.059008,0.051916,0.036919,-0.024152,-0.017181,0.976483,-0.213546,0.998151,-0.043729,0.948188,walk
953,3.970833,0.125598,-0.095696,0.977347,-0.140925,0.777071,-0.242336,0.060465,-0.008786,-0.010701,0.992577,-0.120827,1.058946,0.051886,0.036965,-0.0238,-0.016178,0.976479,-0.213685,1.000441,-0.04281,0.948996,walk
954,3.975,0.120398,-0.094375,0.978362,-0.139301,0.783913,-0.240521,0.060114,-0.008962,-0.01058,0.992609,-0.120565,1.058888,0.051853,0.036998,-0.023419,-0.015301,0.976468,-0.213839,1.002736,-0.04197,0.949726,walk
955,3.979167,0.115408,-0.094153,0.97921,-0.137711,0.790896,-0.238715,0.05974,-0.00907,-0.010568,0.992633,-0.120354,1.058834,0.051811,0.03703,-0.022893,-0.014291,0.976472,-0.213949,1.005013,-0.041129,0.950464,walk
956,3.983333,0.110305,-0.093614,0.980007,-0.136583,0.798022,-0.236886,0.059385,-0.009188,-0.01046,0.992669,-0.120063,1.058782,0.051768,0.037057,-0.022794,-0.01358,0.976478,-0.213978,1.007291,-0.040232,0.951205,walk
957,3.9875,0.105292,-0.09274,0.980778,-0.135601,0.805311,-0.2351,0.05901,-0.009273,-0.010325,0.992705,-0.119765,1.058731,0.051727,0.037074,-0.022479,-0.012834,0.976512,-0.213902,1.009515,-0.039396,0.951952,walk
958,3.991667,0.100145,-0.092263,0.981432,-0.135094,0.812721,-0.233295,0.058677,-0.009322,-0.010139,0.992741,-0.119478,1.058688,0.051676,0.037106,-0.021928,-0.011943,0.97655,-0.21384,1.011804,-0.038594,0.95256,walk
959,3.995833,0.095091,-0.091873,0.98199,-0.134958,0.820336,-0.231523,0.058344,-0.009396,-0.01006,0.992776,-0.119189,1.05865,0.051638,0.037127,-0.021743,-0.011427,0.976563,-0.213826,1.014077,-0.037744,0.953153,walk
960,4.0,0.090115,-0.09094,0.98253,-0.135072,0.828066,-0.229793,0.058043,-0.009378,-0.00988,0.992815,-0.118882,1.058608,0.051601,0.037147,-0.021516,-0.010628,0.976536,-0.214015,1.016247,-0.03691,0.953757,walk
961,4.004167,0.084833,-0.090322,0.983016,-0.135373,0.83596,-0.228022,0.057723,-0.009219,-0.010147,0.992843,-0.118641,1.058518,0.051622,0.037135,-0.021355,-0.010125,0.976587,-0.21382,1.018428,-0.036144,0.954363,walk
962,4.008333,0.079701,-0.090019,0.983342,-0.136318,0.843971,-0.226244,0.057464,-0.008969,-0.010554,0.992867,-0.118423,1.058443,0.051657,0.037084,-0.021354,-0.00957,0.976631,-0.213647,1.020633,-0.035356,0.954928,walk
963,4.0125,0.073889,-0.089289,0.98374,-0.137196,0.852167,-0.224558,0.05725,-0.008659,-0.010974,0.992853,-0.118525,1.058414,0.051673,0.037049,-0.021248,-0.0091,0.976662,-0.213537,1.022821,-0.034549,0.955482,walk
964,4.016667,0.069106,-0.089049,0.983926,-0.138508,0.860482,-0.222875,0.056953,-0.008848,-0.010306,0.992872,-0.118406,1.05843,0.051641,0.037101,-0.021001,-0.008712,0.976691,-0.213442,1.02502,-0.033751,0.95592,walk
965,4.020833,0.064366,-0.08923,0.983981,-0.140274,0.868914,-0.221165,0.05667,-0.008764,-0.009944,0.99288,-0.118378,1.058432,0.051633,0.037112,-0.021156,-0.008258,0.976699,-0.213408,1.027247,-0.032927,0.956389,walk
966,4.025,0.05715,-0.088269,0.984233,-0.142225,0.877465,-0.219416,0.056649,-0.008574,-0.009567,0.992876,-0.11846,1.058441,0.051655,0.037108,-0.021211,-0.008144,0.976736,-0.213238,1.029449,-0.032153,0.956802,walk
967,4.029167,0.0511,-0.087327,0.984378,-0.14409,0.886121,-0.2177,0.056555,-0.008311,-0.009187,0.99287,-0.118554,1.058448,0.051678,0.037091,-0.021311,-0.007653,0.976757,-0.213151,1.031589,-0.031346,0.957188,walk
968,4.033333,0.045598,-0.087624,0.984267,-0.146499,0.894929,-0.215832,0.056468,-0.008071,-0.008806,0.992862,-0.118667,1.058462,0.051709,0.037085,-0.021268,-0.007238,0.976783,-0.21305,1.033718,-0.030553,0.957553,walk
969,4.0375,0.045451,-0.09025,0.983691,-0.148801,0.903693,-0.214266,0.055947,-0.007866,-0.008498,0.992854,-0.118771,1.058477,0.051738,0.037073,-0.021197,-0.007342,0.97679,-0.213023,1.035752,-0.029848,0.957946,walk
970,4.041667,0.039768,-0.089782,0.983542,-0.151666,0.912555,-0.212425,0.055983,-0.007633,-0.008147,0.992843,-0.118906,1.058494,0.051767,0.037055,-0.020915,-0.006698,0.976813,-0.212965,1.037821,-0.029113,0.958279,walk
971,4.045833,0.03372,-0.089837,0.983397,-0.154021,0.921583,-0.21058,0.056106,-0.007399,-0.007827,0.992831,-0.119041,1.05852,0.051799,0.037036,-0.020877,-0.006477,0.976798,-0.213043,1.03986,-0.028564,0.958526,walk
972,4.05,0.027669,-0.089208,0.983306,-0.156158,0.930774,-0.208672,0.056211,-0.00707,-0.007514,0.992811,-0.119247,1.058537,0.051833,0.037024,-0.021011,-0.006635,0.976817,-0.212939,1.042038,-0.0279,0.958677,walk
973,4.054167,0.021742,-0.088931,0.983126,-0.158375,0.939985,-0.206731,0.056335,-0.00676,-0.007177,0.992799,-0.119383,1.058564,0.051869,0.03701,-0.021359,-0.006708,0.976838,-0.212804,1.044225,-0.027107,0.958835,walk
974,4.058333,0.015395,-0.0884,0.982892,-0.160848,0.949271,-0.204753,0.056671,-0.00649,-0.006876,0.992786,-0.119528,1.058596,0.051906,0.036988,-0.02173,-0.006651,0.976847,-0.212728,1.04633,-0.026277,0.959027,walk
975,4.0625,0.008645,-0.087976,0.982618,-0.163238,0.958545,-0.202653,0.056982,-0.006203,-0.006684,0.992773,-0.119658,1.058625,0.05194,0.03696,-0.022134,-0.007061,0.976874,-0.212552,1.048524,-0.025526,0.959171,walk
976,4.066667,0.002004,-0.087383,0.982312,-0.165602,0.967856,-0.200477,0.057387,-0.005935,-0.006495,0.992759,-0.1198,1.058661,0.051969,0.036933,-0.022448,-0.007354,0.976848,-0.212628,1.050669,-0.024776,0.959243,walk
977,4.070833,-0.005194,-0.08672,0.981999,-0.167725,0.977261,-0.198325,0.057871,-0.005627,-0.006283,0.992747,-0.119927,1.058692,0.052002,0.036913,-0.023005,-0.007683,0.976805,-0.212752,1.052815,-0.024117,0.959301,walk
978,4.075,-0.01359,-0.085334,0.981811,-0.169056,0.986721,-0.196262,0.058572,-0.005318,-0.006176,0.992729,-0.120095,1.058728,0.052018,0.036873,-0.023179,-0.007718,0.976769,-0.212899,1.054931,-0.023479,0.959327,walk
979,4.079167,-0.019576,-0.084616,0.981385,-0.17129,0.996117,-0.193886,0.059063,-0.005058,-0.006062,0.992711,-0.120259,1.058768,0.052041,0.036855,-0.02362,-0.008134,0.976727,-0.213029,1.057031,-0.022826,0.959377,walk
980,4.083333,-0.025825,-0.084628,0.980924,-0.17309,1.005473,-0.191662,0.059688,-0.004819,-0.00584,0.992699,-0.120379,1.058808,0.052061,0.036832,-0.023731,-0.008141,0.976653,-0.213355,1.05906,-0.022152,0.959363,walk
981,4.0875,-0.031797,-0.083757,0.980567,-0.174537,1.015048,-0.189301,0.060372,-0.004465,-0.005778,0.992695,-0.120427,1.058837,0.052071,0.036817,-0.024229,-0.008558,0.976545,-0.213773,1.061196,-0.021489,0.959307,walk
982,4.091667,-0.037567,-0.083815,0.980064,-0.17618,1.024516,-0.186847,0.061017,-0.004249,-0.00566,0.992682,-0.120554,1.058864,0.052083,0.036804,-0.024576,-0.008858,0.976475,-0.214042,1.06339,-0.020859,0.95921,walk
983,4.095833,-0.043789,-0.083649,0.979607,-0.17736,1.034014,-0.184418,0.061791,-0.004039,-0.005588,0.992674,-0.120628,1.058901,0.052086,0.036785,-0.02476,-0.009256,0.976395,-0.214367,1.065522,-0.020188,0.959166,walk
984,4.1,-0.050191,-0.083742,0.979133,-0.178234,1.043472,-0.181934,0.062628,-0.003938,-0.005576,0.992663,-0.120724,1.058935,0.052098,0.036754,-0.024686,-0.009309,0.976252,-0.215025,1.067521,-0.019556,0.959063,walk
985,4.104167,-0.055888,-0.084666,0.978567,-0.179204,1.052881,-0.179323,0.063527,-0.003747,-0.005476,0.99265,-0.120838,1.058971,0.052102,0.036734,-0.025193,-0.009538,0.97614,-0.215465,1.069645,-0.018918,0.95899,walk
986,4.108333,-0.062263,-0.084582,0.977989,-0.180297,1.062467,-0.176783,0.064454,-0.003602,-0.005455,0.992639,-0.120937,1.058998,0.052108,0.036716,-0.025534,-0.009988,0.976043,-0.215841,1.071837,-0.018333,0.958813,walk
987,4.1125,-0.069037,-0.084922,0.977393,-0.180901,1.071899,-0.17416,0.065517,-0.00347,-0.005457,0.992627,-0.121037,1.059023,0.052116,0.036704,-0.026134,-0.010216,0.975907,-0.216375,1.073968,-0.017671,0.958734,walk
988,4.116667,-0.075011,-0.08662,0.976734,-0.181276,1.081219,-0.171417,0.06664,-0.00338,-0.005919,0.992593,-0.121298,1.059071,0.052151,0.036691,-0.026324,-0.010546,0.975752,-0.217034,1.076065,-0.01701,0.958657,walk
989,4.120833,-0.080187,-0.087021,0.976186,-0.181818,1.090544,-0.168673,0.067696,-0.003072,-0.005297,0.992642,-0.120934,1.059007,0.052148,0.036715,-0.026566,-0.010682,0.975606,-0.217654,1.078207,-0.016356,0.958551,walk
990,4.125,-0.085718,-0.087181,0.975596,-0.182384,1.099897,-0.165896,0.068736,-0.002927,-0.005312,0.992632,-0.121019,1.059018,0.052155,0.036704,-0.027083,-0.010895,0.975404,-0.218482,1.080377,-0.015731,0.958522,walk
991,4.129167,-0.091995,-0.088014,0.974872,-0.182795,1.109259,-0.163121,0.069895,-0.002791,-0.00527,0.992615,-0.121157,1.059036,0.052164,0.036712,-0.02732,-0.011501,0.975248,-0.21912,1.082563,-0.015129,0.95842,walk
992,4.133333,-0.09804,-0.08846,0.974204,-0.183002,1.118583,-0.160277,0.071134,-0.002719,-0.005109,0.992611,-0.121206,1.059027,0.052185,0.036721,-0.02731,-0.011878,0.975027,-0.220081,1.084597,-0.014493,0.958413,walk
993,4.1375,-0.10328,-0.089943,0.973483,-0.183232,1.127695,-0.15736,0.072526,-0.002785,-0.004672,0.992588,-0.121404,1.058998,0.052171,0.036728,-0.027484,-0.012842,0.974795,-0.221031,1.086754,-0.01387,0.958391,walk
994,4.141667,-0.108452,-0.091021,0.972801,-0.183334,1.136909,-0.154452,0.073844,-0.002789,-0.004857,0.992577,-0.121485,1.05901,0.052183,0.036714,-0.027854,-0.01345,0.974566,-0.221954,1.088937,-0.01327,0.958403,walk
995,4.145833,-0.114235,-0.091998,0.971982,-0.183678,1.146058,-0.151528,0.075193,-0.002706,-0.004885,0.99256,-0.121626,1.059014,0.052189,0.036717,-0.027788,-0.013727,0.974367,-0.222818,1.091083,-0.012678,0.958397,walk
996,4.15,-0.119906,-0.092884,0.971138,-0.184082,1.155092,-0.14862,0.076681,-0.002698,-0.004648,0.992537,-0.121824,1.059009,0.052203,0.036731,-0.027845,-0.014227,0.974107,-0.223914,1.093103,-0.012047,0.958449,walk
997,4.154167,-0.1256,-0.094321,0.970158,-0.184723,1.164158,-0.145771,0.078213,-0.002751,-0.00465,0.992602,-0.121297,1.058959,0.052182,0.036714,-0.027549,-0.014675,0.973894,-0.224845,1.095174,-0.011586,0.958467,walk
998,4.158333,-0.130967,-0.095701,0.969169,-0.185472,1.172972,-0.142695,0.079724,-0.002673,-0.00466,0.992582,-0.121461,1.05895,0.052189,0.036714,-0.027706,-0.015041,0.973655,-0.225836,1.097293,-0.011063,0.958622,walk
999,4.1625,-0.135491,-0.09754,0.968166,-0.186501,1.181905,-0.139713,0.081285,-0.002617,-0.004546,0.992558,-0.121663,1.058936,0.052198,0.036726,-0.027555,-0.015148,0.97344,-0.226772,1.09947,-0.010534,0.958726,walk
1000,4.166667,-0.139827,-0.100256,0.967097,-0.187408,1.19068,-0.136755,0.082814,-0.002554,-0.004394,0.992535,-0.121858,1.058925,0.052213,0.03674,-0.027416,-0.01586,0.973106,-0.228169,1.101613,-0.009983,0.958799,walk
1001,4.170833,-0.144444,-0.10152,0.966088,-0.188426,1.199481,-0.133656,0.084375,-0.002373,-0.004224,0.992545,-0.121781,1.058866,0.052197,0.036747,-0.027789,-0.016342,0.972775,-0.229498,1.103862,-0.009365,0.958974,walk
1002,4.175,-0.150212,-0.102386,0.964978,-0.189132,1.208346,-0.130742,0.085866,-0.002471,-0.004393,0.992452,-0.122527,1.05895,0.052208,0.036738,-0.02786,-0.016635,0.9725,-0.230631,1.106115,-0.008841,0.959193,walk
1003,4.179167,-0.155646,-0.102925,0.963795,-0.190474,1.217177,-0.127743,0.087332,-0.002458,-0.004335,0.992422,-0.122777,1.058951,0.052211,0.036746,-0.027807,-0.016918,0.972245,-0.23169,1.108298,-0.008336,0.959371,walk
1004,4.183333,-0.162077,-0.102526,0.962564,-0.191549,1.225835,-0.12458,0.088652,-0.002457,-0.004162,0.992379,-0.123128,1.058937,0.05219,0.036743,-0.02764,-0.017007,0.971983,-0.232798,1.110421,-0.007864,0.959537,walk
1005,4.1875,-0.167267,-0.103709,0.961252,-0.193031,1.234397,-0.121526,0.090132,-0.002501,-0.005105,0.992307,-0.123674,1.058968,0.052222,0.036737,-0.027295,-0.016921,0.971759,-0.233778,1.112588,-0.007408,0.959744,walk
1006,4.191667,-0.172274,-0.104604,0.960048,-0.194133,1.242927,-0.118509,0.091657,-0.002114,-0.00479,0.992324,-0.123558,1.058927,0.052217,0.036751,-0.027251,-0.017141,0.971566,-0.234569,1.114841,-0.006898,0.959949,walk
1007,4.195833,-0.176574,-0.106292,0.958794,-0.195543,1.251289,-0.115325,0.093132,-0.00202,-0.0048,0.992298,-0.123764,1.058924,0.052227,0.03677,-0.027165,-0.017642,0.97127,-0.235766,1.117063,-0.006492,0.960123,walk
1008,4.2,-0.181072,-0.107993,0.957459,-0.197034,1.259651,-0.112219,0.0946,-0.001944,-0.004684,0.992272,-0.123978,1.058905,0.052241,0.036781,-0.027107,-0.01795,0.971003,-0.236847,1.119292,-0.006049,0.960307,walk
1009,4.204167,-0.18613,-0.109108,0.956059,-0.1985,1.267984,-0.10903,0.096,-0.001865,-0.004739,0.992287,-0.123857,1.058865,0.052231,0.036773,-0.026999,-0.018443,0.970709,-0.238025,1.121603,-0.005438,0.96047,walk
1010,4.208333,-0.190138,-0.110874,0.954807,-0.199748,1.276227,-0.105856,0.097342,-0.001663,-0.004309,0.992173,-0.124788,1.058911,0.052275,0.036832,-0.027788,-0.018022,0.970202,-0.240022,1.123974,-0.004959,0.960802,walk
1011,4.2125,-0.194562,-0.112311,0.953427,-0.201266,1.284333,-0.102736,0.098773,-0.002018,-0.004513,0.992072,-0.125574,1.059006,0.052321,0.036736,-0.027634,-0.018093,0.969957,-0.241022,1.126255,-0.004488,0.96097,walk
1012,4.216667,-0.19852,-0.113645,0.952205,-0.202433,1.292299,-0.099584,0.100128,-0.001967,-0.004286,0.992043,-0.12581,1.058996,0.052338,0.036749,-0.027708,-0.018095,0.969739,-0.241891,1.128648,-0.00395,0.961153,walk
1013,4.220833,-0.202112,-0.115459,0.950883,-0.204065,1.30014,-0.096434,0.101481,-0.001674,-0.004017,0.992036,-0.12588,1.058914,0.05234,0.036824,-0.028127,-0.018271,0.969396,-0.2432,1.130954,-0.003544,0.961347,walk
1014,4.225,-0.206174,-0.117318,0.949537,-0.205204,1.30799,-0.093271,0.102848,-0.001386,-0.003852,0.992003,-0.12615,1.058867,0.052347,0.036885,-0.02855,-0.018355,0.969177,-0.244015,1.133305,-0.003081,0.961498,walk
1015,4.229167,-0.210209,-0.119337,0.94816,-0.206311,1.315685,-0.090073,0.1041,-0.001256,-0.003716,0.991975,-0.126375,1.058856,0.052352,0.036899,-0.028271,-0.018164,0.968969,-0.244889,1.13557,-0.002656,0.961624,walk
1016,4.233333,-0.214377,-0.120431,0.946776,-0.207736,1.323313,-0.086877,0.105343,-0.001795,-0.003585,0.991933,-0.126701,1.058961,0.052352,0.036768,-0.028791,-0.018068,0.968663,-0.246042,1.137927,-0.002188,0.961805,walk
1017,4.2375,-0.218239,-0.121715,0.945461,-0.208953,1.330893,-0.083612,0.106473,-0.001755,-0.003612,0.991903,-0.126933,1.058949,0.052362,0.036773,-0.02911,-0.018318,0.968449,-0.246828,1.140334,-0.001659,0.961853,walk
1018,4.241667,-0.221586,-0.123015,0.944229,-0.210236,1.338349,-0.080386,0.107636,-0.001675,-0.0036,0.991876,-0.127149,1.058946,0.052363,0.036771,-0.029123,-0.01874,0.968237,-0.247624,1.142728,-0.00125,0.961885,walk
1019,4.245833,-0.224482,-0.124917,0.943093,-0.211139,1.345686,-0.077009,0.108614,-0.001109,-0.003403,0.991904,-0.126936,1.058851,0.05234,0.036819,-0.029568,-0.019034,0.968018,-0.248403,1.145125,-0.000775,0.961932,walk
1020,4.25,-0.22865,-0.125211,0.941824,-0.212154,1.352906,-0.073929,0.10983,-0.00096,-0.0034,0.991843,-0.127417,1.058849,0.052369,0.036904,-0.029849,-0.019046,0.967832,-0.249094,1.147555,-0.000349,0.962009,walk
1021,4.254167,-0.231267,-0.12701,0.940808,-0.212756,1.360166,-0.070574,0.110611,-0.001032,-0.003527,0.991796,-0.127777,1.058841,0.052374,0.036922,-0.030158,-0.019254,0.967681,-0.249626,1.149905,2.3e-05,0.962048,walk
1022,4.258333,-0.233647,-0.129116,0.939552,-0.214429,1.367073,-0.067425,0.111654,-0.001072,-0.003552,0.991772,-0.127965,1.058845,0.052375,0.036925,-0.030425,-0.019706,0.967483,-0.250325,1.152318,0.000453,0.962025,walk
1023,4.2625,-0.237253,-0.130368,0.938332,-0.215054,1.374185,-0.064173,0.112452,-0.001064,-0.003423,0.991753,-0.128117,1.058846,0.052373,0.036911,-0.030785,-0.019998,0.967297,-0.250976,1.154741,0.000924,0.962045,walk
1024,4.266667,-0.239669,-0.132656,0.937186,-0.215971,1.381085,-0.060956,0.11326,-0.001095,-0.00349,0.991729,-0.128301,1.05885,0.052367,0.036911,-0.030699,-0.020048,0.967174,-0.251456,1.157151,0.00133,0.962007,walk
1025,4.270833,-0.242833,-0.133791,0.936071,-0.21657,1.387782,-0.057746,0.113932,-0.00105,-0.003487,0.99171,-0.128448,1.058853,0.052362,0.036915,-0.03179,-0.020202,0.96694,-0.252208,1.15955,0.001774,0.962069,walk
1026,4.275,-0.245762,-0.135357,0.934969,-0.217055,1.394505,-0.05451,0.114561,-0.000978,-0.003452,0.991696,-0.128553,1.058851,0.052356,0.036921,-0.032282,-0.020616,0.966841,-0.252491,1.162026,0.00219,0.961995,walk
1027,4.279167,-0.248134,-0.137402,0.93382,-0.218015,1.401052,-0.051382,0.115166,-0.000869,-0.003521,0.991675,-0.128714,1.058852,0.052353,0.03693,-0.032174,-0.020891,0.966741,-0.252864,1.164508,0.002612,0.961912,walk
1028,4.283333,-0.250928,-0.138662,0.932814,-0.218326,1.407641,-0.048184,0.115608,-0.000812,-0.003592,0.991659,-0.128838,1.058854,0.052344,0.036929,-0.033124,-0.020895,0.966561,-0.253427,1.166982,0.003097,0.961875,walk
1029,4.2875,-0.252726,-0.141256,0.931735,-0.219193,1.414072,-0.045016,0.116017,-0.000722,-0.003584,0.991643,-0.128961,1.058855,0.052336,0.036935,-0.033306,-0.021159,0.966463,-0.253757,1.169513,0.003525,0.961737,walk
1030,4.291667,-0.255089,-0.144234,0.930437,-0.22003,1.4204,-0.041859,0.116239,-0.000642,-0.003656,0.991624,-0.129106,1.058863,0.052322,0.036938,-0.033779,-0.021952,0.966287,-0.254297,1.172074,0.003987,0.961586,walk
1031,4.295833,-0.257107,-0.145919,0.929432,-0.220816,1.426466,-0.038857,0.116443,-0.000552,-0.003713,0.991607,-0.129236,1.058868,0.052302,0.036936,-0.03423,-0.022875,0.966147,-0.254684,1.174615,0.004412,0.961417,walk
1032,4.3,-0.259185,-0.14672,0.928619,-0.221277,1.432561,-0.035864,0.116567,-0.000463,-0.003764,0.991591,-0.129359,1.058875,0.052289,0.036947,-0.034646,-0.023396,0.966012,-0.255093,1.177151,0.004871,0.961248,walk
1033,4.304167,-0.261833,-0.148736,0.927479,-0.221593,1.438649,-0.032711,0.116468,-0.000378,-0.003795,0.991567,-0.129541,1.05888,0.052262,0.036958,-0.035318,-0.023754,0.965879,-0.255471,1.179691,0.005306,0.961094,walk
1034,4.308333,-0.263734,-0.150856,0.926548,-0.221801,1.444565,-0.029693,0.116325,-0.000264,-0.003797,0.991542,-0.129733,1.058875,0.052245,0.036972,-0.0357,-0.023953,0.965795,-0.255718,1.182291,0.005738,0.960939,walk
1035,4.3125,-0.265347,-0.152767,0.925662,-0.222267,1.450332,-0.026797,0.116208,-0.000168,-0.003786,0.99152,-0.129898,1.058878,0.052233,0.036979,-0.036297,-0.024878,0.965634,-0.256152,1.184869,0.00617,0.960747,walk
1036,4.316667,-0.267454,-0.154495,0.924674,-0.22266,1.456119,-0.023883,0.115862,-9.2e-05,-0.003864,0.991506,-0.130002,1.058883,0.052216,0.036986,-0.036547,-0.025356,0.965532,-0.256456,1.187495,0.006613,0.960527,walk
1037,4.320833,-0.269381,-0.155941,0.923818,-0.222882,1.461744,-0.021034,0.115485,-4.4e-05,-0.003853,0.991485,-0.130168,1.058887,0.052204,0.036989,-0.037001,-0.026156,0.965398,-0.256815,1.190092,0.007036,0.960301,walk
1038,4.325,-0.271474,-0.15696,0.923034,-0.222876,1.467385,-0.018185,0.114935,-6e-06,-0.003817,0.991467,-0.130304,1.05889,0.052183,0.036988,-0.037371,-0.026293,0.965311,-0.257073,1.192671,0.00749,0.960141,walk
1039,4.329167,-0.27379,-0.159841,0.921668,-0.223645,1.472892,-0.015336,0.114205,7.4e-05,-0.003881,0.991449,-0.130439,1.058893,0.052161,0.036986,-0.038141,-0.026874,0.965173,-0.25742,1.195335,0.007907,0.959915,walk
1040,4.333333,-0.275979,-0.160698,0.92082,-0.223834,1.478261,-0.012712,0.113454,0.000145,-0.004091,0.99143,-0.130573,1.058895,0.052144,0.036992,-0.03854,-0.027569,0.965032,-0.257813,1.198038,0.008342,0.959625,walk
1041,4.3375,-0.278275,-0.162227,0.919875,-0.223775,1.483637,-0.009903,0.11257,0.000258,-0.004169,0.991417,-0.13067,1.058892,0.052122,0.036997,-0.038806,-0.028352,0.964907,-0.258156,1.200757,0.008792,0.959362,walk
1042,4.341667,-0.280421,-0.162923,0.919047,-0.223995,1.488849,-0.007363,0.111561,0.000275,-0.004218,0.9914,-0.130796,1.058896,0.052102,0.036995,-0.038818,-0.028765,0.964794,-0.258531,1.203398,0.009173,0.959077,walk
1043,4.345833,-0.282979,-0.162254,0.918398,-0.223922,1.494044,-0.004852,0.110536,0.000316,-0.004366,0.991389,-0.130873,1.058891,0.052083,0.036991,-0.039158,-0.029523,0.964648,-0.258938,1.206192,0.009639,0.958787,walk
1044,4.35,-0.285412,-0.162703,0.917637,-0.223631,1.499075,-0.002349,0.109264,0.000326,-0.00451,0.991381,-0.130932,1.058889,0.052059,0.036981,-0.039377,-0.030585,0.964492,-0.259363,1.208962,0.010111,0.958434,walk
1045,4.354167,-0.287976,-0.162796,0.916878,-0.223386,1.504032,9.6e-05,0.107993,0.000383,-0.004635,0.991368,-0.131029,1.058889,0.052032,0.03698,-0.039619,-0.031425,0.964314,-0.259886,1.211751,0.010566,0.958104,walk
1046,4.358333,-0.290561,-0.162307,0.916344,-0.222587,1.508899,0.002528,0.106651,0.000416,-0.004797,0.991358,-0.131094,1.058886,0.052005,0.036977,-0.039837,-0.03163,0.964214,-0.260201,1.214465,0.010929,0.957876,walk
1047,4.3625,-0.293028,-0.161768,0.915818,-0.221908,1.513641,0.004818,0.105106,0.000475,-0.004897,0.991353,-0.131133,1.058881,0.051984,0.036967,-0.039981,-0.031976,0.964139,-0.260413,1.217267,0.011335,0.95756,walk
1048,4.366667,-0.295876,-0.161136,0.915093,-0.221581,1.518352,0.007079,0.103448,0.000452,-0.005019,0.991339,-0.131231,1.058884,0.051956,0.036964,-0.040093,-0.032538,0.963999,-0.260843,1.22017,0.011774,0.957218,walk
1049,4.370833,-0.298114,-0.159702,0.914763,-0.22098,1.522892,0.009235,0.101764,0.000508,-0.005255,0.991329,-0.131299,1.058884,0.051934,0.036958,-0.0404,-0.033223,0.963829,-0.261338,1.222991,0.012224,0.956825,walk
1050,4.375,-0.300312,-0.158812,0.914239,-0.220813,1.527313,0.011283,0.09997,0.000535,-0.005429,0.99132,-0.131357,1.058878,0.051908,0.036948,-0.0402,-0.034205,0.96363,-0.261976,1.225818,0.012652,0.956521,walk
1051,4.379167,-0.302396,-0.15739,0.913873,-0.220501,1.531663,0.013264,0.098062,0.000558,-0.005663,0.991317,-0.131367,1.058873,0.051873,0.036939,-0.04001,-0.034437,0.96356,-0.26223,1.228711,0.013071,0.956212,walk
1052,4.383333,-0.304594,-0.155492,0.913642,-0.219779,1.535967,0.015156,0.095937,0.000594,-0.005832,0.991313,-0.131393,1.058872,0.051837,0.036935,-0.040363,-0.03498,0.963437,-0.262558,1.231624,0.013478,0.955852,walk
1053,4.3875,-0.3066,-0.154018,0.913245,-0.219679,1.540058,0.017017,0.093851,0.000624,-0.006073,0.991312,-0.131392,1.058866,0.0518,0.036944,-0.040372,-0.035578,0.963285,-0.263034,1.234611,0.013897,0.95546,walk
1054,4.391667,-0.307735,-0.152659,0.913287,-0.218864,1.543923,0.018821,0.091557,0.000649,-0.006515,0.991305,-0.13142,1.058867,0.051753,0.036949,-0.040705,-0.035826,0.963178,-0.263341,1.237573,0.014358,0.955029,walk
1055,4.395833,-0.308974,-0.150844,0.913199,-0.218743,1.547853,0.020483,0.089297,0.000682,-0.006759,0.99131,-0.131373,1.058859,0.051713,0.036954,-0.040587,-0.036711,0.962966,-0.264009,1.240507,0.014742,0.954688,walk
1056,4.4,-0.309546,-0.148757,0.913393,-0.218553,1.551613,0.022057,0.086887,0.000724,-0.00709,0.991309,-0.131361,1.058857,0.051681,0.036965,-0.041229,-0.037959,0.962344,-0.265996,1.244002,0.015353,0.954271,walk
1057,4.404167,-0.308218,-0.148566,0.913637,-0.219541,1.555059,0.023532,0.084592,0.000792,-0.007362,0.991301,-0.131408,1.058852,0.05164,0.036977,-0.041124,-0.038752,0.962217,-0.266358,1.247119,0.015792,0.95377,walk
1058,4.408333,-0.305798,-0.147887,0.914327,-0.220506,1.558327,0.024826,0.082328,0.00086,-0.007677,0.991295,-0.13143,1.058849,0.051601,0.036998,-0.040957,-0.039022,0.962076,-0.266851,1.250191,0.016218,0.953462,walk
1059,4.4125,-0.300854,-0.14841,0.915559,-0.221839,1.56114,0.025971,0.080125,0.000502,-0.006759,0.991307,-0.131394,1.05897,0.051462,0.037061,-0.040626,-0.039533,0.961945,-0.2673,1.25333,0.016671,0.953081,walk
1060,4.416667,-0.294187,-0.150481,0.916762,-0.224402,1.56372,0.026963,0.078127,0.000578,-0.007053,0.991298,-0.131445,1.058962,0.05141,0.037082,-0.04029,-0.040245,0.961811,-0.267724,1.256523,0.017091,0.952677,walk
1061,4.420833,-0.285788,-0.152334,0.918504,-0.226868,1.566049,0.027771,0.076115,0.000584,-0.007543,0.991283,-0.13153,1.058956,0.051374,0.037102,-0.040007,-0.040607,0.961685,-0.268167,1.259532,0.017511,0.952308,walk
1062,4.425,-0.275133,-0.155581,0.920426,-0.230026,1.568064,0.028514,0.074358,0.000647,-0.007736,0.991285,-0.131506,1.058952,0.051342,0.037135,-0.04025,-0.041002,0.961601,-0.26837,1.262767,0.017919,0.95184,walk
1063,4.429167,-0.2633,-0.156709,0.923077,-0.232473,1.569988,0.029201,0.073065,0.000778,-0.007852,0.991281,-0.131529,1.058935,0.051322,0.037163,-0.040521,-0.041649,0.961529,-0.268486,1.266012,0.018291,0.951351,walk
1064,4.433333,-0.250304,-0.156782,0.926378,-0.233646,1.571474,0.029672,0.071873,0.001005,-0.007775,0.991288,-0.131481,1.058924,0.05128,0.037221,-0.040795,-0.042196,0.961397,-0.268832,1.269277,0.018733,0.950758,walk
1065,4.4375,-0.240197,-0.15255,0.930266,-0.2316,1.572753,0.030104,0.07085,0.00111,-0.007687,0.991285,-0.131509,1.058914,0.051267,0.037259,-0.040876,-0.042747,0.96135,-0.2689,1.272551,0.019083,0.950336,walk
1066,4.441667,-0.231773,-0.143417,0.934611,-0.228505,1.573834,0.030903,0.069759,0.001223,-0.007672,0.991283,-0.131522,1.058903,0.051256,0.037298,-0.041212,-0.043204,0.961258,-0.269108,1.275858,0.019537,0.949856,walk
1067,4.445833,-0.224813,-0.133438,0.9386,-0.225128,1.575027,0.031859,0.068636,0.00136,-0.00746,0.991277,-0.131573,1.058902,0.05124,0.037346,-0.041237,-0.043122,0.961197,-0.269334,1.279222,0.020028,0.949487,walk
1068,4.45,-0.218008,-0.128102,0.941373,-0.223339,1.576275,0.03287,0.067272,0.001458,-0.007279,0.991279,-0.131568,1.058904,0.051237,0.037374,-0.041085,-0.043589,0.961156,-0.269427,1.282593,0.020465,0.948977,walk
1069,4.454167,-0.210066,-0.12636,0.943272,-0.223925,1.577666,0.033695,0.065894,0.001577,-0.006858,0.991281,-0.131579,1.058908,0.051217,0.037413,-0.040869,-0.043922,0.96108,-0.269678,1.285929,0.020898,0.948494,walk
1070,4.458333,-0.201897,-0.128564,0.944141,-0.226508,1.579169,0.034439,0.064318,0.001757,-0.006445,0.991277,-0.131626,1.058916,0.051204,0.037461,-0.041054,-0.044243,0.961072,-0.269626,1.289289,0.021228,0.948093,walk
1071,4.4625,-0.193239,-0.130005,0.94521,-0.22877,1.580493,0.035132,0.062827,0.001946,-0.006522,0.991274,-0.131641,1.058912,0.051198,0.037484,-0.041335,-0.044356,0.961029,-0.269717,1.292691,0.021696,0.947595,walk
1072,4.466667,-0.184462,-0.128419,0.946677,-0.230836,1.581625,0.035758,0.061453,0.002153,-0.005467,0.991266,-0.131744,1.058958,0.051183,0.037573,-0.041817,-0.044472,0.961029,-0.269623,1.296205,0.022173,0.94711,walk
1073,4.470833,-0.175623,-0.125511,0.948578,-0.231525,1.582637,0.036536,0.060107,0.002776,-0.006658,0.991246,-0.131831,1.058872,0.051224,0.03754,-0.042127,-0.044396,0.961053,-0.269503,1.299675,0.022658,0.946674,walk
1074,4.475,-0.16787,-0.121689,0.950236,-0.232514,1.583387,0.037285,0.058926,0.003091,-0.006244,0.991227,-0.131984,1.05889,0.051242,0.037573,-0.042434,-0.044468,0.961091,-0.269306,1.303226,0.023111,0.946184,walk
1075,4.479167,-0.160121,-0.119448,0.951686,-0.23321,1.584139,0.038012,0.057728,0.003363,-0.005694,0.991225,-0.13202,1.058923,0.051246,0.037638,-0.042939,-0.044433,0.961113,-0.269155,1.306831,0.023645,0.945687,walk
1076,4.483333,-0.153046,-0.115027,0.953205,-0.233977,1.584827,0.038705,0.056583,0.003697,-0.004992,0.991231,-0.131992,1.058946,0.051255,0.037711,-0.04318,-0.043837,0.961155,-0.269064,1.310338,0.024187,0.945256,walk
1077,4.4875,-0.1465,-0.113123,0.954071,-0.235564,1.585522,0.039322,0.055283,0.004001,-0.004132,0.991238,-0.131961,1.058964,0.051275,0.037794,-0.043799,-0.043631,0.961251,-0.268653,1.313925,0.024617,0.944834,walk
1078,4.491667,-0.138705,-0.112489,0.954887,-0.237273,1.586147,0.03993,0.053903,0.004313,-0.004118,0.991207,-0.132189,1.059037,0.051321,0.037846,-0.044021,-0.043749,0.961288,-0.268466,1.317448,0.025116,0.944349,walk
1079,4.495833,-0.133035,-0.109478,0.955488,-0.239497,1.586872,0.040549,0.052716,0.00469,-0.003499,0.991198,-0.132257,1.059082,0.051388,0.037931,-0.044643,-0.043423,0.961273,-0.268468,1.321032,0.025661,0.943992,walk
1080,4.5,-0.125538,-0.10852,0.95623,-0.241016,1.587356,0.041287,0.051695,0.005213,-0.002761,0.991187,-0.132341,1.05914,0.051459,0.038016,-0.045418,-0.042928,0.961371,-0.268068,1.324648,0.026151,0.943639,walk
1081,4.504167,-0.121526,-0.104293,0.956823,-0.242578,1.588369,0.042084,0.050186,0.005882,-0.001799,0.991181,-0.132369,1.05922,0.051532,0.038114,-0.045863,-0.042567,0.961374,-0.268038,1.328188,0.026678,0.943232,walk
1082,4.508333,-0.114865,-0.102666,0.957283,-0.244693,1.588899,0.042634,0.049107,0.006535,-0.000602,0.991186,-0.132316,1.059304,0.051584,0.038237,-0.046834,-0.04188,0.961527,-0.267431,1.331765,0.027183,0.942778,walk
1083,4.5125,-0.108584,-0.100472,0.957773,-0.246549,1.589278,0.04314,0.048148,0.007203,0.000807,0.991207,-0.132123,1.059411,0.0516,0.038391,-0.047936,-0.041533,0.961592,-0.267054,1.335284,0.027757,0.942249,walk
1084,4.516667,-0.104455,-0.097134,0.958054,-0.248568,1.589723,0.043575,0.04716,0.008113,0.002416,0.991211,-0.13202,1.059522,0.051658,0.038574,-0.04903,-0.040774,0.961632,-0.266828,1.33874,0.028461,0.941568,walk
1085,4.520833,-0.101665,-0.091025,0.958553,-0.250112,1.590133,0.04392,0.046275,0.009152,0.004678,0.99122,-0.131826,1.05965,0.05173,0.038765,-0.048945,-0.041797,0.961577,-0.266886,1.342182,0.029159,0.941058,walk
1086,4.525,-0.093819,-0.088782,0.958983,-0.252324,1.590394,0.044398,0.0454,0.010312,0.007443,0.991214,-0.131656,1.059802,0.051803,0.038984,-0.048222,-0.04364,0.961486,-0.267049,1.345636,0.029646,0.94085,walk
1087,4.529167,-0.085695,-0.087819,0.959358,-0.254119,1.590608,0.044882,0.044491,0.011529,0.010153,0.991214,-0.131372,1.059961,0.051882,0.039249,-0.048287,-0.041525,0.961777,-0.266326,1.349271,0.030322,0.940539,walk
1088,4.533333,-0.07911,-0.088145,0.959336,-0.256215,1.590783,0.045454,0.043569,0.012951,0.012564,0.991278,-0.130549,1.060117,0.052096,0.039559,-0.048637,-0.040082,0.962059,-0.265464,1.352887,0.03086,0.940162,walk
1089,4.5375,-0.075808,-0.087925,0.959505,-0.256657,1.591032,0.045917,0.042576,0.014544,0.014967,0.991324,-0.129775,1.06028,0.052312,0.039917,-0.048481,-0.039435,0.962221,-0.265002,1.356382,0.031325,0.939852,walk
1090,4.541667,-0.071163,-0.087146,0.959677,-0.257609,1.591262,0.046426,0.04167,0.016592,0.017778,0.991349,-0.128984,1.060438,0.05255,0.040374,-0.048925,-0.038965,0.962353,-0.264507,1.359893,0.031819,0.93954,walk
1091,4.545833,-0.066131,-0.083819,0.960052,-0.258655,1.591449,0.046835,0.04103,0.019153,0.020641,0.991402,-0.127788,1.060618,0.052896,0.040946,-0.050533,-0.037898,0.962628,-0.263357,1.363637,0.032362,0.938974,walk
1092,4.55,-0.061566,-0.080886,0.960418,-0.259353,1.591627,0.047174,0.040432,0.022113,0.024134,0.991385,-0.126823,1.060819,0.053218,0.041606,-0.050217,-0.036253,0.962961,-0.262433,1.367195,0.032893,0.938765,walk
1093,4.554167,-0.056901,-0.076815,0.960695,-0.260628,1.591727,0.047457,0.039774,0.025295,0.027464,0.991349,-0.12583,1.061032,0.053545,0.042298,-0.050223,-0.034658,0.963268,-0.261518,1.370795,0.033369,0.938424,walk
1094,4.558333,-0.052233,-0.074624,0.960699,-0.262221,1.59192,0.047722,0.039053,0.028746,0.030642,0.991275,-0.124937,1.061275,0.053846,0.04306,-0.050113,-0.03293,0.963619,-0.260468,1.374421,0.033889,0.938131,walk
1095,4.5625,-0.047219,-0.072785,0.960726,-0.263587,1.592169,0.048015,0.038341,0.032643,0.033374,0.991149,-0.124276,1.06157,0.054169,0.043865,-0.049875,-0.031082,0.964011,-0.259285,1.377893,0.034372,0.93785,walk
1096,4.566667,-0.042743,-0.070809,0.960868,-0.264369,1.592388,0.04834,0.037682,0.03694,0.036091,0.991012,-0.123403,1.061903,0.054508,0.044767,-0.049873,-0.031836,0.964097,-0.258875,1.381615,0.034852,0.937378,walk
1097,4.570833,-0.038589,-0.068575,0.961054,-0.264924,1.592495,0.048634,0.03712,0.041467,0.038162,0.990825,-0.122844,1.062293,0.054816,0.04565,-0.050258,-0.031179,0.964298,-0.258133,1.385094,0.035386,0.937095,walk
1098,4.575,-0.035009,-0.066905,0.961268,-0.265071,1.592571,0.048884,0.036596,0.04635,0.040571,0.990626,-0.121929,1.062711,0.055158,0.046721,-0.050362,-0.03062,0.964538,-0.257279,1.388627,0.035844,0.936877,walk
1099,4.579167,-0.032057,-0.06523,0.961368,-0.265497,1.592653,0.049046,0.036083,0.051471,0.043254,0.990363,-0.121079,1.063164,0.0555,0.047843,-0.050296,-0.030126,0.964866,-0.256119,1.392122,0.036315,0.936606,walk
1100,4.583333,-0.029114,-0.063121,0.961485,-0.265923,1.592819,0.049141,0.035567,0.056743,0.045985,0.990011,-0.120597,1.063692,0.05585,0.048945,-0.050036,-0.029399,0.96512,-0.255296,1.395638,0.036878,0.936431,walk
1101,4.5875,-0.025722,-0.061853,0.961574,-0.266248,1.593064,0.049208,0.035002,0.062819,0.048051,0.989648,-0.119753,1.064185,0.056284,0.050215,-0.049524,-0.029367,0.965312,-0.254673,1.399169,0.037458,0.936114,walk
1102,4.591667,-0.022681,-0.059268,0.961703,-0.266648,1.593273,0.049284,0.034486,0.068694,0.050772,0.989137,-0.119629,1.064756,0.056661,0.051374,-0.049553,-0.028753,0.965665,-0.253393,1.402647,0.037934,0.935945,walk
1103,4.595833,-0.019945,-0.05755,0.961834,-0.266769,1.593472,0.049387,0.034025,0.074092,0.054661,0.988547,-0.119571,1.065394,0.057022,0.052544,-0.049051,-0.027863,0.966005,-0.252295,1.406137,0.038489,0.93583,walk
1104,4.6,-0.017003,-0.056799,0.962038,-0.266396,1.593642,0.049512,0.033584,0.079336,0.057796,0.987966,-0.119532,1.066056,0.05735,0.053676,-0.048991,-0.027868,0.966221,-0.251476,1.409613,0.039047,0.93566,walk
1105,4.604167,-0.014111,-0.056044,0.96226,-0.265924,1.593853,0.049609,0.033148,0.085092,0.059926,0.987366,-0.119487,1.066798,0.057803,0.054905,-0.048975,-0.027563,0.966539,-0.250286,1.413138,0.039604,0.935511,walk
1106,4.608333,-0.011204,-0.055128,0.96246,-0.26553,1.594125,0.049671,0.032755,0.09132,0.062631,0.986665,-0.119291,1.06761,0.058251,0.056183,-0.048576,-0.026929,0.966828,-0.249316,1.416529,0.040158,0.935515,walk
1107,4.6125,-0.008226,-0.054447,0.962751,-0.264722,1.594562,0.049692,0.032327,0.097591,0.06534,0.985916,-0.119066,1.068403,0.058766,0.05746,-0.048311,-0.027159,0.96703,-0.24856,1.42001,0.040736,0.935422,walk
1108,4.616667,-0.004449,-0.055039,0.962912,-0.264105,1.594937,0.049723,0.031867,0.103675,0.068765,0.985054,-0.119128,1.069231,0.059244,0.058696,-0.048205,-0.027633,0.96729,-0.247512,1.423467,0.041328,0.935283,walk
1109,4.620833,-0.000992,-0.05503,0.963093,-0.263483,1.595277,0.049805,0.03148,0.109896,0.072069,0.984161,-0.118976,1.070118,0.05979,0.059954,-0.047963,-0.027549,0.967544,-0.246575,1.426891,0.041933,0.935231,walk
1110,4.625,0.001777,-0.055062,0.963249,-0.262902,1.595547,0.049949,0.03119,0.116108,0.074806,0.983253,-0.118897,1.071108,0.060437,0.061221,-0.047828,-0.027366,0.967722,-0.245921,1.430314,0.042528,0.935279,walk
1111,4.629167,0.003872,-0.05467,0.963318,-0.262707,1.595734,0.050136,0.03094,0.122232,0.077769,0.982261,-0.119056,1.07214,0.061067,0.062437,-0.047801,-0.028445,0.967881,-0.245179,1.433706,0.043124,0.935221,walk
1112,4.633333,0.005205,-0.052955,0.963347,-0.262929,1.595878,0.050293,0.030752,0.128534,0.080686,0.981161,-0.119549,1.073242,0.061653,0.0636,-0.047368,-0.029176,0.968028,-0.244595,1.437003,0.043799,0.935059,walk
1113,4.6375,0.005765,-0.052255,0.963355,-0.263029,1.596045,0.050462,0.030676,0.135087,0.083411,0.980106,-0.119102,1.074406,0.062428,0.064706,-0.047412,-0.029366,0.968208,-0.243849,1.440366,0.044386,0.935075,walk
1114,4.641667,0.006278,-0.051658,0.96329,-0.26337,1.596138,0.050626,0.030646,0.141102,0.086567,0.978989,-0.11907,1.075634,0.063143,0.065714,-0.047955,-0.029948,0.968288,-0.243355,1.443641,0.044985,0.935149,walk
1115,4.645833,0.006693,-0.050833,0.963186,-0.263903,1.596189,0.050753,0.03064,0.147518,0.089346,0.977864,-0.118479,1.076924,0.064042,0.066753,-0.047483,-0.03073,0.968406,-0.24288,1.446794,0.045668,0.935005,walk
1116,4.65,0.006923,-0.050069,0.963074,-0.26445,1.596197,0.05085,0.030634,0.15312,0.092832,0.976736,-0.118002,1.078271,0.06498,0.067552,-0.047233,-0.030189,0.968583,-0.24229,1.449834,0.046283,0.935108,walk
1117,4.654167,0.007203,-0.049736,0.96296,-0.26492,1.596231,0.0509,0.030634,0.15893,0.095208,0.975656,-0.117358,1.079733,0.065925,0.068316,-0.047143,-0.031503,0.968536,-0.242331,1.452908,0.046858,0.935324,walk
1118,4.658333,0.007647,-0.050107,0.962888,-0.265099,1.596291,0.050914,0.030631,0.163294,0.097758,0.974707,-0.117152,1.081364,0.066952,0.068921,-0.047545,-0.030425,0.968766,-0.241466,1.456024,0.047457,0.935532,walk
1119,4.6625,0.008268,-0.051003,0.962834,-0.265106,1.596388,0.050905,0.030647,0.166637,0.101124,0.973853,-0.116686,1.083108,0.068078,0.069506,-0.048482,-0.030905,0.968813,-0.24103,1.45902,0.048086,0.935775,walk
1120,4.666667,0.008858,-0.051453,0.962794,-0.265144,1.596496,0.050865,0.030615,0.169333,0.103593,0.973258,-0.115601,1.08509,0.069252,0.069999,-0.049042,-0.030739,0.968861,-0.240748,1.461972,0.04874,0.936062,walk
1121,4.670833,0.009817,-0.052474,0.962746,-0.265085,1.596602,0.050822,0.030627,0.169868,0.104889,0.973154,-0.114514,1.087323,0.070437,0.070507,-0.049543,-0.029811,0.969062,-0.239949,1.464914,0.049352,0.936516,walk
1122,4.675,0.010847,-0.053575,0.962682,-0.265059,1.596711,0.050772,0.030643,0.169714,0.104532,0.973379,-0.113154,1.089796,0.071608,0.07096,-0.050108,-0.029314,0.969139,-0.23958,1.467743,0.050039,0.936899,walk
1123,4.679167,0.011729,-0.05471,0.962656,-0.264882,1.596806,0.050723,0.030664,0.168371,0.1039,0.97384,-0.111764,1.092472,0.072964,0.071338,-0.050681,-0.028826,0.969223,-0.239179,1.470577,0.050741,0.937375,walk
1124,4.683333,0.012636,-0.05616,0.962635,-0.264612,1.596898,0.050655,0.030648,0.165813,0.101069,0.97474,-0.110335,1.095484,0.074225,0.071642,-0.050362,-0.029053,0.969325,-0.238807,1.473374,0.051435,0.937863,walk
1125,4.6875,0.013427,-0.057395,0.962652,-0.264248,1.597004,0.05058,0.030674,0.163871,0.099722,0.975325,-0.109284,1.098662,0.075681,0.071687,-0.051015,-0.0284,0.9694,-0.23844,1.476157,0.052134,0.938437,walk
1126,4.691667,0.014042,-0.058344,0.9627,-0.263832,1.597098,0.050506,0.030703,0.161521,0.097299,0.976119,-0.107867,1.102134,0.077278,0.071671,-0.05094,-0.027791,0.969507,-0.238093,1.478818,0.05284,0.939056,walk
1127,4.695833,0.01467,-0.059683,0.962672,-0.263601,1.597178,0.050431,0.030755,0.158839,0.095637,0.976836,-0.106839,1.105913,0.078964,0.071509,-0.050901,-0.027863,0.969593,-0.237742,1.481509,0.053581,0.939616,walk
1128,4.7,0.015061,-0.060684,0.962651,-0.263426,1.597257,0.050379,0.030816,0.156611,0.092979,0.977608,-0.10541,1.10997,0.080755,0.071338,-0.050966,-0.02838,0.969553,-0.23783,1.484212,0.054351,0.94028,walk
1129,4.704167,0.015334,-0.061698,0.962662,-0.263135,1.597335,0.05033,0.030858,0.154262,0.092209,0.978202,-0.104025,1.114283,0.082519,0.071115,-0.051093,-0.029007,0.969573,-0.237649,1.486819,0.055121,0.940854,walk
1130,4.708333,0.015755,-0.062392,0.962668,-0.262923,1.597401,0.050264,0.030871,0.151668,0.091284,0.978821,-0.102826,1.118769,0.084324,0.070893,-0.053018,-0.028798,0.969938,-0.235755,1.490274,0.056139,0.941524,walk
1131,4.7125,0.016232,-0.062961,0.962694,-0.262664,1.597435,0.050181,0.030862,0.149117,0.089988,0.979492,-0.101298,1.123571,0.086269,0.07058,-0.052648,-0.029189,0.969984,-0.235601,1.492934,0.056882,0.942234,walk
1132,4.716667,0.016562,-0.063371,0.962709,-0.262491,1.597477,0.050138,0.030887,0.146238,0.088334,0.980207,-0.10003,1.128566,0.08821,0.070279,-0.052458,-0.029242,0.970042,-0.235396,1.495603,0.057642,0.942921,walk
1133,4.720833,0.016825,-0.063867,0.962705,-0.262367,1.597489,0.050112,0.030915,0.143225,0.086596,0.980889,-0.099217,1.133813,0.090236,0.069911,-0.052125,-0.029372,0.97012,-0.235133,1.498345,0.058443,0.943582,walk
1134,4.725,0.016941,-0.063966,0.962777,-0.262071,1.597515,0.050024,0.030934,0.139988,0.084364,0.981646,-0.098275,1.139323,0.092325,0.069493,-0.051576,-0.030172,0.970122,-0.235144,1.501024,0.059273,0.944161,walk
1135,4.729167,0.017069,-0.064037,0.962765,-0.262089,1.597516,0.049968,0.030941,0.137072,0.082796,0.982275,-0.097423,1.144969,0.094453,0.069013,-0.051282,-0.030466,0.970175,-0.234951,1.503808,0.060083,0.944789,walk
1136,4.733333,0.017256,-0.064274,0.962737,-0.262123,1.597522,0.049931,0.030966,0.132684,0.080344,0.983131,-0.096924,1.150883,0.096549,0.068616,-0.050804,-0.029899,0.970322,-0.234523,1.506506,0.060846,0.945525,walk
1137,4.7375,0.017395,-0.064638,0.962714,-0.262109,1.597512,0.049913,0.030995,0.129056,0.078905,0.983756,-0.096655,1.156904,0.098714,0.068165,-0.049943,-0.030429,0.970361,-0.234478,1.509043,0.061594,0.946257,walk
1138,4.741667,0.017568,-0.064834,0.962696,-0.262115,1.597506,0.049899,0.031029,0.124726,0.077299,0.984459,-0.096484,1.163144,0.10098,0.067674,-0.049074,-0.030974,0.970359,-0.234598,1.511722,0.062377,0.946887,walk
1139,4.745833,0.01765,-0.065025,0.962668,-0.262167,1.597492,0.049878,0.031045,0.120308,0.075272,0.985131,-0.096832,1.169607,0.103262,0.067197,-0.048275,-0.031462,0.970429,-0.23441,1.514439,0.063147,0.9474,walk
1140,4.75,0.017734,-0.065197,0.96264,-0.262218,1.597481,0.049853,0.03108,0.115667,0.073578,0.98579,-0.097085,1.176234,0.105696,0.066773,-0.047728,-0.031656,0.970521,-0.234112,1.51703,0.063899,0.94807,walk
1141,4.754167,0.017974,-0.065712,0.962588,-0.262264,1.597468,0.049824,0.031117,0.11083,0.070729,0.986484,-0.097793,1.183058,0.108199,0.066326,-0.046744,-0.032062,0.970532,-0.234209,1.519607,0.064654,0.94872,walk
1142,4.758333,0.018093,-0.065917,0.962566,-0.262286,1.597458,0.049804,0.031141,0.106108,0.068188,0.987109,-0.098531,1.189994,0.110699,0.065882,-0.045668,-0.032658,0.97053,-0.234348,1.522169,0.065446,0.949363,walk
1143,4.7625,0.018236,-0.066056,0.962548,-0.262309,1.597445,0.049775,0.031171,0.100375,0.064844,0.987844,-0.099418,1.197141,0.113307,0.065561,-0.044712,-0.032683,0.970619,-0.234163,1.524745,0.066275,0.950002,walk
1144,4.766667,0.018357,-0.066211,0.962532,-0.26232,1.597438,0.049752,0.031197,0.095211,0.062525,0.988402,-0.100438,1.204333,0.116009,0.065236,-0.043982,-0.033456,0.970643,-0.234089,1.527255,0.067023,0.950604,walk
1145,4.770833,0.018417,-0.066323,0.962495,-0.262422,1.597431,0.049704,0.031227,0.09071,0.060572,0.988721,-0.102637,1.21199,0.119003,0.064705,-0.043303,-0.034259,0.970643,-0.234102,1.529759,0.067779,0.951122,walk
1146,4.775,0.018672,-0.066836,0.962476,-0.262344,1.597422,0.049692,0.031276,0.085319,0.057484,0.989235,-0.104071,1.219497,0.121941,0.06443,-0.042599,-0.034793,0.970657,-0.234093,1.532251,0.06861,0.95171,walk
1147,4.779167,0.01886,-0.067194,0.962503,-0.262138,1.597423,0.049672,0.031296,0.080096,0.05469,0.989668,-0.105601,1.227078,0.124822,0.064204,-0.041684,-0.035298,0.970659,-0.234176,1.534661,0.06943,0.952335,walk
1148,4.783333,0.019098,-0.067452,0.962499,-0.262072,1.597417,0.049646,0.031334,0.074777,0.052947,0.990033,-0.106957,1.234808,0.127829,0.064063,-0.040614,-0.036144,0.970626,-0.234371,1.53697,0.070194,0.952974,walk
1149,4.7875,0.019349,-0.067884,0.962476,-0.262026,1.597431,0.049588,0.03136,0.069457,0.050378,0.990396,-0.108416,1.242646,0.130882,0.063958,-0.040141,-0.036733,0.970655,-0.234241,1.539438,0.071007,0.953477,walk
1150,4.791667,0.019612,-0.06804,0.962447,-0.262074,1.597429,0.049533,0.031424,0.064206,0.047052,0.990766,-0.109753,1.250551,0.134037,0.0639,-0.039498,-0.03724,0.970662,-0.23424,1.541772,0.071857,0.954023,walk
1151,4.795833,0.019968,-0.068732,0.96245,-0.261852,1.597419,0.049548,0.031456,0.058419,0.044423,0.991108,-0.110988,1.258557,0.137274,0.063934,-0.039035,-0.038166,0.970604,-0.234409,1.544121,0.072718,0.954503,walk
1152,4.8,0.020339,-0.069134,0.962427,-0.261803,1.597414,0.049525,0.031502,0.052311,0.042007,0.991404,-0.112326,1.266714,0.140603,0.064017,-0.0385,-0.039574,0.970518,-0.234619,1.546353,0.07354,0.954956,walk
1153,4.804167,0.020524,-0.069475,0.962388,-0.261843,1.597459,0.049477,0.03152,0.0456,0.041663,0.991654,-0.113167,1.274899,0.143946,0.063996,-0.037715,-0.040529,0.970503,-0.234645,1.548616,0.074385,0.955352,walk
1154,4.808333,0.020796,-0.069831,0.962387,-0.261731,1.597491,0.04945,0.031552,0.039415,0.039983,0.991905,-0.113894,1.283152,0.147288,0.064239,-0.037155,-0.040983,0.970482,-0.234744,1.550785,0.075241,0.955875,walk
1155,4.8125,0.021066,-0.070023,0.962359,-0.261761,1.597518,0.049365,0.031549,0.032957,0.037669,0.992124,-0.114825,1.291452,0.150755,0.064554,-0.036631,-0.041733,0.970446,-0.234843,1.552936,0.076046,0.956342,walk
1156,4.816667,0.021362,-0.070391,0.962358,-0.261641,1.597532,0.049344,0.031572,0.026828,0.035063,0.992269,-0.115988,1.299771,0.154361,0.064861,-0.036603,-0.042277,0.970407,-0.234911,1.555141,0.076965,0.956698,walk
1157,4.820833,0.021704,-0.070767,0.962347,-0.261553,1.597554,0.049323,0.031601,0.020611,0.033396,0.992388,-0.116729,1.308124,0.158102,0.065381,-0.035997,-0.042904,0.970345,-0.235148,1.557297,0.077845,0.957025,walk
1158,4.825,0.021959,-0.071044,0.962333,-0.261505,1.597577,0.049291,0.03164,0.014015,0.030841,0.992449,-0.117885,1.31664,0.161796,0.065918,-0.035548,-0.043405,0.970315,-0.235246,1.55934,0.078652,0.95747,walk
1159,4.829167,0.022279,-0.071423,0.962317,-0.261434,1.5976,0.049263,0.031664,0.007632,0.028998,0.992479,-0.118684,1.325118,0.16561,0.066586,-0.03557,-0.043885,0.970233,-0.235493,1.561429,0.079566,0.957699,walk
1160,4.833333,0.023115,-0.071883,0.962234,-0.26154,1.597627,0.049278,0.031706,0.001277,0.026667,0.992459,-0.119635,1.333568,0.169462,0.067253,-0.035183,-0.044285,0.970193,-0.235641,1.563549,0.08045,0.957935,walk
1161,4.8375,0.023674,-0.07256,0.962154,-0.261598,1.59769,0.0493,0.031722,-0.005801,0.024695,0.992397,-0.120438,1.342073,0.17347,0.068077,-0.034829,-0.045234,0.97005,-0.236102,1.565536,0.081313,0.958122,walk
1162,4.841667,0.024108,-0.072882,0.962145,-0.261504,1.597724,0.049304,0.031763,-0.014046,0.022306,0.992287,-0.121125,1.350809,0.177358,0.069134,-0.034628,-0.046095,0.969907,-0.236551,1.567501,0.082174,0.958308,walk
1163,4.845833,0.024958,-0.074142,0.961987,-0.261649,1.597688,0.04927,0.031849,-0.019608,0.017746,0.992138,-0.122323,1.35923,0.181559,0.069855,-0.034171,-0.046592,0.969801,-0.236956,1.569438,0.08309,0.958535,walk
1164,4.85,0.025333,-0.074274,0.961959,-0.261679,1.597719,0.049229,0.031929,-0.026293,0.01503,0.991914,-0.123248,1.36777,0.185652,0.070899,-0.034216,-0.046318,0.969786,-0.237064,1.571373,0.083969,0.95876,walk
1165,4.854167,0.025502,-0.074596,0.962013,-0.261375,1.597826,0.049299,0.031992,-0.032853,0.012332,0.991698,-0.123712,1.376234,0.189894,0.072004,-0.033625,-0.046949,0.969659,-0.237544,1.573251,0.084784,0.958983,walk
1166,4.858333,0.0262,-0.075416,0.962042,-0.260962,1.597852,0.049319,0.032055,-0.040074,0.00894,0.991379,-0.124423,1.38479,0.193967,0.073261,-0.03334,-0.047723,0.9695,-0.238077,1.575119,0.085667,0.959126,walk
1167,4.8625,0.02658,-0.076113,0.962038,-0.260736,1.597891,0.049299,0.032116,-0.046079,0.00645,0.991011,-0.125428,1.393201,0.198276,0.074498,-0.033478,-0.047198,0.969483,-0.238232,1.577021,0.08655,0.959173,walk
1168,4.866667,0.026991,-0.076823,0.961907,-0.26097,1.597918,0.049323,0.032161,-0.052963,0.003594,0.99057,-0.126307,1.401757,0.202538,0.07586,-0.033066,-0.04745,0.969371,-0.238693,1.578878,0.087437,0.959328,walk
1169,4.870833,0.027526,-0.077419,0.961812,-0.261085,1.597962,0.049311,0.032214,-0.05973,0.00072,0.990177,-0.126416,1.410191,0.206771,0.077304,-0.03244,-0.047813,0.969195,-0.23942,1.580633,0.088247,0.959577,walk
1170,4.875,0.027969,-0.078121,0.961736,-0.261109,1.598001,0.049272,0.032279,-0.066156,-0.001649,0.989648,-0.127345,1.418633,0.211071,0.0788,-0.032573,-0.047271,0.969142,-0.239727,1.582487,0.089176,0.959532,walk
1171,4.879167,0.028388,-0.078813,0.961659,-0.261141,1.598054,0.049239,0.032345,-0.073667,-0.005283,0.988967,-0.128409,1.427117,0.215412,0.080399,-0.032255,-0.047979,0.96902,-0.240122,1.584284,0.090005,0.959661,walk
1172,4.883333,0.029005,-0.07943,0.961583,-0.261165,1.598112,0.049212,0.032412,-0.080588,-0.00862,0.988367,-0.128695,1.435474,0.219677,0.081985,-0.032093,-0.047766,0.968885,-0.240728,1.586096,0.090893,0.959747,walk
1173,4.8875,0.029575,-0.080026,0.961472,-0.261329,1.598143,0.04913,0.032461,-0.086015,-0.010555,0.987751,-0.129761,1.44376,0.224172,0.083571,-0.03193,-0.047206,0.96881,-0.241161,1.587909,0.091753,0.959785,walk
1174,4.891667,0.030277,-0.080909,0.961372,-0.261346,1.598206,0.049086,0.032532,-0.092314,-0.014996,0.98709,-0.130023,1.452083,0.228435,0.085265,-0.031595,-0.047631,0.968653,-0.241753,1.589625,0.092551,0.959924,walk
1175,4.895833,0.030864,-0.081504,0.96131,-0.261319,1.598291,0.049068,0.032604,-0.099292,-0.016642,0.986275,-0.130865,1.460419,0.232831,0.087071,-0.031324,-0.047846,0.968499,-0.242363,1.591365,0.093412,0.959966,walk
1176,4.9,0.031747,-0.082496,0.961247,-0.261134,1.598318,0.049057,0.032694,-0.105262,-0.019536,0.985508,-0.131575,1.468549,0.237203,0.088849,-0.03113,-0.04785,0.96837,-0.242899,1.59303,0.094251,0.960129,walk
1177,4.904167,0.032225,-0.082838,0.961187,-0.261187,1.598404,0.048991,0.032711,-0.112445,-0.021719,0.984591,-0.132155,1.476721,0.241493,0.090746,-0.030638,-0.047965,0.96825,-0.243419,1.594706,0.095044,0.960322,walk
1178,4.908333,0.033013,-0.083594,0.961079,-0.261247,1.59844,0.04894,0.03277,-0.119131,-0.024947,0.983645,-0.132767,1.484836,0.245855,0.092646,-0.030793,-0.046702,0.968218,-0.243773,1.596331,0.095895,0.960419,walk
1179,4.9125,0.033702,-0.084195,0.960969,-0.261368,1.598513,0.048869,0.032848,-0.124424,-0.026719,0.982828,-0.133618,1.492802,0.250193,0.094482,-0.030013,-0.047447,0.968039,-0.244435,1.597966,0.096709,0.96063,walk
1180,4.916667,0.034433,-0.085037,0.960871,-0.261364,1.598574,0.048815,0.032925,-0.131441,-0.029194,0.981748,-0.13432,1.500789,0.254553,0.096441,-0.030601,-0.047729,0.967944,-0.244685,1.599585,0.097331,0.960964,walk
1181,4.920833,0.035232,-0.086,0.960773,-0.261302,1.598676,0.048742,0.032994,-0.13767,-0.03081,0.980821,-0.13449,1.508554,0.258703,0.098412,-0.031061,-0.046991,0.96788,-0.245022,1.601237,0.098172,0.961098,walk
1182,4.925,0.036016,-0.086988,0.960641,-0.261354,1.598723,0.048668,0.033097,-0.144289,-0.032585,0.979737,-0.135031,1.516387,0.263044,0.10041,-0.031074,-0.046722,0.967761,-0.245539,1.602795,0.098953,0.961227,walk
1183,4.929167,0.037055,-0.088249,0.960428,-0.261566,1.598626,0.048711,0.033287,-0.15048,-0.034316,0.97867,-0.135585,1.52412,0.267281,0.102309,-0.031221,-0.046159,0.967704,-0.245854,1.604428,0.099805,0.961178,walk
1184,4.933333,0.038043,-0.089508,0.96026,-0.261614,1.598655,0.048676,0.033425,-0.156743,-0.036506,0.977494,-0.136402,1.531825,0.271472,0.104214,-0.031789,-0.046075,0.967546,-0.246416,1.606058,0.100602,0.961368,walk
1185,4.9375,0.038918,-0.090509,0.960087,-0.261777,1.598723,0.048595,0.033523,-0.163488,-0.038711,0.976197,-0.137163,1.539442,0.275686,0.106174,-0.031996,-0.044062,0.967423,-0.247239,1.60774,0.10151,0.961496,walk
1186,4.941667,0.039831,-0.091549,0.95994,-0.261815,1.598732,0.048528,0.033606,-0.169096,-0.040283,0.97512,-0.137566,1.546925,0.279838,0.108083,-0.031541,-0.043307,0.967355,-0.247698,1.609401,0.102307,0.961589,walk
1187,4.945833,0.040214,-0.092865,0.959821,-0.261732,1.598816,0.048428,0.033724,-0.175807,-0.04176,0.973806,-0.138025,1.55444,0.284033,0.110015,-0.031792,-0.042539,0.967275,-0.248112,1.611076,0.10325,0.961646,walk
1188,4.95,0.041017,-0.093268,0.959831,-0.261426,1.598903,0.048306,0.03379,-0.181719,-0.04301,0.972569,-0.138699,1.561891,0.288161,0.111803,-0.031939,-0.041435,0.967201,-0.248566,1.612726,0.104085,0.961868,walk
1189,4.954167,0.041897,-0.094552,0.959579,-0.26175,1.598955,0.048277,0.033885,-0.187232,-0.043539,0.971426,-0.139216,1.569293,0.292164,0.113667,-0.031736,-0.040776,0.967085,-0.249154,1.614287,0.104958,0.961944,walk
1190,4.958333,0.042538,-0.095823,0.959381,-0.261909,1.599017,0.048216,0.033982,-0.194294,-0.045835,0.969915,-0.139333,1.576563,0.296288,0.115351,-0.031311,-0.040821,0.966994,-0.249551,1.615805,0.105695,0.962113,walk
1191,4.9625,0.043589,-0.096823,0.959191,-0.262066,1.599108,0.048133,0.034082,-0.199973,-0.046069,0.968708,-0.139619,1.583794,0.300291,0.117136,-0.031573,-0.03988,0.966922,-0.24995,1.617376,0.106583,0.962264,walk
1192,4.966667,0.044465,-0.097768,0.959049,-0.262087,1.599197,0.048071,0.034181,-0.206117,-0.046438,0.967374,-0.139807,1.59099,0.304289,0.118729,-0.029924,-0.041045,0.966711,-0.25078,1.618603,0.107204,0.962785,walk
1193,4.970833,0.045493,-0.098418,0.958899,-0.262215,1.599272,0.048031,0.034252,-0.212197,-0.046506,0.966046,-0.139873,1.598134,0.30821,0.12031,-0.031731,-0.03826,0.966922,-0.250182,1.620445,0.108151,0.962536,walk
1194,4.975,0.046339,-0.099406,0.958762,-0.262195,1.599357,0.047986,0.034337,-0.218863,-0.04759,0.964441,-0.140316,1.605379,0.312112,0.121854,-0.029502,-0.040043,0.966674,-0.251132,1.621616,0.108891,0.963089,walk
1195,4.979167,0.047228,-0.100405,0.958615,-0.262193,1.5994,0.047945,0.034443,-0.22479,-0.047489,0.963082,-0.140313,1.612473,0.315951,0.123287,-0.030834,-0.038369,0.966876,-0.250454,1.62335,0.1098,0.962813,walk
1196,4.983333,0.047902,-0.101337,0.958497,-0.262146,1.599477,0.047863,0.034544,-0.231431,-0.046045,0.961604,-0.140131,1.619491,0.319664,0.124739,-0.029761,-0.03891,0.966886,-0.250465,1.624815,0.110605,0.9629,walk
1197,4.9875,0.048802,-0.102398,0.958345,-0.262121,1.599564,0.047774,0.034649,-0.23801,-0.044575,0.960096,-0.13993,1.626451,0.323381,0.126151,-0.028646,-0.039517,0.966937,-0.250303,1.626229,0.111366,0.962729,walk
1198,4.991667,0.049578,-0.10336,0.958203,-0.26212,1.599649,0.047706,0.034744,-0.243549,-0.042447,0.95887,-0.139463,1.633363,0.327032,0.127407,-0.027835,-0.042083,0.96685,-0.25031,1.627308,0.112208,0.962427,walk
1199,4.995833,0.050417,-0.104317,0.958057,-0.262112,1.599709,0.047649,0.034832,-0.249556,-0.040459,0.95744,-0.13926,1.640337,0.330559,0.128603,-0.028427,-0.040373,0.967033,-0.249818,1.628887,0.113186,0.962006,walk
1200,5.0,0.051247,-0.10529,0.957898,-0.262142,1.599775,0.047585,0.034931,-0.255228,-0.038228,0.95607,-0.139027,1.647298,0.334019,0.129705,-0.026539,-0.041125,0.966964,-0.250171,1.629989,0.113917,0.962248,walk
1201,5.004167,0.051942,-0.106139,0.957768,-0.262141,1.599849,0.047514,0.035022,-0.260761,-0.03489,0.954755,-0.138667,1.654194,0.337381,0.130681,-0.027689,-0.040403,0.967035,-0.24989,1.631649,0.114948,0.962094,walk
1202,5.008333,0.051881,-0.106328,0.957775,-0.262049,1.59994,0.04747,0.035129,-0.266544,-0.031611,0.953368,-0.138003,1.661038,0.340673,0.131659,-0.028576,-0.04012,0.967123,-0.249495,1.633136,0.11586,0.962008,walk
1203,5.0125,0.05134,-0.106441,0.957898,-0.26166,1.600069,0.047412,0.035326,-0.272997,-0.027147,0.951826,-0.136977,1.667765,0.343963,0.132658,-0.029073,-0.039999,0.967157,-0.249322,1.634629,0.116833,0.96207,walk
1204,5.016667,0.051327,-0.106979,0.957942,-0.26128,1.60019,0.047329,0.03547,-0.279597,-0.025645,0.949923,-0.137168,1.674636,0.347228,0.13351,-0.029084,-0.040157,0.967235,-0.248993,1.636112,0.117702,0.962101,walk
1205,5.020833,0.053256,-0.107975,0.957628,-0.261636,1.600229,0.04728,0.035444,-0.285781,-0.022403,0.948227,-0.136725,1.681375,0.350384,0.13435,-0.029501,-0.040518,0.967263,-0.248779,1.637714,0.118705,0.962138,walk
1206,5.025,0.054133,-0.108992,0.95746,-0.261652,1.600383,0.047118,0.035502,-0.291164,-0.018464,0.946754,-0.136159,1.687955,0.353492,0.13521,-0.029785,-0.040107,0.967339,-0.248516,1.639233,0.11959,0.96218,walk
1207,5.029167,0.055281,-0.109808,0.957315,-0.261598,1.600513,0.046996,0.035581,-0.297549,-0.014749,0.944908,-0.135629,1.694628,0.35649,0.1359,-0.029694,-0.03924,0.967398,-0.248436,1.640743,0.120474,0.962322,walk
1208,5.033333,0.05626,-0.110868,0.957124,-0.261641,1.600587,0.046929,0.035683,-0.3036,-0.010655,0.943089,-0.135268,1.70119,0.359363,0.136576,-0.03019,-0.03863,0.967407,-0.248435,1.64223,0.121505,0.962366,walk
1209,5.0375,0.057352,-0.111772,0.956862,-0.261979,1.600659,0.046874,0.035781,-0.308703,-0.005795,0.941504,-0.135053,1.70766,0.362175,0.137115,-0.030326,-0.038022,0.967459,-0.248309,1.64373,0.122438,0.962393,walk
1210,5.041667,0.058131,-0.112726,0.956688,-0.262034,1.600734,0.046817,0.035878,-0.313729,-0.002403,0.939829,-0.135239,1.714143,0.364879,0.137704,-0.030542,-0.037829,0.967431,-0.248421,1.645151,0.123462,0.962351,walk
1211,5.045833,0.058766,-0.113525,0.95664,-0.261723,1.600838,0.046758,0.03596,-0.318365,0.000792,0.93821,-0.135665,1.720513,0.367531,0.138257,-0.030382,-0.037659,0.967468,-0.248321,1.646574,0.124409,0.962281,walk
1212,5.05,0.059622,-0.114488,0.956439,-0.261845,1.600913,0.046702,0.036059,-0.323144,0.004244,0.936567,-0.135658,1.726785,0.370112,0.138805,-0.031017,-0.037189,0.967473,-0.248295,1.647916,0.12545,0.962119,walk
1213,5.054167,0.060562,-0.115363,0.956252,-0.261928,1.600998,0.046638,0.03615,-0.327715,0.007267,0.934932,-0.135842,1.733029,0.372569,0.139298,-0.030236,-0.037379,0.967423,-0.248557,1.649215,0.126391,0.962036,walk
1214,5.058333,0.061428,-0.11621,0.956066,-0.262029,1.601085,0.046576,0.036244,-0.332888,0.01189,0.933079,-0.135674,1.739487,0.374961,0.139608,-0.029456,-0.037067,0.967415,-0.24873,1.65056,0.127385,0.961784,walk
1215,5.0625,0.06232,-0.117157,0.95588,-0.262077,1.601165,0.046526,0.036325,-0.33723,0.014781,0.931409,-0.136144,1.745653,0.377303,0.139889,-0.028507,-0.037084,0.967368,-0.24902,1.651938,0.128465,0.961431,walk
1216,5.066667,0.063028,-0.117889,0.95574,-0.262088,1.601244,0.046494,0.036383,-0.341899,0.017551,0.929567,-0.136758,1.751776,0.379488,0.14012,-0.02773,-0.037855,0.967347,-0.249075,1.65321,0.129418,0.961103,walk
1217,5.070833,0.063822,-0.118771,0.95557,-0.262118,1.601318,0.046451,0.036451,-0.345394,0.019969,0.927969,-0.138485,1.75795,0.38192,0.140219,-0.026968,-0.037513,0.967262,-0.249537,1.654581,0.130524,0.96085,walk
1218,5.075,0.064673,-0.119528,0.955408,-0.262158,1.601396,0.046391,0.036535,-0.350437,0.02199,0.925936,-0.139112,1.764038,0.383954,0.140338,-0.026569,-0.037788,0.967219,-0.249706,1.655933,0.131595,0.960619,walk
1219,5.079167,0.065471,-0.120283,0.955241,-0.262221,1.601462,0.04633,0.036611,-0.354867,0.023786,0.924103,-0.139778,1.770076,0.386093,0.140418,-0.02623,-0.037961,0.967162,-0.249936,1.657352,0.132692,0.960352,walk
1220,5.083333,0.066166,-0.121015,0.955107,-0.2622,1.601519,0.046285,0.036678,-0.359256,0.024191,0.9222,-0.14106,1.776035,0.388078,0.140298,-0.026126,-0.03797,0.967093,-0.250212,1.658856,0.133829,0.960139,walk
1221,5.0875,0.066747,-0.121612,0.954987,-0.26221,1.601571,0.04625,0.036734,-0.363493,0.026037,0.920413,-0.141542,1.78195,0.390108,0.14024,-0.025928,-0.038342,0.967009,-0.250501,1.660358,0.134968,0.95999,walk
1222,5.091667,0.067257,-0.122129,0.954883,-0.262222,1.601629,0.046208,0.036788,-0.36729,0.028647,0.918832,-0.141513,1.787598,0.391978,0.140141,-0.026283,-0.037886,0.966966,-0.250702,1.66188,0.1361,0.959891,walk
1223,5.095833,0.067726,-0.120661,0.954899,-0.262721,1.60178,0.046103,0.036989,-0.37139,0.029285,0.917037,-0.14232,1.793402,0.393872,0.13993,-0.026503,-0.037908,0.966885,-0.250984,1.663448,0.137298,0.959819,walk
1224,5.1,0.068348,-0.119785,0.954875,-0.263049,1.601881,0.046049,0.037163,-0.37525,0.030164,0.915392,-0.142603,1.799071,0.395624,0.139645,-0.026777,-0.037761,0.966782,-0.251375,1.665066,0.138534,0.95972,walk
1225,5.104167,0.068769,-0.119864,0.954839,-0.263033,1.601927,0.046014,0.037249,-0.379525,0.030675,0.913522,-0.14317,1.804755,0.397483,0.139348,-0.027453,-0.037208,0.966702,-0.251691,1.666659,0.139741,0.959647,walk
1226,5.108333,0.069241,-0.120574,0.954749,-0.262912,1.601942,0.046,0.037271,-0.383099,0.031177,0.911986,-0.143337,1.810322,0.399167,0.138956,-0.028201,-0.036894,0.966647,-0.251868,1.668297,0.14096,0.959619,walk
1227,5.1125,0.069636,-0.121174,0.954656,-0.26287,1.601984,0.045956,0.037305,-0.386761,0.0313,0.910373,-0.143727,1.815729,0.400846,0.138428,-0.028612,-0.036674,0.966527,-0.252315,1.669956,0.142217,0.959512,walk
1228,5.116667,0.070015,-0.121778,0.954552,-0.262867,1.602015,0.045918,0.03733,-0.389778,0.030756,0.909048,-0.144081,1.821135,0.402498,0.137838,-0.029205,-0.036366,0.966425,-0.252681,1.671635,0.14349,0.959409,walk
1229,5.120833,0.070417,-0.122231,0.954471,-0.262843,1.602044,0.045886,0.037353,-0.392815,0.030742,0.907751,-0.14401,1.826432,0.404013,0.137245,-0.029571,-0.036251,0.966298,-0.253139,1.673312,0.144786,0.959357,walk
1230,5.125,0.070702,-0.122651,0.954401,-0.262823,1.602071,0.045853,0.037384,-0.396059,0.02997,0.90633,-0.144241,1.831576,0.405517,0.136494,-0.030063,-0.035967,0.966188,-0.253541,1.674916,0.146025,0.959354,walk
1231,5.129167,0.070993,-0.123069,0.954337,-0.262782,1.602097,0.045823,0.037417,-0.398578,0.028309,0.905219,-0.144615,1.836641,0.406998,0.135668,-0.030399,-0.035269,0.966133,-0.253808,1.676626,0.147316,0.959299,walk
1232,5.133333,0.071319,-0.123374,0.954283,-0.262747,1.602126,0.045788,0.037445,-0.401091,0.027287,0.904142,-0.144596,1.841657,0.408455,0.134753,-0.030747,-0.034862,0.965999,-0.254334,1.67829,0.148648,0.959311,walk
1233,5.1375,0.07155,-0.126182,0.954066,-0.262138,1.602073,0.045764,0.037295,-0.403419,0.025164,0.90308,-0.145142,1.846534,0.40986,0.133686,-0.030763,-0.034492,0.96586,-0.254908,1.679993,0.15,0.959226,walk
1234,5.141667,0.071924,-0.126422,0.953986,-0.262212,1.602128,0.045726,0.037331,-0.405432,0.023482,0.902195,-0.145319,1.851272,0.411197,0.132596,-0.031384,-0.034025,0.965762,-0.255268,1.681688,0.151369,0.959069,walk
1235,5.145833,0.072289,-0.124426,0.954083,-0.262713,1.602223,0.045665,0.037518,-0.407122,0.021271,0.90143,-0.145679,1.855901,0.41248,0.131402,-0.03161,-0.033839,0.9656,-0.255876,1.683347,0.15272,0.959019,walk
1236,5.15,0.072675,-0.126898,0.953888,-0.26213,1.602145,0.045668,0.037415,-0.408807,0.01906,0.900678,-0.145919,1.860409,0.413662,0.13007,-0.032066,-0.033455,0.965481,-0.25632,1.685024,0.15407,0.958897,walk
1237,5.154167,0.072963,-0.127181,0.953813,-0.262186,1.602185,0.045642,0.037444,-0.409755,0.016939,0.900173,-0.146638,1.864726,0.414862,0.128683,-0.032659,-0.032987,0.965371,-0.256719,1.686736,0.155462,0.958744,walk
1238,5.158333,0.073317,-0.127555,0.953737,-0.262184,1.602199,0.045626,0.037483,-0.410902,0.014553,0.899572,-0.147373,1.868898,0.416029,0.127203,-0.032814,-0.032906,0.96523,-0.25724,1.688457,0.15687,0.958561,walk
1239,5.1625,0.073721,-0.127853,0.953671,-0.262166,1.602209,0.045612,0.037518,-0.411524,0.013112,0.899269,-0.147619,1.872937,0.417085,0.125598,-0.03304,-0.033007,0.965077,-0.257769,1.690181,0.158213,0.958457,walk
1240,5.166667,0.074375,-0.127952,0.953577,-0.262272,1.602202,0.045611,0.037563,-0.411616,0.009344,0.899137,-0.148449,1.876755,0.418284,0.123837,-0.033734,-0.032828,0.964939,-0.258218,1.691905,0.159611,0.958206,walk
1241,5.170833,0.074745,-0.128223,0.95351,-0.262282,1.602209,0.045597,0.037606,-0.411229,0.007418,0.899206,-0.149212,1.880466,0.419404,0.122038,-0.034171,-0.0327,0.964786,-0.25875,1.69366,0.161041,0.958026,walk
1242,5.175,0.076372,-0.128784,0.953255,-0.262463,1.602186,0.045617,0.03755,-0.409767,0.007325,0.899858,-0.14931,1.883988,0.420401,0.120129,-0.03425,-0.032195,0.964659,-0.259276,1.695487,0.162503,0.957893,walk
1243,5.179167,0.077409,-0.129202,0.953087,-0.262566,1.602199,0.045634,0.037541,-0.407374,0.007932,0.900863,-0.149766,1.887382,0.421315,0.118169,-0.034338,-0.032607,0.964517,-0.259739,1.69728,0.163931,0.9576,walk
1244,5.183333,0.077781,-0.129342,0.95304,-0.262555,1.602217,0.045636,0.037568,-0.40375,0.009267,0.902487,-0.149726,1.890485,0.422152,0.116231,-0.03487,-0.032235,0.964391,-0.260183,1.699069,0.165405,0.957364,walk
1245,5.1875,0.0778,-0.129416,0.953051,-0.262473,1.602219,0.045625,0.037627,-0.399568,0.011261,0.904377,-0.1494,1.893381,0.422959,0.114223,-0.034523,-0.034678,0.964329,-0.260145,1.700568,0.167015,0.956718,walk
1246,5.191667,0.077564,-0.12935,0.953122,-0.262318,1.602215,0.045601,0.037698,-0.398999,0.015159,0.90545,-0.143982,1.895839,0.424414,0.111129,-0.034693,-0.034738,0.964179,-0.260668,1.702271,0.168499,0.95648,walk
1247,5.195833,0.077521,-0.129448,0.953159,-0.262147,1.602199,0.045594,0.037753,-0.393158,0.017841,0.908169,-0.142611,1.898159,0.425145,0.109064,-0.034481,-0.034731,0.964062,-0.261131,1.704077,0.170006,0.956191,walk
1248,5.2,0.0776,-0.127786,0.953298,-0.262433,1.602255,0.045598,0.037914,-0.385888,0.021208,0.911466,-0.140959,1.900253,0.425854,0.106941,-0.034535,-0.034521,0.963962,-0.26152,1.705802,0.171508,0.955943,walk
1249,5.204167,0.077898,-0.127085,0.953369,-0.262428,1.602252,0.045627,0.03801,-0.380257,0.026315,0.913547,-0.141931,1.902697,0.426005,0.105057,-0.034607,-0.034107,0.963866,-0.26192,1.707608,0.17304,0.955673,walk
1250,5.208333,0.07806,-0.126919,0.953413,-0.2623,1.602226,0.045637,0.038057,-0.371798,0.028673,0.917131,-0.140765,1.904398,0.426668,0.102771,-0.034508,-0.033655,0.963784,-0.26229,1.709398,0.17459,0.955391,walk
1251,5.2125,0.078055,-0.126824,0.953446,-0.262229,1.602197,0.04561,0.038098,-0.363559,0.029374,0.920475,-0.140317,1.905985,0.427383,0.100355,-0.034598,-0.033177,0.963694,-0.26267,1.711213,0.176158,0.955148,walk
1252,5.216667,0.078213,-0.127205,0.953434,-0.26204,1.602165,0.045588,0.038106,-0.350398,0.024996,0.92527,-0.143079,1.907366,0.428096,0.098675,-0.034851,-0.032727,0.963576,-0.263125,1.713084,0.177757,0.954919,walk
1253,5.220833,0.078411,-0.127594,0.953416,-0.261858,1.602152,0.045573,0.038127,-0.343097,0.022085,0.927759,-0.145119,1.908877,0.428833,0.096308,-0.035255,-0.03231,0.963477,-0.263485,1.714951,0.179351,0.95466,walk
1254,5.225,0.078625,-0.127807,0.953412,-0.261706,1.602146,0.045567,0.038159,-0.340909,0.023318,0.928503,-0.145325,1.910721,0.429305,0.09281,-0.035836,-0.031581,0.963436,-0.263647,1.716775,0.180991,0.954394,walk
1255,5.229167,0.079673,-0.129014,0.953187,-0.261613,1.602129,0.045627,0.038121,-0.33397,0.020771,0.93083,-0.14693,1.91229,0.430032,0.090468,-0.036632,-0.031038,0.96338,-0.263807,1.718621,0.18263,0.954125,walk
1256,5.233333,0.080719,-0.13027,0.952999,-0.261358,1.602099,0.045667,0.038091,-0.325788,0.022111,0.93362,-0.147403,1.9138,0.430685,0.088183,-0.036821,-0.030407,0.963336,-0.264015,1.720527,0.184302,0.953804,walk
1257,5.2375,0.082038,-0.131672,0.95272,-0.26126,1.602086,0.045718,0.038062,-0.316503,0.023395,0.936719,-0.147773,1.915309,0.431419,0.086161,-0.037403,-0.029753,0.963301,-0.264135,1.722429,0.185964,0.953615,walk
1258,5.241667,0.083421,-0.133288,0.952386,-0.261219,1.602056,0.045767,0.038052,-0.303292,0.02126,0.940693,-0.150526,1.916951,0.43209,0.085425,-0.038487,-0.028905,0.963265,-0.264204,1.724782,0.187864,0.953095,walk
1259,5.245833,0.084747,-0.134424,0.952136,-0.261122,1.602023,0.045813,0.038074,-0.293375,0.020539,0.943681,-0.151579,1.91869,0.432876,0.084306,-0.038902,-0.028306,0.963286,-0.264131,1.726806,0.189593,0.952818,walk
1260,5.25,0.085731,-0.13518,0.951971,-0.261011,1.602006,0.045834,0.038124,-0.283674,0.017308,0.946316,-0.153997,1.920526,0.43355,0.083619,-0.039645,-0.02788,0.96325,-0.2642,1.72881,0.191311,0.952547,walk
1261,5.254167,0.086566,-0.135842,0.95186,-0.260799,1.601994,0.045836,0.038144,-0.274636,0.012612,0.948576,-0.156903,1.922583,0.433948,0.082904,-0.040308,-0.027222,0.963279,-0.264062,1.730898,0.193127,0.952179,walk
1262,5.258333,0.087186,-0.136234,0.951797,-0.260619,1.602011,0.045807,0.038208,-0.266436,0.006661,0.950461,-0.159972,1.924647,0.434197,0.082154,-0.040754,-0.026657,0.963339,-0.263832,1.733011,0.194926,0.951812,walk
1263,5.2625,0.087631,-0.13615,0.951814,-0.26045,1.602057,0.045771,0.038297,-0.258768,0.001033,0.952161,-0.162564,1.926579,0.434506,0.081187,-0.04175,-0.026014,0.963373,-0.263613,1.735016,0.196773,0.951459,walk
1264,5.266667,0.087914,-0.136039,0.951857,-0.260257,1.602119,0.045734,0.038405,-0.250789,-0.003713,0.954013,-0.164169,1.928327,0.434851,0.080027,-0.042474,-0.025585,0.963378,-0.263522,1.737041,0.198648,0.951058,walk
1265,5.270833,0.088167,-0.135937,0.951904,-0.260051,1.602184,0.045705,0.038519,-0.242575,-0.004424,0.956002,-0.164918,1.929811,0.435164,0.078621,-0.043204,-0.025098,0.963357,-0.263529,1.739042,0.200552,0.950734,walk
1266,5.275,0.088659,-0.136562,0.951872,-0.259673,1.602228,0.045624,0.038598,-0.234143,-0.004715,0.958054,-0.165192,1.931042,0.435553,0.077178,-0.043385,-0.024737,0.963417,-0.263313,1.741248,0.20248,0.950309,walk
1267,5.279167,0.089069,-0.1365,0.951864,-0.259594,1.602316,0.04557,0.038733,-0.225355,-0.004487,0.960127,-0.165379,1.932075,0.435875,0.075635,-0.043739,-0.024118,0.963522,-0.262928,1.743335,0.204389,0.949901,walk
1268,5.283333,0.089829,-0.136505,0.951893,-0.259225,1.60241,0.045502,0.038866,-0.216997,-0.005089,0.961902,-0.166227,1.932998,0.436139,0.074192,-0.044195,-0.024132,0.963512,-0.262884,1.745405,0.206289,0.949531,walk
1269,5.2875,0.090707,-0.136612,0.951857,-0.258993,1.602513,0.045458,0.039049,-0.208565,-0.006596,0.963607,-0.167091,1.933923,0.436257,0.072878,-0.044581,-0.02356,0.963629,-0.262444,1.747453,0.208236,0.949124,walk
1270,5.291667,0.091657,-0.137007,0.951765,-0.258789,1.602571,0.045437,0.039156,-0.200915,-0.008047,0.965052,-0.168054,1.934936,0.436235,0.071659,-0.044933,-0.022822,0.963783,-0.261882,1.749591,0.210213,0.94866,walk
1271,5.295833,0.0927,-0.137559,0.951609,-0.258696,1.602637,0.045412,0.039293,-0.193399,-0.00984,0.966434,-0.168838,1.935969,0.436302,0.070565,-0.04527,-0.02263,0.963803,-0.261767,1.751753,0.21225,0.948248,walk
1272,5.3,0.093832,-0.138049,0.951458,-0.258582,1.60271,0.045399,0.039436,-0.185848,-0.012408,0.96777,-0.169494,1.936931,0.43645,0.069529,-0.045362,-0.022135,0.963903,-0.261426,1.753856,0.214246,0.947827,walk
1273,5.304167,0.095046,-0.13879,0.951271,-0.258432,1.602793,0.045382,0.039589,-0.179016,-0.013129,0.968995,-0.169791,1.937964,0.436569,0.06845,-0.045622,-0.022102,0.963975,-0.261118,1.755973,0.21624,0.947397,walk
1274,5.308333,0.096179,-0.139606,0.951064,-0.258335,1.602891,0.04539,0.039709,-0.172362,-0.014546,0.970083,-0.170347,1.93887,0.436712,0.06737,-0.045688,-0.021926,0.964124,-0.260569,1.758123,0.218232,0.946982,walk
1275,5.3125,0.097468,-0.140253,0.950864,-0.258237,1.602977,0.045387,0.039866,-0.165709,-0.015235,0.97112,-0.170983,1.939705,0.436861,0.066258,-0.045883,-0.021834,0.964218,-0.260196,1.760232,0.220203,0.946565,walk
1276,5.316667,0.098846,-0.140828,0.950673,-0.258104,1.603074,0.045373,0.040052,-0.158974,-0.015915,0.972179,-0.171294,1.940471,0.437011,0.065121,-0.045834,-0.021672,0.964354,-0.259712,1.762437,0.222209,0.94611,walk
1277,5.320833,0.10034,-0.141368,0.950479,-0.257946,1.603171,0.045342,0.040261,-0.152632,-0.016,0.97315,-0.171541,1.941184,0.437197,0.064048,-0.046335,-0.021814,0.964374,-0.259538,1.764531,0.224193,0.945759,walk
1278,5.325,0.10198,-0.141905,0.95028,-0.257744,1.603281,0.045322,0.040504,-0.146441,-0.01686,0.974062,-0.171678,1.941991,0.437299,0.063019,-0.046403,-0.021725,0.964408,-0.259407,1.766697,0.226214,0.945413,walk
1279,5.329167,0.100025,-0.139225,0.951019,-0.257244,1.60351,0.045159,0.040924,-0.139958,-0.017706,0.975032,-0.171493,1.942682,0.437402,0.062097,-0.046176,-0.022032,0.964492,-0.259109,1.768913,0.228202,0.945057,walk
1280,5.333333,0.101734,-0.139782,0.950798,-0.257088,1.603649,0.045128,0.041193,-0.134368,-0.018544,0.975858,-0.171182,1.943409,0.437445,0.061261,-0.046267,-0.022311,0.964549,-0.258855,1.771117,0.23014,0.944705,walk
1281,5.3375,0.104356,-0.140658,0.950439,-0.256886,1.603771,0.045117,0.041452,-0.125378,-0.016068,0.977876,-0.166673,1.944149,0.436952,0.060005,-0.046068,-0.022452,0.964593,-0.258717,1.77338,0.23206,0.944343,walk
1282,5.341667,0.106238,-0.141403,0.950145,-0.256793,1.603934,0.045094,0.041696,-0.119718,-0.016386,0.97884,-0.165138,1.944728,0.436884,0.059149,-0.046216,-0.022569,0.964607,-0.258627,1.775562,0.23401,0.944002,walk
1283,5.345833,0.108044,-0.142238,0.949861,-0.25663,1.604094,0.045073,0.041949,-0.113916,-0.017068,0.979749,-0.16378,1.945401,0.436749,0.058288,-0.045978,-0.022597,0.964618,-0.258625,1.777818,0.235983,0.943599,walk
1284,5.35,0.109959,-0.142972,0.949538,-0.256605,1.60425,0.045073,0.042216,-0.108671,-0.017555,0.980525,-0.162645,1.946008,0.436624,0.057468,-0.046495,-0.022899,0.964474,-0.259045,1.779915,0.237918,0.94337,walk
1285,5.354167,0.111957,-0.143563,0.949272,-0.256396,1.604455,0.045066,0.042516,-0.103337,-0.017322,0.981292,-0.161514,1.946548,0.436544,0.056639,-0.046482,-0.023009,0.964452,-0.259118,1.782118,0.239767,0.943036,walk
1286,5.358333,0.114,-0.144293,0.948952,-0.256268,1.604659,0.045067,0.042809,-0.098136,-0.016726,0.982026,-0.160357,1.947074,0.436435,0.055886,-0.046106,-0.023177,0.96445,-0.259177,1.784404,0.241616,0.942721,walk
1287,5.3625,0.115774,-0.14507,0.948708,-0.255939,1.604866,0.045077,0.043089,-0.092916,-0.016893,0.982783,-0.158808,1.947497,0.436327,0.055133,-0.046203,-0.023446,0.964373,-0.259424,1.786628,0.243446,0.942421,walk
1288,5.366667,0.117628,-0.145676,0.948431,-0.255776,1.605129,0.045046,0.043393,-0.088001,-0.017115,0.983446,-0.157472,1.947894,0.436264,0.0544,-0.046539,-0.023635,0.964232,-0.259868,1.788906,0.24531,0.942184,walk
1289,5.370833,0.119084,-0.145748,0.948338,-0.255406,1.605433,0.045019,0.04383,-0.083416,-0.017146,0.984032,-0.156297,1.948289,0.43624,0.053709,-0.046891,-0.023992,0.964105,-0.260243,1.791148,0.247142,0.941978,walk
1290,5.375,0.121315,-0.146366,0.948036,-0.255125,1.605754,0.045012,0.044185,-0.076331,-0.020054,0.984692,-0.155416,1.948986,0.43612,0.052919,-0.046553,-0.024154,0.964041,-0.260525,1.793435,0.248903,0.941678,walk
1291,5.379167,0.123802,-0.147047,0.947687,-0.254832,1.60604,0.044985,0.044555,-0.071875,-0.020351,0.985135,-0.154692,1.949359,0.43613,0.052272,-0.047167,-0.024745,0.963836,-0.261118,1.795752,0.25073,0.94147,walk
1292,5.383333,0.12592,-0.14707,0.94742,-0.254775,1.606388,0.044962,0.044997,-0.068078,-0.019544,0.985615,-0.15345,1.949661,0.43613,0.051615,-0.046279,-0.025008,0.963776,-0.261475,1.79811,0.252468,0.941093,walk
1293,5.3875,0.128611,-0.146677,0.947097,-0.254857,1.606752,0.044951,0.045494,-0.064032,-0.019291,0.986024,-0.152594,1.949982,0.436191,0.05099,-0.046274,-0.025098,0.963591,-0.262148,1.800425,0.254205,0.94085,walk
1294,5.391667,0.131325,-0.146756,0.946702,-0.254896,1.607082,0.045003,0.045987,-0.059893,-0.019552,0.986352,-0.152117,1.950299,0.436321,0.050415,-0.045889,-0.025255,0.963465,-0.262663,1.80274,0.255912,0.940584,walk
1295,5.395833,0.133656,-0.146656,0.946452,-0.25467,1.607458,0.045053,0.046467,-0.056356,-0.019043,0.98667,-0.151475,1.95058,0.43645,0.049858,-0.046174,-0.025493,0.96327,-0.263303,1.804965,0.257609,0.940444,walk
1296,5.4,0.136611,-0.146268,0.946155,-0.254427,1.607803,0.045101,0.047031,-0.05272,-0.01864,0.986916,-0.15123,1.950847,0.436629,0.049284,-0.046122,-0.02597,0.963074,-0.263984,1.807299,0.259308,0.940237,walk
1297,5.404167,0.139357,-0.145868,0.945891,-0.25415,1.60821,0.045135,0.047606,-0.049461,-0.018355,0.987083,-0.151275,1.95106,0.436817,0.048765,-0.046046,-0.02591,0.962909,-0.264603,1.809543,0.26097,0.939994,walk
1298,5.408333,0.141995,-0.145074,0.945666,-0.253983,1.608577,0.045255,0.048225,-0.046298,-0.018248,0.987199,-0.151533,1.951243,0.437031,0.048272,-0.045607,-0.026105,0.962771,-0.265163,1.811901,0.262619,0.939723,walk
1299,5.4125,0.144886,-0.144306,0.945428,-0.253671,1.608971,0.045378,0.048907,-0.042992,-0.018399,0.987282,-0.151944,1.951401,0.437286,0.047777,-0.045327,-0.026138,0.962679,-0.265541,1.814171,0.264226,0.93951,walk
1300,5.416667,0.148014,-0.144197,0.94496,-0.253673,1.609352,0.045511,0.049587,-0.040019,-0.018382,0.98732,-0.152512,1.951542,0.437548,0.047306,-0.044483,-0.025978,0.962661,-0.265763,1.816281,0.265779,0.93929,walk
1301,5.420833,0.1514,-0.143374,0.944602,-0.253474,1.609772,0.045656,0.050271,-0.037343,-0.018445,0.987328,-0.15313,1.951731,0.437753,0.046887,-0.045623,-0.026452,0.962376,-0.266553,1.81833,0.26731,0.939402,walk
1302,5.425,0.15487,-0.142465,0.944156,-0.253552,1.610217,0.045803,0.050973,-0.034643,-0.018199,0.987357,-0.153607,1.951923,0.437921,0.046483,-0.045726,-0.026537,0.962308,-0.266773,1.820478,0.268844,0.939329,walk
1303,5.429167,0.158309,-0.141888,0.943763,-0.253216,1.610697,0.045959,0.051693,-0.031987,-0.017712,0.987421,-0.153829,1.952086,0.43809,0.046091,-0.045689,-0.026757,0.962213,-0.267099,1.822773,0.270443,0.939183,walk
1304,5.433333,0.161664,-0.140884,0.943413,-0.252958,1.611211,0.046114,0.052464,-0.029558,-0.017036,0.987457,-0.154157,1.952245,0.438226,0.045672,-0.045381,-0.026866,0.962205,-0.267172,1.825045,0.271977,0.939026,walk
1305,5.4375,0.164917,-0.139727,0.943087,-0.252719,1.611754,0.046326,0.053262,-0.02743,-0.016768,0.987481,-0.154427,1.952415,0.438356,0.045314,-0.043741,-0.02695,0.962232,-0.26734,1.827862,0.273711,0.938571,walk
1306,5.441667,0.168147,-0.138917,0.942777,-0.25219,1.612299,0.046572,0.054017,-0.024972,-0.016899,0.987525,-0.15455,1.952595,0.438405,0.044979,-0.0428,-0.026963,0.962303,-0.267233,1.830143,0.27518,0.938503,walk
1307,5.445833,0.171765,-0.137855,0.94243,-0.251631,1.61291,0.046847,0.05479,-0.022574,-0.017147,0.987565,-0.154632,1.952786,0.438439,0.044674,-0.042571,-0.027176,0.962271,-0.267366,1.832362,0.276722,0.938458,walk
1308,5.45,0.175049,-0.136673,0.942123,-0.251162,1.613549,0.047139,0.05558,-0.020273,-0.017228,0.987647,-0.15442,1.952973,0.438461,0.04435,-0.042117,-0.026937,0.962599,-0.266277,1.834437,0.277914,0.938421,walk
1309,5.454167,0.178647,-0.135511,0.941736,-0.25071,1.614236,0.047435,0.056349,-0.018264,-0.017509,0.987735,-0.154076,1.953162,0.438421,0.04401,-0.041604,-0.027146,0.962653,-0.26614,1.836604,0.279368,0.938338,walk
1310,5.458333,0.182064,-0.134953,0.941288,-0.250234,1.614857,0.047809,0.057106,-0.016651,-0.017856,0.987798,-0.153815,1.95331,0.438377,0.04375,-0.040978,-0.027347,0.962695,-0.266066,1.838795,0.280822,0.938213,walk
1311,5.4625,0.185248,-0.133778,0.940944,-0.249823,1.615579,0.048178,0.057891,-0.015443,-0.018613,0.987849,-0.153524,1.953435,0.438312,0.043553,-0.040614,-0.027641,0.962712,-0.266029,1.840971,0.282217,0.938146,walk
1312,5.466667,0.188347,-0.132406,0.940601,-0.249527,1.616325,0.048561,0.058626,-0.014368,-0.019715,0.987925,-0.152998,1.95358,0.438192,0.043385,-0.040893,-0.027851,0.962758,-0.265798,1.843005,0.283546,0.938253,walk
1313,5.470833,0.191318,-0.131108,0.940286,-0.24914,1.61714,0.048965,0.059368,-0.013682,-0.020574,0.987995,-0.1525,1.953716,0.438074,0.043256,-0.040242,-0.027903,0.962868,-0.265494,1.84504,0.284833,0.938295,walk
1314,5.475,0.193248,-0.130165,0.940161,-0.248615,1.618015,0.049326,0.060181,-0.013321,-0.02116,0.988081,-0.151888,1.953848,0.437943,0.043183,-0.03985,-0.028211,0.9629,-0.265405,1.847113,0.286141,0.938408,walk
1315,5.479167,0.196051,-0.129017,0.939832,-0.248261,1.618985,0.049772,0.060814,-0.013034,-0.021955,0.988148,-0.151365,1.953978,0.437812,0.043135,-0.038995,-0.028435,0.963003,-0.265135,1.849238,0.287434,0.938402,walk
1316,5.483333,0.198633,-0.128041,0.939494,-0.247994,1.619989,0.050253,0.061501,-0.012717,-0.022863,0.9882,-0.150916,1.954085,0.437681,0.043085,-0.038452,-0.028836,0.963016,-0.265123,1.851187,0.288645,0.938621,walk
1317,5.4875,0.200216,-0.126609,0.939346,-0.248017,1.621103,0.050757,0.062167,-0.012479,-0.023542,0.98827,-0.150373,1.954185,0.43756,0.043043,-0.037703,-0.028879,0.96311,-0.264886,1.853224,0.289823,0.938816,walk
1318,5.491667,0.202088,-0.126343,0.939031,-0.24783,1.622288,0.05134,0.062916,-0.012205,-0.024172,0.98832,-0.14997,1.954251,0.437467,0.043018,-0.03724,-0.029063,0.9631,-0.264964,1.855203,0.291007,0.939022,walk
1319,5.495833,0.203131,-0.125188,0.938908,-0.248028,1.623576,0.051917,0.063618,-0.011904,-0.024635,0.988346,-0.149745,1.954303,0.437382,0.042993,-0.036892,-0.029152,0.96307,-0.265113,1.857096,0.292092,0.939312,walk
1320,5.5,0.203976,-0.124808,0.938739,-0.248163,1.624943,0.052613,0.064255,-0.011633,-0.025048,0.988362,-0.149593,1.954344,0.437322,0.042967,-0.036389,-0.02942,0.963083,-0.265105,1.859024,0.293226,0.939533,walk
1321,5.504167,0.203939,-0.124719,0.93861,-0.248728,1.626427,0.053427,0.065049,-0.011348,-0.025325,0.988366,-0.149544,1.954366,0.437297,0.042949,-0.035431,-0.029152,0.963122,-0.265123,1.860915,0.294211,0.93983,walk
1322,5.508333,0.205166,-0.123771,0.938321,-0.249283,1.627923,0.05436,0.065414,-0.011133,-0.025302,0.988376,-0.149496,1.954372,0.437298,0.042917,-0.034877,-0.029053,0.963052,-0.265464,1.862833,0.295233,0.940214,walk
1323,5.5125,0.205961,-0.124162,0.937963,-0.24978,1.629567,0.055347,0.065957,-0.010953,-0.02539,0.988359,-0.149605,1.954382,0.437304,0.042896,-0.034366,-0.029045,0.962939,-0.265941,1.864692,0.296191,0.94062,walk
1324,5.516667,0.205429,-0.12359,0.937995,-0.250377,1.631442,0.056328,0.066459,-0.010781,-0.025426,0.988335,-0.149768,1.95439,0.437318,0.042879,-0.033575,-0.028948,0.96288,-0.266266,1.866544,0.297048,0.941053,walk
1325,5.520833,0.205392,-0.123109,0.937885,-0.251058,1.63342,0.057419,0.066976,-0.010613,-0.025446,0.988319,-0.149888,1.954379,0.437339,0.042847,-0.032856,-0.028537,0.962816,-0.26663,1.868368,0.297932,0.941601,walk
1326,5.525,0.204988,-0.122754,0.937785,-0.251935,1.635502,0.05859,0.067482,-0.010525,-0.025596,0.988288,-0.150071,1.954369,0.437357,0.042836,-0.032215,-0.02827,0.962622,-0.267438,1.870279,0.298774,0.942128,walk
1327,5.529167,0.204056,-0.122269,0.937838,-0.252729,1.637754,0.059801,0.06798,-0.010419,-0.025755,0.98826,-0.150232,1.954355,0.437365,0.042823,-0.031389,-0.027746,0.962507,-0.268001,1.872156,0.29952,0.942682,walk
1328,5.533333,0.202823,-0.121644,0.937909,-0.253754,1.640169,0.06108,0.068452,-0.010277,-0.02599,0.988214,-0.150505,1.954346,0.437367,0.042811,-0.030637,-0.027471,0.962357,-0.268657,1.874054,0.30028,0.943275,walk
1329,5.5375,0.201683,-0.121534,0.937958,-0.254535,1.642706,0.062411,0.068922,-0.0101,-0.026418,0.988181,-0.150659,1.954338,0.437342,0.042796,-0.030098,-0.026795,0.962185,-0.2694,1.875937,0.301069,0.943889,walk
1330,5.541667,0.202139,-0.12137,0.937486,-0.255985,1.645148,0.06395,0.069014,-0.009937,-0.026791,0.988146,-0.150837,1.954337,0.437307,0.042792,-0.029493,-0.025935,0.962037,-0.270078,1.877812,0.301754,0.94452,walk
1331,5.545833,0.20121,-0.121387,0.937456,-0.256818,1.647867,0.065416,0.069275,-0.009767,-0.027455,0.98814,-0.150763,1.954331,0.437231,0.042767,-0.029071,-0.025003,0.961907,-0.270674,1.879626,0.302485,0.945193,walk
1332,5.55,0.200171,-0.121154,0.937376,-0.258032,1.65068,0.066943,0.069408,-0.009645,-0.02815,0.988109,-0.15085,1.954329,0.437168,0.042768,-0.028621,-0.024163,0.961717,-0.271472,1.881455,0.303219,0.945854,walk
1333,5.554167,0.198482,-0.121283,0.937446,-0.259017,1.653662,0.068519,0.06955,-0.009537,-0.028902,0.988082,-0.150891,1.954333,0.437086,0.042767,-0.028567,-0.023167,0.961653,-0.27179,1.883121,0.303906,0.94663,walk
1334,5.558333,0.197091,-0.12171,0.937388,-0.260087,1.656711,0.070187,0.069665,-0.009481,-0.029859,0.988059,-0.150858,1.954334,0.436986,0.042773,-0.028493,-0.022387,0.961432,-0.272645,1.884974,0.304612,0.947313,walk
1335,5.5625,0.195744,-0.122045,0.937356,-0.261062,1.659931,0.071846,0.069677,-0.009345,-0.031082,0.988034,-0.150785,1.954327,0.436877,0.042777,-0.027819,-0.01996,0.961434,-0.272896,1.886149,0.304862,0.948363,walk
1336,5.566667,0.193618,-0.121505,0.937664,-0.261792,1.663293,0.073568,0.069641,-0.009289,-0.031579,0.988046,-0.150603,1.954326,0.436769,0.042821,-0.02772,-0.019054,0.961255,-0.273601,1.88803,0.305612,0.948961,walk
1337,5.570833,0.191525,-0.122014,0.937823,-0.262523,1.666744,0.075338,0.069638,-0.009165,-0.032864,0.988035,-0.150412,1.954318,0.436641,0.042832,-0.027825,-0.0181,0.961143,-0.274047,1.889844,0.306407,0.949609,walk
1338,5.575,0.189208,-0.121278,0.938261,-0.262978,1.670349,0.077169,0.069487,-0.009114,-0.034383,0.988022,-0.150158,1.954364,0.43647,0.042751,-0.0279,-0.017381,0.96099,-0.274623,1.8918,0.307225,0.950206,walk
1339,5.579167,0.186708,-0.121326,0.938617,-0.263473,1.674055,0.079019,0.069387,-0.009021,-0.035506,0.988021,-0.149906,1.954371,0.436336,0.042748,-0.028241,-0.016756,0.96079,-0.275324,1.893661,0.307967,0.950826,walk
1340,5.583333,0.183873,-0.120726,0.939236,-0.263537,1.677975,0.080898,0.069195,-0.008956,-0.036179,0.988034,-0.149668,1.954373,0.436217,0.042746,-0.028516,-0.015992,0.960623,-0.275926,1.895482,0.30862,0.951466,walk
1341,5.5875,0.181025,-0.120877,0.939673,-0.263882,1.681883,0.082876,0.068985,-0.00882,-0.037312,0.988006,-0.149578,1.954391,0.436092,0.042756,-0.028836,-0.015325,0.960454,-0.276516,1.897244,0.309336,0.952117,walk
1342,5.591667,0.177965,-0.119962,0.940425,-0.263701,1.686038,0.084832,0.068684,-0.008655,-0.038362,0.988,-0.149365,1.954404,0.435965,0.042742,-0.029185,-0.014551,0.960414,-0.276662,1.898914,0.309996,0.952726,walk
1343,5.595833,0.174591,-0.119609,0.941137,-0.263576,1.690235,0.086843,0.068452,-0.008542,-0.039203,0.987977,-0.149303,1.954421,0.43587,0.042738,-0.029498,-0.013893,0.960284,-0.277111,1.900634,0.310667,0.953297,walk
1344,5.6,0.171113,-0.119335,0.941873,-0.263354,1.69459,0.088886,0.068165,-0.008426,-0.039996,0.987952,-0.149268,1.954445,0.435776,0.042733,-0.029624,-0.013025,0.960249,-0.277264,1.902349,0.311322,0.953849,walk
1345,5.604167,0.16764,-0.11906,0.942658,-0.262902,1.6991,0.090925,0.067829,-0.008348,-0.040554,0.987934,-0.14924,1.954463,0.435694,0.042738,-0.029773,-0.011994,0.96018,-0.277533,1.904002,0.311988,0.954359,walk
1346,5.608333,0.163632,-0.118689,0.943518,-0.26251,1.70371,0.093006,0.067475,-0.008192,-0.041041,0.987915,-0.149242,1.95449,0.43563,0.042741,-0.030235,-0.011399,0.960122,-0.277708,1.905653,0.312647,0.954819,walk
1347,5.6125,0.160157,-0.1186,0.944209,-0.262207,1.708447,0.095108,0.067064,-0.008002,-0.041398,0.987902,-0.149236,1.954528,0.435572,0.042743,-0.03028,-0.010616,0.960048,-0.277989,1.907235,0.313272,0.955294,walk
1348,5.616667,0.156106,-0.117677,0.945106,-0.261837,1.713346,0.097292,0.066636,-0.00781,-0.0417,0.987881,-0.149301,1.954559,0.435528,0.04274,-0.030122,-0.00977,0.959994,-0.278223,1.908816,0.313862,0.955742,walk
1349,5.620833,0.151923,-0.118241,0.945776,-0.261622,1.718397,0.099482,0.066228,-0.007732,-0.041978,0.987855,-0.149398,1.95458,0.435498,0.04273,-0.030315,-0.009402,0.959896,-0.278555,1.910346,0.314471,0.956126,walk
1350,5.625,0.148064,-0.118915,0.946237,-0.261861,1.723498,0.101712,0.065816,-0.007549,-0.042131,0.987841,-0.149458,1.954609,0.435472,0.042726,-0.030026,-0.008694,0.959865,-0.278713,1.911915,0.315027,0.956461,walk
1351,5.629167,0.14483,-0.119445,0.946528,-0.262378,1.728701,0.104003,0.065353,-0.007418,-0.042271,0.987813,-0.149614,1.95464,0.435466,0.04273,-0.029705,-0.008026,0.959878,-0.278724,1.913417,0.315574,0.956783,walk
1352,5.633333,0.141679,-0.120526,0.946744,-0.262823,1.734065,0.106258,0.064791,-0.007282,-0.042297,0.987797,-0.149714,1.954662,0.435454,0.042727,-0.029695,-0.007785,0.959828,-0.278906,1.914884,0.316156,0.957097,walk
1353,5.6375,0.137961,-0.121018,0.947154,-0.263099,1.739615,0.108405,0.064309,-0.007099,-0.042364,0.987783,-0.149801,1.954691,0.435449,0.042721,-0.029296,-0.007404,0.959785,-0.279104,1.916392,0.316695,0.957313,walk
1354,5.641667,0.134289,-0.12197,0.947554,-0.263119,1.74525,0.110514,0.063832,-0.007004,-0.042264,0.987776,-0.149877,1.954709,0.435451,0.042721,-0.029121,-0.006858,0.959738,-0.279299,1.917786,0.31718,0.957592,walk
1355,5.645833,0.130285,-0.122034,0.947922,-0.263777,1.751026,0.112709,0.063411,-0.006829,-0.042251,0.987765,-0.149962,1.954739,0.43546,0.042709,-0.028753,-0.006257,0.959748,-0.279318,1.919223,0.317653,0.957842,walk
1356,5.65,0.125681,-0.121838,0.948441,-0.264233,1.756868,0.114928,0.062988,-0.006683,-0.042219,0.987752,-0.150064,1.954764,0.435476,0.042705,-0.028289,-0.006025,0.95971,-0.279499,1.920684,0.318151,0.958008,walk
1357,5.654167,0.121015,-0.12167,0.948778,-0.265277,1.762818,0.117108,0.062578,-0.006558,-0.042081,0.987738,-0.150199,1.954796,0.435486,0.042711,-0.027973,-0.005899,0.959688,-0.279609,1.922101,0.318599,0.958181,walk
1358,5.658333,0.115841,-0.121093,0.94939,-0.265662,1.768935,0.119248,0.062391,-0.00643,-0.041927,0.987721,-0.150357,1.954817,0.435509,0.042708,-0.027727,-0.005727,0.959619,-0.279874,1.923479,0.319015,0.958379,walk
1359,5.6625,0.110883,-0.120919,0.949778,-0.266468,1.775125,0.121332,0.062103,-0.006326,-0.041673,0.987718,-0.150455,1.954845,0.435543,0.04271,-0.027522,-0.005574,0.959596,-0.279975,1.924842,0.319441,0.958534,walk
1360,5.666667,0.102937,-0.116038,0.951673,-0.265063,1.781712,0.123095,0.061904,-0.006202,-0.041376,0.98771,-0.150597,1.954867,0.435584,0.042715,-0.02741,-0.005325,0.959533,-0.280208,1.92622,0.319885,0.958675,walk
1361,5.670833,0.097901,-0.116058,0.951923,-0.266063,1.788107,0.125186,0.061706,-0.006319,-0.041346,0.987653,-0.150973,1.954875,0.43566,0.042767,-0.027363,-0.00526,0.959471,-0.280425,1.927571,0.320271,0.958847,walk
1362,5.675,0.092858,-0.115427,0.952246,-0.266986,1.79463,0.127234,0.06147,-0.006129,-0.040851,0.987644,-0.151172,1.954898,0.435724,0.042781,-0.02729,-0.005081,0.959405,-0.280664,1.928849,0.320629,0.95906,walk
1363,5.679167,0.088141,-0.115372,0.952282,-0.268476,1.801171,0.129303,0.061284,-0.005987,-0.040308,0.987625,-0.151445,1.954927,0.435795,0.042803,-0.027012,-0.005088,0.959378,-0.280782,1.930161,0.320994,0.959242,walk
1364,5.683333,0.08276,-0.114477,0.952475,-0.269883,1.80774,0.131333,0.061202,-0.005782,-0.03972,0.987626,-0.151604,1.954967,0.435862,0.042819,-0.027018,-0.005242,0.959298,-0.281051,1.931517,0.321357,0.959358,walk
1365,5.6875,0.077456,-0.114663,0.952474,-0.27138,1.814313,0.133487,0.061159,-0.005517,-0.039642,0.987598,-0.151817,1.955008,0.435916,0.042813,-0.026951,-0.005289,0.959253,-0.28121,1.932889,0.321701,0.959442,walk
1366,5.691667,0.073439,-0.115597,0.952012,-0.273711,1.821022,0.135594,0.061082,-0.005427,-0.039136,0.987587,-0.15202,1.955034,0.435978,0.04283,-0.026871,-0.005176,0.959176,-0.281484,1.93416,0.321968,0.959567,walk
1367,5.695833,0.068911,-0.118013,0.951203,-0.276654,1.827872,0.137841,0.060951,-0.005252,-0.038689,0.987577,-0.152206,1.955069,0.436034,0.042856,-0.02696,-0.004949,0.959097,-0.281748,1.935411,0.322317,0.959689,walk
1368,5.7,0.065207,-0.119061,0.950653,-0.278982,1.834552,0.140019,0.060884,-0.005167,-0.038192,0.987584,-0.15229,1.95511,0.436089,0.042867,-0.027133,-0.004622,0.958855,-0.282557,1.936168,0.322524,0.960137,walk
1369,5.704167,0.061481,-0.12139,0.950022,-0.280967,1.841464,0.141991,0.060935,-0.004756,-0.038009,0.987571,-0.152435,1.955121,0.436139,0.042903,-0.026227,-0.00452,0.958845,-0.28268,1.937406,0.322734,0.960318,walk
1370,5.708333,0.057765,-0.122801,0.949463,-0.283025,1.848249,0.144037,0.060929,-0.004625,-0.037703,0.987558,-0.1526,1.955159,0.436189,0.042915,-0.026373,-0.004614,0.958739,-0.283026,1.938685,0.323072,0.960381,walk
1371,5.7125,0.051275,-0.115113,0.949966,-0.285807,1.855576,0.145384,0.061119,-0.004489,-0.037346,0.987554,-0.152714,1.955195,0.436238,0.042918,-0.026576,-0.004481,0.958611,-0.283441,1.939874,0.323361,0.960461,walk
1372,5.716667,0.046793,-0.114339,0.949682,-0.287822,1.862381,0.147359,0.061302,-0.004362,-0.036924,0.987547,-0.152865,1.955232,0.436278,0.042923,-0.027056,-0.004289,0.95848,-0.283843,1.940983,0.323637,0.960535,walk
1373,5.720833,0.041968,-0.11339,0.949273,-0.29028,1.869344,0.149301,0.061476,-0.004221,-0.036384,0.987565,-0.152885,1.95527,0.43634,0.042957,-0.027314,-0.004494,0.958367,-0.284195,1.942219,0.323878,0.960551,walk
1374,5.725,0.03697,-0.1124,0.949011,-0.292195,1.876294,0.151128,0.061722,-0.003793,-0.035718,0.98762,-0.152699,1.955237,0.436373,0.042994,-0.027391,-0.004902,0.958214,-0.284697,1.943557,0.324121,0.960538,walk
1375,5.729167,0.03175,-0.110398,0.948844,-0.294106,1.883277,0.152936,0.062069,-0.003746,-0.03541,0.987608,-0.152848,1.955266,0.43641,0.04301,-0.027692,-0.005267,0.957999,-0.285384,1.944823,0.324356,0.960606,walk
1376,5.733333,0.026684,-0.109699,0.948738,-0.295213,1.890291,0.154621,0.06238,-0.003665,-0.03526,0.987599,-0.152944,1.955299,0.436441,0.043022,-0.027981,-0.006154,0.957718,-0.286278,1.946021,0.324537,0.960681,walk
1377,5.7375,0.021738,-0.109647,0.94837,-0.296815,1.897143,0.156478,0.062772,-0.00364,-0.034915,0.987585,-0.153115,1.955331,0.436477,0.043032,-0.028122,-0.006473,0.957562,-0.286778,1.947268,0.324753,0.960718,walk
1378,5.741667,0.017042,-0.11424,0.947233,-0.299012,1.904029,0.158462,0.062965,-0.003455,-0.034567,0.98759,-0.153164,1.955366,0.436504,0.043043,-0.027899,-0.006815,0.957553,-0.286822,1.948591,0.324973,0.960704,walk
1379,5.745833,0.012635,-0.113989,0.946625,-0.301243,1.910785,0.160278,0.063482,-0.003372,-0.034319,0.987582,-0.153276,1.955406,0.43654,0.043059,-0.0275,-0.006867,0.957528,-0.286943,1.949841,0.32513,0.960755,walk
1380,5.75,0.008149,-0.11157,0.946928,-0.301351,1.917962,0.161949,0.063898,-0.003149,-0.034126,0.987577,-0.153354,1.955436,0.436589,0.043101,-0.027402,-0.007252,0.957401,-0.287369,1.951112,0.325284,0.960788,walk
1381,5.754167,0.003352,-0.111274,0.946647,-0.302434,1.924719,0.163709,0.064268,-0.003067,-0.033793,0.987574,-0.153447,1.9554,0.436616,0.043125,-0.02742,-0.007788,0.957334,-0.287575,1.952442,0.325474,0.960754,walk
1382,5.758333,-0.001168,-0.1101,0.946351,-0.303803,1.931667,0.165458,0.064774,-0.003014,-0.033585,0.987555,-0.153617,1.955422,0.43665,0.043136,-0.027443,-0.008237,0.957276,-0.287754,1.953646,0.325626,0.960777,walk
1383,5.7625,-0.005917,-0.109635,0.946208,-0.304362,1.938358,0.1671,0.065111,-0.003027,-0.033192,0.98755,-0.153735,1.955453,0.436674,0.043166,-0.027336,-0.008406,0.957156,-0.288157,1.954819,0.325803,0.960822,walk
1384,5.766667,-0.010468,-0.108164,0.945946,-0.305576,1.94519,0.16885,0.065642,-0.002928,-0.032929,0.987559,-0.153734,1.955504,0.436727,0.043188,-0.027347,-0.008568,0.956986,-0.288717,1.955971,0.325998,0.960898,walk
1385,5.770833,-0.01489,-0.10754,0.945428,-0.307214,1.951841,0.170565,0.066192,-0.002799,-0.032599,0.987579,-0.153677,1.955613,0.436804,0.043198,-0.027311,-0.008604,0.956818,-0.289275,1.957056,0.326173,0.960988,walk
1386,5.775,-0.019294,-0.106862,0.945267,-0.307698,1.958541,0.172104,0.066658,-0.00268,-0.032161,0.987527,-0.15411,1.955797,0.436937,0.043206,-0.027285,-0.008663,0.956588,-0.290033,1.958095,0.326316,0.961161,walk
1387,5.779167,-0.023731,-0.106634,0.944748,-0.30906,1.965103,0.173708,0.067181,-0.003487,-0.028615,0.987791,-0.153095,1.9556,0.436927,0.043403,-0.027225,-0.008898,0.956319,-0.290919,1.959153,0.326466,0.961316,walk
1388,5.783333,-0.028264,-0.105735,0.944229,-0.310569,1.971582,0.17536,0.067774,-0.003959,-0.028178,0.987785,-0.153201,1.955532,0.436885,0.043436,-0.027363,-0.009271,0.956035,-0.291827,1.960168,0.326642,0.961464,walk
1389,5.7875,-0.032309,-0.105302,0.944003,-0.311008,1.978135,0.176934,0.068344,-0.004222,-0.028267,0.987716,-0.153626,1.955569,0.43686,0.04341,-0.027629,-0.009737,0.955728,-0.292791,1.961118,0.326738,0.961646,walk
1390,5.791667,-0.037144,-0.104578,0.943459,-0.312359,1.984407,0.178546,0.068941,-0.004138,-0.028273,0.987694,-0.153767,1.95557,0.436856,0.043429,-0.027828,-0.010182,0.955455,-0.293646,1.962075,0.32683,0.96181,walk
1391,5.795833,-0.041769,-0.101985,0.942723,-0.314847,1.990906,0.180207,0.069816,-0.004033,-0.028387,0.987664,-0.153943,1.955587,0.436852,0.043432,-0.028046,-0.010333,0.955174,-0.294532,1.963085,0.326949,0.96194,walk
1392,5.8,-0.045143,-0.099047,0.942357,-0.316411,1.997255,0.181343,0.070698,-0.003829,-0.028505,0.987644,-0.154054,1.955623,0.436852,0.043444,-0.028208,-0.010605,0.954901,-0.29539,1.964145,0.327138,0.962063,walk
1393,5.804167,-0.050158,-0.101167,0.941777,-0.31671,2.003322,0.183278,0.071165,-0.003737,-0.0285,0.98762,-0.154207,1.955655,0.436846,0.043464,-0.028521,-0.010602,0.954631,-0.296233,1.965101,0.327302,0.962242,walk
1394,5.808333,-0.054523,-0.101417,0.941545,-0.316598,2.009445,0.184864,0.071696,-0.003657,-0.028358,0.9876,-0.154365,1.955671,0.436847,0.043497,-0.028696,-0.01058,0.954377,-0.297033,1.966108,0.327413,0.962424,walk
1395,5.8125,-0.059107,-0.10009,0.94156,-0.316155,2.015592,0.186469,0.072119,-0.003552,-0.02841,0.987579,-0.154492,1.955682,0.436833,0.043493,-0.028954,-0.011102,0.954025,-0.298118,1.967154,0.327529,0.962526,walk
1396,5.816667,-0.062269,-0.100122,0.941557,-0.315545,2.021868,0.188064,0.072701,-0.003484,-0.028427,0.987555,-0.154646,1.955684,0.436817,0.043503,-0.029261,-0.011352,0.953654,-0.299264,1.968216,0.327694,0.962683,walk
1397,5.820833,-0.066006,-0.098909,0.941506,-0.31532,2.027784,0.189557,0.073216,-0.00345,-0.028527,0.987524,-0.154823,1.955687,0.436803,0.043515,-0.02988,-0.011471,0.953095,-0.300976,1.969223,0.328008,0.962933,walk
1398,5.825,-0.070404,-0.099603,0.941205,-0.315048,2.033602,0.191252,0.073589,-0.0034,-0.028448,0.987502,-0.154981,1.955686,0.436796,0.043531,-0.030315,-0.012104,0.95253,-0.30269,1.970352,0.32832,0.963008,walk
1399,5.829167,-0.07427,-0.098196,0.940862,-0.315628,2.03935,0.192668,0.074227,-0.00334,-0.02879,0.98747,-0.155121,1.9557,0.436771,0.043517,-0.031189,-0.012526,0.951836,-0.30476,1.971402,0.328619,0.963043,walk
1400,5.833333,-0.078255,-0.097322,0.941011,-0.314488,2.045066,0.194337,0.074637,-0.003387,-0.028978,0.987439,-0.155283,1.955689,0.436759,0.043495,-0.031483,-0.013408,0.951335,-0.306254,1.972544,0.328759,0.96309,walk
1401,5.8375,-0.081679,-0.0982,0.941281,-0.312532,2.050999,0.19573,0.07484,-0.003162,-0.029368,0.987388,-0.155539,1.955757,0.43675,0.043468,-0.032126,-0.013872,0.950838,-0.307704,1.97351,0.328955,0.963197,walk
1402,5.841667,-0.086041,-0.096713,0.941032,-0.312573,2.056682,0.197239,0.07542,-0.002545,-0.029835,0.987317,-0.155914,1.955845,0.436745,0.043435,-0.032217,-0.014382,0.950459,-0.308842,1.974474,0.329062,0.963341,walk
1403,5.845833,-0.090253,-0.095784,0.940995,-0.311783,2.062084,0.198698,0.075805,-0.002001,-0.030579,0.987225,-0.156358,1.955943,0.436698,0.043387,-0.032301,-0.01479,0.950172,-0.309694,1.975432,0.329054,0.963505,walk
1404,5.85,-0.094947,-0.093707,0.94114,-0.31058,2.067425,0.20018,0.076362,-0.001697,-0.032844,0.987117,-0.156584,1.956026,0.43672,0.043233,-0.032464,-0.015119,0.949993,-0.310212,1.976417,0.329002,0.963619,walk
1405,5.854167,-0.095835,-0.097708,0.94055,-0.310862,2.072891,0.201789,0.076388,-0.001636,-0.033018,0.987094,-0.156693,1.956047,0.436731,0.043255,-0.032768,-0.015512,0.949825,-0.310674,1.977363,0.328937,0.963703,walk
1406,5.858333,-0.098486,-0.098176,0.9403,-0.310641,2.078261,0.203289,0.076593,-0.001529,-0.033299,0.987062,-0.156837,1.956063,0.436735,0.043264,-0.03305,-0.01582,0.949675,-0.311088,1.978283,0.328859,0.963778,walk
1407,5.8625,-0.102201,-0.097741,0.940175,-0.309955,2.083429,0.204791,0.076857,-0.00151,-0.033295,0.987036,-0.157003,1.956072,0.43673,0.043279,-0.033258,-0.016265,0.949509,-0.311549,1.979263,0.328755,0.963802,walk
1408,5.866667,-0.106004,-0.098067,0.939591,-0.310347,2.088386,0.206386,0.077125,-0.001412,-0.033396,0.987008,-0.157158,1.956076,0.436726,0.04329,-0.033382,-0.016744,0.949346,-0.312006,1.980266,0.32865,0.963815,walk
1409,5.870833,-0.110536,-0.097634,0.938955,-0.310825,2.093293,0.20794,0.077569,-0.001347,-0.033505,0.986986,-0.157271,1.956077,0.436722,0.043302,-0.033442,-0.017155,0.949182,-0.312475,1.9813,0.328577,0.963817,walk
1410,5.875,-0.111677,-0.097671,0.93977,-0.30793,2.098438,0.209688,0.077335,-0.001278,-0.033532,0.986966,-0.157394,1.95608,0.436711,0.043324,-0.033526,-0.017496,0.948978,-0.313067,1.982313,0.328476,0.963838,walk
1411,5.879167,-0.11749,-0.097429,0.93974,-0.305928,2.103025,0.21096,0.077434,-0.001522,-0.033078,0.986982,-0.157388,1.956034,0.43671,0.043364,-0.033574,-0.017759,0.948726,-0.313809,1.983329,0.328344,0.963854,walk
1412,5.883333,-0.117746,-0.100015,0.939329,-0.306258,2.107667,0.212711,0.077094,-0.001506,-0.032865,0.986985,-0.157408,1.95602,0.436696,0.043406,-0.033697,-0.018248,0.948461,-0.314568,1.98425,0.328228,0.963833,walk
1413,5.8875,-0.122369,-0.09946,0.939395,-0.304419,2.112089,0.214016,0.076996,-0.001205,-0.033256,0.986945,-0.157584,1.956055,0.436677,0.0434,-0.033677,-0.018638,0.948189,-0.315368,1.985209,0.328134,0.963827,walk
1414,5.891667,-0.123635,-0.101948,0.938956,-0.304439,2.116418,0.215681,0.076453,-0.000902,-0.033857,0.986894,-0.157773,1.956106,0.436659,0.043389,-0.033609,-0.019124,0.947876,-0.316286,1.986102,0.328049,0.963855,walk
1415,5.895833,-0.125393,-0.101616,0.938963,-0.303809,2.120719,0.217275,0.076039,-0.000499,-0.035107,0.986811,-0.158021,1.956089,0.436648,0.043419,-0.033563,-0.019553,0.947548,-0.317246,1.987025,0.327944,0.963876,walk
1416,5.9,-0.128588,-0.099786,0.939342,-0.3019,2.124741,0.218239,0.075446,-0.000676,-0.034179,0.986855,-0.15795,1.956123,0.436641,0.043407,-0.033545,-0.020009,0.947226,-0.318179,1.987885,0.327811,0.963879,walk
1417,5.904167,-0.130788,-0.103254,0.938841,-0.301347,2.12862,0.219811,0.074595,-0.000569,-0.034241,0.986844,-0.158005,1.956132,0.436623,0.043417,-0.033394,-0.020443,0.946939,-0.31902,1.988721,0.327668,0.963892,walk
1418,5.908333,-0.134046,-0.102241,0.938712,-0.300665,2.132477,0.221155,0.074008,-0.000482,-0.03444,0.98682,-0.158112,1.956137,0.436613,0.043437,-0.033142,-0.020894,0.946595,-0.320035,1.989569,0.327484,0.963941,walk
1419,5.9125,-0.135695,-0.104038,0.937706,-0.302442,2.135865,0.222898,0.073195,-0.000408,-0.034482,0.986807,-0.158185,1.956142,0.436602,0.043446,-0.032947,-0.021425,0.946283,-0.320941,1.990466,0.327272,0.963936,walk
1420,5.916667,-0.137707,-0.106337,0.937426,-0.3016,2.139333,0.224191,0.072152,-0.000298,-0.034596,0.986797,-0.158224,1.956158,0.436588,0.043454,-0.032967,-0.022474,0.946001,-0.321698,1.991305,0.327054,0.963902,walk
1421,5.920833,-0.140609,-0.104314,0.937593,-0.300444,2.142679,0.225328,0.071258,-0.000258,-0.034649,0.986776,-0.158342,1.956158,0.436583,0.043466,-0.033072,-0.022893,0.945799,-0.322252,1.992099,0.326854,0.963852,walk
1422,5.925,-0.142705,-0.103807,0.937631,-0.299513,2.145857,0.226563,0.070132,-0.000162,-0.034771,0.986761,-0.158409,1.956158,0.43657,0.043471,-0.033253,-0.023402,0.945599,-0.322783,1.992905,0.326587,0.963811,walk
1423,5.929167,-0.144389,-0.103297,0.93793,-0.297942,2.148879,0.2277,0.068808,-7e-05,-0.034794,0.986747,-0.15849,1.95616,0.436563,0.043481,-0.033109,-0.023857,0.945414,-0.323306,1.99377,0.326279,0.96383,walk
1424,5.933333,-0.144883,-0.102923,0.938303,-0.296655,2.151706,0.228756,0.067446,6e-06,-0.034905,0.986733,-0.158553,1.956166,0.43656,0.043486,-0.032774,-0.02414,0.945273,-0.323731,1.994613,0.325924,0.963848,walk
1425,5.9375,-0.143399,-0.101772,0.938859,-0.296011,2.154384,0.229628,0.06616,2.9e-05,-0.034914,0.986733,-0.158551,1.956169,0.436555,0.043493,-0.032763,-0.024521,0.945091,-0.324234,1.995491,0.325548,0.963799,walk
1426,5.941667,-0.139014,-0.10271,0.939581,-0.295489,2.156726,0.230346,0.064874,6.7e-05,-0.035,0.986715,-0.158649,1.956171,0.436548,0.043504,-0.032386,-0.024904,0.94494,-0.324684,1.996299,0.325151,0.963789,walk
1427,5.945833,-0.131589,-0.106345,0.940017,-0.296214,2.158938,0.231038,0.063684,0.000122,-0.034983,0.986705,-0.158712,1.956177,0.43654,0.043502,-0.031971,-0.02543,0.944766,-0.32519,1.997095,0.324702,0.963779,walk
1428,5.95,-0.123066,-0.107152,0.940936,-0.296668,2.160844,0.231362,0.062715,0.000151,-0.035108,0.986687,-0.158797,1.956175,0.436538,0.043505,-0.031604,-0.025933,0.944588,-0.325701,1.997885,0.324224,0.963753,walk
1429,5.954167,-0.115282,-0.104569,0.942221,-0.29664,2.162568,0.231702,0.061932,0.000133,-0.035171,0.986676,-0.158848,1.95617,0.436535,0.043513,-0.031361,-0.026227,0.944407,-0.326226,1.998583,0.323749,0.963612,walk
1430,5.958333,-0.109605,-0.101332,0.943433,-0.296063,2.163991,0.231824,0.06089,0.000179,-0.0353,0.986657,-0.158939,1.956175,0.436524,0.043522,-0.030954,-0.027014,0.94418,-0.326857,1.999358,0.323264,0.963517,walk
1431,5.9625,-0.102581,-0.098322,0.944962,-0.294716,2.165019,0.231756,0.059448,0.000267,-0.035483,0.986646,-0.158968,1.956172,0.436513,0.043522,-0.030437,-0.0278,0.943942,-0.327527,2.000128,0.322745,0.963428,walk
1432,5.966667,-0.095838,-0.094161,0.946443,-0.293589,2.165848,0.231547,0.057993,0.000249,-0.03556,0.986628,-0.159059,1.956165,0.436504,0.043529,-0.029907,-0.028643,0.94367,-0.328286,2.000927,0.322236,0.963301,walk
1433,5.970833,-0.083203,-0.096954,0.948886,-0.288604,2.166167,0.231159,0.055912,0.000224,-0.035719,0.986599,-0.159208,1.956164,0.436499,0.043543,-0.029402,-0.029429,0.943413,-0.329001,2.001678,0.321688,0.963194,walk
1434,5.975,-0.075204,-0.097833,0.950041,-0.286697,2.166539,0.231186,0.054322,0.000312,-0.035814,0.986594,-0.159213,1.95616,0.43647,0.043542,-0.02874,-0.030203,0.943187,-0.329636,2.002395,0.321144,0.963103,walk
1435,5.979167,-0.069083,-0.095843,0.951078,-0.285468,2.166879,0.231366,0.05315,0.000291,-0.036037,0.986565,-0.159348,1.956154,0.436459,0.043554,-0.028364,-0.031069,0.942883,-0.330458,2.003168,0.320535,0.962972,walk
1436,5.983333,-0.067126,-0.091939,0.952245,-0.283321,2.167006,0.231248,0.052363,0.000336,-0.036157,0.98655,-0.15941,1.956153,0.436432,0.043563,-0.027982,-0.031752,0.942566,-0.331328,2.003999,0.319955,0.962834,walk
1437,5.9875,-0.064072,-0.083896,0.953293,-0.283,2.167231,0.231118,0.051499,0.000454,-0.036485,0.986513,-0.159566,1.956155,0.436409,0.043575,-0.027542,-0.032403,0.942251,-0.332198,2.004835,0.319394,0.96275,walk
1438,5.991667,-0.059934,-0.080028,0.95356,-0.284124,2.167717,0.231514,0.050726,0.000497,-0.036771,0.986482,-0.159688,1.956154,0.436384,0.043578,-0.02705,-0.033255,0.941996,-0.332876,2.005626,0.318825,0.962664,walk
1439,5.995833,-0.050002,-0.08139,0.953277,-0.286599,2.168746,0.23217,0.049407,0.000463,-0.036888,0.986457,-0.15982,1.956145,0.436363,0.043595,-0.026998,-0.034273,0.941702,-0.333607,2.006406,0.318181,0.962614,walk
1440,6.0,-0.053085,-0.075166,0.953542,-0.286861,2.168791,0.232433,0.049059,0.00052,-0.037146,0.986426,-0.159946,1.95614,0.436341,0.043599,-0.026897,-0.035136,0.94143,-0.334292,2.007251,0.317526,0.962517,walk
1441,6.004167,-0.051927,-0.071907,0.953497,-0.288056,2.169031,0.232855,0.048398,0.000599,-0.037354,0.986397,-0.160078,1.956135,0.436313,0.043608,-0.027061,-0.035965,0.941136,-0.33502,2.008128,0.316864,0.962405,walk
1442,6.008333,-0.048944,-0.069164,0.95343,-0.289468,2.169098,0.23337,0.047681,0.000583,-0.037622,0.986362,-0.160233,1.956123,0.436291,0.043625,-0.026975,-0.036931,0.940845,-0.335737,2.009043,0.31624,0.962361,walk
1443,6.0125,-0.045443,-0.066057,0.953502,-0.290527,2.169039,0.233863,0.047,0.000609,-0.037865,0.986316,-0.160459,1.956116,0.436267,0.04364,-0.027086,-0.037899,0.940581,-0.33636,2.00992,0.315535,0.96228,walk
1444,6.016667,-0.041841,-0.062729,0.953441,-0.292,2.168878,0.234282,0.046376,0.000698,-0.038112,0.986283,-0.160601,1.956107,0.43624,0.043654,-0.027198,-0.038774,0.940347,-0.336903,2.010769,0.31481,0.962219,walk
1445,6.020833,-0.039913,-0.058795,0.953269,-0.293646,2.168679,0.234618,0.045947,0.000765,-0.038252,0.986251,-0.160766,1.956098,0.436208,0.043665,-0.027255,-0.039666,0.940119,-0.337432,2.011649,0.314078,0.96216,walk
1446,6.025,-0.033681,-0.059903,0.950419,-0.303284,2.167923,0.235187,0.045271,0.000791,-0.038575,0.98621,-0.160937,1.956091,0.436177,0.04368,-0.027555,-0.040279,0.939825,-0.338151,2.012599,0.313395,0.962101,walk
1447,6.029167,-0.029028,-0.056623,0.94997,-0.305791,2.168097,0.235689,0.04424,0.000837,-0.038738,0.986172,-0.16113,1.956082,0.436141,0.043694,-0.027526,-0.041074,0.939535,-0.338865,2.013543,0.312676,0.962064,walk
1448,6.033333,-0.025506,-0.056138,0.949618,-0.307284,2.168011,0.236172,0.043632,0.000914,-0.039053,0.986133,-0.161297,1.956076,0.436106,0.043708,-0.027646,-0.041734,0.939324,-0.339358,2.014392,0.31194,0.962039,walk
1449,6.0375,-0.023511,-0.051836,0.948882,-0.310457,2.167886,0.236546,0.043128,0.000958,-0.039351,0.986088,-0.161495,1.956056,0.436068,0.043734,-0.02778,-0.042519,0.939028,-0.340069,2.015366,0.311223,0.961956,walk
1450,6.041667,-0.019675,-0.050399,0.948796,-0.311221,2.167897,0.236868,0.042684,0.001073,-0.039743,0.986046,-0.161653,1.956055,0.436025,0.043759,-0.028017,-0.043157,0.938709,-0.340848,2.016332,0.310503,0.961861,walk
1451,6.045833,-0.017976,-0.048915,0.948508,-0.312436,2.167642,0.237303,0.04245,0.001162,-0.040156,0.986005,-0.161807,1.956056,0.435977,0.043773,-0.028152,-0.043548,0.938415,-0.341598,2.017249,0.309868,0.961777,walk
1452,6.05,-0.020722,-0.048749,0.948014,-0.31379,2.167431,0.237699,0.042545,0.001137,-0.0404,0.985963,-0.162,1.956048,0.43593,0.043797,-0.028001,-0.044283,0.938074,-0.34245,2.018255,0.309201,0.961744,walk
1453,6.054167,-0.032508,-0.041718,0.946092,-0.31955,2.167337,0.238759,0.043114,0.001158,-0.040705,0.985934,-0.1621,1.956035,0.43588,0.043815,-0.028016,-0.044786,0.937695,-0.34342,2.019258,0.308525,0.961692,walk
1454,6.058333,-0.027145,-0.043068,0.945332,-0.322111,2.166415,0.238807,0.042744,0.001195,-0.041074,0.98589,-0.162272,1.956035,0.435824,0.043839,-0.028007,-0.045167,0.937372,-0.344253,2.020172,0.307887,0.961696,walk
1455,6.0625,-0.026141,-0.040239,0.944722,-0.324343,2.166163,0.239126,0.042478,0.001236,-0.041461,0.985859,-0.162363,1.956031,0.435768,0.04386,-0.027815,-0.045529,0.936952,-0.345363,2.021207,0.307275,0.961704,walk
1456,6.066667,-0.025032,-0.038307,0.944242,-0.326056,2.166456,0.23948,0.042012,0.00126,-0.041811,0.985824,-0.162484,1.95603,0.435714,0.043875,-0.027625,-0.045921,0.936541,-0.346436,2.022211,0.306658,0.961705,walk
1457,6.070833,-0.023666,-0.035949,0.943934,-0.327317,2.166273,0.239779,0.041737,0.00126,-0.042106,0.985795,-0.162585,1.956026,0.435659,0.043903,-0.027312,-0.046381,0.936126,-0.34752,2.0232,0.306058,0.961708,walk
1458,6.075,-0.021662,-0.034565,0.943249,-0.329571,2.165966,0.240088,0.041435,0.001261,-0.042455,0.985763,-0.162688,1.956025,0.435612,0.043917,-0.027351,-0.046717,0.935687,-0.348654,2.024144,0.30543,0.96168,walk
1459,6.079167,-0.021322,-0.033409,0.942802,-0.330989,2.165788,0.240383,0.041237,0.001247,-0.042775,0.985735,-0.162775,1.956016,0.435554,0.043936,-0.027307,-0.046855,0.93524,-0.349835,2.025086,0.304843,0.961673,walk
1460,6.083333,-0.020335,-0.031808,0.942475,-0.332139,2.165714,0.240624,0.040956,0.001202,-0.043097,0.985705,-0.162873,1.956013,0.435502,0.043957,-0.027182,-0.047317,0.934736,-0.351128,2.026093,0.30425,0.961643,walk
1461,6.0875,-0.019121,-0.030221,0.942338,-0.332748,2.165735,0.240777,0.040661,0.001247,-0.043373,0.985681,-0.162941,1.956012,0.435449,0.043971,-0.027016,-0.047431,0.934188,-0.35258,2.027135,0.303726,0.961661,walk
1462,6.091667,-0.017081,-0.02973,0.942551,-0.332298,2.16596,0.240962,0.040264,0.000243,-0.042548,0.985772,-0.162615,1.955877,0.435446,0.044037,-0.026616,-0.047398,0.933721,-0.353851,2.028085,0.303133,0.961737,walk
1463,6.095833,-0.0157,-0.028957,0.942685,-0.332056,2.166112,0.241004,0.040039,2.2e-05,-0.043645,0.985775,-0.162303,1.95582,0.435395,0.044017,-0.026397,-0.047716,0.933274,-0.355002,2.029004,0.302499,0.96171,walk
1464,6.1,-0.009565,-0.023445,0.945845,-0.323629,2.166837,0.240917,0.039266,0.000159,-0.045317,0.98569,-0.162361,1.955794,0.435364,0.043969,-0.026141,-0.047819,0.932704,-0.356502,2.030047,0.301972,0.961746,walk
1465,6.104167,-0.009151,-0.022697,0.945599,-0.324412,2.167082,0.240905,0.039139,9.3e-05,-0.045529,0.985683,-0.162346,1.955777,0.435319,0.043982,-0.025775,-0.048193,0.932088,-0.358086,2.031107,0.301434,0.961773,walk
1466,6.108333,-0.007733,-0.02317,0.945707,-0.324102,2.167261,0.240891,0.038969,8.7e-05,-0.045856,0.985644,-0.162491,1.955776,0.435284,0.044003,-0.02581,-0.048503,0.931573,-0.359379,2.032067,0.300831,0.961687,walk
1467,6.1125,-0.006197,-0.023891,0.945957,-0.32335,2.167424,0.240831,0.038771,0.000271,-0.046365,0.985591,-0.162666,1.955805,0.435233,0.044007,-0.025682,-0.048907,0.93096,-0.360917,2.033136,0.300302,0.961614,walk
1468,6.116667,-0.004579,-0.025208,0.946197,-0.322576,2.167589,0.24077,0.038656,0.000194,-0.046038,0.985563,-0.162928,1.955814,0.435227,0.044043,-0.025235,-0.049198,0.930554,-0.361955,2.034035,0.299649,0.961568,walk
1469,6.120833,0.002258,-0.027611,0.946995,-0.320051,2.167683,0.240421,0.038057,0.000891,-0.047156,0.98544,-0.163353,1.955916,0.435157,0.044022,-0.024718,-0.049205,0.930017,-0.363368,2.035028,0.299094,0.961598,walk
1470,6.125,0.002911,-0.028108,0.947136,-0.319585,2.16786,0.240304,0.037975,0.001288,-0.047666,0.985364,-0.163659,1.955971,0.435084,0.044037,-0.02432,-0.049019,0.929442,-0.364889,2.036084,0.298537,0.961618,walk
1471,6.129167,0.004182,-0.029267,0.947279,-0.319043,2.168103,0.240153,0.037905,0.001369,-0.048075,0.985325,-0.163771,1.955976,0.435034,0.044047,-0.022065,-0.048891,0.928858,-0.366533,2.036891,0.298025,0.96143,walk
1472,6.133333,0.005132,-0.030679,0.947407,-0.318516,2.168283,0.240052,0.037895,0.001293,-0.04827,0.985303,-0.163847,1.955971,0.434998,0.044056,-0.021271,-0.048897,0.92835,-0.367862,2.037794,0.297449,0.961425,walk
1473,6.1375,0.006076,-0.032169,0.947542,-0.31795,2.168418,0.239983,0.037871,0.000482,-0.046923,0.985393,-0.163701,1.955873,0.434966,0.044152,-0.020485,-0.04889,0.927883,-0.369085,2.038631,0.29678,0.961357,walk
1474,6.141667,0.007066,-0.03348,0.947764,-0.317132,2.168509,0.239839,0.037819,0.000692,-0.048228,0.98535,-0.16358,1.955864,0.434828,0.044157,-0.019778,-0.048735,0.927279,-0.370659,2.039595,0.296216,0.961364,walk
1475,6.145833,0.008134,-0.035012,0.947844,-0.316703,2.168586,0.239782,0.037766,0.000765,-0.048682,0.985325,-0.163599,1.955859,0.434756,0.044181,-0.018748,-0.047697,0.926821,-0.371989,2.040414,0.295529,0.961199,walk
1476,6.15,0.008873,-0.036074,0.94786,-0.316515,2.168656,0.239705,0.037761,0.000876,-0.0501,0.985255,-0.163592,1.955861,0.434734,0.044177,-0.018281,-0.04735,0.926378,-0.373158,2.04124,0.294891,0.961199,walk
1477,6.154167,0.009275,-0.036626,0.947851,-0.316467,2.168689,0.239666,0.037747,0.000873,-0.050526,0.985224,-0.163645,1.95585,0.434683,0.044185,-0.017067,-0.046998,0.925799,-0.374694,2.042129,0.294348,0.961347,walk
1478,6.158333,0.00958,-0.036974,0.947856,-0.316403,2.168718,0.239624,0.037736,0.000931,-0.050787,0.985187,-0.163791,1.955852,0.43461,0.0442,-0.016752,-0.046668,0.92539,-0.37576,2.042886,0.293774,0.961351,walk
1479,6.1625,0.009797,-0.037378,0.947828,-0.316431,2.168703,0.239602,0.037768,0.000967,-0.051041,0.985159,-0.163876,1.955853,0.434535,0.04424,-0.016292,-0.046212,0.924911,-0.377013,2.043741,0.293162,0.961414,walk
1480,6.166667,0.009964,-0.037552,0.947802,-0.316483,2.168706,0.23959,0.037767,0.000979,-0.051278,0.985127,-0.163994,1.955851,0.434461,0.044261,-0.015966,-0.046033,0.924486,-0.378089,2.04456,0.292539,0.961473,walk
1481,6.170833,0.010307,-0.037905,0.947736,-0.316627,2.168694,0.239606,0.037735,0.000906,-0.051316,0.985095,-0.164177,1.955861,0.434401,0.044305,-0.015739,-0.045526,0.924092,-0.379122,2.045353,0.291949,0.961542,walk
1482,6.175,0.010033,-0.037778,0.947675,-0.316836,2.168613,0.239654,0.037748,0.001305,-0.052143,0.984972,-0.164652,1.955958,0.434367,0.044315,-0.015343,-0.044819,0.923696,-0.380186,2.046101,0.291418,0.961601,walk
1483,6.179167,0.009978,-0.037714,0.947648,-0.316925,2.16857,0.239684,0.037756,0.001623,-0.053185,0.984898,-0.164758,1.95601,0.434271,0.044309,-0.014791,-0.044251,0.923357,-0.381097,2.046813,0.290833,0.961799,walk
1484,6.183333,0.009607,-0.037108,0.947592,-0.317177,2.16851,0.239726,0.037744,0.001634,-0.053529,0.984866,-0.164834,1.956013,0.434198,0.04433,-0.01445,-0.044172,0.92299,-0.382006,2.047614,0.290244,0.961842,walk
1485,6.1875,0.009911,-0.03747,0.947502,-0.317391,2.168448,0.239759,0.037749,0.001596,-0.05376,0.984843,-0.164898,1.956013,0.434117,0.044351,-0.014206,-0.043362,0.92271,-0.382785,2.048312,0.289641,0.961926,walk
1486,6.191667,0.009755,-0.03688,0.947466,-0.317572,2.168415,0.239785,0.037721,0.001586,-0.054148,0.984818,-0.164923,1.956021,0.434044,0.044364,-0.013807,-0.042714,0.922441,-0.383521,2.048998,0.289065,0.962068,walk
1487,6.195833,0.00942,-0.036545,0.947381,-0.317877,2.168332,0.23984,0.037737,0.001566,-0.054541,0.984798,-0.164909,1.956022,0.433969,0.044384,-0.013889,-0.042572,0.922295,-0.383884,2.049967,0.288539,0.962132,walk
1488,6.2,0.009386,-0.03661,0.947333,-0.318014,2.168268,0.239892,0.037729,0.001559,-0.054916,0.984783,-0.164877,1.956031,0.433885,0.044396,-0.013641,-0.042454,0.922044,-0.384508,2.050693,0.288043,0.962246,walk
1489,6.204167,0.009469,-0.036599,0.947259,-0.318232,2.168224,0.239929,0.037724,0.001549,-0.055306,0.984751,-0.164937,1.95604,0.433819,0.044408,-0.013541,-0.042071,0.921821,-0.385087,2.051173,0.287354,0.962295,walk
1490,6.208333,0.009488,-0.036723,0.947222,-0.318327,2.168176,0.239966,0.037696,0.001535,-0.055632,0.984737,-0.16491,1.956054,0.433742,0.044417,-0.01317,-0.041594,0.921656,-0.385547,2.051756,0.286721,0.96247,walk
1491,6.2125,0.009802,-0.037011,0.947198,-0.318355,2.16815,0.239987,0.037695,0.001495,-0.055987,0.984716,-0.164917,1.956057,0.433687,0.044431,-0.013024,-0.041359,0.921541,-0.385852,2.052301,0.28608,0.962605,walk
1492,6.216667,0.010074,-0.037423,0.947167,-0.318391,2.168125,0.240009,0.037686,0.001468,-0.056254,0.984698,-0.164933,1.956067,0.433627,0.044447,-0.013389,-0.041405,0.921454,-0.386042,2.053283,0.285667,0.962568,walk
1493,6.220833,0.010037,-0.037226,0.947134,-0.318514,2.168109,0.240012,0.037699,0.001547,-0.056734,0.984683,-0.164856,1.956078,0.433567,0.044448,-0.013624,-0.041449,0.921231,-0.386563,2.054066,0.285175,0.962568,walk
1494,6.225,0.009853,-0.037244,0.947092,-0.318642,2.168073,0.24002,0.037713,0.001527,-0.056959,0.984668,-0.164872,1.956088,0.433512,0.044467,-0.013973,-0.041482,0.921148,-0.386743,2.054747,0.284592,0.962635,walk
1495,6.229167,0.010294,-0.03776,0.947053,-0.318682,2.168108,0.240019,0.037708,0.001505,-0.057243,0.984653,-0.164864,1.956096,0.433467,0.044479,-0.014034,-0.041299,0.921168,-0.386714,2.055232,0.283983,0.962673,walk
1496,6.233333,0.010509,-0.038184,0.947029,-0.318696,2.16813,0.24001,0.037716,0.001508,-0.057544,0.984635,-0.164866,1.956107,0.433414,0.044488,-0.013964,-0.041181,0.921082,-0.386933,2.055858,0.283478,0.962715,walk
1497,6.2375,0.010733,-0.038586,0.946971,-0.318813,2.168144,0.240007,0.037737,0.001659,-0.057824,0.98462,-0.164857,1.956125,0.43336,0.044494,-0.013626,-0.040917,0.921032,-0.387093,2.05645,0.283013,0.962718,walk
1498,6.241667,0.010952,-0.038983,0.94696,-0.31879,2.168181,0.239983,0.037749,0.00159,-0.058103,0.984604,-0.164856,1.95614,0.433322,0.0445,-0.013386,-0.040571,0.921018,-0.387169,2.057019,0.282479,0.962785,walk
1499,6.245833,0.011271,-0.039416,0.946926,-0.318828,2.168239,0.23997,0.03775,0.00168,-0.058327,0.984587,-0.164878,1.956164,0.43327,0.044504,-0.012769,-0.040282,0.921052,-0.387141,2.05751,0.281877,0.962831,walk
1500,6.25,0.011461,-0.03978,0.946912,-0.318817,2.168269,0.239951,0.037777,0.001664,-0.058615,0.984553,-0.164975,1.956186,0.433234,0.044515,-0.012535,-0.040065,0.921071,-0.387126,2.058036,0.281327,0.962816,walk
1501,6.254167,0.011603,-0.040083,0.946871,-0.318894,2.168291,0.239947,0.037794,0.001662,-0.058878,0.984538,-0.164972,1.956195,0.433202,0.044518,-0.01226,-0.039787,0.92104,-0.387236,2.058487,0.280853,0.962829,walk
1502,6.258333,0.011669,-0.040282,0.946835,-0.318974,2.168335,0.239935,0.03782,0.001622,-0.059108,0.984531,-0.164932,1.956198,0.433178,0.044526,-0.013217,-0.039493,0.920585,-0.388315,2.058712,0.280638,0.962972,walk
1503,6.2625,0.011864,-0.04068,0.946815,-0.318976,2.16837,0.239929,0.037829,0.001618,-0.059257,0.984536,-0.164849,1.956203,0.433147,0.044523,-0.012953,-0.039525,0.920562,-0.388376,2.059126,0.280106,0.962954,walk
1504,6.266667,0.012053,-0.041173,0.946774,-0.319028,2.168365,0.239929,0.037868,0.001571,-0.059367,0.984543,-0.164764,1.956201,0.433135,0.044518,-0.012733,-0.039686,0.920561,-0.388368,2.059456,0.27951,0.962922,walk
1505,6.270833,0.012198,-0.041509,0.946732,-0.319104,2.168413,0.239921,0.03789,0.001504,-0.059538,0.984534,-0.164759,1.956202,0.433119,0.044509,-0.012464,-0.039531,0.920463,-0.388626,2.059846,0.27902,0.962843,walk
1506,6.275,0.012168,-0.041711,0.946723,-0.319104,2.168356,0.239831,0.037974,0.001485,-0.059647,0.984533,-0.164725,1.956204,0.433109,0.044509,-0.012105,-0.039588,0.920311,-0.388991,2.060329,0.278572,0.962776,walk
1507,6.279167,0.0124,-0.042156,0.946692,-0.319131,2.168377,0.239832,0.038008,0.001497,-0.05972,0.984543,-0.164641,1.956214,0.433087,0.044501,-0.012054,-0.039435,0.920248,-0.389158,2.060688,0.278173,0.96275,walk
1508,6.283333,0.01234,-0.042182,0.946657,-0.319231,2.168384,0.23984,0.03802,0.001386,-0.059797,0.984545,-0.164601,1.956212,0.433096,0.044502,-0.012056,-0.0393,0.920205,-0.389273,2.061057,0.277797,0.962755,walk
1509,6.2875,0.012415,-0.04236,0.946656,-0.319208,2.168404,0.239825,0.038043,0.001338,-0.059847,0.984554,-0.16453,1.956213,0.433099,0.044492,-0.011793,-0.039227,0.920199,-0.389303,2.061449,0.277381,0.962721,walk
1510,6.291667,0.01272,-0.042787,0.946624,-0.319233,2.168424,0.239843,0.03805,0.001262,-0.059814,0.984562,-0.164497,1.956218,0.433095,0.044486,-0.011749,-0.037726,0.921391,-0.386623,2.062418,0.277013,0.962484,walk
1511,6.295833,0.012993,-0.042995,0.946616,-0.319218,2.168461,0.239827,0.038048,0.00123,-0.059795,0.984578,-0.164408,1.956214,0.4331,0.04447,-0.012128,-0.037799,0.921499,-0.386347,2.062734,0.276505,0.962455,walk
1512,6.3,0.012982,-0.043064,0.946627,-0.319179,2.168471,0.23983,0.038051,0.001103,-0.059848,0.984582,-0.164362,1.956211,0.43312,0.044462,-0.012272,-0.037952,0.921556,-0.386191,2.063045,0.276027,0.962499,walk
1513,6.304167,0.012947,-0.043126,0.946607,-0.31923,2.16849,0.239833,0.038064,0.001047,-0.059752,0.984599,-0.164298,1.956203,0.433133,0.044447,-0.012553,-0.038314,0.921695,-0.385814,2.063449,0.275479,0.962535,walk
1514,6.308333,0.013086,-0.043446,0.946529,-0.319412,2.168482,0.23985,0.038076,0.000928,-0.059617,0.984621,-0.164214,1.956196,0.433158,0.044437,-0.011587,-0.038205,0.921694,-0.385857,2.063793,0.275117,0.962403,walk
1515,6.3125,0.013243,-0.043722,0.946511,-0.319422,2.168494,0.239836,0.038091,0.000836,-0.059486,0.984647,-0.16411,1.956189,0.433178,0.044428,-0.011562,-0.038148,0.92176,-0.385707,2.064179,0.27474,0.962378,walk
1516,6.316667,0.013288,-0.043646,0.946534,-0.319363,2.168524,0.239826,0.038074,0.000794,-0.059509,0.984644,-0.164115,1.956201,0.433199,0.044407,-0.011808,-0.038368,0.921733,-0.385743,2.064607,0.274364,0.962416,walk
1517,6.320833,0.013154,-0.043546,0.946563,-0.319295,2.168509,0.239828,0.038083,0.000565,-0.05909,0.984686,-0.164017,1.956168,0.43324,0.0444,-0.012088,-0.038635,0.921736,-0.3857,2.06498,0.274,0.962437,walk
1518,6.325,0.013137,-0.043731,0.946531,-0.319364,2.168518,0.23983,0.038095,0.000644,-0.059128,0.984697,-0.163937,1.956177,0.433253,0.044371,-0.012544,-0.038937,0.921768,-0.385578,2.065286,0.273614,0.962455,walk
1519,6.329167,0.013401,-0.04404,0.946496,-0.319415,2.168549,0.239815,0.038093,0.000505,-0.059122,0.98471,-0.163862,1.956175,0.433278,0.04435,-0.01324,-0.039311,0.921731,-0.385606,2.06564,0.273267,0.962502,walk
1520,6.333333,0.01366,-0.04417,0.94651,-0.319345,2.168644,0.239883,0.038043,0.000396,-0.058942,0.984732,-0.163793,1.95616,0.433311,0.044337,-0.013667,-0.039667,0.92172,-0.38558,2.065974,0.272883,0.962575,walk
1521,6.3375,0.013608,-0.04444,0.946499,-0.319342,2.168564,0.239804,0.038096,0.00029,-0.058654,0.984766,-0.163694,1.956151,0.43334,0.044321,-0.01388,-0.04002,0.921648,-0.385709,2.066223,0.272585,0.962747,walk
1522,6.341667,0.014113,-0.044718,0.946549,-0.319132,2.168654,0.239838,0.038027,0.000202,-0.058494,0.984792,-0.163593,1.956136,0.433366,0.04431,-0.014349,-0.040252,0.921539,-0.385928,2.066575,0.272345,0.96284,walk
1523,6.345833,0.014142,-0.044835,0.946488,-0.319297,2.16868,0.239835,0.038047,8.7e-05,-0.058234,0.984819,-0.163524,1.956126,0.433398,0.0443,-0.015032,-0.040291,0.921497,-0.385998,2.066818,0.272094,0.962961,walk
1524,6.35,0.014215,-0.044892,0.946541,-0.319127,2.1687,0.239809,0.038046,1.5e-05,-0.05802,0.984841,-0.163469,1.956113,0.433427,0.044289,-0.015417,-0.040464,0.92139,-0.386219,2.067177,0.271874,0.963066,walk
1525,6.354167,0.014673,-0.045771,0.946573,-0.318889,2.168687,0.239852,0.038086,-6.5e-05,-0.057868,0.984865,-0.163379,1.956103,0.43345,0.044271,-0.015516,-0.04066,0.921272,-0.386477,2.067618,0.271636,0.96313,walk
1526,6.358333,0.014521,-0.045478,0.946434,-0.31935,2.168739,0.239813,0.038064,-0.000124,-0.057611,0.984891,-0.163311,1.956091,0.433477,0.044265,-0.015648,-0.040733,0.921198,-0.386639,2.067974,0.271384,0.963173,walk
1527,6.3625,0.015054,-0.046285,0.946541,-0.31889,2.168698,0.239831,0.038083,-0.000182,-0.057451,0.984917,-0.163213,1.956086,0.433494,0.04425,-0.015852,-0.040804,0.921101,-0.386856,2.068359,0.271168,0.963197,walk
1528,6.366667,0.015084,-0.046287,0.946565,-0.318818,2.16872,0.239814,0.038081,-0.000269,-0.057311,0.984932,-0.163173,1.956077,0.433515,0.044241,-0.009679,-0.038848,0.920933,-0.38766,2.068525,0.271009,0.962208,walk
1529,6.370833,0.014963,-0.046352,0.946539,-0.318892,2.16871,0.239802,0.038105,-0.000337,-0.057103,0.984963,-0.163054,1.956061,0.433539,0.044235,-0.009549,-0.038759,0.920833,-0.387909,2.068814,0.270835,0.962248,walk
1530,6.375,0.015118,-0.046481,0.946531,-0.318888,2.168726,0.239779,0.038097,-0.00043,-0.056845,0.98499,-0.162984,1.956053,0.433556,0.044226,-0.009341,-0.038575,0.920695,-0.38826,2.069102,0.270697,0.962269,walk
1531,6.379167,0.015305,-0.046809,0.946482,-0.318978,2.168726,0.239778,0.038097,-0.000477,-0.056705,0.985012,-0.162895,1.956041,0.433578,0.044216,-0.009218,-0.038485,0.920581,-0.388542,2.069389,0.270539,0.962315,walk
1532,6.383333,0.015438,-0.047108,0.946473,-0.318954,2.168713,0.23978,0.038081,-0.000574,-0.056447,0.985039,-0.162824,1.956032,0.433585,0.044212,-0.009094,-0.038254,0.920507,-0.388741,2.069744,0.270395,0.962313,walk
1533,6.3875,0.015151,-0.046721,0.94647,-0.319032,2.168694,0.239771,0.038111,-0.000599,-0.056365,0.98506,-0.162725,1.956026,0.433601,0.044202,-0.006743,-0.03597,0.920077,-0.390025,2.070328,0.271257,0.962088,walk
1534,6.391667,0.015403,-0.046945,0.946481,-0.318956,2.168732,0.239751,0.038096,-0.000635,-0.056186,0.98509,-0.162607,1.95602,0.433603,0.044197,-0.006818,-0.035592,0.919806,-0.390696,2.070627,0.27121,0.962093,walk
1535,6.395833,0.015343,-0.046945,0.946466,-0.319004,2.168723,0.239763,0.038103,-0.000742,-0.055996,0.985117,-0.162508,1.956007,0.433614,0.044195,-0.006327,-0.035501,0.91947,-0.391503,2.070983,0.271197,0.962114,walk
1536,6.4,0.015352,-0.046988,0.946451,-0.319041,2.168732,0.239749,0.038104,-0.000802,-0.055881,0.985137,-0.162424,1.955997,0.433617,0.044191,-0.00674,-0.037485,0.919306,-0.391697,2.071517,0.27122,0.962489,walk
1537,6.404167,0.015684,-0.047406,0.946424,-0.319044,2.16872,0.239744,0.038076,-0.000819,-0.055734,0.985165,-0.162305,1.95599,0.43362,0.044188,-0.006605,-0.03745,0.919014,-0.392387,2.071813,0.271202,0.962553,walk
1538,6.408333,0.01552,-0.047246,0.946407,-0.319125,2.168695,0.239749,0.038077,-0.000871,-0.055664,0.985178,-0.162248,1.955984,0.433625,0.044176,-0.00683,-0.037488,0.918804,-0.39287,2.072108,0.271164,0.962677,walk
1539,6.4125,0.015581,-0.047329,0.946397,-0.319141,2.168701,0.239746,0.038079,-0.000974,-0.055582,0.985202,-0.162132,1.955974,0.433628,0.044177,-0.006808,-0.037536,0.918644,-0.393239,2.072397,0.271087,0.962769,walk
1540,6.416667,0.015513,-0.047234,0.946409,-0.319121,2.16869,0.239742,0.038092,-0.001019,-0.055481,0.985226,-0.16202,1.955968,0.433641,0.044173,-0.006646,-0.037442,0.918509,-0.393567,2.072642,0.271004,0.962802,walk
1541,6.420833,0.015343,-0.046925,0.946371,-0.319288,2.168691,0.239742,0.038103,-0.001049,-0.055403,0.985244,-0.161935,1.955966,0.433639,0.044168,-0.005834,-0.035337,0.918148,-0.394615,2.072609,0.270812,0.962446,walk
1542,6.425,0.015628,-0.047441,0.946338,-0.319295,2.168671,0.239744,0.038089,-0.001071,-0.055269,0.98527,-0.161826,1.955959,0.433648,0.04416,-0.012083,-0.039447,0.918271,-0.393796,2.072821,0.270124,0.963417,walk
1543,6.429167,0.015539,-0.047271,0.946364,-0.319247,2.168655,0.239746,0.038078,-0.001117,-0.055214,0.98529,-0.161719,1.955954,0.433647,0.044156,-0.012995,-0.039864,0.918241,-0.393797,2.073005,0.269976,0.963552,walk
1544,6.433333,0.01579,-0.047397,0.946369,-0.319203,2.168667,0.239728,0.038063,-0.001138,-0.055142,0.985314,-0.161599,1.955956,0.433651,0.044152,-0.013579,-0.040031,0.918302,-0.393618,2.073154,0.269787,0.963626,walk
1545,6.4375,0.015631,-0.047228,0.94638,-0.319203,2.168655,0.239721,0.038065,-0.001186,-0.055102,0.985324,-0.161554,1.955955,0.433663,0.044151,-0.014252,-0.040439,0.918441,-0.393227,2.073225,0.26953,0.963813,walk
1546,6.441667,0.015652,-0.047221,0.946418,-0.31909,2.168646,0.239715,0.038052,-0.001213,-0.054983,0.985344,-0.161469,1.955948,0.433673,0.044137,-0.015085,-0.041144,0.918674,-0.392579,2.073388,0.269256,0.964056,walk
1547,6.445833,0.01568,-0.047189,0.946389,-0.319179,2.168654,0.23971,0.038049,-0.001254,-0.054782,0.985373,-0.16136,1.955946,0.433678,0.044142,-0.015932,-0.041891,0.918717,-0.392365,2.073284,0.269055,0.964411,walk
1548,6.45,0.015651,-0.047171,0.946388,-0.319187,2.168631,0.239709,0.038075,-0.001227,-0.054709,0.985392,-0.161269,1.95595,0.433678,0.044141,-0.015241,-0.041698,0.918862,-0.392074,2.073337,0.269161,0.964554,walk
1549,6.454167,0.015797,-0.047365,0.946381,-0.319171,2.168642,0.239698,0.038062,-0.00127,-0.054612,0.985407,-0.161214,1.955945,0.433687,0.044135,-0.015564,-0.042049,0.918738,-0.392314,2.073091,0.269373,0.964858,walk
1550,6.458333,0.015801,-0.047356,0.946375,-0.319189,2.168622,0.2397,0.038051,-0.0013,-0.054602,0.985418,-0.161148,1.955947,0.433699,0.044133,-0.01604,-0.042557,0.918656,-0.392432,2.073002,0.269362,0.965111,walk
1551,6.4625,0.015677,-0.047177,0.946398,-0.319154,2.168619,0.239697,0.038063,-0.001309,-0.054513,0.985429,-0.161108,1.955952,0.433707,0.04413,-0.016328,-0.043075,0.91866,-0.392354,2.073197,0.269279,0.965253,walk
1552,6.466667,0.015887,-0.047299,0.946447,-0.31898,2.168635,0.23968,0.038046,-0.00129,-0.054362,0.985449,-0.161037,1.955956,0.43372,0.044133,-0.016263,-0.043074,0.918721,-0.392213,2.07335,0.269241,0.96529,walk
1553,6.470833,0.015947,-0.047364,0.946458,-0.318934,2.168628,0.239672,0.038035,-0.001305,-0.05422,0.985459,-0.161028,1.955953,0.433742,0.044127,-0.006797,-0.038649,0.918495,-0.39348,2.073482,0.269768,0.963863,walk
1554,6.475,0.015825,-0.047319,0.946419,-0.319064,2.168633,0.239677,0.038052,-0.001368,-0.054008,0.98548,-0.160968,1.955955,0.433759,0.044131,-0.006991,-0.03852,0.918597,-0.393251,2.073857,0.269658,0.963803,walk
1555,6.479167,0.015896,-0.047298,0.946454,-0.31896,2.168615,0.239662,0.038037,-0.001339,-0.053878,0.985496,-0.160916,1.955955,0.433774,0.044121,-0.007064,-0.038324,0.918757,-0.392895,2.074249,0.26952,0.963735,walk
1556,6.483333,0.01594,-0.047263,0.946503,-0.318818,2.168611,0.23965,0.038032,-0.001358,-0.05372,0.985509,-0.160887,1.955963,0.433793,0.044112,-0.006975,-0.038128,0.918849,-0.3927,2.074689,0.26939,0.963614,walk
1557,6.4875,0.016139,-0.047462,0.946483,-0.318838,2.168622,0.23964,0.038029,-0.001374,-0.053541,0.985529,-0.160824,1.955963,0.433825,0.044113,-0.006608,-0.037928,0.9189,-0.392606,2.075133,0.269324,0.963461,walk
1558,6.491667,0.016011,-0.047415,0.946451,-0.318944,2.168629,0.239649,0.038045,-0.00136,-0.053307,0.985545,-0.160803,1.955959,0.433858,0.044106,-0.007546,-0.037849,0.919061,-0.39222,2.07579,0.269201,0.963174,walk
1559,6.495833,0.015933,-0.047341,0.946493,-0.318836,2.168615,0.239643,0.03804,-0.001354,-0.053047,0.985554,-0.160835,1.955966,0.433886,0.044097,-0.00701,-0.037415,0.919202,-0.391942,2.076088,0.269133,0.962944,walk
1560,6.5,0.01609,-0.047395,0.946533,-0.3187,2.168608,0.23963,0.038031,-0.001348,-0.052838,0.985571,-0.160798,1.955968,0.433917,0.044093,-0.006606,-0.037184,0.919351,-0.391621,2.076397,0.269066,0.962812,walk
1561,6.504167,0.016211,-0.047398,0.946601,-0.318492,2.168622,0.239603,0.038015,-0.001353,-0.052607,0.985589,-0.160762,1.95597,0.433942,0.044085,-0.006435,-0.037153,0.919574,-0.391104,2.0766,0.268931,0.962738,walk
1562,6.508333,0.016118,-0.047338,0.946607,-0.318487,2.168617,0.23961,0.038035,-0.001373,-0.052435,0.985596,-0.160778,1.95597,0.433985,0.044079,-0.006327,-0.037173,0.919798,-0.390577,2.076766,0.268789,0.962674,walk
1563,6.5125,0.016129,-0.047348,0.946661,-0.318326,2.168614,0.239596,0.038029,-0.001441,-0.051805,0.985638,-0.160723,1.955945,0.434043,0.044091,-0.006184,-0.037145,0.919964,-0.390189,2.076892,0.268701,0.962647,walk
1564,6.516667,0.016112,-0.04718,0.946704,-0.318223,2.168605,0.239588,0.038016,-0.001355,-0.051838,0.985634,-0.160738,1.955973,0.434047,0.04407,-0.006123,-0.037087,0.920133,-0.389798,2.076987,0.268639,0.962635,walk
1565,6.520833,0.016328,-0.047322,0.946746,-0.318065,2.168625,0.239571,0.037997,-0.001295,-0.051716,0.985645,-0.160711,1.955975,0.434082,0.044056,-0.006113,-0.036821,0.920225,-0.389605,2.077082,0.268654,0.962643,walk
1566,6.525,0.016268,-0.047254,0.94676,-0.318038,2.168624,0.239565,0.038011,-0.001257,-0.051553,0.985656,-0.160696,1.955979,0.434106,0.044048,-0.006144,-0.03676,0.920343,-0.389332,2.077132,0.26862,0.962668,walk
1567,6.529167,0.016562,-0.0475,0.946769,-0.317958,2.168652,0.239547,0.037989,-0.001274,-0.051232,0.985681,-0.160647,1.955974,0.434154,0.044048,-0.006075,-0.036511,0.920405,-0.389211,2.077184,0.268647,0.962675,walk
1568,6.533333,0.016674,-0.047585,0.946802,-0.317842,2.168663,0.23955,0.037994,-0.001213,-0.051039,0.985701,-0.160584,1.955978,0.434181,0.044032,-0.006311,-0.036708,0.920482,-0.389006,2.077231,0.268601,0.962744,walk
1569,6.5375,0.016489,-0.047385,0.946845,-0.317753,2.168647,0.239532,0.038003,-0.001157,-0.05079,0.985718,-0.16056,1.955985,0.434203,0.04402,-0.016644,-0.041503,0.920698,-0.387706,2.077192,0.267982,0.964234,walk
1570,6.541667,0.016397,-0.047391,0.946845,-0.317758,2.168643,0.239539,0.038012,-0.001163,-0.050634,0.985725,-0.160566,1.955981,0.434244,0.044027,-0.017077,-0.041672,0.920784,-0.387464,2.077202,0.268001,0.964277,walk
1571,6.545833,0.016498,-0.047349,0.94694,-0.317474,2.168651,0.239519,0.038002,-0.001172,-0.05037,0.985745,-0.160528,1.955981,0.43427,0.044021,-0.017256,-0.041691,0.920884,-0.387216,2.077228,0.268027,0.964329,walk
1572,6.55,0.016782,-0.047519,0.946932,-0.317458,2.168677,0.239517,0.037993,-0.001141,-0.050167,0.985764,-0.160474,1.955981,0.434292,0.044013,-0.017549,-0.041657,0.921019,-0.386885,2.07727,0.268016,0.964382,walk
1573,6.554167,0.016712,-0.047391,0.946974,-0.317356,2.168682,0.239507,0.037984,-0.001197,-0.049981,0.98577,-0.160493,1.955977,0.434327,0.044014,-0.017916,-0.041754,0.921161,-0.386521,2.077281,0.267972,0.964442,walk
1574,6.558333,0.016881,-0.047593,0.946956,-0.317369,2.168679,0.23951,0.037989,-0.001194,-0.049726,0.985792,-0.16044,1.955975,0.434351,0.044015,-0.018148,-0.041767,0.921303,-0.386169,2.077309,0.26793,0.964496,walk
1575,6.5625,0.01683,-0.04739,0.946964,-0.317379,2.168703,0.239498,0.037997,-0.001164,-0.049568,0.985812,-0.160366,1.955973,0.434376,0.044008,-0.013214,-0.039146,0.921495,-0.386187,2.077537,0.268414,0.963841,walk
1576,6.566667,0.016985,-0.047538,0.946989,-0.317276,2.168704,0.239497,0.037998,-0.001162,-0.049364,0.985827,-0.160337,1.955973,0.434403,0.044002,-0.012893,-0.038997,0.921594,-0.385976,2.077631,0.268438,0.963843,walk
1577,6.570833,0.016887,-0.047487,0.946958,-0.317381,2.168724,0.239495,0.038001,-0.001162,-0.049192,0.985844,-0.160283,1.955972,0.434429,0.043998,-0.012649,-0.038968,0.921678,-0.385786,2.077777,0.268459,0.963784,walk
1578,6.575,0.016968,-0.047537,0.94699,-0.317274,2.168727,0.239498,0.038005,-0.00116,-0.049104,0.985859,-0.16022,1.955967,0.434455,0.043996,-0.012392,-0.039004,0.921738,-0.385648,2.077887,0.268485,0.963726,walk
1579,6.579167,0.017049,-0.047545,0.946979,-0.317302,2.168746,0.239492,0.038002,-0.001202,-0.048922,0.985875,-0.160171,1.955964,0.434476,0.043995,-0.012278,-0.039019,0.921796,-0.385512,2.077983,0.268501,0.963686,walk
1580,6.583333,0.016883,-0.047286,0.946976,-0.317356,2.168743,0.239497,0.038016,-0.001205,-0.048753,0.985885,-0.160163,1.955966,0.434498,0.043997,-0.012117,-0.03906,0.921853,-0.385376,2.078097,0.268521,0.963651,walk
1581,6.5875,0.017036,-0.047378,0.946981,-0.31732,2.168758,0.239493,0.038018,-0.001185,-0.048598,0.985901,-0.160111,1.955965,0.434515,0.043988,-0.016987,-0.041463,0.921808,-0.385048,2.077922,0.268015,0.964191,walk
1582,6.591667,0.017045,-0.047343,0.947003,-0.31726,2.168767,0.239478,0.038013,-0.001184,-0.048493,0.985913,-0.160073,1.955958,0.434533,0.043989,-0.017158,-0.041625,0.921866,-0.384884,2.07798,0.26808,0.964201,walk
1583,6.595833,0.017083,-0.047299,0.947004,-0.317261,2.168773,0.239493,0.038019,-0.001177,-0.048301,0.985928,-0.160036,1.955963,0.43455,0.043987,-0.017157,-0.041549,0.921976,-0.384629,2.077987,0.268119,0.964208,walk
1584,6.6,0.017148,-0.047271,0.946998,-0.31728,2.168796,0.23948,0.038022,-0.001173,-0.048195,0.985941,-0.159986,1.955963,0.434562,0.043979,-0.017309,-0.041513,0.922119,-0.384283,2.078008,0.268151,0.964239,walk
1585,6.604167,0.017216,-0.047346,0.946994,-0.317276,2.168798,0.239489,0.038015,-0.001159,-0.048115,0.985948,-0.159967,1.955959,0.434581,0.043978,-0.017601,-0.041568,0.92228,-0.383876,2.077996,0.268152,0.964294,walk
1586,6.608333,0.017064,-0.047254,0.94699,-0.317311,2.168778,0.239489,0.038035,-0.001149,-0.047966,0.985961,-0.159937,1.955961,0.434589,0.043976,-0.017855,-0.041621,0.922419,-0.383525,2.077973,0.268174,0.964353,walk
1587,6.6125,0.017178,-0.04726,0.946984,-0.317321,2.16879,0.239484,0.03803,-0.001142,-0.047894,0.985969,-0.159903,1.955958,0.434604,0.043971,-0.007829,-0.037376,0.921995,-0.385313,2.07809,0.269055,0.962827,walk
1588,6.616667,0.017222,-0.047171,0.946993,-0.317306,2.168815,0.239481,0.038018,-0.0011,-0.047789,0.985989,-0.159813,1.95596,0.434613,0.043965,-0.00757,-0.037278,0.922065,-0.385161,2.078199,0.269154,0.962856,walk
1589,6.620833,0.017103,-0.047136,0.946984,-0.317345,2.168793,0.239496,0.038045,-0.00109,-0.047709,0.985992,-0.15982,1.955961,0.434631,0.043964,-0.007702,-0.037069,0.922195,-0.384867,2.078273,0.269194,0.9629,walk
1590,6.625,0.017023,-0.046941,0.946993,-0.317349,2.16881,0.239491,0.038032,-0.001096,-0.047572,0.986001,-0.159802,1.955961,0.434638,0.043971,-0.00797,-0.036994,0.922281,-0.384663,2.078341,0.269247,0.962902,walk
1591,6.629167,0.016927,-0.046859,0.946993,-0.317367,2.168813,0.239497,0.038046,-0.001086,-0.04754,0.986008,-0.159775,1.955957,0.434653,0.043961,-0.007921,-0.037214,0.922326,-0.384536,2.078451,0.269318,0.962884,walk
1592,6.633333,0.017137,-0.046995,0.946988,-0.317351,2.168827,0.239492,0.038034,-0.00111,-0.047484,0.98601,-0.159779,1.955958,0.434672,0.043966,-0.007723,-0.037357,0.922392,-0.384368,2.078554,0.269396,0.962811,walk
1593,6.6375,0.017239,-0.046954,0.946986,-0.317357,2.168836,0.239492,0.038033,-0.001147,-0.047401,0.986016,-0.159767,1.955956,0.434679,0.043964,-0.007815,-0.037514,0.922493,-0.384107,2.078603,0.269446,0.962793,walk
1594,6.641667,0.017183,-0.046929,0.946997,-0.317331,2.16882,0.239498,0.03803,-0.001217,-0.047167,0.986055,-0.159593,1.95592,0.434727,0.043956,-0.007882,-0.037564,0.922565,-0.383927,2.078647,0.269527,0.962805,walk
1595,6.645833,0.017083,-0.046784,0.946999,-0.317351,2.168841,0.239489,0.038035,-0.001231,-0.046935,0.986068,-0.159577,1.955914,0.434745,0.043971,-0.008112,-0.037544,0.922679,-0.383651,2.078676,0.2696,0.96278,walk
