frame_id,timestamp,gait_type,root_position_x,root_position_y,root_position_z,root_orientation_x,root_orientation_y,root_orientation_z,root_linear_velocity_x,root_linear_velocity_y,root_linear_velocity_z,root_angular_velocity_x,root_angular_velocity_y,root_angular_velocity_z,left_linear_velocity_x,left_linear_velocity_y,left_linear_velocity_z,right_linear_velocity_x,right_linear_velocity_y,right_linear_velocity_z,left_pos_rel_x,left_pos_rel_y,left_pos_rel_z,right_pos_rel_x,right_pos_rel_y,right_pos_rel_z,step_length,step_width,step_height,left_contact_prob,right_contact_prob,support_type,left_swing_phase,right_swing_phase,max_foot_height
1,0.004167,jog,1.954092,-1.409045,0.924235,0.064796,-0.004963,-0.917653,-0.0016798656107728026,0.06911447084229516,-0.011279097672190845,-0.19162068633353543,-0.1514963114809956,0.4638892338461205,-0.004559635229179565,0.00023998080156942118,0.0009599232061435124,-0.003119750419869611,0.00047996160303226946,0.0014398848092152458,-0.10726499999999994,-0.0638789999999998,-0.924404,0.08447000000000027,0.10082400000000002,-0.920822,0.1917350000000002,0.16470299999999982,0.003581999999999974,0.99222373326325,0.9583977296638606,0.9583977296638606,0.007776266736750026,0.04160227033613939,-0.920822
2,0.008333,jog,1.954036,-1.408826,0.924242,0.065234,-0.005273,-0.917852,-0.013442150744079201,0.05256841094579723,0.0016802688430099001,-0.23535740961751428,-0.1271352511728355,0.2671875753908883,-0.0033605376860198002,-0.0038406144983235717,0.0016802688430148775,0.0033605376859665013,-0.004560729716752579,-0.002160345655304823,-0.10722300000000007,-0.064114,-0.924404,0.08453999999999984,0.10058599999999984,-0.920838,0.1917629999999999,0.16469999999999985,0.003565999999999958,0.9910453555426528,0.9542349184347585,0.9542349184347585,0.008954644457347172,0.045765081565241506,-0.920838
3,0.0125,jog,1.954029,-1.408645,0.924219,0.065512,-0.005318,-0.918106,-0.0016798656107728021,0.04343652507799057,-0.005519558435324033,-0.09154970810565495,-0.10443274536768815,0.33028433152372155,0.00575953923686681,-0.0014398848092566675,-0.004079673626109906,-0.0016798656107728021,0.0019198464122889367,0.0031197504199664,-0.10719199999999995,-0.06430100000000016,-0.924398,0.08453999999999984,0.10041299999999986,-0.920802,0.1917319999999998,0.16471400000000003,0.0035960000000000436,0.9879942956404844,0.9573233950788784,0.9573233950788784,0.012005704359515645,0.042676604921121575,-0.920802
4,0.016667,jog,1.953993,-1.408391,0.924252,0.066063,-0.005434,-0.918392,-0.008639308855273573,0.06095512359010714,0.007919366450671882,-0.1778661047601936,-0.21008993531057504,0.3893928789538644,-0.009119270458359129,0.0023998080153744927,0.0043196544276457825,-0.0023998080153744927,-0.0031197504199761833,-0.0011999040076793367,-0.10719400000000001,-0.06454500000000007,-0.9244129999999999,0.0845659999999997,0.10014599999999985,-0.92084,0.1917599999999997,0.16469099999999992,0.0035729999999999373,0.9827132367130835,0.9574119773619905,0.9574119773619905,0.017286763286916473,0.04258802263800954,-0.92084
5,0.020833,jog,1.953994,-1.408129,0.924239,0.066548,-0.005502,-0.918659,0.00024003840612523607,0.06289006240998188,-0.0031204992798679154,-0.14278643373219332,-0.19076837528058377,0.3643519915465162,0.0007201152184290074,-0.0038406144983235725,-0.00024003840614498256,-0.00024003840607193683,-0.0031204992798412657,0.0009601536245799563,-0.10719199999999995,-0.06482300000000008,-0.924401,0.08456400000000008,0.09987100000000004,-0.9208230000000001,0.19175600000000004,0.16469400000000012,0.00357799999999997,0.9934751534524279,0.9587638543379777,0.9587638543379777,0.006524846547572127,0.04123614566202227,-0.9208230000000001
6,0.025,jog,1.953851,-1.407815,0.924285,0.066809,-0.005661,-0.919003,-0.03431725461963144,0.07535397168224751,0.011039116870648066,-0.14537888586661368,-0.07211309308014713,0.438208079968966,-0.007679385649155747,0.0031197504199761833,0.003599712023038159,0.0031197504199761833,-0.00023998080156942112,-0.0014398848092153497,-0.10708099999999998,-0.06512399999999996,-0.924432,0.08472000000000013,0.09955599999999998,-0.920875,0.1918010000000001,0.16467999999999994,0.0035570000000000324,0.9849386685994854,0.9586893792118814,0.9586893792118814,0.015061331400514577,0.041310620788118646,-0.920875
7,0.029167,jog,1.95378,-1.407532,0.924443,0.0666,-0.005634,-0.919474,-0.017038636909031023,0.06791456683466125,0.03791696664266657,0.017530050687794504,0.10518973345154227,0.5644977647095446,-0.003119750419976186,-0.005279577633781259,0.0014398848092152597,-0.0007199424046016911,0.0009599232061711124,0.0016798656107511558,-0.10702300000000009,-0.06542899999999996,-0.924584,0.08478800000000009,0.09927700000000006,-0.921026,0.19181100000000018,0.16470600000000002,0.00355799999999995,0.9895013160959901,0.9609793451455533,0.9609793451455533,0.010498683904009876,0.039020654854446724,-0.921026
8,0.033333,jog,1.953694,-1.407272,0.92454,0.066441,-0.005855,-0.919836,-0.02064330292847586,0.062409985597678054,0.023283725396066653,-0.09373056763988537,0.12512585173156282,0.42885967121565866,0.0014402304368580138,0.0014402304368580138,0.00024003840614498885,0.00024003840607193664,-0.0033605376860197985,-0.001440230436869881,-0.10693100000000011,-0.06568299999999994,-0.9246800000000001,0.08487499999999981,0.09900300000000017,-0.921129,0.19180599999999992,0.1646860000000001,0.003551000000000082,0.9965818515981565,0.9583832879171005,0.9583832879171005,0.0034181484018435127,0.04161671208289952,-0.921129
9,0.0375,jog,1.953527,-1.406996,0.924595,0.066582,-0.005983,-0.920154,-0.04007679385649829,0.06623470122394173,0.013198944084453148,-0.10674815509342714,-0.026158084755740992,0.40100241458318553,-0.0019198464122889385,-0.0014398848092033823,0.00023998080153587661,0.0009599232061711124,-0.0019198464122889385,-0.0011999040076793375,-0.10677200000000009,-0.06596500000000005,-0.924734,0.08504599999999995,0.098719,-0.9211889999999999,0.19181800000000004,0.16468400000000005,0.0035450000000000204,0.9959803713218551,0.9604515475697901,0.9604515475697901,0.004019628678144871,0.03954845243020988,-0.9211889999999999
10,0.041667,jog,1.953642,-1.40674,0.924568,0.066886,-0.006516,-0.920404,0.027597792176646783,0.06143508519313935,-0.006479481641468495,-0.3120276078234372,-0.025679048973855655,0.3211730590563569,0.005039596832265116,0.0019198464122889352,-0.0021598272138228926,-0.0009599232061711108,-0.0023998080153744905,0.003359731221502202,-0.10686600000000013,-0.06621299999999986,-0.924716,0.08492699999999975,0.09845300000000012,-0.921148,0.19179299999999988,0.16466599999999998,0.0035680000000000156,0.9903177998264677,0.957255156494393,0.957255156494393,0.009682200173532274,0.04274484350560703,-0.921148
11,0.045833,jog,1.95344,-1.40626,0.924502,0.067258,-0.006832,-0.920734,-0.04848775804129517,0.11521843494960067,-0.015842534805544775,-0.2350274578423669,-0.09265496731833199,0.4324798958435967,-0.00480076812287782,-0.003360537686019804,0.0036005760921747477,0.005040806529109655,-0.0007201152184290081,-0.004800768122899681,-0.106684,-0.06670699999999985,-0.9246350000000001,0.08515000000000006,0.09797000000000011,-0.9211020000000001,0.19183400000000006,0.16467699999999996,0.0035330000000000084,0.9885369268828192,0.9530062300070334,0.9530062300070334,0.011463073117180755,0.04699376999296656,-0.9211020000000001
12,0.05,jog,1.953295,-1.405894,0.924588,0.066875,-0.006506,-0.921166,-0.03479721622271697,0.08783297336215218,0.02063834893206609,0.18503676193570923,0.12622879003026044,0.514513830584442,-0.0016798656107728006,0.003359731221492315,0.00167986561075114,-0.003599712023115022,0.00023998080151613449,0.003359731221502306,-0.10654600000000003,-0.06705899999999998,-0.9247139999999999,0.0852799999999998,0.09760499999999994,-0.9211739999999999,0.19182599999999983,0.16466399999999992,0.0035399999999999876,0.9931419773620169,0.9563836018780881,0.9563836018780881,0.006858022637983074,0.04361639812191187,-0.9211739999999999
13,0.054167,jog,1.953178,-1.405528,0.924541,0.067054,-0.00678,-0.921358,-0.0280777537796791,0.08783297336209904,-0.011279097672190852,-0.1694597611532647,-0.021011470635567547,0.24726664243332136,0.0023998080153744944,-0.005759539236866815,0.00047996160307175323,0.003119750419976186,-0.00599952003838295,-0.005759539236861091,-0.10641900000000004,-0.06744899999999987,-0.924665,0.08540999999999976,0.09721400000000013,-0.9211509999999999,0.1918289999999998,0.164663,0.003514000000000017,0.9895701105428134,0.9500557799189591,0.9500557799189591,0.010429889457186592,0.049944220081040935,-0.9211509999999999
14,0.058333,jog,1.953051,-1.405164,0.924489,0.067348,-0.007085,-0.921507,-0.03048487758041002,0.08737397983678126,-0.01248199711952495,-0.20181596682690578,-0.06784057346879005,0.20208672044888765,-0.0019203072491617847,0.0016802688430365487,-0.001680268843014883,-0.0007201152184290069,-0.00024003840612523588,0.0038406144983198216,-0.10630000000000006,-0.06780599999999981,-0.92462,0.08553399999999978,0.09684900000000018,-0.921083,0.19183399999999984,0.164655,0.0035370000000000124,0.9949080164580683,0.9581051534524361,0.9581051534524361,0.005091983541931744,0.041894846547563924,-0.921083
15,0.0625,jog,1.952962,-1.404761,0.924453,0.067432,-0.007392,-0.921781,-0.02135829133669446,0.09671226301899533,-0.008639308855300223,-0.17234589834293604,0.030375138068193815,0.3427356064450971,-0.003839692824577877,-0.0009599232061711124,0.006719462443004569,0.0028797696185133372,-0.003599712023061742,-0.0016798656107511558,-0.10622700000000007,-0.06821300000000008,-0.9245559999999999,0.08563500000000013,0.09643099999999993,-0.9210539999999999,0.1918620000000002,0.164644,0.003502000000000005,0.9870025783463059,0.9568026348689962,0.9568026348689962,0.012997421653694108,0.043197365131003806,-0.9210539999999999
16,0.066667,jog,1.953243,-1.405309,0.923317,0.070036,-0.003119,-0.922581,0.06743460523157559,-0.13150947924165884,-0.27261819054473574,1.3401850033994993,-1.9007251879118485,1.3333561457005403,0.0031197504199761807,-0.0011999040076872453,0.004319654427645782,0.004799616030642408,-0.0011999040076872453,0.00023998080153580468,-0.106495,-0.06767000000000012,-0.9234020000000001,0.08537399999999984,0.0969739999999999,-0.9199170000000001,0.19186899999999985,0.164644,0.0034849999999999604,0.9908968829079623,0.9568947534436225,0.9568947534436225,0.009103117092037705,0.043105246556377486,-0.9199170000000001
17,0.070833,jog,1.953225,-1.404946,0.923232,0.070335,-0.003,-0.922891,-0.004320691310627354,0.087133941430603,-0.020403264522324042,-0.028521388262345355,-0.14246784289187153,0.4196666398254956,0.003840614498323582,-0.0016802688429832552,-0.004320691310609706,0.004560729716752592,-0.0024003840614655637,-0.0038406144983197305,-0.10646099999999992,-0.06803999999999988,-0.923335,0.0854109999999999,0.09660099999999994,-0.919848,0.19187199999999982,0.16464099999999982,0.003487000000000018,0.98996644566813,0.9544175437357937,0.9544175437357937,0.010033554331870032,0.04558245626420632,-0.919848
18,0.075,jog,1.953462,-1.404483,0.923887,0.069626,-0.006197,-0.923266,0.05687544996401308,0.11111111111113553,0.15718742500599006,-1.3145733174706105,0.90879458480591,0.3241852583384935,-0.0023998080153744905,-0.002159827213858356,0.0021598272138228926,0.005039596832318402,-0.0021598272138050696,-0.0011999040076793356,-0.10670800000000003,-0.06851200000000013,-0.923981,0.08519500000000013,0.09612899999999991,-0.920508,0.19190300000000016,0.16464100000000004,0.0034730000000000594,0.9935259523012714,0.9559155359062206,0.9559155359062206,0.006474047698728613,0.04408446409377942,-0.920508
19,0.079167,jog,1.953035,-1.404273,0.923307,0.070999,-0.003107,-0.923355,-0.10247180225580868,0.0503959683224913,-0.13918886489081458,1.1061451198617602,-1.1643903273531186,0.3153577085724959,-0.0043196544276634255,0.0031197504199761807,0.002879769618430521,0.004079673626040718,-0.0009599232061178244,-0.00023998080153590876,-0.10629900000000014,-0.06870899999999991,-0.923389,0.0856389999999998,0.0959150000000002,-0.919929,0.19193799999999994,0.1646240000000001,0.0034600000000000186,0.9899052640075509,0.9584034174529112,0.9584034174529112,0.010094735992449144,0.041596582547088756,-0.919929
20,0.083333,jog,1.95302,-1.403904,0.923325,0.071301,-0.003204,-0.923633,-0.0036005760921983335,0.08857417186751403,0.004320691310600691,-0.1225447906137533,-0.10571952122485373,0.3759725530965116,0.0038406144983235695,-0.0033605376860197985,-0.0007201152184349503,0.0,-0.000960153624607542,-0.001680268843014896,-0.10626800000000003,-0.06909199999999993,-0.92341,0.0856539999999999,0.09554200000000002,-0.9199539999999999,0.19192199999999993,0.16463399999999995,0.0034560000000000146,0.9914102614203998,0.9622145808335911,0.9622145808335911,0.008589738579600215,0.03778541916640887,-0.9199539999999999
21,0.0875,jog,1.95313,-1.403645,0.923251,0.07221,-0.003972,-0.923559,0.026397888168959625,0.06215502759779454,-0.017758579313632745,-0.5047996802242406,-0.26669419364576,-0.03914588410523432,0.0021598272138583633,-0.000479961603085557,0.0016798656107511456,0.004079673626147305,-0.0007199424046016923,0.0011999040076794436,-0.10636899999999994,-0.069353,-0.9233290000000001,0.085561,0.09528000000000003,-0.919875,0.19192999999999993,0.16463300000000003,0.003454000000000068,0.9953700356359831,0.958271694762117,0.958271694762117,0.004629964364016859,0.04172830523788296,-0.919875
22,0.091667,jog,1.953095,-1.40328,0.923283,0.072885,-0.004112,-0.923773,-0.00839932805375743,0.08759299256058276,0.007679385649129097,-0.20645585638009362,-0.2652342651002214,0.3267870985639409,-0.04607631389493445,0.0011999040076872453,0.009119270458363322,0.006239500839952361,-0.0014398848092033799,-0.0028797696184305927,-0.10652600000000012,-0.06971299999999991,-0.923323,0.08562200000000009,0.09490900000000013,-0.9199189999999999,0.1921480000000002,0.16462200000000005,0.0034040000000000736,0.9216910043931206,0.9542579450937053,0.9216910043931206,0.07830899560687943,0.04574205490629468,-0.9199189999999999
23,0.095833,jog,1.952925,-1.402859,0.923364,0.073053,-0.00403,-0.9242,-0.040806529044647946,0.10105616898703898,0.01944311089774308,-0.030969974779445776,-0.07222663259911857,0.5601090162880058,0.0,-0.0024003840614655555,0.002160345655304848,0.0038406144983235695,-0.000960153624607542,-0.0007201152184349405,-0.10635600000000012,-0.07014399999999998,-0.923395,0.0858080000000001,0.09448400000000001,-0.920003,0.19216400000000022,0.164628,0.0033919999999999506,0.9946176892114249,0.9593737051471103,0.9593737051471103,0.005382310788575095,0.04062629485288971,-0.920003
24,0.1,jog,1.952823,-1.402542,0.923485,0.073103,-0.004206,-0.924442,-0.024478041756670604,0.07607391408690244,0.029037676985850164,-0.10791546697524665,0.019145677542326576,0.3071599386872594,-0.007199424046070185,-0.00455963522917956,0.002639788816894646,0.0014398848092033799,-0.004799616030695695,-0.004079673626109824,-0.10628400000000005,-0.0704800000000001,-0.923505,0.0859160000000001,0.09414699999999998,-0.920141,0.19220000000000015,0.16462700000000008,0.0033640000000000336,0.985131085276835,0.9555905319432071,0.9555905319432071,0.014868914723164983,0.04440946805679291,-0.920141
25,0.104167,jog,1.952794,-1.402161,0.923491,0.073472,-0.004212,-0.924765,-0.006959443244554074,0.09143268538516093,0.0014398848092033846,-0.09884831856279641,-0.1495550093850766,0.4450094391818271,-0.0016798656107195199,0.000959923206171114,0.004799616030717554,0.006719462442984652,-0.000479961603085557,0.0011999040076793395,-0.10626199999999986,-0.07085699999999995,-0.923491,0.08597300000000008,0.09376399999999996,-0.9201419999999999,0.19223499999999993,0.1646209999999999,0.0033490000000000464,0.9913751465271472,0.955105650404492,0.955105650404492,0.0086248534728528,0.044894349595507976,-0.9201419999999999
26,0.108333,jog,1.952893,-1.401901,0.923352,0.074486,-0.004691,-0.92478,0.023763802208370422,0.062409985597678054,-0.033365338454152696,-0.4030515902498732,-0.3632914327854924,0.09705733886108957,-0.0002400384061785351,-0.0007201152184290069,0.0014402304368698981,0.0031204992798945625,-0.0019203072491617847,-0.0024003840614498367,-0.10636200000000007,-0.07111999999999985,-0.923346,0.08588700000000005,0.09349600000000002,-0.920013,0.19224900000000011,0.16461599999999987,0.0033330000000000304,0.997286633868165,0.959369516886331,0.959369516886331,0.0027133661318350377,0.040630483113669014,-0.920013
27,0.1125,jog,1.952826,-1.401486,0.923386,0.075113,-0.005317,-0.924987,-0.01607871370291317,0.09959203263740192,0.008159347252241296,-0.4128384936519097,-0.15733724883848904,0.303722036995702,0.004799616030748981,-0.002639788816890625,-0.0009599232061435078,-0.00047996160303226897,0.0,0.0028797696184304886,-0.1062749999999999,-0.07154599999999989,-0.9233840000000001,0.08595200000000025,0.09308099999999997,-0.920035,0.19222700000000015,0.16462699999999986,0.0033490000000000464,0.9907314373039684,0.961644179241433,0.961644179241433,0.009268562696031601,0.03835582075856703,-0.920035
28,0.116667,jog,1.952641,-1.401003,0.923467,0.075173,-0.005315,-0.925426,-0.04439644828410836,0.11591072714183123,0.019438444924405485,-0.0484825001693954,-0.008353682535178398,0.568390454374533,-0.0031197504199761807,0.0009599232061178244,0.0011999040076793844,-0.0009599232061711108,-0.0004799616030855554,0.0004799616030718175,-0.10610300000000006,-0.072025,-0.9234600000000001,0.08613300000000002,0.0925959999999999,-0.920114,0.19223600000000007,0.1646209999999999,0.003346000000000071,0.9942039129884823,0.9645805649605297,0.9645805649605297,0.005796087011517681,0.035419435039470315,-0.920114
29,0.120833,jog,1.952512,-1.400577,0.923517,0.075374,-0.005473,-0.925767,-0.030964954392713892,0.1022563610177721,0.012001920307247869,-0.1374233084029338,-0.046543597536268,0.4527870221976432,-0.00024003840612523667,0.0040806529044488185,0.002400384061449838,0.010321651464184666,-0.002160345655287028,-0.0026404224675948603,-0.10597499999999993,-0.07243400000000011,-0.9235,0.08630499999999985,0.09216099999999994,-0.9201750000000001,0.19227999999999978,0.16459500000000005,0.0033249999999999114,0.9920993688357855,0.9486319141075827,0.9486319141075827,0.007900631164214467,0.05136808589241726,-0.9201750000000001
30,0.125,jog,1.952438,-1.400149,0.923517,0.075613,-0.005709,-0.926147,-0.017758579313685973,0.10271178305732481,0.0,-0.18264580403235814,-0.04785074872556972,0.5053231553830853,-0.003599712023061736,0.0023998080153744905,0.0069594432445404305,0.0016798656107728006,-0.0014398848092033799,0.0011999040076794397,-0.1059159999999999,-0.07285199999999992,-0.923471,0.08638600000000007,0.09172700000000011,-0.92017,0.19230199999999997,0.16457900000000003,0.0033009999999999984,0.9863423957451444,0.9627951001992907,0.9627951001992907,0.013657604254855626,0.03720489980070929,-0.92017
31,0.129167,jog,1.952399,-1.399721,0.923463,0.075881,-0.005835,-0.926477,-0.009359251259875256,0.1027117830573781,-0.01295896328293699,-0.13474623643858616,-0.08238558884174953,0.4480753692255745,0.0021598272138050696,0.0021598272138050696,-0.0007199424046076303,0.007919366450725161,0.0,-0.001919846412287062,-0.10586800000000007,-0.07327100000000009,-0.92342,0.08645800000000015,0.09129900000000002,-0.920124,0.19232600000000022,0.1645700000000001,0.0032959999999999656,0.994769739688617,0.9534587450232517,0.9534587450232517,0.0052302603113829615,0.046541254976748325,-0.920124
32,0.133333,jog,1.952302,-1.399294,0.923441,0.076121,-0.006125,-0.926731,-0.023283725396066653,0.10249639942389699,-0.005280844935208233,-0.19602305402508657,-0.04423613087857327,0.3437293849206115,0.0036005760921983335,-0.0033605376860197985,0.001200192030724915,0.0009601536245009435,-0.000960153624607542,0.0,-0.10575599999999996,-0.073712,-0.9233929999999999,0.08655899999999983,0.09086799999999995,-0.920102,0.1923149999999998,0.16457999999999995,0.003290999999999933,0.9915511633533425,0.9648268962036561,0.9648268962036561,0.00844883664665752,0.03517310379634386,-0.920102
33,0.1375,jog,1.952091,-1.398824,0.923438,0.07672,-0.006551,-0.926907,-0.05063594912406072,0.11279097672185505,-0.0007199424046016899,-0.3157382934770774,-0.18309308623215786,0.27303043944349603,0.0016798656107728006,0.0007199424046016899,0.00023998080153587623,0.0038396928245778704,-0.0009599232061178244,0.00023998080153590876,-0.10553799999999991,-0.074179,-0.923389,0.08678599999999981,0.09039400000000009,-0.920098,0.19232399999999972,0.16457300000000008,0.003291000000000044,0.9969277874778253,0.9604814440277386,0.9604814440277386,0.003072212522174711,0.03951855597226139,-0.920098
34,0.141667,jog,1.952037,-1.39835,0.923393,0.076991,-0.006812,-0.927208,-0.012958963282937077,0.11375089992802692,-0.01079913606910535,-0.1932478277844699,-0.060878425117834103,0.41044178237869844,-0.005519558435350708,0.0045596352291795905,0.00959923206143514,0.005999520038489553,-0.005519558435350708,-0.0011999040076794477,-0.10550700000000002,-0.07463400000000009,-0.923304,0.08686500000000019,0.0898969999999999,-0.920058,0.1923720000000002,0.16453099999999998,0.003245999999999971,0.9800416367492423,0.9538064709114746,0.9538064709114746,0.019958363250757727,0.046193529088525365,-0.920058
35,0.145833,jog,1.951925,-1.397951,0.923339,0.077211,-0.007038,-0.927396,-0.026884301488264987,0.0957753240518574,-0.012962073931828721,-0.15813359716036135,-0.049497224680123006,0.25958195120383853,-0.00024003840612523588,-0.0012001920307327777,-0.001200192030724915,0.008641382621148082,0.0026404224675907915,0.002160345655304926,-0.10539599999999982,-0.07503800000000016,-0.923255,0.08701300000000001,0.08950899999999984,-0.919995,0.19240899999999983,0.164547,0.0032600000000000406,0.997142971504019,0.9519159205631116,0.9519159205631116,0.0028570284959810177,0.048084079436888416,-0.919995
36,0.15,jog,1.951846,-1.397503,0.923286,0.07762,-0.007279,-0.927694,-0.01895848332131993,0.10751139908807379,-0.012718982481394213,-0.20949358163080953,-0.12581649690028046,0.421804903863021,0.0014398848092033799,-0.00047996160303226897,0.004559635229181661,0.0019198464123422216,-0.0019198464122356488,-0.003599712023038215,-0.10531099999999993,-0.075488,-0.9231830000000001,0.08710000000000018,0.08905300000000005,-0.919957,0.1924110000000001,0.16454100000000005,0.003226000000000062,0.9919906469904529,0.9602252834860959,0.9602252834860959,0.008009353009547082,0.039774716513904074,-0.919957
37,0.154167,jog,1.951741,-1.397037,0.923236,0.077937,-0.007552,-0.927987,-0.02519798416127229,0.11183105351568394,-0.011999040076819166,-0.20659409503320536,-0.07952924561551333,0.406947917976884,-0.005519558435350671,-0.003599712023061736,0.004559635229181661,0.010799136069131922,0.00047996160303226897,-0.0014398848092152443,-0.10522900000000002,-0.07596899999999995,-0.923114,0.08725000000000027,0.08858900000000003,-0.919913,0.1924790000000003,0.16455799999999998,0.0032010000000000094,0.986644422160529,0.9498145456083227,0.9498145456083227,0.013355577839470945,0.05018545439167732,-0.919913
38,0.158333,jog,1.951655,-1.396477,0.923243,0.078377,-0.007973,-0.928304,-0.02064330292847586,0.13442150744121834,0.0016802688430365487,-0.29748238733067006,-0.10722679020864666,0.4475833585343282,0.0036005760921983335,0.0064810369659143606,0.0009601536245799326,0.0028804608737160275,0.0012001920307327777,0.005520883341334613,-0.10512799999999989,-0.07650200000000007,-0.9231170000000001,0.0873480000000002,0.08803399999999995,-0.9198970000000001,0.1924760000000001,0.16453600000000002,0.0032200000000000006,0.987540077210417,0.9572304330184,0.9572304330184,0.012459922789582967,0.04276956698159995,-0.9198970000000001
39,0.1625,jog,1.951542,-1.396025,0.923206,0.07869,-0.008117,-0.928553,-0.02711783057350794,0.10847132229419162,-0.008879289656842987,-0.14442983254729674,-0.10226611556319548,0.3546580692351821,-0.0021598272138050696,0.0007199424046016899,0.005039596832253414,0.00911927045835912,-0.0016798656107195142,-0.004319654427645837,-0.105024,-0.07695099999999999,-0.923059,0.087499,0.08757500000000018,-0.919878,0.192523,0.16452600000000017,0.0031809999999999894,0.9907833624335759,0.9511408507431978,0.9511408507431978,0.009216637566424102,0.04885914925680224,-0.919878
40,0.166667,jog,1.951702,-1.395616,0.923073,0.079741,-0.008734,-0.928668,0.038396928245725416,0.09815214782819855,-0.031917446604256924,-0.47779598616814634,-0.3545588696545863,0.24057977866684557,-0.002879769618460046,0.0004799616030855554,0.008159347252219817,0.006239500839952361,0.002399808015321204,-0.0009599232061434269,-0.10519600000000007,-0.07735800000000004,-0.922892,0.08736500000000014,0.08717599999999992,-0.919749,0.1925610000000002,0.16453399999999996,0.003143000000000007,0.985556779389417,0.9573139026642028,0.9573139026642028,0.014443220610583007,0.0426860973357972,-0.919749
41,0.170833,jog,1.951497,-1.395064,0.923123,0.080004,-0.009045,-0.929084,-0.049207873259724096,0.13250120019200323,0.012001920307247829,-0.2261208068504151,-0.04249717266851342,0.5679848716503008,0.0012001920307327777,0.0038406144983235695,0.004560729716754678,0.008881421027326617,-0.0014402304368580138,0.0038406144983197175,-0.10498600000000002,-0.07789399999999991,-0.922923,0.08760699999999999,0.08661800000000008,-0.919783,0.19259300000000001,0.164512,0.0031400000000000317,0.9898632905590269,0.9522952441412709,0.9522952441412709,0.010136709440973113,0.04770475585872913,-0.919783
42,0.175,jog,1.951446,-1.394523,0.923172,0.080118,-0.009032,-0.929391,-0.012239020878335383,0.1298296136309402,0.011759059275249823,-0.043994387041202704,-0.03775263744407619,0.418507347514989,0.0064794816414685385,-0.0011999040076872533,0.008399328053755744,0.010319174465993149,0.0014398848092033894,-0.0016798656107511643,-0.104908,-0.07844000000000007,-0.922937,0.0877009999999998,0.08608299999999991,-0.919839,0.1926089999999998,0.16452299999999997,0.003098000000000045,0.9822070423009863,0.9514305004182132,0.9514305004182132,0.01779295769901368,0.0485694995817868,-0.919839
43,0.179167,jog,1.951252,-1.393972,0.923212,0.080871,-0.009616,-0.929546,-0.04655627549796671,0.13222942164626053,0.009599232061444677,-0.4124652156607849,-0.22644236631576306,0.2681091171846973,0.0009599232061178244,0.002879769618460046,0.008639308855291563,0.0026397888169439115,0.0014398848092033799,0.002639788816894684,-0.10471000000000008,-0.07897899999999991,-0.922941,0.08790600000000004,0.08553799999999989,-0.919868,0.19261600000000012,0.1645169999999998,0.0030729999999999924,0.9847381937218201,0.9626012007036835,0.9626012007036835,0.015261806278179857,0.03739879929631651,-0.919868
44,0.183333,jog,1.951388,-1.393503,0.923043,0.081822,-0.010601,-0.929671,0.03264522323569704,0.11257801248200969,-0.04056649063852271,-0.6250944074095813,-0.24688080022263056,0.23986102511925855,0.001440230436911313,0.00384061449827027,0.012241958713394145,0.012962073931828721,-0.0007201152184290069,-0.0024003840614498367,-0.10483999999999982,-0.07943200000000017,-0.9227209999999999,0.08782400000000012,0.08506599999999986,-0.919709,0.19266399999999995,0.16449800000000003,0.0030119999999999036,0.9784819109315895,0.947876479436711,0.947876479436711,0.021518089068410462,0.05212352056328895,-0.919709
45,0.1875,jog,1.951131,-1.392957,0.923112,0.081924,-0.01052,-0.930042,-0.061675065994708775,0.1310295176385733,0.016558675305998728,-0.018189540907365652,-0.03989479488666727,0.5066987521433803,0.004799616030695695,-0.0014398848092033799,0.006479481641468677,0.00599952003838294,0.0009599232061711108,0.0021598272138228665,-0.10456299999999996,-0.07998400000000006,-0.922763,0.08810600000000002,0.08452400000000004,-0.9197690000000001,0.19266899999999998,0.1645080000000001,0.002993999999999941,0.9863482536070354,0.9593128366990433,0.9593128366990433,0.013651746392964625,0.040687163300956675,-0.9197690000000001
46,0.191667,jog,1.950964,-1.39244,0.923183,0.082074,-0.010548,-0.930406,-0.04007679385649822,0.12407007439407253,0.017038636909030996,-0.07505098257790019,-0.042874976632061856,0.5005596014672745,0.004799616030695695,0.002879769618460046,0.009839212862970945,0.0105591552675625,0.00023998080151613449,0.0,-0.10437600000000002,-0.08048900000000003,-0.922793,0.08831699999999998,0.08400799999999986,-0.91984,0.192693,0.1644969999999999,0.0029529999999999834,0.9811335470521256,0.9528668633832246,0.9528668633832246,0.018866452947874368,0.04713313661677543,-0.91984
47,0.195833,jog,1.950732,-1.391859,0.923254,0.082423,-0.011378,-0.930591,-0.055688910225638454,0.13946231397022138,0.017042726836304176,-0.452750611497021,-0.0033464804414085774,0.2629695672966395,0.0064810369659143606,0.006721075372039597,0.011761881901104167,0.00984157465193416,0.0002400384061785351,0.003120499279884777,-0.10411700000000002,-0.08104200000000006,-0.922815,0.08858999999999995,0.08342800000000006,-0.919898,0.19270699999999996,0.16447000000000012,0.0029170000000000584,0.9749712076818569,0.9536179462599772,0.9536179462599772,0.025028792318143145,0.0463820537400228,-0.919898
48,0.2,jog,1.950549,-1.391173,0.923309,0.08234,-0.012215,-0.930824,-0.043916486681022805,0.16462682985360302,0.01319894408447977,-0.38281881959387537,0.19287204089966528,0.2823290317602783,0.0045596352292328465,0.0011999040076872453,0.011759059275257968,0.00983921286296081,-0.0014398848092566662,-0.000959923206143531,-0.10391499999999998,-0.08172299999999999,-0.922821,0.08881399999999973,0.08273599999999992,-0.919957,0.1927289999999997,0.1644589999999999,0.0028639999999999777,0.9788848712681618,0.9547096053943762,0.9547096053943762,0.021115128731838184,0.045290394605623785,-0.919957
49,0.204167,jog,1.950333,-1.390687,0.923271,0.082517,-0.012557,-0.93101,-0.05183585313174831,0.1166306695464337,-0.009119270458385825,-0.20331339813360863,-0.01014038667339989,0.26098779061341476,0.07319414446844287,0.020398368130523446,0.019678425725942035,0.005039596832318436,-0.0007199424046016947,0.004799616030717583,-0.10339399999999999,-0.08212400000000009,-0.922701,0.08905099999999999,0.08224699999999996,-0.9198989999999999,0.19244499999999998,0.16437100000000004,0.002802000000000082,0.8691829453236839,0.9603190290879053,0.8691829453236839,0.1308170546763161,0.03968097091209466,-0.9198989999999999
50,0.208333,jog,1.9503,-1.390108,0.923153,0.082854,-0.01269,-0.931472,-0.007921267402825673,0.1389822371579709,-0.02832453192509635,-0.16540721050593563,-0.10183441903482303,0.6539329724818023,0.012962073931828721,0.0067210753720928955,0.008641382621219391,0.01200192030722118,-0.000480076812303771,0.0,-0.10330699999999982,-0.08267500000000005,-0.922547,0.08913400000000005,0.0816659999999998,-0.919781,0.19244099999999986,0.16434099999999985,0.002766000000000046,0.9717225203279152,0.9523208033234625,0.9523208033234625,0.028277479672084826,0.04767919667653753,-0.919781
51,0.2125,jog,1.950165,-1.389652,0.923037,0.083131,-0.012942,-0.931755,-0.03239740820734248,0.10943124550030944,-0.027837772978162915,-0.19061441087727812,-0.06477050797377644,0.40635082627363706,0.0088792896567897,0.00023998080151613449,0.006479481641468677,0.010799136069131922,-0.002639788816890625,0.0,-0.10313499999999998,-0.08312999999999993,-0.922404,0.08931400000000012,0.08119900000000002,-0.919665,0.1924490000000001,0.16432899999999995,0.002739000000000047,0.9816755280554786,0.9540815065644074,0.9540815065644074,0.01832447194452136,0.04591849343559262,-0.919665
52,0.216667,jog,1.950022,-1.38913,0.922966,0.083625,-0.013302,-0.932095,-0.034317254619631414,0.12526997840175977,-0.017038636909057638,-0.2837248249894941,-0.13992686953324254,0.5069662372070852,0.0009599232061711108,0.0038396928245778704,0.012958963282937355,0.01487880969517264,-0.0016798656107195142,0.0,-0.10298799999999986,-0.08363600000000004,-0.922279,0.0895189999999999,0.08067000000000002,-0.9195939999999999,0.19250699999999976,0.16430600000000006,0.0026850000000000485,0.9774168559099332,0.9481944324618043,0.9481944324618043,0.022583144090066787,0.05180556753819565,-0.9195939999999999
53,0.220833,jog,1.949906,-1.38862,0.922916,0.084013,-0.01386,-0.932352,-0.027844455112819227,0.12241958713394385,-0.012001920307247829,-0.3456078192567676,-0.06387814319790343,0.3797196838182346,-0.0016802688430365487,0.0019203072491617847,0.018002880460873723,0.0031204992798945625,0.0026404224675907915,0.0038406144983197175,-0.10287899999999994,-0.08413800000000005,-0.9221539999999999,0.08964799999999995,0.08017099999999999,-0.919528,0.1925269999999999,0.16430900000000004,0.002625999999999906,0.9696953162675501,0.964391847139098,0.964391847139098,0.030304683732449877,0.03560815286090202,-0.919528
54,0.225,jog,1.950041,-1.38816,0.922763,0.084619,-0.014826,-0.932537,0.03239740820734248,0.11039116870648055,-0.03671706263497926,-0.5604676553922222,-0.0963155713028632,0.2983374587376907,0.011279097672217476,0.005519558435350671,0.011759059275257968,0.009599232061497962,-0.003599712023061736,-0.00047996160307171344,-0.10296699999999981,-0.08457499999999984,-0.921952,0.08955300000000022,0.07969599999999999,-0.919377,0.19252000000000002,0.16427099999999983,0.002574999999999994,0.9713275662458161,0.9571446446040455,0.9571446446040455,0.028672433754183935,0.04285535539595453,-0.919377
55,0.229167,jog,1.949711,-1.387636,0.92277,0.084814,-0.015004,-0.932895,-0.07919366450682533,0.12574994000479203,0.0016798656107461574,-0.15092499275095583,-0.035596849237771136,0.5060291891881986,0.0088792896567897,0.004079673626094005,0.015118790496760248,0.00839932805375743,0.0007199424046016899,0.0014398848092152443,-0.10260000000000002,-0.08508199999999988,-0.9218959999999999,0.08991800000000016,0.079175,-0.919378,0.1925180000000002,0.16425699999999988,0.002517999999999909,0.9699970673753036,0.9605663165497097,0.9605663165497097,0.030002932624696443,0.0394336834502903,-0.919378
56,0.233333,jog,1.949615,-1.387068,0.92285,0.084712,-0.015022,-0.933392,-0.023043686989888117,0.13634181469038012,0.019203072491591196,-0.040493695461273425,0.07834025383523778,0.6664289343269405,-0.005520883341306819,-0.00600096015361059,0.022563610177628406,0.007921267402719076,-0.0012001920306794786,0.0019203072491598067,-0.10252700000000003,-0.08567499999999995,-0.921882,0.09004699999999977,0.07860200000000006,-0.91945,0.1925739999999998,0.164277,0.0024319999999999897,0.9600136071796668,0.9619490011989231,0.9600136071796668,0.03998639282033323,0.038050998801076874,-0.91945
57,0.2375,jog,1.949406,-1.386577,0.922884,0.084965,-0.01552,-0.933667,-0.05015598752102878,0.11783057355412095,0.00815934725224135,-0.29680360824445534,-0.01296861843850528,0.39536222054220477,0.02015838732900731,0.0023998080153212202,0.01751859851211914,0.01055915526756257,-0.005519558435350708,-0.003119750419966418,-0.10223399999999994,-0.08615600000000012,-0.9218430000000001,0.09029999999999982,0.07808799999999994,-0.919497,0.19253399999999976,0.16424400000000006,0.0023460000000000703,0.9553090565958983,0.9560126383163684,0.9553090565958983,0.044690943404101735,0.0439873616836316,-0.919497
58,0.241667,jog,1.949331,-1.386014,0.922864,0.085258,-0.015861,-0.934047,-0.017998560115202105,0.1351091912646673,-0.004799616030722338,-0.244124147048919,-0.05064981750388483,0.5490868517219942,0.013198944084453126,0.002639788816890625,0.02111831053515716,0.00839932805375743,-0.004079673626094005,-0.00047996160307171344,-0.10210399999999997,-0.08670800000000001,-0.921735,0.09040999999999988,0.07750800000000013,-0.919479,0.19251399999999985,0.16421600000000014,0.0022559999999999247,0.9582612739838772,0.9618566388778762,0.9582612739838772,0.04173872601612283,0.0381433611221238,-0.919479
59,0.245833,jog,1.94916,-1.385558,0.922851,0.085637,-0.016198,-0.934259,-0.04104656745077319,0.10945751320211512,-0.0031204992798945625,-0.24037231740480847,-0.10004143524432718,0.3292756420888498,0.01728276524245606,0.005760921747485354,0.020163226116178594,0.007681228996647139,-0.0012001920307327777,-0.0048007681228996735,-0.10186099999999998,-0.08714,-0.921638,0.09061299999999983,0.07704700000000009,-0.919486,0.1924739999999998,0.16418700000000008,0.0021519999999999317,0.9547096441091654,0.9632512703547049,0.9547096441091654,0.04529035589083463,0.036748729645295075,-0.919486
60,0.25,jog,1.949135,-1.384992,0.922856,0.085976,-0.016409,-0.934701,-0.00599952003838294,0.13582913366932228,0.0011999040076872453,-0.20054331337495365,-0.08878074544107625,0.6466617994360957,0.006959443244554051,0.002159827213858356,0.01919846412287015,0.0011999040077405316,-0.0016798656107728006,0.0038396928245740198,-0.10180699999999998,-0.08769699999999991,-0.921563,0.09064300000000003,0.07647399999999993,-0.919475,0.19245,0.16417099999999984,0.0020879999999999788,0.9657752636344451,0.9718542204124911,0.9657752636344451,0.0342247363655549,0.028145779587508857,-0.919475
61,0.254167,jog,1.949044,-1.384453,0.922901,0.086366,-0.01691,-0.935078,-0.021838252939780124,0.12934965202785464,0.01079913606910535,-0.3336043285033319,-0.06753559526453787,0.5592995691333686,0.01199904007676596,0.010319174466046434,0.0184785217182626,0.007679385649155792,-0.004799616030695727,-0.0026397888168945977,-0.10166600000000003,-0.08819299999999997,-0.921531,0.09076600000000012,0.07591499999999995,-0.919531,0.19243200000000016,0.16410799999999992,0.0020000000000000018,0.9594510553186768,0.9642786625013811,0.9594510553186768,0.040548944681323196,0.035721337498618944,-0.919531
62,0.258333,jog,1.948864,-1.384004,0.922881,0.086623,-0.017232,-0.93535,-0.043206913106113506,0.10777724435907858,-0.004800768122904461,-0.21878419728084988,-0.04434343666110727,0.4025729319869034,0.014402304368686735,0.007441190590468603,0.021603456553048475,0.004560729716752576,-0.0036005760921983335,0.0007201152184349405,-0.10142600000000002,-0.088611,-0.9214209999999999,0.09096500000000018,0.07545099999999993,-0.919508,0.1923910000000002,0.16406199999999993,0.0019129999999999425,0.954984353844363,0.9711113898882403,0.954984353844363,0.045015646155637024,0.028888610111759694,-0.919508
63,0.2625,jog,1.949134,-1.383291,0.923478,0.086283,-0.021263,-0.935997,0.06479481641468453,0.17110631149507036,0.14326853851693427,-1.8279394664330457,0.8580430585227458,0.7947703731447454,0.01679865610751475,0.006479481641468453,0.02063834893208531,0.00887928965678964,-0.0007199424046016851,-0.001679865610751142,-0.101626,-0.08929699999999996,-0.921932,0.09073200000000003,0.074735,-0.920112,0.19235800000000003,0.16403199999999996,0.0018199999999999328,0.9543528029337088,0.9666909473102584,0.9543528029337088,0.04564719706629117,0.0333090526897416,-0.920112
64,0.266667,jog,1.94903,-1.382804,0.923513,0.086518,-0.021977,-0.936326,-0.024958003359703038,0.11687065034800312,0.008399328053757487,-0.3977286568846851,0.0351040994100747,0.48124778228292353,0.014638828893709889,0.014398848092140466,0.02471802255819549,0.0033597312215456238,-0.0045596352291795905,0.0016798656107511643,-0.10146100000000002,-0.08972400000000014,-0.921864,0.0908500000000001,0.07422899999999988,-0.9201400000000001,0.19231100000000012,0.16395300000000002,0.0017239999999999478,0.9464431045795607,0.9729139607830259,0.9464431045795607,0.05355689542043929,0.027086039216974056,-0.9201400000000001
65,0.270833,jog,1.949011,-1.382258,0.923563,0.087204,-0.023025,-0.936698,-0.004560729716752576,0.13106096975514522,0.012001920307247829,-0.6317912534917006,-0.10864459278733539,0.5956819243893098,0.010561689870363166,0.012962073931828721,0.027364378300528052,0.0028804608737160275,-0.000480076812303771,0.005040806529044583,-0.1013980000000001,-0.09021600000000007,-0.9218000000000001,0.09088099999999999,0.07368099999999989,-0.920169,0.1922790000000001,0.16389699999999996,0.001631000000000049,0.9465528856067791,0.9739807176352302,0.9465528856067791,0.05344711439322092,0.026019282364769802,-0.920169
66,0.275,jog,1.948934,-1.381756,0.923622,0.088019,-0.023908,-0.937005,-0.01847852171828754,0.12047036237100998,0.014158867290624141,-0.5730556892675613,-0.19773027906551585,0.5281265929016162,0.00911927045835906,0.008399328053757375,0.023278137748979924,-0.0851931845452077,-0.0038396928245245585,0.006959443244540371,-0.10128300000000001,-0.09068300000000007,-0.9217620000000001,0.09060300000000021,0.07316300000000009,-0.9201990000000001,0.19188600000000022,0.16384600000000016,0.001562999999999981,0.9560435347155904,0.8417647193570221,0.8417647193570221,0.04395646528440955,0.15823528064297787,-0.9201990000000001
67,0.279167,jog,1.948857,-1.381243,0.92367,0.088774,-0.024512,-0.937374,-0.018478521718234497,0.12311015118790224,0.011519078473707044,-0.4431589916403245,-0.21165199321215034,0.6131201129207219,0.00023998080156942253,0.008399328053757487,0.03287736981041535,0.002639788816837356,-0.011999040076819246,-0.016078713702903806,-0.10120499999999999,-0.09116100000000005,-0.921673,0.09069099999999986,0.0726,-0.920314,0.19189599999999984,0.16376100000000005,0.001358999999999999,0.943443053570598,0.9526843716761207,0.943443053570598,0.05655694642940201,0.047315628323879255,-0.920314
68,0.283333,jog,1.948781,-1.380711,0.923679,0.089372,-0.025268,-0.937698,-0.018242918867010304,0.12770043206912543,0.0021603456553136702,-0.4806118553410663,-0.12018521611062173,0.5315326136432147,0.006721075372039597,0.005760921747485354,0.03216514642342773,0.0007201152184290069,-0.000480076812303771,-0.006240998559769554,-0.10110100000000011,-0.091669,-0.921548,0.0907699999999998,0.07206599999999996,-0.920349,0.1918709999999999,0.16373499999999996,0.0011990000000000611,0.9443982984378617,0.9775087960086355,0.9443982984378617,0.055601701562138284,0.022491203991364506,-0.920349
69,0.2875,jog,1.94874,-1.380176,0.923684,0.089798,-0.025785,-0.938091,-0.009839212863014162,0.1283897288216835,0.0011999040076606101,-0.3502467945000676,-0.07655543303886098,0.6114168944142838,-0.01703863690903111,0.014878809695226026,0.04559635229181693,-0.0023998080153745066,-0.07631389488841907,-0.08807295416366744,-0.10113099999999986,-0.09214199999999995,-0.9213629999999999,0.09080099999999991,0.07121299999999997,-0.9207209999999999,0.19193199999999977,0.16335499999999992,0.0006420000000000314,0.9151681161226638,0.7993120372478977,0.7993120372478977,0.0848318838773362,0.20068796275210232,-0.9207209999999999
70,0.291667,jog,1.948589,-1.3797,0.923658,0.090202,-0.025759,-0.93842,-0.036237101031920106,0.11423086153111095,-0.006239500839925676,-0.09346425862893956,-0.15908600358856903,0.5243466229232763,-0.00767938564915569,0.014398848092140275,0.027837772978161483,0.008399328053757375,-0.0007199424046016851,0.003839692824573994,-0.10101199999999988,-0.09255800000000014,-0.921221,0.09098699999999993,0.07073399999999985,-0.920679,0.1919989999999998,0.163292,0.0005419999999999314,0.9462195462315989,0.979141027865274,0.9462195462315989,0.053780453768401126,0.020858972134725984,-0.920679
71,0.295833,jog,1.948479,-1.37912,0.92359,0.090631,-0.025614,-0.938869,-0.026404224675907913,0.13922227556409614,-0.01632261161784852,-0.05723576616113233,-0.17994553665738194,0.7036174321291929,-0.0074411905905219025,0.02880460873742677,0.03744599135861733,0.017042726836330825,0.004800768122931111,0.00840134421507448,-0.10093300000000016,-0.09301800000000005,-0.9209970000000001,0.09116799999999992,0.07017399999999996,-0.9205760000000001,0.19210100000000008,0.163192,0.0004210000000000047,0.9202908225214528,0.9631265436437961,0.9202908225214528,0.07970917747854722,0.03687345635620387,-0.9205760000000001
72,0.3,jog,1.948358,-1.378554,0.923489,0.090935,-0.025579,-0.939298,-0.029037676985850355,0.13582913366926988,-0.024238060955127986,-0.08381987180222265,-0.10790848042464662,0.6592506833011127,-0.01055915526756257,0.03359731221502995,0.041756659467242885,-0.005519558435350708,-0.014638828893709889,-0.013678905687545121,-0.10085600000000006,-0.09344399999999986,-0.920722,0.09126599999999985,0.06954700000000003,-0.920532,0.1921219999999999,0.16299099999999989,0.00019000000000002348,0.9089582855392653,0.9634640642015118,0.9089582855392653,0.09104171446073472,0.03653593579848824,-0.920532
73,0.304167,jog,1.948178,-1.378093,0.923318,0.091267,-0.025155,-0.939585,-0.04319654427647411,0.11063114950804924,-0.04103671706264241,0.10379415826511874,-0.19349334386039443,0.4638432029923203,-0.020638348932092595,0.05063594912406038,0.05543556515478716,0.006959443244554005,0.0004799616030855522,-0.001679865610751142,-0.10076200000000002,-0.09369399999999994,-0.92032,0.09147499999999997,0.06908800000000004,-0.920368,0.192237,0.16278199999999998,4.799999999993698e-05,0.8697440962020395,0.9880410236079071,0.8697440962020395,0.13025590379796048,0.011958976392092868,-0.92032
74,0.308333,jog,1.948025,-1.3775,0.923194,0.0918,-0.025239,-0.940005,-0.03672587614019914,0.14234277484399072,-0.02976476236198101,-0.17640709390004217,-0.1923781028161639,0.680741049992151,-0.011041766682666937,0.050168026884278336,0.04176668266922707,0.002640422467644091,-0.004560729716752576,0.002160345655304822,-0.10065499999999994,-0.0940780000000001,-0.920022,0.09163900000000025,0.06847599999999998,-0.9202349999999999,0.1922940000000002,0.1625540000000001,0.0002129999999999077,0.8875270080495463,0.990507432775045,0.8875270080495463,0.11247299195045368,0.00949256722495495,-0.920022
75,0.3125,jog,1.947853,-1.376859,0.923123,0.091488,-0.02613,-0.940378,-0.041276697864132454,0.1538276937844721,-0.01703863690903111,-0.39498420029305964,0.3101030002143554,0.4924958778421392,-0.013198944084453214,0.04199664026878743,0.04559635229181693,0.011039116870594843,-0.0011999040076872533,-0.007679385649148091,-0.10053800000000002,-0.09454399999999996,-0.919761,0.09185699999999986,0.06783000000000006,-0.920196,0.19239499999999987,0.16237400000000002,0.0004349999999999632,0.8900175494260886,0.9774984670362552,0.8900175494260886,0.10998245057391143,0.022501532963744797,-0.919761
76,0.316667,jog,1.947467,-1.376382,0.922743,0.091782,-0.024716,-0.940512,-0.09263258939284849,0.11447084233262861,-0.0911927045836451,0.5780842122905016,-0.3439409902240158,0.2483609041177931,-0.02327813774898351,0.04655627549796702,0.04727621790256809,0.0035997120230084733,-0.0026397888168906425,0.004079673626109955,-0.10024900000000003,-0.094827,-0.919184,0.09225799999999973,0.06734200000000001,-0.919799,0.19250699999999976,0.162169,0.0006150000000000322,0.8766559626033916,0.9899211237754469,0.8766559626033916,0.12334403739660837,0.010078876224553057,-0.919184
77,0.320833,jog,1.94729,-1.375864,0.922553,0.091771,-0.024769,-0.940875,-0.042486797887684495,0.12433989438310564,-0.045607297167552414,-0.06407809436535648,0.04169616622032494,0.5275701182907148,-0.04272683629380974,0.049207873259724096,0.059289486317810766,0.007681228996647139,0.0033605376860197985,-0.00048007681228992566,-0.10024999999999995,-0.09514,-0.918747,0.09246699999999985,0.06683799999999995,-0.919611,0.1927169999999998,0.16197799999999996,0.0008639999999999759,0.8445207027483129,0.9860034760085277,0.8445207027483129,0.15547929725168708,0.013996523991472332,-0.918747
78,0.325,jog,1.947071,-1.3753,0.922406,0.091808,-0.024812,-0.941365,-0.0525557955363493,0.1353491720662358,-0.03527717782577564,-0.08257381453995127,0.028644183934502285,0.7230366108987127,-0.04223662107030301,0.045356371490279164,0.06383489320854287,0.003839692824577845,0.0016798656107727896,0.008399328053755605,-0.10020699999999994,-0.09551500000000002,-0.918334,0.09270199999999984,0.06628100000000003,-0.9194289999999999,0.19290899999999978,0.16179600000000005,0.0010949999999999571,0.8407632452799396,0.9843551658142395,0.8407632452799396,0.15923675472006038,0.01564483418576046,-0.918334
79,0.329167,jog,1.946723,-1.374761,0.922178,0.091972,-0.024228,-0.941762,-0.08351331893448931,0.12934965202785464,-0.05471562275015509,0.19195110785009983,-0.1335138408615472,0.6139299802419341,-0.04727621790256872,0.04031677465801462,0.0686345092392612,0.006239500839952402,0.0009599232061178308,-0.0016798656107511643,-0.10005599999999992,-0.09588600000000014,-0.9178200000000001,0.09307599999999994,0.06574599999999986,-0.919208,0.19313199999999986,0.161632,0.0013879999999999448,0.8318188968453192,0.9891123449413268,0.8318188968453192,0.16818110315468082,0.010887655058673174,-0.9178200000000001
80,0.333333,jog,1.946369,-1.374194,0.921959,0.091968,-0.02371,-0.942222,-0.0849735957753157,0.1361017762842016,-0.05256841094577054,0.18250249033125837,-0.04290183531169679,0.6845220949817793,-0.057369179068675,0.04872779644742033,0.0933749399903985,0.011041766682720236,0.0033605376860197985,0.0048007681228996735,-0.09994100000000006,-0.09625000000000017,-0.917212,0.09347600000000011,0.06519299999999983,-0.9189689999999999,0.19341700000000017,0.161443,0.0017569999999998975,0.782537665980982,0.9791659200410695,0.782537665980982,0.21746233401901804,0.020834079958930496,-0.917212
81,0.3375,jog,1.945951,-1.373706,0.92171,0.091916,-0.023273,-0.942581,-0.10031197504200294,0.1171106311494644,-0.059755219582419444,0.16532168100371408,-0.016567734118090892,0.528993824905247,-0.06143508519319223,0.045356371490279164,0.07655387568994418,0.009599232061391325,0.0,0.0,-0.09977900000000006,-0.096549,-0.916644,0.09393399999999996,0.06470500000000001,-0.91872,0.19371300000000002,0.161254,0.0020759999999999668,0.7990243420709323,0.9840012798976812,0.7990243420709323,0.20097565792906769,0.015998720102318842,-0.916644
82,0.341667,jog,1.945541,-1.373161,0.92136,0.091959,-0.022278,-0.942987,-0.09839212862971533,0.13078953683705802,-0.08399328053757486,0.39773015273527906,-0.14173000994322996,0.6229702880976788,-0.059755219582420235,0.057115430765582884,0.06911447084233302,0.005279577633781285,0.0023998080153745066,0.004799616030717583,-0.09961799999999998,-0.09685599999999983,-0.916006,0.09436599999999995,0.06417000000000006,-0.91835,0.19398399999999993,0.1610259999999999,0.0023440000000000127,0.7969797117141607,0.9874534940073938,0.7969797117141607,0.2030202882858393,0.012546505992606205,-0.916006
83,0.345833,jog,1.945117,-1.372601,0.920977,0.092216,-0.021301,-0.943382,-0.10177628420546798,0.13442150744121834,-0.09193470955350717,0.3552314256831033,-0.23599711386881045,0.6387737649161407,-0.049687950072027864,0.05496879500715615,0.056889102256360825,0.009601536245862222,0.0021603456552870205,0.0012001920307248661,-0.09940100000000007,-0.09718700000000013,-0.915386,0.09483000000000019,0.06361899999999987,-0.9179620000000001,0.19423100000000026,0.160806,0.0025760000000000227,0.8185441536767406,0.9834758549942534,0.8185441536767406,0.1814558463232594,0.016524145005746615,-0.915386
84,0.35,jog,1.944733,-1.372054,0.920651,0.091905,-0.020388,-0.943828,-0.09215262778976294,0.1312694984400903,-0.07823374130070802,0.41331572709105713,0.03327597245228162,0.638215586999442,0.0023998080153745066,0.06383489320856756,0.06023518118550559,0.002159827213805084,-0.0031197504199229147,0.004319654427645866,-0.09900700000000007,-0.09746799999999989,-0.914809,0.09522300000000006,0.0630590000000002,-0.917618,0.19423000000000012,0.1605270000000001,0.0028090000000000614,0.8255758150944428,0.9904174477636605,0.8255758150944428,0.17442418490555722,0.009582552236339525,-0.914809
85,0.354167,jog,1.944281,-1.371464,0.920298,0.09199,-0.019292,-0.944255,-0.10847132229424418,0.14158867290618812,-0.08471322294217543,0.43353345407056304,-0.17426229728326914,0.6708303447160037,-0.07199424046075466,0.07655387568993419,0.09383249340052721,0.006959443244554005,-0.00023998080156941934,-0.0007199424046076174,-0.09885499999999992,-0.09773900000000002,-0.9140649999999999,0.09570400000000023,0.06246799999999997,-0.917268,0.19455900000000015,0.160207,0.003203000000000067,0.7331639135724566,0.988332171709587,0.7331639135724566,0.2668360864275434,0.011667828290413018,-0.9140649999999999
86,0.358333,jog,1.94381,-1.370904,0.919888,0.091683,-0.017864,-0.944656,-0.11305808929426016,0.13442150744121834,-0.09841574651942155,0.6520181796610276,-0.049875038601220036,0.5883281668916976,-0.07993278924625935,0.06457033125301838,0.11665866538646183,0.008161305808897611,0.000960153624607542,0.0012001920307248661,-0.09871699999999994,-0.09803000000000006,-0.913169,0.09620899999999999,0.06191199999999997,-0.916853,0.19492599999999993,0.15994200000000003,0.0036840000000000206,0.7040599405819256,0.9861587102800866,0.7040599405819256,0.29594005941807444,0.013841289719913386,-0.913169
87,0.3625,jog,1.943329,-1.370341,0.919521,0.091403,-0.016159,-0.945088,-0.11543076553874644,0.1351091912646682,-0.08807295416366889,0.7695076085872257,-0.10174513011116365,0.6479066580057401,-0.10607151427887113,0.06575473962080322,0.14662826973842166,0.00599952003838298,0.0007199424046016947,0.0023998080153587913,-0.09867800000000004,-0.09831900000000005,-0.9121910000000001,0.09671499999999988,0.06135200000000007,-0.9164760000000001,0.19539299999999993,0.15967100000000012,0.004284999999999983,0.6362368003714689,0.989163893141256,0.6362368003714689,0.3637631996285311,0.010836106858744032,-0.9121910000000001
88,0.366667,jog,1.942793,-1.369769,0.919046,0.091401,-0.014044,-0.945462,-0.12862970962325124,0.13726901847852474,-0.11399088072954154,0.9175241873791832,-0.29281611203930946,0.6148726253209711,-0.057835373170130516,0.08543316534677711,0.13126949844012392,0.0016798656107727896,-0.0011999040076872372,0.0031197504199663765,-0.09838299999999989,-0.09853500000000004,-0.911169,0.09725800000000007,0.06077500000000002,-0.915988,0.19564099999999995,0.15931000000000006,0.004819000000000018,0.6735443527828743,0.9937651158834611,0.6735443527828743,0.3264556472171257,0.006234884116538941,-0.911169
89,0.370833,jog,1.942258,-1.369191,0.918545,0.09098,-0.011915,-0.945886,-0.12842054728755445,0.13874219875179236,-0.12025924147865683,0.9851997002018961,-0.1022928590744788,0.6416396626375849,-0.07057129140662896,0.08617378780604848,0.14066250600095997,0.0016802688430365487,-0.0024003840614655555,0.005520883341334613,-0.09814199999999995,-0.09875400000000001,-0.910082,0.09780000000000011,0.06018699999999999,-0.9154639999999999,0.19594200000000006,0.158941,0.005381999999999998,0.6471437263265016,0.9895829600205504,0.6471437263265016,0.35285627367349837,0.01041703997944965,-0.910082
90,0.375,jog,1.941665,-1.36849,0.918078,0.090871,-0.01018,-0.946309,-0.14230861531079173,0.16822654187666586,-0.11207103431725411,0.7541049580295967,-0.1843930338110907,0.68175673089842,-0.11303095752342522,-0.0035997120230084733,0.1739860811135119,0.008399328053757487,-0.0023998080153212202,-0.0026397888168947017,-0.09802,-0.09946999999999995,-0.90889,0.09842800000000018,0.059476000000000084,-0.9150079999999999,0.19644800000000018,0.15894600000000003,0.006117999999999957,0.5929711581527572,0.9847906940710227,0.5929711581527572,0.40702884184724275,0.01520930592897729,-0.90889
91,0.379167,jog,1.941007,-1.367826,0.917717,0.090427,-0.0089,-0.946752,-0.15790736741061942,0.15934725221982282,-0.08663306935443886,0.597922454611112,0.036286849195922836,0.6578015557201333,-0.05615550755941176,0.1375089992800427,0.12455003599712103,0.007199424046016947,0.0026397888168906425,-0.0016798656107510602,-0.09759600000000002,-0.09956100000000001,-0.90801,0.09911599999999998,0.05882300000000007,-0.914654,0.196712,0.15838400000000008,0.006643999999999983,0.6104893275667154,0.986916704876666,0.6104893275667154,0.38951067243328463,0.013083295123333949,-0.90801
92,0.383333,jog,1.940275,-1.367246,0.917461,0.089214,-0.007785,-0.947232,-0.17570811329811675,0.13922227556409614,-0.06144983197312381,0.6414267444857786,0.4114797354399402,0.6093635799035992,-0.13706192990875582,0.10225636101777176,0.1706673067690829,-0.00024003840607193664,-0.0028804608737693265,0.004080652904464629,-0.09743499999999994,-0.099715,-0.9070429999999999,0.09984700000000024,0.05823099999999992,-0.914381,0.19728200000000018,0.15794599999999992,0.007338000000000067,0.5239564183385224,0.9916655998335511,0.5239564183385224,0.47604358166147764,0.00833440016644893,-0.9070429999999999
93,0.3875,jog,1.939575,-1.366532,0.91715,0.088075,-0.006768,-0.947737,-0.16798656107509422,0.1713462922965865,-0.07463402927764527,0.5808702948478847,0.39372265622307756,0.6621828971193997,-0.10463162946966634,0.08279337652988651,0.17758579313654757,0.006479481641415166,0.002879769618460027,-0.0043196544276457045,-0.09717100000000012,-0.10008399999999984,-0.905992,0.10057399999999994,0.05752900000000016,-0.914088,0.19774500000000006,0.157613,0.008095999999999992,0.548832719447628,0.9861620319238937,0.548832719447628,0.451167280552372,0.013837968076106266,-0.905992
94,0.391667,jog,1.938805,-1.365841,0.916774,0.087065,-0.005613,-0.948094,-0.18478521718266472,0.16582673386129138,-0.09023278137750063,0.6417235969377802,0.3071326336584332,0.4578834340483901,-0.13990880729541721,0.0431965442764214,0.20782337413007088,0.002159827213805084,-0.0026397888168906425,0.0014398848092152538,-0.09698399999999996,-0.10059499999999999,-0.9047499999999999,0.10135300000000003,0.05682700000000018,-0.913706,0.19833699999999999,0.15742200000000017,0.008956000000000075,0.48672963433123057,0.9938295941842707,0.48672963433123057,0.5132703656687694,0.006170405815729252,-0.9047499999999999
95,0.395833,jog,1.938159,-1.365196,0.916383,0.086008,-0.004922,-0.94846,-0.1550648103696409,0.15482477196351566,-0.09385501680269562,0.43614514523645204,0.39718533486650365,0.45572401486766345,-0.08065290446468835,0.15842534805571398,-0.006721075372059584,0.0012001920307860771,-0.008401344215076146,0.004080652904464733,-0.09667399999999993,-0.10057999999999989,-0.9043869999999999,0.1020040000000002,0.05614700000000017,-0.9132979999999999,0.19867800000000013,0.15672700000000006,0.008911000000000002,0.6143888534811319,0.984305452675666,0.6143888534811319,0.3856111465188681,0.01569454732433395,-0.9043869999999999
96,0.4,jog,1.937418,-1.364419,0.915995,0.085432,-0.003899,-0.948794,-0.17782577393805496,0.18646508279338175,-0.09311255099590617,0.5150855577822079,0.12830339740271965,0.4835263207257783,-0.07391408687304359,0.09551235901125399,0.1631869450443952,0.0,-0.0026397888168906074,-0.004799616030717518,-0.09624100000000002,-0.10095900000000002,-0.903319,0.10274500000000009,0.05535900000000016,-0.91293,0.1989860000000001,0.15631800000000018,0.009611000000000036,0.5655284166346888,0.9908705605867456,0.5655284166346888,0.4344715833653112,0.009129439413254392,-0.903319
97,0.404167,jog,1.936549,-1.363614,0.915676,0.084602,-0.002995,-0.949115,-0.2085433165346805,0.1931845452363689,-0.07655387568993521,0.5022487114253301,0.26061039742028874,0.42845882000396884,-0.043436525077990826,0.10895128389733119,0.18310535157187524,0.00023998080146284964,-0.004319654427663454,-0.00551955843532521,-0.095553,-0.10130999999999979,-0.9022370000000001,0.10361499999999979,0.05453600000000014,-0.9126340000000001,0.1991679999999998,0.15584599999999993,0.01039699999999999,0.5336126387375866,0.988311623713127,0.5336126387375866,0.4663873612624134,0.011688376286873026,-0.9022370000000001
98,0.408333,jog,1.935997,-1.362721,0.915059,0.085084,-0.003418,-0.949191,-0.13250120019205655,0.21435429668747769,-0.14810369659147607,-0.27817419426548046,-0.15439260108784625,0.16681532005802358,-0.10777724435913187,0.11233797407583115,0.18578972635621696,0.0024003840614655555,-0.0050408065290563474,-0.00048007681228992566,-0.09545000000000003,-0.10173499999999991,-0.9008459999999999,0.10417699999999996,0.05362200000000006,-0.9120189999999999,0.199627,0.15535699999999997,0.011172999999999988,0.48428437992922696,0.9906604116418909,0.48428437992922696,0.5157156200707731,0.009339588358109108,-0.9008459999999999
99,0.4125,jog,1.935327,-1.36198,0.914647,0.084516,-0.003457,-0.949412,-0.16078713702902622,0.1778257739381106,-0.09887209023277425,0.04346221716181158,0.2743354554253234,0.27197702179977895,-0.10751139908807451,0.11951043916484047,0.18742500599952122,-0.008639308855326908,-0.008399328053757487,-0.0016798656107511643,-0.09522800000000009,-0.10197800000000012,-0.899653,0.10481099999999977,0.05284599999999995,-0.911614,0.20003899999999986,0.15482400000000007,0.011961,0.46885635456445485,0.9797235551465259,0.46885635456445485,0.5311436454355452,0.02027644485347413,-0.899653
100,0.416667,jog,1.934407,-1.36121,0.914453,0.08331,-0.002711,-0.949728,-0.22078233741301292,0.18478521718260896,-0.046556275497966405,0.4891105315920785,0.4551653175322353,0.37077709845323076,-0.1154307655387449,0.12982961363093848,0.18550515958723146,0.007439404847692843,-0.0035997120230084256,-0.006959443244540371,-0.09478900000000001,-0.10220699999999994,-0.898686,0.10576200000000013,0.052061000000000135,-0.911449,0.20055100000000015,0.15426800000000007,0.012762999999999969,0.448786889822658,0.9819925539004273,0.448786889822658,0.551213110177342,0.01800744609957272,-0.898686
101,0.420833,jog,1.933441,-1.360472,0.914335,0.081948,-0.002069,-0.95011,-0.231877100336059,0.17714834373502805,-0.02832453192509635,0.45753736003072615,0.5443348447415501,0.45539936235723266,-0.15074411905906684,0.12962073931828721,0.19635141622659594,-0.0038406144983235695,-0.0050408065290563474,-0.00840134421507448,-0.09445100000000006,-0.10240500000000008,-0.89775,0.10671200000000014,0.05130199999999996,-0.911366,0.2011630000000002,0.15370700000000004,0.013615999999999961,0.3981290615577817,0.9824609455778543,0.3981290615577817,0.6018709384422183,0.01753905442214565,-0.89775
102,0.425,jog,1.932155,-1.359224,0.913901,0.080882,-0.002692,-0.949396,-0.30861531077511534,0.29949604031675614,-0.10415166786658217,-0.03147605130305296,0.545511797139196,-1.280594310945943,-0.15406767458598825,0.14254859611230786,0.21142308615310892,-0.024478041756670767,-0.0021598272138583707,0.007439404847612284,-0.09380699999999997,-0.10305900000000001,-0.896435,0.10789599999999999,0.050044999999999895,-0.910901,0.20170299999999997,0.1531039999999999,0.014465999999999979,0.35880570006463586,0.957209031121505,0.35880570006463586,0.6411942999353641,0.042790968878494984,-0.896435
103,0.429167,jog,1.931348,-1.358199,0.913864,0.078729,-0.008307,-0.949446,-0.19366450683945188,0.24598032157428507,-0.008879289656816284,-2.2329965408077608,1.8004861956063367,-0.3538239498360498,-0.187664986801069,0.1509479241660633,0.1943844492440594,-0.04319654427642083,-0.00887928965678964,0.01991840652747759,-0.09378200000000003,-0.10345500000000007,-0.895588,0.10852300000000015,0.048983,-0.9107810000000001,0.20230500000000018,0.15243800000000007,0.015193000000000012,0.34807,0.9193511359033664,0.34807,0.65193,0.08064886409663363,-0.895588
104,0.433333,jog,1.930592,-1.357545,0.913779,0.077978,-0.009375,-0.950018,-0.1814690350456021,0.15698511761880268,-0.020403264522323973,-0.4366018221614078,0.526188505276526,0.7830250798598871,-0.20955352856459986,0.15938550168026822,0.1989918386941909,-0.055688910225638454,-0.03048487758041002,-0.0002400384061449108,-0.09389900000000018,-0.10344500000000001,-0.894674,0.10904700000000012,0.04820200000000008,-0.910697,0.2029460000000003,0.1516470000000001,0.01602300000000001,0.33977,0.894187796050841,0.33977,0.66023,0.10581220394915902,-0.894674
105,0.4375,jog,1.929686,-1.356857,0.913307,0.078387,-0.008118,-0.950402,-0.21742260619152354,0.16510679145668966,-0.11327093832494135,0.46766438532626536,-0.3486554963632537,0.6882185355977578,-0.20422366210701703,0.1823854091672902,0.19678425725941984,-0.023998080153638492,-0.02879769618433422,-0.015118790496760374,-0.09384400000000004,-0.10337299999999994,-0.893382,0.10985299999999998,0.047393999999999936,-0.910288,0.20369700000000002,0.15076699999999987,0.016905999999999977,0.33094,0.9326329914516631,0.33094,0.66906,0.06736700854833688,-0.893382
106,0.441667,jog,1.928669,-1.356042,0.91278,0.078663,-0.009409,-0.950525,-0.24406047516199939,0.19558435325174342,-0.12646988240939458,-0.6470869910682767,0.0671085026139191,0.19834494820235468,-0.2402207823374215,0.1939044876409706,0.19870410367170796,-0.034797216222663914,-0.027837772978163103,-0.007679385649148091,-0.09382800000000002,-0.10338000000000003,-0.892027,0.11072500000000018,0.04646299999999992,-0.9097930000000001,0.2045530000000002,0.14984299999999995,0.01776600000000006,0.32234,0.9246349472165478,0.32234,0.6776599999999999,0.07536505278345218,-0.892027
107,0.445833,jog,1.927706,-1.355244,0.912862,0.077377,-0.007503,-0.950713,-0.23115698511762997,0.1915506481037148,0.01968314930386832,1.048234152276959,0.3200169859449563,0.1877395140106051,-0.2618819011041652,0.2217954872779463,0.22443590974555871,-0.0016802688430365487,-0.014882381180990506,-0.020883341334613587,-0.09395599999999993,-0.10325400000000018,-0.8911739999999999,0.11168100000000014,0.04560299999999984,-0.9099619999999999,0.20563700000000007,0.14885700000000002,0.018788000000000027,0.31212,0.9571688548451545,0.31212,0.68788,0.04283114515484554,-0.8911739999999999
108,0.45,jog,1.926084,-1.35463,0.914073,0.072197,0.000473,-0.951771,-0.3892488600911927,0.14734821214300162,0.29061675065996256,4.316269372591448,1.260992644132738,1.3316656774994087,-0.2814974802016035,0.23302135829134815,0.22246220302375658,0.0043196544276101105,-0.005039596832265082,-0.008639308855291513,-0.093507,-0.10289700000000002,-0.891458,0.113321,0.0449679999999999,-0.911209,0.206828,0.1478649999999999,0.019751000000000074,0.30249000000000004,0.9818421574869098,0.30249000000000004,0.69751,0.01815784251309016,-0.891458
109,0.454167,jog,1.924958,-1.353839,0.914097,0.071175,0.00094,-0.95204,-0.2702183825293897,0.18982481401487658,0.005759539236866844,0.33826462084337267,0.4092079096065541,0.33539762110958543,-0.32781377489800484,0.23662107031435972,0.19174466042716717,0.016798656107514975,0.0026397888169439293,-0.006479481641468643,-0.09374700000000002,-0.10270200000000007,-0.890683,0.11451699999999998,0.044188000000000116,-0.9112600000000001,0.208264,0.1468900000000002,0.020577000000000067,0.29423,0.9696709245498124,0.29423,0.70577,0.030329075450187593,-0.890683
110,0.458333,jog,1.923854,-1.352964,0.913771,0.071552,0.001149,-0.952016,-0.2650024003840598,0.21003360537685034,-0.0782525204032761,0.041163713351024436,-0.20299347352433195,0.010398415619334737,-0.34637542006717714,0.28012481997122884,0.22083533365338454,0.016562650023973755,0.018722995679260775,0.0067210753720594795,-0.09408599999999989,-0.10240999999999989,-0.889437,0.11568999999999985,0.04339099999999996,-0.910906,0.20977599999999974,0.14580099999999985,0.02146899999999996,0.28530999999999995,0.956857960783942,0.28530999999999995,0.71469,0.04314203921605797,-0.889437
111,0.4625,jog,1.922698,-1.352018,0.913433,0.072383,0.001384,-0.951997,-0.2774178065754562,0.22702183825296526,-0.08111351091911372,-0.016170144242280835,-0.41400333880095097,0.0697828351147757,-0.36909047276218565,0.28629709623229915,0.20806335493160383,0.054955603551723776,0.02903767698584997,0.006239500839932753,-0.094468,-0.102163,-0.888232,0.11707499999999982,0.04256599999999988,-0.9105420000000001,0.21154299999999981,0.14472899999999989,0.022310000000000052,0.27690000000000003,0.8958868615239449,0.27690000000000003,0.7231,0.10411313847605508,-0.888232
112,0.466667,jog,1.921678,-1.351164,0.913083,0.073212,0.00118,-0.951946,-0.24478041756660107,0.20494360451161872,-0.08399328053757486,-0.21287398588640705,-0.35146510480869153,0.002901798920949848,-0.38708903287739277,0.3244540436765125,0.18886489080873625,0.06479481641468539,0.017038636909084397,-0.03095752339812827,-0.09506100000000006,-0.1016649999999999,-0.887095,0.11836499999999983,0.041783000000000126,-0.9103209999999999,0.2134259999999999,0.14344800000000002,0.02322599999999997,0.26774,0.8769930937250761,0.26774,0.73226,0.12300690627492394,-0.887095
113,0.470833,jog,1.920473,-1.350242,0.912991,0.073416,0.001226,-0.952024,-0.2892462794046807,0.2213154104656958,-0.022083533365333873,-0.018690486477011155,-0.09722525596504812,0.14973928226976385,-0.4167066730676809,0.35861737878057687,0.19203072491598608,0.05448871819495898,-0.004560729716752576,-0.03384541526644262,-0.09559200000000012,-0.1010930000000001,-0.886203,0.11979699999999993,0.040842000000000045,-0.91037,0.21538900000000005,0.14193500000000014,0.02416700000000005,0.25833,0.8928224111237585,0.25833,0.74167,0.10717758887624151,-0.886203
114,0.475,jog,1.919235,-1.349358,0.912767,0.073785,0.001344,-0.951998,-0.29709623230143495,0.21214302855768896,-0.05375569954403726,0.0010365989539617472,-0.18635538252861839,0.003888999977813454,-0.4365250779937666,0.38828893688508004,0.1821454283657316,0.03743700503960784,-0.003119750419976201,-0.02879769618430539,-0.09617300000000006,-0.10035899999999986,-0.88522,0.12119100000000005,0.03994500000000012,-0.910266,0.2173640000000001,0.14030399999999998,0.025046000000000013,0.24954000000000004,0.9211089095556039,0.24954000000000004,0.7504599999999999,0.07889109044439613,-0.88522
115,0.479167,jog,1.917996,-1.348435,0.912817,0.073689,0.000681,-0.95204,-0.2973362131029471,0.2215022798176146,0.011999040076792443,-0.29306782882145155,0.1398164863773225,0.03146172053350489,-0.4720422366210792,0.4290856731461212,0.17542596592272544,0.02447804175667044,-0.004079673626147264,-0.01583873290136779,-0.09690100000000013,-0.09949399999999997,-0.884539,0.12253200000000009,0.039004999999999956,-0.910382,0.2194330000000002,0.13849899999999993,0.02584300000000006,0.24157,0.95093417898549,0.24157,0.7584299999999999,0.04906582101450996,-0.884539
116,0.483333,jog,1.916798,-1.347567,0.912676,0.073778,0.000181,-0.951996,-0.28756601056169745,0.2083533365338671,-0.03384541526642982,-0.2369549406613321,0.02908871771276924,-0.0788364757700049,-0.500720115218389,0.45967354776766917,0.15458473355736876,0.00048007681225047176,-0.0012001920306794786,-0.007201152184349509,-0.0977889999999999,-0.09844699999999995,-0.883754,0.12373199999999995,0.038132000000000055,-0.910271,0.22152099999999986,0.136579,0.026517000000000013,0.23483000000000004,0.9878062484764705,0.23483000000000004,0.7651699999999999,0.012193751523529528,-0.883754
117,0.4875,jog,1.915592,-1.34662,0.912455,0.074645,-1.5e-05,-0.951981,-0.2894168466522792,0.22726181905448442,-0.05303575713943556,-0.21916582804636803,-0.3687487776244829,0.06806503633400961,-0.5452363810895283,0.49652027837770296,0.15646748260139273,0.007199424046123519,-0.0014398848092566758,-0.00023998080153591036,-0.09885499999999992,-0.0973250000000001,-0.882881,0.12496800000000019,0.03717899999999985,-0.910051,0.2238230000000001,0.13450399999999996,0.027170000000000027,0.2283,0.987756797164125,0.2283,0.7717,0.012243202835874989,-0.882881
118,0.491667,jog,1.914255,-1.345678,0.912312,0.075572,-0.000128,-0.951947,-0.32085433165344646,0.22606191504679415,-0.034317254619631185,-0.1882880665302125,-0.40867317277850196,0.04914104144741764,-0.5829133669306445,0.535157187424991,0.12407007439404755,-0.016318694504482485,0.004799616030748949,0.012239020878329704,-0.09994700000000001,-0.09603700000000015,-0.882221,0.12623699999999993,0.036256999999999984,-0.909857,0.22618399999999994,0.13229400000000013,0.027635999999999994,0.22364,0.9650742956631334,0.22364,0.7763599999999999,0.03492570433686659,-0.882221
119,0.495833,jog,1.912992,-1.34472,0.912367,0.07586,-0.001399,-0.951922,-0.30316850696111697,0.2299567930868972,0.013202112337980607,-0.6217120482105556,0.04857031475862265,-0.051941763471630494,-0.6080172827652705,0.48415746519446856,0.09121459433509399,-0.025924147863657442,-0.006240998559789125,0.01464234277484393,-0.10121700000000011,-0.094978,-0.881896,0.12739199999999995,0.03527299999999989,-0.9098510000000001,0.22860900000000006,0.1302509999999999,0.027955000000000063,0.22045000000000003,0.9492990875762551,0.22045000000000003,0.77955,0.05070091242374486,-0.881896
120,0.5,jog,1.911707,-1.343771,0.912364,0.076094,-0.001948,-0.95196,-0.30837532997359923,0.22774178065751668,-0.0007199424046283379,-0.2909106364336689,-0.027197161392873707,0.07056201798206754,-0.6477081833453378,0.5833933285336846,0.09479241660667188,-0.02399808015353192,0.0,0.019918406527477957,-0.10263100000000014,-0.09349600000000002,-0.881498,0.12857700000000016,0.03432400000000002,-0.9097649999999999,0.2312080000000003,0.12782000000000004,0.02826699999999993,0.21733000000000002,0.9480210841449146,0.21733000000000002,0.78267,0.051978915855085406,-0.881498
121,0.504167,jog,1.910367,-1.342812,0.912277,0.076597,-0.002485,-0.951832,-0.3215742740581014,0.2301415886729414,-0.020878329733608727,-0.3070052946089201,-0.15830746173010632,-0.16347009848564176,-0.7045836333092885,0.6517878569714763,0.08687305015598631,-0.031437485001224445,0.0009599232061711044,0.01919846412286997,-0.10422699999999985,-0.09173900000000001,-0.881049,0.12978600000000018,0.03336899999999998,-0.909598,0.23401300000000003,0.125108,0.028549000000000047,0.21451000000000003,0.9385856979098091,0.21451000000000003,0.78549,0.06141430209019094,-0.881049
122,0.508333,jog,1.909006,-1.341757,0.912262,0.077381,-0.002923,-0.951822,-0.3266922707633088,0.25324051848291057,-0.0036005760921716838,-0.3183349178886323,-0.29598239457966863,0.06337041792636172,-0.6867498799807971,0.6689870379260372,0.051128180508880884,-0.0316850696111961,-0.0043206913106273405,0.0048007681228996735,-0.1057269999999999,-0.09000699999999995,-0.8808210000000001,0.13101499999999988,0.0322960000000001,-0.909563,0.23674199999999979,0.12230300000000005,0.028741999999999934,0.21258000000000005,0.946105571710418,0.21258000000000005,0.78742,0.05389442828958202,-0.8808210000000001
123,0.5125,jog,1.907801,-1.340798,0.912122,0.07819,-0.003905,-0.951654,-0.28917686585071356,0.23014158867294754,-0.033597312215030394,-0.552324726449078,-0.23641794302990918,-0.20362229732537374,-0.6661867050636344,0.6685865130789557,-0.013918886489080072,0.021598272138264273,-0.015358771298311789,0.1444684425246008,-0.10729800000000012,-0.08818000000000015,-0.8807389999999999,0.13230999999999993,0.031272999999999884,-0.908821,0.23960800000000004,0.11945300000000003,0.02808200000000005,0.21917999999999999,0.7552012839276802,0.21917999999999999,0.7808200000000001,0.24479871607231984,-0.8807389999999999
124,0.516667,jog,1.90644,-1.339781,0.911997,0.079189,-0.004383,-0.95146,-0.32661387089036653,0.24406047516194285,-0.02999760019199443,-0.3479407177563135,-0.39609431313329563,-0.20404498371792618,-0.7146628269738187,0.7021838252939673,-0.019198464122870906,0.00623950083995232,0.048236141108739194,0.15982721382289294,-0.10891499999999987,-0.08627099999999999,-0.880694,0.13369700000000018,0.03045700000000018,-0.9080299999999999,0.24261200000000005,0.11672800000000016,0.027335999999999916,0.22664,0.7215599258658323,0.22664,0.77336,0.2784400741341677,-0.880694
125,0.520833,jog,1.905232,-1.33976,0.911479,0.0777,-0.002504,-0.951398,-0.2899663946231097,0.0050408065290563474,-0.12433989438307898,1.094029020679604,0.4082345421463915,-0.2205534175142898,-0.8737397983677593,0.8684589534325776,0.03408545367258837,-0.04104656745077319,0.015362457993240979,-0.012722035525684123,-0.11134700000000008,-0.08267399999999991,-0.880034,0.13473400000000013,0.03049999999999997,-0.9075650000000001,0.24608100000000022,0.11317399999999989,0.027531000000000083,0.22469,0.9239394246705347,0.22469,0.7753099999999999,0.07606057532946531,-0.880034
126,0.525,jog,1.903765,-1.338741,0.911521,0.077781,-0.002912,-0.951355,-0.35205183585315475,0.2445404367650817,0.010079193664503522,-0.19380394031828185,0.019629677902660122,-0.0719546610792799,-0.8204943604511723,0.7734581233501203,-0.04943604511639063,-0.07343412527001132,0.024958003359755992,0.012718982481401414,-0.11329900000000004,-0.08047000000000004,-0.880282,0.1358950000000001,0.029584999999999972,-0.907554,0.24919400000000014,0.11005500000000001,0.027271999999999963,0.22728000000000004,0.8690075786623993,0.22728000000000004,0.77272,0.1309924213376007,-0.880282
127,0.529167,jog,1.902428,-1.337717,0.911476,0.0779,-0.003961,-0.951165,-0.32085433165344646,0.24574034077271564,-0.010799136069131849,-0.4752994156939411,0.08787325540768628,-0.32279675550311315,-0.8413726901847277,0.8024958003359702,-0.048476121910247,-0.12455003599715725,0.023758099352068754,0.04751619870410337,-0.1154679999999999,-0.07814999999999994,-0.880439,0.13671299999999986,0.02866000000000013,-0.907311,0.25218099999999977,0.10681000000000007,0.026872000000000007,0.23128000000000004,0.774322329841112,0.23128000000000004,0.76872,0.22567767015888796,-0.880439
128,0.533333,jog,1.900885,-1.336641,0.911278,0.078712,-0.004241,-0.951052,-0.370379260681736,0.25828132501202705,-0.04752760441668881,-0.23911292835134706,-0.33513823502084944,-0.09088458692863491,-0.9539126260202225,0.9351896303408547,-0.025924147863658133,-0.11641862698028306,-0.0009601536246075675,0.09289486317811074,-0.11789899999999998,-0.07533000000000012,-0.880349,0.1377710000000001,0.027579999999999938,-0.906726,0.25567000000000006,0.10291000000000006,0.026376999999999984,0.23623,0.7517635859830556,0.23623,0.7637700000000001,0.2482364140169444,-0.880349
129,0.5375,jog,1.899523,-1.335624,0.910917,0.079944,-0.004478,-0.950788,-0.32685385169182934,0.24406047516199614,-0.08663306935446435,-0.26625631338385986,-0.5393852889849239,-0.2757375389286083,-0.9402447804175272,0.8910487161027235,-0.05375569954403654,-0.05471562275015436,0.014638828893709694,0.05567554595632317,-0.12045499999999998,-0.07263400000000009,-0.880212,0.13890500000000006,0.02662399999999998,-0.906133,0.25936000000000003,0.09925800000000007,0.025920999999999972,0.24079,0.8676299263653939,0.24079,0.7592099999999999,0.13237007363460607,-0.880212
130,0.541667,jog,1.897972,-1.334516,0.910975,0.079608,-0.005541,-0.950737,-0.3722102231821618,0.26589872810172266,0.013918886489081366,-0.4278759484198745,0.30357766359475863,-0.1565329197664338,-0.9767218622510168,0.9340052795776282,-0.0815934725221976,-0.10319174466046298,0.03863690904724129,0.022078233741300544,-0.12297399999999992,-0.06984999999999997,-0.88061,0.14002599999999998,0.02567699999999995,-0.906099,0.2629999999999999,0.09552699999999992,0.025488999999999984,0.24511000000000005,0.8127034784690739,0.24511000000000005,0.75489,0.18729652153092613,-0.88061
131,0.545833,jog,1.89647,-1.333412,0.911001,0.079205,-0.006737,-0.950561,-0.3605376860297386,0.2650024003840598,0.006240998559762475,-0.4639021637436457,0.34750273958786776,-0.36466036597190815,-1.0045607297167791,0.963034085453649,-0.07729236677868438,-0.011281805088792172,-0.02064330292842256,0.05280844935189619,-0.12565700000000013,-0.06694200000000006,-0.8809579999999999,0.14148099999999997,0.024487000000000148,-0.905905,0.2671380000000001,0.0914290000000002,0.024947000000000052,0.25053000000000003,0.9036476748131586,0.25053000000000003,0.74947,0.09635232518684145,-0.8809579999999999
132,0.55,jog,1.894908,-1.332145,0.91094,0.079954,-0.008137,-0.950454,-0.37485001199905243,0.304055675545985,-0.01463882889368305,-0.7430350461929297,-0.14440872398372412,-0.11366449986995798,-1.0208783297336088,0.9409647228221822,-0.09887209023278043,0.06311495080391173,-0.06023518118550499,-0.003599712023038191,-0.12834900000000005,-0.06428800000000012,-0.881309,0.14330599999999993,0.022969000000000017,-0.905859,0.271655,0.08725700000000014,0.02454999999999996,0.25449999999999995,0.8544671477134266,0.25449999999999995,0.7455,0.14553285228657342,-0.881309
133,0.554167,jog,1.893405,-1.33086,0.910331,0.083793,-0.00905,-0.950144,-0.3606911447084379,0.30837532997360334,-0.1461483081353449,-0.9745564924668508,-1.6312302066864892,-0.022755214830633124,-1.0595152387809315,0.9841612670986826,-0.10127189824814262,-0.01847852171828803,0.015598752099827928,-0.0019198464122868921,-0.13126100000000007,-0.06147199999999997,-0.881122,0.14473199999999986,0.02174900000000002,-0.905258,0.27599299999999993,0.08322099999999999,0.024136000000000046,0.25864000000000004,0.9595695850801824,0.25864000000000004,0.74136,0.04043041491981758,-0.881122
134,0.558333,jog,1.891712,-1.329758,0.91084,0.081101,-0.010195,-0.950374,-0.4063850216034429,0.26452232357175604,0.12217954872779196,-0.134354601836419,1.4023212947410588,-0.01274831407457449,-1.1697071531444796,1.0996159385501543,-0.050168026884300825,0.005040806529109646,-0.006961113778218132,-0.020163226116178542,-0.13444100000000003,-0.05799299999999996,-0.88184,0.14644600000000008,0.020618000000000025,-0.905851,0.2808870000000001,0.07861099999999999,0.024011000000000005,0.25989,0.9634690951647574,0.25989,0.74011,0.03653090483524257,-0.88184
135,0.5625,jog,1.890001,-1.32866,0.910938,0.080685,-0.010357,-0.950472,-0.41060715142788695,0.26349892008640147,0.023518118550525977,-0.021421476217998066,0.2179085873666861,0.09883104573974189,-1.1255099592032751,1.0213582913366943,-0.0964722822174226,0.02711783057350776,-0.011759059275249667,-0.030237580993520346,-0.1374200000000001,-0.05483499999999997,-0.88234,0.1482699999999999,0.019471000000000016,-0.9060750000000001,0.28569,0.07430599999999998,0.02373500000000006,0.26265000000000005,0.9295261373432988,0.26265000000000005,0.73735,0.07047386265670119,-0.88234
136,0.566667,jog,1.888679,-1.327696,0.910354,0.081836,-0.011987,-0.950093,-0.31725461963043805,0.23134149268057536,-0.14014878809695813,-0.879126848036512,-0.30918644803907064,-0.4896943328746414,-1.1255099592032218,1.0268778497719917,-0.09863210943124431,0.03503719702423287,-0.014878809695225826,-0.026397888168946247,-0.1407879999999999,-0.05152000000000001,-0.882167,0.14973799999999993,0.018445000000000045,-0.905601,0.29052599999999984,0.06996500000000005,0.023433999999999955,0.26566,0.9227947782954444,0.26566,0.73434,0.07720522170455557,-0.882167
137,0.570833,jog,1.88696,-1.326492,0.909997,0.084167,-0.011949,-0.950066,-0.4126260201632321,0.28900624099855543,-0.08569371099377135,-0.3413621345039354,-1.0665487418242765,0.26552203625364473,-1.180988958233325,1.022563610177611,-0.10441670667306795,0.037686029764806686,-0.012241958713399715,-0.035525684109457625,-0.14398899999999992,-0.04846400000000006,-0.882245,0.15161400000000014,0.01719000000000004,-0.905392,0.29560300000000006,0.0656540000000001,0.02314700000000003,0.26853,0.9113030029316498,0.26853,0.7314700000000001,0.08869699706835021,-0.882245
138,0.575,jog,1.885173,-1.32518,0.91009,0.084438,-0.012649,-0.950177,-0.4288456923446165,0.31485481161507195,0.022318214542839335,-0.37607456338424305,-0.015595482723836115,0.19766212853948095,-1.206383489320905,1.064794816414713,-0.08375329973602239,0.03479721622266438,-0.011039116870648276,-0.030237580993520943,-0.14722900000000005,-0.04533900000000002,-0.882687,0.15354599999999996,0.015832000000000068,-0.9056109999999999,0.300775,0.061171000000000086,0.022923999999999944,0.27076,0.9209954350392329,0.27076,0.72924,0.07900456496076713,-0.882687
139,0.579167,jog,1.883691,-1.324186,0.910169,0.082869,-0.014321,-0.950094,-0.3556515478761632,0.23854091672664549,0.018958483321346448,-0.5118896379574959,0.9489560719204505,-0.374716173618867,-1.232061435085177,1.0724742020638403,-0.08999280057595331,0.030957523398192178,-0.01055915526756243,-0.018958483321334166,-0.15088100000000004,-0.0418639999999999,-0.883141,0.1551570000000002,0.014794000000000196,-0.905769,0.30603800000000025,0.0566580000000001,0.022628000000000092,0.27372,0.9369901219216954,0.27372,0.72628,0.0630098780783046,-0.883141
140,0.583333,jog,1.882316,-1.32318,0.909759,0.083865,-0.016098,-0.9497,-0.3300528084493286,0.2414786365818679,-0.09841574651944819,-0.921906877388957,-0.21972970359835997,-0.5215993193576504,-1.2373979836773925,1.0408065290446213,-0.09481517042726818,0.008641382621148082,-0.008401344215076146,-0.021843494959193438,-0.15466100000000016,-0.03853400000000007,-0.883126,0.15656799999999982,0.013753000000000126,-0.90545,0.311229,0.052287000000000194,0.02232400000000001,0.27676,0.958420279039417,0.27676,0.72324,0.041579720960583044,-0.883126
141,0.5875,jog,1.881307,-1.322228,0.909124,0.085042,-0.018711,-0.948963,-0.2421406287497072,0.2284617230621686,-0.1523878089752667,-1.2930555069850798,-0.2024878919722959,-1.0395479441223505,-1.240220782337365,1.063114950803965,-0.0849532037436999,0.02423806095510102,-0.004079673626147264,-0.0045596352291816114,-0.15881999999999996,-0.035055999999999976,-0.882845,0.15767799999999976,0.012783999999999907,-0.904834,0.3164979999999997,0.04783999999999988,0.021989000000000036,0.28010999999999997,0.9583360797844402,0.28010999999999997,0.71989,0.04166392021555976,-0.882845
142,0.591667,jog,1.880055,-1.321282,0.908245,0.087374,-0.020726,-0.948318,-0.3004559635229233,0.22702183825291197,-0.21094312455005218,-1.213004300949049,-0.8062770541890624,-0.7112697214165178,-1.286297096232299,1.074394048476076,-0.07223422126229827,-0.017278617710547017,0.013438924886022456,-0.04007679385649129,-0.16292799999999996,-0.031525000000000025,-0.8822669999999999,0.15885799999999994,0.011894000000000071,-0.904122,0.3217859999999999,0.043419000000000096,0.02185500000000007,0.28145,0.9238914383211739,0.28145,0.71855,0.07610856167882607,-0.8822669999999999
143,0.595833,jog,1.878865,-1.320254,0.907999,0.087259,-0.022518,-0.948002,-0.28564570331254324,0.24675948151705607,-0.05904944791165983,-0.7648876492940685,0.29208675992732885,-0.5272145899243498,-1.2333173307729766,1.0386461833894152,-0.09457513202112632,-0.02904464714355278,0.05112818050888724,-0.03072491598655856,-0.16687600000000002,-0.028225999999999862,-0.882415,0.15992699999999993,0.011079000000000061,-0.904004,0.32680299999999995,0.03930499999999992,0.02158900000000008,0.28411000000000003,0.8894244497561368,0.28411000000000003,0.7158899999999999,0.11057555024386323,-0.882415
144,0.6,jog,1.877443,-1.319196,0.907634,0.088665,-0.023905,-0.947682,-0.3412526997840229,0.2538996880249569,-0.08759299256058217,-0.8203472825231788,-0.4551484963132865,-0.3090866617139217,-1.3501319894408126,1.097432205423543,-0.057355411567074105,0.11495080393565935,-0.05039596832254425,-0.048476121910246896,-0.1710799999999999,-0.024710999999999927,-0.8822890000000001,0.16182799999999986,0.009811000000000014,-0.903841,0.33290799999999976,0.03452199999999994,0.021551999999999905,0.28448000000000007,0.7757520262442688,0.28448000000000007,0.7155199999999999,0.22424797375573124,-0.8822890000000001
145,0.604167,jog,1.875883,-1.318225,0.907423,0.08941,-0.025273,-0.94755,-0.3743700503959669,0.23302135829134815,-0.050635949124087025,-0.729493321939543,-0.14471259133759717,-0.10724504221327344,-1.29901607871372,1.0626349892008262,-0.07247420206383438,0.03335733141356665,-0.00767938564915569,-0.023278137748979872,-0.174933,-0.021254000000000106,-0.8823799999999999,0.1635270000000002,0.008807999999999927,-0.903727,0.3384600000000002,0.030062000000000033,0.021347000000000005,0.28653000000000006,0.931008128094611,0.28653000000000006,0.7134699999999999,0.06899187190538902,-0.8823799999999999
146,0.608333,jog,1.874161,-1.316892,0.907623,0.088914,-0.027266,-0.947551,-0.4133461353816611,0.3199711953912692,0.048007681228991315,-0.8351537076349105,0.5186525277084411,-0.07686138598166033,-1.3067690830532885,1.0331253000480274,-0.06961113778204474,0.02280364858376288,0.0,-0.014882381180988944,-0.178655,-0.01828300000000005,-0.8828699999999999,0.16534400000000016,0.007474999999999898,-0.9039889999999999,0.34399900000000017,0.025757999999999948,0.021119,0.28881,0.9546160925991747,0.28881,0.71119,0.04538390740082532,-0.8828699999999999
147,0.6125,jog,1.8723,-1.315724,0.907396,0.090379,-0.027466,-0.947818,-0.4466042716582377,0.28029757619391626,-0.05447564194863823,-0.35696269456288754,-0.6088075616415312,0.6305868140403044,-1.2730981521477929,1.0254379649627883,-0.08135349172066149,-0.06767458603319784,0.0292776577873661,0.008639308855291513,-0.182099,-0.015178000000000136,-0.8829819999999999,0.1669229999999997,0.006428999999999796,-0.903726,0.3490219999999997,0.021606999999999932,0.020744000000000096,0.29256,0.8762656463563986,0.29256,0.7074400000000001,0.12373435364360141,-0.8829819999999999
148,0.616667,jog,1.870592,-1.314638,0.90728,0.090021,-0.028416,-0.947984,-0.40988720902329623,0.2606191504679484,-0.027837772978163474,-0.3992209226956323,0.31545176878204695,0.2044248302252995,-1.4079673626110338,1.0832733381330009,-0.02543796496280392,0.00023998080156942573,0.00095992320617113,-0.0016798656107511866,-0.18625800000000003,-0.011749999999999927,-0.882972,0.1686319999999999,0.005346999999999991,-0.903617,0.3548899999999999,0.017096999999999918,0.020645000000000024,0.29355,0.996750644586549,0.29355,0.70645,0.0032493554134509495,-0.882972
149,0.620833,jog,1.86865,-1.313448,0.906821,0.091494,-0.029251,-0.948102,-0.4661545847335835,0.28564570331253564,-0.11017762842054413,-0.6317971446789429,-0.5312806324072324,0.4058182157614556,-1.3490158425347947,1.0391262602015847,-0.058329332693230915,0.04344695151223874,-0.0072011521843433676,0.022803648583773393,-0.18993599999999988,-0.008611000000000146,-0.882756,0.170755,0.004126999999999992,-0.903063,0.3606909999999999,0.012738000000000138,0.020306999999999964,0.29693,0.917344413087581,0.29693,0.70307,0.08265558691241903,-0.882756
150,0.625,jog,1.866554,-1.312114,0.906645,0.092264,-0.030185,-0.948355,-0.5029997600191648,0.3201343892488448,-0.04223662107030301,-0.5825392163500762,-0.18771898900915707,0.5148955170182397,-1.3244540436765082,1.0194384449244054,-0.04727621790256726,0.01703863690908417,-0.03191744660425671,0.0007199424046076174,-0.19335900000000006,-0.005697000000000063,-0.882777,0.17292200000000002,0.0026600000000001067,-0.902884,0.3662810000000001,0.00835700000000017,0.020106999999999986,0.29893000000000003,0.9396870001455109,0.29893000000000003,0.70107,0.060312999854489124,-0.882777
151,0.629167,jog,1.864059,-1.310756,0.906005,0.09505,-0.02991,-0.948477,-0.5987520998320415,0.3258939284857115,-0.15358771298298057,-0.33103521803590563,-1.2848549871980495,0.6269021598275579,-1.3263738900887971,1.028077753779732,-0.039596832253419895,-0.014878809695279114,-0.01679865610751475,-0.0019198464122870491,-0.19639099999999998,-0.002770999999999857,-0.8823019999999999,0.17535499999999993,0.0012320000000001219,-0.9022519999999999,0.3717459999999999,0.004002999999999979,0.019950000000000023,0.3005,0.962462624728677,0.3005,0.6995,0.03753737527132295,-0.8823019999999999
152,0.633333,jog,1.861692,-1.309498,0.90526,0.097382,-0.029086,-0.948848,-0.5681709073451767,0.3019683149303842,-0.1788286125780113,-0.040247822739884705,-1.1374598301423502,0.9633964483899784,-1.345175228036471,1.022563610177611,-0.024243879020642546,-0.0283245319250164,-0.038646183389360926,-0.0048007681228995685,-0.19962799999999992,0.00023100000000009224,-0.8816579999999999,0.17760400000000032,-0.00018699999999993722,-0.901527,0.37723200000000023,0.00041800000000002946,0.019869000000000026,0.30130999999999997,0.919742532817029,0.30130999999999997,0.69869,0.080257467182971,-0.8816579999999999
153,0.6375,jog,1.859333,-1.308136,0.904708,0.098415,-0.029378,-0.949207,-0.5661147108231449,0.32685385169189135,-0.13246940244780597,-0.34680072974512716,-0.3906718366246093,0.7404062300918222,-1.3429325653947781,0.9829613630909421,-0.03599712023038245,-0.020638348932093143,-0.02615790736739064,-0.012718982481401752,-0.20286499999999985,0.0029649999999998844,-0.8812559999999999,0.1798770000000003,-0.0016579999999999373,-0.9010279999999999,0.38274200000000014,0.004622999999999822,0.019772000000000012,0.30228,0.9405593180873658,0.30228,0.69772,0.059440681912634186,-0.8812559999999999
154,0.641667,jog,1.857013,-1.30689,0.904389,0.098047,-0.02932,-0.949642,-0.5567554595632014,0.29901607871366664,-0.07655387568993419,0.02552511595167526,0.1977029945532381,0.634136520185688,-1.3270938324933987,1.014878809695226,0.0009599232061436286,-0.013438924886075744,-0.018238540916771406,0.00023998080153580308,-0.206075,0.005948000000000064,-0.880933,0.1821409999999999,-0.0029799999999999827,-0.900708,0.3882159999999999,0.008928000000000047,0.019774999999999987,0.30225,0.9622395464197353,0.30225,0.69775,0.0377604535802647,-0.880933
155,0.645833,jog,1.854638,-1.305689,0.903865,0.097776,-0.029261,-0.950047,-0.5700912145943385,0.2882861257801264,-0.12578012481996365,0.014268348155933395,0.15122769074590448,0.6072728731826654,-1.3338934229476789,0.9642342774843817,-0.03144503120499341,-0.025444071051300372,-0.00984157465193416,0.004320691310609748,-0.20925700000000003,0.008763999999999994,-0.88054,0.18441000000000018,-0.004221999999999948,-0.900166,0.3936670000000002,0.012985999999999942,0.019626000000000032,0.30374,0.9539648166949454,0.30374,0.69626,0.04603518330505463,-0.88054
156,0.65,jog,1.852237,-1.304489,0.903512,0.096525,-0.029609,-0.950502,-0.57619390448766,0.2879769618430719,-0.08471322294217543,-0.02634917799712683,0.6563636924345881,0.527536068416715,-1.316054715622751,0.9764818814495007,0.0,-0.03071754259662276,-0.008399328053757375,0.010799136069114364,-0.21233999999999997,0.011633000000000004,-0.8801869999999999,0.18668300000000015,-0.005457000000000045,-0.899768,0.3990230000000001,0.01709000000000005,0.01958100000000007,0.30419000000000007,0.9439559331426199,0.30419000000000007,0.6958099999999999,0.05604406685738006,-0.8801869999999999
157,0.654167,jog,1.849879,-1.303285,0.903134,0.095424,-0.029562,-0.950893,-0.5658747300215604,0.28893688504918974,-0.09071274298055833,0.1404494283902569,0.526599427951881,0.4536305420646861,-1.2954163666906582,0.9582433405327293,0.009119270458363223,-0.02615790736744323,-0.008399328053757375,0.013438924886009031,-0.21538000000000013,0.014421999999999935,-0.879771,0.18893199999999988,-0.006696000000000035,-0.899334,0.404312,0.02111799999999997,0.019562999999999997,0.30437000000000003,0.9490264357269877,0.30437000000000003,0.69563,0.05097356427301225,-0.879771
158,0.658333,jog,1.847507,-1.302131,0.902611,0.095379,-0.029672,-0.951232,-0.5693710993759247,0.2770043206913416,-0.12554008641381512,-0.08937557026251262,0.0671258112903063,0.5432383456578732,-1.2671627460394073,0.9347095535286042,-0.00048007681228962615,-0.027604416706694727,0.00048007681230378377,-0.004320691310609758,-0.21828700000000012,0.0171619999999999,-0.8792500000000001,0.19118899999999983,-0.007848000000000077,-0.8988290000000001,0.40947599999999995,0.025009999999999977,0.019579000000000013,0.30421,0.9534256070337126,0.30421,0.69579,0.0465743929662874,-0.8792500000000001
159,0.6625,jog,1.845136,-1.300987,0.90234,0.094056,-0.029878,-0.951497,-0.5689944804415366,0.2745380369570495,-0.0650347972162273,0.07408332369498546,0.6515327392404381,0.2179517588934434,-1.2699784017278166,0.927765778737676,0.035757139428845376,-0.026157907367336655,0.011039116870647982,0.008399328053755605,-0.22120800000000007,0.01988399999999979,-0.87883,0.19345100000000004,-0.00894600000000012,-0.8985230000000001,0.4146590000000001,0.02882999999999991,0.01969300000000007,0.30307000000000006,0.9506529599312572,0.30307000000000006,0.6969299999999999,0.0493470400687428,-0.87883
160,0.666667,jog,1.842729,-1.29987,0.9018,0.094428,-0.030185,-0.951722,-0.5776337892968634,0.26805855531552775,-0.12958963282936906,-0.22904510365069172,-0.10407159179798829,0.42802144549682875,-1.2121430285577395,0.9008879289656843,0.016558675305975303,-0.018958483321319806,0.016558675305998617,0.010799136069114364,-0.22385200000000016,0.022521000000000013,-0.878221,0.19577900000000015,-0.009993999999999836,-0.897938,0.4196310000000003,0.03251499999999985,0.019716999999999985,0.30283000000000004,0.9543492984849601,0.30283000000000004,0.69717,0.045650701515039915,-0.878221
161,0.670833,jog,1.840393,-1.298715,0.901635,0.093393,-0.031155,-0.951872,-0.5607297167547082,0.2772443590974595,-0.03960633701394182,-0.308410860744232,0.6187285783586468,0.08028624164133497,-1.2037926068170879,0.8643783005280755,0.019203072491598694,-0.03792606817098522,0.027364378300515458,0.006481036965914569,-0.22653100000000004,0.02496699999999996,-0.877976,0.19795699999999994,-0.011034999999999906,-0.8977459999999999,0.424488,0.03600199999999987,0.019769999999999954,0.3023,0.9213093312245577,0.3023,0.6977,0.07869066877544229,-0.877976
162,0.675,jog,1.837893,-1.297536,0.901368,0.093608,-0.031804,-0.951926,-0.5999520038396755,0.28293736501080685,-0.06407487401008284,-0.3398572701828132,-0.0006522323828639924,0.12647150799423135,-1.149748020158376,0.8543316534677179,0.025437964962803244,0.011519078473733534,0.06335493160548115,-0.08231341492680523,-0.22882200000000008,0.027347999999999928,-0.8776029999999999,0.20050499999999993,-0.011949999999999905,-0.8978219999999999,0.429327,0.03929799999999983,0.020218999999999987,0.29781,0.8258191010238396,0.29781,0.70219,0.1741808989761604,-0.8776029999999999
163,0.679167,jog,1.835515,-1.296379,0.901107,0.093659,-0.032646,-0.951969,-0.5706743460523246,0.277657787377033,-0.06263498920085449,-0.40241734301156534,0.09963323799943394,0.08361159423007228,-1.1255099592032518,0.820254379649678,0.016318694504439624,-0.01295896328293725,0.013438924885969528,-0.028557715382769966,-0.23113399999999995,0.029608999999999996,-0.877274,0.20282899999999993,-0.013051000000000146,-0.89768,0.4339629999999999,0.04266000000000014,0.020406000000000035,0.29594,0.9431355769458193,0.29594,0.70406,0.05686442305418071,-0.877274
164,0.683333,jog,1.833061,-1.295193,0.900818,0.095221,-0.033334,-0.951853,-0.5890542486797778,0.2846855496879281,-0.06937109937589618,-0.542828394028417,-0.6201379722482084,0.07247329402787088,-1.041286605856925,0.8036485837733808,-0.00744119059049442,0.0004800768123570702,0.025204032645228438,0.019683149303888616,-0.23301799999999995,0.031770999999999994,-0.877016,0.20528500000000016,-0.014132000000000033,-0.897309,0.4383030000000001,0.04590300000000003,0.020293000000000005,0.29707000000000006,0.9466953175434247,0.29707000000000006,0.7029299999999999,0.05330468245657527,-0.877016
165,0.6875,jog,1.830291,-1.294099,0.900028,0.099215,-0.034929,-0.951669,-0.6647468202544132,0.2625389968802304,-0.18958483321333128,-1.3287755153085055,-1.5966961719128643,0.3875736319979671,-0.9644828413726816,0.7672186225102212,-0.030477561795055837,0.015838732901343647,0.04967602591794256,-0.030717542596592057,-0.23426699999999978,0.03387400000000018,-0.876353,0.20812100000000022,-0.015018999999999894,-0.8966470000000001,0.442388,0.048893000000000075,0.020294000000000034,0.29706,0.8991406309908354,0.29706,0.70294,0.10085936900916459,-0.876353
166,0.691667,jog,1.827352,-1.292857,0.899218,0.104171,-0.033915,-0.951794,-0.7053035757138902,0.2980561555076021,-0.19438444924408022,-0.31855400594882066,-2.363917195145456,1.0832286678185477,-0.890568754499638,0.7525797936165116,-0.03455723542116647,0.04127669786418519,-0.008159347252241243,0.04823614110871099,-0.235039,0.03576800000000002,-0.875687,0.2112320000000001,-0.01629500000000017,-0.895636,0.4462710000000001,0.05206300000000019,0.019948999999999995,0.30051,0.8933194534653763,0.30051,0.69949,0.10668054653462367,-0.875687
167,0.695833,jog,1.824519,-1.290862,0.899255,0.105353,-0.03557,-0.951353,-0.6800288046087574,0.4788766202592337,0.008881421027379916,-0.8843771304340862,-0.3480597686024811,-0.5043486444673604,-0.8379740758521677,0.7225156024963886,-0.020643302928468363,0.10801728276520381,0.01200192030727448,-0.04368698991838698,-0.23569700000000005,0.03678300000000001,-0.87581,0.214515,-0.018240000000000034,-0.8958550000000001,0.45021200000000006,0.055023000000000044,0.02004500000000009,0.29955,0.8047769612072627,0.29955,0.70045,0.19522303879273728,-0.87581
168,0.7,jog,1.822064,-1.289275,0.899771,0.103668,-0.040422,-0.950339,-0.5891528677706126,0.3808495320374455,0.12383009359250557,-1.8332069213315914,1.3308169011433335,-1.9239826764008643,-0.7984161267098443,0.6995440364770954,-0.06071514278857801,0.021598272138264273,0.01415886729062452,-0.023518118550516404,-0.2365689999999998,0.038111000000000006,-0.876579,0.21706000000000025,-0.019768000000000008,-0.896469,0.45362900000000006,0.057879000000000014,0.019889999999999963,0.30110000000000003,0.9417843858653172,0.30110000000000003,0.6989,0.05821561413468279,-0.876579
169,0.704167,jog,1.819533,-1.287997,0.899858,0.102886,-0.04259,-0.949902,-0.6073914086872617,0.3066954643628223,0.02087832973363537,-0.8189116105760137,0.6103361841550157,-0.8198456617048231,-0.7117830573554119,0.660667146628266,-0.06839452843772459,0.022798176145897648,0.01823854091671812,-0.008639308855291513,-0.237004,0.03958600000000012,-0.876951,0.21968600000000005,-0.020969999999999933,-0.8965920000000001,0.45669000000000004,0.060556000000000054,0.01964100000000002,0.30359,0.9492544783626921,0.30359,0.69641,0.050745521637307944,-0.876951
170,0.708333,jog,1.817093,-1.286698,0.899574,0.103264,-0.044757,-0.949534,-0.585693710993758,0.3118098895823716,-0.06817090734519006,-1.0123266285271304,0.09819346571929548,-0.4869919086285689,-0.6509841574652054,0.6435429668746835,-0.07153144503120486,0.054488718194852376,0.013442150744132493,0.0105616898703793,-0.23727600000000004,0.04096799999999989,-0.876965,0.2223529999999998,-0.02221300000000004,-0.896264,0.45962899999999984,0.06318099999999993,0.019298999999999955,0.30701,0.904820912660161,0.30701,0.69299,0.09517908733983904,-0.876965
171,0.7125,jog,1.813544,-1.285968,0.898322,0.109819,-0.04053,-0.950486,-0.8516918646508272,0.17518598512116434,-0.3004559635229233,0.782896925414712,-3.4289661197981918,2.7172553943826516,-0.5709143268538788,0.6148308135349013,-0.10295176385889106,-0.004799616030642376,0.013438924885969171,-0.026397888168946247,-0.23610600000000015,0.04279999999999995,-0.876142,0.22588200000000014,-0.0228870000000001,-0.895122,0.4619880000000003,0.06568700000000005,0.018979999999999997,0.31020000000000003,0.9499864041842256,0.31020000000000003,0.6898,0.05001359581577436,-0.876142
172,0.716667,jog,1.810218,-1.284169,0.898337,0.106008,-0.043799,-0.949574,-0.7981761459083069,0.4317254619630651,0.003599712023061712,-0.7752371026874401,2.065699568761467,-2.1662329489196432,-0.5022798176145631,0.5994720422366432,-0.0950323974082059,-0.010079193664530164,0.02639788816895936,0.022318214542836348,-0.2348730000000001,0.043498999999999954,-0.876553,0.22916599999999998,-0.024576000000000153,-0.8950440000000001,0.4640390000000001,0.06807500000000011,0.018491000000000035,0.31509,0.9399874701720072,0.31509,0.68491,0.06001252982799277,-0.876553
173,0.720833,jog,1.807117,-1.283137,0.896922,0.113289,-0.041119,-0.949417,-0.7443590974556171,0.24771963514161033,-0.33965434469517325,0.10478551814397147,-3.663962385600723,1.106303173854183,-0.4435909745559577,0.5285645703312757,-0.11041766682669563,-0.12049927988478527,-0.04200672107538184,0.10585693710994033,-0.23362000000000016,0.04466900000000007,-0.875598,0.231765,-0.02578300000000011,-0.893188,0.46538500000000016,0.07045200000000018,0.017589999999999995,0.32410000000000005,0.7236631875844532,0.32410000000000005,0.6759,0.27633681241554675,-0.875598
174,0.725,jog,1.80393,-1.281654,0.896518,0.116271,-0.042652,-0.948985,-0.7648188144948468,0.3558915286776793,-0.09695224382048401,-1.121455636051498,-1.1692241743171594,-0.09009608706964904,-0.33021358291332165,0.5092392608591171,-0.16798656107511253,-0.12119030477561167,-0.026877849771991626,0.07967362610991066,-0.23180899999999993,0.045308000000000126,-0.8758940000000001,0.23444700000000007,-0.027377999999999902,-0.892452,0.466256,0.07268600000000003,0.01655799999999996,0.33442000000000005,0.7541601951277055,0.33442000000000005,0.66558,0.2458398048722945,-0.8758940000000001
175,0.729167,jog,1.800779,-1.280085,0.896395,0.114323,-0.043998,-0.948916,-0.7561795056395733,0.3765298776098252,-0.02951763858890888,-0.2987173209330832,1.0543771400293995,-0.4889774012787126,-0.2644588432925726,0.48188144948403994,-0.16054715622750043,-0.06863450923926237,-0.0026397888168906074,0.06071514278857639,-0.22975999999999996,0.04574699999999998,-0.8764400000000001,0.2373120000000002,-0.02895800000000004,-0.8920760000000001,0.46707200000000015,0.07470500000000002,0.015635999999999983,0.34364,0.8472111759890888,0.34364,0.65636,0.1527888240109112,-0.8764400000000001
176,0.733333,jog,1.797707,-1.278623,0.895963,0.111383,-0.045391,-0.948862,-0.7373979836773791,0.35093614978392973,-0.10369659145465643,-0.164882642065701,1.5075658338442117,-0.647655508391682,-0.16346615458471703,0.436149783965424,-0.18771003360537708,-0.09265482477201614,0.012241958713399715,0.0792126740278445,-0.22736899999999993,0.04610200000000009,-0.87679,0.23999799999999993,-0.03036899999999987,-0.8913139999999999,0.46736699999999987,0.07647099999999996,0.014523999999999981,0.35476,0.7958117029599943,0.35476,0.64524,0.20418829704000574,-0.87679
177,0.7375,jog,1.794834,-1.277336,0.895257,0.108813,-0.045872,-0.948881,-0.6894648428125466,0.3088552915766807,-0.16942644588432423,0.1857666374448429,1.2207413692761095,-0.45703895431088754,-0.08663306935446435,0.36909047276218565,-0.2500599952003815,-0.07391408687304359,-0.03407727381811505,0.09479241660667062,-0.22485700000000008,0.04635300000000009,-0.877126,0.24256299999999986,-0.03179799999999999,-0.8902129999999999,0.46741999999999995,0.07815100000000008,0.01308699999999996,0.36912999999999996,0.7917656563489424,0.36912999999999996,0.63087,0.20823434365105764,-0.877126
178,0.741667,jog,1.791865,-1.276294,0.893735,0.113051,-0.044947,-0.948474,-0.7125029997600326,0.2500599952003857,-0.3652507799376175,-0.19055910467143744,-2.0781648985359196,0.14956309205427645,-0.0175185985121169,0.34437245020395496,-0.2505399568034604,-0.07175425965924044,0.0259179265658745,0.09119270458363507,-0.22196100000000007,0.046745999999999954,-0.876648,0.2452329999999998,-0.03273199999999998,-0.888311,0.4671939999999999,0.07947799999999994,0.011662999999999979,0.38337,0.8018381549086854,0.38337,0.61663,0.19816184509131463,-0.876648
179,0.745833,jog,1.788618,-1.274832,0.893336,0.111927,-0.046418,-0.948129,-0.7794047047527598,0.350936149783983,-0.09577532405183074,-0.44784621239146516,0.6712490310016548,-0.7526856784479677,0.06649063850218016,0.27964474315892507,-0.2587614018242923,-0.07105136821893274,0.0316850696111428,0.06841094575132008,-0.218437,0.04644899999999996,-0.877327,0.24818399999999974,-0.03406200000000004,-0.887627,0.46662099999999973,0.080511,0.010300000000000087,0.397,0.8273386578955193,0.397,0.603,0.1726613421044807,-0.877327
180,0.75,jog,1.784656,-1.271708,0.896076,0.096088,-0.054687,-0.947946,-0.950803935685143,0.7497000239980516,0.6575473962082898,-1.278556937122201,8.259308185195742,-2.9778076491874854,0.1490280777537744,0.21478281737463004,-0.2512598992080613,-0.035517158627265136,0.011759059275249667,0.0854331653467717,-0.213854,0.04422000000000015,-0.881114,0.25199799999999994,-0.037136999999999976,-0.890011,0.46585199999999993,0.08135700000000012,0.008897000000000044,0.41103,0.8445564610080598,0.41103,0.58897,0.1554435389919402,-0.881114
181,0.754167,jog,1.781571,-1.270236,0.895599,0.094237,-0.055509,-0.947646,-0.7403407727381763,0.353251739860842,-0.11447084233260044,-0.0526472472616641,0.909764713884011,-0.760091878017661,0.17374610031196097,0.24142068634505223,-0.26973842092632383,-0.015598752099774226,0.011519078473733534,0.08735301175905855,-0.21004500000000004,0.04375399999999985,-0.881761,0.2550180000000002,-0.03856100000000007,-0.88917,0.4650630000000002,0.08231499999999992,0.007408999999999999,0.42591,0.8508677050835916,0.42591,0.57409,0.14913229491640845,-0.881761
182,0.758333,jog,1.778237,-1.268802,0.895052,0.093744,-0.056336,-0.947147,-0.8002880460873609,0.34421507441189014,-0.13130100816132376,-0.2474115405567341,0.2789305148622678,-0.8375925012185593,0.24195871339417166,0.1092174747959899,-0.2117138742198748,-0.012001920307327779,0.011521843494970707,0.0722515602496399,-0.20570299999999997,0.04277500000000001,-0.882096,0.2583019999999998,-0.039946999999999955,-0.888322,0.4640049999999998,0.08272199999999996,0.006225999999999954,0.43774,0.8764294294397216,0.43774,0.56226,0.12357057056027843,-0.882096
183,0.7625,jog,1.774879,-1.267241,0.894317,0.094469,-0.057613,-0.946671,-0.805855531557484,0.374610031197493,-0.17638588912885628,-0.6521659863237659,-0.19389829551631171,-0.5731669247742419,0.3244540436764635,0.05975521958242103,-0.21934245260379584,-0.02543796496273565,0.01199904007676612,0.10247180225582156,-0.2009930000000002,0.04146300000000003,-0.882275,0.26155400000000006,-0.041457999999999995,-0.8871600000000001,0.46254700000000026,0.08292100000000002,0.004885000000000028,0.45115,0.8228972576772533,0.45115,0.5488500000000001,0.1771027423227467,-0.882275
184,0.766667,jog,1.771584,-1.265762,0.893605,0.093957,-0.058652,-0.946276,-0.7907367410607206,0.3549316054715615,-0.17086633069355422,-0.3545537980097986,0.3326402328680403,-0.6606957629865524,0.2745380369570495,0.011759059275249667,-0.1905447564194853,-0.020638348932092595,0.01535877129831138,0.10751139908807204,-0.19655400000000012,0.040032999999999985,-0.882357,0.2647630000000001,-0.04287299999999994,-0.886,0.4613170000000002,0.08290599999999992,0.003643000000000063,0.46357000000000004,0.8157557913143586,0.46357000000000004,0.53643,0.1842442086856414,-0.882357
185,0.770833,jog,1.768178,-1.264312,0.892884,0.094382,-0.060134,-0.945767,-0.817570811329817,0.3480556889102137,-0.17306769083052595,-0.6971541024457034,-0.032604390267798475,-0.6569966872108363,0.2306769083053262,-0.05280844935186913,-0.09793566970715274,-0.005760921747538653,0.019923187710046853,0.10633701392222744,-0.1921870000000001,0.03836300000000015,-0.882044,0.26814499999999986,-0.044239999999999835,-0.884836,0.46033199999999996,0.08260299999999998,0.0027919999999999057,0.5452311985451428,0.8194323598742702,0.5452311985451428,0.4547688014548572,0.1805676401257298,-0.882044
186,0.775,jog,1.764594,-1.262847,0.892297,0.095113,-0.06068,-0.945464,-0.8600911927045847,0.3515718742500692,-0.1408687305015598,-0.3362723687656664,-0.28303598657521445,-0.32170638609638985,0.21574274058074785,-0.10895128389727646,-0.06095512359011251,-0.008159347252187955,0.026877849771991626,0.1060715142788568,-0.1877040000000001,0.03644400000000014,-0.881711,0.271695,-0.045592999999999995,-0.883807,0.4593990000000001,0.08203700000000014,0.0020959999999999868,0.563605690886023,0.8171205626545998,0.563605690886023,0.43639430911397703,0.18287943734540024,-0.881711
187,0.779167,jog,1.761015,-1.261366,0.891918,0.094434,-0.060902,-0.945372,-0.8588912886968975,0.35541156707464705,-0.0909527237821011,0.01679551335011505,0.3233152283414144,-0.24851367669976696,0.1636669066474841,-0.11783057355411938,-0.04511639068874471,-0.08039356851456532,0.031437485001224445,0.2119030477561779,-0.18344300000000002,0.03447200000000006,-0.88152,0.2749389999999998,-0.04694299999999996,-0.882545,0.45838199999999985,0.08141500000000002,0.0010250000000000536,0.6453245964313719,0.6186488095306326,0.6186488095306326,0.35467540356862814,0.3813511904693674,-0.88152
188,0.783333,jog,1.757011,-1.259933,0.891178,0.096441,-0.060784,-0.945151,-0.9611137782045128,0.34397503600577406,-0.17762842054728326,-0.24417636737703655,-0.9405439529482823,-0.004292078626845986,0.17450792126738862,-0.13130100816132725,-0.1044167066730703,0.0021603456553936765,0.031204992798839856,0.1483437349976036,-0.1787120000000002,0.032491999999999965,-0.8812150000000001,0.2789520000000001,-0.04824600000000001,-0.881187,0.4576640000000003,0.08073799999999998,2.8000000000028002e-05,0.596557115560689,0.7470438657118692,0.596557115560689,0.403442884439311,0.2529561342881308,-0.881187
189,0.7875,jog,1.753045,-1.258397,0.890363,0.098912,-0.06076,-0.944946,-0.9517638588913141,0.3686105111591001,-0.1955843532517408,-0.3651073454188488,-1.1295457913294416,0.111581662926724,0.16342692584596796,-0.14110871130310257,-0.1499880009599218,-0.02639788816901265,0.03479721622271673,0.16414686825053884,-0.17406499999999991,0.03036799999999995,-0.8810250000000001,0.28280799999999995,-0.04963699999999993,-0.879688,0.45687299999999986,0.08000499999999988,0.0013370000000000326,0.5618332733325787,0.7035326025812654,0.5618332733325787,0.4381667266674213,0.2964673974187346,-0.879688
190,0.791667,jog,1.749051,-1.256831,0.889598,0.100824,-0.061302,-0.944761,-0.9584833213342987,0.37580993520517025,-0.18358531317494836,-0.5396169047139017,-0.7916642829198934,0.07588173002594613,0.11615070794334659,-0.13750899928004087,-0.13678905687544918,0.008879289656896213,0.1773458123349694,0.17902567794576302,-0.16958699999999993,0.02822900000000006,-0.88083,0.2868390000000003,-0.050464000000000064,-0.878177,0.4564260000000002,0.07869300000000012,0.0026530000000000165,0.6232044544981481,0.5532168610022006,0.5532168610022006,0.3767955455018519,0.4467831389977994,-0.878177
191,0.795833,jog,1.745193,-1.255314,0.888803,0.101933,-0.061834,-0.944595,-0.9260681709073246,0.364138262121937,-0.19083053288525914,-0.40713933958765686,-0.4340517970512518,-0.03471693001275652,0.047047527604437075,-0.0607297167546948,-0.15578492558809404,0.006721075372039597,0.0897743638982468,0.24387902064330264,-0.16553299999999993,0.02645900000000001,-0.880684,0.2907250000000001,-0.05160699999999996,-0.876366,0.45625800000000005,0.07806599999999997,0.004318000000000044,0.710505654481993,0.5235456899894969,0.5235456899894969,0.289494345518007,0.4764543100105031,-0.876366
192,0.8,jog,1.74114,-1.253635,0.888143,0.103519,-0.062303,-0.944471,-0.9726421886249228,0.4029277657787313,-0.15838732901367625,-0.46104458443865326,-0.6490280998354951,0.11654502717660709,0.03479721622266345,-0.016078713702913066,-0.1497480201583861,0.023038156947467067,0.10823134149267477,0.2586993040556734,-0.161335,0.024712999999999985,-0.880648,0.2948740000000003,-0.052834999999999965,-0.874628,0.4562090000000003,0.07754799999999995,0.006020000000000025,0.7423727885288542,0.47084694064647864,0.47084694064647864,0.25762721147114576,0.5291530593535214,-0.874628
193,0.804167,jog,1.737171,-1.252039,0.887445,0.104787,-0.062794,-0.944404,-0.9524838012958878,0.38300935925130386,-0.16750659947203977,-0.4267972063652718,-0.49633486566666646,0.15192740934511886,0.00815934725224146,0.03695704343652278,-0.09215262778977852,0.04727621790256935,0.11231101511877174,0.28197744180466117,-0.15733200000000003,0.02327099999999982,-0.8803340000000001,0.2990400000000002,-0.053963000000000205,-0.8727550000000001,0.4563720000000002,0.07723400000000002,0.007579000000000002,0.8339636517730634,0.42421,0.42421,0.16603634822693658,0.57579,-0.8727550000000001
194,0.808333,jog,1.733219,-1.250388,0.886793,0.106028,-0.062834,-0.944304,-0.9486317810849623,0.39630340854533025,-0.15650504080652555,-0.2093489913955478,-0.5580230239549686,0.07787122874381494,0.01728276524245606,0.07105136821893274,-0.07609217474795972,0.12097935669703254,0.10057609217478851,0.3005280844935191,-0.153308,0.021916000000000047,-0.8799990000000001,0.303496,-0.05519499999999988,-0.870851,0.456804,0.07711099999999993,0.009148000000000045,0.8241132785783682,0.40852,0.40852,0.17588672142163175,0.59148,-0.870851
195,0.8125,jog,1.729661,-1.248847,0.886022,0.10561,-0.063566,-0.944092,-0.8538516918646856,0.3698104151667873,-0.18502519798417838,-0.2439150480438745,0.26628859053733867,-0.3750497650614494,-0.005279577633781215,0.1137508999280254,-0.05375569954403592,-0.19414446844248415,0.023998080153584886,0.35517158627309514,-0.1497719999999998,0.020849000000000117,-0.879452,0.3062450000000003,-0.05663599999999991,-0.8685999999999999,0.4560170000000001,0.07748500000000003,0.010852000000000084,0.7901269139595217,0.39148,0.39148,0.20987308604047827,0.60852,-0.8685999999999999
196,0.816667,jog,1.725968,-1.247044,0.885364,0.10807,-0.064298,-0.943472,-0.8862491000719745,0.4326853851691829,-0.1579073674105907,-0.6661662264569536,-1.0660619345356022,-0.4594984824569134,-0.00623950083995232,0.12047036237100998,-0.047756179505639276,-0.039596832253518975,0.06839452843769295,0.44660427165826433,-0.14610499999999993,0.01954800000000012,-0.878993,0.30977299999999985,-0.05815400000000004,-0.866081,0.4558779999999998,0.07770200000000016,0.012912000000000035,0.7837652236475552,0.37088,0.37088,0.2162347763524448,0.62912,-0.866081
197,0.820833,jog,1.722488,-1.245541,0.884882,0.108307,-0.065195,-0.943073,-0.8353336533845236,0.36077772443591716,-0.11569851176190425,-0.40394793451083494,-0.02546539331405568,-0.5305221681962364,-0.03504560729716259,0.1005760921747352,-0.06769083053288524,0.028564570331301532,0.13514162265964733,0.38670187229956715,-0.14277099999999998,0.018464000000000036,-0.8787929999999999,0.313372,-0.05909399999999998,-0.863988,0.45614299999999997,0.07755800000000002,0.014804999999999957,0.7896709360826895,0.35195,0.35195,0.21032906391731054,0.64805,-0.863988
198,0.825,jog,1.718954,-1.244234,0.884609,0.107218,-0.064789,-0.942761,-0.8480921526277881,0.3136549076073847,-0.06551475881928795,0.40861358710037377,0.3723264241243568,-0.7017842339953413,-0.01631869450442963,0.06047516198702274,-0.046556275497960986,0.04535637149033366,0.05639548836092865,0.29085673146148894,-0.139305,0.017409000000000008,-0.878714,0.3170950000000001,-0.06016599999999994,-0.862503,0.45640000000000014,0.07757499999999995,0.016210999999999975,0.8699248956699803,0.3383477379165072,0.3383477379165072,0.13007510433001968,0.6616522620834928,-0.862503
199,0.829167,jog,1.715395,-1.24268,0.88409,0.109101,-0.06617,-0.942223,-0.8540916726662018,0.3729301655867635,-0.12455003599710396,-0.8855696110707055,-0.6962431644020526,-0.40317458587798066,-0.03383729301659892,0.04607631389488085,-0.060235181185504784,0.0695944324453269,0.03479721622271673,0.3762898968082525,-0.1358870000000001,0.016046999999999922,-0.8784460000000001,0.3209439999999999,-0.061574999999999935,-0.8604160000000001,0.456831,0.07762199999999986,0.01802999999999999,0.861593732547164,0.3197,0.3197,0.13840626745283602,0.6803,-0.8604160000000001
200,0.833333,jog,1.711545,-1.241514,0.884159,0.108807,-0.06541,-0.94216,-0.9241478636581628,0.2798847815650503,0.016562650024000404,0.40937712409556054,0.0021941247061189446,-0.18516767026626416,-0.05928948631778349,0.01464234277486527,-0.05712914066250584,0.04848775804134839,-0.011761881901095944,0.3797407585213632,-0.13228400000000007,0.01494200000000001,-0.878753,0.32499600000000006,-0.0627899999999999,-0.858903,0.45728000000000013,0.07773199999999991,0.019850000000000034,0.8606226135969158,0.3015,0.3015,0.13937738640308417,0.6985,-0.858903
201,0.8375,jog,1.706876,-1.240057,0.884327,0.106439,-0.06419,-0.943071,-1.12047036237101,0.34965202783778027,0.04031677465801409,0.8442081645284009,0.9900333596513695,0.8923854038623462,-0.0895128389728711,0.028077753779678864,-0.030477561795056254,0.008639308855220221,0.05663546916244328,0.4468442524597996,-0.127988,0.013601999999999892,-0.8790479999999999,0.3297009999999998,-0.06401100000000004,-0.857209,0.4576889999999998,0.07761299999999993,0.021838999999999942,0.8356005003786771,0.28161,0.28161,0.16439949962132294,0.71839,-0.857209
202,0.841667,jog,1.704074,-1.238579,0.883253,0.113725,-0.067776,-0.941119,-0.6724262059035157,0.3546916246699921,-0.25773938084953474,-2.6301183541083,-2.946332760273668,-1.4173799757517629,-0.028317734581248283,0.015118790496795246,-0.02903767698584081,-0.06407487401008284,0.20302375809932707,0.776337892968557,-0.12530400000000008,0.01218700000000017,-0.878095,0.33223599999999975,-0.064643,-0.8529,0.45753999999999984,0.07683000000000018,0.025194999999999967,0.9278570361744196,0.24805,0.24805,0.07214296382558039,0.75195,-0.8529
203,0.845833,jog,1.699472,-1.237161,0.883314,0.111437,-0.066933,-0.941979,-1.1046567450792402,0.3403744599136289,0.01464234277486566,0.6633578232481228,1.0067643835330586,0.8215524790843461,-0.003360537686019888,0.00960153624575588,-0.0264042246759488,-0.19059049447911233,0.1961113778204726,0.5830532885261787,-0.12071600000000005,0.010808999999999847,-0.878266,0.3360439999999998,-0.06524400000000008,-0.8505320000000001,0.45675999999999983,0.07605299999999993,0.027733999999999925,0.952839935899237,0.22266000000000002,0.22266000000000002,0.04716006410076301,0.7773399999999999,-0.8505320000000001
204,0.85,jog,1.696894,-1.235837,0.881881,0.118489,-0.071582,-0.939967,-0.6186705063595325,0.3177345812334703,-0.34389248860091354,-3.083111063132462,-2.684048646845029,-1.4277589073186627,0.0019198464122889224,0.01439884809219356,-0.021118310535157125,-0.33549316054715617,0.09935205183588512,0.6301895848332093,-0.11812999999999985,0.009545000000000137,-0.8769210000000001,0.33722399999999997,-0.06615399999999982,-0.846473,0.4553539999999998,0.07569899999999996,0.03044800000000003,0.9572801218371947,0.19551999999999997,0.19551999999999997,0.042719878162805314,0.8044800000000001,-0.846473
205,0.854167,jog,1.691675,-1.234368,0.882741,0.114204,-0.066686,-0.9419,-1.2524598032157002,0.3525317974562403,0.20638348932084602,2.736896680464886,1.4187908907841533,1.8476118945536526,0.027117830573561045,0.019918406527437624,-0.025917926565874435,-0.2644588432925193,0.24766018718500457,0.754259659227256,-0.11279799999999995,0.008158999999999805,-0.877889,0.3413409999999999,-0.06659100000000007,-0.84419,0.45413899999999985,0.07474999999999987,0.033699000000000034,0.9292135729605775,0.16301000000000004,0.16301000000000004,0.0707864270394225,0.8369899999999999,-0.84419
206,0.858333,jog,1.687745,-1.233225,0.882393,0.117005,-0.065861,-0.942175,-0.9433509361497806,0.2743638982236902,-0.08353336533845768,-0.12730922761105243,-1.3189102999768163,0.9507131960018017,0.039126260201611404,0.014402304368740034,-0.03216514642342783,-0.380940950552036,0.27964474315892507,0.8163706192990876,-0.10870500000000005,0.007076000000000082,-0.877675,0.3436840000000001,-0.06656899999999988,-0.840441,0.45238900000000015,0.07364499999999996,0.03723399999999999,0.9122363139363157,0.12766,0.12766,0.08776368606368434,0.87234,-0.840441
207,0.8625,jog,1.685319,-1.232274,0.880013,0.127046,-0.072583,-0.939915,-0.582193424526043,0.22822174226059921,-0.5711543076553682,-4.511535235698367,-3.721757723613487,-1.0335024051479085,0.030237580993537207,0.011279097672164114,-0.04127669786417062,-0.5195584353252167,0.3011759059274717,0.7139428845692286,-0.10615299999999994,0.006172000000000066,-0.875467,0.34394499999999995,-0.06626500000000002,-0.835086,0.4500979999999999,0.07243700000000008,0.040381,0.9126740598675004,0.09619,0.09619,0.08732594013249961,0.90381,-0.835086
208,0.866667,jog,1.681252,-1.229563,0.880983,0.121894,-0.078182,-0.939421,-0.9760019198464411,0.6505879529638064,0.23278137748978495,-1.645728369025414,3.0461507141981676,-1.5896751575701795,-0.008639308855327025,0.020158387329007578,-0.0292776577873775,-0.6582673386129624,0.093832493400537,1.321334293256564,-0.10212200000000005,0.0035449999999999093,-0.876559,0.3452689999999998,-0.06858500000000012,-0.83055,0.44739099999999987,0.07213000000000003,0.04600899999999997,0.9390314406454074,0.03991,0.03991,0.060968559354592555,0.96009,-0.83055
209,0.870833,jog,1.67739,-1.228169,0.880314,0.12342,-0.079672,-0.939187,-0.9270283245319322,0.3346135381660812,-0.16058569371097436,-0.924338226644146,-0.4694362696451985,0.05830460410529385,-0.01848295727313554,0.01944311089774308,-0.027844455112817978,-0.5852136341814009,0.5168026884301656,1.1637061929908772,-0.0983369999999999,0.0022320000000000118,-0.8760060000000001,0.34669300000000014,-0.06782599999999994,-0.825033,0.44503000000000004,0.07005799999999995,0.050973000000000046,0.9355586409664607,0.0,0.0,0.06444135903353931,1.0,-0.825033
210,0.875,jog,1.673738,-1.226676,0.879798,0.124218,-0.081231,-0.938895,-0.8764098872090138,0.3582913366930538,-0.12383009359252892,-0.8232117406710614,-0.15095022246764322,-0.17836258391284252,-0.003599712023061712,0.01535877129831138,-0.029277657787376926,-0.808255339572837,0.4986801055915547,0.8740100791936594,-0.0947,0.0008030000000001092,-0.875612,0.3469770000000001,-0.06724099999999988,-0.820875,0.4416770000000001,0.068044,0.054736999999999925,0.9445715920218412,0.0,0.0,0.055428407978158845,1.0,-0.820875
211,0.879167,jog,1.670162,-1.225344,0.879068,0.125106,-0.082304,-0.938559,-0.8581713462922957,0.31965442764581253,-0.175185985121191,-0.6066353289672998,-0.2748768099653953,-0.24842190822346788,-0.0011999040076872372,0.019438444924405357,-0.026637868970482155,-0.854571634269234,0.49988000959924195,0.9534437245020303,-0.09112900000000002,-0.00044800000000000395,-0.8749929999999999,0.3469920000000002,-0.06648999999999994,-0.816172,0.4381210000000002,0.06604199999999993,0.0588209999999999,0.9450033088370213,0.0,0.0,0.05499669116297867,1.0,-0.816172
212,0.883333,jog,1.66649,-1.223838,0.878864,0.125343,-0.084296,-0.938231,-0.881421027364353,0.3614978396543462,-0.04896783485357221,-0.9241526092786979,0.1565614084365489,-0.32234799970094347,0.0019203072491617847,0.013682189150257729,-0.025924147863658067,-0.9282285165626649,0.6144983197311314,1.2753240518482978,-0.08744900000000011,-0.0018970000000000375,-0.8748969999999999,0.346797,-0.06543600000000005,-0.810655,0.43424600000000013,0.06353900000000001,0.06424199999999991,0.951039944786835,0.0,0.0,0.048960055213165043,1.0,-0.810655
213,0.8875,jog,1.662678,-1.222249,0.87929,0.121239,-0.084727,-0.938508,-0.9148068154547634,0.38132949364053104,0.10223182145429459,0.47079314163260133,1.9019281732403466,-0.45364804449413293,0.0040796736261473725,0.010319174466046572,-0.022558195344372856,-0.9493640508759649,0.6820254379649785,1.0599952003839872,-0.08362000000000003,-0.003443000000000085,-0.875417,0.3466529999999999,-0.0641830000000001,-0.806664,0.4302729999999999,0.060740000000000016,0.06875299999999995,0.9581006074112088,0.0,0.0,0.04189939258879116,1.0,-0.806664
214,0.891667,jog,1.658223,-1.22108,0.877859,0.130668,-0.07957,-0.938291,-1.069114470842348,0.28053755699543237,-0.34341252699785463,0.7973330131834155,-4.958816072159209,1.463667771926481,0.011279097672164114,0.008159347252241243,-0.0160787137029037,-1.050395968322491,0.7717782577394008,1.0326373890088718,-0.07911800000000002,-0.004577999999999971,-0.874053,0.3467310000000001,-0.06213599999999997,-0.8009299999999999,0.42584900000000014,0.057558,0.07312300000000005,0.9645537172368597,0.0,0.0,0.035446282763140324,1.0,-0.8009299999999999
215,0.895833,jog,1.653836,-1.219312,0.877556,0.135831,-0.078243,-0.938129,-1.053048487758021,0.424387902064328,-0.07273163706191599,-0.26455270785197943,-2.480279995030539,0.8833799726991639,0.005760921747485354,0.006721075372039597,-0.013922227556408989,-1.2172347575612203,0.8670187229956663,1.0571291406625065,-0.07470700000000008,-0.006318000000000046,-0.873808,0.346047,-0.06029200000000001,-0.796223,0.4207540000000001,0.053973999999999966,0.07758500000000002,0.972503056045074,0.0,0.0,0.027496943954925968,1.0,-0.796223
216,0.9,jog,1.649701,-1.216573,0.87988,0.120189,-0.073272,-0.940221,-0.9923206143508443,0.6573074154067737,0.5577153827693725,4.72236330508161,6.392828316407989,-0.5553327913036182,-0.0021598272138050553,0.004799616030695663,-0.0043196544276458086,-1.2531797456203553,0.8665706743460531,0.9064074874010016,-0.070581,-0.009037000000000184,-0.87615,0.34495999999999993,-0.05942000000000003,-0.79477,0.41554099999999994,0.050382999999999845,0.08138000000000001,0.9886518990808197,0.0,0.0,0.01134810091918026,1.0,-0.79477
217,0.904167,jog,1.645376,-1.214934,0.880888,0.111599,-0.064632,-0.942257,-1.0379169666426928,0.39332853371728665,0.24190064794816443,5.188860631581106,2.744755043710735,0.9718634684382514,-0.016558675305998617,-0.0011999040076339509,-0.01751859851211883,-1.3422126229901408,0.950083993280488,0.8236141108711218,-0.06632499999999997,-0.01068099999999994,-0.877231,0.3436920000000001,-0.05710000000000015,-0.792346,0.4100170000000001,0.04641900000000021,0.08488499999999999,0.959773875564855,0.0,0.0,0.04022612443514495,1.0,-0.792346
218,0.908333,jog,1.640949,-1.213365,0.878907,0.116466,-0.06495,-0.942103,-1.0626500240038583,0.37662025924147197,-0.4755160825732266,-0.9456713139341208,-2.119313368947231,0.7435240821129584,-0.02328372539606727,-0.010561689870416746,-0.02496399423907888,-1.5038406144983503,0.9522323571771859,0.7731637061930113,-0.06199500000000002,-0.012294000000000027,-0.875354,0.3418540000000001,-0.05470200000000003,-0.787144,0.4038490000000001,0.042408,0.08821000000000001,0.9404441865509734,0.0,0.0,0.05955581344902661,1.0,-0.787144
219,0.9125,jog,1.636544,-1.211911,0.876394,0.119372,-0.070342,-0.942076,-1.0571154307655288,0.3489320854331786,-0.6030717542596516,-2.9925385541368885,-0.449908263651463,0.7917383472671718,-0.015598752099827513,-0.014398848092140275,-0.021598272138228833,-1.6436285097192351,0.9452843772498456,0.6220302375809881,-0.05765500000000001,-0.013808000000000042,-0.872931,0.33941,-0.05221699999999996,-0.782039,0.397065,0.038408999999999915,0.09089199999999997,0.9495263200379149,0.0,0.0,0.05047367996208507,1.0,-0.782039
220,0.916667,jog,1.631976,-1.210118,0.875528,0.118166,-0.069332,-0.943028,-1.0962323014158557,0.43028557715380844,-0.20782337413007604,0.5369413241934188,0.5276126941637113,1.1722684948406263,-0.005759539236866767,-0.0023998080153744745,-0.010319174466042655,-1.6457883369330402,1.128869690424714,0.663546916246696,-0.05311100000000013,-0.015611000000000042,-0.872108,0.33711999999999986,-0.04930600000000007,-0.778408,0.390231,0.03369500000000003,0.0937,0.9799018566092198,0.0,0.0,0.0200981433907802,1.0,-0.778408
221,0.920833,jog,1.627594,-1.208329,0.87385,0.116992,-0.069673,-0.943836,-1.0518482957273416,0.4294287085933844,-0.40278444551127124,-0.07817155047638362,0.6983020219448217,1.0293823070903285,0.0141622659625615,0.004560729716752576,-0.010561689870379197,-1.6807489198271597,1.1015362457993694,0.4990398463754191,-0.04866999999999999,-0.01738100000000009,-0.870474,0.3345,-0.046505999999999936,-0.774651,0.38317,0.029124999999999845,0.09582299999999999,0.9695898716770918,0.0,0.0,0.030410128322908236,1.0,-0.774651
222,0.925,jog,1.623433,-1.206537,0.873061,0.112842,-0.070216,-0.945077,-0.9985601151907967,0.43004559635229234,-0.18934485241181512,0.2577634107304667,2.1099532301142507,1.1185568654291616,0.014878809695225826,0.005519558435350634,-0.005279577633789229,-2.0007199424046016,1.151667866570665,0.4276457883369312,-0.0444469999999999,-0.01915,-0.869707,0.33032400000000006,-0.043498999999999954,-0.77208,0.37477099999999997,0.024348999999999954,0.09762700000000002,0.9721253578369154,0.0,0.0,0.02787464216308455,1.0,-0.77208
223,0.929167,jog,1.618945,-1.204525,0.873277,0.105966,-0.068922,-0.946417,-1.077033837292995,0.48284137269017063,0.051835853131749,1.5404159858680262,3.054129660556714,0.6767894011696196,0.01847852171828803,0.015838732901344067,0.004559635229181733,-2.2390208783297907,1.3023758099351936,0.5121190304775708,-0.03988199999999997,-0.021096000000000004,-0.869904,0.3254819999999998,-0.04008400000000001,-0.770162,0.3653639999999998,0.018988000000000005,0.099742,0.9587315193507012,0.0,0.0,0.04126848064929878,1.0,-0.770162
224,0.933333,jog,1.614818,-1.202699,0.871523,0.109424,-0.066421,-0.946997,-0.990638502160343,0.43831012962076427,-0.4210273643782816,0.5329139380220628,-1.81439272663934,1.4789124447236737,0.006961113778164833,0.010561689870416465,-0.015602496399423885,-2.295007201152166,1.2153144503120585,0.36341814690350466,-0.035726000000000147,-0.022877999999999954,-0.8682150000000001,0.3200479999999999,-0.036847000000000074,-0.7668940000000001,0.35577400000000003,0.01396900000000012,0.101321,0.9665234621195742,0.0,0.0,0.033476537880425816,1.0,-0.7668940000000001
225,0.9375,jog,1.610627,-1.20072,0.870276,0.110188,-0.062385,-0.947886,-1.0057595392368668,0.47492200623948594,-0.29925605951523604,1.6354330977469906,-0.7988904412689813,1.3947216636603113,0.009839212862960744,0.021598272138210414,0.005999520038396846,-2.3650107991360385,1.2596592272618237,0.34509239260858743,-0.03149400000000013,-0.024766999999999983,-0.866943,0.314384,-0.03357699999999997,-0.764209,0.34587800000000013,0.008809999999999985,0.10273399999999999,0.9591993426724392,0.0,0.0,0.040800657327560774,1.0,-0.764209
226,0.941667,jog,1.606652,-1.198791,0.86863,0.112329,-0.060564,-0.948294,-0.9539236861051191,0.46292296616272016,-0.3950083993280595,0.44711157922645195,-1.1552740571334916,1.0188321890305556,0.016558675305998617,0.0335973122150295,0.007919366450683895,-2.3729301655867636,1.2303815694744042,0.23134149268058535,-0.027449999999999974,-0.026556000000000024,-0.865264,0.30847099999999994,-0.030379000000000156,-0.761599,0.3359209999999999,0.003823000000000132,0.10366500000000001,0.9361928800353955,0.0,0.0,0.06380711996460453,1.0,-0.761599
227,0.945833,jog,1.602448,-1.196961,0.867893,0.112697,-0.058823,-0.949121,-1.0091214594334785,0.4392702832453185,-0.17690830532884952,0.6309176346470573,-0.2933733123044029,1.3544582345234997,0.013442150744132493,0.012722035525650186,-0.00024003840614501487,-2.4918386941910624,1.2400384061449832,0.19851176188189962,-0.023190000000000044,-0.028333000000000164,-0.8645280000000001,0.30229399999999984,-0.02704300000000015,-0.760035,0.3254839999999999,0.0012900000000000134,0.10449300000000006,0.9691509399125574,0.0,0.0,0.030849060087442592,1.0,-0.760035
228,0.95,jog,1.598047,-1.195218,0.867406,0.108523,-0.066945,-0.949302,-1.056155507559439,0.4182865370770538,-0.11687065034797803,-3.1592954367065027,3.0561417325357194,-0.18137056093799947,0.012239020878335546,-0.0031197504199229563,-0.01055915526757874,-2.5869930405568073,1.404127669786456,0.298536117110639,-0.01873799999999992,-0.030089000000000032,-0.864085,0.29591499999999993,-0.02293500000000015,-0.758304,0.31465299999999985,0.007153999999999883,0.10578100000000001,0.972562078415905,0.0,0.0,0.02743792158409497,1.0,-0.758304
229,0.954167,jog,1.594232,-1.193195,0.866184,0.115315,-0.056591,-0.950075,-0.9155267578593407,0.4854811615070484,-0.29325653947685315,3.6501136363453415,-4.386407346298225,2.2260829580857155,0.017758579313632568,0.0021598272138050553,-0.013438924886009031,-2.508279337652946,1.4048476121910203,0.18046556275497552,-0.014849000000000112,-0.03210299999999999,-0.862919,0.2892779999999999,-0.01910400000000001,-0.75633,0.30412700000000004,0.012998999999999983,0.10658900000000004,0.9627084797051713,0.0,0.0,0.03729152029482874,1.0,-0.75633
230,0.958333,jog,1.590198,-1.191118,0.865523,0.117545,-0.054121,-0.950432,-0.9683149303888838,0.4985597695631553,-0.15866538646181258,0.7416855757388315,-1.290290174309981,0.9890621028346699,0.02064330292847586,0.0019203072491617847,-0.006240998559769554,-2.492078732597241,1.4301488238117868,0.09385501680268896,-0.010728999999999989,-0.03417200000000009,-0.862284,0.2829299999999999,-0.015223000000000209,-0.755278,0.2936589999999999,0.018948999999999883,0.10700600000000005,0.9639143149822903,0.0,0.0,0.0360856850177097,1.0,-0.755278
231,0.9625,jog,1.586089,-1.189711,0.864898,0.11628,-0.056672,-0.950861,-0.986081113510892,0.3376529877609612,-0.1499880009599455,-1.0611731384877765,0.9843884414590803,0.5305662649301399,0.017758579313632568,0.00455963522917953,-0.0028797696184305736,-2.515478761699016,1.4187664986801283,0.03167746580273725,-0.006546000000000163,-0.035560000000000036,-0.861671,0.27655699999999994,-0.010718000000000005,-0.754521,0.2831030000000001,0.02484200000000003,0.10714999999999997,0.9690677045020999,0.0,0.0,0.03093229549790011,1.0,-0.754521
232,0.966667,jog,1.581899,-1.186485,0.868172,0.107948,-0.045679,-0.952582,-1.0055195584353507,0.774178065754722,0.7856971442284821,6.160880253430453,2.42809494751544,0.8483729516451549,0.008879289656842928,0.0021598272138050553,-0.004799616030717414,-2.6561075113990866,1.6061915046796278,0.15262778977681613,-0.00231899999999996,-0.03877700000000006,-0.8649650000000001,0.269679,-0.007250999999999896,-0.757159,0.27199799999999996,0.031526000000000165,0.10780600000000007,0.9827967257278407,0.0,0.0,0.017203274272159286,1.0,-0.757159
233,0.970833,jog,1.579052,-1.184471,0.866866,0.113879,-0.046065,-0.952163,-0.6833893422947954,0.48343734997599913,-0.3134901584253632,-1.0365050330326713,-2.6603266880781797,0.5058609285316821,0.007681228996647344,0.0028804608737694032,-0.008161305808929683,-2.6689870379261085,1.5724915986558192,0.06769083053288809,0.000560000000000116,-0.0407789999999999,-0.863693,0.26140700000000017,-0.002713999999999883,-0.755571,0.26084700000000005,0.038065000000000015,0.10812200000000005,0.9807137609326175,0.0,0.0,0.01928623906738247,1.0,-0.755571
234,0.975,jog,1.57664,-1.182607,0.86598,0.114776,-0.056863,-0.951034,-0.5788336933044973,0.44732421406289263,-0.21262299016079833,-4.999009732528864,0.945686000535711,-1.4011158541360265,0.0028797696184067402,-0.0021598272138583416,-0.007919366450683895,-2.7497000239980514,1.5891528677705435,0.028077753779695517,0.0029839999999998756,-0.042652000000000134,-0.8628399999999999,0.25236100000000006,0.0020439999999999348,-0.754568,0.24937700000000018,0.04469600000000007,0.10827199999999992,0.9855015047113082,0.0,0.0,0.014498495288691848,1.0,-0.754568
235,0.979167,jog,1.573161,-1.179387,0.868951,0.114832,-0.031736,-0.951872,-0.8348932085433125,0.7727381809455186,0.7129829613630991,11.546414493767587,-3.4021456032697857,0.9982345962950799,0.002879769618460027,-0.0035997120230084256,-0.005999520038396846,-2.791216702663806,1.6263498920086348,-0.022558195344371524,0.0064750000000000085,-0.04588700000000001,-0.865836,0.2442089999999999,0.005600999999999967,-0.757633,0.2377339999999999,0.05148799999999998,0.10820300000000005,0.9873899025914501,0.0,0.0,0.012610097408549903,1.0,-0.757633
236,0.983333,jog,1.570465,-1.177391,0.868839,0.119005,-0.029653,-0.951154,-0.6471435429668818,0.4791166586653589,-0.026884301488238335,0.42574752954911554,-2.242897480836434,-0.33797354191851775,0.011281805088792172,-0.000480076812303771,-0.004080652904464733,-3.093614978396544,1.7801248199712154,0.10441670667306878,0.009217999999999948,-0.047884999999999955,-0.865741,0.23401699999999992,0.01102100000000017,-0.757086,0.22479899999999997,0.058906000000000125,0.10865499999999995,0.9799887998073631,0.0,0.0,0.020011200192636913,1.0,-0.757086
237,0.9875,jog,1.567577,-1.176559,0.867797,0.125996,-0.034035,-0.950808,-0.6930645548356082,0.19966402687788806,-0.250059995200379,-3.091189250456942,-2.581773290279308,0.8822895710833463,0.01847852171828754,0.003839692824577845,-0.0028797696184304695,-3.065034797216201,1.8413726901847276,0.07943364530837424,0.012183000000000055,-0.048701000000000105,-0.864711,0.22413299999999992,0.017861999999999822,-0.7557130000000001,0.21194999999999986,0.06656299999999993,0.10899799999999993,0.968180540591593,0.0,0.0,0.031819459408407025,1.0,-0.7557130000000001
238,0.991667,jog,1.565797,-1.173954,0.867602,0.130944,-0.03531,-0.949104,-0.4271658267338437,0.6251499880009642,-0.046796256299510425,-1.0760034691871212,-2.243429407914348,-1.7420593414780083,0.02495800335970337,0.005279577633781356,-0.0028797696184306503,-2.856491480681599,1.6990640748740897,-0.009839212862970998,0.01406699999999983,-0.05128400000000011,-0.864528,0.2140099999999998,0.02233700000000005,-0.755559,0.19994299999999998,0.07362100000000016,0.10896899999999998,0.957212769793452,0.0,0.0,0.042787230206547955,1.0,-0.755559
239,0.995833,jog,1.563682,-1.172072,0.8674,0.137126,-0.037043,-0.947569,-0.5076812289966605,0.4517522803648435,-0.04848775804129509,-1.535042659171763,-2.7103118465077336,-1.114445190556322,0.02136341814690487,-0.01968314930386832,-0.01776284205472871,-2.932789246279364,1.7957273163705818,-0.03432549207873359,0.016270999999999924,-0.05324799999999996,-0.8644,0.20390700000000006,0.02793599999999996,-0.7555,0.18763600000000014,0.08118399999999992,0.1089,0.9432515159453793,0.0,0.0,0.05674848405462074,1.0,-0.7555
240,1.0,jog,1.560569,-1.177865,0.863727,0.161534,-0.033754,-0.949712,-0.7470602351811609,-1.3902087832973105,-0.8814494840412523,-3.1450622942646187,-11.055410687111241,10.103432986232352,0.010799136069131849,-0.00023998080156941934,0.02159827213822873,-2.865370770338366,1.6040316774658228,-0.26061915046796147,0.01942899999999992,-0.047456000000000165,-0.860637,0.19507999999999992,0.04041300000000003,-0.752913,0.175651,0.0878690000000002,0.10772399999999993,0.959752008677391,0.0,0.0,0.040247991322609034,1.0,-0.752913
241,1.004167,jog,1.555458,-1.17083,0.877023,0.121665,-0.021984,-0.952918,-1.2265418766498797,1.6882649388048594,3.1907847372209917,11.347540178025243,16.74928078010136,-4.233526415594484,0.022558195344381516,-0.0033597312214922927,-0.017998560115190642,-3.000479961603032,1.7393808495320053,-0.11615070794336324,0.024634000000000045,-0.054505000000000026,-0.874008,0.18768800000000008,0.04062600000000005,-0.766693,0.16305400000000003,0.09513100000000008,0.10731500000000005,0.95157743474554,0.0,0.0,0.04842256525445998,1.0,-0.766693
242,1.008333,jog,1.552149,-1.169253,0.879749,0.121252,-0.022516,-0.953096,-0.7942870859337715,0.37854056649063383,0.6543446951512426,-0.21440268520578268,0.2750722939079406,0.2059857475151712,0.02064330292847641,-0.0014402304368580521,0.013442150744119422,-3.2774843975036987,2.2930868939030655,0.08209313490158854,0.02802900000000008,-0.056087999999999916,-0.876678,0.17734300000000003,0.048602000000000034,-0.769077,0.14931399999999995,0.10468999999999995,0.10760099999999995,0.9588731084144677,0.0,0.0,0.04112689158553229,1.0,-0.769077
243,1.0125,jog,1.548632,-1.167673,0.883924,0.115505,-0.022464,-0.953896,-0.8440124790016716,0.3791696664267158,1.001919846412289,0.7778569449528405,2.6717906870415713,0.1806259194870087,0.007919366450671823,-0.0011999040076872372,0.004079673626109902,-3.148308135349173,1.9644828413726816,-0.11591072714183046,0.031579000000000024,-0.057673000000000085,-0.8808360000000001,0.16774099999999992,0.055207999999999924,-0.7737350000000001,0.1361619999999999,0.11288100000000001,0.107101,0.9850185418764035,0.0,0.0,0.014981458123596525,1.0,-0.7737350000000001
244,1.016667,jog,1.545025,-1.16623,0.888444,0.109472,-0.021353,-0.954897,-0.865610751139882,0.34629229661623473,1.0847132229421488,1.2681260267697418,2.680273205479711,0.549036451798366,0.013918886489054722,-0.0021598272138050553,0.00935925125989913,-3.2003839692824365,1.883609311255084,-0.15382769378449337,0.03524399999999983,-0.05912499999999987,-0.885317,0.15801199999999982,0.06161400000000006,-0.778896,0.12276799999999999,0.12073899999999993,0.10642099999999999,0.9718143141709894,0.0,0.0,0.0281856858290106,1.0,-0.778896
245,1.020833,jog,1.541205,-1.164277,0.894646,0.098019,-0.020243,-0.95617,-0.9169467114738483,0.4687950072011618,1.4887181949111548,2.034155707172967,5.170871745225858,0.11690760191980645,0.013442150744132134,-0.002160345655286963,0.00768122899663923,-3.2220355256840123,2.004320691310574,-0.04032645223235643,0.039120000000000044,-0.06108699999999989,-0.891487,0.148409,0.06801100000000004,-0.785266,0.10928899999999997,0.12909799999999994,0.10622100000000001,0.9739466472152761,0.0,0.0,0.02605335278472387,1.0,-0.785266
246,1.025,jog,1.537445,-1.16278,0.900293,0.089203,-0.018399,-0.957344,-0.9023278137749358,0.35925125989924406,1.35517158627315,1.9770360651261125,3.866918165589052,0.5953510862705421,0.0038396928245780495,-0.003119750419976326,0.015838732901368634,-3.1343892488602316,1.8749700023999103,-0.2169426445884433,0.042896000000000045,-0.06259700000000001,-0.897068,0.139108,0.07432700000000003,-0.791817,0.09621199999999996,0.13692400000000005,0.10525099999999998,0.9723443021949185,0.0,0.0,0.02765569780508148,1.0,-0.791817
247,1.029167,jog,1.533648,-1.161139,0.9067,0.078276,-0.016664,-0.958515,-0.9112071034317306,0.3938084953203722,1.5375569954403387,2.2182275242439844,4.848390851329142,0.42736911741067807,0.0004799616030855522,0.0026397888168906074,0.005999520038396846,-3.2059035277177337,1.885769138468889,-0.22582193424525804,0.04669500000000015,-0.06422700000000003,-0.90345,0.12954600000000016,0.08054399999999995,-0.7991649999999999,0.08285100000000001,0.14477099999999998,0.10428500000000007,0.989046425135887,0.0,0.0,0.01095357486411297,1.0,-0.7991649999999999
248,1.033333,jog,1.529916,-1.159509,0.913201,0.067505,-0.0149,-0.959563,-0.895823331733016,0.3912626020163168,1.5604896783485147,2.208412183446224,4.76980378360863,0.440804194133631,-0.0328852616418747,0.008401344215075922,0.046327412385980496,-3.1927508401343356,1.8545367258760652,-0.2222755640902508,0.050289999999999946,-0.06582200000000005,-0.9097580000000001,0.119977,0.08663999999999983,-0.8065920000000001,0.06968700000000005,0.15246199999999988,0.10316599999999998,0.9042826476277472,0.0,0.0,0.09571735237225276,1.0,-0.8065920000000001
249,1.0375,jog,1.526381,-1.157767,0.919556,0.057691,-0.013277,-0.960487,-0.848332133429335,0.41804655627547327,1.5250779937604875,2.00964668014026,4.343896702166025,0.5271345328442115,-0.09959203263740125,0.03671706263495237,-0.19678425725941773,-3.1881449484041013,1.883609311255084,-0.26013918886488924,0.05340999999999996,-0.06741100000000011,-0.916933,0.11022700000000007,0.09274699999999991,-0.8140310000000001,0.05681700000000012,0.16015800000000002,0.10290199999999994,0.6273564424333709,0.0,0.0,0.37264355756662915,1.0,-0.8140310000000001
250,1.041667,jog,1.522807,-1.156229,0.925855,0.048465,-0.011696,-0.961296,-0.8576913846892559,0.3690904727622053,1.5116390688745456,1.910942541602948,4.0755462975079295,0.5455943438276943,-0.012718982481368163,-0.006479481641468798,0.03167746580273727,-3.247900167986747,1.908087353011856,-0.2738180945524457,0.056931000000000065,-0.06897600000000015,-0.9231,0.10026699999999988,0.09915999999999991,-0.821471,0.04333599999999982,0.16813600000000006,0.10162900000000008,0.942091594416818,0.0,0.0,0.057908405583182,1.0,-0.821471
251,1.045833,jog,1.519218,-1.154702,0.932176,0.039912,-0.009823,-0.962069,-0.8614978396543366,0.36653864618339277,1.5172827652424024,1.9517036070213345,3.728718287691431,0.6845264423185466,-0.0026404224675907213,-0.0057609217474319015,0.04416706673067573,-3.1826692270762234,1.8694191070571087,-0.2810849735957689,0.060509000000000146,-0.070527,-0.929237,0.09059700000000004,0.10542099999999999,-0.828963,0.030087999999999893,0.175948,0.10027399999999997,0.9256343524315428,0.0,0.0,0.0743656475684572,1.0,-0.828963
252,1.05,jog,1.515737,-1.153108,0.938306,0.032322,-0.008145,-0.962818,-0.8353731701463981,0.3825293976481548,1.471082313414908,1.7300778897319578,3.3094788686659555,0.8349010956305062,0.00743940484758627,-0.040796736261099635,0.05663546916246649,-3.2757379409646834,1.9088072954163562,-0.2766978641708645,0.0640210000000001,-0.07229099999999988,-0.9351309999999999,0.08042800000000017,0.11178100000000013,-0.8362459999999999,0.01640700000000006,0.184072,0.098885,0.883008846472898,0.0,0.0,0.11699115352710199,1.0,-0.8362459999999999
253,1.054167,jog,1.512255,-1.151676,0.943786,0.027522,-0.00712,-0.963418,-0.8356131509479142,0.3436525077993974,1.3150947924166063,1.068882702034535,2.1018235915881824,0.8118796986264591,0.0009599232061711044,-0.0019198464122889224,0.05879529637628945,-3.2164626829853495,1.8977681785456548,-0.3023758099352022,0.0675070000000002,-0.07373099999999999,-0.940366,0.0705070000000001,0.11825699999999983,-0.842986,0.0029999999999998916,0.19198799999999983,0.09738000000000002,0.9019425602178861,0.0,0.0,0.0980574397821139,1.0,-0.842986
254,1.058333,jog,1.508793,-1.150335,0.94913,0.023225,-0.006479,-0.963976,-0.8310129620739184,0.3218915026403863,1.2827652424388272,0.8270362836989821,1.9182530238087456,0.8033460696362024,-0.009361497839683937,0.025924147863658133,0.044407105136823104,-3.251320211233862,1.9111857897264117,-0.3242918867018819,0.07092999999999994,-0.07496399999999981,-0.9455250000000001,0.06042400000000003,0.12487800000000004,-0.849681,0.010505999999999904,0.19984199999999985,0.09584400000000004,0.9128907124658903,0.0,0.0,0.08710928753410974,1.0,-0.849681
255,1.0625,jog,1.50516,-1.148959,0.954881,0.018397,-0.005839,-0.964544,-0.8718502519798343,0.33021358291337494,1.380129589632807,0.89297101597089,2.1639774813590607,0.8420904635293387,-0.01847852171823425,0.02591792656587381,0.037197024238060615,-3.2862970962322993,1.9172066234701135,-0.33357331413486724,0.07448600000000005,-0.07623199999999986,-0.951121,0.050362999999999936,0.13149100000000002,-0.856822,0.024123000000000117,0.20772299999999988,0.09429900000000002,0.9184045668739129,0.0,0.0,0.08159543312608708,1.0,-0.856822
256,1.066667,jog,1.501735,-1.147523,0.959721,0.016638,-0.005394,-0.965222,-0.8219342452603756,0.3446124310055152,1.1615070794336524,0.4092122329843541,0.7707280414037201,1.181370281781164,-0.04967602591794256,0.03335733141346008,0.00839932805375571,-3.2598992080633398,1.9191264698824024,-0.3410127189824768,0.077704,-0.07752899999999996,-0.955926,0.040203999999999906,0.13805200000000006,-0.863083,0.03750000000000009,0.21558100000000002,0.09284300000000001,0.8992946015214274,0.0,0.0,0.10070539847857263,1.0,-0.863083
257,1.070833,jog,1.49814,-1.146235,0.965022,0.013565,-0.005609,-0.96572,-0.8629380700912406,0.3091694671147891,1.272443590974589,0.27310270206097986,1.4592112799781933,0.8288521418639129,-0.0031204992798946458,-0.023523763802192513,0.11665866538646483,-3.294767162746102,1.9227076332213826,-0.3569371099375998,0.08128599999999997,-0.07891500000000007,-0.9607410000000001,0.030073000000000016,0.14477399999999996,-0.8698710000000001,0.05121299999999995,0.22368900000000003,0.09087,0.8015872064711753,0.0,0.0,0.19841279352882468,1.0,-0.8698710000000001
258,1.075,jog,1.494506,-1.145242,0.969356,0.014149,-0.005375,-0.966496,-0.8720902327814037,0.2383009359250761,1.0400767938564712,0.018809545655857355,-0.286848752561317,1.4590959328260418,-0.012718982481420772,0.02735781137507718,0.14110871130309466,-3.2898968082553077,1.9356851451883477,-0.3700503959683201,0.08486700000000003,-0.07979399999999992,-0.964487,0.019998000000000182,0.15184700000000007,-0.875747,0.06486899999999984,0.23164099999999999,0.08873999999999993,0.7595034606150046,0.0,0.0,0.24049653938499538,1.0,-0.875747
259,1.079167,jog,1.49089,-1.144297,0.973445,0.015483,-0.005653,-0.967259,-0.8677705783536871,0.22678185745144913,0.9812814974801963,-0.31130224162497844,-0.5717540885711614,1.4786855736844617,0.013438924886022456,-0.00023998080151613289,0.2231821454283641,-3.273818094552448,1.9222462203023787,-0.3822894168466487,0.08853899999999992,-0.08074000000000003,-0.967646,0.00997199999999987,0.15891199999999994,-0.881429,0.07856700000000005,0.23965199999999998,0.08621699999999999,0.6273557984898676,0.0,0.0,0.37264420151013244,1.0,-0.881429
260,1.083333,jog,1.487335,-1.143076,0.978117,0.014954,-0.006261,-0.967938,-0.8533365338453859,0.2930868939029964,1.121459433509333,-0.23542992409538513,0.3316467514006431,1.279754654272512,0.14498319731157763,-0.09553528564572962,0.16586653864617878,-3.3060489678347182,1.925828132501148,-0.39558329332692066,0.09269799999999995,-0.08235900000000007,-0.971627,-0.00024599999999996847,0.16571400000000003,-0.887749,0.09294399999999992,0.2480730000000001,0.08387800000000001,0.599795791888124,0.0,0.0,0.40020420811187596,1.0,-0.887749
261,1.0875,jog,1.483726,-1.142272,0.981846,0.017632,-0.006886,-0.968736,-0.8660907127430137,0.1929445644348605,0.8948884089273225,-0.6337997815793166,-1.1533089666250922,1.630343075165658,-0.003119750419976326,-0.026397888168960767,0.3599712023038322,-3.3906887449005767,1.894648428125833,-0.4084473242140837,0.09629399999999988,-0.08327300000000015,-0.9738559999999999,-0.010766000000000053,0.172805,-0.89318,0.10705999999999993,0.25607800000000014,0.08067599999999997,0.5,0.0,0.0,0.5,1.0,-0.89318
262,1.091667,jog,1.48013,-1.141376,0.985908,0.019038,-0.008511,-0.969391,-0.8629709623230447,0.21502279817614617,0.9748020158387278,-0.9434504945938832,-0.44622119401589255,1.339389535183807,-0.02423806095510102,0.046076313894934134,0.11639068874489936,-3.3318934485240943,1.9107271418286185,-0.40388768898487576,0.09978900000000013,-0.08397699999999997,-0.977433,-0.021053999999999906,0.1798709999999999,-0.898925,0.12084300000000003,0.26384799999999986,0.07850800000000002,0.7874931195393655,0.0,0.0,0.21250688046063448,1.0,-0.898925
263,1.095833,jog,1.476502,-1.140727,0.989232,0.023472,-0.009223,-0.97032,-0.8708593374939667,0.15578492558806575,0.7978876620259008,-0.8860368831229373,-1.9545375896811477,2.0418239408047483,0.006961113778164647,0.10009601536242878,0.5132021123379599,-3.3209313490157615,1.9032645223235376,-0.42246759481516166,0.10344599999999993,-0.08420899999999998,-0.978619,-0.03126099999999998,0.18715100000000007,-0.9040090000000001,0.1347069999999999,0.27136000000000005,0.07460999999999995,0.5,0.0,0.0,0.5,1.0,-0.9040090000000001
264,1.1,jog,1.472948,-1.139746,0.992951,0.026671,-0.010916,-0.971069,-0.8528917686585146,0.23542116630672263,0.8924886009119269,-1.19331040027039,-1.2706810097904713,1.6892070113927402,-0.1317494600431741,0.0275977921766466,0.4199664026877821,-3.363570914326835,1.9068874490040673,-0.420446364290851,0.10645100000000007,-0.08507500000000001,-0.980588,-0.041722999999999955,0.19411599999999996,-0.9094800000000001,0.14817400000000003,0.27919099999999997,0.07110799999999995,0.5,0.0,0.0,0.5,1.0,-0.9094800000000001
265,1.104167,jog,1.469466,-1.139105,0.996406,0.030045,-0.012269,-0.971863,-0.8356131509479587,0.15382769378447828,0.8291336693064899,-1.058385994227939,-1.3887715263479565,1.840352590531291,-0.0820734341252892,0.03287736981037628,0.3724502039836982,-3.4134869210464758,1.8886489080874231,-0.4298056155507758,0.109591,-0.08557900000000007,-0.982491,-0.052464999999999984,0.201345,-0.914726,0.16205599999999998,0.28692400000000007,0.06776499999999996,0.5,0.0,0.0,0.5,1.0,-0.914726
266,1.108333,jog,1.465993,-1.138335,0.999447,0.035458,-0.014908,-0.972532,-0.8336533845414648,0.184829572731617,0.7299567930868645,-1.8874810427167033,-2.198337035687378,1.810931470643168,-0.21195391262600646,0.10177628420551857,0.46615458473354443,-3.3977436389821243,1.8746999519922636,-0.4119059049447821,0.11218099999999986,-0.08592499999999981,-0.98359,-0.06314700000000006,0.20838500000000004,-0.9194829999999999,0.17532799999999993,0.29430999999999985,0.06410700000000003,0.5,0.0,0.0,0.5,1.0,-0.9194829999999999
267,1.1125,jog,1.462627,-1.137493,1.003112,0.038379,-0.016068,-0.973367,-0.8077753779698048,0.20206383489320925,0.8795296376289901,-0.9274893191052156,-1.1919464936284312,2.0172310344637885,-0.07391408687304359,0.09983201343891739,0.40460763138948574,-3.4199664026877623,1.8603311735061274,-0.4266858651307834,0.11523900000000009,-0.08635099999999984,-0.985569,-0.07403199999999988,0.21529500000000013,-0.924926,0.18927099999999997,0.30164599999999997,0.060643,0.5,0.0,0.0,0.5,1.0,-0.924926
268,1.116667,jog,1.459166,-1.136718,1.006511,0.042726,-0.018551,-0.974016,-0.8305735541156491,0.1859851211903495,0.8156947444204233,-1.6955246771521162,-1.7208408420554557,1.837040053890324,-0.06215502759779391,0.08927285817135497,0.40004799616030456,-3.4312455003599265,1.8411327093832381,-0.4360451163906852,0.11844100000000002,-0.086754,-0.987301,-0.08486899999999986,0.22219199999999995,-0.9301419999999999,0.20330999999999988,0.30894599999999994,0.05715900000000007,0.5,0.0,0.0,0.5,1.0,-0.9301419999999999
269,1.120833,jog,1.455933,-1.135944,1.009233,0.049164,-0.020882,-0.974735,-0.7760441670667607,0.1857897263561811,0.6533845415266883,-1.8661993930343452,-2.7053183518686565,2.3104403650182377,-0.06601056168987815,0.09049447911662493,0.4188670187230065,-3.439270283245437,1.870379260681736,-0.4361497839654489,0.12139900000000003,-0.08715099999999998,-0.988278,-0.09596399999999994,0.22921000000000002,-0.9346810000000001,0.21736299999999997,0.316361,0.053596999999999895,0.5,0.0,0.0,0.5,1.0,-0.9346810000000001
270,1.125,jog,1.452582,-1.135347,1.012705,0.052785,-0.022606,-0.975499,-0.8041756659466898,0.14326853851690763,0.8332133429325398,-1.2820824926296963,-1.451423092558275,2.1818163605496173,-0.11807055435563552,0.06767458603314455,0.44132469402447394,-3.4290856731461212,1.8082553395728371,-0.4360451163906852,0.12425799999999998,-0.08746599999999982,-0.989911,-0.10690200000000005,0.23614800000000014,-0.93997,0.23116000000000003,0.32361399999999996,0.04994100000000001,0.5,0.0005900000000000349,0.0005900000000000349,0.5,0.9994099999999999,-0.93997
271,1.129167,jog,1.449375,-1.134394,1.01606,0.057369,-0.025201,-0.976101,-0.7696184305255425,0.22870170386373803,0.8051355891528609,-1.7843890658541393,-1.819947812269295,2.0534906232711725,-0.13462922966163413,0.09047276217898892,0.4619630429565607,-3.42092632589388,1.7842572594192254,-0.40076793856490955,0.1269039999999999,-0.08804200000000018,-0.9913409999999999,-0.11795,0.2426299999999999,-0.9449949999999999,0.2448539999999999,0.3306720000000001,0.046346,0.5,0.03654000000000002,0.03654000000000002,0.5,0.96346,-0.9449949999999999
272,1.133333,jog,1.446108,-1.13381,1.019565,0.060762,-0.027567,-0.976794,-0.7842054728757119,0.14018242918865412,0.8413346135382098,-1.5649963387071602,-1.2793150498451737,2.183835115415057,-0.13730196831493802,0.07609217474799111,0.5081613058089419,-3.413586173787904,1.7477196351416637,-0.39270283245320237,0.12959900000000002,-0.08830899999999997,-0.9927290000000001,-0.1289039999999999,0.24932699999999997,-0.9501360000000001,0.2585029999999999,0.33763599999999994,0.04259299999999999,0.5,0.07406999999999997,0.07406999999999997,0.5,0.92593,-0.9501360000000001
273,1.1375,jog,1.44275,-1.133217,1.023027,0.065423,-0.02988,-0.977504,-0.8058555315574626,0.1423086153107898,0.8308135349171653,-1.6833941014952019,-1.8691031914953884,2.524447597201322,-0.17206623470124147,0.12071034317252612,0.48476121910246833,-3.4082073434125126,1.7199424046076266,-0.41636669066474374,0.1322399999999999,-0.08839900000000012,-0.9941709999999999,-0.13974799999999998,0.25590099999999993,-0.9553329999999999,0.2719879999999999,0.34430000000000005,0.03883800000000004,0.5,0.11162,0.11162,0.5,0.88838,-0.9553329999999999
274,1.141667,jog,1.440058,-1.132725,1.025865,0.068921,-0.031682,-0.978043,-0.6460283177345563,0.11807055435563552,0.6810655147588425,-1.3013804208790143,-1.393000399535765,1.9989550512746919,-0.24334053275734116,0.10895128389727646,0.5080393568514482,-3.383729301655842,1.70098392128628,-0.4022078233741296,0.13391799999999998,-0.0884370000000001,-0.994892,-0.15115600000000007,0.262497,-0.959847,0.28507400000000005,0.3509340000000001,0.03504499999999999,0.5,0.14955000000000007,0.14955000000000007,0.5,0.8504499999999999,-0.959847
275,1.145833,jog,1.440058,-1.132725,1.025865,0.068921,-0.031682,-0.978043,0.0,0.0,0.0,0.0,0.0,0.0,-0.21099375900145226,0.11377820451273944,0.4750360057609091,-3.3617378780604086,1.6514642342774386,-0.3576572251560131,0.1330389999999999,-0.08796300000000001,-0.992913,-0.1651610000000001,0.269377,-0.961337,0.2982,0.35734,0.03157600000000005,0.5,0.18424000000000001,0.18424000000000001,0.5,0.81576,-0.961337
276,1.15,jog,1.440058,-1.132725,1.025865,0.068921,-0.031682,-0.978043,0.0,0.0,0.0,0.0,0.0,0.0,-0.19030477561796974,0.10991120710345341,0.4298056155507758,-3.2932565394769755,1.623950083993347,-0.36189104871611816,0.13224599999999986,-0.08750499999999994,-0.9911220000000001,-0.17888400000000004,0.27614399999999995,-0.9628450000000001,0.3111299999999999,0.3636489999999999,0.028276999999999997,0.5,0.21722999999999998,0.21722999999999998,0.5,0.78277,-0.9628450000000001
277,1.154167,jog,1.440058,-1.132725,1.025865,0.068921,-0.031682,-0.978043,0.0,0.0,0.0,0.0,0.0,0.0,-0.13030957523397074,0.102471802255808,0.40940724742020307,-3.2966162706983453,1.559875209983204,-0.3522918166546659,0.1317029999999999,-0.08707799999999999,-0.9894160000000001,-0.19262100000000015,0.282644,-0.964313,0.32432400000000006,0.369722,0.025103000000000097,0.5,0.24897000000000002,0.24897000000000002,0.5,0.75103,-0.964313
278,1.158333,jog,1.440058,-1.132725,1.025865,0.068921,-0.031682,-0.978043,0.0,0.0,0.0,0.0,0.0,0.0,-0.18650984157465347,0.12481997119540608,0.48295727316369297,-3.2544407105135833,1.5412866058568973,-0.33005280844934315,0.13092599999999988,-0.08655799999999991,-0.9874040000000001,-0.2061790000000001,0.289065,-0.965688,0.337105,0.37562299999999993,0.02171600000000007,0.5,0.28284,0.28284,0.5,0.71716,-0.965688
279,1.1625,jog,1.440058,-1.132725,1.025865,0.068921,-0.031682,-0.978043,0.0,0.0,0.0,0.0,0.0,0.0,-0.27141828653707334,0.1291096712262835,0.5065994720422315,-3.1766258699303678,1.4557235421166235,-0.286057115430763,0.12979499999999988,-0.08601999999999999,-0.985293,-0.21941600000000006,0.29513100000000003,-0.9668800000000001,0.34921099999999994,0.381151,0.0184129999999999,0.5,0.31587,0.31587,0.5,0.68413,-0.9668800000000001
280,1.166667,jog,1.440058,-1.132725,1.025865,0.068921,-0.031682,-0.978043,0.0,0.0,0.0,0.0,0.0,0.0,-0.28317734581233805,0.1063114950803915,0.5317974562035287,-3.141348692104786,1.4310055195584863,-0.26997840172787435,0.12861499999999992,-0.08557700000000001,-0.983077,-0.2325060000000001,0.301094,-0.968005,0.361121,0.386671,0.015071999999999974,0.5,0.34928,0.34928,0.5,0.65072,-0.968005
281,1.170833,jog,1.440058,-1.132725,1.025865,0.068921,-0.031682,-0.978043,0.0,0.0,0.0,0.0,0.0,0.0,-0.2921267402784422,0.12025924147865362,0.5273643783005131,-3.089534325491959,1.3955832933268908,-0.24123859817570126,0.1273979999999999,-0.08507599999999993,-0.98088,-0.24537699999999996,0.30690799999999996,-0.96901,0.37277499999999986,0.3919839999999999,0.011869999999999936,0.5,0.3813,0.3813,0.5,0.6187,-0.96901
282,1.175,jog,1.440058,-1.132725,1.025865,0.068921,-0.031682,-0.978043,0.0,0.0,0.0,0.0,0.0,0.0,-0.28077753779694853,0.09071274298055833,0.5315574754019642,-3.0194384449244054,1.3215742740580747,-0.23806095512358824,0.126228,-0.08469799999999994,-0.978665,-0.25795900000000005,0.312415,-0.970002,0.38418700000000006,0.39711299999999994,0.008662999999999976,0.5,0.41336999999999996,0.41336999999999996,0.5,0.58663,-0.970002
283,1.179167,jog,1.440058,-1.132725,1.025865,0.068921,-0.031682,-0.978043,0.0,0.0,0.0,0.0,0.0,0.0,-0.2810175185985179,0.06599472042237176,0.531077513798892,-2.945764338852878,1.2730981521478195,-0.2104631629469633,0.12505699999999997,-0.08442299999999991,-0.976452,-0.2702340000000001,0.31772,-0.970879,0.39529100000000006,0.4021429999999999,0.005572999999999939,0.5,0.44427,0.44427,0.5,0.5557300000000001,-0.970879
284,1.183333,jog,1.440058,-1.132725,1.025865,0.068921,-0.031682,-0.978043,0.0,0.0,0.0,0.0,0.0,0.0,-0.24963994239077217,0.06265002400380495,0.5170427268363079,-2.855496879500772,1.2256361017763024,-0.1735477676428277,0.12401700000000004,-0.08416200000000007,-0.974298,-0.28213,0.32282599999999995,-0.9716020000000001,0.40614700000000004,0.406988,0.0026959999999999207,0.5,0.47304,0.47304,0.5,0.52696,-0.9716020000000001
285,1.1875,jog,1.440058,-1.132725,1.025865,0.068921,-0.031682,-0.978043,0.0,0.0,0.0,0.0,0.0,0.0,-0.2781377489801112,0.06359491240699729,0.579553635709139,-2.8087353011759224,1.162706983441313,-0.1756659467242599,0.12285799999999991,-0.08389700000000011,-0.971883,-0.29383400000000015,0.32767099999999993,-0.972334,0.41669200000000006,0.41156800000000004,0.0004509999999999792,0.49549,0.5,0.49549,0.50451,0.5,-0.971883
286,1.191667,jog,1.440058,-1.132725,1.025865,0.068921,-0.031682,-0.978043,0.0,0.0,0.0,0.0,0.0,0.0,-0.3083753299735951,0.06191504679627778,0.6311495080393521,-2.679625629949586,1.1060715142788697,-0.14710823134149215,0.12157299999999993,-0.08363900000000002,-0.969253,-0.30500000000000016,0.33228,-0.972947,0.4265730000000001,0.41591900000000004,0.003693999999999975,0.46305999999999997,0.5,0.46305999999999997,0.53694,0.5,-0.969253
287,1.195833,jog,1.440058,-1.132725,1.025865,0.068921,-0.031682,-0.978043,0.0,0.0,0.0,0.0,0.0,0.0,-0.33269323091692826,0.06168987037925069,0.7064330292847025,-2.590494479116705,1.0429668746999627,-0.15434469515122765,0.12018700000000004,-0.08338200000000007,-0.96631,-0.3157920000000001,0.33662499999999995,-0.9735900000000001,0.4359790000000001,0.420007,0.007280000000000064,0.4272,0.5,0.4272,0.5728,0.5,-0.96631
288,1.2,jog,1.440058,-1.132725,1.025865,0.068921,-0.031682,-0.978043,0.0,0.0,0.0,0.0,0.0,0.0,-0.32877369810417156,0.05807535397169994,0.7204223662106988,-2.4792416606671495,0.9904007679385554,-0.16414686825053967,0.11881699999999995,-0.08313999999999999,-0.963308,-0.32612300000000016,0.34075199999999994,-0.9742740000000001,0.4449400000000001,0.42389199999999994,0.010966000000000031,0.39033999999999996,0.5,0.39033999999999996,0.6096600000000001,0.5,-0.963308
289,1.204167,jog,1.440058,-1.132725,1.025865,0.068921,-0.031682,-0.978043,0.0,0.0,0.0,0.0,0.0,0.0,-0.39212862970959944,0.09479241660665232,0.7962562994960346,-2.357571394288399,0.9409647228221822,-0.17710583153347492,0.11718300000000004,-0.08274500000000007,-0.95999,-0.335947,0.344673,-0.975012,0.45313000000000003,0.4274180000000001,0.01502199999999998,0.34978,0.5,0.34978,0.65022,0.5,-0.95999
290,1.208333,jog,1.440058,-1.132725,1.025865,0.068921,-0.031682,-0.978043,0.0,0.0,0.0,0.0,0.0,0.0,-0.3768602976476304,0.08113298127698997,0.7902064330292639,-2.2693230916946265,0.8823811809889371,-0.19683149303888114,0.11561299999999997,-0.08240700000000012,-0.956698,-0.34540100000000007,0.348349,-0.975832,0.46101400000000003,0.43075600000000014,0.019133999999999984,0.30865999999999993,0.5,0.30865999999999993,0.6913400000000001,0.5,-0.956698
291,1.2125,jog,1.440058,-1.132725,1.025865,0.068921,-0.031682,-0.978043,0.0,0.0,0.0,0.0,0.0,0.0,-0.3806095512359395,0.08879289656832742,0.7960163186945409,-2.151907847372296,0.8281737461003454,-0.221982241420697,0.11402699999999988,-0.08203699999999992,-0.953381,-0.354368,0.3518,-0.976757,0.4683949999999999,0.4338369999999999,0.023375999999999952,0.2662399999999999,0.5,0.2662399999999999,0.7337600000000001,0.5,-0.953381
292,1.216667,jog,1.440058,-1.132725,1.025865,0.068921,-0.031682,-0.978043,0.0,0.0,0.0,0.0,0.0,0.0,-0.43916486681065137,0.09911207103431571,0.826733861291088,-2.09431245500362,0.8375329973602031,-0.2903767698584081,0.11219699999999988,-0.08162399999999992,-0.949936,-0.36309500000000017,0.35529,-0.977967,0.47529200000000005,0.4369139999999999,0.028031000000000028,0.2196900000000001,0.5,0.2196900000000001,0.7803099999999998,0.5,-0.949936
293,1.220833,jog,1.440058,-1.132725,1.025865,0.068921,-0.031682,-0.978043,0.0,0.0,0.0,0.0,0.0,0.0,-0.15314450312047503,0.10465674507918123,0.790446471435409,-1.9488718194910621,0.7333173307729107,-0.3130100816130511,0.11155899999999996,-0.08118800000000004,-0.946643,-0.37121400000000015,0.358345,-0.979271,0.4827730000000001,0.43953300000000006,0.03262799999999999,0.17371999999999999,0.5,0.17371999999999999,0.82628,0.5,-0.946643
294,1.225,jog,1.440058,-1.132725,1.025865,0.068921,-0.031682,-0.978043,0.0,0.0,0.0,0.0,0.0,0.0,-0.30285577153829774,0.08255339572837038,0.8389728821694198,-1.7979361651067374,0.6767458603311525,-0.32109431245500086,0.11029699999999987,-0.08084399999999992,-0.9431470000000001,-0.378706,0.36116499999999996,-0.9806090000000001,0.48900299999999985,0.4420089999999999,0.037461999999999995,0.12538,0.5,0.12538,0.87462,0.5,-0.9431470000000001
295,1.229167,jog,1.440058,-1.132725,1.025865,0.068921,-0.031682,-0.978043,0.0,0.0,0.0,0.0,0.0,0.0,-0.3582913366930729,0.11375089992797818,0.8783297336213496,-1.6693064554836285,0.6095512359011526,-0.3189344852411945,0.1088039999999999,-0.08037000000000005,-0.9394870000000001,-0.38566199999999995,0.36370499999999995,-0.981938,0.49446599999999985,0.444075,0.042450999999999905,0.07549000000000006,0.5,0.07549000000000006,0.9245099999999999,0.5,-0.9394870000000001
296,1.233333,jog,1.440058,-1.132725,1.025865,0.068921,-0.031682,-0.978043,0.0,0.0,0.0,0.0,0.0,0.0,-0.3050888142102706,0.09601536245798008,0.9186269803168249,-1.557849255880924,0.5657705232837228,-0.25756120979355934,0.10753299999999988,-0.0799700000000001,-0.93566,-0.39215200000000006,0.366062,-0.9830110000000001,0.49968499999999993,0.4460320000000001,0.04735100000000003,0.026490000000000125,0.5,0.026490000000000125,0.9735099999999999,0.5,-0.93566
297,1.2375,jog,1.440058,-1.132725,1.025865,0.068921,-0.031682,-0.978043,0.0,0.0,0.0,0.0,0.0,0.0,-0.3834893208543259,0.14062874970001704,0.9352051835853088,-1.4406047516198548,0.5221982241420541,-0.2543796496280291,0.10593499999999989,-0.07938400000000012,-0.931763,-0.39815500000000004,0.36823799999999995,-0.984071,0.5040899999999999,0.4476220000000001,0.05230800000000002,0.0,0.5,0.0,1.0,0.5,-0.931763
298,1.241667,jog,1.440058,-1.132725,1.025865,0.068921,-0.031682,-0.978043,0.0,0.0,0.0,0.0,0.0,0.0,-0.38972882169422496,0.13486921046320355,0.9781617470602268,-1.2704583633309554,0.4886009119270512,-0.3009359251259872,0.10431100000000004,-0.07882199999999995,-0.927687,-0.40344900000000017,0.370274,-0.985325,0.5077600000000002,0.44909599999999994,0.05763799999999997,0.0,0.5,0.0,1.0,0.5,-0.927687
299,1.245833,jog,1.440058,-1.132725,1.025865,0.068921,-0.031682,-0.978043,0.0,0.0,0.0,0.0,0.0,0.0,-0.40158425348057586,0.1589054248679687,0.9035045607297411,-1.181469035045607,0.41550648103698584,-0.3343734997599699,0.10263800000000001,-0.07816000000000001,-0.923923,-0.40837100000000004,0.37200500000000003,-0.986718,0.511009,0.45016500000000004,0.06279499999999993,0.0,0.5,0.0,1.0,0.5,-0.923923
300,1.25,jog,1.440058,-1.132725,1.025865,0.068921,-0.031682,-0.978043,0.0,0.0,0.0,0.0,0.0,0.0,-0.5061195104391942,0.20350371970241263,0.9832013438924786,-1.020158387329007,0.34485241180703136,-0.36549076073913894,0.10052899999999987,-0.07731200000000005,-0.919826,-0.41262200000000004,0.37344199999999994,-0.988241,0.5131509999999999,0.450754,0.068415,0.0,0.5,0.0,1.0,0.5,-0.919826
301,1.254167,jog,1.440058,-1.132725,1.025865,0.068921,-0.031682,-0.978043,0.0,0.0,0.0,0.0,0.0,0.0,-0.5985121190304721,0.23566114710823877,0.9954403647708104,-0.9114470842332467,0.3693304535637284,-0.25029997600191684,0.09803499999999987,-0.07633000000000001,-0.915678,-0.41642,0.374981,-0.989284,0.5144549999999999,0.451311,0.07360600000000006,0.0,0.5,0.0,1.0,0.5,-0.915678
302,1.258333,jog,1.440058,-1.132725,1.025865,0.068921,-0.031682,-0.978043,0.0,0.0,0.0,0.0,0.0,0.0,-0.7021123379740567,0.22203552568413074,0.9942390782525478,-0.7882861257801608,0.3307729236677931,-0.26932309169467933,0.09511000000000003,-0.07540499999999994,-0.911536,-0.4197040000000001,0.376359,-0.990406,0.5148140000000001,0.45176399999999994,0.07887,0.0,0.5,0.0,1.0,0.5,-0.911536
303,1.2625,jog,1.440058,-1.132725,1.025865,0.068921,-0.031682,-0.978043,0.0,0.0,0.0,0.0,0.0,0.0,-0.7789776817854709,0.25797936165105084,1.0873530117590493,-0.6724262059035157,0.33333333333332443,-0.18550515958723063,0.09186399999999995,-0.07433000000000001,-0.9070050000000001,-0.42250600000000005,0.377748,-0.991179,0.51437,0.452078,0.08417399999999997,0.0,0.5,0.0,1.0,0.5,-0.9070050000000001
304,1.266667,jog,1.440058,-1.132725,1.025865,0.068921,-0.031682,-0.978043,0.0,0.0,0.0,0.0,0.0,0.0,-0.8310535157187346,0.2709383249339878,1.15094792416606,-0.5699544036477077,0.27093832493401443,-0.3484521238300914,0.08840099999999995,-0.07320100000000007,-0.902209,-0.42488100000000006,0.378877,-0.992631,0.513282,0.4520780000000001,0.090422,0.0,0.5,0.0,1.0,0.5,-0.902209
305,1.270833,jog,1.440058,-1.132725,1.025865,0.068921,-0.031682,-0.978043,0.0,0.0,0.0,0.0,0.0,0.0,-0.9087854056648976,0.3070091214594323,1.2057129140662142,-0.46495439270283834,0.2354776764282244,-0.35069611137781015,0.08461499999999988,-0.07192200000000004,-0.897186,-0.42681800000000014,0.37985800000000003,-0.994092,0.511433,0.45178000000000007,0.09690599999999994,0.0,0.5,0.0,1.0,0.5,-0.897186
306,1.275,jog,1.440058,-1.132725,1.025865,0.068921,-0.031682,-0.978043,0.0,0.0,0.0,0.0,0.0,0.0,-0.9536837053036006,0.35157187425008796,1.2443004559635853,-0.3753299736021047,0.17782577393809107,-0.38252939764820604,0.08064099999999996,-0.07045699999999999,-0.892001,-0.42838200000000004,0.380599,-0.9956860000000001,0.509023,0.451056,0.10368500000000003,0.0,0.5,0.0,1.0,0.5,-0.892001
307,1.279167,jog,1.440058,-1.132725,1.025865,0.068921,-0.031682,-0.978043,0.0,0.0,0.0,0.0,0.0,0.0,-1.0578353731701304,0.44588432925363597,1.1031917446604163,-0.27861771058314344,0.03815694744418239,-0.43772498200143634,0.076233,-0.06859900000000008,-0.8874040000000001,-0.429543,0.38075799999999993,-0.99751,0.505776,0.449357,0.11010599999999993,0.0,0.5,0.0,1.0,0.5,-0.8874040000000001
308,1.283333,jog,1.440058,-1.132725,1.025865,0.068921,-0.031682,-0.978043,0.0,0.0,0.0,0.0,0.0,0.0,-1.128420547287551,0.45847335573692416,1.239798367738805,-0.2441190590494522,-0.11809889582331336,-0.2479596735477615,0.07153199999999993,-0.066689,-0.882239,-0.43056000000000005,0.380266,-0.9985430000000001,0.502092,0.446955,0.11630400000000007,0.0,0.5,0.0,1.0,0.5,-0.882239
309,1.2875,jog,1.440058,-1.132725,1.025865,0.068921,-0.031682,-0.978043,0.0,0.0,0.0,0.0,0.0,0.0,-1.1423086153107898,0.4823614110871255,1.2075833933285265,-0.1790256779457422,-0.25965922726182367,-0.22630189584833027,0.06677199999999983,-0.06467899999999993,-0.8772070000000001,-0.43130599999999997,0.37918399999999997,-0.999486,0.4980779999999998,0.4438629999999999,0.12227899999999992,0.0,0.5,0.0,1.0,0.5,-0.8772070000000001
310,1.291667,jog,1.440058,-1.132725,1.025865,0.068921,-0.031682,-0.978043,0.0,0.0,0.0,0.0,0.0,0.0,-1.3470122390209083,0.5665946724261923,1.294696424286112,-0.10799136069116438,-0.34365250779938905,-0.19486441084714118,0.06115899999999996,-0.062318000000000096,-0.871812,-0.43175600000000003,0.377752,-1.0002980000000001,0.492915,0.44007000000000007,0.1284860000000001,0.0,0.5,0.0,1.0,0.5,-0.871812
311,1.295833,jog,1.440058,-1.132725,1.025865,0.068921,-0.031682,-0.978043,0.0,0.0,0.0,0.0,0.0,0.0,-1.307009121459379,0.5626500240038549,1.2914066250599732,-0.06048967834856796,-0.37493999039844206,-0.22203552568410306,0.05571400000000004,-0.05997399999999997,-0.8664320000000001,-0.43200800000000017,0.37619,-1.001223,0.4877220000000002,0.436164,0.13479099999999988,0.0,0.5,0.0,1.0,0.5,-0.8664320000000001
312,1.3,jog,1.440058,-1.132725,1.025865,0.068921,-0.031682,-0.978043,0.0,0.0,0.0,0.0,0.0,0.0,-1.5665946724262154,0.6083513318934328,1.3014158867290544,-0.035277177825749004,-0.3647708183345489,-0.22534197264218747,0.04918599999999995,-0.05743900000000002,-0.861009,-0.43215500000000007,0.37466999999999995,-1.002162,0.481341,0.43210899999999997,0.14115299999999997,0.0,0.5,0.0,1.0,0.5,-0.861009
313,1.304167,jog,1.440058,-1.132725,1.025865,0.068921,-0.031682,-0.978043,0.0,0.0,0.0,0.0,0.0,0.0,-1.613390928725698,0.6522678185745087,1.2301415886728948,-0.011759059275249667,-0.20518358531315878,-0.012479001679865506,0.04246299999999992,-0.05472100000000002,-0.8558830000000001,-0.43220400000000003,0.373815,-1.002214,0.47466699999999995,0.42853600000000003,0.14633099999999988,0.0,0.6568353786691711,0.0,1.0,0.3431646213308289,-0.8558830000000001
314,1.308333,jog,1.440058,-1.132725,1.025865,0.068921,-0.031682,-0.978043,0.0,0.0,0.0,0.0,0.0,0.0,-1.6012962073931936,0.6651464234277846,1.2436389822371947,-0.07729236677867062,-0.21219395103216968,-0.11497839654344916,0.035792000000000046,-0.05194999999999994,-0.8507020000000001,-0.43252599999999997,0.372931,-1.002693,0.468318,0.42488099999999995,0.151991,0.0,0.5776375487261036,0.0,1.0,0.4223624512738964,-0.8507020000000001
315,1.3125,jog,1.440058,-1.132725,1.025865,0.068921,-0.031682,-0.978043,0.0,0.0,0.0,0.0,0.0,0.0,-1.698584113270959,0.7331413486921062,1.3141348692104486,-0.08327333813297207,-0.1463882889368838,-0.13222942164626797,0.028713999999999906,-0.04889499999999991,-0.845226,-0.43287300000000006,0.372321,-1.003244,0.46158699999999997,0.4212159999999999,0.158018,0.0,0.6431285637244158,0.0,1.0,0.35687143627558415,-0.845226
316,1.316667,jog,1.440058,-1.132725,1.025865,0.068921,-0.031682,-0.978043,0.0,0.0,0.0,0.0,0.0,0.0,-1.7592992560594962,0.805375569954377,1.3842092632589276,-0.11183105351573648,-0.10199184065274909,-0.1545476361891034,0.02138299999999993,-0.045538999999999996,-0.839458,-0.43333900000000014,0.371896,-1.0038880000000001,0.45472200000000007,0.417435,0.16443000000000008,0.0,0.6394699429165489,0.0,1.0,0.3605300570834511,-0.839458
317,1.320833,jog,1.440058,-1.132725,1.025865,0.068921,-0.031682,-0.978043,0.0,0.0,0.0,0.0,0.0,0.0,-1.8154104656745518,0.830052808449364,1.2820451272203914,-0.11497839654342501,-0.06168987037927734,-0.1639462313970277,0.013819999999999943,-0.042081000000000035,-0.834117,-0.43381800000000004,0.37163899999999994,-1.004571,0.447638,0.41372,0.1704540000000001,0.0,0.6507784905106913,0.0,1.0,0.34922150948930875,-0.834117
318,1.325,jog,1.440058,-1.132725,1.025865,0.068921,-0.031682,-0.978043,0.0,0.0,0.0,0.0,0.0,0.0,-2.0331173506119438,0.9080873530117545,1.2450203983681205,-0.11687065034800156,-0.08903287736981219,-0.1629469642428591,0.005347999999999908,-0.038297000000000025,-0.828929,-0.43430500000000016,0.37126799999999993,-1.00525,0.43965300000000007,0.40956499999999996,0.17632099999999995,0.0,0.6343297048133674,0.0,1.0,0.36567029518663263,-0.828929
319,1.329167,jog,1.440058,-1.132725,1.025865,0.068921,-0.031682,-0.978043,0.0,0.0,0.0,0.0,0.0,0.0,-2.035037197024233,0.943844492440589,1.2786177105831436,-0.07271418286535634,-0.11663066954643214,-0.1091912646988234,-0.0031320000000001347,-0.03436400000000006,-0.823601,-0.4346080000000001,0.37078199999999994,-1.005705,0.43147599999999997,0.405146,0.18210400000000004,0.0,0.707440425083321,0.0,1.0,0.29255957491667905,-0.823601
320,1.333333,jog,1.440058,-1.132725,1.025865,0.068921,-0.031682,-0.978043,0.0,0.0,0.0,0.0,0.0,0.0,-2.0422467594814515,0.9865578492558679,1.2045127220354914,-0.022803648583762274,-0.1555448871819405,-0.07081132981276814,-0.011640000000000095,-0.030254000000000003,-0.8185830000000001,-0.43470300000000006,0.37013399999999996,-1.006,0.42306299999999997,0.40038799999999997,0.18741699999999994,0.0,0.7126342692905329,0.0,1.0,0.28736573070946714,-0.8185830000000001
321,1.3375,jog,1.440058,-1.132725,1.025865,0.068921,-0.031682,-0.978043,0.0,0.0,0.0,0.0,0.0,0.0,-1.9016078713703872,1.0784737221022807,1.4017278617711253,0.0019198464122890248,-0.14542836573074708,-0.055675545956325935,-0.019564000000000137,-0.025760000000000005,-0.8127420000000001,-0.43469500000000005,0.36952799999999997,-1.006232,0.4151309999999999,0.395288,0.19348999999999994,0.0,0.7404444943385708,0.0,1.0,0.25955550566142915,-0.8127420000000001
322,1.341667,jog,1.440058,-1.132725,1.025865,0.068921,-0.031682,-0.978043,0.0,0.0,0.0,0.0,0.0,0.0,-2.2706983441324184,1.1130309575233703,1.1785457163426833,-0.008879289656842928,-0.12431005519558783,-0.056635469162466597,-0.029025999999999996,-0.021122000000000085,-0.807831,-0.4347320000000001,0.36900999999999995,-1.006468,0.4057060000000001,0.39013200000000003,0.19863699999999995,0.0,0.7718467378250062,0.0,1.0,0.22815326217499377,-0.807831
323,1.345833,jog,1.440058,-1.132725,1.025865,0.068921,-0.031682,-0.978043,0.0,0.0,0.0,0.0,0.0,0.0,-2.480316850696079,1.138982237157914,1.1776284205472538,-0.019923187709993025,-0.0864138262121714,-0.03936629860777639,-0.039359000000000144,-0.016377000000000086,-0.802925,-0.43481499999999995,0.36865000000000003,-1.006632,0.3954559999999998,0.3850270000000001,0.20370699999999997,0.0,0.8382904847571183,0.0,1.0,0.16170951524288169,-0.802925
324,1.35,jog,1.440058,-1.132725,1.025865,0.068921,-0.031682,-0.978043,0.0,0.0,0.0,0.0,0.0,0.0,-2.4926805855531184,1.196544276457912,1.0988720902327729,-0.0345572354212006,-0.048476121910255326,-0.0412766978641702,-0.04974600000000007,-0.011390999999999929,-0.798346,-0.4349590000000001,0.368448,-1.006804,0.385213,0.3798389999999999,0.20845800000000003,0.0,0.8792626507433938,0.0,1.0,0.12073734925660617,-0.798346
325,1.354167,jog,1.440058,-1.132725,1.025865,0.068921,-0.031682,-0.978043,0.0,0.0,0.0,0.0,0.0,0.0,-2.5766738660908297,1.2330213582913605,1.0321574274058545,-0.04967602591794521,-0.026877849772019704,-0.06311495080393924,-0.060483000000000064,-0.006253000000000064,-0.794045,-0.43516600000000016,0.368336,-1.007067,0.3746830000000001,0.37458900000000006,0.21302199999999993,0.0,0.858837924372655,0.0,1.0,0.14116207562734495,-0.794045
326,1.358333,jog,1.440058,-1.132725,1.025865,0.068921,-0.031682,-0.978043,0.0,0.0,0.0,0.0,0.0,0.0,-2.6562650024003163,1.3346135381660722,1.0674507921267127,-0.024243879020620248,-0.013682189150257365,-0.03456553048487623,-0.07154900000000008,-0.0006930000000000547,-0.789598,-0.43526700000000007,0.368279,-1.007211,0.363718,0.3689720000000001,0.21761300000000006,0.0,0.9260303390344168,0.0,1.0,0.07396966096558322,-0.789598
327,1.3625,jog,1.440058,-1.132725,1.025865,0.068921,-0.031682,-0.978043,0.0,0.0,0.0,0.0,0.0,0.0,-2.7597792176625817,1.3770098392128576,0.9217662586992931,-0.018958483321319806,-0.0275977921766466,0.014398848092152763,-0.08304900000000015,0.005044999999999966,-0.785757,-0.435346,0.36816399999999994,-1.0071510000000001,0.35229699999999986,0.36311899999999997,0.2213940000000001,0.0,0.9392548801857066,0.0,1.0,0.060745119814293425,-0.785757
328,1.366667,jog,1.440058,-1.132725,1.025865,0.068921,-0.031682,-0.978043,0.0,0.0,0.0,0.0,0.0,0.0,-2.7948164146867613,1.3861291096712165,0.888408927285813,-0.024718022558186573,-0.04967602591791592,0.0412766978641702,-0.09469499999999997,0.01082099999999997,-0.7820550000000001,-0.435449,0.367957,-1.006979,0.340754,0.357136,0.224924,0.0,0.8847411852400281,0.0,1.0,0.1152588147599719,-0.7820550000000001
329,1.370833,jog,1.440058,-1.132725,1.025865,0.068921,-0.031682,-0.978043,0.0,0.0,0.0,0.0,0.0,0.0,-2.944311089774467,1.4551128180509287,0.8787806048968057,-0.028804608737427538,-0.03792606817090628,0.023763802208353568,-0.10696100000000008,0.01688299999999998,-0.778394,-0.4355690000000001,0.367799,-1.00688,0.328608,0.350916,0.22848599999999997,0.0,0.9112930788930595,0.0,1.0,0.08870692110694045,-0.778394
330,1.375,jog,1.440058,-1.132725,1.025865,0.068921,-0.031682,-0.978043,0.0,0.0,0.0,0.0,0.0,0.0,-2.8800095992320225,1.4427645788336598,0.7326613870890339,-0.032637389008858396,-0.0254379649628149,0.003599712023038399,-0.11896200000000001,0.022894999999999888,-0.7753410000000001,-0.435705,0.36769299999999994,-1.0068650000000001,0.316743,0.34479800000000005,0.23152400000000006,0.0,0.9307731757711218,0.0,1.0,0.06922682422887816,-0.7753410000000001
331,1.379167,jog,1.440058,-1.132725,1.025865,0.068921,-0.031682,-0.978043,0.0,0.0,0.0,0.0,0.0,0.0,-2.951763858891261,1.497720182385437,0.7149028077753614,-0.022318214542865384,-0.018478521718260896,-0.011999040076793276,-0.131262,0.02913600000000005,-0.772362,-0.43579800000000013,0.36761599999999994,-1.006915,0.30453600000000014,0.3384799999999999,0.234553,0.0,0.9477310526635423,0.0,1.0,0.052268947336457705,-0.772362
332,1.383333,jog,1.440058,-1.132725,1.025865,0.068921,-0.031682,-0.978043,0.0,0.0,0.0,0.0,0.0,0.0,-3.033605376860412,1.562169947191581,0.6898703792607099,-0.003360537686019888,-0.02568410945750624,0.0057609217474796776,-0.14390000000000014,0.03564400000000001,-0.769488,-0.4358120000000001,0.367509,-1.006891,0.29191199999999995,0.33186499999999997,0.23740300000000003,0.0,0.955773471022445,0.0,1.0,0.04422652897755497,-0.769488
333,1.3875,jog,1.440058,-1.132725,1.025865,0.068921,-0.031682,-0.978043,0.0,0.0,0.0,0.0,0.0,0.0,-3.018238540916665,1.60667146628266,0.5502759779217595,0.005519558435350634,-0.024718022558186573,0.007919366450683479,-0.15647699999999998,0.042338999999999904,-0.7671950000000001,-0.435789,0.367406,-1.006858,0.279312,0.3250670000000001,0.23966299999999996,0.0,0.9557732317893688,0.0,1.0,0.04422676821063121,-0.7671950000000001
334,1.391667,jog,1.440058,-1.132725,1.025865,0.068921,-0.031682,-0.978043,0.0,0.0,0.0,0.0,0.0,0.0,-3.1492680585552906,1.5591552675785758,0.4780417566594621,0.00767938564915569,-0.025197984161272124,0.009359251259899339,-0.16959999999999997,0.04883599999999988,-0.7652030000000001,-0.43575699999999995,0.367301,-1.0068190000000001,0.266157,0.3184650000000001,0.24161600000000005,0.0,0.9534075902138167,0.0,1.0,0.046592409786183286,-0.7652030000000001
335,1.395833,jog,1.440058,-1.132725,1.025865,0.068921,-0.031682,-0.978043,0.0,0.0,0.0,0.0,0.0,0.0,-3.151704272683564,1.637061929908752,0.4047047527604356,0.007441190590468405,-0.01512241958714199,-0.0062409985597698045,-0.18273000000000006,0.05565599999999993,-0.763517,-0.43572600000000006,0.36723799999999995,-1.006845,0.252996,0.311582,0.243328,0.0,0.9700459168709701,0.0,1.0,0.029954083129029918,-0.763517
336,1.4,jog,1.440058,-1.132725,1.025865,0.068921,-0.031682,-0.978043,0.0,0.0,0.0,0.0,0.0,0.0,-3.1895848332134746,1.6585073194145494,0.30285577153828724,0.006959443244554375,-0.01583873290137113,-0.016318694504440057,-0.196021,0.06256700000000004,-0.762255,-0.435697,0.36717199999999994,-1.006913,0.239676,0.3046049999999999,0.24465799999999993,0.0,0.960362787527782,0.0,1.0,0.039637212472217964,-0.762255
337,1.404167,jog,1.440058,-1.132725,1.025865,0.068921,-0.031682,-0.978043,0.0,0.0,0.0,0.0,0.0,0.0,-3.227981761459083,1.674826013918837,0.22438204943603468,0.005039596832265082,-0.019438444924405357,-0.02639788816894604,-0.2094720000000001,0.06954599999999989,-0.76132,-0.43567599999999995,0.36709099999999995,-1.007023,0.22620399999999985,0.29754500000000006,0.245703,0.0,0.9447204282987353,0.0,1.0,0.05527957170126474,-0.76132
338,1.408333,jog,1.440058,-1.132725,1.025865,0.068921,-0.031682,-0.978043,0.0,0.0,0.0,0.0,0.0,0.0,-3.264042246759392,1.6805088814209896,0.1521843494959208,0.004080652904448696,-0.018963034085438805,-0.017762842054728546,-0.2230700000000001,0.07654699999999992,-0.760686,-0.435659,0.367012,-1.0070970000000001,0.21258899999999992,0.2904650000000001,0.24641100000000016,0.0,0.9561642285939981,0.0,1.0,0.04383577140600192,-0.760686
339,1.4125,jog,1.440058,-1.132725,1.025865,0.068921,-0.031682,-0.978043,0.0,0.0,0.0,0.0,0.0,0.0,-3.2152627789776624,1.5478761699064116,0.05015598752100147,0.005759539236866767,-0.01463882889368305,0.00215982721382254,-0.23646800000000012,0.08299699999999999,-0.7604770000000001,-0.435635,0.366951,-1.007088,0.19916699999999987,0.28395400000000004,0.2466109999999999,0.0,0.9735355344537715,0.0,1.0,0.0264644655462285,-0.7604770000000001
340,1.416667,jog,1.440058,-1.132725,1.025865,0.068921,-0.031682,-0.978043,0.0,0.0,0.0,0.0,0.0,0.0,-3.3196544276459363,1.7377009839213784,-0.02087832973362316,0.009839212862961268,-0.014638828893710475,0.013198944084474556,-0.2503010000000001,0.09023800000000004,-0.760564,-0.43559400000000004,0.36688999999999994,-1.007033,0.18529299999999993,0.2766519999999999,0.24646900000000005,0.0,0.9632834602027052,0.0,1.0,0.036716539797294834,-0.760564
341,1.420833,jog,1.440058,-1.132725,1.025865,0.068921,-0.031682,-0.978043,0.0,0.0,0.0,0.0,0.0,0.0,-3.337974075852039,1.7311569851175705,-0.1144983197311551,0.0052808449351814425,-0.02328372539603938,0.010321651464233491,-0.2642070000000001,0.09745000000000004,-0.7610410000000001,-0.43557200000000007,0.36679300000000004,-1.00699,0.171365,0.269343,0.24594899999999997,0.0,0.9566488600528995,0.0,1.0,0.04335113994710049,-0.7610410000000001
342,1.425,jog,1.440058,-1.132725,1.025865,0.068921,-0.031682,-0.978043,0.0,0.0,0.0,0.0,0.0,0.0,-3.3412526997839698,1.7820974322053937,-0.2073434125270038,0.005279577633781215,-0.02687784977201827,-0.001679865610751142,-0.27813,0.10487599999999997,-0.761905,-0.4355500000000001,0.36668100000000003,-1.006997,0.15742000000000012,0.26180500000000007,0.24509199999999987,0.0,0.9542617745319297,0.0,1.0,0.04573822546807027,-0.761905
343,1.429167,jog,1.440058,-1.132725,1.025865,0.068921,-0.031682,-0.978043,0.0,0.0,0.0,0.0,0.0,0.0,-3.474922006239486,1.760979121670269,-0.32061435085191703,0.002879769618460027,-0.02399808015361153,-0.000479961603071398,-0.29261000000000004,0.11221400000000004,-0.7632410000000001,-0.435538,0.36658099999999993,-1.006999,0.14292799999999994,0.2543669999999999,0.24375799999999992,0.0,0.9597083105048327,0.0,1.0,0.04029168949516726,-0.7632410000000001
344,1.433333,jog,1.440058,-1.132725,1.025865,0.068921,-0.031682,-0.978043,0.0,0.0,0.0,0.0,0.0,0.0,-3.418867018723086,1.8178108497360173,-0.4224675948151908,0.013202112337954309,-0.01896303408543982,-0.0009601536245800851,-0.30685300000000004,0.11978700000000009,-0.765001,-0.43548300000000006,0.366502,-1.007003,0.12863000000000002,0.2467149999999999,0.24200200000000005,0.0,0.9614565783501432,0.0,1.0,0.0385434216498568,-0.765001
345,1.4375,jog,1.440058,-1.132725,1.025865,0.068921,-0.031682,-0.978043,0.0,0.0,0.0,0.0,0.0,0.0,-3.4996400287976726,1.8603311735061008,-0.44660427165826433,0.0059995200383829005,-0.017998560115201987,0.0074394048476120805,-0.32143600000000006,0.12753900000000007,-0.766862,-0.4354580000000001,0.36642699999999995,-1.006972,0.11402200000000007,0.23888799999999988,0.24010999999999993,0.0,0.9660356742956602,0.0,1.0,0.033964325704339826,-0.766862
346,1.441667,jog,1.440058,-1.132725,1.025865,0.068921,-0.031682,-0.978043,0.0,0.0,0.0,0.0,0.0,0.0,-3.5829133669306445,1.8706503479721204,-0.5269978401727763,0.008159347252241243,-0.025677945764331033,0.014878809695224161,-0.33636600000000016,0.13533399999999995,-0.769058,-0.43542400000000003,0.36632,-1.00691,0.09905799999999987,0.23098600000000002,0.23785199999999995,0.0,0.9487026418211837,0.0,1.0,0.05129735817881631,-0.769058
347,1.445833,jog,1.440058,-1.132725,1.025865,0.068921,-0.031682,-0.978043,0.0,0.0,0.0,0.0,0.0,0.0,-3.5146423427748923,1.826452232357219,-0.6644263082093289,0.00960153624580918,-0.033365338454153584,0.01800288046087389,-0.351008,0.14294299999999993,-0.771826,-0.435384,0.366181,-1.006835,0.084376,0.22323800000000005,0.2350089999999999,0.0,0.9348177978166773,0.0,1.0,0.06518220218332271,-0.771826
348,1.45,jog,1.440058,-1.132725,1.025865,0.068921,-0.031682,-0.978043,0.0,0.0,0.0,0.0,0.0,0.0,-3.6419486441084623,1.9280057595392452,-0.6858651307895381,0.01367890568753859,-0.038396928245751805,0.015598752099832507,-0.36618400000000007,0.15097700000000003,-0.774684,-0.435327,0.36602099999999993,-1.00677,0.06914299999999995,0.2150439999999999,0.2320859999999999,0.0,0.9272607849424088,0.0,1.0,0.07273921505759118,-0.774684
349,1.454167,jog,1.440058,-1.132725,1.025865,0.068921,-0.031682,-0.978043,0.0,0.0,0.0,0.0,0.0,0.0,-3.443004559635176,1.853371730261547,-0.8195344372450145,0.009599232061444612,-0.03407727381808841,0.018238540916726446,-0.38053099999999995,0.15869999999999995,-0.7780990000000001,-0.435287,0.36587899999999995,-1.006694,0.05475600000000003,0.207179,0.22859499999999988,0.0,0.9336245899403011,0.0,1.0,0.06637541005969894,-0.7780990000000001
350,1.458333,jog,1.440058,-1.132725,1.025865,0.068921,-0.031682,-0.978043,0.0,0.0,0.0,0.0,0.0,0.0,-3.5343254920786795,1.8874219875179667,-0.8418146903504288,0.008161305808897392,-0.029284685549676462,0.022323571771482666,-0.39525500000000013,0.16656300000000002,-0.781606,-0.4352530000000001,0.365757,-1.006601,0.03999799999999998,0.19919399999999998,0.22499500000000006,0.0,0.9371390074828614,0.0,1.0,0.06286099251713861,-0.781606
351,1.4625,jog,1.440058,-1.132725,1.025865,0.068921,-0.031682,-0.978043,0.0,0.0,0.0,0.0,0.0,0.0,-3.5812335013200625,1.8533717302616455,-0.8939284857211846,0.01391888648910875,-0.036957043436523764,0.03167746580273727,-0.41017800000000015,0.17428599999999994,-0.785331,-0.435195,0.365603,-1.006469,0.025016999999999845,0.19131700000000007,0.22113800000000006,0.0,0.9156228654533478,0.0,1.0,0.08437713454665219,-0.785331
352,1.466667,jog,1.440058,-1.132725,1.025865,0.068921,-0.031682,-0.978043,0.0,0.0,0.0,0.0,0.0,0.0,-3.717302615790709,1.930645548356136,-0.8826493880489462,0.017518598512116436,-0.03551715862731842,0.03839692824574015,-0.42566800000000016,0.18233100000000002,-0.7890090000000001,-0.435122,0.365455,-1.0063090000000001,0.009453999999999851,0.18312399999999995,0.21730000000000005,0.0,0.9080656340779626,0.0,1.0,0.09193436592203741,-0.7890090000000001
353,1.470833,jog,1.440058,-1.132725,1.025865,0.068921,-0.031682,-0.978043,0.0,0.0,0.0,0.0,0.0,0.0,-3.670907345175101,1.9721555448871282,-1.0151224195871087,0.014402304368686352,-0.01728276524242895,0.0636101776284183,-0.44096100000000005,0.19054700000000002,-0.793238,-0.43506200000000006,0.365383,-1.006044,0.005898999999999988,0.174836,0.21280599999999994,0.0,0.8875478491452164,0.0,1.0,0.11245215085478355,-0.793238
354,1.475,jog,1.440058,-1.132725,1.025865,0.068921,-0.031682,-0.978043,0.0,0.0,0.0,0.0,0.0,0.0,-3.655627549796001,1.9992800575953718,-1.0676745860331112,0.01871850251980367,-0.038876889848810714,0.048236141108711716,-0.4561940000000001,0.198878,-0.797687,-0.43498400000000004,0.365221,-1.005843,0.021210000000000062,0.16634300000000002,0.208156,0.0,0.8921353702041304,0.0,1.0,0.10786462979586964,-0.797687
355,1.479167,jog,1.440058,-1.132725,1.025865,0.068921,-0.031682,-0.978043,0.0,0.0,0.0,0.0,0.0,0.0,-3.65970722342229,2.05183585313183,-1.1348692104632108,-0.0026397888168907483,-0.03143748500119947,0.03143748500120114,-0.4714440000000001,0.20742799999999995,-0.802416,-0.434995,0.36509,-1.005712,0.036449000000000065,0.15766200000000008,0.20329599999999992,0.0,0.9257706367735942,0.0,1.0,0.07422936322640583,-0.802416
356,1.483333,jog,1.440058,-1.132725,1.025865,0.068921,-0.031682,-0.978043,0.0,0.0,0.0,0.0,0.0,0.0,-3.7273163706191936,2.0019203072491085,-1.0499279884781318,0.012481997119524618,-0.04200672107537961,0.047767642822849815,-0.48697200000000007,0.21576799999999996,-0.80679,-0.4349430000000001,0.364915,-1.005513,0.05202899999999999,0.14914700000000003,0.1987230000000001,0.0,0.8919604937425419,0.0,1.0,0.10803950625745806,-0.80679
357,1.4875,jog,1.440058,-1.132725,1.025865,0.068921,-0.031682,-0.978043,0.0,0.0,0.0,0.0,0.0,0.0,-3.8228941684664934,2.1192704583633226,-1.1895848332133312,0.01511879049674196,-0.042716582673388556,0.030237580993520554,-0.5029020000000001,0.224599,-0.811747,-0.43488000000000016,0.364737,-1.005387,0.06802199999999992,0.14013799999999998,0.19364000000000003,0.0,0.9092072634189318,0.0,1.0,0.09079273658106823,-0.811747
358,1.491667,jog,1.440058,-1.132725,1.025865,0.068921,-0.031682,-0.978043,0.0,0.0,0.0,0.0,0.0,0.0,-3.7988960883129086,2.0583153347731895,-1.195584353251734,0.0172786177106003,-0.031917446604283355,0.0407967362610988,-0.5187320000000001,0.23317599999999994,-0.816729,-0.4348080000000001,0.36460399999999993,-1.005217,0.083924,0.131428,0.188488,0.0,0.908992556511935,0.0,1.0,0.091007443488065,-0.816729
359,1.495833,jog,1.440058,-1.132725,1.025865,0.068921,-0.031682,-0.978043,0.0,0.0,0.0,0.0,0.0,0.0,-3.810849735957852,2.125780124820047,-1.222755640902573,0.058809409505534586,-0.03360537686027883,0.312049927988486,-0.5346080000000001,0.24203200000000002,-0.821823,-0.43456300000000003,0.364464,-1.003917,0.10004500000000005,0.12243199999999999,0.18209399999999998,0.0,0.5,0.0,1.0,0.5,-0.821823
360,1.5,jog,1.440058,-1.132725,1.025865,0.068921,-0.031682,-0.978043,0.0,0.0,0.0,0.0,0.0,0.0,-3.8099352051835567,2.161747060235142,-1.2714182865370667,0.0007199424046016851,0.015598752099827513,0.17350611951043818,-0.5504840000000001,0.25103999999999993,-0.827121,-0.43456000000000006,0.364529,-1.003194,0.11592400000000003,0.11348900000000006,0.17607299999999992,0.0,0.7096543587965263,0.0,1.0,0.2903456412034737,-0.827121
361,1.504167,jog,1.440058,-1.132725,1.025865,0.068921,-0.031682,-0.978043,0.0,0.0,0.0,0.0,0.0,0.0,-3.8555315574753783,2.164626829853602,-1.2073434125269904,-0.01223902087833522,0.041996640268786876,0.2440604751619853,-0.5665500000000001,0.26005999999999996,-0.832152,-0.4346110000000001,0.36470400000000003,-1.002177,0.13193900000000003,0.10464400000000007,0.1700250000000001,0.0,0.5867505899640554,0.0,1.0,0.4132494100359446,-0.832152
362,1.508333,jog,1.440058,-1.132725,1.025865,0.068921,-0.031682,-0.978043,0.0,0.0,0.0,0.0,0.0,0.0,-3.8943831012962855,2.1944311089774895,-1.27508401344218,-0.0943350936150019,0.13274123859815867,0.25108017282765854,-0.582774,0.26920199999999994,-0.837464,-0.43500400000000017,0.36525699999999994,-1.001131,0.14776999999999985,0.096055,0.163667,0.0,0.5012220503540363,0.0,1.0,0.49877794964596367,-0.837464
363,1.5125,jog,1.440058,-1.132725,1.025865,0.068921,-0.031682,-0.978043,0.0,0.0,0.0,0.0,0.0,0.0,-4.016078713702886,2.3237341012718797,-1.2239020878329692,-0.023758099352015467,0.06311495080393838,0.3501319894408425,-0.5995090000000001,0.27888499999999994,-0.8425640000000001,-0.435103,0.36551999999999996,-0.999672,0.16440600000000005,0.08663500000000002,0.15710799999999991,0.0,0.5,0.0,1.0,0.5,-0.8425640000000001
364,1.516667,jog,1.440058,-1.132725,1.025865,0.068921,-0.031682,-0.978043,0.0,0.0,0.0,0.0,0.0,0.0,-3.969282457403377,2.180705543556515,-1.3894888408927155,-0.09623230141590897,0.11615070794337323,0.4053275737940933,-0.6160490000000001,0.287972,-0.848354,-0.4355040000000001,0.366004,-0.9979830000000001,0.18054499999999996,0.07803199999999999,0.149629,0.0,0.5,0.0,1.0,0.5,-0.848354
365,1.520833,jog,1.440058,-1.132725,1.025865,0.068921,-0.031682,-0.978043,0.0,0.0,0.0,0.0,0.0,0.0,-3.994719155064712,2.2810849735956955,-1.2935669707152802,-0.08473355736918821,0.14882381180987445,0.3893422947671517,-0.6326910000000001,0.29747499999999993,-0.853743,-0.43585700000000016,0.36662399999999995,-0.996361,0.19683399999999995,0.06914900000000002,0.14261800000000002,0.0,0.5,0.0,1.0,0.5,-0.853743
366,1.525,jog,1.440058,-1.132725,1.025865,0.068921,-0.031682,-0.978043,0.0,0.0,0.0,0.0,0.0,0.0,-4.006239500840112,2.3642908567315892,-1.308135349172122,-0.060955123590109926,0.09719222462203196,0.32829373650109517,-0.6493850000000001,0.307327,-0.859194,-0.43611100000000014,0.36702899999999994,-0.994993,0.21327399999999996,0.05970199999999992,0.135799,0.0,0.5,0.0,1.0,0.5,-0.859194
367,1.529167,jog,1.440058,-1.132725,1.025865,0.068921,-0.031682,-0.978043,0.0,0.0,0.0,0.0,0.0,0.0,-4.112790976721827,2.419486441084677,-1.200863930885522,-0.07823374130065369,0.11279097672188095,0.33237341012718746,-0.6665230000000001,0.31740899999999994,-0.864198,-0.43643699999999996,0.367499,-0.993608,0.23008600000000012,0.05009000000000008,0.12941000000000003,0.0,0.5,0.0,1.0,0.5,-0.864198
368,1.533333,jog,1.440058,-1.132725,1.025865,0.068921,-0.031682,-0.978043,0.0,0.0,0.0,0.0,0.0,0.0,-4.07897263562157,2.3816610657704547,-1.2873259721555113,-0.13778204512723446,0.1677868458953399,0.4587133941430494,-0.683516,0.3273309999999999,-0.869561,-0.43701100000000004,0.368198,-0.991697,0.24650499999999997,0.0408670000000001,0.12213600000000002,0.0,0.5,0.0,1.0,0.5,-0.869561
369,1.5375,jog,1.440058,-1.132725,1.025865,0.068921,-0.031682,-0.978043,0.0,0.0,0.0,0.0,0.0,0.0,-3.7564194864410627,2.23950083993279,-1.456203503719689,-0.10775137988958922,0.18718502519798344,0.48020158387328715,-0.699169,0.33666299999999993,-0.875629,-0.43745999999999996,0.36897800000000003,-0.989696,0.2617090000000001,0.032315000000000094,0.11406700000000003,0.0,0.5,0.0,1.0,0.5,-0.875629
370,1.541667,jog,1.440058,-1.132725,1.025865,0.068921,-0.031682,-0.978043,0.0,0.0,0.0,0.0,0.0,0.0,-4.42524598032178,2.458363330933645,-1.1286297096232847,-0.1168706503480078,0.13510919126470022,0.45788336933047447,-0.717609,0.34690699999999997,-0.880332,-0.4379470000000001,0.369541,-0.987788,0.27966199999999997,0.022634000000000043,0.107456,0.0,0.5,0.0,1.0,0.5,-0.880332
371,1.545833,jog,1.440058,-1.132725,1.025865,0.068921,-0.031682,-0.978043,0.0,0.0,0.0,0.0,0.0,0.0,-4.14402304368689,2.426068170907273,-1.2537205952952142,-0.16274603936628368,0.19347095535284478,0.45223235717713683,-0.7348730000000001,0.35701399999999994,-0.8855550000000001,-0.43862500000000004,0.370347,-0.985904,0.29624800000000007,0.01333300000000004,0.10034899999999991,0.0,0.5,0.0,1.0,0.5,-0.8855550000000001
372,1.55,jog,1.440058,-1.132725,1.025865,0.068921,-0.031682,-0.978043,0.0,0.0,0.0,0.0,0.0,0.0,-4.210463162946914,2.4629229661626937,-1.2107031437484894,-0.1497480201583761,0.15982721382290627,0.3923686105111555,-0.752418,0.36727699999999996,-0.8906000000000001,-0.439249,0.37101300000000004,-0.9842690000000001,0.31316900000000003,0.0037360000000000726,0.093669,0.0,0.5,0.0,1.0,0.5,-0.8906000000000001
373,1.554167,jog,1.440058,-1.132725,1.025865,0.068921,-0.031682,-0.978043,0.0,0.0,0.0,0.0,0.0,0.0,-4.248860091192692,2.456683465322768,-1.187664986801049,-0.24958003359732012,0.23470122390206766,0.5085193184545188,-0.7701230000000001,0.377514,-0.895549,-0.44028900000000004,0.37199099999999996,-0.9821500000000001,0.32983400000000007,0.005523000000000056,0.08660100000000004,0.0,0.5,0.0,1.0,0.5,-0.895549
374,1.558333,jog,1.440058,-1.132725,1.025865,0.068921,-0.031682,-0.978043,0.0,0.0,0.0,0.0,0.0,0.0,-4.16202592414797,2.478396543446996,-1.211953912626051,-0.2575612097935714,0.23283725396064608,0.5208833413346283,-0.7874620000000001,0.38783899999999993,-0.900598,-0.44136200000000003,0.372961,-0.9799800000000001,0.3461000000000001,0.014877999999999947,0.07938200000000006,0.0,0.5,0.0,1.0,0.5,-0.900598
375,1.5625,jog,1.440058,-1.132725,1.025865,0.068921,-0.031682,-0.978043,0.0,0.0,0.0,0.0,0.0,0.0,-4.349892008639269,2.536357091432678,-1.0647948164146745,-0.2529397648188124,0.23566114710823877,0.5274778017758536,-0.8055880000000001,0.398408,-0.905035,-0.44241600000000003,0.373943,-0.977782,0.36317200000000005,0.02446499999999996,0.072747,0.0,0.5,0.0,1.0,0.5,-0.905035
376,1.566667,jog,1.440058,-1.132725,1.025865,0.068921,-0.031682,-0.978043,0.0,0.0,0.0,0.0,0.0,0.0,-4.251979841612641,2.5123590112790666,-1.1252699784017224,-0.24958003359732012,0.28149748020157683,0.5404367650587905,-0.8233060000000001,0.40887699999999993,-0.909724,-0.4434560000000001,0.375116,-0.97553,0.37985,0.03376099999999993,0.06580600000000003,0.0,0.5,0.0,1.0,0.5,-0.909724
377,1.570833,jog,1.440058,-1.132725,1.025865,0.068921,-0.031682,-0.978043,0.0,0.0,0.0,0.0,0.0,0.0,-4.2866058569372045,2.5254440710514343,-1.0808929428708858,-0.30460873739798305,0.28180508881421956,0.5040806529044789,-0.841164,0.41939799999999994,-0.914227,-0.44472500000000004,0.37629,-0.97343,0.396439,0.043107999999999924,0.059203000000000006,0.0,0.5,0.0,1.0,0.5,-0.914227
378,1.575,jog,1.440058,-1.132725,1.025865,0.068921,-0.031682,-0.978043,0.0,0.0,0.0,0.0,0.0,0.0,-4.295416366690632,2.467722582193416,-1.065034797216214,-0.3052555795536456,0.30957523398128234,0.5224382049436002,-0.859063,0.429681,-0.9186650000000001,-0.4459970000000001,0.37758,-0.971253,0.41306599999999993,0.05210099999999995,0.05258799999999997,0.0,0.5,0.0,1.0,0.5,-0.9186650000000001
379,1.579167,jog,1.440058,-1.132725,1.025865,0.068921,-0.031682,-0.978043,0.0,0.0,0.0,0.0,0.0,0.0,-4.2649388048955785,2.5068394528437428,-1.062155027597784,-0.31701463882889525,0.31821454283655587,0.5452363810895078,-0.876835,0.44012699999999993,-0.923091,-0.4473180000000001,0.37890599999999997,-0.968981,0.4295169999999999,0.06122099999999997,0.045889999999999986,0.04109999999999997,0.5,0.04109999999999997,0.9589000000000001,0.5,-0.923091
380,1.583333,jog,1.440058,-1.132725,1.025865,0.068921,-0.031682,-0.978043,0.0,0.0,0.0,0.0,0.0,0.0,-4.283245319250983,2.4503120499279203,-1.0333653384541253,-0.31373019683147174,0.3206913106096897,0.584493518963018,-0.8946790000000001,0.45033499999999993,-0.927396,-0.44862500000000005,0.38024199999999997,-0.966546,0.44605400000000006,0.07009299999999996,0.03915000000000002,0.10849999999999999,0.5,0.10849999999999999,0.8915,0.5,-0.927396
381,1.5875,jog,1.440058,-1.132725,1.025865,0.068921,-0.031682,-0.978043,0.0,0.0,0.0,0.0,0.0,0.0,-4.311015118790689,2.4792416606672814,-0.957043436525123,-0.3206143508519474,0.3419726421886428,0.6040316774658316,-0.9126430000000001,0.460666,-0.931384,-0.44996100000000006,0.381667,-0.964029,0.46268200000000004,0.07899900000000004,0.032645000000000035,0.1735500000000001,0.5,0.1735500000000001,0.8264499999999999,0.5,-0.931384
382,1.591667,jog,1.440058,-1.132725,1.025865,0.068921,-0.031682,-0.978043,0.0,0.0,0.0,0.0,0.0,0.0,-4.220302375809901,2.3702903767698196,-0.9865610751139808,-0.2774178065754829,0.3474922006239486,0.6064314854811572,-0.9302290000000001,0.47054299999999993,-0.935495,-0.4511170000000001,0.383115,-0.9615020000000001,0.479112,0.08742799999999995,0.026007000000000113,0.23992999999999998,0.5,0.23992999999999998,0.76007,0.5,-0.935495
383,1.595833,jog,1.440058,-1.132725,1.025865,0.068921,-0.031682,-0.978043,0.0,0.0,0.0,0.0,0.0,0.0,-4.215554488718071,2.4356697071530817,-0.8696591454632506,-0.3062890062409767,0.3867018722995643,0.6130580892942705,-0.947791,0.48068999999999995,-0.939118,-0.45239300000000005,0.384726,-0.958948,0.495398,0.09596399999999994,0.019830000000000014,0.30169999999999997,0.5,0.30169999999999997,0.6983,0.5,-0.939118
384,1.6,jog,1.440058,-1.132725,1.025865,0.068921,-0.031682,-0.978043,0.0,0.0,0.0,0.0,0.0,0.0,-4.16102711783054,2.413966882649379,-0.8344132469402403,-0.3659707223422095,0.3018958483321266,0.5207583393328473,-0.96513,0.490749,-0.9425950000000001,-0.45391800000000004,0.385984,-0.956778,0.511212,0.104765,0.014182999999999946,0.35817,0.5,0.35817,0.64183,0.5,-0.9425950000000001
385,1.604167,jog,1.440058,-1.132725,1.025865,0.068921,-0.031682,-0.978043,0.0,0.0,0.0,0.0,0.0,0.0,-4.096472282217617,2.3894888408928363,-0.7676985841133044,-0.34293256539478734,0.3506119510439168,0.6282697384209572,-0.9822000000000001,0.500706,-0.945794,-0.45534700000000006,0.38744499999999993,-0.95416,0.526853,0.11326100000000006,0.008365999999999985,0.41634000000000004,0.5,0.41634000000000004,0.58366,0.5,-0.945794
386,1.608333,jog,1.440058,-1.132725,1.025865,0.068921,-0.031682,-0.978043,0.0,0.0,0.0,0.0,0.0,0.0,-4.099135861737768,2.266922707633161,-0.6716274603936467,-0.37013922227556434,0.38814210273644895,0.6641862698031483,-0.9992770000000001,0.51015,-0.948592,-0.4568890000000001,0.389062,-0.951393,0.542388,0.12108799999999997,0.0028010000000000534,0.47199,0.5,0.47199,0.52801,0.5,-0.948592
387,1.6125,jog,1.440058,-1.132725,1.025865,0.068921,-0.031682,-0.978043,0.0,0.0,0.0,0.0,0.0,0.0,-4.010319174466006,2.275977921766226,-0.580273578113744,-0.3777297816174592,0.38276937844972425,0.6496280297576147,-1.0159880000000001,0.5196339999999999,-0.95101,-0.45846300000000006,0.39065700000000003,-0.948686,0.557525,0.1289769999999999,0.0023239999999999927,0.5,0.4767600000000001,0.4767600000000001,0.5,0.5232399999999999,-0.948686
388,1.616667,jog,1.440058,-1.132725,1.025865,0.068921,-0.031682,-0.978043,0.0,0.0,0.0,0.0,0.0,0.0,-3.907127429805583,2.2351811855051533,-0.4919606431485468,-0.40364770818333295,0.42380609551234,0.7544996400287939,-1.032269,0.528948,-0.95306,-0.460145,0.39242299999999997,-0.945542,0.5721240000000001,0.136525,0.007518000000000025,0.5,0.42481999999999986,0.42481999999999986,0.5,0.5751800000000001,-0.945542
389,1.620833,jog,1.440058,-1.132725,1.025865,0.068921,-0.031682,-0.978043,0.0,0.0,0.0,0.0,0.0,0.0,-3.77724435909756,2.2198751800288705,-0.4265482477196464,-0.43254920787329043,0.40734517522806135,0.8089294287086138,-1.048005,0.538196,-0.954837,-0.4619470000000001,0.39412,-0.942172,0.586058,0.14407599999999998,0.012665000000000037,0.5,0.3733499999999999,0.3733499999999999,0.5,0.6266500000000002,-0.942172
390,1.625,jog,1.440058,-1.132725,1.025865,0.068921,-0.031682,-0.978043,0.0,0.0,0.0,0.0,0.0,0.0,-3.600671946244264,2.1915046796256203,-0.3796496280297547,-0.4370050395968197,0.39404847612188837,0.8648908087352937,-1.063009,0.547328,-0.956419,-0.46376800000000007,0.39576199999999995,-0.9385680000000001,0.5992409999999999,0.1515660000000001,0.01785099999999995,0.5,0.32148999999999994,0.32148999999999994,0.5,0.6785100000000001,-0.9385680000000001
391,1.629167,jog,1.440058,-1.132725,1.025865,0.068921,-0.031682,-0.978043,0.0,0.0,0.0,0.0,0.0,0.0,-3.5428365730741334,2.0787137029037392,-0.22006239500839458,-0.45452363810893615,0.3366930645548434,0.9008879289656776,-1.077772,0.55599,-0.957336,-0.465662,0.397165,-0.934814,0.61211,0.158825,0.02252199999999993,0.5,0.27478,0.27478,0.5,0.72522,-0.934814
392,1.633333,jog,1.440058,-1.132725,1.025865,0.068921,-0.031682,-0.978043,0.0,0.0,0.0,0.0,0.0,0.0,-3.4251080172828483,2.0134421507441593,-0.10753720595295621,-0.4879980796927785,0.3754200672107658,0.8975036005761136,-1.092041,0.5643779999999999,-0.957784,-0.4676950000000001,0.398729,-0.931075,0.624346,0.16564899999999994,0.026708999999999983,0.5,0.23291000000000006,0.23291000000000006,0.5,0.7670899999999999,-0.931075
393,1.6375,jog,1.440058,-1.132725,1.025865,0.068921,-0.031682,-0.978043,0.0,0.0,0.0,0.0,0.0,0.0,-3.265178785697121,1.921766258699293,-0.05735541156707494,-0.5260379169666318,0.4446844252459754,0.8629709623230081,-1.105647,0.572386,-0.9580230000000001,-0.46988700000000005,0.400582,-0.927479,0.63576,0.17180399999999996,0.030544000000000016,0.5,0.19456,0.19456,0.5,0.8054399999999999,-0.927479
394,1.641667,jog,1.440058,-1.132725,1.025865,0.068921,-0.031682,-0.978043,0.0,0.0,0.0,0.0,0.0,0.0,-3.137508999280041,1.8166546676265944,-0.0014398848092166917,-0.5625149988000948,0.42500599952002727,0.868490520758332,-1.118721,0.579956,-0.958029,-0.47223100000000007,0.40235299999999996,-0.92386,0.64649,0.17760300000000007,0.034169000000000005,0.5,0.15830999999999995,0.15830999999999995,0.5,0.84169,-0.92386
395,1.645833,jog,1.440058,-1.132725,1.025865,0.068921,-0.031682,-0.978043,0.0,0.0,0.0,0.0,0.0,0.0,-3.0456072971674577,1.7690830532884747,0.16538646183389108,-0.5204032645222968,0.44191070571289753,0.8566970715314223,-1.131409,0.587326,-0.9573400000000001,-0.474399,0.40419399999999994,-0.920291,0.6570100000000001,0.18313200000000007,0.03704900000000011,0.5,0.12951000000000001,0.12951000000000001,0.5,0.87049,-0.920291
396,1.65,jog,1.440058,-1.132725,1.025865,0.068921,-0.031682,-0.978043,0.0,0.0,0.0,0.0,0.0,0.0,-2.846172306215628,1.5557955363571665,0.01487880969522329,-0.40724742020641636,0.3928485721142487,1.076793856491531,-1.143269,0.593809,-0.9572780000000001,-0.4760960000000001,0.40583099999999994,-0.9158040000000001,0.667173,0.1879780000000001,0.04147400000000001,0.5,0.08525999999999989,0.08525999999999989,0.5,0.9147400000000001,-0.9158040000000001
397,1.654167,jog,1.440058,-1.132725,1.025865,0.068921,-0.031682,-0.978043,0.0,0.0,0.0,0.0,0.0,0.0,-2.6349892008639215,1.576913846892235,-0.006959443244540683,-0.4629229661626935,0.4636429085673218,0.8293736501079852,-1.154249,0.60038,-0.957307,-0.47802500000000003,0.407763,-0.912348,0.676224,0.19261700000000004,0.04495899999999997,0.5,0.0504099999999999,0.0504099999999999,0.5,0.9495900000000002,-0.912348
398,1.658333,jog,1.440058,-1.132725,1.025865,0.068921,-0.031682,-0.978043,0.0,0.0,0.0,0.0,0.0,0.0,-2.4767162746038673,1.4647143542966332,-0.017762842054726048,-0.5278444551128185,0.485597695631287,0.8701392222755377,-1.1645670000000001,0.606482,-0.957381,-0.4802240000000001,0.409786,-0.9087230000000001,0.6843429999999999,0.19669599999999998,0.04865799999999998,0.5,0.013420000000000099,0.013420000000000099,0.5,0.9865799999999999,-0.9087230000000001
399,1.6625,jog,1.440058,-1.132725,1.025865,0.068921,-0.031682,-0.978043,0.0,0.0,0.0,0.0,0.0,0.0,-2.2514998800095825,1.4797216222702083,-0.0494360451163898,-0.5745140388768872,0.4878809695224228,0.8094552435805076,-1.1739490000000001,0.612648,-0.957587,-0.4826180000000001,0.41181899999999994,-0.90535,0.6913309999999999,0.20082900000000004,0.05223699999999998,0.5,0.0,0.0,0.5,1.0,-0.90535
400,1.666667,jog,1.440058,-1.132725,1.025865,0.068921,-0.031682,-0.978043,0.0,0.0,0.0,0.0,0.0,0.0,-2.178065754739714,1.303815694744485,-0.13126949844013217,-0.5123590112791205,0.5848332133429647,0.9858411327094284,-1.183025,0.618081,-0.958134,-0.4847530000000001,0.41425599999999996,-0.901242,0.698272,0.20382500000000003,0.056892000000000054,0.5,0.0,0.0,0.5,1.0,-0.901242
401,1.670833,jog,1.440058,-1.132725,1.025865,0.068921,-0.031682,-0.978043,0.0,0.0,0.0,0.0,0.0,0.0,-2.0220835333652865,1.2210753720594847,-0.16178588574171282,-0.6315410465674188,0.6651464234277492,0.9827172347575344,-1.191449,0.6231679999999999,-0.958808,-0.48738400000000004,0.41702700000000004,-0.8971480000000001,0.704065,0.2061409999999999,0.06165999999999994,0.5,0.0,0.0,0.5,1.0,-0.8971480000000001
402,1.675,jog,1.440058,-1.132725,1.025865,0.068921,-0.031682,-0.978043,0.0,0.0,0.0,0.0,0.0,0.0,-1.8017758579313485,1.2035037197024125,-0.2543796496280291,-0.6645068394528438,0.6402687784976896,1.0491960643148504,-1.198957,0.6281829999999999,-0.959868,-0.49015300000000006,0.41969499999999993,-0.892776,0.708804,0.208488,0.06709200000000004,0.5,0.0,0.0,0.5,1.0,-0.892776
403,1.679167,jog,1.440058,-1.132725,1.025865,0.068921,-0.031682,-0.978043,0.0,0.0,0.0,0.0,0.0,0.0,-1.7005039596832145,1.1173506119510472,-0.28437724982001356,-0.8706503479721471,0.7736981041516631,1.0770338372930064,-1.206043,0.6328389999999999,-0.961053,-0.493781,0.42291899999999993,-0.888288,0.7122620000000001,0.20992000000000005,0.07276500000000008,0.5,0.0,0.0,0.5,1.0,-0.888288
404,1.683333,jog,1.440058,-1.132725,1.025865,0.068921,-0.031682,-0.978043,0.0,0.0,0.0,0.0,0.0,0.0,-1.5578492558809802,1.015362457993308,-0.3821411425828222,-0.898943831012985,0.7762842054729127,1.0093614978396772,-1.212533,0.637069,-0.962645,-0.497526,0.426153,-0.8840830000000001,0.7150070000000001,0.210916,0.07856199999999991,0.5,0.0,0.0,0.5,1.0,-0.8840830000000001
405,1.6875,jog,1.440058,-1.132725,1.025865,0.068921,-0.031682,-0.978043,0.0,0.0,0.0,0.0,0.0,0.0,-1.3470122390208696,1.026877849772005,-0.4734821214302809,-0.9380849532037489,0.8461723062155033,1.0988720902327729,-1.218146,0.641348,-0.964618,-0.5014350000000001,0.42967900000000003,-0.8795040000000001,0.716711,0.21166899999999994,0.08511399999999991,0.5,0.0,0.0,0.5,1.0,-0.8795040000000001
406,1.691667,jog,1.440058,-1.132725,1.025865,0.068921,-0.031682,-0.978043,0.0,0.0,0.0,0.0,0.0,0.0,-1.2171826253899578,0.956323494120467,-0.5322774178065726,-0.8423326133909255,0.6997840172785929,1.0523158147348133,-1.2232180000000001,0.6453329999999999,-0.966836,-0.5049450000000001,0.43259499999999995,-0.875119,0.7182729999999999,0.21273800000000004,0.09171700000000005,0.5,0.0,0.0,0.5,1.0,-0.875119
407,1.695833,jog,1.440058,-1.132725,1.025865,0.068921,-0.031682,-0.978043,0.0,0.0,0.0,0.0,0.0,0.0,-1.078732597215582,0.8790206433029509,-0.5976956313010234,-0.967594815170454,0.8000480076812571,1.0381661065770782,-1.2277120000000001,0.648995,-0.969326,-0.5089760000000001,0.435928,-0.8707940000000001,0.7187359999999999,0.213067,0.09853199999999995,0.5,0.0,0.0,0.5,1.0,-0.8707940000000001
408,1.7,jog,1.440058,-1.132725,1.025865,0.068921,-0.031682,-0.978043,0.0,0.0,0.0,0.0,0.0,0.0,-0.9246460283177264,0.8137748980081477,-0.6712263018958434,-0.9702423806095484,0.6630669546436139,1.053995680345566,-1.231565,0.6523859999999999,-0.9721230000000001,-0.5130190000000001,0.43869099999999994,-0.866402,0.7185459999999999,0.21369500000000002,0.10572100000000006,0.5,0.0,0.0,0.5,1.0,-0.866402
409,1.704167,jog,1.440058,-1.132725,1.025865,0.068921,-0.031682,-0.978043,0.0,0.0,0.0,0.0,0.0,0.0,-0.7938564914806768,0.7103431725461953,-0.7374610031197446,-1.0923926085913045,0.885049196064314,1.0367170626349858,-1.234873,0.655346,-0.9751960000000001,-0.5175710000000001,0.44237899999999997,-0.862082,0.7173019999999999,0.21296700000000002,0.11311400000000005,0.5,0.0,0.0,0.5,1.0,-0.862082
410,1.708333,jog,1.440058,-1.132725,1.025865,0.068921,-0.031682,-0.978043,0.0,0.0,0.0,0.0,0.0,0.0,-0.6413826212193794,0.5820931349015709,-0.6005760921747308,-1.1346615458472866,0.9119059049447654,1.0468074891982373,-1.2375450000000001,0.657771,-0.9776980000000001,-0.522298,0.44617799999999996,-0.8577210000000001,0.715247,0.21159300000000003,0.119977,0.5,0.0,0.0,0.5,1.0,-0.8577210000000001
411,1.7125,jog,1.440058,-1.132725,1.025865,0.068921,-0.031682,-0.978043,0.0,0.0,0.0,0.0,0.0,0.0,-0.49796016318696623,0.5773938084953381,-0.5632349412047298,-1.1790256779458317,0.923446124310115,1.0071994240461237,-1.23962,0.660177,-0.980045,-0.5272110000000001,0.45002600000000004,-0.8535240000000001,0.712409,0.21015099999999992,0.126521,0.5,0.0,0.0,0.5,1.0,-0.8535240000000001
412,1.716667,jog,1.440058,-1.132725,1.025865,0.068921,-0.031682,-0.978043,0.0,0.0,0.0,0.0,0.0,0.0,-0.5121190304775571,0.6484281257499441,-0.4914806815454729,-1.2718982481401322,0.9596832253419593,0.983921286297087,-1.241754,0.662879,-0.982093,-0.5325110000000001,0.454025,-0.8494240000000001,0.709243,0.20885399999999998,0.13266899999999993,0.5,0.0,0.0,0.5,1.0,-0.8494240000000001
413,1.720833,jog,1.440058,-1.132725,1.025865,0.068921,-0.031682,-0.978043,0.0,0.0,0.0,0.0,0.0,0.0,-0.2537205952952409,0.6108977436389569,-0.42678828612576886,-1.281084973595749,0.8879020643302704,0.9419107057128909,-1.242811,0.665424,-0.983871,-0.5378480000000001,0.457724,-0.8455,0.704963,0.20769999999999994,0.13837100000000002,0.5,0.0,0.0,0.5,1.0,-0.8455
414,1.725,jog,1.440058,-1.132725,1.025865,0.068921,-0.031682,-0.978043,0.0,0.0,0.0,0.0,0.0,0.0,-0.14206863450924037,0.4000479961603112,-0.39596832253419395,-1.396688264938779,0.9999999999999734,0.9616030717542549,-1.243403,0.667091,-0.985521,-0.543668,0.46189099999999994,-0.841493,0.699735,0.20520000000000005,0.14402799999999993,0.5,0.0,0.0,0.5,1.0,-0.841493
415,1.729167,jog,1.440058,-1.132725,1.025865,0.068921,-0.031682,-0.978043,0.0,0.0,0.0,0.0,0.0,0.0,-0.06479481641468797,0.2366210703143825,-0.4677225821934457,-1.4446844252460525,1.0110391168707018,0.9316054715623168,-1.243673,0.668077,-0.9874700000000001,-0.5496880000000001,0.46610399999999996,-0.837611,0.693985,0.201973,0.14985900000000008,0.5,0.0,0.0,0.5,1.0,-0.837611
416,1.733333,jog,1.440058,-1.132725,1.025865,0.068921,-0.031682,-0.978043,0.0,0.0,0.0,0.0,0.0,0.0,0.06937109937589434,0.05592894863177553,-0.41406625060008406,-1.5393662986077357,1.0081613058088974,0.9131060969754915,-1.243384,0.66831,-0.989195,-0.5561010000000001,0.47030399999999994,-0.833807,0.687283,0.19800600000000002,0.15538800000000008,0.5,0.0,0.0,0.5,1.0,-0.833807
417,1.7375,jog,1.440058,-1.132725,1.025865,0.068921,-0.031682,-0.978043,0.0,0.0,0.0,0.0,0.0,0.0,0.06455483561315507,0.07727381809456252,-0.30909527237820844,-1.6501079913606769,1.0453563714902792,0.9140868730501507,-1.243115,0.668632,-0.990483,-0.5629770000000001,0.47465999999999997,-0.829998,0.680138,0.19397200000000003,0.160485,0.5,0.0,0.0,0.5,1.0,-0.829998
418,1.741667,jog,1.440058,-1.132725,1.025865,0.068921,-0.031682,-0.978043,0.0,0.0,0.0,0.0,0.0,0.0,0.3954883609311184,0.06311495080392505,-0.3088552915766707,-1.6779457643388396,1.0501559875210014,0.8852891768658434,-1.241467,0.668895,-0.99177,-0.5699690000000001,0.479036,-0.826309,0.671498,0.18985899999999994,0.16546100000000008,0.5,0.0,0.0,0.5,1.0,-0.826309
419,1.745833,jog,1.440058,-1.132725,1.025865,0.068921,-0.031682,-0.978043,0.0,0.0,0.0,0.0,0.0,0.0,0.5074411905905087,0.02904464714355278,-0.3228516562650105,-1.7489198271723965,1.108737397983689,0.8744599135861916,-1.2393530000000001,0.669016,-0.993115,-0.5772550000000001,0.48365499999999995,-0.822666,0.662098,0.18536100000000005,0.17044899999999996,0.5,0.0,0.0,0.5,1.0,-0.822666
420,1.75,jog,1.440058,-1.132725,1.025865,0.068921,-0.031682,-0.978043,0.0,0.0,0.0,0.0,0.0,0.0,0.5406767458603282,0.14542836573073933,-0.4422846172306184,-1.8159347252219662,1.1415886729061615,0.831773458123343,-1.2371,0.6696219999999999,-0.994958,-0.5848220000000001,0.48841199999999996,-0.8192,0.652278,0.18121000000000004,0.17575799999999997,0.5,0.0,0.0,0.5,1.0,-0.8192
421,1.754167,jog,0.376412,-0.542291,0.951398,0.076815,0.012487,-0.97409,-255.25461963042764,141.692824574033,-17.87065034797204,20.549797856399984,-8.232009724691164,-7.35185816816612,0.26325893928485206,0.21910247180225345,-0.24934005279577484,-1.9448044156467335,1.160307175425965,0.8099352051835832,-0.17235700000000004,0.08010099999999998,-0.92153,0.47071999999999997,-0.09718700000000002,-0.741358,0.643077,0.177288,0.180172,0.5,0.0,0.0,0.5,1.0,-0.741358
422,1.758333,jog,0.36904,-0.53942,0.944074,0.063418,0.024981,-0.974963,-1.7695631301008727,0.6891502640422543,-1.7580412866059019,7.178215986986826,5.019605818507391,0.9518395832647354,0.07801248199712629,0.21459433509362197,-0.244599135861744,-1.9435909745559843,1.1144983197311746,0.8379740758521567,-0.16465999999999997,0.07812400000000003,-0.915225,0.469995,-0.09541500000000003,-0.7305429999999999,0.634655,0.17353900000000005,0.184682,0.5,0.0,0.0,0.5,1.0,-0.7305429999999999
423,1.7625,jog,0.362317,-0.536292,0.941046,0.05738,0.022723,-0.975663,-1.6133909287256847,0.7506599472042227,-0.7266618670506111,-0.48969600461180823,3.0611706038096083,0.660182356941843,-0.13846892248619866,0.06479481641468453,-0.18742500599951872,-2.008159347252188,1.227981761459083,0.7936165106791406,-0.158514,0.075266,-0.9129780000000001,0.46835000000000004,-0.09342600000000001,-0.7242080000000001,0.6268640000000001,0.168692,0.18877,0.5968866178155705,0.0,0.0,0.4031133821844295,1.0,-0.7242080000000001
424,1.766667,jog,0.355988,-0.533478,0.937977,0.053101,0.018835,-0.976498,-1.5188384929205485,0.675305975521949,-0.7365010799136251,-1.4632051922879457,2.393475205906261,1.138433220501639,-0.15334773218142447,0.05951523878088999,-0.20854331653467523,-1.9678425725942006,1.1744660427165627,0.7194624430045543,-0.15282400000000002,0.07269999999999999,-0.910778,0.4664789999999999,-0.09134600000000004,-0.7181409999999999,0.6193029999999999,0.16404600000000003,0.19263700000000006,0.5573190718800392,0.0,0.0,0.44268092811996085,1.0,-0.7181409999999999
425,1.770833,jog,0.349763,-0.530429,0.934918,0.046746,0.015794,-0.977227,-1.4942390782524881,0.7318771003360262,-0.734277484397465,-0.8395852729356584,3.286586658957184,0.8262638910433626,-0.10345655304848846,0.0746519443110891,-0.251080172827646,-2.1860297647622966,1.2899663946231286,0.7054728756600857,-0.14703,0.06996200000000002,-0.908765,0.463597,-0.0890209999999999,-0.712143,0.610627,0.15898299999999993,0.19662200000000007,0.5306108451009581,0.0,0.0,0.46938915489904187,1.0,-0.712143
426,1.775,jog,0.343491,-0.52786,0.931301,0.043367,0.015023,-0.977895,-1.50515958723309,0.6165106791457069,-0.8680105591553028,-0.0854911354972484,1.6581417322540182,1.1931286247841482,-0.010319174466040186,0.16942644588434658,-0.18934485241181523,-2.268778497720277,1.3215742740581187,0.6270698344132766,-0.14080099999999998,0.06809900000000002,-0.905937,0.460415,-0.08608300000000002,-0.705913,0.601216,0.15418200000000004,0.20002399999999998,0.5761837430969443,0.0,0.0,0.4238162569030557,1.0,-0.705913
427,1.779167,jog,0.337142,-0.525219,0.927499,0.039168,0.015069,-0.978482,-1.5236381089512707,0.6337892968562477,-0.9124070074394178,0.387375545910123,1.9642899005848213,1.0156814709204096,0.13342932565394688,0.22054235661145682,-0.18358531317494503,-2.421406287496992,1.4756419486441144,0.6445884329253596,-0.133896,0.06637699999999996,-0.9028999999999999,0.45667399999999997,-0.08257499999999995,-0.699425,0.5905699999999999,0.14895199999999992,0.20347499999999996,0.5,0.0,0.0,0.5,1.0,-0.699425
428,1.783333,jog,0.331157,-0.522424,0.923756,0.035174,0.013922,-0.978926,-1.4366298607776895,0.6709073451752078,-0.8984637542006333,-0.17981052127412292,1.9860842921546886,0.6789100277657568,0.21987518002879863,0.16514642342774918,-0.1994719155064752,-2.41886701872293,1.4500720115217949,0.6096975516082441,-0.12699499999999997,0.06427,-0.899988,0.452582,-0.07932899999999998,-0.693142,0.579577,0.14359899999999998,0.20684599999999997,0.5,0.0,0.0,0.5,1.0,-0.693142
429,1.7875,jog,0.325048,-0.519608,0.919928,0.031875,0.012625,-0.979267,-1.4660427165826564,0.6757859371250347,-0.9186465082793435,-0.31131594122891626,1.6738227634145568,0.5174060672690326,0.17806575473961772,0.08543316534677711,-0.13174946004319574,-2.588912886969001,1.3273338132949148,0.11063114950803592,-0.120144,0.061809999999999976,-0.896709,0.44790300000000005,-0.07661400000000007,-0.6888529999999999,0.5680470000000001,0.13842400000000005,0.20785600000000004,0.604314382039671,0.0,0.0,0.395685617960329,1.0,-0.6888529999999999
430,1.791667,jog,0.318889,-0.516846,0.916211,0.029389,0.011439,-0.979714,-1.478041756659541,0.6628269738421064,-0.8920086393088889,-0.3486622903320044,1.278343710437133,0.8613334131220232,0.08975281977441865,0.06191504679625444,-0.09071274298056567,-2.562754979601774,1.475881929445709,0.6330693544516731,-0.11361099999999999,0.059306000000000025,-0.89337,0.44338299999999997,-0.07322600000000001,-0.682498,0.556994,0.13253200000000004,0.21087199999999995,0.7636043604915467,0.0,0.0,0.23639563950845333,1.0,-0.682498
431,1.795833,jog,0.312658,-0.514074,0.912722,0.027704,0.009918,-0.980233,-1.495679308689346,0.6653864618338744,-0.8374939990398149,-0.5899744699941939,0.9319631180075245,1.0981872599324818,0.003840614498323467,0.055448871819485095,-0.07633221315410228,-2.686269803168422,1.623379740758495,0.3739798367738745,-0.10736399999999999,0.05676500000000001,-0.8901990000000001,0.438423,-0.06923499999999994,-0.677451,0.545787,0.12599999999999995,0.21274800000000005,0.8426262898668893,0.0,0.0,0.15737371013311074,1.0,-0.677451
432,1.8,jog,0.306494,-0.511349,0.909479,0.026318,0.008023,-0.980689,-1.479241660667136,0.6539476841852547,-0.7782577393808426,-0.7904432050075965,0.8264686258606949,0.9750500980136588,0.0009599232061444612,0.058315334773229394,-0.021118310535157333,-2.721142308615287,1.8608111351091596,0.8303335733141264,-0.10119599999999998,0.05428300000000008,-0.887044,0.433248,-0.06420599999999999,-0.670748,0.534444,0.11848900000000007,0.21629600000000004,0.8966185224770944,0.0,0.0,0.10338147752290561,1.0,-0.670748
433,1.804167,jog,0.300242,-0.508381,0.906258,0.027371,0.006015,-0.98108,-1.5003599712022875,0.7122630189584975,-0.7729781617470614,-1.0705773780641037,-0.3120349581629259,0.9779595080817539,0.034797216222696756,0.13486921046315026,-0.20926325893928355,-2.8096952243820406,1.6688264938804807,0.17350611951043818,-0.09479900000000002,0.05187699999999995,-0.884695,0.42779199999999995,-0.06022000000000005,-0.666804,0.522591,0.112097,0.21789100000000006,0.58103413779451,0.0,0.0,0.41896586220549004,1.0,-0.666804
434,1.808333,jog,0.294031,-0.505334,0.902751,0.029904,0.003312,-0.981369,-1.4908785405665346,0.731397023523788,-0.841814690350487,-1.5305486118850367,-0.9458502810302792,0.8320076018003464,0.08545367258762175,0.1387421987518094,-0.17858857417187168,-2.836773883821484,1.6793086893903466,0.5528084493519105,-0.08823199999999998,0.04940799999999995,-0.8819319999999999,0.422185,-0.05627100000000007,-0.660994,0.5104169999999999,0.10567900000000002,0.22093799999999997,0.5970745633565919,0.0,0.0,0.4029254366434081,1.0,-0.660994
435,1.8125,jog,0.287822,-0.502361,0.899321,0.032976,0.000698,-0.981685,-1.4900407967362412,0.7134629229661581,-0.8231341492680362,-1.5421039588702967,-1.2077442752573737,0.9891831885328933,0.1509479241660633,0.07199424046076798,-0.09911207103431655,-2.922486201103868,1.779697624190046,0.16222702183825408,-0.08139400000000002,0.04673499999999997,-0.878915,0.41621600000000003,-0.051828000000000096,-0.656888,0.49761000000000005,0.09856300000000007,0.22202699999999997,0.6759987607436342,0.0,0.0,0.3240012392563658,1.0,-0.656888
436,1.816667,jog,0.281636,-0.499332,0.896047,0.035626,-0.001027,-0.982015,-1.4845212383009305,0.726901847852154,-0.7856971442284555,-1.086718241388681,-1.0887789421296648,1.0489446858998506,0.12335013198943671,0.07535397168226028,-0.06311495080393505,-2.9140868730501372,1.7362610991120557,0.3959683225341906,-0.07469400000000001,0.044020000000000004,-0.875904,0.41025900000000004,-0.04762200000000005,-0.651964,0.4849530000000001,0.09164200000000006,0.22394000000000003,0.7371260699018682,0.0,0.0,0.26287393009813176,1.0,-0.651964
437,1.820833,jog,0.275607,-0.496545,0.893016,0.038378,-0.002847,-0.982329,-1.4471915506481428,0.6689870379260816,-0.7275564090254644,-1.1412464287210569,-1.1289334744730362,1.0570407214714574,0.11377820451272551,0.06096975516082166,-0.06889102256361257,-3.025924147863738,1.7602016322612155,0.17402784445511815,-0.068191,0.041486999999999996,-0.87316,0.40368200000000004,-0.043076,-0.648208,0.47187300000000004,0.084563,0.22495200000000004,0.7561377673974146,0.0,0.0,0.24386223260258544,1.0,-0.648208
438,1.825,jog,0.268965,-0.493421,0.88933,0.041279,0.00179,-0.982208,-1.5939524838012793,0.7497000239980782,-0.8845692344612551,1.9315624402786025,-1.7776876447845786,0.06601045980661002,0.07343412526997802,0.058075353971686616,-0.07103431725461852,-3.0340772738180886,1.8140148788096773,0.12023038156947387,-0.06124300000000002,0.038605,-0.8697699999999999,0.39768099999999995,-0.038641000000000036,-0.644021,0.458924,0.07724600000000004,0.22574899999999998,0.8041316221360962,0.0,0.0,0.19586837786390376,1.0,-0.644021
439,1.829167,jog,0.262997,-0.49088,0.887133,0.043206,-0.000526,-0.982376,-1.4322054235661108,0.6097912167026629,-0.5272378209743191,-1.287961375708387,-0.7026212893290034,0.5994091322042432,0.02351811855051932,0.05783537317014384,-0.08231341492680512,-3.1207103431725263,1.7674586033117374,0.013438924886009136,-0.055176999999999976,0.036304999999999976,-0.8679159999999999,0.39064499999999996,-0.033816999999999986,-0.6417679999999999,0.44582199999999994,0.07012199999999996,0.22614800000000002,0.8278120328859051,0.0,0.0,0.1721879671140949,1.0,-0.6417679999999999
440,1.833333,jog,0.257077,-0.488306,0.885272,0.045491,-0.003635,-0.982645,-1.421027364378257,0.6178588574171615,-0.4467114738358019,-1.7083660635467932,-0.8001228129150741,0.9301630118874571,-0.0004800768122904334,0.05112818050888452,-0.059769563130099825,-3.144743158905319,1.7983677388381512,0.005520883341333322,-0.049259,0.03394400000000003,-0.866304,0.383464,-0.028899000000000008,-0.6398839999999999,0.432723,0.06284300000000004,0.22642000000000007,0.8689071364700054,0.0,0.0,0.1310928635299946,1.0,-0.6398839999999999
441,1.8375,jog,0.25113,-0.485792,0.88337,0.047559,-0.005415,-0.98289,-1.4271658267339216,0.6033117350612266,-0.4564434845212494,-1.0596749795952256,-0.8130174608464543,0.8961373602069345,0.023758099352050036,0.036717062634994295,-0.00431965442764531,-3.21694264458858,1.8428125749940825,-0.07751379889608945,-0.04321300000000003,0.03158300000000003,-0.86442,0.376006,-0.023734000000000033,-0.638305,0.419219,0.05531700000000006,0.22611499999999995,0.92675669564659,0.0,0.0,0.07324330435340998,1.0,-0.638305
442,1.841667,jog,0.245585,-0.483703,0.881151,0.051974,-0.008748,-0.982828,-1.3306935445164338,0.5013198944084453,-0.5325173986081003,-1.9728767332434285,-1.7969985970322913,0.4150620132603319,0.033117350611950605,0.015838732901356966,0.021838252939764012,-3.3004559635228965,1.8675305975521976,-0.10295176385889356,-0.03753000000000001,0.029559999999999975,-0.86211,0.367798,-0.018040999999999974,-0.636515,0.405328,0.04760099999999995,0.225595,0.9288090661410281,0.0,0.0,0.0711909338589719,1.0,-0.636515
443,1.845833,jog,0.239705,-0.481214,0.882602,0.045097,-0.020264,-0.983041,-1.4114258281324616,0.5974555928948514,0.34829572731635633,-4.855076894856382,4.228895150017576,-0.18443444359570793,0.012962073931828376,0.007921267402785488,0.04248679788766088,-3.3874219875179135,1.8891022563609632,-0.3007681228996567,-0.03159600000000001,0.02710399999999996,-0.863384,0.359566,-0.012660000000000005,-0.639219,0.391162,0.039763999999999966,0.22416500000000006,0.9247986068275557,0.0,0.0,0.07520139317244434,1.0,-0.639219
444,1.85,jog,0.233523,-0.478933,0.882391,0.041601,-0.020841,-0.983549,-1.4835613150947795,0.5473962083033261,-0.05063594912406038,-0.015292332657224192,1.729304781005305,0.9623886490805671,-0.0026397888168906074,0.0011999040076872372,0.002879769618430886,-3.3477321814254646,1.9642428605711388,-0.2750179985601084,-0.025425000000000003,0.024828000000000017,-0.8631610000000001,0.35179799999999994,-0.006755999999999984,-0.640154,0.377223,0.031584,0.22300700000000007,0.9931887903504015,0.0,0.0,0.006811209649598471,1.0,-0.640154
445,1.854167,jog,0.227624,-0.47643,0.881857,0.040426,-0.02106,-0.983943,-1.4156467482602075,0.6006719462443225,-0.1281497480201725,-0.04061896752444701,0.6007374279467669,0.9534609476657446,0.0014398848092167685,0.018718502519791347,-0.006719462443004926,-3.388288936885202,1.9798416126710718,-0.3402927765778899,-0.019519999999999982,0.022403000000000006,-0.862655,0.343578,-0.0010089999999999821,-0.641038,0.363098,0.02341199999999999,0.22161699999999995,0.9667665337527649,0.0,0.0,0.03323346624723511,1.0,-0.641038
446,1.858333,jog,0.221807,-0.473588,0.881579,0.039032,-0.024051,-0.984027,-1.3963034085453263,0.6821891502640263,-0.06673067690830362,-1.3071777651703065,0.9134489793340663,0.19414740685382598,0.002880460873735938,-0.0007201152184289877,-0.004560729716754953,-3.4428708593373987,2.0201632261161184,-0.3689390302448316,-0.013691000000000009,0.01955800000000002,-0.862396,0.335052,0.004564999999999986,-0.642297,0.348743,0.014993000000000034,0.22009900000000004,0.9909299215484484,0.0,0.0,0.00907007845155161,1.0,-0.642297
447,1.8625,jog,0.215697,-0.471191,0.881703,0.036665,-0.02398,-0.984549,-1.4662826973841991,0.5752339812814888,0.029757619390451653,0.18866871274541896,1.150377680920092,1.184618641432271,-0.010559155267575752,-0.04007679385649795,-0.02279817614590764,-3.466042716582643,2.1017518598512064,-0.3585313174945966,-0.007624999999999993,0.01699400000000001,-0.862615,0.326719,0.010926000000000047,-0.643915,0.334344,0.006067999999999962,0.2187,0.9211646934468086,0.0,0.0,0.07883530655319138,1.0,-0.643915
448,1.866667,jog,0.209524,-0.469057,0.881036,0.038148,-0.020879,-0.98525,-1.4814014878809612,0.5121190304775638,-0.1600671946244224,1.2817009227983902,-0.8943175080283233,2.0368306137794043,-0.010559155267582412,-0.030717542596582794,-0.006239500839933169,-3.6477081833453027,2.201103911687038,-0.3846892248620065,-0.0014959999999999973,0.014732000000000023,-0.861974,0.31769200000000003,0.01796399999999998,-0.6448510000000001,0.319188,0.003231999999999957,0.21712299999999995,0.9448740191856135,0.0,0.0,0.055125980814386466,1.0,-0.6448510000000001
449,1.870833,jog,0.203794,-0.466976,0.880383,0.039149,-0.018529,-0.985867,-1.3754200672107857,0.49951992318772287,-0.1567450792126816,0.9710356246947344,-0.6121327703444239,1.8365751113292923,0.007201152184350222,-0.013442150744119526,0.017522803648584263,-3.5700912145944335,2.038646183389402,-0.5967354776764475,0.00426399999999999,0.012595000000000023,-0.861248,0.30854899999999996,0.02437600000000001,-0.646684,0.304285,0.011780999999999986,0.21456399999999998,0.9612846335016472,0.0,0.0,0.03871536649835283,1.0,-0.646684
450,1.875,jog,0.198609,-0.46509,0.87857,0.043737,-0.015828,-0.986278,-1.2443004559635122,0.45260379169666054,-0.4350851931845574,0.8608150957725565,-2.3424972682469267,1.7483844163983007,0.0201583873290137,0.006479481641468453,0.043436525077993574,-3.7209023278137443,2.024718022558173,-0.6522678185745087,0.009532999999999986,0.010736000000000023,-0.859254,0.29822899999999997,0.030926999999999982,-0.647589,0.288696,0.02019099999999996,0.211665,0.9194622936324608,0.0,0.0,0.08053770636753921,1.0,-0.647589
451,1.879167,jog,0.193115,-0.461861,0.879466,0.042285,-0.018307,-0.986492,-1.3184545236380987,0.774898008159337,0.21502279817614617,-1.0868624154432198,0.8894919853116111,0.5255121096356613,0.028557715382771076,0.007919366450685144,0.03551715862730926,-3.671466282697358,2.089032877369799,-0.6885049196064221,0.015145999999999993,0.007540000000000047,-0.8600019999999999,0.288424,0.03640300000000002,-0.651354,0.273278,0.028862999999999972,0.20864799999999994,0.9229046760709502,0.0,0.0,0.07709532392904983,1.0,-0.651354
452,1.883333,jog,0.186509,-0.458608,0.88009,0.041105,-0.021212,-0.986321,-1.5856937109938003,0.780844935189652,0.14978396543448994,-1.2675143104471447,0.7656215266319074,-0.5657852522021635,0.03864618338934197,-0.0072011521843568845,0.020403264522324518,-3.6915506481037865,2.079932789246328,-0.7438790206433267,0.021912999999999988,0.004257000000000011,-0.860541,0.279651,0.04181499999999999,-0.655077,0.257738,0.03755799999999998,0.20546399999999998,0.9261819563138737,0.0,0.0,0.07381804368612632,1.0,-0.655077
453,1.8875,jog,0.180908,-0.45601,0.880284,0.041245,-0.020417,-0.986554,-1.3441324694024364,0.6234701223902014,0.04655627549793976,0.34066777189511777,-0.10789711760922127,0.692823592729749,0.015358771298298058,-0.026637868970475494,0.03335733141348672,-3.661627069834384,2.1415886729061615,-0.7943364530837423,0.02757799999999999,0.0015480000000000493,-0.8605959999999999,0.269994,0.048141000000000045,-0.658581,0.24241600000000002,0.046592999999999996,0.20201499999999994,0.9243880616769116,0.0,0.0,0.07561193832308843,1.0,-0.658581
454,1.891667,jog,0.174923,-0.455369,0.882423,0.033354,-0.006013,-0.988403,-1.436285097192218,0.1538276937844967,0.5133189344852378,7.2586235138835935,2.775301594408209,4.5160173312840755,0.01727861771058032,-0.017998560115201987,0.03983681305495518,-3.691864650827908,2.032877369810401,-0.8804895608351279,0.033635,0.0008319999999999994,-0.8625689999999999,0.260595,0.05597100000000005,-0.6643889999999999,0.22696000000000002,0.05513900000000005,0.19818000000000002,0.921658325433742,0.0,0.0,0.07834167456625796,1.0,-0.6643889999999999
455,1.895833,jog,0.168902,-0.454037,0.884557,0.02866,-0.008743,-0.98925,-1.445271243398904,0.31973115698510884,0.5122419587133994,-1.0376977061460102,2.4490430313025415,2.3228225660946253,0.041526644263082516,-0.01344215074411881,0.03336533845415181,-3.8017282765241442,2.0885741718674318,-0.9054248679788512,0.039829,-0.0005560000000000009,-0.864564,0.250778,0.06334000000000001,-0.6702950000000001,0.210949,0.06389600000000001,0.19426899999999991,0.9084333968793401,0.0,0.0,0.0915666031206599,1.0,-0.6702950000000001
456,1.9,jog,0.163112,-0.451657,0.884911,0.031179,-0.007956,-0.989478,-1.3894888408927895,0.5711543076554253,0.0849532037436961,0.17311571429372194,-1.2382747080484762,1.0194260798819594,0.011279097672184699,0.0016798656107595575,0.036477081833454834,-3.8881689464844573,2.150707943364635,-0.9736021118310991,0.045665999999999984,-0.002929000000000015,-0.864766,0.240366,0.06992199999999998,-0.674706,0.1947,0.072851,0.19006,0.9363032904248262,0.0,0.0,0.06369670957517382,1.0,-0.674706
457,1.904167,jog,0.156998,-0.448121,0.885826,0.03409,-0.00981,-0.989135,-1.4672426205903435,0.8485721142308511,0.21958243340532568,-1.054882856583598,-1.2682027010284682,-0.8016109128788903,0.03983681305495518,0.02183825293976651,0.028317734581233298,-3.827453803695673,2.091192704583617,-1.0059995200383895,0.05194599999999999,-0.006373999999999991,-0.865563,0.230531,0.0751,-0.679813,0.17858500000000002,0.08147399999999999,0.18574999999999997,0.9107784427884742,0.0,0.0,0.0892215572115258,1.0,-0.679813
458,1.908333,jog,0.150988,-0.445732,0.885345,0.039849,-0.008671,-0.989195,-1.4426308209313066,0.5734517522803431,-0.11545847335572264,0.11644899145620091,-2.8030625688818356,0.9278959498412604,0.03912626020163035,0.0048007681228910085,0.05592894863177969,-3.8372539606335963,2.104416706673003,-0.9855976956312736,0.058118999999999976,-0.008743,-0.8648490000000001,0.220555,0.081478,-0.683438,0.16243600000000002,0.090221,0.1814110000000001,0.8859585978325841,0.0,0.0,0.11404140216741587,1.0,-0.683438
459,1.9125,jog,0.144737,-0.442376,0.884984,0.045223,-0.011429,-0.988822,-1.500119990400758,0.8053755699544036,-0.08663306935446435,-1.658945563954448,-2.3755091551863172,-0.43446806825049594,0.05183585313175428,0.006959443244540683,0.05687544996400271,-4.029277657787353,2.0755939524837896,-1.1581473482121334,0.064586,-0.012070000000000025,-0.864251,0.21001599999999998,0.08677099999999999,-0.6879029999999999,0.14542999999999998,0.09884100000000001,0.17634800000000006,0.871221482890859,0.0,0.0,0.128778517109141,1.0,-0.6879029999999999
460,1.916667,jog,0.138532,-0.440111,0.886865,0.044774,-0.009342,-0.989018,-1.4890808735301895,0.5435565154787906,0.4514038876890107,0.9987445663092643,0.08139117807091661,0.5663499943890886,0.02327813774897778,0.02471802255820121,0.06959443244540721,-3.9892008639310674,2.0309575233982207,-1.1631869450444539,0.070888,-0.014232000000000022,-0.865842,0.199598,0.09296899999999997,-0.694631,0.12871,0.10720099999999999,0.171211,0.8709410409966902,0.0,0.0,0.12905895900330977,1.0,-0.694631
461,1.920833,jog,0.132325,-0.437183,0.887783,0.047824,-0.009073,-0.98875,-1.4899183869418675,0.7028324531924882,0.2203552568410824,-0.059962045112295664,-1.4760931959802304,-0.4249960408121769,0.08665386461833662,0.01752280364858083,0.12506000960153296,-3.8437349975995105,2.160825732117082,-1.1000960153624222,0.077456,-0.01708700000000002,-0.866239,0.189792,0.09904299999999999,-0.700132,0.11233599999999999,0.11613000000000001,0.166107,0.7447444259911296,0.0,0.0,0.25525557400887045,1.0,-0.700132
462,1.925,jog,0.125673,-0.434979,0.890003,0.045996,-0.004957,-0.989066,-1.5963522918166404,0.5289176865850652,0.5327573794096431,2.046409758285885,0.6014790056229223,0.7771037603482304,0.038876889848810714,0.016558675305971972,0.14854811615070634,-4.000479961603032,2.121430285577141,-1.2414206863450856,0.08426999999999998,-0.019222000000000017,-0.86784,0.17977400000000002,0.10567900000000002,-0.707525,0.09550400000000003,0.12490100000000004,0.16031499999999999,0.7425976716838398,0.0,0.0,0.25740232831616017,1.0,-0.707525
463,1.929167,jog,0.118014,-0.430054,0.891549,0.048015,-0.004531,-0.987977,-1.838012958963272,1.1819054475641888,0.3710103191744746,0.2153442962905423,-1.027444145160614,-3.314597298593999,0.043436525077996904,0.025197984161272124,0.14974802015838692,-3.921046316294678,2.202783777297798,-1.0167986561075015,0.09211000000000001,-0.024042000000000008,-0.868762,0.17109399999999997,0.109933,-0.713308,0.07898399999999997,0.133975,0.15545399999999998,0.7367608836374562,0.0,0.0,0.2632391163625438,1.0,-0.713308
464,1.933333,jog,0.111361,-0.426561,0.893766,0.050298,-0.009364,-0.987561,-1.5969755160826127,0.8384541526644405,0.5321651464234207,-2.412916223466302,-0.7555202811840159,-0.9857334954656011,0.020883341334614978,0.010321651464238205,0.18482957273164183,-4.047287566010657,2.114738358137353,-1.1867498799808287,0.09885000000000001,-0.02749199999999996,-0.8702089999999999,0.16088600000000003,0.11525000000000002,-0.7204689999999999,0.06203600000000001,0.14274199999999998,0.14973999999999998,0.6895137264153726,0.0,0.0,0.31048627358462744,1.0,-0.7204689999999999
465,1.9375,jog,0.104825,-0.423582,0.895384,0.052757,-0.007927,-0.987414,-1.568514518838481,0.7149028077753747,0.38828893688504823,0.5101085555323841,-1.2725921379010503,-0.06523377602427759,0.03335733141348672,0.01727861771057366,0.18238540916726445,-3.978881689464822,2.1504679625629777,-1.1317494600431874,0.10552500000000001,-0.03039900000000001,-0.8710669999999999,0.15084199999999998,0.121232,-0.726803,0.04531699999999997,0.15163100000000002,0.14426399999999995,0.6896431280582527,0.0,0.0,0.3103568719417473,1.0,-0.726803
466,1.941667,jog,0.098189,-0.420649,0.897063,0.054831,-0.005431,-0.98731,-1.5925125989920692,0.7038636909047268,0.40292776577875794,1.0355153295950144,-1.1640983927308421,0.04091271737460816,0.04823614110870589,0.06791456683466068,0.14758819294456355,-4.813294936405042,2.0791936645068247,-0.8946484281257453,0.11236199999999999,-0.033048999999999995,-0.8721310000000001,0.13742100000000002,0.126963,-0.73221,0.025059000000000026,0.160012,0.13992100000000007,0.7175435707442832,0.0,0.0,0.2824564292557168,1.0,-0.73221
467,1.945833,jog,0.091596,-0.417634,0.899545,0.054545,-0.001596,-0.987345,-1.5825732117139157,0.7237157945271406,0.59577532405186,1.8373030339425518,-0.1376337771928528,0.12024370605916797,0.020643302928469748,0.033365338454153584,0.24051848295727926,-4.345895343255036,2.169707153144564,-0.9719155064810614,0.119041,-0.035924999999999985,-0.873611,0.125909,0.13298700000000002,-0.7387410000000001,0.006868000000000013,0.168912,0.13486999999999993,0.5938372917371529,0.0,0.0,0.40616270826284706,1.0,-0.7387410000000001
468,1.95,jog,0.085004,-0.414251,0.901834,0.055822,-0.000813,-0.987095,-1.5819534437244902,0.8118550515958721,0.5493160547156151,0.310595805871014,-0.6685660994326491,-0.5574737652208371,0.017998560115195326,0.10103191744660463,0.16870650347972088,-4.083033357331383,2.186465082793355,-0.9126469882409339,0.12570800000000001,-0.038887000000000005,-0.875197,0.115487,0.13871499999999998,-0.7448330000000001,0.010221000000000008,0.17760199999999998,0.13036399999999992,0.6708880601379639,0.0,0.0,0.32911193986203613,1.0,-0.7448330000000001
469,1.954167,jog,0.078289,-0.411485,0.903861,0.057555,0.002373,-0.987087,-1.6114710823134024,0.6637868970482288,0.48644108471321945,1.3680560365942631,-1.0505210339425297,0.37777629057574746,-0.015118790496761942,0.06719462443004567,0.23854091672665964,-4.197984161267069,2.1797456203503573,-1.1751859851211843,0.13236,-0.04137299999999999,-0.8762300000000001,0.104709,0.145032,-0.751757,0.02765100000000001,0.186405,0.12447300000000006,0.5861915891140796,0.0,0.0,0.41380841088592035,1.0,-0.751757
470,1.958333,jog,0.070838,-0.408541,0.905696,0.060925,0.005665,-0.986911,-1.7885261641862207,0.7066730676908117,0.4404704752760129,1.3111513913673807,-1.8383585675221046,0.19864899225236365,-0.03168506961113529,0.03168506961112863,0.2971675468074809,-4.212193951032045,2.1370619299087257,-1.1171387421987191,0.139679,-0.04418500000000003,-0.8768269999999999,0.09461200000000002,0.150991,-0.758246,0.045066999999999996,0.19517600000000002,0.11858099999999994,0.5,0.0,0.0,0.5,1.0,-0.758246
471,1.9625,jog,0.064329,-0.405583,0.908427,0.061358,0.008549,-0.986824,-1.5620350371970957,0.7098632109431475,0.6553875689945197,1.3429821129400892,-0.41346902930019097,-0.047178811199383885,-0.029037676985844856,0.05471562275018392,0.32613390928727254,-4.361891048716308,2.096952243820589,-1.113750899928058,0.146067,-0.046914999999999984,-0.878199,0.08294499999999999,0.15677100000000002,-0.765618,0.06312200000000001,0.203686,0.11258099999999993,0.5,0.0,0.0,0.5,1.0,-0.765618
472,1.966667,jog,0.056574,-0.402324,0.911856,0.061106,0.014401,-0.987105,-1.8610511159107124,0.7820974322054205,0.8228941684665201,2.723350326251053,-0.3012895794494228,1.244066972293746,-0.05327573794096431,0.07079433645308074,0.37293016558674935,-4.5077993760498805,2.1471082313414787,-1.0619150467962444,0.15360000000000001,-0.04987900000000001,-0.880074,0.071916,0.16245900000000002,-0.7734719999999999,0.081684,0.21233800000000003,0.10660200000000009,0.5,0.0,0.0,0.5,1.0,-0.7734719999999999
473,1.970833,jog,0.050046,-0.398987,0.91381,0.065733,0.010253,-0.986636,-1.5669707153144072,0.8010081613057952,0.46903504560728704,-2.245832840041342,-1.9029113027552884,-0.8929237499326096,-0.0902544407105082,0.05256841094575582,0.32813250120018306,-4.410945751320088,2.1058569371098805,-1.126740278444521,0.159752,-0.052997000000000016,-0.880661,0.060068,0.167895,-0.78012,0.09968400000000001,0.220892,0.10054099999999999,0.5,0.0,0.0,0.5,1.0,-0.78012
474,1.975,jog,0.043653,-0.395767,0.915893,0.069574,0.004254,-0.986259,-1.5341972642188515,0.7727381809455186,0.4998800095992153,-3.080347485406644,-1.3974101394322063,-0.7280490551839155,-0.12167026637869056,0.07247420206384021,0.31077513798895956,-4.448044156467451,2.093832493400508,-1.0544756419486383,0.165638,-0.05591499999999999,-0.8814489999999999,0.047925999999999996,0.17339999999999997,-0.786597,0.11771200000000001,0.22931499999999996,0.09485199999999994,0.5,0.0,0.0,0.5,1.0,-0.786597
475,1.979167,jog,0.03673,-0.392602,0.918604,0.071328,0.006206,-0.986112,-1.661387089032953,0.7595392368610794,0.6505879529637971,0.8006225253008353,-0.9753764314262234,0.016951466932586264,-0.1382289416846699,0.04439644828413707,0.3558915286777216,-4.41444684425266,2.125749940004898,-1.148308135349224,0.171985,-0.058894999999999975,-0.8826769999999999,0.036454,0.179093,-0.7940929999999999,0.135531,0.23798799999999998,0.088584,0.5,0.0,0.0,0.5,1.0,-0.7940929999999999
476,1.983333,jog,0.0297,-0.389325,0.921435,0.072884,0.009073,-0.985931,-1.6874699951991852,0.7866058569370956,0.6795487277964355,1.2560024530921963,-0.9481996906864819,-0.05961219030424972,-0.19347095535285144,0.023283725396052706,0.32645223235716825,-4.524723955832809,2.0940950552087783,-1.1204992798847488,0.178209,-0.06207500000000005,-0.884148,0.024634,0.18453999999999998,-0.801592,0.15357500000000002,0.24661500000000003,0.08255600000000007,0.5,0.0,0.0,0.5,1.0,-0.801592
477,1.9875,jog,0.022598,-0.385982,0.924961,0.074715,0.016897,-0.98575,-1.7043436525077866,0.8022558195344275,0.8461723062155033,3.5576553665780217,-1.4383340904839328,0.436761321113999,-0.21430285577153782,0.07271418286536967,0.4166066714662799,-4.561555075593917,2.0448764098871934,-1.0091192704583558,0.184418,-0.06511500000000003,-0.885938,0.012728000000000003,0.189718,-0.809323,0.17169,0.25483300000000003,0.07661499999999999,0.5,0.0,0.0,0.5,1.0,-0.809323
478,1.991667,jog,0.015686,-0.38282,0.928185,0.075716,0.019006,-0.985619,-1.6587473002159705,0.7588192944564373,0.7736981041516631,0.9309427510712054,-0.628979127430464,0.0051055224508261944,-0.26061915046796147,0.04559635229182194,0.3834893208543276,-4.688024958003325,1.9661627069834278,-0.9556035517158553,0.190244,-0.06808700000000001,-0.887564,0.00010500000000000093,0.194749,-0.8165290000000001,0.190139,0.262836,0.07103499999999996,0.5,0.0,0.0,0.5,1.0,-0.8165290000000001
479,1.995833,jog,0.008862,-0.379528,0.93115,0.074178,0.000203,-0.985835,-1.6380220835334074,0.7902064330293093,0.7117138742198925,-8.768828269309482,2.0936367942676966,-0.9151500204384845,-0.22587614018243443,0.07129140662505987,0.39678348535766794,-4.674987998079814,1.8737397983677826,-0.9990398463754457,0.196127,-0.07108200000000003,-0.888876,-0.012546999999999999,0.19926299999999997,-0.823656,0.208674,0.270345,0.06521999999999994,0.5,0.0,0.0,0.5,1.0,-0.823656
480,2.0,jog,0.000206,-0.375866,0.935,0.072005,0.008234,-0.986518,-2.077273818094537,0.878809695224375,0.9239260859131248,3.825397110310031,0.4723221767371292,2.082392371317593,-0.2831773458123363,0.054955603551723776,0.42140628749699716,-4.611711063114915,2.0755939524837896,-1.0554355651547827,0.20360299999999998,-0.074515,-0.89097,-0.023108,0.20425,-0.8319040000000001,0.226711,0.278765,0.05906599999999995,0.5,0.0,0.0,0.5,1.0,-0.8319040000000001
481,2.004167,jog,-0.00693,-0.372653,0.937607,0.074253,0.009836,-0.986301,-1.7125029997600973,0.7710583153348002,0.6256299496040398,0.6092972697559604,-1.1837896606681084,-0.08149291075337559,-0.30549556035518466,0.07151427885768624,0.431485481161527,-4.637628989681038,1.9877609791217574,-1.0004799616031155,0.20946599999999999,-0.07743,-0.891779,-0.035297,0.20932,-0.83868,0.244763,0.28675,0.05309900000000001,0.5,0.0,0.0,0.5,1.0,-0.83868
482,2.008333,jog,-0.013935,-0.369416,0.940537,0.075267,0.010237,-0.986219,-1.681469035045561,0.7770043206912869,0.7033125300047787,0.11900076907910848,-0.5113078708275852,-6.734563331483223e-05,-0.34805568891021776,0.09721555448871282,0.46375420067209394,-4.65938550168014,1.9068650984156958,-0.948631781084947,0.215021,-0.080262,-0.8927769999999999,-0.047702999999999995,0.21402700000000002,-0.8455619999999999,0.26272399999999996,0.294289,0.04721500000000001,0.5,0.02784999999999993,0.02784999999999993,0.5,0.9721500000000001,-0.8455619999999999
483,2.0125,jog,-0.021343,-0.366025,0.943554,0.075587,0.012477,-0.986208,-1.7777777777776698,0.8137748980081176,0.7240220782337086,1.028240903925759,-0.3111848829767375,0.2035360646934758,-0.3285337173025913,0.09383249340052949,0.4362850971921981,-4.651307895368086,1.9668826493879312,-0.9296856251499319,0.22106,-0.083262,-0.893976,-0.059676999999999994,0.218832,-0.852453,0.280737,0.302094,0.04152299999999998,0.5,0.08476999999999996,0.08476999999999996,0.5,0.91523,-0.852453
484,2.016667,jog,-0.028442,-0.362619,0.947223,0.074323,0.006744,-0.986422,-1.703623710103269,0.8173746100312264,0.8804895608351814,-2.641158244641911,1.0072680586549225,0.012982464049360284,-0.36741060715144575,0.09527237820974294,0.46484281257501553,-4.608111351092125,1.9126469882410226,-0.8737700983921698,0.226628,-0.08627099999999999,-0.8957080000000001,-0.07178000000000001,0.223396,-0.859763,0.298408,0.309667,0.035945000000000005,0.5,0.14055000000000006,0.14055000000000006,0.5,0.8594499999999999,-0.859763
485,2.020833,jog,-0.035688,-0.359253,0.950582,0.075006,0.007493,-0.986557,-1.7393182909265004,0.8079692750839998,0.8062890062409767,0.2599394264779976,-0.375433837396808,0.6491472607137246,-0.41622659625539266,0.0902544407105082,0.5086413826212062,-4.6363418146902236,1.8451752280364417,-0.8257321171387193,0.23213999999999999,-0.08926100000000003,-0.8969480000000001,-0.083849,0.227717,-0.866562,0.31598899999999996,0.31697800000000004,0.030386000000000024,0.5,0.19614000000000004,0.19614000000000004,0.5,0.80386,-0.866562
486,2.025,jog,-0.043229,-0.355848,0.953717,0.074757,0.008593,-0.986678,-1.8096952243821318,0.8171346292296968,0.7523398128150088,0.5104656474109012,0.04298151021479399,0.4078362083557724,-0.4130069594432635,0.11039116870651235,0.4972402207823595,-4.623710103191957,1.8224142068635316,-0.7381809455243906,0.23795999999999998,-0.09220600000000001,-0.898011,-0.09557500000000002,0.231906,-0.872773,0.333535,0.324112,0.025237999999999983,0.5,0.24762,0.24762,0.5,0.75238,-0.872773
487,2.029167,jog,-0.05107,-0.352446,0.957903,0.072647,0.019026,-0.986988,-1.881689464842698,0.8164146868250082,1.0045596352290993,5.011849023285657,0.27960810101069883,1.3781852222665198,-0.4151667866570377,0.11015118790495781,0.46916246700261083,-4.568514518838215,1.7698584113269842,-0.6959443244540012,0.244071,-0.09514900000000004,-0.900242,-0.106771,0.23587899999999998,-0.879859,0.350842,0.331028,0.02038300000000004,0.5,0.29616999999999993,0.29616999999999993,0.5,0.7038300000000001,-0.879859
488,2.033333,jog,-0.058779,-0.348921,0.960563,0.071318,0.019761,-0.986981,-1.8504560729718222,0.8461353816611329,0.6385021603457048,0.46042423710262936,0.5849052321922992,-0.25316279604375364,-0.48295727316374776,0.12433989438311557,0.5055208833413756,-4.509361497840011,1.7378780604898185,-0.6260201632261656,0.249768,-0.09815600000000002,-0.9007959999999999,-0.11784800000000001,0.23959399999999997,-0.885127,0.367616,0.33775,0.015668999999999933,0.5,0.34331,0.34331,0.5,0.65669,-0.885127
489,2.0375,jog,-0.066481,-0.345508,0.963017,0.072584,0.019972,-0.98688,-1.848332133429213,0.8190544756418986,0.5889128869690228,0.015376329642093584,-0.6172979981368184,-0.028760775225340398,-0.45452363810891855,0.13366930645548256,0.47420206383486396,-4.494840412766704,1.7520998320133294,-0.5881929445644011,0.255576,-0.10101199999999999,-0.901274,-0.128876,0.24348199999999998,-0.890032,0.384452,0.34449399999999997,0.011241999999999974,0.5,0.38758000000000004,0.38758000000000004,0.5,0.61242,-0.890032
490,2.041667,jog,-0.074251,-0.342031,0.965867,0.071785,0.022216,-0.986913,-1.8646508279338503,0.8344132469402847,0.6839452843772856,1.111857978605641,0.22425831677861852,0.16293588048716948,-0.49436045116393096,0.13030957523397768,0.46220302375812145,-4.442764578833897,1.6167506599472796,-0.5620350371970492,0.261286,-0.10394600000000004,-0.902198,-0.139619,0.24674199999999996,-0.895224,0.400905,0.350688,0.006974000000000036,0.5,0.4302600000000001,0.4302600000000001,0.5,0.5697399999999999,-0.895224
491,2.045833,jog,-0.082481,-0.338512,0.967733,0.072042,0.02399,-0.986844,-1.975516082573158,0.8446951512241714,0.447911665866508,0.8258149243905423,-0.24498035384565933,0.023820006118122034,-0.5223235717714718,0.1399423907825214,0.4536725876140065,-4.4313490158424145,1.4843975036005344,-0.38598175708112203,0.26734,-0.10688200000000003,-0.9021739999999999,-0.14985,0.249407,-0.898698,0.41719,0.356289,0.0034759999999999236,0.5,0.4652400000000001,0.4652400000000001,0.5,0.5347599999999999,-0.898698
492,2.05,jog,-0.090339,-0.335063,0.970171,0.072068,0.02507,-0.986889,-1.8857691384690096,0.8276937844972732,0.5850731941445074,0.4915704874815497,-0.09063156256850387,0.2821607554209896,-0.5615550755939802,0.1603071754259737,0.4727621790256994,-4.41876649868031,1.3729301655868167,-0.1963042956563563,0.272858,-0.10966300000000001,-0.9026419999999999,-0.16040500000000002,0.251679,-0.901954,0.433263,0.361342,0.0006879999999999109,0.5,0.49312000000000006,0.49312000000000006,0.5,0.50688,-0.901954
493,2.054167,jog,-0.098321,-0.331605,0.972567,0.071664,0.026245,-0.986932,-1.9155267578592552,0.8298536117110166,0.5749940004799154,0.5728645472667562,0.10889842431821185,0.19575069328467593,-0.6534677225821477,0.18094552435804812,0.545716342692551,-4.2721382289414205,1.268778497720105,-0.11879049676025084,0.278117,-0.112367,-0.9027639999999999,-0.17022500000000002,0.25350799999999996,-0.9048449999999999,0.448342,0.36587499999999995,0.0020809999999999995,0.47919,0.5,0.47919,0.52081,0.5,-0.9027639999999999
494,2.058333,jog,-0.105975,-0.328074,0.974352,0.073267,0.021719,-0.986882,-1.8372539606336498,0.847575612097914,0.42846855496879205,-2.2427724017864805,-0.4491170006549427,-0.3205118619991425,-0.627220355256825,0.21315410465673923,0.5297647623619636,-4.2119539126259,1.2786845895342902,-0.06433029284685478,0.283158,-0.11501,-0.902342,-0.180118,0.255304,-0.906898,0.463276,0.370314,0.0045560000000000045,0.45443999999999996,0.5,0.45443999999999996,0.54556,0.5,-0.902342
495,2.0625,jog,-0.113817,-0.324679,0.976519,0.073732,0.022795,-0.986901,-1.8819294456444349,0.8147348212143356,0.5200383969282767,0.4587020360517042,-0.2986700755049691,0.2905404596241032,-0.6021118310535459,0.2323014158867322,0.548116150707967,-4.077993760499355,1.193904487641045,0.0026397888168940785,0.288491,-0.11743700000000001,-0.902225,-0.18926900000000002,0.256884,-0.909054,0.47776,0.374321,0.006828999999999974,0.43171,0.5,0.43171,0.56829,0.5,-0.902225
496,2.066667,jog,-0.121776,-0.321224,0.9784,0.073239,0.02202,-0.986959,-1.9100071994241319,0.8291336693064899,0.4514038876890107,-0.3350943234884499,0.28799820466985215,-0.006246631714432417,-0.6018718502520031,0.2207823374130247,0.6249100071994514,-3.9440844732423153,1.1190304775618463,0.028317734581236473,0.29394200000000004,-0.11997199999999997,-0.901502,-0.197745,0.258092,-0.910817,0.491687,0.37806399999999996,0.009314999999999962,0.4068500000000001,0.5,0.4068500000000001,0.5931499999999998,0.5,-0.901502
497,2.070833,jog,-0.129636,-0.317796,0.980192,0.073462,0.022673,-0.986976,-1.8867018722995177,0.8228516562649767,0.43014882381177527,0.28199793695380254,-0.1530941838681686,0.18427728811534488,-0.5566490638502045,0.2662025924147721,0.7397983677388184,-3.8372539606335963,1.0712914066250294,0.1363418146903465,0.299483,-0.12229099999999998,-0.900212,-0.205871,0.259127,-0.912041,0.505354,0.38141800000000003,0.011828999999999978,0.3817100000000001,0.5,0.3817100000000001,0.6182899999999999,0.5,-0.900212
498,2.075,jog,-0.13701,-0.314379,0.982103,0.073844,0.020237,-0.987165,-1.769618430525448,0.8200143988480431,0.4586033117350323,-1.2224018615517394,-0.021575535245299836,0.46659061528990886,-0.6042716582673,0.19678425725940424,0.6796256299495629,-3.7177825773935833,0.9719222462202427,0.07199424046075749,0.304339,-0.124888,-0.899291,-0.213989,0.25976,-0.9136519999999999,0.518328,0.384648,0.014360999999999957,0.35639,0.5,0.35639,0.64361,0.5,-0.899291
499,2.079167,jog,-0.145031,-0.310837,0.98338,0.073313,0.020231,-0.987176,-1.9248860091193585,0.8500119990401265,0.30645548356134916,0.03978801356958843,0.2543050650120302,-0.08812772557221127,-0.6760259179266,0.25029997600193515,0.756899448044192,-3.5526757859372835,0.9877609791217158,0.15070794336453858,0.309543,-0.12738700000000003,-0.897414,-0.220772,0.26033399999999995,-0.914301,0.530315,0.387721,0.016886999999999985,0.33113000000000004,0.5,0.33113000000000004,0.66887,0.5,-0.897414
500,2.083333,jog,-0.153009,-0.30732,0.984375,0.072871,0.019876,-0.987197,-1.9150264042246266,0.8442150744118809,0.23883821411424408,-0.13387674373450892,0.2354528970322905,-0.0712397959121229,-0.675228036485815,0.2712433989438284,0.7057129140662308,-3.4315890542485934,0.9330292846855245,0.1843494959193432,0.314708,-0.129774,-0.895469,-0.22709000000000001,0.260704,-0.914528,0.541798,0.390478,0.019059000000000048,0.3094100000000001,0.5,0.3094100000000001,0.6905899999999999,0.5,-0.895469
501,2.0875,jog,-0.16093,-0.30367,0.985326,0.072711,0.020023,-0.987127,-1.9008879289657656,0.8759299256059883,0.22822174226063802,0.10034398822613042,0.06869704813185179,-0.25865148878322985,-0.7072234221262634,0.29157667386609587,0.7113030957523709,-3.2939764818815904,0.8444924406047888,0.07679385649148106,0.319682,-0.13220900000000002,-0.893456,-0.232895,0.260573,-0.9151590000000001,0.552577,0.392782,0.021703000000000028,0.28297,0.5,0.28297,0.7170300000000001,0.5,-0.893456
502,2.091667,jog,-0.168794,-0.300123,0.986132,0.072999,0.020073,-0.987034,-1.8872090232780252,0.8512119030477097,0.1934245260378988,0.022466538567452888,-0.13829381304077118,-0.24326224600499244,-0.7129829613630478,0.27213822894167383,0.7177825773937666,-3.1262299016076835,0.8027357811374602,0.11303095752339438,0.324575,-0.13462200000000002,-0.891271,-0.238058,0.26037099999999996,-0.915494,0.5626329999999999,0.394993,0.024222999999999995,0.25777000000000005,0.5,0.25777000000000005,0.74223,0.5,-0.891271
503,2.095833,jog,-0.176667,-0.296564,0.986855,0.072688,0.020347,-0.987008,-1.8898223715796003,0.8542966874700578,0.1735477676428436,0.16176667596449712,0.13073930053735705,-0.13179673231781655,-0.68482957273169,0.30988958233319464,0.7117138742199305,-2.9791166586656237,0.7930868939030876,0.09169467114738927,0.32959499999999997,-0.13689,-0.8890290000000001,-0.242596,0.260116,-0.9158350000000001,0.572191,0.397006,0.026805999999999996,0.23194000000000004,0.5,0.23194000000000004,0.76806,0.5,-0.8890290000000001
504,2.1,jog,-0.184516,-0.292982,0.98735,0.072596,0.020222,-0.98695,-1.8836093112549903,0.8596112311014533,0.11879049676023087,-0.03602397714885845,0.054649082123341214,-0.22958825190175078,-0.5925125989920443,0.3018958483321106,0.7585793136548608,-2.8329733621308595,0.7497000239980349,0.033357331413484945,0.334975,-0.139214,-0.886363,-0.246552,0.259658,-0.916191,0.581527,0.398872,0.029827999999999966,0.20172000000000007,0.5,0.20172000000000007,0.7982799999999999,0.5,-0.886363
505,2.104167,jog,-0.192365,-0.289414,0.987716,0.072603,0.020334,-0.986885,-1.8836093112551844,0.8562514998800524,0.08783297336215627,0.06798050277726089,-0.009115314585002626,-0.2014531416492715,-0.7576193904488037,0.3134149268058769,0.7410607151428242,-2.681305495560475,0.7192224622030565,-0.02471802255819788,0.339667,-0.141476,-0.883641,-0.249876,0.259087,-0.91666,0.5895429999999999,0.400563,0.03301900000000002,0.16980999999999996,0.5,0.16980999999999996,0.83019,0.5,-0.883641
506,2.108333,jog,-0.200178,-0.285847,0.987827,0.072334,0.020229,-0.986828,-1.875420067210699,0.8562169947191285,0.02664426308208574,-0.01165748756231792,0.13800466789869756,-0.2645715007643231,-0.6476236197791417,0.3384541526644224,0.7306769083053101,-2.558569371099313,0.6857897263561978,-0.08857417186749501,0.34478200000000003,-0.14363299999999996,-0.880708,-0.252722,0.258377,-0.9171400000000001,0.597504,0.40201,0.03643200000000002,0.13567999999999997,0.5,0.13567999999999997,0.86432,0.5,-0.880708
507,2.1125,jog,-0.207902,-0.282204,0.987768,0.071737,0.019724,-0.986824,-1.8536117110632016,0.8742500599952421,-0.014158867290624896,-0.18427651834811565,0.3212164682041998,-0.20051961336575794,-0.8353731701464293,0.32061435085193407,0.7933765298776435,-2.4019678425727014,0.6568274538037256,-0.1557475401967906,0.34902500000000003,-0.14594000000000001,-0.877343,-0.255007,0.257471,-0.9177299999999999,0.604032,0.403411,0.04038699999999995,0.0961300000000001,0.5,0.0961300000000001,0.90387,0.5,-0.877343
508,2.116667,jog,-0.21568,-0.278575,0.987423,0.071458,0.019355,-0.98674,-1.8665706743459403,0.8708903287736435,-0.08279337652985545,-0.12850086156703294,0.16191261576919985,-0.37676840704271325,-0.7933765298775622,0.34677225821932844,0.767698584113226,-2.2668586513077598,0.6582673386128715,-0.18622510199182904,0.353497,-0.14812399999999998,-0.873799,-0.256675,0.256585,-0.918161,0.610172,0.404709,0.04436200000000001,0.05638000000000004,0.5,0.05638000000000004,0.9436199999999999,0.5,-0.873799
509,2.120833,jog,-0.223445,-0.274984,0.986984,0.071021,0.018812,-0.986683,-1.863898223715742,0.8619779164666137,-0.10537686029766351,-0.2033055369642242,0.24896281944503532,-0.3373275374265294,-0.9697551608257027,0.3463754200671946,0.8204512722035279,-2.143062890062349,0.5976956313009916,-0.26332213154103956,0.35722200000000004,-0.15027200000000002,-0.869942,-0.257838,0.255484,-0.9188189999999999,0.61506,0.405756,0.04887699999999995,0.011230000000000129,0.5,0.011230000000000129,0.9887699999999999,0.5,-0.869942
510,2.125,jog,-0.23126,-0.271292,0.986445,0.070972,0.018311,-0.98659,-1.8754499640029627,0.8860091192705056,-0.12934965202783316,-0.20839512529216042,0.06144779085581711,-0.3650304058814667,-0.8874490040797158,0.3611711063115198,0.7904967602592167,-2.0074394048477067,0.5735541156707725,-0.3002159827213965,0.36133899999999997,-0.152459,-0.866109,-0.25838800000000006,0.25418199999999996,-0.919531,0.619727,0.406641,0.05342199999999997,0.0,0.5,0.0,1.0,0.5,-0.866109
511,2.129167,jog,-0.238822,-0.267629,0.985699,0.070624,0.017513,-0.986612,-1.8147348212143888,0.8790496760259513,-0.17902567794577837,-0.3496546266091238,0.22243822574686772,-0.07893413396781045,-0.9157667386609523,0.3693304535637348,0.789296856251536,-1.8624910007200184,0.5550755939525094,-0.33381329493642115,0.365085,-0.15458299999999997,-0.862074,-0.258587,0.252832,-0.920176,0.623672,0.40741499999999997,0.05810199999999999,0.0,0.5,0.0,1.0,0.5,-0.862074
512,2.133333,jog,-0.246391,-0.264172,0.984521,0.070011,0.017236,-0.986612,-1.8168506961113262,0.8298127700431813,-0.2827652424387854,-0.07726337554440257,0.3124805040472848,-0.1577003361490438,-0.9841574651944024,0.3504560729716566,0.8374939990398249,-1.7642822851655704,0.5700912145943191,-0.303648583773396,0.368554,-0.15658,-0.857407,-0.25836799999999993,0.25175000000000003,-0.9202629999999999,0.626922,0.40833,0.06285599999999991,0.0,0.5,0.0,1.0,0.5,-0.857407
513,2.1375,jog,-0.254186,-0.260517,0.983337,0.068211,0.017242,-0.986644,-1.870650347972054,0.8771298296135821,-0.2841372690184523,0.1502212282638805,0.8582564053879684,-0.2824096340899782,-0.9301655867530009,0.3268538516918519,0.7614590832732873,-1.650107991360589,0.49652027837769985,-0.21382289416845085,0.37247300000000005,-0.158873,-0.8530500000000001,-0.25744899999999993,0.250164,-0.91997,0.629922,0.409037,0.06691999999999987,0.0,0.5,0.0,1.0,0.5,-0.8530500000000001
514,2.141667,jog,-0.261713,-0.257086,0.981903,0.06753,0.017317,-0.986595,-1.8063354931606177,0.8233741300696362,-0.34413246940247466,0.10486028130658913,0.32088389411805424,-0.2979633210645916,-1.1648668106552,0.30333573314135953,0.8272138228942075,-1.5471562275018924,0.37700983921288006,-0.3568514518838678,0.375146,-0.16104000000000002,-0.848169,-0.25636900000000007,0.24830399999999997,-0.9200229999999999,0.631515,0.409344,0.07185399999999997,0.0,0.5,0.0,1.0,0.5,-0.848169
515,2.145833,jog,-0.269238,-0.253601,0.980291,0.06672,0.017314,-0.986551,-1.80628900624095,0.836533845415234,-0.38694191070568956,0.07778319740036706,0.3879388005126015,-0.3100304467020742,-1.3055688910225278,0.2753240518482904,0.914786365818508,-1.464954392702785,0.378780604896773,-0.23163706192990258,0.377232,-0.16337799999999997,-0.842746,-0.25494700000000003,0.24639700000000003,-0.919376,0.632179,0.409775,0.07662999999999998,0.0,0.5,0.0,1.0,0.5,-0.842746
516,2.15,jog,-0.276784,-0.250048,0.978301,0.06482,0.01627,-0.98656,-1.810895128389811,0.8526517878570172,-0.47756179505642865,-0.33056461496270934,0.9816629330398391,-0.44126477980094664,-1.431005519558503,0.28773698104153117,0.9702423806095933,-1.3909287257020129,0.35349172066236323,-0.29613630909528565,0.37881499999999996,-0.165732,-0.836713,-0.25319700000000006,0.244317,-0.91862,0.632012,0.410049,0.08190699999999995,0.0,0.5,0.0,1.0,0.5,-0.836713
517,2.154167,jog,-0.284387,-0.246449,0.976289,0.064055,0.016654,-0.986376,-1.824574034077169,0.863690904727567,-0.4828413726901587,0.2846487274314464,0.34073573410961117,-0.7050406232844889,-1.3465322774177224,0.37413006959440415,0.933045356371434,-1.2567794576432967,0.403167746580249,-0.40028797696181767,0.380807,-0.167772,-0.830813,-0.25083099999999997,0.242398,-0.918276,0.6316379999999999,0.41017,0.08746299999999996,0.0,0.5,0.0,1.0,0.5,-0.830813
518,2.158333,jog,-0.291992,-0.242958,0.973981,0.062439,0.016325,-0.986333,-1.8254920787327353,0.8379740758522013,-0.5540086413826595,-0.008102791582318749,0.7956313969280003,-0.4700540596648571,-1.3252520403265602,0.4111857897263936,0.8394143062890728,-1.1070571291407647,0.37421987518005845,-0.5948151704273157,0.382891,-0.16954999999999998,-0.825008,-0.24783800000000006,0.240466,-0.918446,0.630729,0.410016,0.09343800000000002,0.0,0.5,0.0,1.0,0.5,-0.825008
519,2.1625,jog,-0.299495,-0.239415,0.971659,0.060131,0.016091,-0.986261,-1.8005759539235855,0.8502519798415653,-0.5572354211662572,0.10018734979459486,1.118584646721572,-0.6649789654674523,-1.5910727141827676,0.4756419486440756,0.8785697144227921,-1.0110391168705941,0.4898008159346953,-0.6340292776577484,0.383764,-0.171111,-0.8190250000000001,-0.24454800000000004,0.23896399999999998,-0.9187660000000001,0.6283120000000001,0.410075,0.09974099999999997,0.0,0.5,0.0,1.0,0.5,-0.8190250000000001
520,2.166667,jog,-0.306864,-0.236008,0.969142,0.058123,0.015923,-0.986221,-1.7684185265179628,0.8176145908327691,-0.604031677465855,0.09850036778229737,0.9698007867357923,-0.4883681192392145,-1.5334773218143232,0.4470842332613604,0.8248140148788463,-0.8723302135829397,0.40172786177107667,-0.5610751139909063,0.38474300000000006,-0.172655,-0.813071,-0.24081399999999997,0.237231,-0.9185869999999999,0.625557,0.409886,0.10551599999999994,0.0,0.5,0.0,1.0,0.5,-0.813071
521,2.170833,jog,-0.314174,-0.232649,0.966784,0.054113,0.018049,-0.98627,-1.754680748919775,0.8062890062409767,-0.566010561689848,1.3281928358502757,1.749668380503261,-0.33725115843563863,-1.654104656745036,0.43975036005759727,0.8542966874699734,-0.7628420547287391,0.41742678828611435,-0.4135861737877953,0.385162,-0.174182,-0.8071539999999999,-0.236682,0.235611,-0.917952,0.6218440000000001,0.409793,0.11079800000000006,0.0,0.5,0.0,1.0,0.5,-0.8071539999999999
522,2.175,jog,-0.321416,-0.22927,0.963952,0.051298,0.01798,-0.986364,-1.7379409647228945,0.8108951283897642,-0.6796256299496221,0.18541334816612118,1.34328843533905,-0.14366869668286414,-1.5327573794097147,0.5056395488361223,0.8742500599952421,-0.7499400047996343,0.38348932085434917,-0.42884569234463293,0.386017,-0.17545399999999997,-0.800679,-0.23256499999999997,0.23383,-0.916907,0.618582,0.409284,0.116228,0.0,0.5,0.0,1.0,0.5,-0.800679
523,2.179167,jog,-0.328539,-0.225843,0.960923,0.04815,0.017806,-0.986443,-1.7093832493399597,0.822414206863404,-0.7269018478521418,0.16462556468650333,1.5097854327704157,-0.22071888214307522,-1.7341012718981432,0.49892008639305757,0.8368130549555503,-0.6906647468202236,0.3316534677225621,-0.4583633309334962,0.38591400000000003,-0.176802,-0.794163,-0.22831999999999997,0.231785,-0.9157879999999999,0.614234,0.408587,0.12162499999999998,0.0,0.5,0.0,1.0,0.5,-0.794163
524,2.183333,jog,-0.335629,-0.222421,0.957829,0.045243,0.018605,-0.98645,-1.7018722995678808,0.8214114258281053,-0.7426788286125409,0.6127684655667235,1.3232971316784217,-0.3028096096400221,-1.923907825251988,0.4637542006720923,0.787806048967815,-0.5964954392702572,0.26428228516561914,-0.44431108977435135,0.384989,-0.17829199999999998,-0.787787,-0.22371499999999994,0.229464,-0.914545,0.6087039999999999,0.407756,0.12675800000000004,0.0,0.5,0.0,1.0,0.5,-0.787787
525,2.1875,jog,-0.342623,-0.219042,0.95459,0.042138,0.019568,-0.986483,-1.6784257259420012,0.8108951283897708,-0.7772978161747396,0.7007277479232419,1.4032395230375772,-0.20407589363630604,-1.7864170866331508,0.5502759779217888,0.7964962802976099,-0.525077993760542,0.19654427645789221,-0.40964722822176103,0.384539,-0.179378,-0.7812290000000001,-0.21890900000000002,0.226904,-0.9130130000000001,0.603448,0.406282,0.131784,0.0,0.5,0.0,1.0,0.5,-0.7812290000000001
526,2.191667,jog,-0.349522,-0.215723,0.951227,0.03865,0.020336,-0.986504,-1.655627549796089,0.7964962802976099,-0.8070554355651928,0.6400482112174182,1.6002748974382408,-0.26735283981989044,-1.9664026877850669,0.529877609791238,0.786897048236178,-0.48692104631630434,0.12910967122630787,-0.3906887449004269,0.38324400000000003,-0.180489,-0.774587,-0.21403899999999998,0.224123,-0.911278,0.597283,0.404612,0.136691,0.0,0.5,0.0,1.0,0.5,-0.774587
527,2.195833,jog,-0.356192,-0.212452,0.947607,0.035644,0.020724,-0.986505,-1.6010561689869962,0.7851656265002176,-0.8689390302448317,0.4234306624502791,1.4005478656410235,-0.26837515269572404,-1.9474315890541958,0.5957753240518282,0.7674027844454916,-0.3960633701392211,0.13298127700431722,-0.28012481997118804,0.381801,-0.18127800000000002,-0.76777,-0.209019,0.221406,-0.908825,0.59082,0.40268400000000004,0.14105500000000004,0.0,0.5,0.0,1.0,0.5,-0.76777
528,2.2,jog,-0.362907,-0.209032,0.943897,0.032475,0.02148,-0.986329,-1.6114710823133098,0.8207343412526513,-0.8903287736980477,0.629332807240596,1.4566111124930774,-0.7610716121533476,-2.0823134149266793,0.590352771778226,0.7324214062874522,-0.35757139428843304,0.1425485961123021,-0.2987760979121479,0.379839,-0.182238,-0.761008,-0.20379400000000003,0.21858,-0.9063599999999999,0.583633,0.400818,0.14535199999999993,0.0,0.5,0.0,1.0,0.5,-0.761008
529,2.204167,jog,-0.369427,-0.20585,0.940085,0.028829,0.022224,-0.986259,-1.5646748260139964,0.7636189104871935,-0.9148068154548145,0.6490249128957349,1.6782557335550259,-0.43859021868823866,-2.1792656587473993,0.6301895848332463,0.720182385409201,-0.32277417806577924,0.09407247420206813,-0.36381089512840714,0.377278,-0.18279399999999998,-0.754195,-0.19861900000000005,0.21579,-0.904064,0.5758970000000001,0.398584,0.14986900000000003,0.0,0.5,0.0,1.0,0.5,-0.754195
530,2.208333,jog,-0.376126,-0.203021,0.936677,0.024521,0.020769,-0.986032,-1.6080172827652008,0.6790686509841385,-0.8180508881420723,-0.32160884149326413,2.1735497134008903,-1.0731687392013645,-2.2361977916466023,0.6603456553048315,0.6872299567930692,-0.3082093134901384,0.0796927508401324,-0.33221315410464675,0.374661,-0.18287199999999998,-0.747924,-0.193204,0.213293,-0.90204,0.567865,0.396165,0.15411599999999992,0.0,0.5,0.0,1.0,0.5,-0.747924
531,2.2125,jog,-0.382347,-0.199905,0.932664,0.020923,0.021036,-0.985909,-1.4929205663547542,0.7477801775858292,-0.9630429565635029,0.42396912912400625,1.6923850438905024,-0.5399695309127456,-2.292296616270803,0.6940244780417897,0.6097912167026887,-0.32781377489801794,0.09191264698824506,-0.2826973842092758,0.37133,-0.18309599999999998,-0.7413700000000001,-0.188349,0.21056,-0.899205,0.5596789999999999,0.393656,0.15783499999999995,0.0,0.5,0.0,1.0,0.5,-0.7413700000000001
532,2.216667,jog,-0.388537,-0.19682,0.928502,0.01694,0.021089,-0.985782,-1.4854811615069958,0.7403407727381369,-0.9988000959922595,0.3531867015712369,1.8914582881289974,-0.5394944183484377,-2.3815694744419,0.7221022318214064,0.6085913126949498,-0.3726901847852009,0.10871130309574578,-0.2179025677945646,0.36759600000000003,-0.183172,-0.734672,-0.183712,0.207928,-0.895951,0.551308,0.3911,0.16127900000000006,0.0,0.5,0.0,1.0,0.5,-0.734672
533,2.220833,jog,-0.39449,-0.193735,0.924501,0.013169,0.022742,-0.985615,-1.4289486317811948,0.7405184829573329,-0.9603936629861616,1.0932705271528667,1.6629637246567592,-0.48935016311506285,-2.443350936149977,0.7575612097936251,0.5799327892463257,-0.3667786845895571,0.08617378780605578,-0.22131541046569186,0.36337,-0.183101,-0.728255,-0.17928699999999997,0.205202,-0.892872,0.542657,0.388303,0.164617,0.0,0.5,0.0,1.0,0.5,-0.728255
534,2.225,jog,-0.400438,-0.190823,0.920453,0.009194,0.024699,-0.98539,-1.4274058075353124,0.6988240940724312,-0.9714422846171838,1.2550307086354762,1.73647154575169,-0.5819787775654415,-2.4996400287975433,0.7938564914806279,0.5022798176145563,-0.3570914326853742,0.073194144468438,-0.20638348932084086,0.358902,-0.18270500000000003,-0.7221139999999999,-0.174827,0.202595,-0.8896839999999999,0.533729,0.38530000000000003,0.16757,0.0,0.5,0.0,1.0,0.5,-0.7221139999999999
535,2.229167,jog,-0.406123,-0.187625,0.916294,0.005313,0.027775,-0.984999,-1.3642908567315226,0.7674586033117716,-0.9980801535877376,1.7815365772132994,1.6086909221416563,-0.9018182975657887,-2.5442764578834858,0.8221742260619622,0.47252219822416996,-0.3191744660427173,0.08807295416367117,-0.18814494840413626,0.353985,-0.182477,-0.715986,-0.17047199999999996,0.199764,-0.886309,0.524457,0.382241,0.170323,0.0,0.5,0.0,1.0,0.5,-0.715986
536,2.233333,jog,-0.411861,-0.184739,0.912246,0.002712,0.03124,-0.984628,-1.3773403744598676,0.6927508401344025,-0.9716754680748777,1.8601038918898347,0.9671600817717174,-0.7429289786317761,-2.6392222755640176,0.851656265002376,0.440230436869881,-0.3084493518962903,0.04272683629380568,-0.15098415746519056,0.348728,-0.181815,-0.7101040000000001,-0.16601899999999997,0.19705599999999998,-0.88289,0.514747,0.378871,0.17278599999999988,0.0,0.5,0.0,1.0,0.5,-0.7101040000000001
537,2.2375,jog,-0.417634,-0.182109,0.908839,-0.002341,0.034977,-0.984279,-1.3854091672666886,0.6311495080393841,-0.8176145908327824,2.1896800131065155,2.0985281743931754,-0.5530640159761167,-2.671706263499043,0.8675305975522305,0.38996880249582183,-0.1497480201584107,-0.07007439404847947,-0.20566354691625613,0.343368,-0.18083000000000002,-0.7050719999999999,-0.16087,0.194134,-0.8803399999999999,0.504238,0.374964,0.17526799999999998,0.0,0.5602008514838202,0.0,1.0,0.43979914851617985,-0.7050719999999999
538,2.241667,jog,-0.423477,-0.179252,0.905164,-0.003628,0.038354,-0.9839,-1.4022078233740416,0.6856251499879589,-0.8819294456442909,1.7070578745929534,0.3515717350941098,-0.681203341070522,-2.743940484761052,0.8886489080873017,0.35085193184542884,-0.08999280057595185,-0.15742740580752548,-0.059515238780894306,0.337777,-0.179984,-0.699935,-0.15540200000000004,0.19062099999999998,-0.8769129999999999,0.49317900000000003,0.370605,0.17697799999999997,0.0,0.6819147742526942,0.0,1.0,0.3180852257473058,-0.699935
539,2.245833,jog,-0.429258,-0.176591,0.901721,-0.002953,0.041301,-0.98347,-1.3876620259241053,0.6387421987517821,-0.8264522323571483,1.340324257956228,-0.5327346733985578,-0.8811430162291148,-2.759721555448798,0.9282285165626268,0.3094095055208778,-0.011521843494943751,-0.12145943350935846,-0.011521843494958741,0.33206099999999994,-0.178778,-0.695203,-0.149669,0.187454,-0.873518,0.48173,0.366232,0.178315,0.0,0.7957540987528176,0.0,1.0,0.20424590124718245,-0.695203
540,2.25,jog,-0.434986,-0.174042,0.89872,-0.001738,0.04539,-0.982923,-1.3746100311975695,0.6117110631149777,-0.7201823854092076,1.8352695207256728,-0.877988608236924,-1.0452356215499918,-2.941204703623842,0.9354451643868947,0.24286057115431517,0.026157907367391337,-0.048476121910249165,0.0950323974082118,0.32553299999999996,-0.17742899999999998,-0.69119,-0.14383200000000007,0.184703,-0.8701209999999999,0.46936500000000003,0.36213199999999995,0.17893099999999995,0.0,0.8169295288204061,0.0,1.0,0.18307047117959385,-0.69119
541,2.254167,jog,-0.440626,-0.171879,0.896041,0.000428,0.04814,-0.982357,-1.3534917206624169,0.5190784737221256,-0.6429085673146411,1.122312472986589,-1.2047422912036625,-1.2240321269761905,-2.913126949844148,0.967602591792696,0.17206623470123067,-0.033837293016547434,0.017518598512119867,0.093832493400532,0.31903400000000004,-0.17556,-0.687794,-0.13833299999999998,0.182613,-0.867051,0.45736699999999997,0.358173,0.179257,0.0,0.8312101856822004,0.0,1.0,0.1687898143177996,-0.687794
542,2.258333,jog,-0.446087,-0.169767,0.893456,0.003137,0.05097,-0.981797,-1.3108497359577158,0.5069611137781913,-0.6204992798847522,1.1130317362237137,-1.4717062315791716,-1.1618246704056079,-2.9625540086412996,0.9839174267882638,0.12097935669706929,-0.06721075372058072,0.04056649063850081,0.0460873739798358,0.312153,-0.17357299999999998,-0.684705,-0.13315199999999994,0.18067,-0.864274,0.44530499999999995,0.354243,0.17956899999999998,0.0,0.8482786580348938,0.0,1.0,0.15172134196510623,-0.684705
543,2.2625,jog,-0.451824,-0.167669,0.891137,0.006907,0.052923,-0.981363,-1.3767698584112413,0.5034797216222369,-0.5565154787616822,0.6024035198212286,-1.9079760509239947,-0.9110444127475912,-3.028317734581047,0.9961603071753558,0.08111351091912272,-0.0676745860331143,0.05159587233021042,-0.053515718742497574,0.305271,-0.17152,-0.682048,-0.12769699999999995,0.178787,-0.862178,0.43296799999999996,0.35030700000000004,0.18013,0.0,0.8324530265799828,0.0,1.0,0.16754697342001723,-0.682048
544,2.266667,jog,-0.457497,-0.165707,0.889148,0.010379,0.054988,-0.981063,-1.3614110871130891,0.47084233261341707,-0.4773218142548592,0.675385484479218,-1.7983259574474222,-0.49745933241717566,-3.089992800576095,1.0208783297336765,0.02327813774898444,-0.04415646748262093,0.0333573314134885,-0.05063594912407224,0.298068,-0.169228,-0.6799620000000001,-0.12220800000000004,0.17696399999999998,-0.8604,0.42027600000000004,0.346192,0.180438,0.0,0.8749832841924651,0.0,1.0,0.12501671580753493,-0.6799620000000001
545,2.270833,jog,-0.463175,-0.163701,0.888187,0.009155,0.058106,-0.980747,-1.3629380700911813,0.48151704272681833,-0.2306769083053467,1.589735916300827,0.3179896970267493,-0.3485941207190795,-3.126980316850613,1.038406144983168,-0.03720595295247527,0.015602496399419097,0.03984637542006641,-0.005280844935188937,0.290719,-0.16690799999999997,-0.679156,-0.11646500000000004,0.175124,-0.8594609999999999,0.40718400000000005,0.342032,0.18030499999999994,0.0,0.9281386587617773,0.0,1.0,0.07186134123822274,-0.679156
546,2.275,jog,-0.468454,-0.160847,0.887235,0.00797,0.058396,-0.980279,-1.266858651307948,0.6849052075834302,-0.22846172306215415,0.2660687402313125,0.5970976106703576,-1.1428856710661763,-3.150947924166211,1.0619150467963077,-0.10895128389728892,-0.001679865610746236,0.018238540916727417,0.04391648668106731,0.282868,-0.16533699999999998,-0.678658,-0.11119300000000004,0.172346,-0.858326,0.394061,0.33768299999999996,0.17966800000000005,0.0,0.9206953110947391,0.0,1.0,0.07930468890526088,-0.678658
547,2.279167,jog,-0.474243,-0.15885,0.885541,0.010036,0.055748,-0.980093,-1.3892488600911186,0.47924166066711715,-0.4065274778017447,-1.4213428584024226,-0.6864188247925438,-0.8673114452670565,-3.1905447564192926,1.0777537796975507,-0.15262778977681465,-0.02447804175664249,0.006239500839932421,0.06647468202543379,0.275362,-0.16284300000000002,-0.6776,-0.10550599999999993,0.170375,-0.856355,0.380868,0.333218,0.178755,0.0,0.8814791479978454,0.0,1.0,0.11852085200215456,-0.6776
548,2.283333,jog,-0.479936,-0.156467,0.885614,0.006719,0.060398,-0.980002,-1.3665386461834852,0.5720115218435393,0.017522803648582698,2.4895124047276753,1.1140021764672865,0.48069469516196306,-3.2590014402306964,1.0969755160826646,-0.2287566010561827,-0.05160825732119378,0.013442150744119826,0.07177148343735582,0.267478,-0.160656,-0.678626,-0.10002800000000006,0.168048,-0.856129,0.367506,0.328704,0.17750300000000008,0.0,0.8509730684745871,0.0,1.0,0.1490269315254129,-0.678626
549,2.2875,jog,-0.485188,-0.154475,0.884065,0.008489,0.059887,-0.979975,-1.2603791696663582,0.47804175665943666,-0.3717302615790565,-0.39981039066844826,-0.7795477507477947,-0.16265628148318825,-3.254139668826293,1.1029517638588215,-0.2925365970722159,-0.047276217902565566,0.02543796496280147,-0.03359731221502105,0.25917,-0.158052,-0.678296,-0.09497300000000003,0.166162,-0.85472,0.35414300000000004,0.324214,0.17642400000000003,0.0,0.8944470876672486,0.0,1.0,0.10555291233275144,-0.678296
550,2.291667,jog,-0.490473,-0.152314,0.883596,0.006084,0.059833,-0.979877,-1.2682985361171648,0.5185985121190533,-0.11255099592031752,0.19891793697129434,1.1534454913848846,-0.2302216087613636,-3.286057115430918,1.1101511879050228,-0.351091912647009,-0.036957043436523764,0.0014398848092155197,-0.035757139428847284,0.250762,-0.15558699999999998,-0.6792900000000001,-0.08984200000000003,0.16400700000000001,-0.8544,0.340604,0.319594,0.17511,0.0,0.9142602557482669,0.0,1.0,0.08573974425173314,-0.6792900000000001
551,2.295833,jog,-0.495022,-0.15023,0.882239,0.008686,0.051528,-0.98032,-1.0919347095535048,0.5002400384061318,-0.3257321171387459,-4.157205414391167,-0.46262195979003545,-0.07921936973568203,-3.316610657705134,1.1156985117618479,-0.4111857897263431,-0.02640422467593386,-0.02712433989438242,-0.002640422467594885,0.24149400000000004,-0.153023,-0.679646,-0.08540299999999995,0.16181,-0.853054,0.326897,0.314833,0.173408,0.0,0.9367569782889809,0.0,1.0,0.06324302171101914,-0.679646
552,2.3,jog,-0.500376,-0.14832,0.88205,0.004627,0.050849,-0.980151,-1.284857211423151,0.45836333093354503,-0.045356371490281586,0.06055502093435267,2.00069593536783,-0.4796848941634132,-3.3496520278379323,1.1327093832493922,-0.4715622750180188,-0.019678425725949182,-0.025917926565876024,0.018478521718263547,0.23289000000000004,-0.15021299999999999,-0.681422,-0.08013099999999995,0.15979200000000002,-0.852788,0.313021,0.310005,0.17136600000000002,0.0,0.9376293533824208,0.0,1.0,0.062370646617579184,-0.681422
553,2.304167,jog,-0.505184,-0.14602,0.880507,0.00697,0.047487,-0.980298,-1.1538276937844085,0.551955843532483,-0.3702903767698265,-1.800530717246243,-0.7918091850569309,-0.06995015090839315,-3.3666906647466184,1.1343892488600176,-0.5219582433405034,-0.04103671706264023,-0.021598272138227577,0.030237580993518944,0.22366899999999995,-0.147786,-0.682054,-0.07549400000000006,0.15740200000000001,-0.8511190000000001,0.299163,0.305188,0.16906500000000002,0.0,0.9077321409792882,0.0,1.0,0.09226785902071177,-0.682054
554,2.308333,jog,-0.51062,-0.144078,0.881154,0.002368,0.049248,-0.980182,-1.304848775804092,0.46615458473354443,0.15530484877578862,1.2555973629885369,2.009343758315373,-0.022225010607419524,-3.4188670187229033,1.1452232357176895,-0.5780124819971022,-0.03864618338933325,-0.021363418146903047,0.0002400384061443839,0.21486199999999994,-0.14495699999999997,-0.685109,-0.07021900000000003,0.155371,-0.851765,0.285081,0.300328,0.16665600000000003,0.0,0.9264023561684919,0.0,1.0,0.07359764383150813,-0.685109
555,2.3125,jog,-0.515019,-0.141203,0.877321,0.01679,0.042418,-0.979885,-1.0556755459563818,0.6899448044156822,-0.9198464122870531,-4.531711574950971,-6.09947144703135,-1.5103275196815429,-3.4319654427647244,1.1581473482121951,-0.6311495080393841,-0.024718022558187887,-0.026157907367411734,-0.015118790496760251,0.20496000000000003,-0.143006,-0.683906,-0.06592299999999995,0.152387,-0.847995,0.270883,0.295393,0.16408900000000004,0.0,0.9349403140887345,0.0,1.0,0.06505968591126554,-0.683906
556,2.316667,jog,-0.520094,-0.139278,0.876999,0.014278,0.04222,-0.979942,-1.2179025677946178,0.4619630429565803,-0.07727381809456664,0.13959020665301472,1.199419430912524,0.07602520785190112,-3.464842812575154,1.1675065994720975,-0.6921046316295006,-0.010559155267589635,-0.0333573314134885,-0.022798176145909687,0.19559699999999997,-0.14006599999999997,-0.686468,-0.06089200000000006,0.150323,-0.847768,0.256489,0.290389,0.1613,0.0,0.9303986718961664,0.0,1.0,0.06960132810383357,-0.686468
557,2.320833,jog,-0.525158,-0.137293,0.876553,0.01286,0.041521,-0.979978,-1.2155544887181782,0.47647623619778207,-0.10705712914064672,-0.19684820485751325,0.7340005478299173,-0.007035883012387223,-3.5211233797406725,1.1517042726835904,-0.7443590974555707,0.0016802688430098544,-0.03096495439270172,-0.0057609217474793705,0.185992,-0.13725300000000001,-0.689123,-0.05582100000000001,0.148209,-0.847346,0.241813,0.285462,0.158223,0.0,0.9474315281617429,0.0,1.0,0.05256847183825708,-0.689123
558,2.325,jog,-0.529992,-0.135095,0.875369,0.017955,0.043253,-0.980083,-1.1600671946243606,0.5274778017758271,-0.28413726901847897,0.3292664719537459,-2.583596946441732,0.5388731250375575,-3.547636189104653,1.1826253899687276,-0.784977201823812,-0.0059995200383825805,-0.02831773458123179,0.03287736981041274,0.176043,-0.13452300000000003,-0.69121,-0.051011999999999946,0.145893,-0.8460249999999999,0.22705499999999995,0.280416,0.15481499999999992,0.0,0.9269929649859632,0.0,1.0,0.07300703501403683,-0.69121
559,2.329167,jog,-0.535344,-0.13339,0.877213,0.007522,0.049223,-0.979747,-1.2843772498200787,0.4091672666186854,0.4425245980321939,3.7900254576051786,4.371884383689851,-0.21514983082421824,-3.517638588913049,1.0971922246220853,-0.7871370290377075,-0.009119270458359545,-0.01175905927525862,0.020638348932087033,0.16673700000000002,-0.131656,-0.696334,-0.045697999999999905,0.14413900000000002,-0.8477830000000001,0.21243499999999993,0.275795,0.15144900000000006,0.0,0.9575939595702605,0.0,1.0,0.0424060404297395,-0.696334
560,2.333333,jog,-0.540755,-0.131387,0.879102,0.001513,0.051961,-0.979746,-1.298847815650455,0.4807969275083893,0.45343254920786796,1.8453147537801666,2.558011863289479,0.4189557070333567,-3.618578972635524,1.3245319251079866,-0.8927028324531681,-0.009601536245808668,-0.012962073931828792,0.007441190590494222,0.15707299999999996,-0.12814099999999998,-0.7019420000000001,-0.040327,0.142082,-0.8496410000000001,0.19739999999999996,0.270223,0.14769900000000002,0.0,0.9703925602303036,0.0,1.0,0.029607439769696375,-0.7019420000000001
561,2.3375,jog,-0.546215,-0.129598,0.881652,-0.008329,0.055799,-0.979642,-1.3102951763859538,0.4293256539477069,0.6119510439165005,2.72039448940069,4.254000348232162,0.5757594764508572,-3.588432925366133,1.1387089032877888,-0.8315334773218579,-0.0038396928245780495,-0.018238540916727417,-0.005759539236861246,0.14758,-0.125185,-0.707957,-0.034883,0.14021699999999998,-0.852215,0.182463,0.26540199999999997,0.144258,0.0,0.9674867587666536,0.0,1.0,0.032513241233346424,-0.707957
562,2.341667,jog,-0.55124,-0.127859,0.881838,-0.008463,0.05422,-0.979449,-1.2059035277176962,0.4173266138708626,0.044636429085675104,-0.7305399267905948,0.24776542434085697,-0.6746766326566331,-3.6474682025435654,1.1804655627549026,-1.020158387328946,-0.004079673626120404,-0.026877849772016422,0.0007199424046074749,0.13740599999999997,-0.122005,-0.712394,-0.029875000000000096,0.138366,-0.852398,0.16728100000000007,0.260371,0.14000400000000002,0.0,0.9546746066288843,0.0,1.0,0.04532539337111574,-0.712394
563,2.345833,jog,-0.556358,-0.125965,0.882719,-0.009395,0.054925,-0.979323,-1.2285165626501373,0.45463274123863584,0.2114738358137519,0.42000383969717237,0.38339435699552316,-0.17701824801429905,-3.7090734517525794,1.213394143062987,-0.9639942390783336,-0.011281805088793074,-0.024483917426790562,0.02136341814690491,0.12707200000000002,-0.118844,-0.717291,-0.024803999999999937,0.13637,-0.85319,0.15187599999999996,0.255214,0.135899,0.0,0.9426720696939548,0.0,1.0,0.057327930306045216,-0.717291
564,2.35,jog,-0.561482,-0.12414,0.883811,-0.010695,0.055584,-0.979201,-1.2296616270697638,0.4379649628029475,0.2620590352771575,0.4327063165381249,0.5594974497402954,-0.14789231038270267,-3.6757859371248123,1.2447804175665182,-0.9877609791216054,-0.016558675305997736,-0.02375809935205042,0.03431725461962852,0.11687900000000001,-0.115482,-0.722499,-0.019749000000000017,0.134446,-0.854139,0.13662800000000003,0.249928,0.13163999999999998,0.0,0.9251610808072176,0.0,1.0,0.0748389191927824,-0.722499
565,2.354167,jog,-0.566552,-0.122428,0.884728,-0.01049,0.054475,-0.97909,-1.2167026637869305,0.41084713222944164,0.22006239500839633,-0.5419332458275541,0.031407743420768464,-0.42373808865494744,-3.758099352051996,1.227981761459142,-1.0302375809935722,-0.020158387329008116,-0.03167746580273685,0.041756659467244654,0.10628899999999997,-0.112077,-0.7277089999999999,-0.014763000000000082,0.132602,-0.8548819999999999,0.12105200000000005,0.24467899999999998,0.12717299999999998,0.0,0.9064074874010077,0.0,1.0,0.09359251259899226,-0.7277089999999999
566,2.358333,jog,-0.571573,-0.120654,0.885883,-0.009842,0.054199,-0.978982,-1.2052328372539405,0.425828132501188,0.2772443590974521,-0.19106491019701785,-0.26110960501144187,-0.33122934931149534,-3.797647623619682,1.2381180988957885,-1.0477676428228182,-0.01200192030724751,-0.04032645223235643,0.02784445511281682,0.09548899999999999,-0.108693,-0.7332289999999999,-0.009792000000000023,0.13066,-0.8559209999999999,0.10528100000000001,0.23935299999999998,0.12269200000000002,0.0,0.915910389708364,0.0,1.0,0.08408961029163597,-0.7332289999999999
567,2.3625,jog,-0.576605,-0.118966,0.887092,-0.009614,0.054873,-0.978845,-1.2075833933285975,0.4050875929925779,0.29013678905689244,0.2963753049544474,-0.15681853470741222,-0.26025295680784,-3.7254619630431223,1.2546196304296187,-0.9779217662587495,-0.013918886489082108,-0.046076313894890385,0.023998080153588664,0.08499700000000004,-0.10515300000000001,-0.738513,-0.004817999999999989,0.12878,-0.85703,0.08981500000000003,0.233933,0.11851699999999998,0.0,0.9103607545910571,0.0,1.0,0.08963924540894286,-0.738513
568,2.366667,jog,-0.581648,-0.117245,0.888083,-0.00781,0.054322,-0.978688,-1.2102231821453593,0.41300695944321947,0.23782097432203114,-0.4298528278072202,-0.7681447851748097,-0.534311055590446,-3.7228221742258483,1.297096232301342,-0.9599232061434443,-0.02039836813054873,-0.05303575713942537,0.033117350611949675,0.07452700000000001,-0.10146899999999999,-0.7435039999999999,0.000140000000000029,0.126838,-0.857883,0.07438699999999998,0.22830699999999998,0.11437900000000001,0.0,0.8903839545745609,0.0,1.0,0.10961604542543912,-0.7435039999999999
569,2.370833,jog,-0.586714,-0.115694,0.88979,-0.009166,0.054329,-0.978562,-1.2160345655304285,0.372299567930858,0.4097455592894785,0.13328646033713196,0.6515744864367677,-0.24068664360747868,-3.821891502640316,1.2599615938549833,-0.8891022563609965,-0.026164186269808633,-0.05976956313009941,0.047527604416705435,0.06367099999999992,-0.09777099999999998,-0.748915,0.005096999999999907,0.125038,-0.8593919999999999,0.058574000000000015,0.22280899999999998,0.11047699999999994,0.0,0.8654654267740174,0.0,1.0,0.1345345732259826,-0.748915
570,2.375,jog,-0.591644,-0.114168,0.89082,-0.008709,0.05342,-0.978334,-1.1831053515719259,0.36621070314376514,0.24718022558195882,-0.4706206795910784,-0.09086534123346918,-0.6815391389530074,-3.8816894648429754,1.2966162706984012,-1.1655867530598085,-0.06815454763618045,-0.07727381809455582,0.03959683225342117,0.05242599999999997,-0.09389399999999999,-0.754802,0.009742999999999946,0.12319000000000001,-0.8602569999999999,0.042683000000000026,0.217084,0.10545499999999997,0.0,0.816029935625774,0.0,1.0,0.18397006437422603,-0.754802
571,2.379167,jog,-0.596771,-0.112541,0.89216,-0.007004,0.052711,-0.978224,-1.230381569474523,0.39044876409889073,0.3215742740580919,-0.4969407028506187,-0.7118368315626503,-0.4231960882990479,-3.8965682745382284,1.3105351571874833,-1.089032877369857,-0.056395488360930154,-0.06503479721622576,0.02231821454283743,0.04131600000000002,-0.09006,-0.7606799999999999,0.014635000000000065,0.121292,-0.8615039999999999,0.026680999999999955,0.211352,0.10082400000000002,0.0,0.8517877024070283,0.0,1.0,0.14821229759297172,-0.7606799999999999
572,2.383333,jog,-0.601815,-0.110853,0.893224,-0.003757,0.05026,-0.978128,-1.210753720595247,0.40518482957272267,0.25540086413827073,-1.4653210442962985,-1.2586419986805863,-0.6368584740414975,-3.916226596255286,1.3502160345654914,-1.068891022563584,-0.026164186269808633,-0.06697071531444841,0.05520883341334487,0.03004499999999999,-0.08612300000000002,-0.766197,0.019569999999999976,0.11932499999999999,-0.862338,0.010475000000000012,0.20544800000000002,0.09614100000000003,0.0,0.8489145142665491,0.0,1.0,0.15108548573345093,-0.766197
573,2.3875,jog,-0.606752,-0.10917,0.894098,0.000995,0.048709,-0.977954,-1.184785217182546,0.4038876889848542,0.20974322054232714,-1.1864794501986393,-2.050086511465249,-0.7178687816474897,-4.2075833933282825,1.2750179985600405,-1.1773458123349434,-0.03071754259659448,-0.07055435565154379,0.04631629469642116,0.017448999999999937,-0.082493,-0.7719769999999999,0.02437899999999993,0.11734800000000001,-0.863019,0.006929999999999992,0.199841,0.09104200000000007,0.0,0.850308802316756,0.0,1.0,0.14969119768324401,-0.7719769999999999
574,2.391667,jog,-0.611625,-0.107544,0.895201,0.005632,0.047236,-0.97781,-1.1694264458843866,0.3902087832973546,0.26469882409410284,-1.1394988106599433,-2.010496329936912,-0.5756283052215626,-4.015358771298472,1.3573314134869816,-1.0563954883609767,-0.04775617950562954,-0.07535397168226887,0.07799376049916419,0.005589999999999984,-0.078463,-0.777482,0.029052999999999995,0.115408,-0.863797,0.02346300000000001,0.19387100000000002,0.08631500000000003,0.0,0.8025024584817779,0.0,1.0,0.19749754151822208,-0.777482
575,2.395833,jog,-0.616706,-0.106017,0.895591,0.010506,0.047028,-0.977575,-1.2196351416226268,0.36653864618337945,0.09361497839654123,-0.5670695717679636,-2.246134116599256,-0.5917979303189155,-4.034085453672474,1.2686029764762043,-0.9541526644262835,-0.05016802688430365,-0.08497359577532156,0.06841094575131847,-0.0061350000000000016,-0.074705,-0.7818470000000001,0.03392499999999998,0.113527,-0.8639020000000001,0.040059999999999985,0.18823199999999998,0.08205499999999999,0.0,0.7998792003769154,0.0,1.0,0.2001207996230846,-0.7818470000000001
576,2.4,jog,-0.621759,-0.104325,0.897151,0.014695,0.045863,-0.977432,-1.2126229901608363,0.4060475161987224,0.3743700503959868,-0.9520731779735466,-1.8359998850333945,-0.43824551010421525,-4.321814254859821,1.2762179025678504,-1.274778017758637,-0.03311735061194571,-0.10463162946964714,0.15982721382290144,-0.01909100000000008,-0.071079,-0.7887190000000001,0.038839999999999986,0.111399,-0.864796,0.057931000000000066,0.182478,0.07607699999999995,0.0,0.6768674374389414,0.0,1.0,0.3231325625610586,-0.7887190000000001
577,2.404167,jog,-0.626979,-0.102848,0.899565,0.016769,0.046809,-0.977389,-1.252699784017203,0.3544516438684704,0.579313654907552,0.23880848757730674,-1.0703687857936515,0.03558706784853699,-4.4382049436042434,1.256539476841774,-1.244300455963446,-0.06191504679624784,-0.08879289656826926,0.4946004319654127,-0.03236500000000009,-0.06732000000000002,-0.796318,0.04380200000000001,0.109552,-0.865149,0.0761670000000001,0.176872,0.06883099999999998,0.0,0.5,0.0,1.0,0.5,-0.796318
578,2.408333,jog,-0.632101,-0.101654,0.901116,0.014694,0.046789,-0.977171,-1.2294767162747184,0.2866058569371328,0.3722995679309177,0.20987362975975007,1.0007310193160024,-0.5362306752497308,-4.167546807489526,1.3746999519924301,-0.9882381180989764,-0.037445991358631144,-0.05568891022564041,0.1620259241478753,-0.044605000000000006,-0.06278700000000001,-0.8019860000000001,0.048768000000000034,0.108126,-0.866025,0.09337300000000004,0.170913,0.06403899999999996,0.0,0.7077108685692122,0.0,1.0,0.29228913143078783,-0.8019860000000001
579,2.4125,jog,-0.637417,-0.100085,0.903008,0.016601,0.047171,-0.976973,-1.275737940964642,0.3765298776097685,0.45404367650585303,-0.0006261573347665109,-0.9178569517256783,-0.39042444980716473,-4.196064314854549,1.3686105111590272,-0.9988000959922595,-0.05399568034557644,-0.04655627549795747,0.1375089992800502,-0.05677399999999999,-0.058653,-0.8080400000000001,0.05385899999999999,0.106363,-0.867344,0.11063299999999998,0.165016,0.05930399999999991,0.0,0.7418455180020636,0.0,1.0,0.25815448199793645,-0.8080400000000001
580,2.416667,jog,-0.643033,-0.098847,0.907331,0.013029,0.046773,-0.977238,-1.3477321814255365,0.29709623230142684,1.037437005039636,0.15575516187613322,1.6961480112890932,0.5293838339030686,-4.270218382529587,1.1449484041277214,-0.9484041276698291,-0.05735541156707467,-0.04823614110871346,0.14734821214303445,-0.06895200000000001,-0.05511999999999999,-0.816315,0.059235999999999955,0.104924,-0.871053,0.12818799999999997,0.160044,0.05473799999999995,0.0,0.7244809738025897,0.0,1.0,0.2755190261974103,-0.816315
581,2.420833,jog,-0.648761,-0.097645,0.910893,0.009751,0.046749,-0.977366,-1.374939990398442,0.288526164186264,0.8550168026883957,0.30822922944376874,1.5316239330352497,0.2831897565290059,-4.287566010561584,1.3053288526163824,-0.9618338934229206,-0.12746039366297016,-0.0100816130580889,0.10561689870379042,-0.08108599999999999,-0.050884,-0.823884,0.06443300000000007,0.10368,-0.8741749999999999,0.14551900000000006,0.154564,0.050290999999999975,0.0,0.7236009317913525,0.0,1.0,0.27639906820864746,-0.823884
582,2.425,jog,-0.654423,-0.09639,0.913701,0.006545,0.046103,-0.977358,-1.358771298296185,0.3011759059275377,0.6738660907127816,0.0157355580065766,1.5748172612664695,-0.0787071862879303,-4.29853611711081,1.2879769618431072,-0.9700023998080606,-0.07055435565155505,-0.015598752099832922,0.1759059275258054,-0.09333599999999997,-0.04677200000000001,-0.830734,0.069801,0.10236,-0.87625,0.16313699999999998,0.14913200000000001,0.045516,0.04483999999999999,0.6830521708405832,0.04483999999999999,0.95516,0.31694782915941677,-0.830734
583,2.429167,jog,-0.660032,-0.095171,0.917176,0.000964,0.046162,-0.977578,-1.346052315814647,0.2925365970722159,0.8339332853371236,0.5726972739156787,2.5916760943080135,0.5948700185323396,-4.335253179745355,1.332613390928645,-0.9253659707222854,-0.0676745860331143,-0.0033597312215018966,0.17182625389967787,-0.105792,-0.042438000000000003,-0.838065,0.07512799999999997,0.10112700000000001,-0.879009,0.18091999999999997,0.143565,0.04094400000000009,0.09056000000000003,0.6921607611203956,0.09056000000000003,0.90944,0.3078392388796044,-0.838065
584,2.433333,jog,-0.665909,-0.094034,0.920492,-0.00236,0.045679,-0.977646,-1.4107057129140328,0.2729236677868382,0.7959673547767391,0.09956155190343463,1.6026814683860133,0.1857431912321353,-4.379740758521266,1.2827652424387588,-0.8778204512721813,-0.06721075372060738,0.014882381180988445,0.223955832933264,-0.11816100000000007,-0.03823099999999999,-0.845038,0.08072499999999994,0.100052,-0.881392,0.198886,0.138283,0.036354,0.13646000000000014,0.6095053500503765,0.13646000000000014,0.8635399999999999,0.39049464994962346,-0.845038
585,2.4375,jog,-0.671102,-0.092681,0.921026,0.009613,0.046241,-0.97734,-1.2462203023758676,0.32469402447805823,0.1281497480201725,-0.9102043337742095,-5.648797611557703,-0.8169583472183589,-4.404607631389686,1.2738180945524957,-0.8298536117110983,-0.06575473962083249,0.0009599232061434717,0.17926565874730785,-0.13132200000000005,-0.03427599999999999,-0.84903,0.08564399999999994,0.098703,-0.881179,0.216966,0.13297899999999999,0.032149000000000094,0.17851,0.6817548828982803,0.17851,0.82149,0.31824511710171965,-0.84903
586,2.441667,jog,-0.676322,-0.091603,0.923561,0.008723,0.046014,-0.977356,-1.2526997840173364,0.2586993040556863,0.6083513318934652,-0.01862232273275357,0.4403959704611719,0.012784413842233404,-4.418046556275682,1.2718982481402032,-0.8111351091913036,-0.07295416366690301,0.018238540916727625,0.1790256779457717,-0.14451199999999997,-0.030053999999999997,-0.854945,0.09055999999999997,0.09770100000000001,-0.882968,0.23507199999999995,0.127755,0.02802300000000002,0.21977000000000002,0.6763697766180445,0.21977000000000002,0.78023,0.32363022338195546,-0.854945
587,2.445833,jog,-0.681927,-0.090337,0.92612,0.007636,0.045128,-0.977486,-1.3454152664425871,0.30388862217954116,0.6142582813250166,-0.31249824420805716,0.5899281144448496,0.21194797621803946,-4.433509361497742,1.2786845895342902,-0.7647623619778942,-0.07297167546806592,0.02736437830052722,0.1865098415746468,-0.1573770000000001,-0.025993000000000002,-0.8606900000000001,0.09586099999999997,0.096549,-0.88475,0.2532380000000001,0.122542,0.02405999999999997,0.25939999999999996,0.6631040565174836,0.25939999999999996,0.7406,0.3368959434825164,-0.8606900000000001
588,2.45,jog,-0.687235,-0.088903,0.928701,0.008273,0.045177,-0.977766,-1.2738180945523798,0.344132469402428,0.6193904487640478,-0.051052680422210464,-0.33223571798973406,0.654460886587187,-4.40148788096924,1.2574994000479216,-0.7439404847611735,-0.07199424046077747,0.038636909047273994,0.2068634509239139,-0.17040999999999995,-0.022187,-0.866371,0.10086899999999999,0.095276,-0.886469,0.27127899999999994,0.117463,0.02009799999999995,0.29901999999999995,0.6293081965642479,0.29901999999999995,0.70098,0.37069180343575214,-0.866371
589,2.454167,jog,-0.692699,-0.088136,0.932303,-0.00105,0.043116,-0.977866,-1.3112550995920718,0.18406527477802373,0.8644108471322675,-0.05330314529096166,4.580832967644784,0.1437225448557675,-4.430285577154044,1.251979841612728,-0.6827453803696016,-0.06719462443003593,0.03167746580273727,0.14974802015839406,-0.1834070000000001,-0.01773699999999999,-0.872818,0.10605299999999995,0.094641,-0.889447,0.28946000000000005,0.11237799999999999,0.016629000000000005,0.33370999999999995,0.7213970919563515,0.33370999999999995,0.66629,0.2786029080436485,-0.872818
590,2.458333,jog,-0.698278,-0.087026,0.934929,-0.001146,0.041241,-0.977973,-1.3391742678828247,0.266442630820924,0.6303408545367127,-0.8729362836551834,0.22667854301800283,0.0730696244676585,-4.406144983197174,1.2508401344214717,-0.6550648103696417,-0.06240998559770304,0.04680748919827041,0.1987518002880412,-0.19618400000000003,-0.013635999999999995,-0.878173,0.11137199999999992,0.093726,-0.8912450000000001,0.30755599999999994,0.107362,0.013072000000000084,0.36928,0.6441433439919275,0.36928,0.63072,0.3558566560080725,-0.878173
591,2.4625,jog,-0.703864,-0.085571,0.937235,0.000852,0.042386,-0.978319,-1.3405327573794927,0.34917206623472,0.5533957283417652,0.33542967120213835,-1.0879481577989274,0.8823567769840709,-4.385649148068365,1.2414206863451485,-0.6076313894888685,-0.07439404847610645,0.07247420206383824,0.2015838732901461,-0.20887299999999998,-0.00991800000000001,-0.883011,0.11664800000000008,0.09257299999999999,-0.892711,0.32552100000000006,0.102491,0.009700000000000042,0.403,0.6220558448655226,0.403,0.597,0.37794415513447743,-0.883011
592,2.466667,jog,-0.708188,-0.084548,0.937469,0.007955,0.039756,-0.977936,-1.0376769858410682,0.2455003599711864,0.05615550755938138,-1.9173547137640798,-3.0345311104039334,-1.2219807167392218,-4.347252219822147,1.2138228941683942,-0.5613150947923826,-0.07415406767458241,0.065994720422362,0.20806335493159273,-0.22266399999999997,-0.005882999999999999,-0.885584,0.12066300000000008,0.091825,-0.892078,0.34332700000000005,0.097708,0.006494,0.43506,0.615781859769081,0.43506,0.56494,0.38421814023091905,-0.885584
593,2.470833,jog,-0.713965,-0.083086,0.938783,0.018515,0.039831,-0.978345,-1.386701872299659,0.3509361497839944,0.3154104656745419,-1.0217096003284838,-5.014517292168265,1.0897057116982198,-4.293566970715651,1.1742678828613493,-0.5064810369659548,-0.08881421027364637,0.05040806529045049,0.1910705712914213,-0.23477400000000004,-0.0024530000000000107,-0.889008,0.12607000000000002,0.09057299999999999,-0.8925960000000001,0.36084400000000005,0.093026,0.0035880000000000356,0.46412,0.6389179063545863,0.46412,0.53588,0.36108209364541366,-0.889008
594,2.475,jog,-0.7199,-0.081764,0.93981,0.024393,0.042249,-0.978191,-1.4242860571153497,0.3172546196304078,0.24646028317733082,0.5644104610655262,-3.00338238226892,0.06931474292520709,-4.246220302375549,1.1711063114950113,-0.4434845212382745,-0.08879289656829133,0.0695944324454002,0.20590352771776946,-0.246533,0.0011050000000000088,-0.891883,0.13163499999999995,0.08954100000000001,-0.892765,0.37816799999999995,0.088436,0.0008820000000000494,0.49118,0.60869227002053,0.49118,0.50882,0.39130772997947005,-0.891883
595,2.479167,jog,-0.725718,-0.080487,0.942078,0.02358,0.041083,-0.978344,-1.3962083033357944,0.3064554835613292,0.544276457883379,-0.47643523576938857,0.48836614570206904,0.20545843717647833,-4.193184545236563,1.1245500359971705,-0.38372930165588415,-0.08927285817133307,0.06743460523158434,0.21430285577154923,-0.258188,0.004514000000000004,-0.8957499999999999,0.137081,0.088545,-0.8941399999999999,0.395269,0.084031,0.0016100000000000003,0.5,0.5809842961726086,0.5,0.5,0.4190157038273914,-0.8941399999999999
596,2.483333,jog,-0.731641,-0.079366,0.944381,0.022846,0.042086,-0.978408,-1.4217474795966993,0.26908305328851806,0.5528084493518943,0.5359268512389381,0.2399068416179041,0.23539317843450902,-4.099135861737768,1.0928948631780788,-0.29908785405664184,-0.09433509361499687,0.0796927508401324,0.22395583293326232,-0.26934199999999997,0.007946000000000009,-0.8992990000000001,0.14261099999999993,0.087756,-0.89551,0.4119529999999999,0.07980999999999999,0.0037890000000000423,0.5,0.5358658748249461,0.5,0.5,0.4641341251750539,-0.89551
597,2.4875,jog,-0.737748,-0.078276,0.946819,0.021689,0.042997,-0.978438,-1.4655627549796622,0.26157907367411987,0.5850731941444808,0.536503850454423,0.4514185608732058,0.13674940412674647,-3.9875209983203077,1.0647948164147345,-0.22270218382530374,-0.0988720902327782,0.07919366450684318,0.21862251019919454,-0.27985099999999996,0.011292999999999997,-0.9026649999999999,0.14830599999999994,0.086996,-0.897037,0.4281569999999999,0.075703,0.005627999999999966,0.5,0.5226000359266245,0.5,0.5,0.4773999640733755,-0.897037
598,2.491667,jog,-0.743617,-0.077129,0.949357,0.020178,0.046674,-0.978567,-1.4084473242139801,0.27525797936163315,0.6090712742980287,1.8562872884573354,0.32974529048246026,0.6900455423341145,-3.8459323254137554,0.9896808255338977,-0.14398848092151664,-0.1041516678665486,0.09191264698823526,0.22414206863449496,-0.29000800000000004,0.014270000000000005,-0.905803,0.15374100000000002,0.086232,-0.898641,0.44374900000000006,0.071962,0.007162000000000002,0.5,0.4888879588398593,0.4888879588398593,0.5,0.5111120411601406,-0.898641
599,2.495833,jog,-0.749452,-0.075892,0.951495,0.01944,0.048888,-0.978431,-1.400624099855947,0.2969275084013366,0.5132021123379537,1.1158924017250722,0.137989395829009,-0.07370080541270302,-3.7469995199230617,0.938790206433003,-0.016802688430148514,-0.1159385501680264,0.09217474795967118,0.22491598655784317,-0.2997829999999999,0.016944,-0.908011,0.15909300000000004,0.085379,-0.899842,0.45887599999999995,0.068435,0.008168999999999982,0.5,0.4694684894117203,0.4694684894117203,0.5,0.5305315105882797,-0.899842
600,2.5,jog,-0.755883,-0.07483,0.952629,0.019843,0.047541,-0.97889,-1.5433165346772877,0.25485961123111495,0.2721382289416895,-0.7003729659758471,-0.10209389202655296,0.9480540992068376,-3.592512598992281,0.8701703863691296,0.09623230141589079,-0.12023038156950026,0.10559155267579062,0.23302135829134724,-0.3083220000000001,0.01950799999999999,-0.908744,0.16502299999999992,0.084757,-0.9000049999999999,0.473345,0.065249,0.008739000000000052,0.5,0.4414887780765965,0.4414887780765965,0.5,0.5585112219234035,-0.9000049999999999
601,2.504167,jog,-0.761944,-0.073717,0.954396,0.018865,0.04804,-0.978996,-1.4545236381090136,0.2670986321094408,0.42404607631393204,0.3196217344702106,0.40055937985961537,0.2960071410141443,-3.449484041276828,0.8368130549556427,0.15406767458603937,-0.12502999760019617,0.09839212862971428,0.1987041036717159,-0.316635,0.021882000000000006,-0.909869,0.1705629999999999,0.084054,-0.900944,0.4871979999999999,0.062172,0.008925000000000072,0.5,0.48649630201254407,0.48649630201254407,0.5,0.5135036979874559,-0.900944
602,2.508333,jog,-0.76825,-0.072763,0.955792,0.017911,0.049471,-0.979017,-1.5136821891502308,0.2289966394623102,0.33509361497837603,0.7590507242982837,0.30450645895658823,0.2113182069451489,-3.2878060489677616,0.7750840134421285,0.26668266922706924,-0.14234277484396027,0.0900144023043659,0.2352376380220775,-0.32402600000000004,0.02415699999999999,-0.910154,0.176276,0.083475,-0.9013599999999999,0.500302,0.059318,0.00879400000000008,0.5,0.4298751446145928,0.4298751446145928,0.5,0.5701248553854072,-0.9013599999999999
603,2.5125,jog,-0.774272,-0.071518,0.95739,0.017714,0.049504,-0.979104,-1.4451643868489572,0.2987760979121479,0.3834893208543055,0.028444421033581108,0.08022563822719697,0.21053584883086768,-3.1545476361889038,0.6873050155987115,0.28125749940003075,-0.12910967122630326,0.053515718742497574,0.19942404607630138,-0.331149,0.025776,-0.91058,0.18175999999999992,0.082453,-0.902127,0.512909,0.056677,0.008452999999999933,0.5,0.5095992299603338,0.5,0.5,0.4904007700396662,-0.902127
604,2.516667,jog,-0.780334,-0.070098,0.958863,0.017395,0.050161,-0.979041,-1.4547636189105564,0.3407727381809622,0.353491720662377,0.3418162005751923,0.09160758369824673,-0.07548285147042134,-3.0295176385890437,0.5620350371970492,0.33573314134870846,-0.1528677705783604,0.06767458603312027,0.22078233741301637,-0.337711,0.026697999999999993,-0.9106540000000001,0.18718499999999993,0.081315,-0.90268,0.5248959999999999,0.054617,0.007974000000000037,0.5,0.45870091087950304,0.45870091087950304,0.5,0.541299089120497,-0.90268
605,2.520833,jog,-0.786319,-0.06895,0.960026,0.017642,0.050885,-0.979101,-1.4366298607776895,0.2755640902544323,0.27916466634661385,0.31128792844627656,-0.19616739695353783,0.24452909415208351,-2.8725396063369497,0.5674507921267242,0.2659625540086336,-0.16994719155062687,0.07177148343734817,0.23355736917906264,-0.343693,0.027913999999999994,-0.910709,0.19246200000000002,0.080466,-0.9028700000000001,0.536155,0.052552,0.00783899999999993,0.5,0.4255638595369379,0.4255638595369379,0.5,0.574436140463062,-0.9028700000000001
606,2.525,jog,-0.792486,-0.067876,0.961051,0.017239,0.051561,-0.97909,-1.47996160307183,0.2577393808495418,0.24598032157427152,0.3551387461736727,0.12353353306150865,0.055414978124108706,-2.6993040556756513,0.48836093112553275,0.2282217422606297,-0.1603071754259737,0.07055435565155088,0.21718262538997946,-0.3487739999999999,0.028875000000000005,-0.910783,0.19796100000000005,0.079686,-0.90299,0.546735,0.050811,0.00779300000000005,0.5,0.4570592463437491,0.4570592463437491,0.5,0.5429407536562509,-0.90299
607,2.529167,jog,-0.798576,-0.066853,0.961894,0.017646,0.052551,-0.97912,-1.4614830813533857,0.24550035997118974,0.20230381569474126,0.4224838306445684,-0.2952437075568566,0.2114683493616917,-2.5457163426924176,0.42644588432922786,0.21790256779456293,-0.18934485241180504,0.04751619870410084,0.2479001679865458,-0.35329199999999994,0.029628999999999996,-0.910718,0.20326199999999994,0.078861,-0.9028,0.5565539999999999,0.049232,0.00791799999999998,0.5,0.42081999999999997,0.42081999999999997,0.5,0.57918,-0.9028
608,2.533333,jog,-0.804901,-0.066184,0.961818,0.018732,0.05784,-0.978796,-1.518242918867145,0.16058569371100384,-0.018242918867038414,2.392529342693526,-1.009226299406559,-0.024295755394022293,-2.3670187229958954,0.3708593374940279,0.18482957273165168,-0.19443110897744637,0.06265002400384577,0.23043686989920273,-0.35682800000000003,0.030505000000000004,-0.9098719999999999,0.208777,0.07845300000000001,-0.9017639999999999,0.565605,0.047948000000000005,0.008108000000000004,0.5,0.41891999999999996,0.41891999999999996,0.5,0.58108,-0.9017639999999999
609,2.5375,jog,-0.810865,-0.065284,0.96234,0.019856,0.059125,-0.978892,-1.4312455003598767,0.2159827213822791,0.12526997840172563,0.4867003807876648,-0.6749374664439908,0.4483423778331365,-2.209743220542194,0.33309335253177724,0.1473482121430204,-0.21934245260377122,0.05063594912406684,0.24094072474200548,-0.36007199999999995,0.030992999999999993,-0.9097799999999999,0.213827,0.077764,-0.9012819999999999,0.5738989999999999,0.046771,0.008498000000000006,0.5,0.41502,0.41502,0.5,0.58498,-0.9012819999999999
610,2.541667,jog,-0.817072,-0.064426,0.962531,0.020497,0.06057,-0.978884,-1.489560835133275,0.2059035277177914,0.04583633309336716,0.6147938851924045,-0.4495016950553421,0.21471433804728635,-2.059515238781013,0.3052555795536502,0.10247180225582345,-0.2195824334053374,0.05015598752100082,0.20926325893929387,-0.36244699999999996,0.031407,-0.909544,0.21911900000000006,0.077115,-0.900601,0.581566,0.045708,0.008943000000000034,0.5,0.41057,0.41057,0.5,0.58943,-0.900601
611,2.545833,jog,-0.823178,-0.063115,0.963088,0.02045,0.058904,-0.97885,-1.4656745079212141,0.3146903504560626,0.13370139222275912,-0.7707793276444406,0.19704907568853436,-0.3415144465211026,-1.9222275564089764,0.3005280844935115,0.021843494959193067,-0.24963994239078552,0.056168987037924493,0.2537205952952409,-0.36434900000000003,0.03134800000000001,-0.9100100000000001,0.22418499999999997,0.07603800000000001,-0.900101,0.588534,0.044689999999999994,0.009909000000000057,0.5,0.40091,0.40091,0.5,0.59909,-0.900101
612,2.55,jog,-0.829232,-0.062323,0.96314,0.020925,0.059763,-0.97886,-1.4528437724982675,0.1900647948164236,0.012479001679852017,0.35526048900699786,-0.3137708235208948,0.16835786543131379,-1.7245020398368713,0.27165826733862475,-0.07295416366690967,-0.2656587473002207,0.06263498920086658,0.2752579793616625,-0.36548099999999994,0.03168800000000001,-0.910366,0.229132,0.075507,-0.899006,0.594613,0.043819,0.011360000000000037,0.5,0.3864000000000001,0.3864000000000001,0.5,0.6135999999999999,-0.899006
613,2.554167,jog,-0.835305,-0.061448,0.963252,0.020441,0.060353,-0.978887,-1.457403407727292,0.20998320134387988,0.026877849772016838,0.31896338661230755,0.16507391401717755,0.14542036579514175,-1.54331653467715,0.21574274058074053,-0.10631149508038684,-0.27861771058315526,0.04127669786416842,0.27093832493398995,-0.365839,0.031712000000000004,-0.910921,0.23404399999999992,0.07480400000000001,-0.897989,0.5998829999999999,0.043092,0.012931999999999944,0.5,0.37068,0.37068,0.5,0.62932,-0.897989
614,2.558333,jog,-0.841062,-0.060181,0.963144,0.021423,0.061631,-0.978659,-1.3819011041766334,0.3041286605856864,-0.025924147863656752,0.5218703124143286,-0.5644528848654446,-0.3360524973758918,-1.3509361497839203,0.19755160825731513,-0.1941910705712871,-0.2868458953432341,0.012241958713393975,0.26332213154103956,-0.36571,0.031268,-0.911622,0.23860599999999998,0.073588,-0.896784,0.604316,0.04232,0.014838000000000018,0.5,0.35161999999999993,0.35161999999999993,0.5,0.6483800000000001,-0.896784
615,2.5625,jog,-0.847077,-0.05925,0.96293,0.021674,0.0622,-0.978613,-1.4434845212383651,0.22342212622991212,-0.051355891528691446,0.2454237883032743,-0.1708178578161987,-0.01808887131042792,-1.1984641228702113,0.15454763618911246,-0.1718262538996962,-0.2860571154307716,0.00719942404607635,0.24046076313896056,-0.36468899999999993,0.030980999999999998,-0.9121239999999999,0.243429,0.072687,-0.8955679999999999,0.6081179999999999,0.041706,0.016556000000000015,0.5,0.33443999999999996,0.33443999999999996,0.5,0.66556,-0.8955679999999999
616,2.566667,jog,-0.852922,-0.058361,0.962382,0.02224,0.062811,-0.978608,-1.4026877849772632,0.21334293256540307,-0.13150947924166498,0.23173780363950502,-0.3300958240101969,0.09983960915802943,-1.0455963522919043,0.1747060235181264,-0.16174706023518715,-0.3141348692104786,0.028077753779699094,0.28005759539238173,-0.3632010000000001,0.030820000000000004,-0.91225,0.247965,0.071915,-0.893853,0.6111660000000001,0.041095,0.018396999999999997,0.5,0.31603,0.31603,0.5,0.68397,-0.893853
617,2.570833,jog,-0.858793,-0.057479,0.961667,0.02321,0.063776,-0.978558,-1.4092654824771746,0.2117138742198696,-0.17162746039363672,0.3623512034759193,-0.5517278877882633,0.05906755488579877,-0.9452712433989172,0.19371099375899584,-0.13298127700431847,-0.301488238118099,0.00048007681229001695,0.2395583293326864,-0.36126800000000003,0.030745,-0.912089,0.25258,0.071035,-0.89214,0.6138480000000001,0.04029,0.019948999999999995,0.5,0.30050999999999994,0.30050999999999994,0.5,0.6994900000000001,-0.89214
618,2.575,jog,-0.865355,-0.056678,0.960274,0.023309,0.066889,-0.97811,-1.5747540196783194,0.1922246220302266,-0.3342932565394777,1.4798489088005482,-0.30553091720139763,-0.5704847525309751,-0.8521718262538142,0.20182385409166073,-0.15334773218141465,-0.31413486921044514,0.015118790496759056,0.2416606671466121,-0.35825699999999994,0.030785,-0.911335,0.257833,0.070297,-0.88974,0.6160899999999999,0.039512,0.02159500000000003,0.5,0.28405,0.28405,0.5,0.71595,-0.88974
619,2.579167,jog,-0.871242,-0.055853,0.959345,0.023762,0.067888,-0.97807,-1.4127669786417674,0.19798416126710752,-0.22294216462682986,0.4255245348310943,-0.3132514631429576,0.08535929890628367,-0.7259419246460748,0.16414686825054758,-0.19894408447325201,-0.30381569474443176,-0.009119270458363709,0.2342212622990279,-0.355395,0.030644,-0.911235,0.26245399999999997,0.069434,-0.887835,0.617849,0.03879,0.023399999999999976,0.5,0.26599999999999996,0.26599999999999996,0.5,0.734,-0.887835
620,2.583333,jog,-0.877101,-0.054885,0.958353,0.023994,0.068506,-0.977961,-1.4063850216034322,0.23235717714833656,-0.23811809889581512,0.2753511711279034,-0.15849108688969482,-0.15019566821269392,-0.5955352856456764,0.2268362938070024,-0.3482957273163613,-0.21387421987516822,-0.03528564570331146,0.25276044167066,-0.3520169999999999,0.030621000000000002,-0.911694,0.26742200000000005,0.068319,-0.88579,0.619439,0.037698,0.025904000000000038,0.5,0.24096,0.24096,0.5,0.7590399999999999,-0.88579
621,2.5875,jog,-0.88289,-0.054166,0.957201,0.024385,0.069074,-0.977974,-1.38924886009124,0.17254619630430457,-0.2764578833693531,0.22585192742127685,-0.2470064002968163,0.14135429133300215,-0.4552435805135887,0.28989680825535297,-0.3976481881449663,-0.3614110871130492,0.005279577633789406,0.24310055195585464,-0.348125,0.03111,-0.912199,0.271705,0.067622,-0.883625,0.61983,0.036512,0.02857399999999999,0.5,0.21426,0.21426,0.5,0.78574,-0.883625
622,2.591667,jog,-0.888653,-0.05326,0.955633,0.025786,0.070823,-0.977811,-1.3830093592511934,0.21742260619149073,-0.3762898968082357,0.695070646157176,-0.8232302022248214,-0.04643122681126536,-0.34101271898248864,0.1917446604271544,-0.34869210463160893,-0.3369330453563682,0.0002399808015361025,0.2231821454283522,-0.34378300000000006,0.031003000000000003,-0.912084,0.276064,0.066717,-0.881127,0.619847,0.035713999999999996,0.030957000000000012,0.5,0.19043,0.19043,0.5,0.80957,-0.881127
623,2.595833,jog,-0.89433,-0.052449,0.954329,0.025664,0.071201,-0.977782,-1.3626980316851613,0.19467114738359662,-0.31301008161307614,0.1901858700864591,0.02229066128902141,-0.005629440984922225,-0.24171867498801247,0.17066730676909653,-0.33053288526166713,-0.377580412866073,0.0028804608737399923,0.2148343734997753,-0.3391130000000001,0.030903000000000003,-0.912157,0.280168,0.065918,-0.8789279999999999,0.6192810000000001,0.035015,0.033229000000000064,0.5,0.16771000000000008,0.16771000000000008,0.5,0.83229,-0.8789279999999999
624,2.6,jog,-0.89998,-0.051622,0.952799,0.025925,0.071933,-0.977728,-1.3558915286776336,0.19846412287015863,-0.3671706263498772,0.32046398569768547,-0.19299422059224347,0.010986765605284237,-0.10991120710338842,0.12191024718021769,-0.3563714902807559,-0.4017278617710493,-0.005279577633788843,0.23902087832972163,-0.3339209999999999,0.030584,-0.9121119999999999,0.28414399999999995,0.065069,-0.8764019999999999,0.6180649999999999,0.034485,0.03571000000000002,0.5,0.14289999999999997,0.14289999999999997,0.5,0.8571,-0.8764019999999999
625,2.604167,jog,-0.9055,-0.050835,0.951173,0.026362,0.072751,-0.97767,-1.324694024478095,0.18886489080874463,-0.39020878329733133,0.3439639775618041,-0.2850501293322186,0.02390683143258725,-0.03263738900891342,0.06455483561315435,-0.2589392848572241,-0.40604751619870244,-0.016558675305976604,0.24958003359732342,-0.3285370000000001,0.030066,-0.9115650000000001,0.287972,0.06421299999999999,-0.8737360000000001,0.6165090000000001,0.034147,0.037829,0.5519112215793889,0.12170999999999993,0.12170999999999993,0.4480887784206111,0.87829,-0.8737360000000001
626,2.608333,jog,-0.911013,-0.050047,0.949529,0.025895,0.073009,-0.977634,-1.3233317330772538,0.18915026404224086,-0.3946231397023631,0.1680402900540564,0.19973840159122874,-0.05373518582651144,0.048487758041293794,0.0892942870859315,-0.3108497359577441,-0.4548727796447259,0.0076812289966394385,0.06913106096975245,-0.32282200000000005,0.029650000000000003,-0.9112159999999999,0.29159,0.063457,-0.8718039999999999,0.6144120000000001,0.033807,0.039412,0.5,0.10587999999999997,0.10587999999999997,0.5,0.89412,-0.8718039999999999
627,2.6125,jog,-0.91642,-0.049279,0.947574,0.025612,0.074203,-0.977534,-1.2975761939045591,0.18430525557956154,-0.4691624670026442,0.5914253008040427,0.022614963861130554,-0.026389264651941226,0.13270938324935228,0.1442284617230681,-0.33189344852413377,-0.587952963762941,0.04727621790256978,0.32205423566116087,-0.316862,0.029483000000000002,-0.910644,0.294547,0.062886,-0.868507,0.611409,0.033403,0.04213699999999998,0.5,0.07863000000000003,0.07863000000000003,0.5,0.92137,-0.868507
628,2.616667,jog,-0.921802,-0.048595,0.945687,0.025001,0.074715,-0.977492,-1.2915766738660115,0.16414686825053093,-0.4528437724981658,0.30018769584169747,0.2412862907936005,-0.018114999193192007,0.15598752099832008,0.1502279817614503,-0.30093592512597117,-0.5166786657067025,0.04679625629949336,0.3098152147827986,-0.31082999999999994,0.029425,-0.910011,0.29777600000000004,0.062397,-0.865329,0.608606,0.032972,0.044682,0.5,0.053180000000000005,0.053180000000000005,0.5,0.94682,-0.865329
629,2.620833,jog,-0.927093,-0.047825,0.943481,0.025307,0.075951,-0.97739,-1.2700432069130556,0.18482957273163197,-0.5295247239558284,0.5548683427177035,-0.26112845953240293,-0.003377923413633871,0.08593374939986766,-0.08353336533845213,-0.3348535765722425,-0.49327892462793393,0.04368698991838572,0.2923667786845808,-0.30518100000000015,0.028307,-0.9092,0.30101199999999995,0.061809,-0.861905,0.6061930000000001,0.033502000000000004,0.047294999999999976,0.5,0.027050000000000074,0.027050000000000074,0.5,0.97295,-0.861905
630,2.625,jog,-0.93225,-0.047161,0.941606,0.023853,0.075214,-0.97745,-1.2375809935205937,0.1593472522198292,-0.44996400287978056,-0.20931940401148286,0.758128800626929,-0.028653985452225066,0.10319174466046847,0.1413486921046379,-0.18454523638109765,-0.3570914326854122,0.08663306935445565,0.1965442764578924,-0.2995939999999999,0.028232,-0.9080940000000001,0.304681,0.061506000000000005,-0.8592110000000001,0.6042749999999999,0.033274,0.04888300000000001,0.5761127862380324,0.011170000000000069,0.011170000000000069,0.4238872137619676,0.9888299999999999,-0.8592110000000001
631,2.629167,jog,-0.937355,-0.046505,0.939392,0.023209,0.07539,-0.977461,-1.2251019918407149,0.1574274058075435,-0.5313174946004681,0.1422440611121067,0.28422531781537363,0.04553201369997393,0.03887688984881279,0.09767218622510672,-0.15766738660907795,-0.44708423326134705,0.05711543076554145,0.3184545236381256,-0.2943269999999999,0.027982999999999997,-0.906537,0.30792300000000006,0.061087999999999996,-0.85567,0.60225,0.033105,0.050866999999999996,0.684166564087769,0.0,0.0,0.315833435912231,1.0,-0.85567
632,2.633333,jog,-0.942398,-0.045679,0.937354,0.02261,0.075063,-0.977537,-1.2105136821890952,0.19827172347575078,-0.4891982717234586,-0.10196757313623042,0.3059052902195151,0.11293199913689943,-0.012962073931828376,0.10393662986077472,-0.19275084013441746,-0.6569851176187985,0.06024963994238901,0.48823811809888107,-0.289338,0.027589999999999996,-0.905302,0.310229,0.060513,-0.8515980000000001,0.599567,0.032923,0.053703999999999974,0.6343813281271136,0.0,0.0,0.36561867187288644,1.0,-0.8515980000000001
633,2.6375,jog,-0.94747,-0.044981,0.935165,0.02186,0.07472,-0.97763,-1.217182625389913,0.16750659947203136,-0.5253179745620022,-0.09652381260975612,0.37623943312928204,0.14744935947068927,-0.07463402927764129,0.045836333093349786,-0.15718742500598895,-0.6193904487640745,0.07751379889608367,0.48572114230858526,-0.28457699999999986,0.027083,-0.903768,0.31272,0.060138,-0.847385,0.5972969999999999,0.033055,0.05638299999999996,0.7000968010911515,0.0,0.0,0.29990319890884853,1.0,-0.847385
634,2.641667,jog,-0.952388,-0.043888,0.934649,0.019075,0.06233,-0.978416,-1.1802255819534924,0.2622990160787249,-0.12383009359253552,-5.573505897509146,2.5021690313970346,-0.2848699905336396,-0.09959203263740657,0.15550755939525532,-0.18934485241181606,-0.5987520998320202,0.10031197504200122,0.48980081593474784,-0.28007399999999993,0.026638000000000002,-0.904041,0.31514300000000006,0.059463,-0.8448279999999999,0.595217,0.032825,0.05921300000000007,0.5591906209130391,0.0,0.0,0.44080937908696094,1.0,-0.8448279999999999
635,2.645833,jog,-0.957418,-0.043549,0.93373,0.014892,0.060778,-0.978983,-1.2073931829092275,0.0813730196831485,-0.22059529524723429,-0.3704075197439004,2.0565471568764746,1.0995408331920626,-0.12530004800770983,0.13394143062889766,-0.1629860777724389,-0.6747479596735312,0.15386461833893025,0.48871819491117147,-0.2755660000000001,0.026857,-0.903801,0.31736200000000003,0.059765,-0.841873,0.5929280000000001,0.032908,0.06192799999999998,0.5910553201725823,0.0,0.0,0.40894467982741767,1.0,-0.841873
636,2.65,jog,-0.961912,-0.043046,0.931639,0.014141,0.059586,-0.979284,-1.0784737221022807,0.12071034317255087,-0.501799856011531,-0.5067252617116259,0.43416363088524884,0.5554721313364925,-0.11207103431725858,0.120950323974087,-0.15166786657068143,-0.9054475641949121,-0.0652747780177619,0.6880249580033931,-0.2715390000000001,0.026858,-0.902342,0.318083,0.05899,-0.836915,0.5896220000000001,0.032132,0.06542700000000001,0.6266070012243624,0.0,0.0,0.3733929987756376,1.0,-0.836915
637,2.654167,jog,-0.966044,-0.042978,0.930241,0.009302,0.056297,-0.979989,-0.9916006719461898,0.01631869450443832,-0.3354931605471383,-1.1334946752499384,2.5177289429756162,1.2690089357475642,-0.10559155267577854,0.09887209023277599,-0.12958963282936548,-0.7955363570914005,0.14278857691383862,0.6016318694504063,-0.26784700000000006,0.027202000000000004,-0.901484,0.31889999999999996,0.059517,-0.83301,0.586747,0.032314999999999997,0.06847399999999992,0.6763114530210248,0.0,0.0,0.3236885469789752,1.0,-0.83301
638,2.658333,jog,-0.970323,-0.042989,0.928966,0.002143,0.055146,-0.980329,-1.0271243398944723,-0.002640422467594334,-0.3060489678348841,0.09934828524045995,3.442639496183625,0.7831023952798858,-0.0998559769563142,0.09025444071052031,-0.12914066250601125,-0.8646183389342965,0.1317810849736056,0.6291406625060504,-0.263984,0.027589,-0.900747,0.319577,0.060077,-0.8291139999999999,0.583561,0.032488,0.07163300000000006,0.6891124224527088,0.0,0.0,0.31088757754729124,1.0,-0.8291139999999999
639,2.6625,jog,-0.974756,-0.042329,0.926982,0.002293,0.053533,-0.980649,-1.0638348932084567,0.15838732901366948,-0.4761219102471478,-0.7822931026359974,0.04477415192846615,0.5866882277369647,-0.09791216702662325,0.08807295416366179,-0.1295896328293663,-0.8924886009118527,0.16198704103670766,0.6515478761698689,-0.25995900000000005,0.027296,-0.899303,0.320291,0.060092,-0.824415,0.58025,0.032796,0.07488799999999995,0.6920628191596097,0.0,0.0,0.30793718084039035,1.0,-0.824415
640,2.666667,jog,-0.979039,-0.041631,0.925189,0.001847,0.050679,-0.981045,-1.0278377729782175,0.1675065994720492,-0.43028557715383137,-1.3145761024548244,0.43550846023208806,0.6446887260934194,-0.10535157187427364,0.06503479721622535,-0.13198944084473807,-0.9280057595392948,0.1847852171826338,0.683945284377279,-0.2561150000000001,0.026869,-0.8980600000000001,0.32070699999999996,0.060164,-0.8197720000000001,0.5768220000000001,0.033295000000000005,0.07828800000000002,0.6983854048631561,0.0,0.0,0.30161459513684385,1.0,-0.8197720000000001
641,2.670833,jog,-0.983421,-0.040855,0.923474,0.001987,0.047361,-0.981384,-1.0518482957272868,0.1862698031685016,-0.41166586653864023,-1.584330857976147,0.21011100230842544,0.4531503739475199,-0.10129620739316152,0.07441190590494305,-0.10393662986077472,-0.9577532405184419,0.2592414786365742,0.6886701872299371,-0.252155,0.026403000000000003,-0.896778,0.321099,0.060468,-0.815188,0.573254,0.034065,0.08158999999999994,0.7281704149069976,0.0,0.0,0.27182958509300237,1.0,-0.815188
642,2.675,jog,-0.987945,-0.040177,0.921948,0.001434,0.043916,-0.981697,-1.085673146148351,0.16270698344133333,-0.3662107031437718,-1.5811704211361894,0.5503028528727457,0.4145376997924586,-0.0897528197744453,0.07199424046076641,-0.06623470122390558,-1.0235181185505806,0.22990160787138092,0.6911447084233595,-0.24800500000000014,0.026025,-0.895528,0.3213579999999999,0.060747999999999996,-0.810782,0.5693630000000001,0.034723,0.08474599999999999,0.7787298347971249,0.0,0.0,0.22127016520287512,1.0,-0.810782
643,2.679167,jog,-0.992395,-0.039372,0.919986,0.002532,0.040601,-0.981925,-1.0679145668346037,0.19318454523636935,-0.4708423326133669,-1.6647403751261125,-0.23217157990452794,0.21442260287461512,-0.05999520038393238,0.07223422126229442,-0.039116870650345574,-1.0657547396207456,0.26397888168944883,0.6652267818574101,-0.24380499999999994,0.025520999999999995,-0.893729,0.32136700000000007,0.061043,-0.806048,0.565172,0.035522,0.08768100000000001,0.830463570286877,0.0,0.0,0.169536429713123,1.0,-0.806048
644,2.683333,jog,-0.996345,-0.038304,0.91993,-0.003809,0.033863,-0.981961,-0.9481517042726598,0.25636101776283493,-0.013442150744105485,-2.612936605569263,3.6094147116345567,-0.41927230173310165,-0.04464714354297033,0.06793086893902844,-0.025204032645221936,-1.098175708113267,0.3552568410945659,0.8415746519442903,-0.24004099999999995,0.024735999999999998,-0.8937780000000001,0.3207420000000001,0.061454999999999996,-0.802486,0.560783,0.036719,0.09129200000000004,0.8581548806019252,0.0,0.0,0.14184511939807476,1.0,-0.802486
645,2.6875,jog,-1.000587,-0.038019,0.919963,-0.009205,0.033584,-0.982319,-1.0179985601152028,0.06839452843772824,0.007919366450672245,0.34810249453892805,2.53427873751063,1.0811622321558465,-0.04199664026878911,0.06863450923926394,-0.011039116870651068,-1.164626829853664,0.3189344852411945,0.6568274538037232,-0.23597400000000013,0.024736999999999995,-0.893857,0.32013099999999994,0.062499,-0.799782,0.5561050000000001,0.037762,0.09407500000000002,0.8646375672329142,0.0,0.0,0.13536243276708582,1.0,-0.799782
646,2.691667,jog,-1.005259,-0.037317,0.919313,-0.011475,0.031268,-0.982556,-1.1211903047756715,0.16846652267819207,-0.15598752099831006,-0.8909659844714138,1.2577067681716447,0.5349799782558559,-0.03719702423803991,0.045356371490282835,-0.002639788816894911,-1.2673386129110469,0.3515718742500763,0.6573074154067987,-0.23145700000000002,0.024224000000000002,-0.8932180000000001,0.31952199999999986,0.063262,-0.796393,0.5509789999999999,0.039038,0.09682500000000005,0.9021368936284568,0.0,0.0,0.09786310637154316,1.0,-0.796393
647,2.695833,jog,-1.009492,-0.036575,0.918773,-0.013483,0.028951,-0.982688,-1.016082573211723,0.17810849735957257,-0.12962073931831042,-0.9160018392634244,1.1430291681885256,0.2724272844749223,-0.037205952952501925,0.018242918867018145,0.007921267402783823,-1.3463754200671678,0.3929428708593266,0.5888142102736302,-0.227379,0.023558000000000003,-0.8926449999999999,0.31814600000000004,0.064157,-0.7933999999999999,0.545525,0.040598999999999996,0.09924500000000003,0.9296865450453234,0.0,0.0,0.07031345495467656,1.0,-0.7933999999999999
648,2.7,jog,-1.013476,-0.036089,0.918004,-0.013761,0.027827,-0.982953,-0.9560835133188733,0.11663066954642926,-0.18454523638105635,-0.5011927173938869,0.21008475569169244,0.6375920808723075,-0.045836333093362276,0.005759539236861048,0.0067194624430042095,-1.3518118550515132,0.4427645788336662,0.5445164386848704,-0.22358600000000006,0.023096000000000005,-0.8918480000000001,0.31649700000000003,0.065516,-0.790362,0.5400830000000001,0.04242,0.10148600000000008,0.9221951711868883,0.0,0.0,0.07780482881311168,1.0,-0.790362
649,2.704167,jog,-1.015941,-0.035734,0.918866,-0.020946,0.027919,-0.982362,-0.5915526757859496,0.08519318454524055,0.20686345092391595,0.6598219665177693,3.4188617815240443,-1.1284327735890591,-0.0513558915286648,-0.0009599232061436797,0.003359731221502463,-1.5545956323494792,0.4334053275738144,0.5044396448284351,-0.22133500000000006,0.022737,-0.8926959999999999,0.312484,0.066967,-0.789122,0.533819,0.04423,0.10357399999999994,0.914208961210871,0.0,0.0,0.08579103878912897,1.0,-0.789122
650,2.708333,jog,-1.019367,-0.034963,0.919007,-0.022807,0.023097,-0.983016,-0.8223715794526729,0.18506961113777717,0.03384541526645556,-2.0878140118981996,1.2551119866903966,1.5822608116099313,-0.04728756601056105,-0.0007201152184348172,-0.0026404224675940524,-1.591454632741201,0.4831973115698373,0.49831973115697015,-0.21810600000000013,0.021963000000000003,-0.892848,0.3092799999999999,0.06820899999999999,-0.7871870000000001,0.527386,0.046245999999999995,0.1056609999999999,0.9210554995241318,0.0,0.0,0.0789445004758682,1.0,-0.7871870000000001
651,2.7125,jog,-1.022972,-0.034797,0.918694,-0.023495,0.022879,-0.983254,-0.8651307895368958,0.0398368130549573,-0.07511399088073482,-0.03094999132369949,0.32581176184833005,0.6727801730664027,-0.036957043436523764,-0.005759539236861662,0.0016798656107503988,-1.663786897048304,0.439644828413747,0.4106071514279089,-0.21465500000000004,0.021773,-0.892528,0.305952,0.06987499999999999,-0.785163,0.520607,0.048102,0.10736499999999993,0.9375985821862409,0.0,0.0,0.062401417813759075,1.0,-0.785163
652,2.716667,jog,-1.026579,-0.034107,0.918693,-0.02395,0.020461,-0.983578,-0.8656107511398359,0.16558675305974588,-0.00023998080154276333,-1.0880119635028322,0.4020634670402989,0.7930402501145091,-0.029517638588880662,-0.017998560115189372,0.0002399808015361025,-1.693544516438577,0.4761219102471511,0.3844492440604499,-0.211171,0.021008,-0.8925259999999999,0.30250199999999994,0.071169,-0.78356,0.5136729999999999,0.050161,0.1089659999999999,0.9423782268951473,0.0,0.0,0.057621773104852725,1.0,-0.78356
653,2.720833,jog,-1.029931,-0.032481,0.919089,-0.023198,0.01502,-0.983767,-0.8046087373980526,0.3903024483917725,0.09505520883343599,-2.630597039820253,0.10297830353575649,0.2615927756937018,-0.021843494959210383,-0.02664426308209524,0.0026404224675951665,-1.731156985117755,0.4841574651944706,0.34301488238120476,-0.20791000000000004,0.019271000000000003,-0.892911,0.29864199999999996,0.07156000000000001,-0.7825270000000001,0.506552,0.052289,0.11038399999999993,0.9424088438013185,0.0,0.0,0.05759115619868149,1.0,-0.7825270000000001
654,2.725,jog,-1.033293,-0.031973,0.919226,-0.024042,0.013899,-0.983935,-0.8068154547635906,0.12191024718021852,0.03287736981039942,-0.44805616571674184,0.48515537436158995,0.48378595380036077,-0.02327813774898196,-0.027117830573552524,0.003119750419966002,-1.8084953203742569,0.5394768418526189,0.30741540676744095,-0.20464499999999997,0.01865,-0.893035,0.29446800000000006,0.0733,-0.7813829999999999,0.49911300000000003,0.054650000000000004,0.11165200000000008,0.9402091312536549,0.0,0.0,0.059790868746345094,1.0,-0.7813829999999999
655,2.729167,jog,-1.03456,-0.032026,0.919895,-0.027311,0.01739,-0.982585,-0.3040556755459479,-0.012718982481401468,0.1605471562275165,1.8579977790373328,1.3080363204991043,-3.257666992092021,-0.034077273818116864,-0.026637868970483574,0.012239020878330877,-1.8773698104152583,0.5219582433405557,0.24862011039118226,-0.20352000000000015,0.018591999999999997,-0.893653,0.28791199999999995,0.075528,-0.781016,0.4914320000000001,0.056936,0.11263699999999999,0.9250809643269671,0.0,0.0,0.07491903567303293,1.0,-0.781016
656,2.733333,jog,-1.038868,-0.031261,0.920186,-0.027545,0.015533,-0.983561,-1.0340854536725541,0.18362938070090754,0.06985117618817144,-0.7956057009840419,0.21742549909734915,2.557423781410041,-0.02736437830051473,-0.02088334133461303,0.008161305808929039,-1.8324531925107588,0.5825732117138579,0.22539606337013193,-0.19932600000000011,0.01774,-0.89391,0.2845859999999999,0.07719,-0.780368,0.483912,0.059449999999999996,0.11354200000000003,0.9410383821273323,0.0,0.0,0.05896161787266774,1.0,-0.780368
657,2.7375,jog,-1.042967,-0.031231,0.919991,-0.025904,0.012714,-0.98432,-0.9836813054956233,0.00719942404607635,-0.04679625629948503,-1.426606893124996,-0.572273390731626,1.869990217291587,-0.013678905687539319,-0.017518598512119867,0.00887928965682758,-1.8550515958724185,0.6292296616270984,0.20518358531318304,-0.195284,0.017637,-0.893678,0.28095499999999995,0.07978199999999999,-0.779318,0.47623899999999997,0.062145,0.11436000000000002,0.9601093320768681,0.0,0.0,0.039890667923131895,1.0,-0.779318
658,2.741667,jog,-1.046251,-0.030461,0.920419,-0.026265,0.011744,-0.984544,-0.788096952243788,0.1847852171826141,0.1027117830573453,-0.4138631396676492,0.24111494913789214,0.6263510681572584,-0.0031197504199759933,-0.018478521718261576,0.014878809695223368,-1.9440844732420282,0.5865130789536483,0.11087113030957278,-0.192013,0.01679,-0.894044,0.276138,0.081456,-0.779284,0.468151,0.064666,0.11475999999999997,0.9601193591408244,0.0,0.0,0.03988064085917564,1.0,-0.779284
659,2.745833,jog,-1.049457,-0.030161,0.920765,-0.026093,0.010979,-0.984721,-0.7695631301008051,0.07201152184349255,0.0830532885261517,-0.36506850733030816,-0.02534744173741701,0.46481755168394606,0.0004800768123037582,-0.012481997119538776,0.01344215074411881,-1.9865578492558145,0.5943350936149618,0.06529044647143231,-0.1888049999999999,0.016438,-0.894334,0.2710680000000001,0.083632,-0.779358,0.459873,0.067194,0.11497599999999997,0.9694166829034785,0.0,0.0,0.030583317096521512,1.0,-0.779358
660,2.75,jog,-1.0525,-0.029461,0.921334,-0.026433,0.009367,-0.984673,-0.730261579073685,0.16798656107512147,0.13654907607393033,-0.7375542490989261,0.295905861215932,-0.13180196189658003,-0.008159347252241676,-0.012479001679866172,0.013918886489081276,-2.034077273818197,0.631629469642458,0.0350371970242414,-0.18579600000000007,0.015686,-0.894845,0.26563499999999995,0.085564,-0.779781,0.451431,0.069878,0.11506400000000006,0.9660050726167738,0.0,0.0,0.03399492738322618,1.0,-0.779781
661,2.754167,jog,-1.056106,-0.029545,0.921773,-0.026217,0.007907,-0.984662,-0.865370770338412,-0.020158387329013944,0.105351571874247,-0.7099697551357486,0.019453066721889418,-0.06417264809614415,-0.012239020878335873,-0.017278617710583737,0.01535877129829721,-2.0777537796977055,0.617950563954912,-0.008159347252221694,-0.1822410000000001,0.015697999999999997,-0.8952199999999999,0.260583,0.088223,-0.780254,0.4428240000000001,0.072525,0.1149659999999999,0.9564034877209758,0.0,0.0,0.04359651227902417,1.0,-0.780254
662,2.758333,jog,-1.059195,-0.029121,0.922274,-0.025678,0.007067,-0.984734,-0.7414786365818614,0.10177628420546944,0.12025924147865362,-0.4382148502355821,-0.18733454376097938,0.15440555936044012,-0.013682189150257365,-0.01536245799327846,0.018722995679307748,-2.119299087853993,0.6627460393662804,-0.057609217474798705,-0.17920899999999995,0.015210000000000001,-0.8956430000000001,0.25484300000000015,0.09056,-0.7809950000000001,0.4340520000000001,0.07535,0.11464799999999997,0.9536391573647531,0.0,0.0,0.04636084263524687,1.0,-0.7809950000000001
663,2.7625,jog,-1.061588,-0.029082,0.922738,-0.025616,0.009538,-0.984985,-0.5742740580752872,0.00935925125989884,0.11135109191261836,1.1811009040342384,-0.24168796763177644,0.7259521103308808,-0.010799136069077987,-0.011279097672185578,0.013678905687544521,-2.132469402447689,0.6731461483080932,-0.06983441324693256,-0.17686099999999993,0.015124,-0.8960499999999999,0.24834999999999996,0.09332599999999999,-0.78175,0.4252109999999999,0.078202,0.11429999999999996,0.9654010338567311,0.0,0.0,0.03459896614326885,1.0,-0.78175
664,2.766667,jog,-1.064443,-0.028731,0.923451,-0.02569,0.009258,-0.985109,-0.685145188384973,0.08423326133909687,0.17110631149510613,-0.11814331596242138,0.05311247142702316,0.35005518196123986,-0.00791936645072553,-0.011039116870651068,0.016078713702904764,-2.244780417566691,0.5699544036477348,-0.1888648908087463,-0.17403900000000005,0.014726999999999999,-0.896696,0.24185100000000004,0.09534999999999999,-0.78325,0.4158900000000001,0.080623,0.11344600000000005,0.9649166270544662,0.0,0.0,0.035083372945533764,1.0,-0.78325
665,2.770833,jog,-1.067345,-0.028269,0.924017,-0.024647,0.009919,-0.985256,-0.6965914546327127,0.11089774363897935,0.13586173787804606,0.2360572629626238,-0.5522236888846792,0.3482124683508869,-0.012481997119524618,-0.013442150744118394,0.014882381180988445,-2.21795487277959,0.6757081132981088,-0.17066730676907585,-0.17118900000000004,0.014209,-0.8972,0.23551299999999997,0.097703,-0.784527,0.406702,0.083494,0.11267300000000002,0.9606307742034303,0.0,0.0,0.03936922579656965,1.0,-0.784527
666,2.775,jog,-1.069511,-0.027695,0.924772,-0.024537,0.007553,-0.984996,-0.5197984161267606,0.1377489800815993,0.18118550515961018,-1.146004442162816,0.1508217892429486,-0.7719955677319298,-0.012239020878335873,-0.012958963282938012,0.017278617710583737,-2.126469882409506,0.7017038636909392,-0.18670506359492114,-0.16907399999999995,0.013581000000000001,-0.897883,0.22881800000000008,0.100053,-0.78606,0.397892,0.08647200000000001,0.111823,0.9586250548366468,0.0,0.0,0.04137494516335316,1.0,-0.78606
667,2.779167,jog,-1.072275,-0.02722,0.925537,-0.023489,0.006935,-0.985196,-0.6633069354451213,0.11399088072953463,0.1835853131749386,-0.3671547861039703,-0.4507521148363847,0.48458414161048746,-0.005039596832264814,-0.012239020878329156,0.023998080153586107,-2.223902087832844,0.7420206383488863,-0.1900647948164067,-0.166331,0.013055,-0.898548,0.22231500000000004,0.10267000000000001,-0.787617,0.38864600000000005,0.089615,0.110931,0.9543230236896003,0.0,0.0,0.045676976310399686,1.0,-0.787617
668,2.783333,jog,-1.07465,-0.026503,0.92633,-0.021997,0.006568,-0.985316,-0.570091214594384,0.17210753720596716,0.19035045607297058,-0.29005486610224335,-0.6787411491611345,0.23786335531858158,-0.0026404224675910027,-0.015602496399424924,0.03120499279885068,-2.2323571771485144,0.6932309169467668,-0.2671627460393815,-0.16396699999999997,0.012273,-0.899211,0.21539000000000008,0.104841,-0.789523,0.37935700000000006,0.09256800000000001,0.10968800000000001,0.9416866391268084,0.0,0.0,0.05831336087319161,1.0,-0.789523
669,2.7875,jog,-1.077226,-0.026111,0.927066,-0.02033,0.00604,-0.985577,-0.6181905447563606,0.0940724742020581,0.17662586993038495,-0.372227997435307,-0.7523063677273857,0.6334646539508325,0.00023998080156940654,-0.017758579313654103,0.031677465802733895,-2.323734101271756,0.7331413486920572,-0.28317734581232124,-0.16138999999999992,0.011806999999999998,-0.8998149999999999,0.208283,0.10750399999999999,-0.791439,0.3696729999999999,0.09569699999999999,0.10837599999999992,0.9394725367726021,0.0,0.0,0.06052746322739788,1.0,-0.791439
670,2.791667,jog,-1.080128,-0.025681,0.927801,-0.018836,0.005396,-0.985724,-0.6964242860571377,0.10319174466043184,0.1763858891288876,-0.4188982885011425,-0.6582072474719314,0.33168102500836677,0.005039596832265351,-0.011279097672186364,0.03239740820734482,-2.2618190544757493,0.7859371250300335,-0.29301655867531934,-0.1584669999999999,0.01133,-0.900415,0.20175999999999994,0.11034899999999999,-0.793395,0.36022699999999985,0.099019,0.10702,0.9422118899416,0.0,0.0,0.05778811005840001,1.0,-0.793395
671,2.795833,jog,-1.082395,-0.025089,0.928883,-0.017538,0.00432,-0.985846,-0.5441670667306666,0.14210273643782587,0.25972155544887127,-0.6087622917557935,-0.5303827429392626,0.2750150560921602,-0.004320691310627225,-0.009121459433509489,0.04056649063850081,-2.3154104656744283,0.770523283725376,-0.34109457513201313,-0.15621799999999997,0.0107,-0.901328,0.19438100000000003,0.112967,-0.795898,0.350599,0.102267,0.10543000000000002,0.9303279595708408,0.0,0.0,0.0696720404291592,1.0,-0.795898
672,2.8,jog,-1.085656,-0.024884,0.930315,-0.01671,0.007578,-0.986467,-0.7825773938085211,0.04919606431485714,0.34365250779938905,1.5056202451271858,-0.6654223589166615,1.7944540331354113,-0.01991840652749197,-0.005999520038396958,0.043676505879532014,-2.3258939284858355,0.7679385649148439,-0.3496520278377856,-0.15304000000000006,0.01047,-0.902578,0.18794999999999995,0.11596200000000001,-0.798787,0.34099,0.105492,0.10379099999999997,0.9193709742584671,0.0,0.0,0.08062902574153286,1.0,-0.798787
673,2.804167,jog,-1.087174,-0.024343,0.93126,-0.015097,0.003537,-0.986162,-0.3642908567314706,0.12982961363090156,0.22678185745138374,-2.0553871562081842,-0.43751049625129695,-1.0053221485673414,-0.025677945764356308,-0.014878809695223368,0.04679625629949253,-2.3431725461961603,0.8089752819773923,-0.3789296856251262,-0.151629,0.009867,-0.903328,0.17970400000000009,0.11879200000000001,-0.801311,0.3313330000000001,0.10892500000000001,0.10201700000000002,0.9076446253703829,0.0,0.0,0.09235537462961707,1.0,-0.801311
674,2.808333,jog,-1.089567,-0.024029,0.932466,-0.01385,0.004251,-0.986287,-0.5744119059048972,0.07537205952952308,0.2894863178108515,0.24373976413460918,-0.6489639113463455,0.311764845037728,-0.025204032645174467,0.021603456553047847,0.046327412385981016,-2.3581373019682634,0.825492078732574,-0.38190110417666,-0.14934099999999995,0.009642999999999999,-0.9043410000000001,0.1722729999999999,0.121917,-0.804108,0.32161399999999984,0.112274,0.10023300000000002,0.9050119636919236,0.0,0.0,0.0949880363080764,1.0,-0.804108
675,2.8125,jog,-1.091903,-0.023536,0.933644,-0.012249,0.004229,-0.986428,-0.5605951523878624,0.11831053515719209,0.28269738420927915,-0.13224030855275354,-0.7585536630288369,0.3493126004567449,-0.01271898248142145,-0.006719462443004926,0.05231581473482347,-2.3690904727622852,0.8725701943844891,-0.40148788096954263,-0.1470579999999999,0.009122000000000002,-0.905301,0.16473700000000002,0.12506,-0.806959,0.31179499999999993,0.115938,0.09834200000000004,0.9095709584159117,0.0,0.0,0.09042904158408827,1.0,-0.806959
676,2.816667,jog,-1.094363,-0.023211,0.935038,-0.01165,0.00377,-0.986486,-0.5903527717782623,0.07799376049916419,0.3345332373410295,-0.26276585193053226,-0.24847093143049326,0.14475930163410997,-0.009839212862961268,-0.006479481641469214,0.05615550755939819,-2.400767938565001,0.8744900407967748,-0.4072474202063997,-0.14463899999999996,0.008769999999999998,-0.9064610000000001,0.15719300000000003,0.128379,-0.81005,0.301832,0.119609,0.09641100000000002,0.9043700009097793,0.0,0.0,0.09562999909022074,1.0,-0.81005
677,2.820833,jog,-1.096731,-0.022483,0.936591,-0.01037,0.003661,-0.986802,-0.5684109457512868,0.17474795967354287,0.3727796447431284,-0.1423554510065055,-0.6027254421159374,0.8902216677884166,-0.016082573211722854,-0.006961113778204205,0.06168987037925823,-2.4241478636581384,0.8250120019202836,-0.4459913586173662,-0.14233800000000008,0.008013,-0.9077569999999999,0.14946199999999987,0.13108799999999998,-0.813461,0.29179999999999995,0.12307499999999999,0.09429599999999994,0.8931155040144163,0.0,0.0,0.1068844959855837,1.0,-0.813461
678,2.825,jog,-1.100558,-0.022068,0.939081,-0.010694,0.009268,-0.987834,-0.9184065274777518,0.09959203263738263,0.5975521958243224,2.7122682006818013,-0.29821889159393034,3.2212904460761647,-0.014878809695225034,-0.02423806095512221,0.06647468202543462,-2.4516438684903723,0.9239260859130721,-0.45668346532274684,-0.13857300000000006,0.007497,-0.9099700000000001,0.1430729999999999,0.134523,-0.8178540000000001,0.28164599999999995,0.127026,0.09211599999999998,0.8794947450754673,0.0,0.0,0.12050525492453268,1.0,-0.8178540000000001
679,2.829167,jog,-1.103096,-0.022035,0.940981,-0.010804,0.010077,-0.988235,-0.6090712742981202,0.007919366450684733,0.4559635229181638,0.40350834970712207,-0.02178216009277591,1.2778278611458818,-0.016798656107515644,-0.025197984161268054,0.06863450923926352,-2.4514038876890907,0.8694504439645229,-0.4240460763139154,-0.13610499999999992,0.007358999999999999,-0.911584,0.13539600000000007,0.13811299999999999,-0.821521,0.271501,0.130754,0.090063,0.8749685693812614,0.0,0.0,0.12503143061873856,1.0,-0.821521
680,2.833333,jog,-1.105499,-0.021265,0.943102,-0.011543,0.010753,-0.988355,-0.5768122899663627,0.18482957273163197,0.509121459433505,0.3787100325772095,0.2963151250113102,0.4268102325297195,-0.017042726836277073,0.0007201152184348172,0.08017282765242242,-2.4356697071530817,0.8883821411425575,-0.4123859817570692,-0.13377299999999992,0.006591999999999999,-0.913371,0.127652,0.141044,-0.82536,0.2614249999999999,0.134452,0.08801100000000006,0.863387659194501,0.0,0.0,0.136612340805499,1.0,-0.82536
681,2.8375,jog,-1.108962,-0.020933,0.946324,-0.016372,0.015582,-0.989032,-0.831053515718779,0.0796736261099146,0.7732181425486454,2.667913335183669,1.9084306905518118,2.602823934463885,-0.01751859851211737,-0.013438924886009852,0.07751379889609195,-2.4962802975763134,0.8960883129350065,-0.4470842332613604,-0.13038299999999992,0.0062039999999999994,-0.91627,0.12071299999999996,0.144446,-0.8304450000000001,0.2510959999999999,0.138242,0.08582499999999993,0.8656714742875972,0.0,0.0,0.13432852571240284,1.0,-0.8304450000000001
682,2.841667,jog,-1.110345,-0.021299,0.947339,-0.013753,0.017852,-0.989638,-0.33189344852407676,-0.08783297336212527,0.2435805135588976,0.9222174140016278,-1.438109853323377,1.9778818378041636,-0.02159827213826255,-0.019198464122868634,0.09167266618669957,-2.4869210463161457,0.9450443964482292,-0.4936405087592666,-0.12909000000000015,0.006489999999999999,-0.916903,0.11173299999999986,0.14875,-0.8335170000000001,0.240823,0.14226,0.08338599999999996,0.839800956187713,0.0,0.0,0.160199043812287,1.0,-0.8335170000000001
683,2.845833,jog,-1.112339,-0.020312,0.9489,-0.01247,0.017138,-0.989642,-0.4786365818531467,0.23691790686511677,0.3746999519923301,-0.4278086660230056,-0.5594069830736059,-0.0929529456031278,-0.020883341334602765,-0.01872299567931016,0.09169467114739094,-2.5060009601538242,0.9459913586174538,-0.43566970715318165,-0.12718300000000005,0.005425000000000001,-0.918082,0.1032869999999999,0.151704,-0.836893,0.23046999999999995,0.14627900000000002,0.08118899999999996,0.8401860697445206,0.0,0.0,0.1598139302554794,1.0,-0.836893
684,2.85,jog,-1.114508,-0.01915,0.950217,-0.010678,0.015749,-0.989828,-0.5205183585313068,0.2788576913846722,0.31605471562273396,-0.7774353851570369,-0.7658548827984931,0.48076430757703953,-0.02207823374129479,-0.023278137748979046,0.08519318454523063,-2.5097192224620155,0.9503239740820134,-0.3767698584113046,-0.12510599999999994,0.0041659999999999996,-0.919044,0.09499800000000014,0.154502,-0.83978,0.22010400000000008,0.150336,0.079264,0.8482765784290246,0.0,0.0,0.1517234215709754,1.0,-0.83978
685,2.854167,jog,-1.116363,-0.018167,0.951648,-0.00844,0.014714,-0.98994,-0.445164386849058,0.2359011279097783,0.3434125269978729,-0.6413082434074312,-0.9977342850887413,0.24538366399359193,-0.026637868970476913,-0.0206383489320862,0.08471322294216829,-2.429805615550906,0.9894408447324636,-0.4355651547876362,-0.12336199999999997,0.003096999999999999,-0.9201220000000001,0.08672799999999992,0.15764199999999998,-0.843026,0.2100899999999999,0.154545,0.07709600000000005,0.8480511082708294,0.0,0.0,0.1519488917291706,1.0,-0.843026
686,2.858333,jog,-1.118368,-0.016984,0.952796,-0.005553,0.013001,-0.990124,-0.48127700432068643,0.28396543446950734,0.2755640902544156,-1.006094281955942,-1.2642246758011155,0.46659968449852124,-0.02736437830051473,-0.02712433989438242,0.08713394143062704,-2.614498319731062,1.0024003840614255,-0.5696111377820295,-0.12147099999999988,0.0018009999999999988,-0.9209069999999999,0.07784100000000005,0.160635,-0.8465469999999999,0.19931199999999993,0.158834,0.07435999999999998,0.8412123818524007,0.0,0.0,0.15878761814759934,1.0,-0.8465469999999999
687,2.8625,jog,-1.120129,-0.01661,0.95398,-0.004707,0.019545,-0.99017,-0.42260619150467527,0.08975281977442198,0.2841372690185092,3.0557888387726595,-0.8469004288861651,0.4864738306470015,-0.02159827213826485,-0.05951523878090024,0.08447324214063216,-2.4593232541397896,0.9356851451884243,-0.5195584353251977,-0.11980000000000013,0.0011789999999999995,-0.9217390000000001,0.06935399999999992,0.16415999999999997,-0.8498960000000001,0.18915400000000004,0.162981,0.07184299999999999,0.8240558986791544,0.0,0.0,0.1759441013208456,1.0,-0.8498960000000001
688,2.866667,jog,-1.122256,-0.014945,0.95519,-0.000924,0.01337,-0.990424,-0.5104391648667772,0.399568034557211,0.2903767698583776,-3.1860886624744693,-1.3976310493506146,0.4729608257112475,-0.012239020878334568,0.048236141108708316,0.10247180225581419,-2.536597072234059,0.9320854331652964,-0.4324454043676238,-0.11772400000000016,-0.00028500000000000053,-0.922522,0.06091099999999994,0.166379,-0.852908,0.1786350000000001,0.166664,0.06961399999999995,0.8101390187043702,0.0,0.0,0.18986098129562978,1.0,-0.852908
689,2.870833,jog,-1.124153,-0.014383,0.956093,0.000295,0.016885,-0.990545,-0.45535285645702966,0.13490158425347687,0.2167546807489108,1.5906857955977756,-0.8196729354499727,0.6010326223514635,-0.034085453672554146,0.005040806529044554,0.10945751320210888,-2.458713394142996,0.8946231397023232,-0.501920307249145,-0.11596899999999999,-0.0008260000000000003,-0.9229689999999999,0.05256499999999997,0.169544,-0.8559019999999999,0.16853399999999996,0.17037,0.06706699999999999,0.8087455514031043,0.0,0.0,0.19125444859689567,1.0,-0.8559019999999999
690,2.875,jog,-1.126053,-0.013559,0.95761,0.001454,0.017462,-0.990744,-0.4559635229181904,0.1977441804655718,0.36405087592993995,0.19675649785154467,-0.6011313091134255,0.7334681693995252,-0.020638348932093695,-0.015598752099832506,0.08519318454524055,-2.7547396208304633,0.8173746100312397,-0.1826253899688103,-0.114155,-0.0017149999999999995,-0.9241309999999999,0.04298599999999997,0.172126,-0.8581799999999999,0.15714099999999998,0.17384100000000002,0.06595099999999998,0.8516091758726086,0.0,0.0,0.14839082412739135,1.0,-0.8581799999999999
691,2.879167,jog,-1.128054,-0.012762,0.959115,0.00248,0.019306,-0.990896,-0.48020158387329276,0.1912646988241026,0.3611711063115331,0.8083237748103369,-0.6186121076700605,0.666333686512008,-0.011999040076819727,-0.006239500839933086,0.10055195584353609,-2.30453563714914,1.1391888648908544,-0.6049916006719761,-0.11220400000000019,-0.0025379999999999986,-0.9252170000000001,0.03538399999999986,0.17607599999999998,-0.862206,0.14758800000000005,0.178614,0.06301100000000004,0.8309043321612726,0.0,0.0,0.16909566783872743,1.0,-0.862206
692,2.883333,jog,-1.129986,-0.012408,0.961052,0.002251,0.024746,-0.991007,-0.4637542006721056,0.08497359577532176,0.4649543927028117,2.5994127665719353,-0.25487504707206526,0.8391504498255963,-0.042486797887630066,0.016082573211713278,0.10969755160825409,-2.4414306289005405,0.8667786845895114,-0.5384061449831814,-0.11044900000000002,-0.0028249999999999994,-0.926697,0.027144999999999975,0.179333,-0.866386,0.137594,0.182158,0.060311000000000003,0.8021130374241394,0.0,0.0,0.19788696257586058,1.0,-0.866386
693,2.8875,jog,-1.132073,-0.011754,0.96272,0.002458,0.026167,-0.991256,-0.5008399328053863,0.1569474442044541,0.40028797696181934,0.6575299208355202,-0.21361274143235412,1.0459899183428898,-0.02519798416127078,-0.017758579313653686,0.09335253179745062,-2.3959683225340496,1.010559155267522,-0.4278857691384445,-0.10846699999999987,-0.003552999999999999,-0.927976,0.019248000000000154,0.18289,-0.869837,0.12771500000000002,0.186443,0.05813900000000005,0.8361487739676883,0.0,0.0,0.16385122603231173,1.0,-0.869837
694,2.891667,jog,-1.134264,-0.011123,0.964334,0.002336,0.027235,-0.991575,-0.5257979361650905,0.1514278857691457,0.3873290136789244,0.5085067250930335,-0.041675327514041204,1.3033503636177928,-0.011519078473734148,0.02975761939044991,0.1096712263019023,-2.5567554595633375,0.8699304055675917,-0.5080393568514736,-0.10632400000000009,-0.004060000000000001,-0.929133,0.010785000000000045,0.185884,-0.873568,0.11710900000000013,0.189944,0.055564999999999976,0.8096349781251089,0.0,0.0,0.19036502187489113,1.0,-0.873568
695,2.895833,jog,-1.136443,-0.010566,0.965798,0.002715,0.029925,-0.991767,-0.5230436869899407,0.13370139222275162,0.35141622659625077,1.2525822656981629,-0.37166148609209154,1.0270143689643443,-0.01488238118099011,-0.01944311089774298,0.08809409505520625,-2.361977916466587,0.9685549687949833,-0.41430628900623095,-0.10420699999999994,-0.004697999999999999,-0.93023,0.0031240000000001267,0.189362,-0.876758,0.10733100000000007,0.19406,0.053471999999999964,0.8476107923897027,0.0,0.0,0.15238920761029728,1.0,-0.876758
696,2.9,jog,-1.138487,-0.009969,0.967753,0.001615,0.032531,-0.991928,-0.4905207583393396,0.14326853851692525,0.4691624670026442,1.3013678433135054,0.3402698564195023,0.9517996596593602,-0.019678425725922537,-0.002639788816894911,0.08783297336213462,-2.356851451883976,0.9541636669066861,-0.3911687065034958,-0.10224499999999992,-0.005306,-0.931819,-0.004653000000000018,0.192741,-0.880343,0.0975919999999999,0.198047,0.051475999999999966,0.8499181692312685,0.0,0.0,0.1500818307687315,1.0,-0.880343
697,2.904167,jog,-1.140638,-0.00942,0.969454,0.000753,0.034572,-0.992112,-0.5161987041036437,0.13174946004318872,0.4082073434125174,1.0179299651513376,0.2583835511956049,1.0047009917741487,-0.02207823374129479,0.012718982481400944,0.07487401007918905,-2.4269258459321867,1.0340772738180333,-0.31485481161505346,-0.10018599999999989,-0.005802,-0.933208,-0.012615000000000043,0.196501,-0.883356,0.08757099999999984,0.202303,0.04985200000000001,0.8681821721525,0.0014800000000000924,0.0014800000000000924,0.13181782784749996,0.9985199999999999,-0.883356
698,2.908333,jog,-1.14239,-0.008467,0.970066,0.005193,0.035719,-0.992371,-0.42054728756603804,0.22875660105618686,0.14690350456072837,0.2842380594385673,-2.2242446257284367,1.1829223163098517,-0.02568410945753426,-0.017282765242440372,0.08353336533846104,-2.3410945751321828,1.1836293807010037,-0.03912626020163452,-0.09854099999999999,-0.006827,-0.933472,-0.020615999999999968,0.200479,-0.884131,0.07792500000000002,0.207306,0.04934099999999997,0.8515245009192434,0.00659000000000004,0.00659000000000004,0.14847549908075663,0.9934099999999999,-0.884131
699,2.9125,jog,-1.14451,-0.007815,0.971885,0.003163,0.036966,-0.992547,-0.5087592992560045,0.1564674826013823,0.4365250779937375,0.7012847144666424,0.8658131935594974,0.9080672628329468,-0.012479001679850688,0.0,0.0859131269498381,-2.3686105111589737,0.9212862970961784,-0.26565874730019906,-0.09647300000000003,-0.0074789999999999995,-0.934933,-0.028366000000000113,0.20366599999999999,-0.887057,0.06810699999999992,0.211145,0.04787600000000003,0.8553088455323555,0.02123999999999998,0.02123999999999998,0.14469115446764447,0.9787600000000001,-0.887057
700,2.916667,jog,-1.146589,-0.007118,0.973467,0.001737,0.038117,-0.992774,-0.4989200863931507,0.16726661867051412,0.3796496280297683,0.6202357465109972,0.5746132859372263,1.1387153327957402,-0.021838252939780995,0.03431725461963218,0.06935445164387274,-2.2742980561556014,0.886009119270499,-0.22438204943605664,-0.09448499999999993,-0.008032999999999998,-0.936226,-0.03576399999999991,0.206661,-0.889574,0.05872100000000002,0.214694,0.04665200000000003,0.8659951988949567,0.03348000000000012,0.03348000000000012,0.13400480110504331,0.9665199999999998,-0.889574
701,2.920833,jog,-1.148646,-0.00636,0.974826,0.000702,0.038774,-0.99298,-0.49375900144021106,0.18194911185789228,0.326212193951023,0.3642041994705237,0.4205396001226317,0.9953938213054246,-0.022803648583762274,0.037686029764761125,0.07561209793566664,-2.229476716274534,0.873739798367716,-0.20859337493998342,-0.09252299999999991,-0.008634,-0.9372699999999999,-0.042994999999999894,0.209543,-0.891802,0.049528000000000016,0.218177,0.04546799999999995,0.8541554044120646,0.04532000000000003,0.04532000000000003,0.1458445955879354,0.95468,-0.891802
702,2.925,jog,-1.150631,-0.005455,0.975848,0.001331,0.039509,-0.993144,-0.4763618910487147,0.21718262538997882,0.24526037916969645,0.312923470771177,-0.37141201955531644,0.823749117569105,0.04175665946721968,-0.066714662826977,0.04943604511639243,-2.16798656107521,0.8159347252220163,-0.2435805135589269,-0.09036400000000011,-0.009817000000000001,-0.9380860000000001,-0.05004399999999998,0.21203799999999998,-0.893839,0.040320000000000134,0.221855,0.044247000000000036,0.8450951241466722,0.057530000000000026,0.057530000000000026,0.1549048758533278,0.9424699999999999,-0.893839
703,2.929167,jog,-1.152654,-0.004692,0.976869,0.000962,0.040234,-0.993332,-0.48548116150707576,0.18310535157186306,0.24502039836810088,0.3602425184418723,0.10024119066587922,0.9597663421235915,-0.05135589152865933,0.04607631389488589,0.049916006719459366,-2.1387089032876143,0.7945764338852428,-0.19246460283176106,-0.08855499999999994,-0.010388,-0.938899,-0.0569329999999999,0.214586,-0.895662,0.03162200000000004,0.224974,0.04323700000000008,0.8580682673522565,0.06762999999999997,0.06762999999999997,0.1419317326477435,0.93237,-0.895662
704,2.933333,jog,-1.154669,-0.003849,0.977802,0.001115,0.040538,-0.993563,-0.4836773883820986,0.2023523763802153,0.223955832933254,0.13152889866350548,-0.13229455037123122,1.087382872551662,-0.016082573211722854,0.018963034085452964,0.06144983197311551,-2.1260201632260856,0.744599135861716,-0.20067210753720127,-0.0866070000000001,-0.011152,-0.939576,-0.06377500000000014,0.21684499999999998,-0.897431,0.022831999999999963,0.227997,0.04214499999999999,0.8895171246004285,0.07855000000000006,0.07855000000000006,0.11048287539957147,0.9214499999999999,-0.897431
705,2.9375,jog,-1.156675,-0.003,0.978524,0.001583,0.040673,-0.993787,-0.48140148788098003,0.20374370050396898,0.1732661387089113,0.03509044011307265,-0.27244240720652724,1.0447816896976398,-0.0014398848092034469,0.022318214542837847,0.0477561795056412,-2.0669546436285997,0.7422606191505048,-0.19222462203024543,-0.0846070000000001,-0.011907999999999998,-0.9400989999999999,-0.07038200000000017,0.219089,-0.8989539999999999,0.014224999999999932,0.230997,0.04114499999999999,0.9121107286028649,0.08855000000000002,0.08855000000000002,0.0878892713971351,0.91145,-0.8989539999999999
706,2.941667,jog,-1.158707,-0.002176,0.97919,0.001964,0.040627,-0.994029,-0.4876409887209327,0.1977441804655718,0.15982721382291476,-0.047385867135139204,-0.22493889556825417,1.1206930227569711,-0.014638828893710475,-0.003599712023038591,0.03911687065034891,-2.060715142788647,0.6983441324694334,-0.20350371970243347,-0.08263600000000015,-0.012747000000000001,-0.940602,-0.07693700000000003,0.221175,-0.900468,0.005699000000000121,0.233922,0.040134,0.9301314168618393,0.09865999999999997,0.09865999999999997,0.06986858313816069,0.90134,-0.900468
707,2.945833,jog,-1.160767,-0.00111,0.979892,0.00184,0.040653,-0.994267,-0.4944791166586933,0.25588094095054503,0.1685069611137689,0.011560037487407738,0.011949051895691815,1.144046800531965,-0.014162265962507822,-0.0014402304368696345,0.014402304368699676,-2.000960153624554,0.6637061929908579,-0.22587614018242239,-0.08063499999999979,-0.013819,-0.941244,-0.08321299999999998,0.222874,-0.902111,0.0025780000000001912,0.236693,0.03913299999999997,0.9662496744035146,0.10866999999999999,0.10866999999999999,0.03375032559648539,0.89133,-0.902111
708,2.95,jog,-1.162823,-0.000279,0.980593,0.001681,0.041105,-0.994468,-0.4934005279576939,0.1994240460763018,0.16822654187665467,0.21734853387866285,0.010974059631017172,1.080083599013264,0.0050395968322115275,0.02423806095512221,0.02591792656587243,-1.8963282937363504,0.707223422126188,-0.12023038156946747,-0.07855800000000013,-0.014549,-0.941837,-0.089059,0.22499,-0.903313,0.010500999999999872,0.239539,0.038524,0.9402640055333886,0.11475999999999997,0.11475999999999997,0.059735994466611375,0.88524,-0.903313
709,2.954167,jog,-1.164766,0.000628,0.981125,0.002396,0.041342,-0.994642,-0.4662826973842373,0.2176625869930505,0.12766978641708693,0.07497104065394017,-0.3900858771061397,0.9124950815080568,0.005519558435350929,0.03503719702423932,0.013918886489082108,-1.7432205423567293,0.6575473962083316,-0.15502759779218556,-0.076592,-0.01531,-0.942311,-0.09438000000000013,0.226823,-0.904491,0.017788000000000137,0.242133,0.037819999999999965,0.9364957109555982,0.12180000000000007,0.12180000000000007,0.06350428904440175,0.8781999999999999,-0.904491
710,2.958333,jog,-1.166821,0.001517,0.981508,0.002894,0.0407,-0.994891,-0.4932789246279606,0.2133941430628842,0.09193470955353138,-0.3368847216405199,-0.2555741822060384,1.137640473664742,0.006481036965914188,0.046807489198270616,0.018242918867018145,-1.928228516562587,0.4632741238598085,-0.20907345175227388,-0.07450999999999985,-0.016004,-0.9426180000000001,-0.10035799999999995,0.227864,-0.905745,0.025848000000000093,0.243868,0.036873000000000045,0.9155779620993367,0.13127000000000005,0.13127000000000005,0.08442203790066327,0.86873,-0.905745
711,2.9625,jog,-1.168781,0.002415,0.982022,0.002902,0.040911,-0.995086,-0.47036237101033146,0.21550275977922753,0.1233501319894233,0.09350862911138842,-0.05624754633830646,1.0683738168110046,0.054715622750157275,0.09599232061435507,0.05327573794096715,-1.8288936885049738,0.415886729061697,-0.18406527477802706,-0.072322,-0.016502,-0.9429099999999999,-0.10601899999999986,0.228699,-0.907026,0.033696999999999866,0.245201,0.035883999999999916,0.7955588291421569,0.14116000000000012,0.14116000000000012,0.20444117085784308,0.8588399999999998,-0.907026
712,2.966667,jog,-1.170709,0.003284,0.982526,0.002732,0.041553,-0.995275,-0.46268298536112606,0.2085433165346645,0.1209503239740891,0.30691780401237934,0.006521643787992783,1.159610643851457,0.043676505879557334,0.023998080153586523,0.019918406527476527,-1.7969762419005773,0.36189104871607625,-0.1773458123349999,-0.07021199999999994,-0.017270999999999998,-0.943331,-0.1115790000000001,0.229338,-0.908269,0.041367000000000154,0.246609,0.03506200000000004,0.9105528098773921,0.14938,0.14938,0.08944719012260793,0.8506199999999999,-0.908269
713,2.970833,jog,-1.172643,0.004276,0.982745,0.003063,0.041704,-0.995448,-0.46423427748445883,0.23811809889584226,0.052568410945748094,0.05203891046246495,-0.2056600143977314,0.991855229764821,0.0024003840614124482,0.02904464714354517,0.008641382621220394,-1.7342774843975965,0.3038886221795769,-0.1737878060489822,-0.068268,-0.018142,-0.943514,-0.11686999999999981,0.229612,-0.909212,0.04860199999999981,0.247754,0.034301999999999944,0.9493369830003718,0.15698,0.15698,0.05066301699962816,0.84302,-0.909212
714,2.975,jog,-1.174744,0.005268,0.982792,0.003704,0.042044,-0.995607,-0.5041996640268251,0.23806095512357556,0.011279097672190158,0.12987550263436903,-0.3613511386336889,0.9812927950499131,0.00383969282457764,0.02423806095512221,-0.0016798656107510524,-1.6873050155986515,0.22174226061913224,-0.1634269258459226,-0.06615100000000007,-0.019033,-0.943568,-0.12179999999999991,0.229544,-0.90994,0.05564899999999984,0.248577,0.03362799999999999,0.9590037675063807,0.16372000000000003,0.16372000000000003,0.04099623249361928,0.8362799999999999,-0.90994
715,2.979167,jog,-1.176972,0.006089,0.983005,0.003252,0.042335,-0.995821,-0.5346772258219339,0.19702423806096403,0.051115910727148654,0.1480242636857513,0.1497078971959317,1.320374738846519,0.00287976961846018,0.02279817614590927,-0.004079673626110847,-1.618190544756533,0.3806095512359195,-0.2759779217662709,-0.06391100000000005,-0.019759,-0.943798,-0.12631500000000018,0.23030899999999999,-0.911303,0.062404000000000126,0.250068,0.03249500000000005,0.9611022120904994,0.17504999999999998,0.17504999999999998,0.0388977879095006,0.8249500000000001,-0.911303
716,2.983333,jog,-1.179205,0.007097,0.983057,0.003362,0.042471,-0.996018,-0.5360057609217692,0.2419587133941365,0.012481997119524618,0.05277396791924956,-0.1092433758848682,1.2213588266180058,0.004080652904448696,0.026884301488237203,-0.00912145943350824,-1.4267882861257288,0.312530004800759,-0.06577052328372275,-0.061660999999999966,-0.020655,-0.943888,-0.13002599999999997,0.230603,-0.9116289999999999,0.06836500000000001,0.251258,0.03225900000000004,0.9521977912866711,0.17741,0.17741,0.04780220871332885,0.8225899999999999,-0.9116289999999999
717,2.9875,jog,-1.181514,0.007868,0.983168,0.002606,0.042812,-0.996213,-0.5541156707463403,0.18502519798416972,0.026637868970503558,0.1831388499291004,0.2943759788586554,1.3020766055546817,0.006479481641468798,0.02471802255819663,-0.017038636909048444,-1.4912407007439945,0.15886729061675695,-0.2270218382529507,-0.05932500000000007,-0.021323,-0.9440700000000001,-0.13393100000000002,0.23049399999999998,-0.912686,0.07460599999999995,0.251817,0.03138400000000008,0.9488119081434832,0.18616,0.18616,0.05118809185651685,0.81384,-0.912686
718,2.991667,jog,-1.183814,0.00868,0.983333,0.001434,0.04304,-0.996414,-0.5519558435324763,0.19486441084712042,0.03959683225341029,0.14393169133026743,0.4948456484117682,1.369990649359625,-0.017038636909029976,-0.01799856011518979,-0.05015598752099547,-1.4168466522677639,0.11999040076793137,-0.25605951523876497,-0.057096000000000036,-0.02221,-0.9444440000000001,-0.13753500000000018,0.230182,-0.913918,0.08043900000000015,0.252392,0.030526000000000053,0.9067576872673482,0.19473999999999997,0.19473999999999997,0.09324231273265182,0.8052600000000001,-0.913918
719,2.995833,jog,-1.185901,0.009503,0.983253,0.001528,0.042995,-0.996581,-0.5009601536246076,0.19755160825731555,-0.019203072491590686,-0.029842778379494263,-0.090676731042565,1.1012134799607098,0.05688910225636972,0.10825732117138447,0.03888622179548679,-1.3286125780124085,0.08761401824291748,-0.29188670187229365,-0.05477199999999982,-0.022581999999999998,-0.944202,-0.14098299999999986,0.22972399999999998,-0.915054,0.08621100000000004,0.252306,0.02914799999999995,0.7861194791720557,0.2085200000000001,0.2085200000000001,0.2138805208279443,0.79148,-0.915054
720,3.0,jog,-1.187943,0.010462,0.98287,0.002429,0.042907,-0.99672,-0.490040796736254,0.23014158867291704,-0.09191264698825047,-0.07690875891028347,-0.46847653061604666,0.9269055852083045,0.01823854091671909,0.04199664026878037,-0.036717062634990964,-1.2203023758099925,0.09551235901128573,-0.37245020398369777,-0.05265399999999998,-0.023366,-0.943972,-0.144026,0.229163,-0.916223,0.09137200000000001,0.252529,0.027749000000000024,0.9021834929691478,0.22251000000000004,0.22251000000000004,0.0978165070308522,0.77749,-0.916223
721,3.004167,jog,-1.19004,0.011323,0.982267,0.003819,0.042924,-0.996829,-0.5032397408207611,0.20662347012239937,-0.14470842332614536,-0.041822664298935594,-0.7000300267734307,0.7796302299684108,0.01991840652749197,0.05519558435325451,-0.044156467482604274,-1.1869450443965306,0.05399568034557553,-0.5106791456683677,-0.05047399999999991,-0.023996999999999997,-0.943553,-0.1468750000000001,0.228527,-0.917748,0.09640100000000018,0.252524,0.025804999999999967,0.8776039094756296,0.24194999999999994,0.24194999999999994,0.1223960905243704,0.7580500000000001,-0.917748
722,3.008333,jog,-1.192145,0.012129,0.981818,0.004129,0.042585,-0.996967,-0.5052808449351814,0.19347095535285103,-0.10777724435910235,-0.17848881050813845,-0.17609754699048644,0.9004552683065701,0.02160345655302953,0.06024963994238901,-0.04872779644743069,-1.1161785885740982,0.01416226596255446,-0.4263082093134818,-0.04827899999999996,-0.024551999999999997,-0.943307,-0.1494199999999999,0.22778,-0.919075,0.10114099999999993,0.252332,0.02423200000000003,0.8659278117864982,0.25768,0.25768,0.13407218821350175,0.74232,-0.919075
723,3.0125,jog,-1.194343,0.012806,0.981286,0.00425,0.041812,-0.997151,-0.5274778017758072,0.16246700263977903,-0.12766978641707333,-0.3821144118234063,-0.08181672061464886,1.1348392467242348,0.028317734581246774,0.07175425965922305,-0.05663546916246191,-1.070074394048462,0.013678905687544521,-0.38588912886966487,-0.045962999999999976,-0.02493,-0.943011,-0.15168100000000018,0.22716,-0.9201509999999999,0.1057180000000002,0.25209000000000004,0.022860000000000102,0.840503010840771,0.27140000000000003,0.27140000000000003,0.15949698915922905,0.7285999999999999,-0.9201509999999999
724,3.016667,jog,-1.196569,0.013591,0.980642,0.00452,0.04092,-0.997319,-0.5341972642189016,0.18838492920567237,-0.15454763618910664,-0.4427665576310497,-0.14506701186383794,1.0234412573172025,0.013198944084453742,0.08471322294216829,-0.06767458603312151,-0.957043436525093,0.04031677465802289,-0.44756419486443094,-0.043682,-0.025362000000000003,-0.9426490000000001,-0.153443,0.226543,-0.921372,0.109761,0.251905,0.0212770000000001,0.8179561113590369,0.28723,0.28723,0.1820438886409631,0.71277,-0.921372
725,3.020833,jog,-1.198716,0.014391,0.979936,0.004821,0.04023,-0.997461,-0.5153624579932405,0.19203072491598097,-0.16946711473834974,-0.3460954301107098,-0.16178119046970182,0.9231728587276018,0.025204032645227765,0.06433029284685395,-0.05520883341334487,-0.8876620259241186,0.010321651464237655,-0.4599135861737755,-0.04143000000000008,-0.025894,-0.942173,-0.15499400000000008,0.22578600000000001,-0.922582,0.113564,0.25168,0.019591000000000025,0.8525998913933936,0.30408999999999997,0.30408999999999997,0.14740010860660635,0.69591,-0.922582
726,3.025,jog,-1.200866,0.015467,0.979157,0.005168,0.039491,-0.997573,-0.5159587233021825,0.25821934245261574,-0.18694504439645063,-0.36905510620905413,-0.17303395786442546,0.6874793931741073,0.03215742740582784,0.06263498920086658,-0.0571154307655402,-0.7912167026638484,0.01103911687064857,-0.4286057115430968,-0.0391459999999999,-0.026709,-0.941632,-0.15614100000000009,0.22475599999999998,-0.9235890000000001,0.11699500000000018,0.251465,0.01804299999999992,0.848898356128078,0.31957,0.31957,0.15110164387192204,0.68043,-0.9235890000000001
727,3.029167,jog,-1.202881,0.01632,0.978348,0.005465,0.038736,-0.997686,-0.48356131509478695,0.20470362371009104,-0.19414446844252709,-0.3754879741933036,-0.14960063577181743,0.7123541912302447,-0.00383969282457764,0.027597792176624312,-0.08807295416366304,-0.700263978881641,0.04775617950563778,-0.3698104151667643,-0.03714699999999982,-0.027447,-0.94119,-0.15704399999999996,0.224102,-0.924321,0.11989700000000014,0.251549,0.016869000000000023,0.8460408908082161,0.33131,0.33131,0.1539591091917839,0.66869,-0.924321
728,3.033333,jog,-1.205061,0.017208,0.977451,0.005726,0.037622,-0.997826,-0.5232837253960685,0.21315410465676193,-0.21531445031207577,-0.5478705569423603,-0.12842809384417248,0.8595371683028997,-0.0055208833413605595,0.06385021603457032,-0.05832933269323391,-0.6351416226596581,0.007921267402786333,-0.28132501200194243,-0.03499000000000008,-0.028069000000000004,-0.9405359999999999,-0.15751000000000004,0.223247,-0.924596,0.12251999999999996,0.251316,0.015939999999999954,0.8555696891137827,0.3406,0.3406,0.14443031088621727,0.6594,-0.924596
729,3.0375,jog,-1.20724,0.018165,0.976521,0.005753,0.036472,-0.997963,-0.5229181665466811,0.2296616270698203,-0.22318214542834888,-0.5588133828358033,-0.014957427589516646,0.851406765181345,0.01535877129831056,0.11663066954642926,-0.023758099352050838,-0.6189104871610156,0.06479481641468107,-0.12934965202782936,-0.03274699999999986,-0.028540000000000003,-0.939705,-0.15791,0.22255999999999998,-0.9242049999999999,0.12516300000000014,0.2511,0.01550000000000007,0.7999788051545529,0.345,0.345,0.20002119484544711,0.655,-0.9242049999999999
730,3.041667,jog,-1.20946,0.019085,0.975508,0.00594,0.035327,-0.998099,-0.5327573794096448,0.2207823374130172,-0.243100551955838,-0.5607010226981123,-0.09364810414730301,0.901283576054851,0.043676505879508706,0.07463402927766132,-0.06719462443004925,-0.41588672906169033,0.0007199424046083842,-0.25101991840653853,-0.030345000000000066,-0.029149,-0.938972,-0.1574230000000001,0.221643,-0.924238,0.12707800000000002,0.250792,0.014734000000000025,0.8174791256659717,0.35266,0.35266,0.1825208743340283,0.64734,-0.924238
731,3.045833,jog,-1.211672,0.019959,0.974456,0.005923,0.034133,-0.99824,-0.530964954392713,0.20979356697070953,-0.2525204032645281,-0.5798479583600659,0.0031359434260682458,0.9653156576741179,0.04752760441673958,0.056409025444069706,-0.07345175228036302,-0.3744599135861649,0.11713874219875248,-0.10393662986077555,-0.02793499999999982,-0.029788000000000002,-0.938226,-0.156771,0.221257,-0.923619,0.12883600000000017,0.251045,0.014607000000000037,0.8265063942404697,0.35392999999999997,0.35392999999999997,0.17349360575953032,0.64607,-0.923619
732,3.05,jog,-1.21389,0.020824,0.973362,0.005694,0.032971,-0.998382,-0.5322774178065592,0.20758339332854264,-0.262538996880271,-0.5598908197188217,0.10169445822100172,1.0352682393061399,0.0424766018718214,0.05183585313175163,-0.07991360691145072,-0.23638108951285303,0.06815454763618711,-0.14446844252460422,-0.025540000000000118,-0.030437,-0.937465,-0.15553800000000018,0.22067599999999998,-0.9231269999999999,0.12999800000000006,0.251113,0.014338000000000073,0.826175360188049,0.3811313836849812,0.3811313836849812,0.17382463981195095,0.6188686163150188,-0.9231269999999999
733,3.054167,jog,-1.216097,0.021738,0.972249,0.005462,0.03186,-0.998507,-0.5296376289896654,0.21934245260377871,-0.26709863210939566,-0.5345761247738369,0.10509339035729494,0.9402013937862518,0.04223662107030075,0.05855531557475031,-0.08951283897287632,-0.2435805135588976,0.12766978641708,-0.13054955603550988,-0.023157000000000094,-0.031107000000000003,-0.936725,-0.1543460000000001,0.220294,-0.922558,0.131189,0.251401,0.01416700000000004,0.8083318443356471,0.35833000000000004,0.35833000000000004,0.1916681556643529,0.64167,-0.922558
734,3.058333,jog,-1.218278,0.022691,0.97117,0.005229,0.030647,-0.998623,-0.5235237638021912,0.22875660105616247,-0.2590014402304423,-0.5829500804737539,0.1105904032630114,0.850344268240941,0.040326452232396406,0.050648103696590334,-0.10081613058088941,-0.12313970235236957,0.21507441190590096,-0.21771483437349334,-0.020807999999999938,-0.031849,-0.936066,-0.1526780000000001,0.22023700000000002,-0.9223859999999999,0.13187000000000015,0.25208600000000003,0.013680000000000025,0.8003103425658867,0.3632,0.3632,0.19968965743411327,0.6368,-0.9223859999999999
735,3.0625,jog,-1.22046,0.023621,0.970011,0.004938,0.029478,-0.998739,-0.5236381089513386,0.22318214542837597,-0.27813774898009935,-0.5608955295888963,0.13541151857710723,0.9182052546531673,0.03575713942883646,0.046796256299497935,-0.09431245500360509,-0.007439404847586667,0.2383009359251354,-0.24670026397889322,-0.018476999999999855,-0.032584,-0.9352999999999999,-0.15052699999999986,0.2203,-0.9222549999999999,0.13205,0.252884,0.013044999999999973,0.8146826910960211,0.36955,0.36955,0.1853173089039789,0.63045,-0.9222549999999999
736,3.066667,jog,-1.222576,0.024511,0.96883,0.004569,0.028509,-0.998845,-0.5077993760499409,0.21358291336694085,-0.28341732661388086,-0.4634671027236694,0.1683385361064348,0.9387636438579182,0.03503719702423474,0.05087592992560837,-0.0955123590112824,-0.03263738900891342,0.19174466042717317,-0.24166066714663953,-0.01621499999999987,-0.033262,-0.9345169999999999,-0.14854699999999998,0.220209,-0.9220809999999999,0.13233200000000012,0.253471,0.012436000000000003,0.810420229740365,0.37564000000000003,0.37564000000000003,0.18957977025963502,0.62436,-0.9220809999999999
737,3.070833,jog,-1.22434,0.025135,0.966868,0.00749,0.025644,-0.998977,-0.4234277484397092,0.14978396543446532,-0.4709553528564488,-1.4337026179379613,-1.3738472315108818,0.8763775152185079,0.03672587614019816,0.04128660585693605,-0.10417666826692078,0.04944791166590131,0.07033125300048186,-0.21219395103215835,-0.014297999999999922,-0.033714,-0.932989,-0.14657699999999996,0.21987800000000002,-0.9210029999999999,0.13227900000000004,0.253592,0.011986000000000052,0.803459418859282,0.498557571263449,0.498557571263449,0.19654058114071804,0.501442428736551,-0.9210029999999999
738,3.075,jog,-1.22641,0.026105,0.965186,0.009418,0.024142,-0.999049,-0.4967602591792393,0.2327813774897863,-0.40364770818331147,-0.7598908638045698,-0.9152531536143276,0.6496239074289858,0.03887688984880864,0.02735781137508821,-0.13174946004318872,0.15046796256296976,-0.011039116870654056,-0.17134629229660733,-0.01206599999999991,-0.034570000000000004,-0.931856,-0.14388,0.218862,-0.9200349999999999,0.1318140000000001,0.253432,0.011821000000000081,0.766560841680898,0.5012858689707034,0.5012858689707034,0.233439158319102,0.4987141310292966,-0.9200349999999999
739,3.079167,jog,-1.228502,0.027304,0.964398,0.009437,0.024284,-0.999092,-0.5020398368130737,0.2877369810415295,-0.18910487161028244,0.06120092258641093,-0.026867982402731208,0.6451206910748977,0.036237101031922035,0.013918886489081692,-0.13678905687545648,0.22270218382531373,-0.07223422126230128,-0.17830573554116333,-0.009822999999999915,-0.035711,-0.931638,-0.14085999999999999,0.217362,-0.91999,0.13103700000000007,0.253073,0.011647999999999992,0.7630160051514816,0.39303560017782696,0.39303560017782696,0.2369839948485184,0.606964399822173,-0.91999
740,3.083333,jog,-1.230479,0.028285,0.963035,0.009514,0.023097,-0.999178,-0.474555928948647,0.23547767642822273,-0.3271723475756039,-0.5797563071731948,-0.03835530951988834,0.8603896176825089,0.036725876140144866,-0.017042726836293313,-0.15026404224675408,0.2071531445031288,-0.09937590014401977,-0.1886701872299521,-0.00769299999999995,-0.036763000000000004,-0.930901,-0.1380199999999998,0.215967,-0.9194129999999999,0.13032699999999986,0.25273,0.011488000000000054,0.740628286320085,0.3896280044475617,0.3896280044475617,0.25937171367991496,0.6103719955524383,-0.9194129999999999
741,3.0875,jog,-1.232457,0.029245,0.961726,0.009306,0.022164,-0.999254,-0.4746820254379418,0.23038156947445235,-0.3141348692104786,-0.45280916679997446,0.0956570694545404,0.809678676981927,0.03431725461963301,0.036477081833454834,-0.1298296136309154,0.20878329733620496,-0.08711303095752791,-0.2104631629469745,-0.005572000000000132,-0.037571,-0.930133,-0.13517200000000007,0.214644,-0.9189809999999999,0.12959999999999994,0.25221499999999997,0.01115200000000005,0.7680758023784372,0.38848000000000005,0.38848000000000005,0.2319241976215628,0.61152,-0.9189809999999999
742,3.091667,jog,-1.234415,0.030193,0.960574,0.00811,0.02173,-0.99933,-0.4698824094072491,0.2275017998559979,-0.276457883369297,-0.20016914150765186,0.5598396602213522,0.9317674117421404,0.039356851451894166,0.02783777297816,-0.12239020878329072,0.181425485961107,-0.0851931845452298,-0.20998320134387988,-0.003449999999999953,-0.038403,-0.9294910000000001,-0.13245799999999996,0.213341,-0.9187040000000001,0.129008,0.251744,0.010786999999999991,0.780763530972405,0.40831980278130364,0.40831980278130364,0.21923646902759497,0.5916801972186964,-0.9187040000000001
743,3.095833,jog,-1.236404,0.031132,0.959403,0.007061,0.021886,-0.999392,-0.4774363898224139,0.2253960633701568,-0.28108497359580553,0.08031285094681541,0.4795708156748519,1.0155618555202535,0.0328852616418782,0.028564570331255517,-0.11881901104177583,0.09889582333175986,-0.08161305808930243,-0.2225156024964164,-0.0013239999999998808,-0.039223,-0.9288150000000001,-0.13005699999999987,0.212062,-0.91846,0.128733,0.251285,0.010355000000000003,0.789080501820602,0.4684239478415099,0.4684239478415099,0.21091949817939804,0.53157605215849,-0.91846
744,3.1,jog,-1.238443,0.032071,0.958269,0.006346,0.022125,-0.999451,-0.48932085433160016,0.22534197264217545,-0.2721382289416605,0.11495113966486419,0.31514482333289046,1.1511573765703722,0.024958003359701376,0.003119750419966002,-0.13390928725701115,0.016078713702858922,-0.07511399088072016,-0.20950323974080767,0.0008189999999999031,-0.040149000000000004,-0.928239,-0.12795100000000015,0.21081,-0.918199,0.12877000000000005,0.250959,0.010040000000000049,0.7729150184275935,0.5276970701533734,0.5276970701533734,0.22708498157240653,0.4723029298466266,-0.918199
745,3.104167,jog,-1.240485,0.033039,0.957226,0.005235,0.022404,-0.999507,-0.4900407967363073,0.23230141588673886,-0.25029997600193515,0.13842535226600414,0.5036723787670387,1.1991032076693835,0.029277657787367663,0.029757619390450327,-0.11015118790497289,-0.039836813054930656,-0.0748740100791987,-0.1797456203503801,0.002982999999999958,-0.040993,-0.927655,-0.12607499999999994,0.20953,-0.917905,0.1290579999999999,0.250523,0.009750000000000036,0.8036727409387739,0.5712499388056391,0.5712499388056391,0.19632725906122606,0.4287500611943609,-0.917905
746,3.108333,jog,-1.242564,0.034011,0.95614,0.004272,0.022802,-0.999551,-0.4990398463753925,0.23331733077291744,-0.2606817090734522,0.1943713371004529,0.43238627443084005,1.1595877902051537,0.02616418626983528,0.022563610177627466,-0.10657705232836961,-0.05880940950553145,-0.13754200672107592,-0.1286605856937079,0.005171000000000037,-0.041871,-0.927013,-0.12424100000000005,0.20798499999999998,-0.917355,0.12941200000000008,0.249856,0.009657999999999944,0.813271221416859,0.5745756575153521,0.5745756575153521,0.18672877858314096,0.4254243424846479,-0.917355
747,3.1125,jog,-1.244473,0.034998,0.95503,0.00317,0.023502,-0.999575,-0.4581233501319956,0.23686105111592196,-0.2663786897048224,0.34151102091851065,0.5005418241850332,0.9698483816775514,0.036237101031922035,0.024478041756660712,-0.08783297336213546,-0.047036237101001174,-0.09839212862971261,-0.1538276937845049,0.0072309999999999874,-0.042756,-0.926269,-0.12252799999999997,0.206588,-0.9168860000000001,0.12975899999999996,0.24934399999999998,0.00938299999999992,0.8364717724921258,0.5918966849806662,0.5918966849806662,0.1635282275078742,0.40810331501933383,-0.9168860000000001
748,3.116667,jog,-1.246257,0.035826,0.954045,0.002221,0.023788,-0.999601,-0.4281257499399806,0.19870410367169306,-0.23638108951282785,0.141714357519394,0.43120515944413645,0.9382440416593227,0.04631629469639452,0.030717542596590524,-0.09023278137748379,-0.004319654427663167,-0.10175185985120755,-0.18118550515957588,0.009207999999999883,-0.043455999999999995,-0.92566,-0.12076200000000004,0.205336,-0.916656,0.12996999999999992,0.24879199999999999,0.009004000000000012,0.8233748365362603,0.5635486850806908,0.5635486850806908,0.1766251634637397,0.4364513149193092,-0.916656
749,3.120833,jog,-1.248096,0.036811,0.952989,0.0018,0.024143,-0.999618,-0.4414306289006471,0.23643783005280358,-0.253480556889109,0.17141093606963367,0.18024161335361324,0.8139160968805297,0.03168506961114195,0.01944311089774298,-0.09553528564570046,0.07681228996636275,-0.08713394143062038,-0.13802208353336134,0.01117900000000005,-0.044360000000000004,-0.925002,-0.11860300000000001,0.203988,-0.916175,0.12978200000000006,0.248348,0.00882700000000003,0.8291445623971148,0.6110707836196456,0.6110707836196456,0.17085543760288524,0.3889292163803544,-0.916175
750,3.125,jog,-1.249831,0.037688,0.952057,0.001333,0.024111,-0.999642,-0.41636669066472265,0.21046316294697284,-0.22366210703143158,-0.01424677833777463,0.20265989716062224,0.9008043558647387,0.04511639068876544,0.03311735061195258,-0.09119270458363792,0.09143268538521818,-0.051835853131757044,-0.19198464122871098,0.013101999999999947,-0.045099,-0.92445,-0.11648700000000001,0.202895,-0.916043,0.12958899999999995,0.247994,0.008406999999999942,0.8216716746060252,0.5511431745253041,0.5511431745253041,0.1783283253939748,0.44885682547469585,-0.916043
751,3.129167,jog,-1.250516,0.038115,0.951792,-0.000813,0.024107,-0.99966,-0.16438684905209455,0.10247180225582511,-0.06359491240702732,0.008674171524627974,1.0107550429980918,0.8089090265454459,0.04583633309336716,0.030717542596593587,-0.07535397168226846,0.0731941444684458,-0.1363090952723809,-0.15910727141829306,0.013978000000000046,-0.045398,-0.924499,-0.11549699999999996,0.2019,-0.916441,0.129475,0.24729800000000002,0.00805800000000001,0.8443404899672243,0.5495376010592574,0.5495376010592574,0.15565951003277567,0.4504623989407426,-0.916441
752,3.133333,jog,-1.252165,0.03899,0.950923,-0.000923,0.024216,-0.99967,-0.3958233317330692,0.21003360537685306,-0.20859337493998675,0.05324368921788468,0.036623258805806545,0.6501215137918586,0.0271243398943362,-0.08953432549207609,0.028804608737396854,0.06865098415746534,-0.1807489198271683,-0.03360537686029703,0.015739999999999865,-0.04664599999999999,-0.9235099999999999,-0.11356199999999994,0.200272,-0.915712,0.1293019999999998,0.246918,0.007797999999999972,0.8368552896919508,0.5949435096325187,0.5949435096325187,0.16314471030804922,0.40505649036748126,-0.915712
753,3.1375,jog,-1.253834,0.039777,0.950153,-0.000832,0.024191,-0.999682,-0.40052795776333544,0.1888648908087245,-0.1847852171825991,-0.011849977834616623,-0.06079018203898005,0.710071302514579,0.036717062635003704,0.014158867290615895,-0.041756659467240206,0.02567794576430302,-0.08735301175905473,-0.0861531077513742,0.017561999999999856,-0.047374,-0.922914,-0.11178600000000016,0.199121,-0.915301,0.12934800000000002,0.246495,0.007612999999999981,0.9043700009097692,0.7149557197498886,0.7149557197498886,0.09562999909023084,0.2850442802501114,-0.915301
754,3.141667,jog,-1.255337,0.040646,0.949447,-0.000533,0.024543,-0.999679,-0.3606911447084475,0.20854331653468716,-0.16942644588433325,0.1682509299399857,-0.15432193659313226,0.3960588927915042,0.04415646748259428,0.051115910727144075,-0.05039596832253611,0.010319174466046847,-0.08687305015599178,-0.08399328053756157,0.01924899999999985,-0.04803,-0.9224180000000001,-0.11024000000000012,0.19789,-0.914945,0.12948899999999997,0.24592,0.007473000000000063,0.8595405992508389,0.723140480325886,0.723140480325886,0.14045940074916108,0.27685951967411404,-0.914945
755,3.145833,jog,-1.256904,0.041479,0.948765,1e-06,0.024623,-0.999682,-0.37614018242920144,0.19995199231876562,-0.1637061929908912,0.036967105461646395,-0.2656492749855502,0.3656369214854023,0.037205952952501925,0.04512722035525556,-0.03696591454632673,0.04392702832454134,-0.07201152184349172,-0.046807489198270616,0.020971000000000073,-0.048675,-0.92189,-0.10848999999999998,0.19675700000000002,-0.914458,0.12946100000000005,0.245432,0.007431999999999994,0.8846836742990309,0.7648990574044666,0.7648990574044666,0.11531632570096906,0.23510094259553338,-0.914458
756,3.15,jog,-1.258374,0.042328,0.948256,0.000428,0.024512,-0.999688,-0.3527717782577752,0.20374370050396792,-0.12215022798176264,-0.05444201519853864,-0.21168020592148093,0.28285462283605484,0.03887688984881279,0.047036237101034065,-0.03047756179505746,0.04271658267339083,-0.049196064314859636,-0.029037676985841525,0.02260300000000015,-0.049328,-0.921508,-0.10684199999999988,0.195703,-0.9140699999999999,0.12944500000000003,0.245031,0.007438000000000056,0.886315471370295,0.8067345992504347,0.8067345992504347,0.11368452862970502,0.19326540074956533,-0.9140699999999999
757,3.154167,jog,-1.259768,0.04309,0.947792,0.001093,0.02434,-0.999694,-0.33453323734096724,0.1828653707703286,-0.11135109191264499,-0.08425421560844079,-0.32529883436834417,0.26228902914959934,0.03719702423803594,0.05687544996399947,-0.028797696184303993,0.03215742740582442,-0.03671706263498372,-0.028797696184303993,0.02415199999999995,-0.049853,-0.921164,-0.10531399999999991,0.19478800000000002,-0.9137259999999999,0.12946599999999986,0.244641,0.007438000000000056,0.8769852907813244,0.831169099595115,0.831169099595115,0.12301470921867563,0.16883090040488502,-0.9137259999999999
758,3.158333,jog,-1.261097,0.043914,0.947452,0.001761,0.024084,-0.999701,-0.3190110417666872,0.19779164666348142,-0.08161305808930243,-0.12448461916253203,-0.3239332812060763,0.1509311412602831,0.025444071051355707,0.042246759481520374,-0.012481997119540107,0.015842534805546017,-0.03336533845415536,-0.02400384061449924,0.025586999999999804,-0.050501000000000004,-0.9208759999999999,-0.1039190000000001,0.193825,-0.9134859999999999,0.1295059999999999,0.24432600000000002,0.007390000000000008,0.9152128532662842,0.8526830763630763,0.8526830763630763,0.08478714673371579,0.14731692363692372,-0.9134859999999999
759,3.1625,jog,-1.26245,0.044785,0.947115,0.002513,0.023987,-0.999701,-0.3246940244780603,0.20902327813773547,-0.08087353011756664,-0.047819514856707795,-0.3586979757482901,-0.08938404245003277,0.02279817614594972,0.019438444924404944,-0.0014398848092149498,-0.0023998080153743466,-0.032397408207340536,-0.024478041756659144,0.027035000000000142,-0.051290999999999996,-0.9205450000000001,-0.102576,0.19281900000000002,-0.913251,0.12961100000000014,0.24411000000000002,0.007294000000000023,0.9500087995264088,0.8592668983904282,0.8592668983904282,0.04999120047359118,0.14073310160957175,-0.913251
760,3.166667,jog,-1.26372,0.045097,0.946417,0.003226,0.025821,-0.999653,-0.30477561795054964,0.07487401007919703,-0.16750659947207086,0.8790448161554826,-0.3466524134744468,0.03037515086293994,0.013198944084453742,0.023998080153588664,0.003599712023038591,-0.005519558435297642,-0.028077753779700343,-0.007679385649147773,0.02835999999999994,-0.051503,-0.919832,-0.101329,0.19239,-0.912585,0.12968899999999994,0.243893,0.0072470000000000034,0.9539602254490928,0.8781505523358352,0.8781505523358352,0.04603977455090724,0.12184944766416483,-0.912585
761,3.170833,jog,-1.264884,0.045902,0.946288,0.004037,0.025407,-0.99966,-0.2794047047527391,0.19323091694670622,-0.030964954392686317,-0.2000685192703897,-0.38625230652810183,-0.09370538778627256,0.0012001920307327459,0.005280844935189562,0.01392222755640841,-0.0048007681229309835,-0.023043686989920816,0.007201152184349838,0.029528999999999916,-0.052286,-0.919645,-0.10018500000000019,0.191489,-0.912426,0.1297140000000001,0.243775,0.0072190000000000865,0.9751026438110071,0.8867844159279927,0.8867844159279927,0.024897356188992914,0.11321558407200727,-0.912426
762,3.175,jog,-1.266017,0.046784,0.946275,0.004924,0.025035,-0.999666,-0.2718982481401733,0.2116630669546535,-0.003119750419976326,-0.1803934116515824,-0.42512512607523534,0.00046983879187501324,-0.007679385649156099,0.009839212862971469,0.010319174466043517,-0.0014398848092034469,-0.026637868970483574,0.026637868970483574,0.030629999999999935,-0.053127,-0.919589,-0.09905800000000009,0.190496,-0.912302,0.12968800000000003,0.24362299999999998,0.0072870000000000434,0.9730088267837649,0.864298094736806,0.864298094736806,0.02699117321623512,0.13570190526319403,-0.912302
763,3.179167,jog,-1.26707,0.047529,0.946336,0.005695,0.024583,-0.999673,-0.2526997840172562,0.1787856971442182,0.01463882889368227,-0.218363328360829,-0.3683200850450329,-0.037667075571626185,-0.014158867290623387,-0.002159827213822841,0.012718982481400111,-0.00191984641228882,-0.0232781377489753,0.033837293016555484,0.031623999999999874,-0.053881,-0.919597,-0.09801300000000013,0.189654,-0.912222,0.129637,0.243535,0.00737500000000002,0.9680751363045972,0.8577234458201446,0.8577234458201446,0.031924863695402816,0.1422765541798554,-0.912222
764,3.183333,jog,-1.268089,0.048327,0.946567,0.006436,0.024001,-0.999681,-0.24459913586175594,0.19155064810369138,0.05544887181951174,-0.2798757951537443,-0.3499440504111473,-0.19220954670224544,-0.0172827652424023,-0.014642342774843643,0.015122419587133661,-0.04464714354297033,-0.027124339894382836,-0.0026404224675940524,0.03257100000000013,-0.054740000000000004,-0.919765,-0.09718000000000004,0.188743,-0.912464,0.12975100000000017,0.243483,0.007301000000000002,0.954607276937532,0.8398109207043727,0.8398109207043727,0.045392723062468,0.1601890792956273,-0.912464
765,3.1875,jog,-1.269117,0.049088,0.946829,0.007377,0.02319,-0.999691,-0.24670026397889988,0.1826253899688103,0.06287497000239894,-0.3896218804070567,-0.4433392469419299,-0.27721751528891003,-0.012479001679905304,-0.031437485001201346,0.0333573314134885,-0.01655867530594621,-0.005039596832252029,0.014638828893688827,0.033546999999999993,-0.055632,-0.919888,-0.09622099999999989,0.18796100000000002,-0.9126650000000001,0.12976799999999988,0.243593,0.0072229999999999794,0.9208245179441903,0.889988369561309,0.889988369561309,0.07917548205580971,0.110011630438691,-0.9126650000000001
766,3.191667,jog,-1.270071,0.049787,0.947143,0.008103,0.022722,-0.999696,-0.22894168466521309,0.16774658027358536,0.07535397168225097,-0.22644086165153396,-0.347279244747523,-0.004927127377576546,-0.014158867290624896,-0.018238540916727417,0.027357811375091128,-0.01823854091671909,0.0035997120230352605,0.022078233741302137,0.03444199999999986,-0.056407,-0.9200879999999999,-0.09534299999999996,0.187277,-0.912887,0.12978499999999982,0.24368399999999998,0.007200999999999902,0.9403350153644969,0.8798856369917334,0.8798856369917334,0.05966498463550307,0.12011436300826661,-0.912887
767,3.195833,jog,-1.27097,0.050574,0.947551,0.008757,0.022363,-0.999697,-0.21579452712432995,0.18891022563609733,0.09793566970716847,-0.17264636600112332,-0.30940554496629746,-0.1659453190934791,-0.01488238118099011,-0.01368218915026361,0.027604416706672436,-0.01704272683633037,0.003120499279887817,0.022803648583772266,0.03527899999999984,-0.057251,-0.920381,-0.09451500000000013,0.186503,-0.9132,0.12979399999999996,0.243754,0.007180999999999993,0.9429743870587889,0.8804581552110085,0.8804581552110085,0.05702561294121111,0.11954184478899155,-0.9132
768,3.2,jog,-1.271868,0.05135,0.947994,0.009642,0.021851,-0.999698,-0.21550275977922023,0.18622510199182904,0.10631149508038018,-0.24638430355771151,-0.4191548035341583,-0.19637745744840338,-0.018718502519749387,-0.030237580993518736,0.028077753779695687,-0.013438924885968455,0.0011999040076738517,0.03911687065034641,0.0360990000000001,-0.058152999999999996,-0.920707,-0.0936729999999999,0.18573199999999998,-0.91348,0.129772,0.243885,0.0072270000000000945,0.9244822703261257,0.8587659586210508,0.8587659586210508,0.07551772967387427,0.14123404137894924,-0.91348
769,3.204167,jog,-1.272351,0.05167,0.948641,0.009893,0.021158,-0.999715,-0.11591072714183663,0.07679385649148439,0.15526757859370835,-0.33741869274562847,-0.12751955849291607,0.41116883763869466,-0.020638348932093695,-0.028797696184306647,0.037676985841134644,-0.01175905927530358,0.002399808015361281,0.052075833933286506,0.036496000000000084,-0.058593,-0.9211969999999999,-0.09323900000000007,0.185422,-0.91391,0.12973500000000016,0.244015,0.007286999999999932,0.9138024875610358,0.8380618763623732,0.8380618763623732,0.08619751243896423,0.16193812363762683,-0.91391
770,3.208333,jog,-1.273173,0.052371,0.949156,0.010438,0.020772,-0.999717,-0.19731156985119488,0.16826692270762866,0.12361977916467333,-0.18606074788915322,-0.2595152897373304,-0.06015766509892689,-0.028324531925122243,-0.02712433989438221,0.03504560729716666,0.011281805088845171,-0.005280844935188105,0.061929908785404275,0.03720000000000012,-0.059407,-0.921566,-0.09236999999999984,0.184699,-0.914167,0.12956999999999996,0.244106,0.007399000000000044,0.9123421500898956,0.8207262557200162,0.8207262557200162,0.08765784991010439,0.17927374427998377,-0.914167
771,3.2125,jog,-1.273981,0.053156,0.949633,0.011304,0.020755,-0.999707,-0.19390448764097834,0.18838492920567237,0.11447084233260654,-0.009967560062242708,-0.41511898733430275,-0.028896160558585324,-0.03143748500122612,-0.028797696184306647,0.03431725461963218,-0.0165586753059995,0.005759539236860413,0.036957043436527094,0.03787699999999994,-0.060312000000000004,-0.9218999999999999,-0.09163100000000002,0.183938,-0.9144899999999999,0.12950799999999996,0.24425,0.007410000000000028,0.9087844930740238,0.8577256915514071,0.8577256915514071,0.09121550692597624,0.1422743084485929,-0.9144899999999999
772,3.216667,jog,-1.27477,0.053917,0.950198,0.011939,0.020386,-0.999708,-0.1893448524117784,0.18262538996879085,0.13558915286777137,-0.1795324858599787,-0.3054238072327192,0.07132520319167485,-0.02447804175661585,-0.03551715862730758,0.04487640988720621,-0.014398848092139508,0.010799136069111292,0.03287736981041274,0.03856400000000004,-0.061221,-0.9222779999999999,-0.09090200000000004,0.183222,-0.914918,0.12946600000000008,0.244443,0.007359999999999922,0.8962570584789219,0.8639306828232556,0.8639306828232556,0.1037429415210781,0.13606931717674442,-0.914918
773,3.220833,jog,-1.275493,0.054628,0.950741,0.012903,0.019984,-0.999706,-0.1735477676428436,0.17066730676909736,0.13034085453672664,-0.1965772342617106,-0.46402937495507285,0.10200161390331171,-0.023283725396068513,-0.03312530004801033,0.04464714354297009,-0.013922227556437376,0.007441190590495848,0.03648583773404018,0.03919000000000006,-0.06207,-0.922635,-0.09023700000000012,0.18254199999999998,-0.9153089999999999,0.12942700000000018,0.244612,0.007326000000000055,0.8995456875803065,0.8604825875699762,0.8604825875699762,0.10045431241969349,0.1395174124300238,-0.9153089999999999
774,3.225,jog,-1.275951,0.055615,0.951127,0.014559,0.020307,-0.999674,-0.1099112071034417,0.23686105111589506,0.09263258939284232,0.15451817716540334,-0.7908739314617149,-0.2461893324961325,-0.02327813774898196,-0.028077753779695895,0.04199664026877631,-0.01559875209982668,0.015598752099833342,0.025197984161265785,0.039551000000000114,-0.063174,-0.9228459999999999,-0.08984400000000003,0.18162,-0.9155899999999999,0.12939500000000015,0.244794,0.00725600000000004,0.9072945262877163,0.8716233223864025,0.8716233223864025,0.09270547371228366,0.1283766776135975,-0.9155899999999999
775,3.229167,jog,-1.27665,0.056055,0.951402,0.016401,0.020354,-0.999651,-0.16774658027358702,0.10559155267579146,0.06599472042237528,0.008896869027775213,-0.8969944743470308,0.6180597699349544,-0.015598752099828344,-0.03431725461963197,0.061435085193187175,-0.006959443244501089,0.0026397888168974088,0.054475641948646125,0.04018500000000014,-0.063757,-0.9228649999999999,-0.08917399999999986,0.18119100000000002,-0.915638,0.129359,0.244948,0.0072269999999999834,0.8798696919961643,0.8360936731877894,0.8360936731877894,0.12013030800383573,0.16390632681221062,-0.915638
776,3.233333,jog,-1.277187,0.05657,0.951645,0.01868,0.020685,-0.999606,-0.12890062409985478,0.12361977916466334,0.058329332693227695,0.14972383044921897,-1.1012645360850613,0.30323197179784467,-0.015842534805597625,-0.02688430148823741,0.052088334133459556,-0.0057609217474852,-0.011041766682673305,0.07633221315410395,0.040656000000000025,-0.064384,-0.922891,-0.08866099999999988,0.18062999999999999,-0.9155629999999999,0.1293169999999999,0.24501399999999998,0.007328000000000112,0.8987996194509797,0.7978174140865928,0.7978174140865928,0.10120038054902025,0.2021825859134072,-0.9155629999999999
777,3.2375,jog,-1.27788,0.057333,0.951716,0.021369,0.020972,-0.999548,-0.16630669546433027,0.18310535157188257,0.017038636909058432,0.12915686995214576,-1.2965551983724557,0.24062173194697567,-0.015358771298312198,-0.02351811855051724,0.04511639068874712,-0.035517158627320314,-0.08711303095752791,0.12862970962323478,0.041284999999999794,-0.065245,-0.922774,-0.08811600000000008,0.179504,-0.915098,0.12940099999999988,0.244749,0.007676000000000016,0.9114235662026903,0.6576392610173687,0.6576392610173687,0.08857643379730973,0.3423607389826313,-0.915098
778,3.241667,jog,-1.278452,0.058085,0.952018,0.02297,0.020916,-0.999515,-0.1372690184785174,0.18046556275496758,0.07247420206383635,-0.033440295805950274,-0.7730992215057718,0.21018732713873106,-0.01847852171823327,-0.029997600191982842,0.04847612191024442,0.019918406527489847,0.04823614110870998,-0.027117830573551275,0.04177999999999993,-0.066122,-0.9228740000000001,-0.08746100000000001,0.178953,-0.915513,0.12924099999999994,0.245075,0.007361000000000062,0.9001216548658354,0.8283700904199451,0.8283700904199451,0.0998783451341646,0.17162990958005486,-0.915513
779,3.245833,jog,-1.27916,0.058636,0.952452,0.023702,0.020151,-0.999515,-0.16994719155068017,0.13226116178588282,0.10417666826690412,-0.3737098794150002,-0.35576890392309546,0.2390109245253801,-0.019443110897742564,-0.030004800768122106,0.04008641382621121,-0.010561689870416184,0.014402304368699676,0.010801728276523091,0.042407000000000084,-0.066798,-0.923141,-0.08679700000000001,0.178462,-0.915902,0.1292040000000001,0.24526,0.0072389999999999954,0.9104759001416243,0.8928228297193987,0.8928228297193987,0.08952409985837573,0.10717717028060125,-0.915902
780,3.25,jog,-1.279786,0.059464,0.952877,0.024395,0.019402,-0.999513,-0.15022798176146965,0.1987041036717159,0.10199184065275453,-0.3647678325675825,-0.33605232777696126,0.1920181131115421,-0.014158867290624896,-0.015838732901368217,0.04319654427645976,-0.010319174466046847,-0.028317734581236473,0.04343652507799589,0.04297400000000007,-0.067692,-0.9233859999999999,-0.08621400000000001,0.177516,-0.916146,0.12918800000000008,0.24520799999999998,0.007239999999999913,0.9197697684385991,0.8394853151927457,0.8394853151927457,0.08023023156140086,0.16051468480725428,-0.916146
781,3.254167,jog,-1.280499,0.06052,0.953483,0.024864,0.017295,-0.999541,-0.1711063114950795,0.2534197264218965,0.14542836573074708,-1.0191723301646287,-0.2296510217460418,0.2923971023228007,-0.013438924886023173,-0.017278617710584154,0.04919606431485714,-0.0047996160306959185,0.01103911687064857,0.036477081833454834,0.043630999999999975,-0.06881999999999999,-0.9237869999999999,-0.08552099999999996,0.176506,-0.9166,0.12915199999999993,0.245326,0.0071869999999999434,0.9102564134734681,0.8641101264707913,0.8641101264707913,0.08974358652653192,0.13588987352920867,-0.9166
782,3.258333,jog,-1.281232,0.061081,0.954042,0.024307,0.016418,-0.99957,-0.1759481517042373,0.1346615458473333,0.13418146903503622,-0.4314031250664338,0.2605758133762981,0.41547821559850706,-0.013922227556382593,-0.014642342774843643,0.050408065290444705,-0.0012001920307327459,0.0012001920307260835,0.03408545367258746,0.044305999999999957,-0.069442,-0.924136,-0.08479300000000012,0.17595,-0.917017,0.12909900000000007,0.245392,0.0071189999999999864,0.9094891094890072,0.8719305203501063,0.8719305203501063,0.09051089051099281,0.12806947964989368,-0.917017
783,3.2625,jog,-1.282453,0.061643,0.954368,0.024709,0.015677,-0.999569,-0.2930165586753214,0.13486921046315473,0.0782337413007028,-0.37781924572673437,-0.2081050399508898,0.9088384422591641,-0.01535877129831056,0.002399808015358527,0.06767458603311347,-0.0021598272138049403,-0.006959443244540312,0.032397408207340536,0.04546300000000003,-0.069994,-0.92418,-0.0835809999999999,0.175359,-0.917208,0.12904399999999994,0.245353,0.006971999999999978,0.8842716239414025,0.874935353505397,0.874935353505397,0.11572837605859754,0.12506464649460303,-0.917208
784,3.266667,jog,-1.283212,0.062642,0.954795,0.025087,0.015134,-0.999567,-0.18214542836572806,0.23974082073435218,0.10247180225581345,-0.2648551913098768,-0.18497657706626489,0.18357981257639283,-0.012958963282937596,0.018718502519799257,0.061675065994723305,-0.0019198464122890248,-0.0028797696184268765,0.022558195344374393,0.04616799999999999,-0.070915,-0.92435,-0.08282999999999996,0.174348,-0.9175409999999999,0.12899799999999995,0.245263,0.006809000000000065,0.890428475523396,0.8938730639853785,0.890428475523396,0.10957152447660401,0.10612693601462153,-0.9175409999999999
785,3.270833,jog,-1.283939,0.063241,0.95533,0.024647,0.014919,-0.999577,-0.17450792126737932,0.14378300528084156,0.12842054728757765,-0.12069735916925656,0.2007979130907735,0.673851164691461,-0.012962073931828376,-0.012962073931828376,0.043446951512240914,-0.0033605376860197087,-0.005520883341333322,0.019923187710032996,0.04684099999999991,-0.071568,-0.924704,-0.082117,0.173726,-0.9179930000000001,0.1289579999999999,0.245294,0.0067109999999999115,0.9214070204411894,0.8979811196057436,0.8979811196057436,0.07859297955881062,0.10201888039425644,-0.9179930000000001
786,3.275,jog,-1.284898,0.063803,0.955645,0.025073,0.014621,-0.99956,-0.23014158867295367,0.13486921046316744,0.07559395248379376,-0.16714787224849267,-0.22036415708903137,1.0124647984839676,-0.010559155267562993,-0.04919606431485714,0.026637868970483574,-0.005279577633781497,-0.0009599232061445124,0.008159347252220029,0.04775600000000013,-0.072335,-0.924908,-0.08117999999999981,0.17316,-0.9182739999999999,0.12893599999999994,0.24549500000000002,0.006634000000000029,0.9051122802799025,0.9173837101436944,0.9051122802799025,0.09488771972009746,0.08261628985630565,-0.9182739999999999
787,3.279167,jog,-1.285742,0.064568,0.956082,0.024925,0.014514,-0.999555,-0.20254379649623072,0.18358531317493526,0.10487161027117689,-0.07000326807418954,0.05997407729824297,0.7280265802470391,-0.012718982481420093,-0.014878809695223368,0.04871610271177969,-0.026157907367441835,0.021598272138229242,-0.004319654427646515,0.048546999999999896,-0.073162,-0.925142,-0.0804450000000001,0.172485,-0.918729,0.128992,0.245647,0.006413000000000002,0.9124974578665471,0.8788763139078117,0.8788763139078117,0.08750254213345288,0.12112368609218827,-0.918729
788,3.283333,jog,-1.287299,0.065183,0.956033,0.026619,0.015016,-0.999483,-0.37373979836777577,0.14762361977917743,-0.011761881901096885,0.22025692307886394,-0.8278434189587631,1.092396815928222,-0.010561689870364011,-0.006481036965915296,0.044647143542970925,0.030724915986591012,-0.01848295727317033,0.00816130580892991,0.05005999999999999,-0.07380400000000001,-0.924907,-0.07875999999999994,0.17179299999999997,-0.9186460000000001,0.12881999999999993,0.24559699999999998,0.006260999999999961,0.9227752098017676,0.8761018127103194,0.8761018127103194,0.07722479019823236,0.1238981872896806,-0.9186460000000001
789,3.2875,jog,-1.28788,0.065768,0.956371,0.026405,0.015597,-0.999461,-0.13942884569232236,0.14038876889847676,0.0811135109191094,0.2552735507789588,0.09242097046243374,0.8567246432362033,-0.012958963282936215,0.0026397888168946297,0.04007679385648916,-0.016798656107513854,0.019918406527476527,-0.005519558435323697,0.05058699999999994,-0.074378,-0.925078,-0.07824900000000001,0.171291,-0.919007,0.12883599999999995,0.245669,0.0060709999999999376,0.9296624681312037,0.8948989570179197,0.8948989570179197,0.07033753186879632,0.10510104298208034,-0.919007
790,3.291667,jog,-1.288541,0.066305,0.956601,0.026377,0.016,-0.999434,-0.15862730981522746,0.12886969042477422,0.055195584353269496,0.17204817522835023,0.0027669838960474925,0.812329548702254,-0.010319174466046847,-0.0043196544276461425,0.03383729301655909,0.027837772978164217,-0.021598272138224885,0.00431965442764531,0.051204999999999945,-0.074933,-0.9251670000000001,-0.07747199999999999,0.170664,-0.919219,0.12867699999999993,0.245597,0.005948000000000064,0.9406023949528015,0.8813571743473312,0.8813571743473312,0.05939760504719849,0.11864282565266882,-0.919219
791,3.295833,jog,-1.289317,0.066985,0.956755,0.026343,0.016262,-0.999405,-0.18626980316852826,0.16322611617858412,0.03696591454632339,0.10337536810982205,0.004083425675100592,0.8501426334019708,-0.01176188190109563,-0.005520883341334571,0.045367258761400985,0.0060009601536104296,-0.0028804608737426,-0.005040806529044554,0.05193200000000009,-0.07563600000000001,-0.9251320000000001,-0.07667099999999993,0.169972,-0.919394,0.12860300000000002,0.245608,0.005738000000000021,0.9213479853643656,0.9287037516955459,0.9213479853643656,0.07865201463563443,0.07129624830445414,-0.919394
792,3.3,jog,-1.290053,0.067659,0.957001,0.026539,0.015758,-0.99938,-0.17662586993037713,0.16174706023518715,0.0590352771778209,-0.2624123000620481,-0.11175644495731714,0.8374699591746501,-0.007919366450672245,0.0,0.03143748500120114,0.004559635229179773,-0.006479481641468798,-0.011999040076794748,0.05263499999999999,-0.07631,-0.925247,-0.0759160000000001,0.169271,-0.91969,0.12855100000000008,0.245581,0.005557000000000034,0.9459672982717158,0.920465273691792,0.920465273691792,0.05403270172828423,0.07953472630820801,-0.91969
793,3.304167,jog,-1.290761,0.068247,0.957125,0.026434,0.015815,-0.999357,-0.16990640748742736,0.1411087113030884,0.029757619390450067,0.008306168710711463,0.03963651505255943,0.6929029321722707,-0.008399328053756927,-0.00407967362610958,0.032637389008878304,0.008879289656842454,-0.006479481641468107,-0.020158387329010964,0.05330800000000013,-0.076915,-0.925235,-0.07517099999999988,0.168656,-0.919898,0.128479,0.245571,0.005337000000000036,0.9434218433893076,0.908362446044743,0.908362446044743,0.05657815661069243,0.09163755395525697,-0.919898
794,3.308333,jog,-1.29155,0.068913,0.957156,0.026543,0.016021,-0.999321,-0.18939030244836944,0.15986557849255442,0.007441190590495055,0.08057490342300574,-0.06259590394097786,0.739027916804958,-0.006000960153663729,0.019923187710032996,0.04488718194911055,0.0012001920307327459,0.0004800768122904334,-0.041286605856937296,0.0540719999999999,-0.077498,-0.925079,-0.07437699999999992,0.167992,-0.9201010000000001,0.1284489999999998,0.24549,0.004977999999999927,0.9175411881498199,0.881375272173083,0.881375272173083,0.08245881185018011,0.11862472782691702,-0.9201010000000001
795,3.3125,jog,-1.292244,0.069672,0.957301,0.026763,0.015412,-0.999296,-0.16654667626589972,0.18214542836573805,0.03479721622269195,-0.30776584166756776,-0.1225015479557649,0.6670750299732882,-0.007439404847586667,0.030237580993522164,0.0398368130549573,0.015598752099828344,-0.014878809695226619,-0.024958003359732344,0.05473499999999998,-0.07813099999999999,-0.9250579999999999,-0.07361799999999996,0.16717100000000001,-0.92035,0.12835299999999994,0.245302,0.0047079999999999345,0.9157281560925575,0.897955314955796,0.897955314955796,0.08427184390744247,0.10204468504420405,-0.92035
796,3.316667,jog,-1.292939,0.070349,0.957392,0.026801,0.015107,-0.999266,-0.16678665706746915,0.16246700263979552,0.021838252939780995,-0.1650577478853826,-0.03289510306118886,0.7198601021286944,-0.007199424046070521,-0.005279577633789822,0.01607871370290393,0.015598752099828344,-0.019438444924406394,-0.03407727381809522,0.055400000000000116,-0.07883,-0.9250820000000001,-0.07285799999999987,0.166413,-0.920583,0.12825799999999998,0.245243,0.004499000000000031,0.9693482517751477,0.8846451808424969,0.8846451808424969,0.030651748224852282,0.11535481915750312,-0.920583
797,3.320833,jog,-1.293563,0.071007,0.957454,0.026742,0.014755,-0.999249,-0.14978396543445532,0.15794527124339602,0.01488238118099011,-0.18235594978210154,0.01691582070136713,0.4796474844581869,-0.004080652904501996,0.0033605376860297025,0.017282765242438946,0.012962073931828376,-0.019203072491597348,-0.03264522323571782,0.05600699999999992,-0.079474,-0.925072,-0.07217999999999991,0.16567500000000002,-0.9207810000000001,0.12818699999999983,0.245149,0.004290999999999934,0.9698780757175709,0.8903716043641141,0.8903716043641141,0.030121924282429102,0.10962839563588589,-0.9207810000000001
798,3.325,jog,-1.29428,0.071755,0.957473,0.026868,0.014633,-0.999223,-0.1720662347012323,0.17950563954882484,0.004559635229179287,-0.06991302479883121,-0.06934759594860514,0.48463450016754406,0.006719462443037514,0.017518598512118,0.029277657787374532,0.013198944084452335,-0.013438924886008419,-0.033357331413484945,0.056752000000000136,-0.080149,-0.924969,-0.07140799999999992,0.164871,-0.9209390000000001,0.12816000000000005,0.24502000000000002,0.004029999999999978,0.9420432700948662,0.8958527781413286,0.8958527781413286,0.057956729905133786,0.10414722185867142,-0.9209390000000001
799,3.329167,jog,-1.29526,0.072502,0.957951,0.025127,0.012624,-0.999285,-0.23518118550516573,0.17926565874730785,0.11471082313414933,-0.9902199148595108,0.8087898077051402,0.19084464629394882,0.004079673626094195,0.0103191744660431,0.014878809695224956,0.014158867290624896,-0.015358771298298875,-0.036237101031918705,0.05774900000000005,-0.080853,-0.925385,-0.0703689999999999,0.16405999999999998,-0.9215679999999999,0.12811799999999995,0.244913,0.0038170000000000703,0.969065118730235,0.8921184341266645,0.8921184341266645,0.030934881269764958,0.10788156587333553,-0.9215679999999999
800,3.333333,jog,-1.295941,0.073243,0.958106,0.024561,0.012318,-0.999268,-0.16346615458471267,0.177868458953429,0.03720595295247527,-0.1696096361721652,0.2595492547950469,0.6379910732730737,-0.0007201152184289877,0.002880460873740102,0.008641382621219473,0.0057609217474852,-0.010321651464230993,-0.049687950072009886,0.05842700000000001,-0.081582,-0.925504,-0.06966399999999995,0.163276,-0.92193,0.12809099999999995,0.24485800000000002,0.003573999999999966,0.9847712703547178,0.8791356287233488,0.8791356287233488,0.015228729645282213,0.12086437127665117,-0.92193
801,3.3375,jog,-1.296464,0.07393,0.958163,0.024052,0.012572,-0.999252,-0.12550995920328176,0.1648668106551535,0.013678905687539319,0.10435609992473441,0.2416320734171614,0.456082408853505,-0.003359731221492472,0.0009599232061432635,0.006719462443004926,0.018478521718235236,-0.021598272138231546,-0.04823614110871346,0.0589360000000001,-0.08226499999999999,-0.9255329999999999,-0.06906400000000001,0.162499,-0.922188,0.1280000000000001,0.244764,0.0033449999999999314,0.987377222751739,0.8732365135192709,0.8732365135192709,0.012622777248260997,0.1267634864807291,-0.922188
802,3.341667,jog,-1.297028,0.074666,0.958262,0.023604,0.012681,-0.999227,-0.1353491720662286,0.17662586993039495,0.023758099352040846,0.03237310447096802,0.20862906757201072,0.5913256359785216,-0.005759539236866461,0.0067194624430042095,0.001919846412287155,0.023038156947465843,-0.03143748500119613,-0.04199664026877631,0.059476000000000084,-0.08297299999999999,-0.925624,-0.06840399999999991,0.161632,-0.9224619999999999,0.12788,0.24460500000000002,0.003162000000000109,0.9849068376416927,0.8728872729267141,0.8728872729267141,0.015093162358307266,0.1271127270732859,-0.9224619999999999
803,3.345833,jog,-1.297599,0.075263,0.95822,0.023598,0.013131,-0.999176,-0.13706192990876678,0.1433029284685664,-0.010081613058086851,0.1988029292304409,-0.0007729226825993222,0.7378712747079775,-0.0052808449351820054,0.006961113778204947,-0.002160345655305515,0.03960633701391834,-0.04440710513682985,-0.027364378300529305,0.060024999999999995,-0.083541,-0.9255909999999999,-0.06766800000000006,0.16085,-0.922534,0.12769300000000006,0.244391,0.0030569999999999764,0.98499893322192,0.8602733577367416,0.8602733577367416,0.015001066778079997,0.13972664226325837,-0.922534
804,3.35,jog,-1.298301,0.075704,0.957986,0.024336,0.014353,-0.999096,-0.16846652267817078,0.10583153347731464,-0.05615550755938138,0.5808793264609889,-0.34617266334358215,0.7042858004140358,-0.004559635229179287,0.008879289656827051,-0.0052795776337892595,0.016798656107513854,-0.022798176145903095,-0.03743700503959536,0.060707999999999984,-0.08394499999999999,-0.925379,-0.06689600000000007,0.160314,-0.922456,0.12760400000000005,0.244259,0.002922999999999898,0.9811802410110915,0.8925345819598021,0.8925345819598021,0.01881975898890853,0.10746541804019794,-0.922456
805,3.354167,jog,-1.298878,0.076298,0.957969,0.024345,0.014488,-0.999041,-0.13846892248621936,0.1425485961123202,-0.004079673626120838,0.04614327239583603,-0.014171166917761343,0.7868609727758772,-0.004079673626147482,0.006479481641468798,-0.0016798656107512315,0.02039836813052426,-0.023038156947448315,-0.03599712023038258,0.06126799999999988,-0.084512,-0.925369,-0.06623400000000013,0.159624,-0.922589,0.127502,0.244136,0.0027800000000000047,0.9869350588184129,0.8932724178122003,0.8932724178122003,0.013064941181587075,0.10672758218779965,-0.922589
806,3.358333,jog,-1.299323,0.076889,0.957989,0.024171,0.014479,-0.999008,-0.10681709073452149,0.1418626980316798,0.004800768122904334,-0.019661963644636578,0.07531418443398623,0.5263344698685415,0.0,0.010321651464234324,-0.006481036965914188,-0.0067210753720394175,-0.005040806529042888,-0.04464714354296533,0.06171299999999991,-0.08506,-0.925416,-0.06581700000000001,0.159012,-0.922795,0.12752999999999992,0.244072,0.0026209999999999845,0.9796871463037511,0.8980721389930936,0.8980721389930936,0.02031285369624891,0.10192786100690643,-0.922795
807,3.3625,jog,-1.29973,0.077532,0.957955,0.024129,0.014408,-0.998977,-0.09767218622511754,0.15430765538757715,-0.008159347252215033,-0.04542820880356301,0.0120713747829765,0.45069782249020324,0.0007199424046550099,0.005999520038396958,-0.005039596832253694,0.014158867290624896,-0.007679385649149438,-0.03359731221502463,0.06212300000000015,-0.085678,-0.925403,-0.06535099999999994,0.158337,-0.922901,0.1274740000000001,0.24401499999999998,0.0025020000000000042,0.9868861720576239,0.912881827836532,0.912881827836532,0.013113827942376144,0.08711817216346796,-0.922901
808,3.366667,jog,-1.300238,0.078228,0.957902,0.024354,0.014217,-0.998936,-0.12191024718020686,0.16702663786896083,-0.012718982481393451,-0.09994306383517523,-0.11905055111998815,0.5133190908922979,0.0016798656107194136,0.007679385649147787,-0.005279577633787594,0.020158387329005968,-0.013198944084472317,-0.029757619390446736,0.06263799999999997,-0.086342,-0.9253720000000001,-0.06475900000000001,0.157586,-0.922972,0.12739699999999998,0.243928,0.0024000000000000687,0.9842177268563037,0.9121841055927733,0.9121841055927733,0.01578227314369629,0.0878158944072267,-0.922972
809,3.370833,jog,-1.300588,0.079052,0.957857,0.024328,0.013909,-0.998924,-0.08401344215075922,0.19779164666345866,-0.010801728276541413,-0.15352827889828433,0.003751265466680797,0.2202642886215605,0.0007201152184289877,0.012962073931828792,-0.008881421027364689,0.049207873259722784,-0.025924147863656752,-0.014642342774844892,0.06299100000000002,-0.087112,-0.925364,-0.06420399999999993,0.15665400000000002,-0.9229879999999999,0.12719499999999995,0.243766,0.0023760000000000447,0.9737843576165699,0.8803831270194735,0.8803831270194735,0.026215642383430104,0.11961687298052648,-0.9229879999999999
810,3.375,jog,-1.300812,0.08004,0.95785,0.024237,0.012851,-0.998937,-0.05375569954403941,0.2371010319174581,-0.001679865610746236,-0.5099232136676102,0.024457420203381892,0.02781706472017063,0.0007199424046017234,0.007919366450684317,-0.012479001679867005,0.014878809695226619,-0.004559635229179773,-0.025197984161266805,0.063218,-0.088067,-0.9254089999999999,-0.06391799999999992,0.155647,-0.923086,0.12713599999999992,0.24371400000000001,0.002322999999999964,0.9753378289585327,0.9274099943397321,0.9274099943397321,0.024662171041467285,0.07259000566026785,-0.923086
811,3.379167,jog,-1.301296,0.080773,0.957583,0.024987,0.012935,-0.998892,-0.11615070794335278,0.1759059275258054,-0.06407487401008626,0.045965013910387674,-0.36281885567886735,0.3236577050136858,-0.00023998080151614568,0.006959443244540638,-0.010079193664507389,0.010319174466046847,-0.004319654427650306,-0.026157907367412983,0.06370100000000001,-0.088771,-0.925184,-0.06339099999999998,0.15489599999999998,-0.922928,0.12709199999999998,0.243667,0.0022560000000000358,0.9795820350082387,0.930023966205829,0.930023966205829,0.020417964991761295,0.06997603379417106,-0.922928
812,3.383333,jog,-1.301724,0.081421,0.957339,0.025636,0.012907,-0.998862,-0.10273643783007279,0.15554488718194384,-0.058569371099352924,-0.005912771659389355,-0.3143829807857799,0.17312934704263971,0.0004800768123037582,0.00984157465194389,-0.010561689870377875,0.0115218434949704,0.0019203072491617336,-0.016082573211712862,0.06413100000000016,-0.089378,-0.924984,-0.06291499999999983,0.154256,-0.9227510000000001,0.127046,0.243634,0.0022329999999999295,0.9759262499866707,0.9445418976897644,0.9445418976897644,0.024073750013329343,0.055458102310235624,-0.9227510000000001
813,3.3875,jog,-1.302274,0.082045,0.956998,0.026641,0.013033,-0.998792,-0.1319894408446832,0.14974802015838143,-0.08183345332373769,0.06584125182174454,-0.4871037338449054,0.5177289659778934,0.002879769618406587,0.013918886489080209,-0.01631869450443832,0.013678905687537862,0.006239500839932004,-0.017038636909046626,0.06469299999999989,-0.08994400000000001,-0.9247110000000001,-0.06230800000000003,0.153658,-0.922481,0.12700099999999992,0.24360199999999999,0.0022300000000000653,0.9639318444361472,0.9398274440004377,0.9398274440004377,0.03606815556385279,0.06017255599956228,-0.922481
814,3.391667,jog,-1.302578,0.082776,0.956766,0.027418,0.013004,-0.998756,-0.07295416366692965,0.17542596592273313,-0.05567554595632843,-0.003833782199105487,-0.37581876210728943,0.17425530116930957,-0.0011999040076873012,0.008159347252220029,-0.006719462443004926,0.010319174466046847,0.009839212862974591,-0.013198944084473724,0.06499199999999994,-0.090641,-0.924507,-0.06196099999999993,0.152968,-0.922304,0.12695299999999987,0.24360900000000002,0.002202999999999955,0.9822700901853418,0.9455874088106698,0.9455874088106698,0.017729909814658162,0.05441259118933017,-0.922304
815,3.395833,jog,-1.302896,0.083552,0.956504,0.02827,0.012858,-0.998719,-0.07633221315411229,0.1862698031685016,-0.06289006240998014,-0.058845577840613825,-0.41426722809206445,0.18477431954648357,0.0004800768123037582,0.006481036965914604,-0.007921267402785488,0.010561689870362885,0.009361497839650125,-0.01272203552568316,0.06531200000000004,-0.09139,-0.924278,-0.06159899999999996,0.152231,-0.922095,0.126911,0.243621,0.002183000000000046,0.9829233109534197,0.9465017051893887,0.9465017051893887,0.01707668904658033,0.0534982948106113,-0.922095
816,3.4,jog,-1.303171,0.084352,0.956294,0.028864,0.012536,-0.998694,-0.06599472042237528,0.1919846412287093,-0.05039596832254693,-0.14671206037575152,-0.29302351309417635,0.13049645913378433,0.0014398848092034469,0.006479481641468798,-0.00863930885529062,0.006719462442984944,0.012718982481401468,-0.010559155267579645,0.06559300000000001,-0.092163,-0.9241039999999999,-0.06129600000000002,0.151484,-0.921929,0.12688900000000003,0.243647,0.002174999999999927,0.981842157486899,0.9485094809295029,0.9485094809295029,0.01815784251310104,0.051490519070497065,-0.921929
817,3.404167,jog,-1.303319,0.084892,0.95608,0.029792,0.012268,-0.998627,-0.03551715862726324,0.12958963282936548,-0.05135589152865933,-0.12469445931374006,-0.4572514304500043,0.49577910848296197,0.0028797696184598735,0.008399328053755262,-0.00623950083993367,0.008159347252240807,0.015838732901369446,-0.011279097672185162,0.06575299999999995,-0.092668,-0.9239160000000001,-0.06111400000000011,0.15101,-0.9217620000000001,0.12686700000000006,0.243678,0.0021539999999999893,0.9819127764905156,0.9433151231881886,0.9433151231881886,0.01808722350948444,0.05668487681181145,-0.9217620000000001
818,3.408333,jog,-1.30355,0.085589,0.955843,0.030415,0.012175,-0.998598,-0.05544887181951765,0.1673067690830673,-0.05688910225637578,-0.03618362876370375,-0.3026319395453283,0.13364790061459586,0.001440230436858129,0.010801728276525075,-0.0009601536245793035,0.002880460873716258,0.011521843494958304,-0.0069611137782053635,0.06599,-0.09332,-0.923683,-0.06087100000000012,0.150361,-0.921554,0.1268610000000001,0.24368099999999998,0.0021290000000000475,0.9817674366056889,0.9557664074909038,0.9557664074909038,0.01823256339431112,0.0442335925090962,-0.921554
819,3.4125,jog,-1.303847,0.086242,0.955605,0.031271,0.012073,-0.998544,-0.07127429805614918,0.1567074634029184,-0.05711543076552579,-0.04153148806437905,-0.4171153707771492,0.3243372097936581,0.0011999040076871733,0.005999520038396527,-0.0040796736261104125,0.0033597312215454,0.013198944084472317,-0.0055195584353253625,0.06629200000000002,-0.093948,-0.923462,-0.06055999999999995,0.14976299999999998,-0.921339,0.12685199999999996,0.24371099999999998,0.002122999999999986,0.9877437377441427,0.9542770620071925,0.9542770620071925,0.012256262255857298,0.045722937992807466,-0.921339
820,3.416667,jog,-1.304011,0.086965,0.955466,0.031828,0.011931,-0.998512,-0.039356851451898364,0.17350611951044742,-0.0333573314134885,-0.06210776088303953,-0.2724487409335925,0.17213833917617397,-0.0002399808015694321,0.004799616030717774,-0.00431965442764531,0.004559635229179773,0.009599232061438463,-0.003359731221502463,0.06645499999999993,-0.094651,-0.9233410000000001,-0.0603769999999999,0.14908,-0.9212140000000001,0.12683199999999983,0.243731,0.00212699999999999,0.9892305319431738,0.960154080441988,0.960154080441988,0.010769468056826215,0.03984591955801198,-0.9212140000000001
821,3.420833,jog,-1.304182,0.087703,0.955427,0.032481,0.011449,-0.998484,-0.04104656745077209,0.17714834373499336,-0.009361497839656788,-0.22217051426596007,-0.32505932384933783,0.13519419745642816,-0.0016802688429832047,0.006961113778204413,0.002880460873739269,-0.030724915986587737,-0.006481036965914188,-0.03504560729716666,0.06661899999999998,-0.09536,-0.92329,-0.06033400000000011,0.148315,-0.9213210000000001,0.1269530000000001,0.243675,0.0019689999999999985,0.9871355935423279,0.9018841876859333,0.9018841876859333,0.012864406457672062,0.09811581231406674,-0.9213210000000001
822,3.425,jog,-1.304467,0.088481,0.955367,0.033016,0.011159,-0.998463,-0.06839452843774987,0.18670506359492114,-0.014398848092167685,-0.13023633835324652,-0.2635409056012792,0.06677398048833345,-0.0009599232061711556,0.002399808015358783,0.0014398848092151033,-0.002399808015321316,0.007199424046077182,-0.008159347252220029,0.06689999999999996,-0.096128,-0.9232239999999999,-0.06005899999999986,0.147567,-0.921295,0.12695899999999982,0.243695,0.0019289999999999585,0.9950688632885469,0.9621383869030697,0.9621383869030697,0.004931136711453066,0.03786161309693026,-0.921295
823,3.429167,jog,-1.304796,0.089171,0.95526,0.033683,0.011158,-0.998424,-0.07895368370530446,0.1655867530597442,-0.025677945764329666,0.007378077575359809,-0.32235903191376786,0.18315730716277343,-0.0014398848092032936,-0.005039596832253157,0.00623950083993367,0.00191984641228882,0.007439404847612517,-0.0028797696184298996,0.06722300000000003,-0.096839,-0.923091,-0.05972199999999983,0.146908,-0.9212,0.12694499999999986,0.24374700000000002,0.001890999999999976,0.986418745023321,0.9674148372151989,0.9674148372151989,0.013581254976678947,0.03258516278480106,-0.9212
824,3.433333,jog,-1.304929,0.089928,0.955239,0.033844,0.011268,-0.998425,-0.03192510801726718,0.1817090734517458,-0.005040806529056213,0.05904010212165936,-0.07387771861194176,-0.0868201395896525,-0.0012001920307327459,0.0024003840614498766,0.009361497839653458,-0.0004800768123037582,0.005280844935188105,-0.0019203072491600678,0.06735099999999994,-0.09758599999999999,-0.9230309999999999,-0.05959099999999995,0.146173,-0.921187,0.1269419999999999,0.243759,0.0018439999999999568,0.9837690328251711,0.9721606240002638,0.9721606240002638,0.01623096717482886,0.027839375999736182,-0.921187
825,3.4375,jog,-1.305167,0.09056,0.955191,0.034418,0.011591,-0.998397,-0.057115430765531876,0.1516678665706831,-0.011519078473707506,0.16509391074682098,-0.2693953925047082,0.054957797775892096,-0.00215982721380517,-0.002879769618430623,0.007199424046077182,0.00215982721380517,0.0038396928245713886,-0.0009599232061428472,0.06757999999999997,-0.09823,-0.922953,-0.05934400000000006,0.145557,-0.921143,0.12692400000000004,0.243787,0.0018099999999999783,0.9865846653617789,0.9743852834861169,0.9743852834861169,0.013415334638221088,0.02561471651388314,-0.921143
826,3.441667,jog,-1.305505,0.091297,0.955199,0.035031,0.01168,-0.998364,-0.08111351091911805,0.17686585073194988,0.0019198464122890248,0.0514906062724937,-0.2938207955571005,0.11806637476386352,-0.004559635229179773,-0.003119750419966543,0.013198944084473724,0.0023998080153746024,0.003119750419969665,0.0021598272138218222,0.06789899999999993,-0.09898,-0.922906,-0.05899600000000005,0.144833,-0.921142,0.12689499999999998,0.243813,0.0017639999999999878,0.9761523795124171,0.9748772838437276,0.9748772838437276,0.023847620487582932,0.025122716156272373,-0.921142
827,3.445833,jog,-1.305853,0.091901,0.955125,0.035709,0.01194,-0.998313,-0.08353336533845546,0.1449831973115643,-0.01776284205473271,0.13013214926440453,-0.3233619515016661,0.2575814197812076,-0.003840614498323467,-0.0038406144983197193,0.018482957273163365,0.0024003840614654917,0.00072011521843565,0.0019203072491600678,0.06823099999999993,-0.0996,-0.922755,-0.05863799999999997,0.14423200000000003,-0.92106,0.1268689999999999,0.24383200000000002,0.001695000000000002,0.9678925264406566,0.9777879795015136,0.9678925264406566,0.0321074735593434,0.022212020498486362,-0.92106
828,3.45,jog,-1.306034,0.092633,0.955204,0.035985,0.012033,-0.998294,-0.04343652507798793,0.17566594672425054,0.018958483321345438,0.04733652405613005,-0.13166483401690984,0.08953751753275202,-0.0033597312214921136,-0.0007199424046074749,0.014398848092151164,0.0,-0.0007199424046083076,0.0002399808015361025,0.06839799999999996,-0.100335,-0.9227740000000001,-0.05845699999999998,0.143497,-0.921138,0.12685499999999994,0.243832,0.0016360000000000818,0.975328100930666,0.9823751901207218,0.975328100930666,0.02467189906933398,0.01762480987927817,-0.921138
829,3.454167,jog,-1.306176,0.093295,0.955339,0.036281,0.0121,-0.998265,-0.034077273818116864,0.15886729061676028,0.032397408207343985,0.031701019658123185,-0.14319852413515813,0.19076413496932587,-0.003119750419976326,-0.006239500839933086,0.016318694504440057,0.0019198464122890248,-0.0007199424046083842,-0.0007199424046067191,0.068527,-0.101023,-0.922841,-0.05830699999999989,0.14283200000000001,-0.9212760000000001,0.1268339999999999,0.24385500000000002,0.0015649999999999276,0.9704212912655201,0.9807281356938866,0.9704212912655201,0.029578708734479875,0.019271864306113384,-0.9212760000000001
830,3.458333,jog,-1.306376,0.093954,0.955446,0.03677,0.012179,-0.998218,-0.04800768122899004,0.1581853096495379,0.025684109457504874,0.037915963347538745,-0.23704884614662963,0.2947599024747403,-0.0060009601536104296,-0.00912145943350928,0.0232837253960627,0.0014402304368579754,-0.002400384061452167,0.0002400384061435511,0.06870200000000004,-0.10171999999999999,-0.922851,-0.05810099999999996,0.14216299999999998,-0.921382,0.126803,0.243883,0.0014689999999999426,0.9571389709097974,0.9806273708150497,0.9571389709097974,0.04286102909020262,0.019372629184950307,-0.921382
831,3.4625,jog,-1.306498,0.094602,0.955645,0.036965,0.01191,-0.998189,-0.029277657787367663,0.15550755939525782,0.04775617950562954,-0.13393867080774327,-0.10293738097123983,0.2520247963910065,-0.004319654427663628,-0.006239500839933086,0.020398368130550903,0.0,-0.0033597312214991323,0.0007199424046083842,0.06880599999999992,-0.10239400000000001,-0.9229649999999999,-0.057979,0.141501,-0.921578,0.12678499999999993,0.243895,0.001386999999999916,0.963726187610549,0.9804033297083177,0.963726187610549,0.03627381238945104,0.019596670291682328,-0.921578
832,3.466667,jog,-1.306711,0.0953,0.955794,0.03733,0.011938,-0.998171,-0.05111591072714321,0.1675065994720297,0.03575713942885929,0.019860747406222366,-0.1751196665682517,0.044800008453240954,-0.0035997120230082335,-0.0031197504199662104,0.02327813774897863,0.002639788816890467,-0.004079673626113743,0.0007199424046083076,0.06900400000000007,-0.103105,-0.923017,-0.057755,0.140786,-0.921724,0.12675900000000007,0.243891,0.0012929999999999886,0.9603991278718409,0.9788828591750808,0.9603991278718409,0.039600872128159104,0.021117140824919223,-0.921724
833,3.470833,jog,-1.306763,0.095924,0.956066,0.037573,0.01159,-0.998121,-0.012481997119525948,0.14978396543448128,0.06529044647142596,-0.17848880596581926,-0.13059017533002315,0.45829838597743744,0.002160345655287193,0.02712433989438531,0.0732117138742256,0.03912626020161453,0.012241958713400693,0.03312530004801012,0.06906499999999993,-0.103616,-0.922984,-0.05754000000000015,0.14021300000000003,-0.921858,0.12660500000000008,0.24382900000000002,0.0011260000000000714,0.8698254168384931,0.9008951985068149,0.8698254168384931,0.13017458316150687,0.09910480149318512,-0.921858
834,3.475,jog,-1.306695,0.096621,0.956348,0.037421,0.011207,-0.998096,0.016318694504428327,0.16726661867049694,0.0676745860331143,-0.1999700691910478,0.059655078347355416,0.34517438550516344,0.016318694504428327,0.053995680345569154,0.07151427885768695,0.0021598272138582267,-0.006239500839938666,0.005519558435323697,0.06906499999999993,-0.104088,-0.922968,-0.057598999999999956,0.13949,-0.922117,0.1266639999999999,0.243578,0.0008510000000000462,0.8481948858381909,0.9771468105934994,0.8481948858381909,0.15180511416180908,0.022853189406500607,-0.922117
835,3.479167,jog,-1.306675,0.097248,0.956691,0.037515,0.010479,-0.998058,0.0047996160306959185,0.15046796256300243,0.08231341492680534,-0.36233810580801207,-0.06716657952254274,0.41268400156920515,-0.004559635229179773,-0.005279577633789614,0.024478041756660088,0.0011999040076340148,-0.002159827213818492,-0.00047996160307059096,0.06902600000000003,-0.104737,-0.923209,-0.057614000000000054,0.138854,-0.922462,0.12664000000000009,0.243591,0.0007469999999999422,0.957578872478996,0.9883351001993461,0.957578872478996,0.04242112752100402,0.011664899800653883,-0.922462
836,3.483333,jog,-1.306706,0.097862,0.956945,0.037737,0.010229,-0.998007,-0.007441190590468405,0.14738358137301646,0.06096975516084507,-0.1307912963519939,-0.11771660992335166,0.4330298901385546,-0.0067210753720394175,-0.014642342774843643,0.022083533365338283,0.0004800768123037582,-0.006000960153623755,-0.0021603456553052846,0.06902900000000001,-0.105412,-0.923371,-0.057581000000000104,0.138215,-0.922725,0.1266100000000001,0.243627,0.0006460000000000354,0.9544401034659178,0.9828799643187109,0.9544401034659178,0.04555989653408221,0.01712003568128906,-0.922725
837,3.4875,jog,-1.306745,0.098463,0.957205,0.037771,0.009797,-0.997959,-0.009359251259928978,0.14422846172306644,0.062395008399313376,-0.224288453400794,-0.03241337425704278,0.47981895157206533,-0.007199424046070521,-0.015838732901368634,0.022078233741302137,0.0023998080153746024,-0.0033597312215057932,-0.0009599232061428472,0.06903800000000015,-0.10607899999999999,-0.923539,-0.05753199999999992,0.1376,-0.922989,0.12657000000000007,0.243679,0.0005500000000000504,0.9531507864511756,0.9874351564943988,0.9531507864511756,0.04684921354882443,0.012564843505601164,-0.922989
838,3.491667,jog,-1.306726,0.099152,0.957497,0.037855,0.009264,-0.99791,0.004559635229179287,0.16534677225821146,0.07007439404848864,-0.2711940827598489,-0.05876504369835644,0.47107125208196976,-0.00767938564915528,-0.03959683225341716,0.003119750419966002,0.00191984641228882,-0.0067194624430042095,-0.0002399808015361025,0.06898700000000013,-0.106933,-0.923818,-0.0575429999999999,0.13688299999999998,-0.923282,0.12653000000000003,0.243816,0.0005359999999999809,0.932574837141535,0.9829858905012928,0.932574837141535,0.067425162858465,0.017014109498707186,-0.923282
839,3.495833,jog,-1.306737,0.099824,0.957753,0.037854,0.008983,-0.997856,-0.0026404224675907213,0.1613058089294224,0.061449831973095524,-0.1541585629214522,-0.012290546323899525,0.516986766290006,-0.019203072491617335,-0.04872779644743027,-0.004320691310608904,0.0031204992798944792,-0.0038406144983168045,0.0009601536245792011,0.06891800000000003,-0.107808,-0.9240919999999999,-0.057518999999999876,0.136195,-0.923534,0.1264369999999999,0.244003,0.0005579999999999474,0.9124115603590977,0.9860186557849195,0.9124115603590977,0.08758843964090235,0.01398134421508046,-0.923534
840,3.5,jog,-1.306768,0.100443,0.958013,0.038172,0.008554,-0.997778,-0.007439404847586667,0.14854811615071675,0.062395008399340014,-0.22080197864217596,-0.17018186748311576,0.6178119420838181,-0.020158387329008116,-0.028797696184306647,0.006719462443003261,0.00023998080151614568,-0.005519558435324285,0.0002399808015361281,0.06886499999999995,-0.108547,-0.924324,-0.057487000000000066,0.135553,-0.923793,0.12635200000000002,0.2441,0.0005310000000000592,0.9403524457809581,0.9854733624335659,0.9403524457809581,0.05964755421904189,0.01452663756643413,-0.923793
841,3.504167,jog,-1.306694,0.101088,0.958327,0.038136,0.007859,-0.997734,0.017758579313633515,0.15478761699064608,0.07535397168227762,-0.35071355997567777,-0.005397574038525445,0.4363205332301686,-0.01607871370291392,-0.02183825293976559,0.016558675305977853,0.0019198464122890248,-0.002159827213825153,-0.0023998080153596157,0.06872400000000001,-0.10928299999999999,-0.9245690000000001,-0.057552999999999965,0.134899,-0.9241170000000001,0.12627699999999997,0.244182,0.00045200000000000795,0.9470423635322468,0.9892195105021557,0.9470423635322468,0.0529576364677532,0.01078048949784427,-0.9241170000000001
842,3.508333,jog,-1.306713,0.101735,0.958563,0.038352,0.007269,-0.997654,-0.004560729716752455,0.15530484877580197,0.05664906385021784,-0.30160201885372345,-0.12561940447723938,0.6443106961061382,-0.011041766682666643,-0.012001920307249175,0.018722995679306915,0.0024003840614654917,-0.004320691310607238,-0.0016802688430148512,0.06869700000000001,-0.10998000000000001,-0.9247270000000001,-0.05752399999999991,0.13423400000000002,-0.9243600000000001,0.12622099999999992,0.24421400000000001,0.0003670000000000062,0.9586170569979694,0.987629182600835,0.9586170569979694,0.0413829430020306,0.012370817399165013,-0.9243600000000001
843,3.5125,jog,-1.306745,0.102397,0.958776,0.038526,0.00665,-0.997574,-0.00767938564915528,0.15886729061674001,0.05111591072711657,-0.31649438587626794,-0.10625050245019572,0.642332336163161,-0.0095992320614441,-0.011039116870649476,0.019198464122869883,0.003119750419922707,-0.0011999040076805126,-0.0019198464122854896,0.068689,-0.11068800000000001,-0.92486,-0.05747900000000006,0.133567,-0.924581,0.12616800000000006,0.244255,0.0002790000000000292,0.9597718871748446,0.9907855625933686,0.9597718871748446,0.04022811282515537,0.009214437406631415,-0.924581
844,3.516667,jog,-1.306633,0.103011,0.959011,0.038574,0.00595,-0.997518,0.026877849772046346,0.14734821214303612,0.056395488360930154,-0.35225417022441197,-0.04658137521503918,0.4701212514649761,-0.007199424046070521,-0.011039116870651068,0.017518598512119034,0.002159827213858457,-0.002399808015361281,-0.0014398848092167685,0.06854699999999991,-0.111348,-0.9250219999999999,-0.05758200000000002,0.13294299999999998,-0.9248219999999999,0.12612899999999994,0.244291,0.00019999999999997797,0.9634625343841021,0.9921081034066249,0.9634625343841021,0.03653746561589788,0.00789189659337508,-0.9248219999999999
