frame_id,timestamp,gait_type,root_position_x,root_position_y,root_position_z,root_orientation_x,root_orientation_y,root_orientation_z,root_linear_velocity_x,root_linear_velocity_y,root_linear_velocity_z,root_angular_velocity_x,root_angular_velocity_y,root_angular_velocity_z,left_linear_velocity_x,left_linear_velocity_y,left_linear_velocity_z,right_linear_velocity_x,right_linear_velocity_y,right_linear_velocity_z,left_pos_rel_x,left_pos_rel_y,left_pos_rel_z,right_pos_rel_x,right_pos_rel_y,right_pos_rel_z,step_length,step_width,step_height,left_contact_prob,right_contact_prob,support_type,left_swing_phase,right_swing_phase,max_foot_height
1,0.004167,walk,2.080307,-0.11354,0.972247,-0.991505,-0.126963,-0.008676,-0.10247180225586208,0.02999760019198467,0.021358291336694445,0.08469987974118584,-0.08430607760042379,0.23972817905957106,0.010559155267615798,-0.014398848092152874,-0.005039596832253464,0.0019198464122356508,-0.0026397888168972886,-0.0007199424046083515,-0.0863379999999998,0.13928000000000001,-0.9389799999999999,0.09814999999999996,-0.105299,-0.938805,0.18448799999999976,0.244579,0.00017499999999992522,0.9690780497516475,0.9926790903619428,0.9690780497516475,0.030921950248352537,0.007320909638057205,-0.938805
2,0.008333,walk,2.079848,-0.113407,0.972238,-0.991442,-0.12746,-0.008548,-0.1101776284204909,0.03192510801728471,-0.002160345655287022,-0.009733371174148842,0.06720441717712729,0.23876691039439565,0.004080652904448808,-0.010561689870378995,-0.003360537686029794,0.003600576092251635,0.00048007681229044646,0.00048007681229044646,-0.0858620000000001,0.139103,-0.9389850000000001,0.09862400000000004,-0.10543000000000001,-0.938794,0.18448600000000015,0.244533,0.00019100000000005224,0.9803153871017177,0.991983287916951,0.9803153871017177,0.019684612898282272,0.008016712083048994,-0.938794
3,0.0125,walk,2.079448,-0.113271,0.972099,-0.991391,-0.127819,-0.008114,-0.09599232061434027,0.03263738900887862,-0.03335733141348697,-0.17524465275426201,0.19210318580244728,0.16708613702583056,-0.00047996160308555583,-0.0028797696184309075,-0.006719462443004618,0.0023998080152679195,-0.0007199424046083513,0.0019198464122872716,-0.0854640000000002,0.138955,-0.9388740000000001,0.09903399999999962,-0.10556900000000001,-0.938647,0.18449799999999983,0.24452400000000002,0.00022700000000008824,0.9877895068214735,0.9924692422855453,0.9877895068214735,0.012210493178526516,0.007530757714454661,-0.938647
4,0.016667,walk,2.078933,-0.113102,0.972305,-0.991336,-0.128319,-0.008655,-0.12359011279098707,0.040556755459563824,0.04943604511637351,0.272245637149395,-0.21994545545977692,0.250330367311952,-0.007679385649155747,0.00143988480921587,-0.0031197504199661917,0.002879769618513335,-0.0002399808015361171,0.0,-0.0849810000000002,0.138792,-0.939093,0.09956100000000001,-0.10573900000000001,-0.9388529999999999,0.1845420000000002,0.244531,0.00024000000000001798,0.985978283222964,0.9927837474685479,0.985978283222964,0.014021716777036008,0.007216252531452083,-0.9388529999999999
5,0.020833,walk,2.078439,-0.112931,0.972186,-0.991269,-0.128809,-0.008221,-0.11857897263567367,0.04104656745078988,-0.02856457033124826,-0.15384469229250666,0.19647057754334712,0.23068087017963498,-0.011521843494970718,0.004320691310609855,-0.008401344215074488,0.0009601536245009443,0.00048007681229044656,0.0012001920307244509,-0.08453500000000003,0.138639,-0.939009,0.1000589999999999,-0.105908,-0.938729,0.18459399999999992,0.24454700000000001,0.00027999999999994696,0.9751670114372734,0.9945162890333243,0.9751670114372734,0.024832988562726643,0.005483710966675659,-0.938729
6,0.025,walk,2.077919,-0.112754,0.972304,-0.991225,-0.129181,-0.008575,-0.12479001679862103,0.04247660187185276,0.028317734581221853,0.15829787220588165,-0.14579350693662027,0.18543501545324165,-0.01679865610746159,0.006479481641468501,-0.010559155267577496,0.0011999040077405327,0.0014398848092167025,0.000719942404606686,-0.08408499999999997,0.138489,-0.939171,0.100584,-0.106079,-0.9388439999999999,0.18466899999999997,0.244568,0.00032700000000007723,0.9652119796591918,0.9933836276035934,0.9652119796591918,0.03478802034080819,0.006616372396406556,-0.9388439999999999
7,0.029167,walk,2.077435,-0.112577,0.972365,-0.991177,-0.129558,-0.008777,-0.11615070794340085,0.04247660187184946,0.014638828893709816,0.05888504408034593,-0.08515034672090956,0.18533877095375426,-0.017758579313686,0.006479481641468506,-0.007439404847612976,0.0009599232061711124,0.0002399808015361173,0.0014398848092167038,-0.08367499999999994,0.138339,-0.9392630000000001,0.10107200000000027,-0.106255,-0.938899,0.18474700000000022,0.244594,0.00036400000000003097,0.9661418167585043,0.9934481889891413,0.9661418167585043,0.0338581832414957,0.006551811010858666,-0.938899
8,0.033333,walk,2.076954,-0.112427,0.972529,-0.99115,-0.129801,-0.009253,-0.11545847335567241,0.03600576092174682,0.039366298607763285,0.1819346067299579,-0.20342565274252639,0.1247393470372503,-0.017762842054706535,0.006961113778204807,-0.0062409985597691375,0.0014402304368580138,0.003840614498316907,-0.0007201152184356692,-0.08326800000000012,0.138218,-0.939453,0.10155899999999995,-0.10638900000000001,-0.939066,0.18482700000000007,0.24460700000000002,0.0003870000000000262,0.9665449835219571,0.9891891488346656,0.9665449835219571,0.03345501647804294,0.010810851165334423,-0.939066
9,0.0375,walk,2.076489,-0.112279,0.972439,-0.991121,-0.129988,-0.009045,-0.11159107271422128,0.035517158627308726,-0.02159827213821059,-0.1288009587083571,0.08616040888777846,0.08707544261332067,-0.018718502519803826,0.008399328053755779,-0.00479961603071735,0.0014398848092033823,0.0028797696184334077,0.0004799616030722346,-0.08288099999999998,0.138105,-0.9393830000000001,0.10203000000000007,-0.106525,-0.9389740000000001,0.18491100000000005,0.24463000000000001,0.0004089999999999927,0.9648824449415954,0.9904845700479004,0.9648824449415954,0.03511755505840464,0.009515429952099641,-0.9389740000000001
10,0.041667,walk,2.075982,-0.112106,0.972414,-0.991089,-0.13025,-0.00893,-0.12167026637864475,0.04151667866570826,-0.005999520038409583,0.018871735978854783,0.061514863469955335,0.12542007333248023,-0.016558675305998728,0.008399328053754932,-0.004799616030717342,0.0009599232061711108,0.0009599232061444676,-0.0011999040076805846,-0.08244300000000027,0.137967,-0.939378,0.102541,-0.106694,-0.938954,0.18498400000000026,0.244661,0.00042400000000009097,0.9680375761554636,0.9927403078012411,0.9680375761554636,0.0319624238445364,0.0072596921987588825,-0.938954
11,0.045833,walk,2.075509,-0.111975,0.972329,-0.991069,-0.130404,-0.008627,-0.11353816610667072,0.03144503120499097,-0.020403264522324008,-0.05506961012801458,0.1414074686635256,0.07036310656630512,-0.021363418146904904,0.01056168987037984,0.0,0.000960153624500945,0.0019203072491617878,0.0012001920307261175,-0.08205899999999988,0.13788,-0.939293,0.10301800000000005,-0.10681699999999998,-0.938864,0.18507699999999994,0.244697,0.0004290000000000127,0.9602806747344714,0.9916105637838695,0.9602806747344714,0.03971932526552857,0.00838943621613053,-0.938864
12,0.05,walk,2.074951,-0.111787,0.972351,-0.991025,-0.130768,-0.008647,-0.13390928725698004,0.045116390688746684,0.00527957763378125,0.06720661625866248,0.003883362926105999,0.17674613578549744,-0.019438444924405485,0.006479481641468495,-0.00575953923686181,0.0019198464123422216,0.0009599232061378068,-0.0004799616030722338,-0.08158200000000004,0.137719,-0.9393389999999999,0.10358400000000012,-0.10700100000000001,-0.938888,0.18516600000000016,0.24472000000000002,0.0004509999999999792,0.9645266486702802,0.9918242327053426,0.9645266486702802,0.03547335132971985,0.00817576729465741,-0.938888
13,0.054167,walk,2.074452,-0.11165,0.972401,-0.991007,-0.130918,-0.008846,-0.1197504199664093,0.03287736981041477,0.011999040076792544,0.0725234558968618,-0.08479888985909809,0.07552599534420544,-0.023998080153585087,0.008159347252219663,-0.0038396928245745462,0.0014398848092033823,0.0014398848092167038,0.0004799616030722346,-0.081183,0.137616,-0.9394049999999999,0.1040890000000001,-0.107132,-0.938936,0.1852720000000001,0.244748,0.0004689999999999417,0.9572726330339256,0.9918231597923959,0.9572726330339256,0.042727366966074376,0.008176840207604119,-0.938936
14,0.058333,walk,2.073903,-0.1115,0.972469,-0.990969,-0.131225,-0.009034,-0.13178108497357424,0.03600576092174682,0.01632261161787517,0.09947658889338036,-0.07392326597524065,0.15161176075461974,-0.022563610177637645,0.011521843494959048,-0.0019203072491584534,0.0019203072491084854,0.0021603456553070076,0.0002400384061452231,-0.08072800000000013,0.137514,-0.939481,0.1046459999999998,-0.107273,-0.939003,0.18537399999999993,0.244787,0.00047799999999997844,0.9576536449915076,0.9903860081719236,0.9576536449915076,0.042346355008492376,0.00961399182807643,-0.939003
15,0.0625,walk,2.073372,-0.111362,0.972646,-0.990955,-0.131385,-0.009573,-0.12742980561556505,0.03311735061195088,0.04247660187184614,0.24616015159100946,-0.2262080254223132,0.08566014256053218,-0.0208783297336089,0.007439404847612143,-0.003599712023038429,0.0,0.0002399808015361173,0.0004799616030705694,-0.08028400000000002,0.137407,-0.939673,0.10517699999999985,-0.10740999999999999,-0.9391780000000001,0.18546099999999988,0.244817,0.0004949999999999122,0.9625757311508821,0.9941556443574531,0.9625757311508821,0.03742426884911787,0.005844355642546928,-0.9391780000000001
16,0.066667,walk,2.072905,-0.111252,0.972501,-0.990957,-0.131333,-0.009124,-0.11207103431725336,0.026397888168946216,-0.03479721622271697,-0.1968955170559378,0.1905378379074783,-0.03200376261612795,-0.017998560115202105,0.007679385649148248,-0.0074394048476129635,0.0021598272139116428,0.002639788816890625,0.0,-0.07989200000000007,0.137329,-0.9395589999999999,0.10565300000000022,-0.10750900000000001,-0.939033,0.1855450000000003,0.244838,0.0005259999999999154,0.9651086657266221,0.9890553866075622,0.9651086657266221,0.03489133427337787,0.010944613392437796,-0.939033
17,0.070833,walk,2.072443,-0.111145,0.972152,-0.990962,-0.131219,-0.008101,-0.11089774363902681,0.025684109457515637,-0.0837734037445832,-0.40789506455021396,0.4396942136851029,-0.07045705821369642,-0.022083533365333946,0.008161305808929284,-0.003120499279884579,0.0009601536245009467,-0.0016802688430099047,0.0009601536245808955,-0.07952199999999987,0.137256,-0.939223,0.10611900000000007,-0.107623,-0.93868,0.18564099999999994,0.24487899999999999,0.0005430000000000712,0.9604179167158633,0.9909694239078894,0.9604179167158633,0.039582083284136704,0.009030576092110554,-0.93868
18,0.075,walk,2.071896,-0.110982,0.972179,-0.990969,-0.131214,-0.008014,-0.13126949844003613,0.03911687065034709,0.006479481641468495,0.09498629309309489,0.05463124129169436,-0.003112056128297781,-0.020878329733608866,0.009839212862971635,-0.0028797696184300722,0.0026397888169439115,0.0014398848092100406,0.0014398848092150361,-0.07906200000000019,0.137134,-0.939262,0.10667699999999991,-0.10778000000000001,-0.938701,0.1857390000000001,0.24491400000000002,0.0005610000000000337,0.9612340414480194,0.9888334669268048,0.9612340414480194,0.03876595855198062,0.01116653307319515,-0.938701
19,0.079167,walk,2.071358,-0.11085,0.97232,-0.990988,-0.13112,-0.008357,-0.12910967122633765,0.031677465802734124,0.03383729301654586,0.2034180677736568,-0.14026605789583232,-0.04008483391611161,-0.018478521718287663,0.007919366450683531,-0.006959443244540729,0.0009599232061711108,0.0007199424046083507,0.0,-0.07860100000000014,0.13703500000000002,-0.9394319999999999,0.10721900000000018,-0.107909,-0.938842,0.18582000000000032,0.244944,0.0005899999999999794,0.9645424361561197,0.9921001599871635,0.9645424361561197,0.035457563843880324,0.007899840012836501,-0.938842
20,0.083333,walk,2.070719,-0.110646,0.972711,-0.99098,-0.13128,-0.009425,-0.15338454152665765,0.04896783485357887,0.09385501680269562,0.47991344097522604,-0.4514294562348221,0.09347884636356105,-0.019203072491564548,0.009121459433509317,-0.0062409985597691375,0.0012001920306794786,-0.0019203072491551223,0.0014402304368696728,-0.07804199999999994,0.136869,-0.9398489999999999,0.10786300000000004,-0.108121,-0.939227,0.185905,0.24498999999999999,0.0006219999999999004,0.9630725531790723,0.9893071483887823,0.9630725531790723,0.036927446820927745,0.01069285161121769,-0.939227
21,0.0875,walk,2.07005,-0.110446,0.973043,-0.99097,-0.131442,-0.010294,-0.16054715622745624,0.04799616030717358,0.07967362610991115,0.431553446338734,-0.36138055906155897,0.09178697812326533,-0.018238540916718303,0.007679385649148273,-0.0038396928245745528,0.003119750419976191,0.0004799616030722354,0.002159827213823394,-0.0774490000000001,0.13670100000000002,-0.940197,0.10854499999999989,-0.10831899999999998,-0.93955,0.185994,0.24502,0.0006469999999999532,0.9664026877849895,0.9871555589750645,0.9664026877849895,0.0335973122150105,0.012844441024935538,-0.93955
22,0.091667,walk,2.069435,-0.110262,0.973012,-0.990975,-0.131413,-0.010111,-0.1475881929446253,0.04415646748260221,-0.0074394048476129635,-0.02751440176127739,0.08457976677104857,-0.016420701576296735,-0.017038636909084283,0.004799616030717342,-0.003119750419966189,0.0023998080153744905,0.0007199424046016899,0.0014398848092150361,-0.076905,0.136537,-0.940179,0.10917000000000021,-0.10850000000000001,-0.939513,0.1860750000000002,0.245037,0.0006659999999999444,0.9700424233083587,0.9885237474686666,0.9700424233083587,0.02995757669164134,0.011476252531333442,-0.939513
23,0.095833,walk,2.068893,-0.110122,0.972817,-0.990995,-0.131235,-0.009457,-0.1301008161305377,0.03360537686029792,-0.04680748919825854,-0.23664318521616315,0.28308912881650894,-0.09562387702088569,-0.017282765242402763,0.0064810369659143606,-0.0028804608737393457,0.00048007681225047176,0.0016802688430165617,0.0007201152184340036,-0.07643500000000003,0.136424,-0.939996,0.10971399999999987,-0.10863300000000001,-0.939315,0.1861489999999999,0.245057,0.0006810000000000427,0.9688643260416476,0.9900398928332634,0.9688643260416476,0.031135673958352372,0.009960107166736565,-0.939315
24,0.1,walk,2.068536,-0.110078,0.972453,-0.991058,-0.130631,-0.008498,-0.0856731461483471,0.010559155267579152,-0.08735301175906662,-0.5235143012821517,0.3874269180883822,-0.30714889831384995,-0.015598752099827615,0.005999520038397094,-0.004319654427646774,0.0021598272138050696,-0.0004799616030722338,0.0031197504199678545,-0.07614299999999985,0.136405,-0.93965,0.11007999999999996,-0.10867900000000001,-0.938938,0.1862229999999998,0.245084,0.0007119999999999349,0.9712300927792167,0.9865055589750931,0.9712300927792167,0.02876990722078332,0.013494441024906934,-0.938938
25,0.104167,walk,2.068166,-0.110035,0.97218,-0.991116,-0.13008,-0.007758,-0.08879289656821701,0.010319174466043069,-0.06551475881928687,-0.40779289587246337,0.2973723580291969,-0.278032164106882,-0.011999040076819206,0.005039596832253476,-0.004079673626109006,0.0007199424046016923,-0.0002399808015361177,0.0004799616030705702,-0.0758230000000002,0.136383,-0.9393940000000001,0.11045299999999969,-0.10872300000000001,-0.938663,0.18627599999999989,0.24510600000000002,0.0007310000000000372,0.9772685829319161,0.9911934567687579,0.9772685829319161,0.022731417068083903,0.008806543231242081,-0.938663
26,0.108333,walk,2.067558,-0.10987,0.972151,-0.991121,-0.130021,-0.007586,-0.14594335093618904,0.039606337013921834,-0.006961113778218132,-0.07659540647757519,0.07242439584074903,-0.03109971408916607,-0.01464234277481197,0.003600576092175015,-0.0031204992798862345,0.0021603456552870205,0.0004800768122904462,0.0012001920307261153,-0.0752759999999999,0.136233,-0.939378,0.11106999999999978,-0.10888600000000001,-0.9386289999999999,0.18634599999999968,0.245119,0.0007490000000001107,0.9743365875501067,0.9883140932622657,0.9743365875501067,0.02566341244989334,0.011685906737734286,-0.9386289999999999
27,0.1125,walk,2.066916,-0.109702,0.971963,-0.99115,-0.129755,-0.006968,-0.1540676745860405,0.040316774658027674,-0.04511639068873669,-0.23178697377938917,0.2651502014503154,-0.13776786518185127,-0.012479001679904723,0.0011999040076789193,-0.0021598272138217216,0.0016798656107728006,-0.0009599232061444676,0.0023998080153578385,-0.07468600000000003,0.13607,-0.939199,0.1117189999999999,-0.10905800000000002,-0.938431,0.18640499999999993,0.245128,0.0007679999999999909,0.9787979229169854,0.9871823179830763,0.9787979229169854,0.02120207708301458,0.012817682016923682,-0.938431
28,0.116667,walk,2.066282,-0.109566,0.971801,-0.991184,-0.129429,-0.006389,-0.1521478281736983,0.032637389008878595,-0.03887688984881097,-0.2433636746660604,0.24396372937123129,-0.1662141122951947,-0.014158867290624237,0.00191984641228727,-0.003359731221502306,0.0007199424046016899,0.002399808015361169,0.001679865610751153,-0.07411100000000026,0.135942,-0.9390510000000001,0.11235599999999968,-0.109184,-0.938262,0.18646699999999994,0.245126,0.0007890000000000397,0.975536471188896,0.9870824801655953,0.975536471188896,0.02446352881110403,0.0129175198344047,-0.938262
29,0.120833,walk,2.065655,-0.109424,0.971885,-0.991232,-0.129073,-0.006532,-0.1505040806529421,0.03408545367258848,0.020163226116172158,0.0596251942531475,-0.06621425565986182,-0.17017311719628642,-0.01128180508879221,0.0038406144983194183,-0.0019203072491601255,0.0026404224676440996,0.0009601536245808955,0.00024003840614522388,-0.07353100000000001,0.135816,-0.939143,0.11299400000000004,-0.109322,-0.938345,0.18652500000000005,0.245138,0.0007979999999999654,0.9798811154414168,0.9873203120000542,0.9798811154414168,0.02011888455858324,0.012679687999945788,-0.938345
30,0.125,walk,2.065006,-0.10928,0.972141,-0.991268,-0.128901,-0.007091,-0.1557475401968133,0.0345572354211642,0.06143508519319264,0.32966003874068445,-0.22981752275312234,-0.07474705813850048,-0.012239020878335302,-0.0009599232061428024,-0.00191984641228727,0.00023998080156942094,-0.0002399808015361169,0.0028797696184300722,-0.07293299999999991,0.135668,-0.939407,0.1136440000000003,-0.109467,-0.938589,0.18657700000000021,0.245135,0.0008179999999999854,0.9792903072298131,0.9869871682370993,0.9792903072298131,0.02070969277018686,0.01301283176290069,-0.938589
31,0.129167,walk,2.064442,-0.109172,0.971893,-0.991319,-0.128433,-0.006183,-0.13534917206618344,0.02591792656587398,-0.05951523878090371,-0.33272671628860684,0.38988304853048644,-0.23952077984312045,-0.01199904007676588,0.0038396928245737075,-0.0004799616030722338,0.001199904007633959,0.003119750419962859,0.0,-0.07241900000000001,0.135576,-0.939161,0.1142129999999999,-0.109562,-0.938341,0.1866319999999999,0.24513800000000002,0.0008200000000000429,0.9789874001495307,0.9862290903619302,0.9789874001495307,0.021012599850469327,0.013770909638069817,-0.938341
32,0.133333,walk,2.063694,-0.108998,0.971946,-0.991329,-0.128367,-0.006191,-0.1795487277964936,0.04176668266922884,0.012722035525676837,0.0369900924619749,3.8417670117152376e-05,-0.031695547601466686,-0.009361497839683687,0.00048007681228961336,-0.0009601536245792267,0.0007201152184290069,0.0012001920307261153,0.0021603456553053423,-0.07170999999999994,0.135404,-0.939218,0.11496400000000007,-0.10973100000000001,-0.938385,0.186674,0.245135,0.0008329999999999727,0.9842952581001352,0.9873797914487275,0.9842952581001352,0.015704741899864816,0.01262020855127255,-0.938385
33,0.1375,walk,2.063043,-0.108863,0.971933,-0.991362,-0.12808,-0.006179,-0.15622750179984557,0.03239740820734248,-0.003119750419949537,-0.08271782954910518,-0.00874601484875641,-0.13926544080932057,-0.012239020878335302,0.0004799616030722338,-0.0028797696184300722,0.001199904007633959,0.004799616030722338,0.0002399808015361169,-0.07111,0.135271,-0.9392170000000001,0.11561999999999983,-0.10984599999999999,-0.9383710000000001,0.18672999999999984,0.24511699999999997,0.0008460000000000134,0.9790293148885307,0.983284753443515,0.9790293148885307,0.020970685111469267,0.01671524655648504,-0.9383710000000001
34,0.141667,walk,2.062362,-0.108714,0.971918,-0.991404,-0.127743,-0.006039,-0.16342692584597016,0.03575713942884502,-0.0035997120230617597,-0.04178590181714647,0.05779407344639708,-0.1649998387349793,-0.011279097672164265,0.002639788816894806,-0.0019198464122872829,0.0011999040077405397,0.002879769618426761,0.0009599232061428088,-0.07047599999999976,0.135133,-0.93921,0.11630600000000024,-0.109983,-0.938352,0.186782,0.245116,0.0008580000000000254,0.9804301578710453,0.9859798470087136,0.9804301578710453,0.01956984212895474,0.01402015299128645,-0.938352
35,0.145833,walk,2.061559,-0.108538,0.971888,-0.99144,-0.127453,-0.005867,-0.19275084013439428,0.04224675948151929,-0.0072011521843433676,-0.059204606185943594,0.07168189414251018,-0.14281902478015637,-0.009121459433505152,0.0012001920307244498,0.0,0.000960153624607542,0.0019203072491617847,0.0024003840614505653,-0.06971099999999986,0.134962,-0.93918,0.11711300000000024,-0.110151,-0.9383119999999999,0.1868240000000001,0.245113,0.0008680000000000909,0.9846665323277901,0.9859525780664746,0.9846665323277901,0.015333467672209888,0.014047421933525372,-0.9383119999999999
36,0.15,walk,2.060817,-0.108356,0.97183,-0.991474,-0.127165,-0.005612,-0.17806575473957229,0.04367650587952998,-0.013918886489081458,-0.08428577224295515,0.10861220017403675,-0.14293376984219933,-0.010799136069131922,0.002399808015358671,-0.0011999040076789193,0.0007199424046016899,0.003119750419962859,0.0007199424046066855,-0.06901400000000013,0.13479,-0.9391269999999999,0.11785800000000002,-0.11032000000000002,-0.938251,0.18687200000000015,0.24511,0.0008759999999999879,0.981454246669247,0.9857705198259512,0.981454246669247,0.018545753330753034,0.014229480174048792,-0.938251
37,0.154167,walk,2.060128,-0.10824,0.971825,-0.991523,-0.126785,-0.005439,-0.1653467722582047,0.027837772978159588,-0.001199904007660602,-0.016969456936020526,0.0763347050084485,-0.18618186085233077,-0.00983921286296081,0.003119750419966189,0.0,0.0,0.0014398848092167015,0.003359731221502306,-0.06836600000000015,0.134687,-0.939122,0.11854699999999996,-0.11043,-0.9382320000000001,0.1869130000000001,0.245117,0.0008899999999999464,0.9827967257278727,0.985007868885797,0.9827967257278727,0.01720327427212731,0.014992131114202945,-0.9382320000000001
38,0.158333,walk,2.059309,-0.108077,0.972061,-0.991549,-0.126653,-0.006021,-0.19659145463282443,0.03912626020163139,0.0566490638501927,0.24556031457291497,-0.25195485037441545,-0.05547173113154678,-0.009361497839683687,0.0,-0.001920307249160119,0.0024003840614655555,0.0021603456553070076,0.003840614498320238,-0.06758599999999992,0.134524,-0.9393659999999999,0.11937600000000037,-0.11058399999999999,-0.938452,0.1869620000000003,0.245108,0.0009139999999999704,0.9840726282305534,0.9824968439108643,0.9824968439108643,0.015927371769446586,0.017503156089135663,-0.938452
39,0.1625,walk,2.058526,-0.107937,0.972221,-0.991606,-0.126241,-0.006375,-0.18790496760253309,0.03359731221502306,0.03839692824575206,0.15243137950096114,-0.15726180212690954,-0.19408960312241377,-0.00959923206139139,0.0014398848092158688,-0.0014398848092150361,0.00023998080146284804,0.0033597312214989758,0.0028797696184300722,-0.06684299999999999,0.13439,-0.939532,0.12015999999999982,-0.11071,-0.9386,0.1870029999999998,0.2451,0.0009320000000000439,0.9836452697382834,0.983294116745624,0.983294116745624,0.016354730261716632,0.016705883254376053,-0.9386
40,0.166667,walk,2.057772,-0.107817,0.972241,-0.991678,-0.125701,-0.006219,-0.1809455243580856,0.028797696184307386,0.004799616030722338,0.020267779180878673,0.07087320408290564,-0.26322749791433364,-0.005999520038436227,0.004319654427645941,-0.0004799616030722338,0.0014398848092033799,0.0014398848092167015,0.004799616030717342,-0.066114,0.134288,-0.939554,0.12091999999999992,-0.110824,-0.9386,0.18703399999999992,0.245112,0.0009540000000000104,0.9876527085509161,0.9817704707693834,0.9817704707693834,0.012347291449083864,0.018229529230616603,-0.9386
41,0.170833,walk,2.05695,-0.107699,0.972341,-0.99174,-0.125261,-0.006249,-0.19731156985114684,0.028324531925106342,0.024003840614495658,0.12438017637825036,-0.004560540658292594,-0.21207121670098655,-0.0072011521843433676,0.003360537686029792,-0.0021603456553053423,0.0031204992798945625,0.002880460873742677,0.003840614498320238,-0.0653220000000001,0.134184,-0.939663,0.12175499999999984,-0.11092999999999999,-0.938684,0.18707699999999994,0.245114,0.0009790000000000632,0.9862748305341674,0.9806669847640491,0.9806669847640491,0.013725169465832576,0.01933301523595088,-0.938684
42,0.175,walk,2.056046,-0.107507,0.972443,-0.991777,-0.12503,-0.006321,-0.21694264458849127,0.04607631389488812,0.02447804175664412,0.1592459461765739,-0.017721798687721647,-0.11028227938035082,-0.008399328053757487,0.0035997120230376145,0.0002399808015361185,0.0,0.002879769618426761,0.004079673626110684,-0.06445299999999987,0.13400700000000001,-0.9397639999999999,0.12265900000000007,-0.11111,-0.938769,0.18711199999999995,0.245117,0.0009949999999999681,0.9847644212825023,0.9817272050049282,0.9817272050049282,0.0152355787174977,0.01827279499507184,-0.938769
43,0.179167,walk,2.055229,-0.1074,0.972492,-0.991824,-0.12466,-0.006399,-0.1960643148547211,0.025677945764341195,0.011759059275276389,0.015446568072989204,-0.04056201807567705,-0.17789428624827122,-0.005759539236866806,0.002879769618430905,-0.001679865610751153,0.004079673626147291,0.00311975041996952,0.006479481641468495,-0.06366000000000027,0.133912,-0.93982,0.12349299999999985,-0.111204,-0.938791,0.18715300000000012,0.245116,0.0010289999999999466,0.9889085476170925,0.9759299558619368,0.9759299558619368,0.01109145238290754,0.02407004413806324,-0.938791
44,0.183333,walk,2.054489,-0.107356,0.97241,-0.991908,-0.123977,-0.005946,-0.17762842054738512,0.010561689870379823,-0.01968314930389497,-0.09441266609404435,0.19839699037204883,-0.3364642465554949,-0.006240998559735826,0.0024003840614497322,-0.0004800768122904462,0.0007201152184290069,0.006000960153623914,0.003360537686029792,-0.06294599999999972,0.133878,-0.93974,0.12423600000000024,-0.111223,-0.938695,0.18718199999999996,0.24510099999999999,0.0010450000000000736,0.9888268202562782,0.9780242676501156,0.9780242676501156,0.011173179743721784,0.02197573234988437,-0.938695
45,0.1875,walk,2.053729,-0.107286,0.972398,-0.991988,-0.123387,-0.005573,-0.1823854091671824,0.0167986561075082,-0.002879769618433403,0.04668807935410287,0.1785204506229372,-0.29002659370326933,-0.007679385649155741,0.006959443244540729,0.0002399808015361169,0.0038396928245778704,0.0033597312214989758,0.006719462443004612,-0.06221800000000011,0.133837,-0.939727,0.1250119999999999,-0.111279,-0.938655,0.18723,0.245116,0.0010719999999999619,0.9827224933473583,0.9752184082623406,0.9752184082623406,0.017277506652641716,0.02478159173765937,-0.938655
46,0.191667,walk,2.052749,-0.107148,0.972786,-0.992044,-0.123133,-0.006273,-0.23518118550520806,0.03311735061195416,0.09311255099593342,0.555624504174839,-0.27258638267573393,-0.11245098954062957,-0.0043196544276634255,0.0026397888168939554,-0.0026397888168939554,0.0007199424046016899,0.0007199424046083507,0.004079673626108992,-0.06125599999999998,0.13371,-0.940126,0.12599500000000008,-0.11141400000000001,-0.939026,0.18725100000000006,0.245124,0.0010999999999999899,0.9904844594405273,0.9819919944532727,0.9819919944532727,0.00951554055947268,0.018008005546727324,-0.939026
47,0.195833,walk,2.051773,-0.107,0.972835,-0.992096,-0.1228,-0.005986,-0.23427748439752452,0.035525684109456376,0.011761881901095944,0.14993421827014033,0.1532833142858963,-0.16413131204349232,-0.0050408065290563474,0.0052808449351899114,-0.0012001920307244498,0.0014402304368580138,0.005760921747478691,0.0024003840614505653,-0.06030099999999994,0.133584,-0.94018,0.12697700000000012,-0.11153800000000001,-0.939065,0.18727800000000006,0.245122,0.0011149999999999771,0.9876691990658991,0.978174960742423,0.978174960742423,0.012330800934100883,0.02182503925757695,-0.939065
48,0.2,walk,2.050678,-0.106865,0.973163,-0.992143,-0.122574,-0.006418,-0.2627789776817483,0.03239740820734248,0.07871370290376642,0.4628476312756448,-0.15430595596624536,-0.10254393383770702,-0.004319654427610139,0.005279577633789576,0.0004799616030705686,0.0021598272138050696,0.002879769618433403,0.006479481641468495,-0.05922399999999994,0.133471,-0.940506,0.1280809999999999,-0.111661,-0.939366,0.18730499999999983,0.245132,0.0011399999999999189,0.9886026663077128,0.976246232132252,0.976246232132252,0.011397333692287237,0.023753767867747966,-0.939366
49,0.204167,walk,2.049926,-0.106868,0.973011,-0.992226,-0.12187,-0.005734,-0.18046556275494796,-0.0007199424046083555,-0.03647708183346337,-0.19663144375591352,0.29808353675093235,-0.34909930675995055,-0.0014398848092033894,0.005039596832253493,-0.0028797696184300918,0.0026397888169439293,0.0045596352291795905,0.006959443244540776,-0.05847800000000003,0.133495,-0.9403659999999999,0.12884399999999996,-0.111639,-0.9391849999999999,0.187322,0.24513400000000002,0.0011809999999999876,0.9900328487366044,0.9736419370614331,0.9736419370614331,0.009967151263395646,0.026358062938566906,-0.9391849999999999
50,0.208333,walk,2.049185,-0.106886,0.972402,-0.992283,-0.121168,-0.003736,-0.17786845895345707,-0.004320691310607353,-0.1461833893422876,-0.8307166622339403,0.8556304567651736,-0.36540722938446224,-0.0043206913106273405,0.0064810369659143606,-0.0004800768122904462,0.0021603456552870205,0.006961113778204807,0.0052808449351899114,-0.057755,0.13354,-0.939759,0.129594,-0.11159200000000001,-0.938554,0.187349,0.24513200000000002,0.0012050000000000116,0.986993304363075,0.9729489332219198,0.9729489332219198,0.013006695636925025,0.027051066778080224,-0.938554
51,0.2125,walk,2.048218,-0.106824,0.972488,-0.992348,-0.120652,-0.003664,-0.2320614350852319,0.014878809695222596,0.02063834893209273,0.026125976968110122,0.031446666513801125,-0.25032160143460935,-0.0023998080153744905,0.004319654427645941,-0.0026397888168939554,0.00047996160303226897,0.002639788816897286,0.007679385649147415,-0.056797999999999904,0.133496,-0.939856,0.13056299999999998,-0.11164299999999999,-0.938608,0.1873609999999999,0.245139,0.0012480000000000269,0.990662652963809,0.9739623236087722,0.9739623236087722,0.009337347036191046,0.026037676391227782,-0.938608
52,0.216667,walk,2.047101,-0.106679,0.97279,-0.992372,-0.120585,-0.004193,-0.2680585553155295,0.034797216222703646,0.0724742020638407,0.36778706968711916,-0.2118090935090656,-0.025460778612436112,-0.0019198464122889352,0.005279577633788743,-0.001679865610751153,0.0014398848092033799,0.005999520038396261,0.005999520038396261,-0.0556890000000001,0.133373,-0.940165,0.13168599999999975,-0.111763,-0.9388850000000001,0.18737499999999985,0.245136,0.0012799999999999478,0.9902273484338286,0.9728568105935245,0.9728568105935245,0.009772651566171353,0.027143189406475532,-0.9388850000000001
53,0.220833,walk,2.045936,-0.10655,0.972891,-0.992405,-0.120337,-0.004128,-0.2796447431588718,0.030964954392700465,0.024243879020620893,0.03858489125468259,0.03306049494973667,-0.1206748750263726,0.000480076812303771,0.003360537686029792,-0.0004800768122904462,0.0004800768123570702,0.0009601536245808924,0.010561689870379823,-0.05452200000000018,0.13325800000000002,-0.940268,0.1328529999999999,-0.11188799999999999,-0.9389419999999999,0.18737500000000007,0.245146,0.0013260000000000494,0.9942859430080436,0.9690464935289618,0.9690464935289618,0.005714056991956373,0.030953506471038228,-0.9389419999999999
54,0.225,walk,2.044837,-0.106457,0.973028,-0.992427,-0.120191,-0.004134,-0.26373890088802593,0.022318214542838888,0.032877369810428034,0.0909255868681033,0.006336687445249632,-0.07036585291961887,-0.0004799616030855554,0.004079673626109824,-0.004079673626108992,0.0031197504199761807,0.0016798656107528183,0.01103911687064972,-0.053424999999999834,0.133182,-0.940422,0.13396500000000033,-0.11197399999999999,-0.939033,0.18739000000000017,0.24515599999999999,0.0013889999999999736,0.9903509014624304,0.966786950117297,0.966786950117297,0.009649098537569567,0.033213049882703016,-0.939033
55,0.229167,walk,2.043961,-0.106474,0.972598,-0.992467,-0.119674,-0.00263,-0.21022318214539862,-0.004079673626110657,-0.10319174466043701,-0.6058812940070215,0.6472199908155508,-0.268783919048154,-0.0023998080153744905,0.005999520038397094,-0.002159827213823387,0.00911927045835912,0.006479481641468495,0.012479001679866422,-0.05255900000000002,0.133224,-0.940001,0.1348790000000002,-0.11192999999999999,-0.9385509999999999,0.18743800000000022,0.24515399999999998,0.0014500000000000624,0.9886448527585069,0.9575680261388426,0.9575680261388426,0.011355147241493113,0.04243197386115738,-0.9385509999999999
56,0.233333,walk,2.042987,-0.106473,0.97225,-0.992496,-0.119236,-0.001325,-0.23379740758516745,0.0002400384061452231,-0.08353336533845768,-0.5400378834491184,0.5601421318359082,-0.22793792772845112,-0.00048007681225047176,0.005760921747479524,-0.0007201152184356692,0.012722035525650186,0.009361497839650375,0.01368218915026439,-0.05158700000000005,0.133247,-0.9396559999999999,0.13590599999999986,-0.111892,-0.9381459999999999,0.1874929999999999,0.245139,0.0015100000000000113,0.9902907176352178,0.9500714465137001,0.9500714465137001,0.00970928236478219,0.049928553486299876,-0.9381459999999999
57,0.2375,walk,2.041928,-0.106453,0.972511,-0.992555,-0.118869,-0.001741,-0.25413966882652966,0.004799616030715709,0.0626349892008803,0.3034777487220003,-0.16941790638001047,-0.17242349211842364,0.0007199424046016947,0.006719462443004657,-0.002159827213821736,0.01199904007676596,0.005039596832251828,0.017038636909046095,-0.05052499999999993,0.133255,-0.939926,0.1370149999999999,-0.111891,-0.9383360000000001,0.18753999999999982,0.245146,0.0015899999999999803,0.9881755495567612,0.9483660429658838,0.9483660429658838,0.011824450443238765,0.05163395703411622,-0.9383360000000001
58,0.241667,walk,2.040738,-0.106375,0.972692,-0.992593,-0.118637,-0.001693,-0.2855771538276461,0.018718502519800465,0.043436525077990534,0.1842063045528813,0.042256713359996936,-0.1129735918805715,0.0016798656107195142,0.006479481641468495,-0.0011999040076805846,0.0067194624430912024,0.009359251259901898,0.011999040076794188,-0.04932800000000026,0.133204,-0.9401120000000001,0.13823300000000005,-0.11193,-0.938467,0.1875610000000003,0.245134,0.0016450000000000076,0.9886660048673798,0.9558249750809349,0.9558249750809349,0.011333995132620234,0.04417502491906511,-0.938467
59,0.245833,walk,2.039648,-0.106369,0.972647,-0.992635,-0.118257,-0.001059,-0.26164186269803996,0.0014402304368680073,-0.010801728276515052,-0.11151779488446449,0.2882753040598597,-0.1915427156307857,-0.0014402304368580138,0.00744119059049442,0.0012001920307261153,0.0021603456552870205,0.009601536245802261,0.010561689870379823,-0.048244000000000176,0.13322900000000001,-0.9400620000000001,0.139332,-0.11189599999999998,-0.938378,0.1875760000000002,0.24512499999999998,0.0016840000000000188,0.9872104597830522,0.959099550402057,0.959099550402057,0.012789540216947781,0.040900449597943034,-0.938378
60,0.25,walk,2.038663,-0.106407,0.972355,-0.992682,-0.117693,0.000228,-0.236381089512842,-0.009119270458362451,-0.07007439404849285,-0.44282994201642484,0.5619198870459623,-0.28798595283962286,0.0004799616030855554,0.00575953923686181,-0.00191984641228727,0.0028797696184067597,0.0038396928245712095,0.009599232061434685,-0.047257000000000104,0.133291,-0.939778,0.14032899999999993,-0.111842,-0.9380459999999999,0.18758600000000003,0.245133,0.0017320000000000668,0.9898499499716396,0.9647928871490427,0.9647928871490427,0.010150050028360447,0.035207112850957345,-0.9380459999999999
61,0.254167,walk,2.037645,-0.106429,0.972154,-0.992719,-0.117199,0.001229,-0.2443004559635688,-0.005279577633787946,-0.048236141108713194,-0.40630907407348454,0.4289936181023469,-0.2503635039688112,0.0007199424046016947,0.00623950083993242,-0.0007199424046083555,-0.0009599232061711172,-0.000479961603072237,0.007199424046076894,-0.046235999999999944,0.13333899999999999,-0.93958,0.141343,-0.111822,-0.937815,0.18757899999999994,0.245161,0.0017650000000000166,0.989463291038863,0.9702183698199248,0.9702183698199248,0.010536708961137009,0.02978163018007518,-0.937815
62,0.258333,walk,2.03669,-0.106477,0.972135,-0.992768,-0.116691,0.001557,-0.2292366778684149,-0.011521843494960715,-0.004560729716752576,-0.20158519950093887,0.12785596179727268,-0.2490057459149758,-0.0012001920307327777,0.004080652904464629,-0.0009601536245792267,-0.0002400384061785351,-0.006000960153623914,0.011761881901104271,-0.04528600000000016,0.133404,-0.939565,0.14229699999999967,-0.111799,-0.937747,0.18758299999999983,0.245203,0.0018179999999999863,0.9927324763463783,0.9598092067475127,0.9598092067475127,0.00726752365362171,0.04019079325248731,-0.937747
63,0.2625,walk,2.035609,-0.106506,0.97212,-0.992808,-0.116237,0.002075,-0.2594192464603075,-0.006959443244540683,-0.0035997120230350688,-0.22703066247439624,0.21735868427697733,-0.22525560532364025,0.0014398848092033701,0.0055195584353256565,-0.0004799616030722306,-0.005519558435244061,-0.009599232061437951,0.00431965442764508,-0.0441990000000001,0.13345600000000002,-0.9395519999999999,0.14335500000000012,-0.11181,-0.9377139999999999,0.18755400000000022,0.245266,0.0018380000000000063,0.9904592749045105,0.9618104767666544,0.9618104767666544,0.009540725095489533,0.03818952323334557,-0.9377139999999999
64,0.266667,walk,2.034491,-0.106492,0.971994,-0.992831,-0.115902,0.00287,-0.26829853611710075,0.0033597312215023285,-0.030237580993510964,-0.29024979719243227,0.34542155653083606,-0.17130109343363567,-0.0016798656107195255,0.00503959683225266,0.0002399808015361185,-0.011279097672164265,-0.014398848092147127,0.005759539236861848,-0.043088000000000015,0.133463,-0.9394250000000001,0.14442600000000017,-0.11188399999999998,-0.9375640000000001,0.18751400000000018,0.24534699999999998,0.0018610000000000015,0.9911373010934662,0.9494300787921679,0.9494300787921679,0.008862698906533795,0.0505699212078321,-0.9375640000000001
65,0.270833,walk,2.03342,-0.106527,0.971636,-0.992855,-0.115358,0.004277,-0.25708113298128743,-0.008401344215072814,-0.08593374939989659,-0.6268327440435086,0.5990083612656614,-0.2786863322042542,0.0007201152184290069,0.0052808449351899114,0.0,-0.01896303408554591,-0.008161305808930923,-0.015122419587134063,-0.042013999999999996,0.13352,-0.9390670000000001,0.14541799999999983,-0.111883,-0.937269,0.18743199999999982,0.24540299999999998,0.0017980000000000773,0.9911171374175178,0.9393685981601425,0.9393685981601425,0.008882862582482165,0.06063140183985749,-0.937269
66,0.275,walk,2.032369,-0.106598,0.971369,-0.992887,-0.114813,0.005365,-0.2522198224141841,-0.017038636909047535,-0.06407487401008284,-0.4573688149555324,0.4644267127664787,-0.2755624747876935,0.0,0.005999520038397054,0.0,-0.02087832973355544,-0.025677945764337694,-0.009839212862970736,-0.04096300000000008,0.133616,-0.9388000000000001,0.146382,-0.11191899999999999,-0.9370430000000001,0.1873450000000001,0.245535,0.0017570000000000086,0.990000799936005,0.9248860153519698,0.9248860153519698,0.009999200063995017,0.07511398464803021,-0.9370430000000001
67,0.279167,walk,2.031406,-0.106715,0.971214,-0.992946,-0.114087,0.006073,-0.2311015118790623,-0.028077753779699222,-0.03719702423806506,-0.35261971680571524,0.2902688825786349,-0.35809243426731335,-0.0016798656107728119,0.005999520038397134,-0.0019198464122872829,-0.016558675306052123,-0.012958963282937077,0.0,-0.040007000000000126,0.13375800000000002,-0.9386530000000001,0.14727599999999974,-0.11185599999999998,-0.936888,0.18728299999999987,0.245614,0.0017650000000000166,0.9891344070816588,0.947305407087708,0.947305407087708,0.010865592918341216,0.05269459291229195,-0.936888
68,0.283333,walk,2.030452,-0.106861,0.970767,-0.992982,-0.1133,0.007563,-0.22899663946234294,-0.03504560729716593,-0.10729716754680145,-0.7144927938374759,0.6256622849836576,-0.39595908248197587,0.0019203072491617847,0.005280844935189078,-0.0021603456553053423,-0.030724915986481957,0.0033605376860264607,0.015122419587134063,-0.039044999999999996,0.133926,-0.938215,0.14810200000000018,-0.111696,-0.936378,0.18714700000000017,0.245622,0.0018369999999999775,0.9899664456681188,0.9242811346115114,0.9242811346115114,0.010033554331881245,0.0757188653884886,-0.936378
69,0.2875,walk,2.029266,-0.106885,0.970919,-0.993023,-0.113022,0.007385,-0.28461723062158345,-0.0057595392368601835,0.036477081833436724,0.124179807375877,-0.07628641199973313,-0.13277407117960585,-0.0007199424046016947,0.005279577633789612,-0.0019198464122872829,-0.030237580993590897,0.04007679385649182,0.0530357571394289,-0.03786199999999984,0.13397199999999998,-0.938375,0.14916200000000002,-0.111505,-0.936309,0.18702399999999986,0.245477,0.0020660000000000123,0.9905604161897407,0.8576248013974128,0.8576248013974128,0.009439583810259333,0.14237519860258718,-0.936309
70,0.291667,walk,2.028055,-0.106919,0.970797,-0.993046,-0.11268,0.008034,-0.290616750659856,-0.008159347252221259,-0.0292776577873661,-0.19190842000980496,0.28611692668660244,-0.1733092429514849,0.0021598272138583416,0.005519558435324824,-0.0011999040076789112,-0.037197024238037925,-0.00863930885529349,0.03479721622270175,-0.03664200000000006,0.134029,-0.938258,0.15021799999999974,-0.11150700000000001,-0.936042,0.1868599999999998,0.245536,0.0022159999999999958,0.9899211237753942,0.8917344038708577,0.8917344038708577,0.010078876224605793,0.10826559612914233,-0.936042
71,0.295833,walk,2.026912,-0.106964,0.970797,-0.99311,-0.112127,0.008358,-0.27436389822379675,-0.010801728276525046,0.0,0.036659987763524186,0.1516952361868781,-0.27269957085235,0.0019203072491617847,0.005760921747479524,-0.0026404224675941226,-0.045847335573704295,-0.019203072491597858,0.04128660585693673,-0.03549099999999972,0.134098,-0.938269,0.15117000000000003,-0.111542,-0.93587,0.18666099999999974,0.24564,0.00239900000000004,0.9889637428195438,0.8683154732187243,0.8683154732187243,0.0110362571804562,0.13168452678127573,-0.93587
72,0.3,walk,2.025808,-0.107049,0.971003,-0.993187,-0.111605,0.008079,-0.2649388048955551,-0.02039836813055009,0.049436045116373804,0.24627195606421334,-0.115358947638513,-0.2504900358143377,-0.0007199424046549812,0.005039596832253493,-0.0007199424046083555,-0.05879529637630241,-0.023038156947440734,0.04751619870410484,-0.03439000000000014,0.134204,-0.9384779999999999,0.15202899999999975,-0.11155299999999999,-0.935878,0.1864189999999999,0.245757,0.0025999999999999357,0.9914309714080246,0.8422865832911792,0.8422865832911792,0.008569028591975392,0.15771341670882078,-0.935878
73,0.304167,walk,2.024889,-0.107236,0.970804,-0.993264,-0.110726,0.008822,-0.2205423566114968,-0.04487640988720694,-0.047756179505626994,-0.25985407858020954,0.31567984147895334,-0.43296532646658553,-0.0011999040076339509,0.005999520038397054,-0.0021598272138217073,-0.06767458603309126,-0.01991840652747759,0.054715622750179334,-0.03347599999999984,0.134416,-0.938288,0.15266599999999997,-0.11144899999999999,-0.935451,0.1861419999999998,0.245865,0.0028369999999999784,0.989186060447502,0.8228349145236973,0.8228349145236973,0.010813939552497986,0.17716508547630272,-0.935451
74,0.308333,walk,2.023905,-0.107393,0.970308,-0.993292,-0.110019,0.010499,-0.23619779164663302,-0.03768602976476338,-0.11905904944792405,-0.5780756076707647,0.7341314907526617,-0.36085428628127886,-0.000480076812303771,0.0055208833413351345,-0.0028804608737410115,-0.057369179068675,-0.09145463274124338,0.13994239078252516,-0.03249400000000002,0.134596,-0.937804,0.15341099999999974,-0.11167300000000001,-0.934372,0.18590499999999976,0.24626900000000002,0.0034319999999999906,0.9895906450381965,0.6711038200077459,0.6711038200077459,0.010409354961803507,0.32889617999225407,-0.934372
75,0.3125,walk,2.02286,-0.107529,0.970468,-0.993392,-0.109309,0.010171,-0.25077993760498407,-0.03263738900887881,0.03839692824575232,0.2651872215378523,-0.1407941688269708,-0.34105414203253814,0.0023998080153745066,0.004319654427645137,0.000479961603072237,-0.09407247420199859,-0.02807775377969256,0.08375329973602043,-0.031438999999999995,0.13475,-0.937962,0.15406399999999998,-0.11165399999999999,-0.934183,0.18550299999999997,0.24640399999999998,0.003778999999999977,0.9917253976219476,0.7471350397053365,0.7471350397053365,0.008274602378052442,0.25286496029466354,-0.934183
76,0.316667,walk,2.021689,-0.107589,0.97068,-0.993463,-0.108921,0.009668,-0.28101751859857493,-0.014398848092153789,0.05087592992560384,0.35891238084680843,-0.2097348097390627,-0.18404818439549336,-0.00023998080156942253,0.004079673626109851,-0.0021598272138234013,-0.12263018958481668,-0.022318214542839037,0.07223422126230006,-0.03026899999999988,0.134827,-0.938183,0.1547240000000003,-0.111687,-0.934094,0.18499300000000019,0.246514,0.004089000000000009,0.9922960722005174,0.7190055735324083,0.7190055735324083,0.0077039277994825905,0.28099442646759165,-0.934094
77,0.320833,walk,2.02061,-0.107675,0.970661,-0.993527,-0.108369,0.009799,-0.2590014402303959,-0.020643302928469196,-0.004560729716752576,0.06981309926421071,0.06206968107307818,-0.26943957754279524,0.000960153624607542,0.001920307249160119,-0.001920307249160119,-0.15026404224676307,-0.02976476236198101,0.07849255880940967,-0.029185999999999934,0.134921,-0.938172,0.15517700000000012,-0.111725,-0.933748,0.18436300000000005,0.246646,0.0044239999999999835,0.9951992318770844,0.6688884392157217,0.6688884392157217,0.004800768122915633,0.3311115607842783,-0.933748
78,0.325,walk,2.0197,-0.107868,0.970538,-0.993611,-0.107545,0.010339,-0.21838252939769173,-0.04631629469642363,-0.02951763858890888,-0.03255468304708114,0.24399771724216443,-0.4057331768365923,0.0014398848092033701,0.002879769618430886,-0.0021598272138217073,-0.1759059275258726,-0.03047756179505334,0.09119270458363223,-0.028269999999999795,0.135126,-0.9380580000000001,0.155354,-0.111659,-0.933245,0.1836239999999998,0.246785,0.004813000000000067,0.9935383191659133,0.6177547234819393,0.6177547234819393,0.006461680834086714,0.38224527651806073,-0.933245
79,0.329167,walk,2.018755,-0.108029,0.969942,-0.993645,-0.106768,0.012143,-0.22678185745134558,-0.03863690904727511,-0.1430285577153934,-0.5151556854629319,0.8026642616973211,-0.396193489413379,0.0,0.0019198464122864502,-0.0019198464122872829,-0.19270458363328336,-0.05519558435325397,0.09167266618670568,-0.027325000000000044,0.135295,-0.93747,0.15549599999999986,-0.11172800000000001,-0.932267,0.1828209999999999,0.247023,0.005203000000000069,0.9954748786101176,0.5806014036467769,0.5806014036467769,0.0045251213898823694,0.4193985963532231,-0.932267
80,0.333333,walk,2.017806,-0.108223,0.969959,-0.993742,-0.106022,0.012057,-0.22779644743155686,-0.04656745079212664,0.004080652904475455,0.2267756179273686,-0.02939479165507537,-0.36220171038092797,0.0028804608737160275,0.0014402304368705057,-0.0002400384061452231,-0.2388382141142771,-0.08689390302448415,0.12121939510321607,-0.026364000000000276,0.135495,-0.937488,0.15544999999999964,-0.11189600000000001,-0.931779,0.18181399999999992,0.247391,0.005708999999999964,0.9946176892114792,0.47360677933570927,0.47360677933570927,0.0053823107885208055,0.5263932206642907,-0.931779
81,0.3375,walk,2.016876,-0.108425,0.969596,-0.993789,-0.10534,0.012926,-0.2231821454284407,-0.048476121910245334,-0.08711303095752326,-0.25966817803786924,0.3807481106606619,-0.33887814850199177,-0.00023998080151613289,0.002399808015358655,-0.0007199424046083459,-0.2678185745139583,-0.10367170626349524,0.1216702663786889,-0.025434999999999874,0.135707,-0.937128,0.1552640000000003,-0.112126,-0.930909,0.18069900000000017,0.247833,0.0062189999999999745,0.9958051001993065,0.43781,0.43781,0.004194899800693541,0.56219,-0.930909
82,0.341667,walk,2.015855,-0.108509,0.969743,-0.99385,-0.105006,0.012515,-0.24502039836806394,-0.020158387329013972,0.035277177825776114,0.31159966636386566,-0.17084142976194,-0.1595889374330943,0.0035997120230084733,-0.0002399808015361185,-0.0028797696184300918,-0.33261339092875386,-0.11063114950803739,0.08759299256059666,-0.02439900000000028,0.13579,-0.937287,0.1548989999999999,-0.11250299999999999,-0.930691,0.17929800000000018,0.24829299999999999,0.006595999999999935,0.9923064618584219,0.43404,0.43404,0.007693538141578138,0.56596,-0.930691
83,0.345833,walk,2.014799,-0.108618,0.969816,-0.993909,-0.104626,0.012491,-0.2534805568891424,-0.026164186269805996,0.017522803648581296,0.27802104654169296,0.011588943849362408,-0.1874055876643686,0.0019203072491617847,-0.0007201152184348364,0.0,-0.3744599135861749,-0.15098415746519875,0.13346135381660912,-0.023335000000000106,0.13589600000000002,-0.93736,0.15439500000000006,-0.113023,-0.930208,0.17773000000000017,0.248919,0.007151999999999936,0.9965818515981257,0.42848,0.42848,0.003418148401874266,0.57152,-0.930208
84,0.35,walk,2.013853,-0.108766,0.969864,-0.993987,-0.104047,0.012382,-0.227021838252915,-0.035517158627308906,0.011519078473707044,0.24029893238059308,-0.03647776223872239,-0.2814129874742796,0.001919846412288948,0.0021598272138225686,-0.0011999040076789273,-0.4305255579553303,-0.181905447564198,0.14518838492920683,-0.022381000000000206,0.136053,-0.9374129999999999,0.1535470000000001,-0.11363300000000001,-0.929651,0.1759280000000003,0.24968600000000002,0.007761999999999936,0.9947850552714148,0.42238000000000003,0.42238000000000003,0.005214944728585191,0.57762,-0.929651
85,0.354167,walk,2.012924,-0.108945,0.969749,-0.99406,-0.103363,0.012819,-0.22294216462687128,-0.04295656347492134,-0.027597792176619954,0.08161341087493369,0.2087504774029493,-0.337956969298212,0.0026397888168906074,0.0007199424046075133,-0.0007199424046083459,-0.49316054715631064,-0.22270218382528853,0.17014638828893588,-0.021441000000000043,0.136235,-0.9373009999999999,0.15242099999999992,-0.114382,-0.928827,0.17386199999999996,0.250617,0.008473999999999982,0.9952844467952418,0.41525999999999996,0.41525999999999996,0.004715553204758249,0.58474,-0.928827
86,0.358333,walk,2.012073,-0.109124,0.969636,-0.994113,-0.102867,0.01323,-0.204272683629365,-0.04296687469995163,-0.02712433989436357,0.08568603942184672,0.19956275244476235,-0.2469579775250906,0.0016802688430365487,-0.0007201152184348364,-0.0021603456553036765,-0.5388862217954462,-0.2513202112337954,0.17714834373499808,-0.020583000000000018,0.136411,-0.9371970000000001,0.15102700000000002,-0.11524999999999999,-0.927976,0.17161000000000004,0.25166099999999997,0.009221000000000035,0.9952833148813405,0.40779,0.40779,0.004716685118659525,0.59221,-0.927976
87,0.3625,walk,2.011312,-0.10938,0.969458,-0.994174,-0.102216,0.013723,-0.18262538996875305,-0.06143508519318639,-0.042716582673389125,-0.024694123390721304,0.2253469773414189,-0.32107965835437,0.0014398848092033894,0.0021598272138234013,-0.0002399808015361185,-0.5874730021598852,-0.2793376529877622,0.19654427645788455,-0.019816000000000278,0.13667600000000002,-0.9370200000000001,0.14933999999999958,-0.11615799999999998,-0.926979,0.16915599999999986,0.252834,0.010041000000000078,0.9956552353846994,0.39959,0.39959,0.004344764615300645,0.60041,-0.926979
88,0.366667,walk,2.010504,-0.109603,0.969288,-0.994218,-0.101722,0.014221,-0.1939044876410213,-0.053515718742500426,-0.040796736261099635,-0.02225227569855521,0.23040154129315918,-0.24543205904632834,0.0019198464122889224,0.0019198464122864246,0.0004799616030705654,-0.6469882409406741,-0.34845212383009305,0.21526277897767895,-0.019000000000000128,0.136907,-0.936848,0.14745199999999992,-0.11738699999999999,-0.9259120000000001,0.16645200000000004,0.254294,0.010935999999999946,0.995404717505368,0.39064,0.39064,0.004595282494632036,0.60936,-0.9259120000000001
89,0.370833,walk,2.009763,-0.109884,0.969333,-0.994298,-0.101066,0.014118,-0.17786845895345707,-0.06745079212673773,0.010801728276515052,0.1778781936276403,-0.04155097836369877,-0.3179869508089928,0.0024003840614655555,0.0002400384061452231,-0.0004800768122887806,-0.7210753720594772,-0.31901104176668166,0.12938070091214698,-0.01824899999999996,0.137189,-0.936895,0.14518900000000023,-0.118435,-0.925418,0.1634380000000002,0.255624,0.01147700000000007,0.9959005637837963,0.38522999999999996,0.38522999999999996,0.004099436216203678,0.61477,-0.925418
90,0.375,walk,2.008937,-0.110098,0.969449,-0.994356,-0.100711,0.01381,-0.19822414206863406,-0.0513558915286794,0.027837772978163103,0.2830284341550257,-0.12524447138129036,-0.17148177300044323,0.0014398848092033894,-0.0007199424046075229,0.0002399808015361185,-0.7768178545717295,-0.363810895128396,0.18598512119030533,-0.017417000000000016,0.1374,-0.93701,0.14277799999999985,-0.11973700000000001,-0.924759,0.16019499999999987,0.257137,0.012251000000000012,0.9972872850239656,0.37749,0.37749,0.002712714976034425,0.62251,-0.924759
91,0.379167,walk,2.008143,-0.11034,0.969612,-0.994424,-0.100305,0.013241,-0.19054475641947827,-0.05807535397168073,0.03911687065035401,0.3283826427105199,-0.24728207783844378,-0.1929562625719291,0.003839692824577896,0.0016798656107511643,-0.000959923206144474,-0.837532997360161,-0.3830093592512588,0.20830333573314272,-0.01660700000000004,0.137649,-0.937177,0.14008200000000004,-0.121091,-0.924054,0.15668900000000008,0.25873999999999997,0.013122999999999996,0.9928339841343956,0.36877,0.36877,0.0071660158656043915,0.63123,-0.924054
92,0.383333,walk,2.00738,-0.110554,0.969775,-0.994466,-0.10011,0.012618,-0.18314930388863865,-0.05136821891502777,0.03912626020163805,0.25660250622657627,-0.2775505734454612,-0.08924362990246584,0.0040806529044488055,-0.0014402304368696728,0.0,-0.8831012962073896,-0.4044647143542945,0.23019683149303907,-0.015827000000000035,0.137857,-0.9373400000000001,0.13716600000000012,-0.12256199999999999,-0.923258,0.15299300000000016,0.260419,0.014082000000000039,0.9927877434880552,0.35917999999999994,0.35917999999999994,0.007212256511944792,0.6408200000000001,-0.923258
93,0.3875,walk,2.006601,-0.110791,0.96979,-0.994485,-0.09995,0.012488,-0.1869450443964673,-0.05687544996400271,0.0035997120230350688,0.024636526928613123,-0.0624907571702848,-0.07569750296915127,0.0007199424046549715,0.0031197504199661683,0.0011999040076789112,-0.9313654907607909,-0.4478041756659449,0.2383009359251227,-0.015044999999999753,0.138107,-0.93735,0.13406399999999996,-0.124191,-0.92228,0.14910899999999971,0.262298,0.015070000000000028,0.9943013331538217,0.3493,0.3493,0.0056986668461782575,0.6507000000000001,-0.92228
94,0.391667,walk,2.005807,-0.110996,0.969996,-0.994507,-0.099951,0.01184,-0.19054475641947827,-0.049196064314854335,0.049436045116373804,0.2796042718589968,-0.28447222026530977,0.005397077354486529,0.0035997120230084733,0.002399808015358687,0.000959923206144474,-0.965442764578759,-0.5116390688744917,0.2944564434845243,-0.014235999999999915,0.138322,-0.9375519999999999,0.13083500000000026,-0.126118,-0.9212589999999999,0.14507100000000017,0.26444,0.016293000000000002,0.9926141167456526,0.33707,0.33707,0.007385883254347414,0.66293,-0.9212589999999999
95,0.395833,walk,2.005044,-0.111248,0.969856,-0.9945,-0.099922,0.012181,-0.18314930388863865,-0.060489678348536254,-0.03360537686027793,-0.11354430446749393,0.152706354868308,-0.01705650145449997,0.0024003840614655555,0.0012001920307252827,0.0004800768122904462,-1.012001920307248,-0.5189630340854526,0.31973115698511734,-0.01346299999999978,0.138579,-0.9374100000000001,0.12738200000000033,-0.12802799999999998,-0.919787,0.1408450000000001,0.266607,0.017623000000000055,0.9954561463067454,0.32377,0.32377,0.004543853693254607,0.67623,-0.919787
96,0.4,walk,2.00434,-0.111578,0.969811,-0.99453,-0.099651,0.012245,-0.16894648428121203,-0.07919366450683812,-0.010799136069131849,0.04063087101666336,0.031120230886833466,-0.13223076264697098,0.004799616030695663,0.0007199424046075133,0.0011999040076789112,-1.0518358531318008,-0.5512359011279107,0.3105351571874218,-0.012739000000000056,0.138912,-0.93736,0.1237029999999999,-0.12999500000000003,-0.9184479999999999,0.13644199999999995,0.268907,0.01891200000000004,0.9916675999296409,0.31088000000000005,0.31088000000000005,0.00833240007035907,0.68912,-0.9184479999999999
97,0.404167,walk,2.003647,-0.11185,0.969991,-0.994555,-0.099606,0.011643,-0.16630669546437693,-0.06527477801776095,0.04319654427647469,0.2536994398905451,-0.2655984003654509,-0.01711622630907989,0.08351331893448931,-0.01607871370290412,-0.04535637149028143,-1.1094312455003768,-0.5697144228461725,0.33333333333333554,-0.011697999999999986,0.139117,-0.937729,0.11977299999999991,-0.132097,-0.917239,0.1314709999999999,0.271214,0.020490000000000008,0.8393571948168675,0.29510000000000003,0.29510000000000003,0.16064280518313245,0.7049,-0.917239
98,0.408333,walk,2.002974,-0.112249,0.970259,-0.994614,-0.099287,0.010859,-0.16154584733555524,-0.09577532405184741,0.06433029284683983,0.3564099413359322,-0.3469641662093366,-0.14820622921206208,0.02112337974077963,0.01872299567930908,0.0031204992798845687,-1.1173787806049142,-0.6070571291406629,0.3943831012962068,-0.010936999999999975,0.139594,-0.9379839999999999,0.11579099999999976,-0.13422699999999999,-0.915864,0.12672799999999973,0.273821,0.022119999999999918,0.9526688599499827,0.2788,0.2788,0.04733114005001726,0.7212000000000001,-0.915864
99,0.4125,walk,2.002303,-0.112612,0.970595,-0.994648,-0.099277,0.009909,-0.16102711783059565,-0.08711303095752443,0.08063354931605589,0.43998419485997947,-0.4144559183301399,0.0019224962916488373,0.009839212862960876,0.004799616030717374,-0.0033597312215023285,-1.3004559635228874,-0.5985121190304801,0.43148548116150975,-0.010224999999999929,0.13997700000000002,-0.938334,0.111043,-0.13635799999999998,-0.9144019999999999,0.12126799999999993,0.276335,0.023932000000000064,0.9809143583866393,0.26068,0.26068,0.019085641613360682,0.73932,-0.9144019999999999
100,0.416667,walk,2.001654,-0.113018,0.970697,-0.994672,-0.099137,0.00952,-0.15574754019681228,-0.0974322054235629,0.02447804175667044,0.11938626292699081,-0.17752277424972668,-0.06397284471038443,-0.01367890568753859,-0.0206383489320851,-0.018238540916726446,-1.1389488840892443,-0.6774658027357741,0.3650107991360667,-0.00963299999999978,0.140297,-0.938512,0.10694600000000021,-0.13877499999999998,-0.912983,0.11657899999999999,0.279072,0.025529000000000024,0.9487463203970741,0.24470999999999998,0.24470999999999998,0.05125367960292593,0.75529,-0.912983
101,0.420833,walk,2.000968,-0.113383,0.971155,-0.994705,-0.099215,0.008068,-0.16466634661544982,-0.08761401824291981,0.10993759001439225,0.5832169303428046,-0.6413476784791617,0.04933485883045481,-0.005760921747485354,0.004080652904464629,-0.0002400384061452231,-1.1896303408545263,-0.6637061929908823,0.38046087373979715,-0.00897099999999984,0.140679,-0.938971,0.10267600000000021,-0.141175,-0.911856,0.11164700000000005,0.281854,0.027115,0.9882269651387647,0.22885,0.22885,0.011773034861235265,0.77115,-0.911856
102,0.425,walk,2.000295,-0.113774,0.971604,-0.994725,-0.099369,0.006718,-0.1615070794336279,-0.09383249340052909,0.10775137988961729,0.5506644600559237,-0.5942761435563451,0.08519892772389329,-0.001919846412288948,0.0033597312215023285,-0.0023998080153578545,-1.2985361171106518,-0.6191504679625596,0.44996400287977256,-0.008305999999999925,0.141084,-0.93943,0.09793800000000008,-0.143364,-0.9104300000000001,0.106244,0.284448,0.028999999999999915,0.9924111407243373,0.21000000000000002,0.21000000000000002,0.007588859275662663,0.79,-0.9104300000000001
103,0.429167,walk,1.999627,-0.114206,0.972015,-0.994758,-0.099321,0.005523,-0.16030717542593853,-0.10367170626349857,0.09863210943123016,0.4730692860405511,-0.5296601445719161,-0.013217628891109704,-0.014398848092140275,0.005519558435324824,0.003359731221502284,-1.2661387089032388,-0.6445884329253663,0.49652027837772467,-0.007697999999999983,0.141539,-0.939827,0.09333000000000014,-0.145618,-0.9087719999999999,0.10102800000000012,0.287157,0.031055000000000055,0.973696211427173,0.18945000000000012,0.18945000000000012,0.026303788572827003,0.8105499999999999,-0.9087719999999999
104,0.433333,walk,1.998994,-0.114595,0.972157,-0.994749,-0.099506,0.005015,-0.15194431108979964,-0.0933749399903985,0.03408545367260835,0.1482986215424557,-0.22812406320210707,0.0938661086532882,0.01800288046088507,0.010561689870378988,-0.0062409985597691375,-1.2638022083533536,-0.6913106096975495,0.49327892462794043,-0.00698999999999983,0.141972,-0.939995,0.08869800000000017,-0.148109,-0.9068590000000001,0.095688,0.290081,0.03313599999999994,0.9636910226577647,0.16864000000000012,0.16864000000000012,0.03630897734223526,0.8313599999999999,-0.9068590000000001
105,0.4375,walk,1.998467,-0.115135,0.972166,-0.994792,-0.099044,0.004811,-0.12646988240939458,-0.1295896328293741,0.002159827213805084,-0.06536664971512736,-0.11014534415263688,-0.21996278533533584,0.0045596352291795905,0.007679385649148299,-0.0031197504199678753,-1.309815214782816,-0.661147108231347,0.44204463642909064,-0.006443999999999894,0.142544,-0.940017,0.08376700000000015,-0.150324,-0.905026,0.09021100000000004,0.292868,0.034990999999999994,0.9842329386893638,0.15008999999999995,0.15008999999999995,0.01576706131063621,0.84991,-0.905026
106,0.441667,walk,1.99786,-0.115653,0.97224,-0.994805,-0.098943,0.004395,-0.14566834653228405,-0.12431005519558616,0.017758579313659446,0.045472379329616786,-0.1972301852363434,-0.04425887461333152,-0.01871850251980392,-0.05159587233021386,-0.027837772978161437,-1.3064554835613769,-0.6930645548356175,0.4890808735301199,-0.0059149999999998926,0.142847,-0.940207,0.07892999999999994,-0.152694,-0.903062,0.08484499999999984,0.295541,0.037144999999999984,0.8974294554074653,0.12855,0.12855,0.10257054459253467,0.8714500000000001,-0.903062
107,0.445833,walk,1.997258,-0.116179,0.972338,-0.994822,-0.098843,0.003856,-0.14450312049927772,-0.12626020163226076,0.023523763802218538,0.12014507626948838,-0.249177377719184,-0.042896731882352816,0.0026404224675907915,0.013442150744119167,0.0040806529044654614,-1.325252040326424,-0.6325012001920299,0.47839654344694993,-0.005301999999999918,0.143429,-0.940288,0.07401100000000005,-0.154803,-0.901167,0.07931299999999997,0.298232,0.03912099999999996,0.9761768684094112,0.10879000000000005,0.10879000000000005,0.023823131590588797,0.89121,-0.901167
108,0.45,walk,1.99656,-0.116647,0.972245,-0.994782,-0.099165,0.003925,-0.16750659947206195,-0.11231101511878873,-0.022318214542838742,-0.15591779896024172,0.021443662052289925,0.15546487049263044,0.0035997120230084256,0.01055915526757825,-0.0045596352291828604,-1.3758099352052235,-0.6318694504439588,0.49436045116390465,-0.004588999999999954,0.14394099999999999,-0.940214,0.06897599999999993,-0.156968,-0.899014,0.07356499999999988,0.300909,0.041200000000000014,0.9799137996488592,0.08799999999999997,0.08799999999999997,0.020086200351140837,0.912,-0.899014
109,0.454167,walk,1.995938,-0.117102,0.972317,-0.994765,-0.099365,0.003537,-0.14926805855529252,-0.10919126469882401,0.017278617710573888,0.03440693732210732,-0.18138094966513577,0.10064166991276423,0.00023998080156942253,0.005999520038397134,-0.0009599232061428088,-1.359491240700759,-0.5956323494120467,0.4715622750179999,-0.003965999999999914,0.144421,-0.94029,0.0639329999999998,-0.158995,-0.897121,0.06789899999999971,0.30341599999999996,0.04316900000000001,0.9898657231746877,0.06831000000000004,0.06831000000000004,0.010134276825312316,0.9316899999999999,-0.897121
110,0.458333,walk,1.995342,-0.117624,0.972029,-0.994755,-0.099272,0.004121,-0.1430628900624197,-0.12530004800768318,-0.06913106096974429,-0.3595587334196646,0.24475406004824224,-0.049377909396273116,0.0016802688429832496,0.0055208833413351345,-0.0009601536245792267,-1.3598175708112297,-0.6046567450792106,0.4875180028804617,-0.003363000000000005,0.144966,-0.940006,0.05886400000000025,-0.16099199999999997,-0.894802,0.062227000000000254,0.30595799999999995,0.04520400000000002,0.9902495938494673,0.04796,0.04796,0.009750406150532687,0.95204,-0.894802
111,0.4625,walk,1.994739,-0.11819,0.972054,-0.99476,-0.099246,0.00378,-0.144708423326111,-0.1358291336693047,0.0059995200383829005,0.029622866344510685,-0.1617874799441768,-0.008729072229225376,0.0014398848092033701,0.0040796736261097975,0.0,-1.3611711063115137,-0.6100311975042056,0.4710823134149214,-0.0027540000000001452,0.145549,-0.940031,0.05379500000000004,-0.162968,-0.892864,0.05654900000000018,0.30851700000000004,0.04716699999999996,0.9927894742911355,0.028330000000000077,0.028330000000000077,0.00721052570886449,0.9716699999999999,-0.892864
112,0.466667,walk,1.994141,-0.118828,0.971934,-0.994771,-0.099038,0.00392,-0.14350851931847897,-0.1531077513798904,-0.028797696184307577,-0.17115958682134452,0.04801264908448722,-0.10084010029605613,0.002879769618460065,0.00311975041996621,0.0009599232061428088,-1.3393328533718052,-0.6493880489560839,0.4929205663546945,-0.0021439999999999237,0.1462,-0.9399069999999999,0.048811999999999856,-0.16503600000000002,-0.89069,0.05095599999999978,0.311236,0.049216999999999955,0.9927452375220793,0.00783000000000006,0.00783000000000006,0.007254762477920673,0.99217,-0.89069
113,0.470833,walk,1.993488,-0.119403,0.972219,-0.99477,-0.099221,0.002877,-0.15674507921267744,-0.13802208353336337,0.06841094575134195,0.30160042426877826,-0.4708801597725564,0.09877918160400817,0.008641382621201382,0.003600576092175015,-0.0004800768122904462,-1.3353336533845368,-0.6349015842534821,0.4615938550168043,-0.001454999999999984,0.14679,-0.9401940000000001,0.043901999999999886,-0.16710600000000003,-0.8890520000000001,0.04535699999999987,0.313896,0.05114200000000002,0.9843770009683691,0.0,0.0,0.015622999031630891,1.0,-0.8890520000000001
114,0.475,walk,1.992797,-0.119977,0.972482,-0.994758,-0.099477,0.001825,-0.16582673386129138,-0.13774898008159547,0.06311495080391258,0.28378704906965896,-0.476014397600742,0.1342898115855374,0.005519558435350708,0.0028797696184300918,0.003599712023038447,-1.3268538516917938,-0.6587473002159858,0.49700023998080184,-0.0007409999999998806,0.147376,-0.940442,0.03906400000000021,-0.169277,-0.8872439999999999,0.03980500000000009,0.316653,0.05319800000000008,0.9880142996049817,0.0,0.0,0.01198570039501834,1.0,-0.8872439999999999
115,0.479167,walk,1.992183,-0.120582,0.972554,-0.994748,-0.09961,0.00132,-0.14734821214300162,-0.14518838492920322,0.0172786177106003,0.06899438802340825,-0.23510637031942883,0.0696170239961335,-0.00023998080156941934,0.002399808015358655,0.005039596832253425,-1.3141348692105153,-0.650107991360677,0.5087592992560582,-0.000128000000000128,0.14799099999999998,-0.940493,0.034201999999999844,-0.17138099999999998,-0.885196,0.03432999999999997,0.319372,0.05529700000000004,0.9906883875475356,0.0,0.0,0.009311612452464368,1.0,-0.885196
116,0.483333,walk,1.991597,-0.121203,0.972417,-0.994738,-0.099624,0.001511,-0.14066250600095415,-0.14906385021603696,-0.03288526164187557,-0.17208410778428962,0.07507067528908123,0.005224147550534433,0.000960153624607542,0.0012001920307252827,0.003600576092175015,-1.3206913106096716,-0.6529044647143538,0.5081613058089276,0.00046199999999996244,0.148617,-0.940341,0.029285999999999923,-0.17347999999999997,-0.882942,0.02882399999999996,0.32209699999999997,0.05739899999999998,0.9934751534524204,0.0,0.0,0.006524846547579566,1.0,-0.882942
117,0.4875,walk,1.991059,-0.121906,0.972202,-0.99475,-0.09938,0.00184,-0.1291096712263385,-0.16870650347972146,-0.05159587233020553,-0.2478049198496965,0.13103592380156706,-0.12048232221829089,0.004799616030695727,0.0016798656107511643,0.0028797696184300918,-1.3786897048236486,-0.6465082793376637,0.5733141348692142,0.0010200000000000209,0.149327,-0.940114,0.02407899999999996,-0.175471,-0.8803380000000001,0.02305899999999994,0.32479800000000003,0.05977599999999994,0.9902601426591087,0.0,0.0,0.009739857340891334,1.0,-0.8803380000000001
118,0.491667,walk,1.990444,-0.122598,0.972354,-0.994761,-0.099371,0.001131,-0.14758819294451775,-0.16606671466282527,0.036477081833462884,0.20868259676075815,-0.3211634830716224,0.003137500611374816,0.00455963522917953,0.0,0.0021598272138233727,-1.3534917206623582,-0.6613870890328677,0.5080393568514465,0.0016539999999998223,0.150019,-0.940257,0.019053999999999682,-0.177535,-0.8783730000000001,0.01739999999999986,0.327554,0.06188399999999994,0.9915911542910081,0.0,0.0,0.008408845708991919,1.0,-0.8783730000000001
119,0.495833,walk,1.989858,-0.1233,0.972176,-0.994758,-0.099327,0.001352,-0.14066250600100746,-0.16850696111378005,-0.04272683629380974,-0.15386986226354146,0.0907246432959223,-0.023250166254495146,0.006240998559789125,0.0,0.0014402304368696728,-1.2047527604416421,-0.7289966394623163,0.46759481517042817,0.0022660000000001013,0.150721,-0.940073,0.014620999999999995,-0.17986999999999997,-0.876247,0.012354999999999894,0.33059099999999997,0.06382600000000005,0.989324960742386,0.0,0.0,0.010675039257614038,1.0,-0.876247
120,0.5,walk,1.989289,-0.12404,0.971981,-0.994774,-0.099059,0.001677,-0.1365490760738716,-0.17758579313654785,-0.0467962562995098,-0.21935044578918308,0.13168071600628561,-0.13222733053187735,0.007439404847586369,-0.0007199424046075229,0.0019198464122872829,-1.2121430285577024,-0.6635469162467083,0.42596592272618405,0.002865999999999813,0.151458,-0.93987,0.010138999999999898,-0.18189500000000003,-0.874277,0.007273000000000085,0.333353,0.06559300000000001,0.9871386807529303,0.0,0.0,0.01286131924706968,1.0,-0.874277
121,0.504167,walk,1.988695,-0.124779,0.971732,-0.994767,-0.098966,0.002071,-0.14254859611230594,-0.1773458123350127,-0.059755219582419444,-0.308226931267915,0.15820766337223444,-0.048253445557403636,0.008639308855326794,-0.002879769618430886,0.000959923206142796,-1.2200623950084113,-0.6594672426205788,0.41084713222941976,0.0034959999999999436,0.15218500000000001,-0.939617,0.005648999999999793,-0.18390399999999998,-0.8723160000000001,0.0021529999999998495,0.33608899999999997,0.06730099999999994,0.9847381937217756,0.0,0.0,0.015261806278224377,1.0,-0.8723160000000001
122,0.508333,walk,1.988061,-0.125523,0.971495,-0.994753,-0.098971,0.002345,-0.15218434949592485,-0.17858857417186608,-0.056889102256371234,-0.25865123955121694,0.10650649382487132,0.0002352418194229651,0.024723955832924666,-0.007681228996639643,0.0026404224675957884,-1.3115698511761664,-0.5679308689390382,0.48919827172347496,0.004232999999999931,0.152897,-0.939369,0.0008189999999999031,-0.18552600000000002,-0.870041,0.003414000000000028,0.33842300000000003,0.06932800000000006,0.956626713875211,0.0,0.0,0.04337328612478897,1.0,-0.870041
123,0.5125,walk,1.987368,-0.126241,0.971319,-0.994711,-0.099301,0.002458,-0.16630669546437912,-0.1723062155027622,-0.04223662107030413,-0.16116322976224748,0.042602150064030515,0.15851782266470898,0.020158387329007578,0.007919366450684523,0.006239500839932503,-1.2032637389009286,-0.6417086633069367,0.4000479961603152,0.005009999999999959,0.153648,-0.9391670000000001,-0.003502000000000116,-0.18748199999999998,-0.868198,0.008512000000000075,0.34113,0.07096900000000006,0.9624349336551291,0.0,0.0,0.03756506634487089,1.0,-0.868198
124,0.516667,walk,1.986605,-0.126903,0.971177,-0.994639,-0.09992,0.002435,-0.18310535157188945,-0.15886729061674848,-0.03407727381811505,-0.17620104329386455,-0.020810019041765677,0.29968277739345084,-0.0028797696184067402,-0.0009599232061436286,0.00431965442764508,-1.253179745620302,-0.6141108711303129,0.5221982241420641,0.005761000000000127,0.154306,-0.9390069999999999,-0.007960999999999885,-0.18937900000000002,-0.86588,0.013722000000000012,0.343685,0.07312699999999994,0.9912007039437071,0.0,0.0,0.008799296056292927,1.0,-0.86588
125,0.520833,walk,1.985967,-0.127734,0.971668,-0.994663,-0.099964,0.00061,-0.15314450312047911,-0.1994719155064805,0.11785885741719128,0.5548994121244073,-0.8239978734285149,0.04194825035842802,0.006721075372039597,0.0012001920307244498,0.0031204992798862345,-1.1985117618819063,-0.5950552088334151,0.17066730676908373,0.0064269999999999605,0.15514199999999997,-0.939485,-0.012315999999999994,-0.19102700000000003,-0.86566,0.018742999999999954,0.346169,0.07382500000000003,0.987488801591394,0.0,0.0,0.012511198408606039,1.0,-0.86566
126,0.525,walk,1.985412,-0.128656,0.97124,-0.994668,-0.099734,0.001723,-0.13318934485243075,-0.2212622990160785,-0.10271178305735078,-0.35321407259739446,0.49839519116339664,-0.12350100961007536,0.006959443244554005,0.0009599232061436286,0.003359731221502284,-1.1970242380609442,-0.6765058795296229,0.3167746580273558,0.0070110000000001005,0.15606799999999998,-0.939043,-0.016748999999999903,-0.19292399999999998,-0.863912,0.023760000000000003,0.34899199999999997,0.07513099999999995,0.9870210537240115,0.0,0.0,0.012978946275988501,1.0,-0.863912
127,0.529167,walk,1.984771,-0.12951,0.971293,-0.994671,-0.099792,0.001188,-0.15382769378447006,-0.20494360451163599,0.012718982481394128,0.17082579917511206,-0.240132578280023,0.03401351850282725,0.003839692824577845,-0.001679865610751142,0.0011999040076789112,-1.2042236621070144,-0.6275497960163221,0.2826973842092607,0.007668000000000008,0.15691499999999997,-0.939091,-0.021125999999999978,-0.19468500000000002,-0.862787,0.028793999999999986,0.3516,0.07630400000000004,0.9927342204125276,0.0,0.0,0.007265779587472432,1.0,-0.862787
128,0.533333,walk,1.984215,-0.130341,0.970895,-0.994659,-0.099729,0.002023,-0.13346135381661434,-0.1994719155064925,-0.09553528564570805,-0.3563054028263687,0.366237787869518,-0.039498783437210604,0.006240998559735992,0.0,0.0024003840614489637,-1.1505040806529456,-0.6257801248199804,0.11641862698031971,0.008249999999999869,0.157746,-0.9386829999999999,-0.025363000000000024,-0.19646099999999997,-0.861904,0.03361299999999989,0.354207,0.07677899999999993,0.988855506259307,0.0,0.0,0.01114449374069304,1.0,-0.861904
129,0.5375,walk,1.983595,-0.131271,0.970349,-0.994645,-0.099618,0.003268,-0.14878809695225828,-0.22318214542836076,-0.13102951763857243,-0.44513970088815674,0.5543333357791266,-0.06738759021385822,0.005039596832265082,0.003359731221502284,0.0019198464122872573,-1.163666906647484,-0.5723542116630689,0.12191024718022335,0.008890999999999982,0.15869,-0.938129,-0.029592000000000063,-0.197916,-0.86085,0.038483000000000045,0.356606,0.07727899999999999,0.9894102853412582,0.0,0.0,0.010589714658741811,1.0,-0.86085
130,0.541667,walk,1.982903,-0.132223,0.970976,-0.994681,-0.099736,0.001146,-0.1660667146628053,-0.2284617230621553,0.1504679625629778,0.8735815487333003,-0.9342685233169807,0.07991334225416082,0.004319654427663397,0.0014398848092158593,0.0011999040076789112,-1.0887928965682694,-0.7000239980801489,0.2798176145908307,0.00960099999999997,0.159648,-0.938751,-0.03343700000000016,-0.199881,-0.8603109999999999,0.04303800000000013,0.359529,0.07844000000000007,0.9921520610869465,0.0,0.0,0.007847938913053465,1.0,-0.8603109999999999
131,0.545833,walk,1.982204,-0.133113,0.970809,-0.994639,-0.100125,0.001185,-0.16778684589534437,-0.21363418146903534,-0.040086413826192296,-0.05804206461359524,0.01784689927491477,0.1873503864710198,0.005760921747485354,0.0007201152184348364,-0.0009601536245792267,-1.053048487758021,-0.6341814690350398,0.08305328852616391,0.010324,0.16054100000000002,-0.938588,-0.037125000000000075,-0.20163299999999998,-0.8597980000000001,0.047449000000000074,0.362174,0.07878999999999992,0.990192310231923,0.0,0.0,0.009807689768077,1.0,-0.8597980000000001
132,0.55,walk,1.981463,-0.134007,0.970554,-0.994581,-0.100649,0.001357,-0.17782577393810825,-0.21454283657306727,-0.061195104391649456,-0.09079758792410753,0.08037514917575375,0.2509040600474383,0.005759539236866767,0.0031197504199661683,0.0004799616030722306,-1.0307175425965696,-0.6102711783057351,0.0875929925605955,0.011089000000000127,0.16144799999999998,-0.938331,-0.04067899999999991,-0.20328200000000002,-0.859178,0.051768000000000036,0.36473,0.07915300000000003,0.9890537299548722,0.0,0.0,0.010946270045127826,1.0,-0.859178
133,0.554167,walk,1.980848,-0.135044,0.970246,-0.994595,-0.100433,0.001585,-0.14758819294457495,-0.24886009119271174,-0.07391408687304556,-0.15991656629454115,0.09106111523742196,-0.10642872956726593,0.0035997120230085214,0.003599712023038495,-0.0004799616030722434,-1.009119270458386,-0.6599472042236686,0.10919126469882547,0.011719000000000035,0.1625,-0.9380250000000001,-0.04426899999999989,-0.20499499999999998,-0.858415,0.05598799999999993,0.36749499999999996,0.07961000000000007,0.9914777714772511,0.0,0.0,0.008522228522748865,1.0,-0.858415
134,0.558333,walk,1.980154,-0.13604,0.969541,-0.994566,-0.100405,0.003007,-0.1665866538646116,-0.23907825252040235,-0.16922707633222903,-0.5650539684697694,0.6285517016177642,-0.029146451021333467,0.0043206913106273405,0.0012001920307244498,0.0012001920307244498,-1.1649063850216017,-0.48655784925588086,-0.27508401344214917,0.012431000000000081,0.163501,-0.937315,-0.048427999999999916,-0.206026,-0.858856,0.060858999999999996,0.369527,0.07845900000000006,0.9922631302584889,0.0,0.0,0.00773686974151111,1.0,-0.858856
135,0.5625,walk,1.979433,-0.137041,0.969559,-0.994568,-0.100526,0.002362,-0.17302615790735928,-0.24022078233741162,0.004319654427636754,0.24800225990387106,-0.2844286502084996,0.06547689348398561,0.00311975041997616,0.001679865610751142,-0.0004799616030705654,-1.0189584833213199,-0.5274778017758619,-0.05399568034557266,0.013165000000000093,0.164509,-0.9373349999999999,-0.051952999999999916,-0.20722300000000002,-0.859099,0.06511800000000001,0.371732,0.07823599999999997,0.9940406109808071,0.0,0.0,0.005959389019192907,1.0,-0.859099
136,0.566667,walk,1.978812,-0.138201,0.969695,-0.994611,-0.100312,0.001343,-0.1490280777537744,-0.278377729781614,0.032637389008885034,0.403197706000349,-0.4534839778959289,-0.09191136273257738,0.0050395968322117955,0.0026397888168947707,0.0023998080153578225,-0.971682265418805,-0.550515958723289,-0.030717542596592786,0.013806999999999903,0.16568,-0.937461,-0.055381000000000125,-0.208357,-0.859363,0.06918800000000003,0.37403699999999995,0.078098,0.9897090790095215,0.0,0.0,0.010290920990478458,1.0,-0.859363
137,0.570833,walk,1.977985,-0.139215,0.969793,-0.994588,-0.10073,0.000446,-0.19851176188187963,-0.24339894383101635,0.023523763802218538,0.38458324301444347,-0.3886112819902502,0.2115031293023383,0.004800768122931111,0.001920307249160119,-0.0004800768122904462,-0.9419107057128694,-0.5475276044167142,-0.032405184829571804,0.014653999999999945,0.16670200000000002,-0.937561,-0.05847800000000003,-0.209624,-0.859596,0.07313199999999997,0.376326,0.07796499999999995,0.9913452921855874,0.0,0.0,0.008654707814412577,1.0,-0.859596
138,0.575,walk,1.977334,-0.140286,0.969283,-0.994577,-0.100643,0.001261,-0.156227501799902,-0.2570194384449266,-0.12239020878330217,-0.39041824723136026,0.352457066331448,-0.05079523948864389,0.006239500839899199,0.0021598272138225977,0.0002399808015361217,-0.9268058555315828,-0.533477321814259,-0.0587952963762932,0.015330999999999984,0.167782,-0.93705,-0.06168899999999988,-0.210776,-0.8593310000000001,0.07701999999999987,0.378558,0.07771899999999998,0.9889881610288218,0.0,0.0,0.01101183897117819,1.0,-0.8593310000000001
139,0.579167,walk,1.976674,-0.141498,0.969024,-0.994609,-0.10031,0.001295,-0.1583873290136496,-0.29085673146148533,-0.06215502759779391,-0.02721919015481668,0.009417943568060479,-0.16090089917341777,0.00623950083995232,0.0014398848092150266,0.0002399808015361153,-0.8958483321334192,-0.5044396448284082,-0.07151427885768909,0.016016999999999948,0.169,-0.93679,-0.06476199999999999,-0.21166599999999997,-0.85937,0.08077899999999993,0.38066599999999995,0.07742000000000004,0.9893200304592766,0.0,0.0,0.010679969540723366,1.0,-0.85937
140,0.583333,walk,1.975887,-0.142604,0.968721,-0.994588,-0.100474,0.001402,-0.188910225636124,-0.2654824771963502,-0.07273163706191599,-0.0993805551332352,0.04368306638091878,0.07809426533728162,0.006240998559789125,0.0009601536245800595,0.004560729716754241,-0.8518963034085506,-0.5480076812290047,-0.11185789726356403,0.016830000000000123,0.17011,-0.9364680000000001,-0.06752399999999992,-0.212843,-0.8595330000000001,0.08435400000000004,0.382953,0.07693499999999998,0.9870179382784285,0.0,0.0,0.012982061721571458,1.0,-0.8595330000000001
141,0.5875,walk,1.975013,-0.14371,0.968661,-0.994563,-0.100845,0.000587,-0.20974322054236494,-0.2654187664986771,-0.014398848092166919,0.2511842126804153,-0.36291664971529053,0.18834810530656076,0.006239500839899033,0.0026397888168947707,0.002639788816895603,-0.8197744180465706,-0.5238780897528135,-0.12095032397407889,0.017730000000000024,0.17122700000000002,-0.936397,-0.07006599999999996,-0.21392,-0.859977,0.08779599999999999,0.385147,0.07642000000000004,0.9878815635489293,0.0,0.0,0.012118436451070691,1.0,-0.859977
142,0.591667,walk,1.974101,-0.144861,0.968444,-0.994536,-0.101153,0.00023,-0.21886249100067073,-0.27621790256778894,-0.05207583393329039,0.10677157952191667,-0.15746576169259552,0.15273122985178345,0.006479481641468453,0.0026397888168947707,0.0019198464122872573,-0.798416126709823,-0.5325173986081003,-0.14422846172306208,0.018668999999999825,0.172389,-0.936172,-0.07248100000000002,-0.21498799999999998,-0.8603609999999999,0.09114999999999984,0.38737699999999997,0.07581100000000007,0.9879079941941998,0.0,0.0,0.012092005805800166,1.0,-0.8603609999999999
143,0.595833,walk,1.973296,-0.146032,0.968206,-0.994542,-0.101168,-5.6e-05,-0.1932309169467565,-0.2810849735957839,-0.05712914066249799,0.1423995149991189,-0.12330365676707276,0.010383126181193088,0.00840134421507637,0.0014402304368697112,0.0028804608737394224,-0.7590014402304828,-0.5273643783005428,-0.16058569371099862,0.019509,0.173566,-0.935922,-0.07483799999999996,-0.21601399999999998,-0.860792,0.09434699999999996,0.38958,0.07513000000000003,0.9850042688318172,0.0,0.0,0.014995731168182758,1.0,-0.860792
144,0.6,walk,1.972605,-0.147375,0.967728,-0.994565,-0.10082,0.000541,-0.16582673386128916,-0.32229421646268314,-0.11471082313414321,-0.25257046629735014,0.25793618945011443,-0.17455992055643912,0.008159347252241243,0.002879769618430886,0.00431965442764508,-0.7724982001440025,-0.5001199904007714,-0.1943844492440569,0.020234000000000085,0.174921,-0.9354260000000001,-0.07736600000000005,-0.216755,-0.861124,0.09760000000000013,0.391676,0.07430200000000009,0.9838817361173929,0.0,0.0,0.016118263882607065,1.0,-0.861124
145,0.604167,walk,1.971854,-0.14868,0.9674,-0.994576,-0.100687,0.000516,-0.18022558195342941,-0.3131749460043174,-0.07871370290376589,-0.04499073968917686,-0.018290182346157063,-0.0636830403633993,0.008159347252187955,0.0009599232061436286,0.002639788816895603,-0.6637868970481888,-0.5301175905927525,-0.22438204943604467,0.0210189999999999,0.17623,-0.935087,-0.07938099999999992,-0.21765900000000002,-0.861731,0.10039999999999982,0.39388900000000004,0.07335599999999998,0.9856178268968059,0.0,0.0,0.014382173103194118,1.0,-0.861731
146,0.608333,walk,1.970873,-0.149887,0.967177,-0.994526,-0.101241,0.000104,-0.235477676428204,-0.2897263562169911,-0.05352856457035143,0.13831658364097188,-0.17772955440111973,0.2720368980893847,0.007681228996647139,0.003360537686029792,0.0052808449351899114,-0.6584253480557273,-0.5660105616898631,-0.24699951992318805,0.02203199999999983,0.177451,-0.934842,-0.08114300000000019,-0.21881,-0.862537,0.10317500000000002,0.396261,0.07230499999999995,0.9834855437345471,0.0,0.0,0.016514456265452893,1.0,-0.862537
147,0.6125,walk,1.970101,-0.151286,0.96681,-0.99456,-0.100862,-0.000102,-0.1852651787856945,-0.33573314134869225,-0.08807295416366773,-0.07598470968838777,-0.11182956707088569,-0.17999713595790862,0.008639308855326794,0.003359731221501451,0.005519558435323991,-0.6477081833453291,-0.47756179505638985,-0.29973602111830827,0.02283999999999997,0.178864,-0.934452,-0.0830700000000002,-0.21940099999999998,-0.8634189999999999,0.10591000000000017,0.398265,0.07103300000000001,0.982019225027561,0.0,0.0,0.017980774972438995,1.0,-0.8634189999999999
148,0.616667,walk,1.96932,-0.152665,0.966074,-0.99456,-0.100637,0.000733,-0.18742500599955786,-0.33093352531797876,-0.17662586993039905,-0.4456818813044638,0.3546768365784107,-0.11787703242181202,0.008399328053757598,0.004559635229182149,0.005279577633789682,-0.6234701223901914,-0.4792416606671621,-0.31293496520278963,0.02365600000000012,0.180262,-0.933694,-0.08488699999999993,-0.22001900000000002,-0.863987,0.10854300000000006,0.400281,0.06970700000000007,0.9818025547298947,0.0,0.0,0.01819744527010525,1.0,-0.863987
149,0.620833,walk,1.968422,-0.154065,0.965654,-0.994551,-0.10073,0.000839,-0.21555448871821045,-0.3360537686029792,-0.10081613058088709,0.014848907066232616,0.05384368484303919,0.04345654519384804,0.008641382621201382,0.005520883341334301,0.006000960153625581,-0.616898703792597,-0.4747959673547716,-0.36173787806048807,0.024590000000000112,0.181685,-0.933249,-0.08655899999999983,-0.220597,-0.865074,0.11114899999999994,0.402282,0.06817499999999999,0.980197841781483,0.0,0.0,0.019802158218517052,1.0,-0.865074
150,0.625,walk,1.967503,-0.15544,0.965499,-0.994541,-0.100948,4.6e-05,-0.2205423566114435,-0.3299736021118255,-0.03719702423806457,0.2464210045330897,-0.3546449423163094,0.11458353354681537,0.010319174466046297,0.0055195584353256565,0.004079673626108965,-0.5814734821214412,-0.4468442524598071,-0.3808495320374353,0.02555200000000002,0.183083,-0.933077,-0.088063,-0.22108400000000003,-0.866506,0.11361500000000002,0.40416700000000005,0.06657100000000005,0.9793444503100899,0.0,0.0,0.020655549689910124,1.0,-0.866506
151,0.629167,walk,1.966598,-0.156895,0.965095,-0.994536,-0.10092,-0.000173,-0.21718262538995123,-0.34917206623470143,-0.09695224382048401,-0.1379064122948236,-0.11996081075759751,-0.010341496628427437,0.008879289656842928,0.00479961603071731,0.006959443244540683,-0.5579553635708886,-0.4566834653227678,-0.4151667866570632,0.026494000000000018,0.184558,-0.932644,-0.08948299999999998,-0.221532,-0.867832,0.115977,0.40609,0.06481199999999998,0.9795663710511855,0.0,0.0,0.02043362894881451,1.0,-0.867832
152,0.633333,walk,1.965788,-0.158473,0.964709,-0.99458,-0.100448,-0.000436,-0.19443110897743082,-0.3787806048967823,-0.09265482477196284,-0.04776846745523059,-0.1378208046149597,-0.22412802139004584,0.0064810369659143606,0.003600576092175015,0.003840614498320238,-0.5573691790686883,-0.45919347095535207,-0.4692750840134414,0.027330999999999994,0.186151,-0.932242,-0.09099500000000016,-0.221867,-0.8694010000000001,0.11832600000000015,0.408018,0.06284099999999992,0.9860837516955301,0.0,0.0,0.013916248304469914,1.0,-0.8694010000000001
153,0.6375,walk,1.96487,-0.159923,0.964019,-0.994551,-0.100527,-1.2e-05,-0.22030237580998654,-0.3479721622270301,-0.16558675305977744,-0.3879218366843497,0.16633799683323156,0.033486837776017665,0.006959443244500904,0.0038396928245737843,0.00575953923686026,-0.5613150947923958,-0.42332613390929236,-0.5092392608591407,0.028278000000000025,0.187617,-0.9315279999999999,-0.09241599999999983,-0.222181,-0.870833,0.12069399999999986,0.409798,0.06069499999999994,0.9836403797006976,0.0,0.0,0.01635962029930238,1.0,-0.870833
154,0.641667,walk,1.963706,-0.161386,0.963804,-0.99451,-0.10106,-0.000864,-0.27933765298774516,-0.35109191264698364,-0.051595872330204844,0.2735070554592118,-0.3760913027810984,0.2676964415323628,0.006959443244554005,0.0040796736261097975,0.00479961603071731,-0.4972402207823513,-0.4166066714662832,-0.5332373410127154,0.029471000000000025,0.18909700000000002,-0.931293,-0.09332399999999996,-0.222454,-0.87284,0.12279499999999999,0.411551,0.05845300000000009,0.984355165814232,0.0,0.0,0.01564483418576801,1.0,-0.87284
155,0.645833,walk,1.962898,-0.162997,0.963065,-0.994534,-0.100624,-0.000334,-0.19395103216512705,-0.386701872299568,-0.1773883821411533,-0.3861661136622099,0.2106987452091203,-0.21654283143728542,0.008401344215076146,0.003840614498320238,0.006000960153625581,-0.42222755640904097,-0.41502640422467096,-0.5578492558809421,0.030313999999999952,0.190724,-0.9305289999999999,-0.09427500000000011,-0.222572,-0.874425,0.12458900000000006,0.413296,0.05610399999999993,0.9816405922458219,0.0,0.0,0.018359407754178103,1.0,-0.874425
156,0.65,walk,1.961993,-0.164702,0.96276,-0.994586,-0.100234,-0.000891,-0.21718262538995123,-0.4091672666186636,-0.0731941444684419,0.25964536773487956,-0.24761538540798197,-0.18114307907749405,0.011039116870647982,0.010319174466042134,0.004559635229181195,-0.4223662107031366,-0.4290856731461479,-0.5833933285337135,0.031264999999999876,0.19247199999999998,-0.930205,-0.09513000000000016,-0.22265500000000002,-0.876551,0.12639500000000004,0.415127,0.05365399999999998,0.9736931707024988,0.0,0.0,0.026306829297501166,1.0,-0.876551
157,0.654167,walk,1.960907,-0.166198,0.962303,-0.994534,-0.100686,-0.001386,-0.2606191504679948,-0.3590112790976755,-0.10967122630187814,-0.08972090668414687,-0.24172854798509835,0.22467621397675314,0.010799136069131849,0.0076793856491481965,0.0031197504199661683,-0.3904487640988799,-0.16726661867050585,-0.5874730021598208,0.03239600000000009,0.194,-0.929735,-0.09567100000000006,-0.221856,-0.878542,0.12806700000000015,0.415856,0.05119299999999993,0.9773108477662631,0.0,0.0,0.02268915223373691,1.0,-0.878542
158,0.658333,walk,1.959831,-0.167848,0.961818,-0.99452,-0.100748,-0.001841,-0.25828132501197376,-0.3960633701392289,-0.11641862698033636,-0.08900260838504215,-0.22764218001377942,0.03615889658015176,0.011281805088792474,0.005520883341334448,0.003120499279884652,-0.33605376860294817,-0.5590494479116731,-0.6116178588574351,0.033518999999999854,0.19567299999999999,-0.929237,-0.09599500000000005,-0.22253499999999998,-0.880605,0.1295139999999999,0.41820799999999997,0.04863200000000001,0.9784299078785585,0.013680000000000081,0.013680000000000081,0.021570092121441453,0.9863199999999999,-0.880605
159,0.6625,walk,1.958833,-0.169572,0.961399,-0.994543,-0.100627,-0.002223,-0.2395008399328166,-0.4137269018478498,-0.10055195584351907,0.22032011064662435,-0.1635323573230105,-0.053388785091091455,0.009359251259928479,0.0038396928245745146,0.0019198464122872573,-0.29901607871371993,-0.1327093832493452,-0.5543556515478701,0.03455600000000003,0.197413,-0.92881,-0.09624300000000008,-0.221364,-0.882496,0.1307990000000001,0.418777,0.04631400000000008,0.9828386225478115,0.036860000000000004,0.036860000000000004,0.017161377452188487,0.96314,-0.882496
160,0.666667,walk,1.957874,-0.17137,0.961028,-0.994581,-0.100348,-0.002802,-0.2301415886729414,-0.43148548116150237,-0.08903287736981219,0.2115842654701775,-0.26151690098978436,-0.12698079580925728,0.009599232061391325,0.0040796736261097975,0.002879769618430053,-0.26565874730020655,-0.5524358051355779,-0.6385889128869634,0.035555,0.199228,-0.928427,-0.0963909999999999,-0.22186799999999998,-0.884786,0.1319459999999999,0.42109599999999997,0.04364100000000004,0.9819659222181347,0.06358999999999998,0.06358999999999998,0.018034077781865276,0.93641,-0.884786
161,0.670833,walk,1.956616,-0.17304,0.960576,-0.994533,-0.100798,-0.003308,-0.3019683149303842,-0.4008641382621228,-0.10849735957753423,0.005958578254012463,-0.23755678414670636,0.2236993487584437,0.009121459433558451,0.004320691310609852,0.0024003840614505653,-0.21627460393663947,-0.26980316850696423,-0.6893903024483912,0.03685100000000019,0.200916,-0.9279649999999999,-0.09603399999999995,-0.221322,-0.8872059999999999,0.13288500000000014,0.422238,0.04075899999999999,0.9827090872259043,0.09240999999999999,0.09240999999999999,0.017290912774095668,0.90759,-0.8872059999999999
162,0.675,walk,1.955633,-0.174871,0.959891,-0.994557,-0.100335,-0.003336,-0.2359011279097549,-0.4394048476121875,-0.16438684905205914,-0.3842415746166441,-0.0585342305960426,-0.22309034323930266,0.011039116870647982,0.005759539236860939,-0.0002399808015361153,-0.18118550515960052,-0.23974082073434605,-0.6246700263978854,0.037880000000000136,0.202771,-0.927281,-0.09580600000000006,-0.22049000000000002,-0.889124,0.1336860000000002,0.423261,0.038156999999999996,0.9792440112865741,0.11843000000000004,0.11843000000000004,0.020755988713425877,0.88157,-0.889124
163,0.679167,walk,1.954548,-0.176756,0.959198,-0.994551,-0.100383,-0.002976,-0.26037916966643226,-0.45236381089513644,-0.16630669546437912,-0.056158972154807994,0.16857809427245676,0.018251443884123208,0.009599232061391582,0.008879289656827345,0.0016798656107511866,-0.1471082313414894,-0.21502279817615189,-0.6217902567794685,0.039004999999999956,0.20469299999999999,-0.926581,-0.09533400000000003,-0.21950100000000003,-0.891022,0.134339,0.424194,0.03555900000000001,0.9780272271101715,0.14441000000000004,0.14441000000000004,0.021972772889828462,0.85559,-0.891022
164,0.683333,walk,1.953305,-0.178537,0.958756,-0.994528,-0.100705,-0.003217,-0.29836773883818585,-0.4275084013442159,-0.10609697551606868,0.18082115577966063,-0.0936194133744264,0.15859659604058912,0.010561689870416465,0.0052808449351899114,0.0,-0.14426308209309918,-0.183149303888612,-0.5492078732597208,0.040291999999999994,0.206496,-0.926139,-0.094692,-0.21848299999999998,-0.892868,0.134984,0.424979,0.03327100000000005,0.9803194529104118,0.16729,0.16729,0.01968054708958822,0.8327100000000001,-0.892868
165,0.6875,walk,1.952286,-0.180557,0.957748,-0.994536,-0.100274,-0.002459,-0.2445404367650817,-0.48476121910246667,-0.24190064794816443,-0.6697669006575316,0.291929667997949,-0.21821845079722232,0.012479001679851352,-0.0009599232061436286,0.0014398848092150266,-0.1859851211902962,-0.2347012239020943,-0.4389248860091153,0.04136300000000004,0.208512,-0.9251250000000001,-0.09444799999999987,-0.21744100000000002,-0.8936890000000001,0.1358109999999999,0.425953,0.03143600000000002,0.9790026321919976,0.18563999999999997,0.18563999999999997,0.020997367808002432,0.81436,-0.8936890000000001
166,0.691667,walk,1.951029,-0.182401,0.957335,-0.994482,-0.100823,-0.003121,-0.3016558675306105,-0.442524598032157,-0.09911207103431571,0.09585762892342056,-0.301839822882037,0.2740187284937408,0.00455963522917953,-0.0002399808015361153,0.0002399808015361153,-0.2834173266138924,-0.24382049436044004,-0.3405327573794079,0.042639000000000093,0.21035500000000001,-0.9247110000000001,-0.0943719999999999,-0.21661299999999997,-0.894695,0.137011,0.42696799999999996,0.030016000000000043,0.9923795860798141,0.19984000000000002,0.19984000000000002,0.0076204139201858645,0.80016,-0.894695
167,0.695833,walk,1.949804,-0.184397,0.957068,-0.994507,-0.100736,-0.003769,-0.2940470475275585,-0.47911665866538555,-0.0640902544407146,0.34503404939857923,-0.2787872077448429,-0.03279935817929892,0.006721075372039597,0.0002400384061452231,0.0021603456553053423,-0.3122899663946221,-0.30124819971195516,-0.21003360537686033,0.04389199999999982,0.212352,-0.924435,-0.09444800000000009,-0.21587199999999998,-0.8953030000000001,0.1383399999999999,0.428224,0.029131999999999936,0.9882269651388038,0.20868000000000003,0.20868000000000003,0.011773034861196185,0.79132,-0.8953030000000001
168,0.7,walk,1.948624,-0.186465,0.956365,-0.99449,-0.100808,-0.003468,-0.2831773458123838,-0.4962802975762001,-0.16870650347972704,-0.20154745144426892,0.12571268302630875,0.030413975957379793,0.0067194624430380505,0.0011999040076789433,0.0023998080153578866,-0.3652507799376175,-0.311735061195109,-0.19966402687785342,0.04510000000000014,0.21442499999999998,-0.923722,-0.09478999999999993,-0.215103,-0.895432,0.13989000000000007,0.42952799999999997,0.028290000000000037,0.9879411139654865,0.21710000000000002,0.21710000000000002,0.01205888603451355,0.7828999999999999,-0.895432
169,0.704167,walk,1.947279,-0.188414,0.955754,-0.994429,-0.101226,-0.003594,-0.3227741780657354,-0.46772258219342244,-0.14662826973842658,-0.29041732422447725,-0.08441700111582588,0.2031679386527757,0.006239500839899033,0.003599712023038399,0.004079673626110629,-0.35277177825775646,-0.32301415886729146,-0.271418286537075,0.04647099999999993,0.216389,-0.923094,-0.09491500000000008,-0.2145,-0.895952,0.141386,0.43088899999999997,0.027142,0.9862025531472616,0.22858,0.22858,0.013797446852738426,0.77142,-0.895952
170,0.708333,walk,1.946049,-0.190621,0.955099,-0.994448,-0.100872,-0.003353,-0.2952472395583446,-0.529764762361981,-0.15722515602495457,-0.29679904821497555,0.08102061997769562,-0.17433207748305848,0.008641382621254681,0.002160345655304509,0.0024003840614488996,-0.3370139222275468,-0.26284205472875943,-0.32405184829572803,0.04773700000000014,0.21860500000000002,-0.922429,-0.09508899999999998,-0.213388,-0.8966470000000001,0.14282600000000012,0.431993,0.02578199999999997,0.9846248368933879,0.24218,0.24218,0.015375163106612133,0.7578199999999999,-0.8966470000000001
171,0.7125,walk,1.944765,-0.192765,0.954548,-0.994404,-0.101202,-0.003267,-0.3081353491720257,-0.5145188384929117,-0.1322294216462863,-0.17619576515562155,0.028358997975654346,0.1578335048352515,0.00767938564915569,0.0055195584353256565,0.003599712023038399,-0.24862011039117565,-0.20446364290857041,-0.3182145428365692,0.04905300000000001,0.220772,-0.921863,-0.09484100000000018,-0.21209600000000003,-0.8974219999999999,0.1438940000000002,0.43286800000000003,0.024441000000000046,0.9831348143009992,0.25559,0.25559,0.01686518569900075,0.74441,-0.8974219999999999
172,0.716667,walk,1.943248,-0.194842,0.954233,-0.994364,-0.101634,-0.004014,-0.3640508759299206,-0.49844012479001193,-0.07559395248378972,0.13811997159902326,-0.3398498667016092,0.2192656050335186,0.00911927045835906,0.0031197504199661683,0.005039596832253425,-0.1989440844732331,-0.16390688744900023,-0.33525317974561836,0.050607999999999986,0.22286199999999998,-0.921527,-0.09415300000000015,-0.21070200000000003,-0.898504,0.14476100000000014,0.433564,0.023023000000000016,0.9818730194486507,0.26976999999999995,0.26976999999999995,0.018126980551349314,0.73023,-0.898504
173,0.720833,walk,1.942042,-0.197119,0.953461,-0.994349,-0.101514,-0.003511,-0.2894863178108669,-0.5465674507921412,-0.18530964954393062,-0.48709909863828477,0.1910861243136984,-0.0656423152729116,0.008881421027326853,0.0019203072491601701,0.0028804608737394224,-0.1538646183389122,-0.13754200672107658,-0.35021603456554,0.05185099999999987,0.22514699999999999,-0.920743,-0.093588,-0.20899800000000002,-0.899191,0.14543899999999987,0.434145,0.021552000000000016,0.9841128743386207,0.28447999999999996,0.28447999999999996,0.015887125661379287,0.71552,-0.899191
174,0.725,walk,1.940557,-0.19938,0.953351,-0.994357,-0.101502,-0.00463,-0.35637149028076487,-0.5425965922726171,-0.02639788816895936,0.234105297826057,-0.515886425182864,0.011100700988249767,0.00455963522917953,0.006719462443004568,0.012239020878330224,-0.2102231821454505,-0.035757139428847874,-0.44228461723061757,0.05335499999999982,0.227436,-0.9205819999999999,-0.09297900000000014,-0.20688600000000001,-0.900924,0.14633399999999996,0.43432200000000004,0.019657999999999953,0.97552012839277,0.30342,0.30342,0.024479871607229975,0.69658,-0.900924
175,0.729167,walk,1.939185,-0.201636,0.952792,-0.994311,-0.1017,-0.004649,-0.3292536597072571,-0.5413966882649366,-0.13414926805854857,-0.3972623024321498,-0.046803932984398534,0.09516634582500112,0.003359731221545579,0.00479961603071731,0.012239020878330224,-0.04223662107030301,-0.19246460283176464,-0.18502519798416006,0.05474100000000015,0.229712,-0.919972,-0.09178299999999995,-0.20543199999999998,-0.9011359999999999,0.1465240000000001,0.435144,0.018836000000000075,0.9773850012907148,0.3611437323138241,0.3611437323138241,0.022614998709285183,0.638856267686176,-0.9011359999999999
176,0.733333,walk,1.937492,-0.203846,0.952915,-0.994253,-0.102321,-0.006527,-0.4063850216034429,-0.5304848775804101,0.029524723955829127,0.3400391645177513,-0.8616106835355575,0.32868545855089365,0.0033605376860197985,0.005520883341334301,0.012241958713393052,-0.13202112337975278,-0.13370139222276267,-0.20307249159865554,0.056448000000000054,0.231945,-0.920044,-0.09064000000000005,-0.20377900000000002,-0.9021049999999999,0.1470880000000001,0.435724,0.017939000000000038,0.9769277150659424,0.35949999822637235,0.35949999822637235,0.023072284934057552,0.6405000017736276,-0.9021049999999999
177,0.7375,walk,1.936104,-0.206241,0.952439,-0.994239,-0.102195,-0.006562,-0.3330933525317817,-0.5747540196784233,-0.11423086153105767,-0.3979898238252074,-0.059763464965911735,-0.06154773682846129,0.0028797696184067402,0.006959443244540683,0.016318694504440855,-0.1351091912646664,-0.13222942164625964,-0.236141108711301,0.0578479999999999,0.234369,-0.9195,-0.08981499999999998,-0.20193499999999998,-0.902613,0.14766299999999988,0.43630399999999997,0.016886999999999985,0.9700450934431645,0.33113000000000004,0.33113000000000004,0.029954906556835525,0.66887,-0.902613
178,0.741667,walk,1.93458,-0.208639,0.951946,-0.994185,-0.102452,-0.006474,-0.3657307415407031,-0.5754739620830404,-0.11831053515720809,-0.42015289587397114,0.003151767367410443,0.12121783861952684,0.003599712023061808,0.005279577633789682,0.012718982481401127,-0.14902807775377838,-0.1540676745860436,-0.23350131989441328,0.05938700000000008,0.236789,-0.9189539999999999,-0.08891199999999988,-0.20017900000000002,-0.9030929999999999,0.14829899999999996,0.436968,0.015861000000000014,0.976276805653399,0.34138999999999997,0.34138999999999997,0.023723194346600973,0.65861,-0.9030929999999999
179,0.745833,walk,1.932831,-0.210898,0.952449,-0.994129,-0.103197,-0.00899,-0.41982717234757544,-0.5422467594815192,0.12073931829093396,0.7205081244050747,-1.127570935748594,0.40151327550571514,0.004320691310574041,0.006721075372059584,0.015362457993279286,-0.18314930388863865,-0.09121459433509149,-0.2741238598175699,0.06115399999999993,0.239076,-0.919393,-0.08792599999999995,-0.1983,-0.904738,0.14907999999999988,0.437376,0.014654999999999974,0.9711398803058688,0.35345,0.35345,0.02886011969413116,0.64655,-0.904738
180,0.75,walk,1.931294,-0.213342,0.952222,-0.994074,-0.103494,-0.009467,-0.36885049196061626,-0.5865130789536797,-0.05447564194863823,-0.27335545771730996,-0.25398906524066844,0.14892558727861907,0.005519558435350634,0.00959923206143462,0.01919846412286924,-0.18742500599949957,-0.06551475881928621,-0.2694984401247894,0.06271399999999994,0.24156,-0.9190860000000001,-0.08716999999999997,-0.19612899999999997,-0.905634,0.1498839999999999,0.437689,0.01345200000000002,0.9630619209514226,0.36548,0.36548,0.03693807904857738,0.63452,-0.905634
181,0.754167,walk,1.930686,-0.217197,0.961788,-0.994369,-0.098345,-0.037934,-0.14590832733385153,-0.9251259899207986,2.2956563474921743,11.439998048529517,-12.621568948348585,-1.9410274729508525,0.004319654427663397,0.009119270458363223,0.01799856011519033,-0.15886729061678845,-0.04775617950564032,-0.26637868970482154,0.06334000000000017,0.245453,-0.928577,-0.08722399999999997,-0.19247299999999998,-0.91631,0.15056400000000014,0.437926,0.012267000000000028,0.9656097286735151,0.37733,0.37733,0.03439027132648487,0.6226700000000001,-0.91631
182,0.758333,walk,1.927543,-0.218171,0.963789,-0.993772,-0.101493,-0.045537,-0.7544407105136567,-0.23379740758521408,0.48031685069611835,2.4228499767083296,-3.413783751097774,1.6519032130124771,0.0064810369659143606,0.009121459433509317,0.02136341814690487,-0.1550648103696409,-0.029044647143552007,-0.30604896783485297,0.06651000000000007,0.246465,-0.930489,-0.084727,-0.19162,-0.919586,0.15123700000000007,0.438085,0.010902999999999996,0.9598060086970491,0.39097000000000004,0.39097000000000004,0.04019399130295087,0.60903,-0.919586
183,0.7625,walk,1.925599,-0.220487,0.963978,-0.993646,-0.102161,-0.046778,-0.466522678185741,-0.5557955363570983,0.04535637149028037,0.015411809963823676,-0.5956696035319612,0.32723597127667026,0.009359251259875441,0.008399328053755933,0.01871850251979751,-0.09191264698824801,-0.08159347252220145,-0.17374610031197893,0.06849299999999992,0.24881599999999998,-0.9306,-0.08316600000000007,-0.18964400000000003,-0.920499,0.151659,0.43846,0.010101000000000027,0.9624157748633613,0.5442869285278578,0.5442869285278578,0.03758422513663873,0.45571307147214224,-0.920499
184,0.766667,walk,1.923982,-0.223132,0.964226,-0.993525,-0.102477,-0.048578,-0.3880489560835055,-0.6347492200623922,0.059515238780903305,-0.07993376682102228,-0.8766907827138853,0.15472027700635912,0.008399328053757375,0.01103911687065048,0.021838252939764845,-0.07439404847612914,-0.07535397168226028,-0.2085433165346744,0.0701449999999999,0.251507,-0.9307570000000001,-0.08185900000000013,-0.187313,-0.921616,0.15200400000000003,0.43882,0.009141000000000066,0.9568812974163291,0.5187787551924046,0.5187787551924046,0.0431187025836709,0.4812212448075954,-0.921616
185,0.770833,walk,1.922191,-0.225708,0.964351,-0.993413,-0.102975,-0.049729,-0.4299087854056881,-0.6183389342294751,0.030004800768106247,-0.21244390470121033,-0.5764753654526205,0.23426948236032683,0.006721075372039597,0.01680268843014896,0.030964954392703796,-0.07777244359097232,-0.0595295247239487,-0.20283245319251197,0.07196399999999992,0.254153,-0.9307529999999999,-0.08039200000000002,-0.18498499999999998,-0.9225859999999999,0.15235599999999994,0.439138,0.008167000000000035,0.9402242246860187,0.542929024138253,0.542929024138253,0.05977577531398126,0.45707097586174705,-0.9225859999999999
186,0.775,walk,1.920378,-0.228163,0.964763,-0.993171,-0.104376,-0.05164,-0.4350851931845574,-0.589152867770577,0.09887209023279958,0.18459382435386762,-0.8990552649720772,0.6929881447313465,0.008159347252241243,0.01535877129829556,0.03191744660427003,-0.11063114950804924,-0.04895608351332756,-0.2114230861531061,0.07381100000000007,0.256672,-0.9310320000000001,-0.07904,-0.182734,-0.923879,0.15285100000000007,0.439406,0.007153000000000076,0.9394196997294676,0.5224880945707748,0.5224880945707748,0.060580300270532406,0.47751190542922517,-0.923879
187,0.779167,walk,1.918397,-0.230681,0.965183,-0.993024,-0.104788,-0.05357,-0.4754019678425715,-0.6042716582673322,0.10079193664506185,-0.007460115273093572,-0.9320474584477677,0.2055269491356691,0.00455963522917953,0.017518598512118934,0.03383729301655895,-0.11855051595872107,-0.0026397888168906074,-0.22102231821454071,0.07581100000000007,0.259263,-0.931311,-0.07755299999999998,-0.180227,-0.92522,0.15336400000000006,0.43949,0.0060909999999999576,0.9360413769617754,0.5210520615701433,0.5210520615701433,0.06395862303822464,0.4789479384298567,-0.92522
188,0.783333,walk,1.916609,-0.23338,0.965332,-0.992896,-0.10528,-0.054837,-0.4291886701872173,-0.6478636581853281,0.035765722515592555,-0.3512481192628702,-0.647977917741342,0.22377986405102665,0.005040806529056482,0.014882381180989238,0.034565530484878065,-0.09817570811327227,0.0014402304368713768,-0.18674987998080197,0.07762000000000002,0.262024,-0.9313159999999999,-0.07617399999999996,-0.17752199999999999,-0.9261469999999999,0.153794,0.439546,0.005168999999999979,0.9367177640824528,0.5966628378232834,0.5966628378232834,0.06328223591754722,0.40333716217671656,-0.9261469999999999
189,0.7875,walk,1.914574,-0.235825,0.965862,-0.992623,-0.106708,-0.056993,-0.4883609311255084,-0.5867530597552157,0.12718982481402122,0.1632132959659373,-1.019163782217655,0.707922295992948,0.0033597312214922927,0.025197984161267128,0.04199664026877855,-0.08543316534677711,0.01871850251979035,-0.15622750179985453,0.07966899999999999,0.26457400000000003,-0.931671,-0.07449499999999998,-0.17499900000000002,-0.927328,0.15416399999999997,0.43957300000000005,0.004342999999999986,0.918181365991988,0.6581657235357417,0.6581657235357417,0.08181863400801204,0.34183427646425835,-0.927328
190,0.791667,walk,1.912829,-0.238669,0.966261,-0.992466,-0.107209,-0.058708,-0.4187664986801282,-0.6825053995680258,0.09575233981282341,-0.1542015392108065,-0.8439148617781573,0.2402358698523284,0.009359251259928479,0.03119750419966335,0.04415646748260192,-0.08039356851451203,-0.00959923206143129,-0.14878809695224163,0.08145300000000022,0.267548,-0.931886,-0.07308499999999984,-0.17219500000000001,-0.928347,0.15453800000000006,0.439743,0.003538999999999959,0.9085506595465044,0.6822923651091224,0.6822923651091224,0.09144934045349562,0.3177076348908776,-0.928347
191,0.795833,walk,1.910821,-0.241324,0.966793,-0.992246,-0.10817,-0.060619,-0.481997119539075,-0.6373019683149344,0.12770043206912543,0.0565587212226972,-0.9142979099442581,0.4761599812381921,0.01200192030722118,0.025924147863658275,0.042246759481515954,-0.07033125300050373,0.012962073931828721,-0.1380220835333667,0.08351099999999989,0.270311,-0.932242,-0.07137000000000016,-0.169486,-0.929454,0.15488100000000005,0.439797,0.0027880000000000127,0.9150016957651709,0.7130372373109817,0.7130372373109817,0.08499830423482913,0.2869627626890183,-0.929454
192,0.8,walk,1.908817,-0.24404,0.967341,-0.992019,-0.109078,-0.062679,-0.4809215262779221,-0.6517878569714364,0.13150947924165796,0.10675102901925917,-0.9809940931137152,0.4542791152502597,0.013438924886022456,0.0237580993520521,0.04055675545956352,-0.0758339332853325,0.04055675545957018,-0.19174466042716296,0.08557100000000006,0.273126,-0.932621,-0.06968200000000002,-0.16660099999999997,-0.930801,0.15525300000000009,0.439727,0.0018200000000000438,0.9185222866136429,0.6315554399928385,0.6315554399928385,0.08147771338635712,0.3684445600071615,-0.930801
193,0.804167,walk,1.906819,-0.246688,0.967776,-0.991783,-0.110344,-0.064167,-0.4794816414686782,-0.6354691624670108,0.1043916486680997,-0.001612141303281299,-0.7149001622796969,0.6186141961705718,0.009599232061444868,0.023758099352051903,0.04391648668106698,-0.07463402927764726,0.010799136069105493,-0.11855051595872589,0.08760900000000005,0.275873,-0.932873,-0.06799500000000003,-0.16390800000000003,-0.93173,0.15560400000000008,0.43978100000000003,0.0011430000000000051,0.9152577380884351,0.7543983838000199,0.7543983838000199,0.08474226191156486,0.2456016161999801,-0.93173
194,0.808333,walk,1.904758,-0.249403,0.968152,-0.991616,-0.111157,-0.065293,-0.4947191550648317,-0.6517042726836344,0.09025444071052394,-0.1212995024352927,-0.5552084152706432,0.39051237757303725,0.00984157465193416,0.02520403264522344,0.05568891022563512,-0.0849735957753157,0.02736437830052878,-0.12794047047527565,0.0897110000000001,0.278693,-0.933017,-0.0662879999999999,-0.161079,-0.932639,0.155999,0.439772,0.00037799999999998946,0.8968098495315844,0.7362088615409583,0.7362088615409583,0.10319015046841562,0.2637911384590417,-0.932639
195,0.8125,walk,1.902932,-0.252267,0.968657,-0.991414,-0.112018,-0.066873,-0.43820494360448026,-0.6873050155987481,0.12119030477561167,0.06835218338678585,-0.7533175426778792,0.42806109580604706,0.008639308855273508,0.025677945764338527,0.07007439404847574,-0.07847372210222311,0.05135589152867539,-0.18022558195344274,0.0915729999999999,0.281664,-0.93323,-0.06478899999999999,-0.158001,-0.933895,0.1563619999999999,0.43966500000000003,0.0006650000000000267,0.8681344607460781,0.6613884024196128,0.6613884024196128,0.13186553925392186,0.33861159758038717,-0.93323
196,0.816667,walk,1.900899,-0.254933,0.969102,-0.991196,-0.113292,-0.067964,-0.4878809695224761,-0.639788816894644,0.1067914566834714,0.03873034691850659,-0.5182643509480586,0.6240439500737806,-0.005279577633781215,0.021838252939764845,0.06623470122390121,-0.06647468202545731,0.04415646748260525,-0.1593472522198207,0.09358400000000011,0.28442100000000003,-0.933399,-0.0630329999999999,-0.15515099999999998,-0.9350040000000001,0.156617,0.439572,0.0016050000000000786,0.8673807683335335,0.7029766948867892,0.7029766948867892,0.1326192316664665,0.29702330511321084,-0.933399
197,0.820833,walk,1.898897,-0.257708,0.969488,-0.990983,-0.114507,-0.068978,-0.48055688910221694,-0.6661065770523211,0.09265482477196284,-0.11720181854004987,-0.49940176714543927,0.5849830722007319,0.0026404224675907915,0.022083533365338037,0.07849255880940967,-0.04896783485359886,0.04848775804128176,-0.132981277004322,0.09559699999999993,0.287288,-0.933458,-0.06123500000000015,-0.15217400000000003,-0.935944,0.15683200000000008,0.439462,0.0024859999999999882,0.8391688422622692,0.7503728805029644,0.7503728805029644,0.16083115773773082,0.24962711949703564,-0.933458
198,0.825,walk,1.896821,-0.260343,0.96977,-0.990798,-0.1159,-0.069291,-0.4982001439884824,-0.6323494120470479,0.06767458603311971,-0.11105396660741552,-0.15833548686204285,0.6684262896849759,0.006479481641468625,0.028797696184306294,0.08207343412527203,-0.048716102711772756,0.039356851451883994,-0.10415166786657191,0.0976999999999999,0.290043,-0.9333980000000001,-0.05936200000000014,-0.14937500000000004,-0.93666,0.15706200000000003,0.43941800000000003,0.003261999999999987,0.8220132265442082,0.7974482895995145,0.7974482895995145,0.17798677345579184,0.20255171040048547,-0.9333980000000001
199,0.829167,walk,1.894878,-0.263217,0.970042,-0.990668,-0.116794,-0.069624,-0.4662826973842124,-0.6897048236141027,0.06527477801774344,-0.11450177362402046,-0.17073237126148696,0.4266613548798348,-0.0033597312214922927,0.028077753779697182,0.09119270458363223,-0.06359491240699729,0.03215742740581281,-0.12335013198944005,0.09962899999999997,0.29303399999999996,-0.93329,-0.05768400000000007,-0.14636700000000002,-0.937446,0.15731300000000004,0.439401,0.0041560000000000485,0.7993125404268677,0.762573589861651,0.762573589861651,0.20068745957313228,0.23742641013834898,-0.93329
200,0.833333,walk,1.892865,-0.26601,0.970545,-0.990441,-0.118094,-0.070685,-0.483197311569861,-0.6704272683629485,0.12073931829093396,0.1391387177993084,-0.49166224683005466,0.6445419781451642,-0.0028804608737693265,0.030004800768122904,0.09385501680268896,-0.059049447911658254,0.024003840614495658,-0.13730196831493102,0.10162999999999989,0.29595200000000005,-0.933402,-0.055916999999999994,-0.143474,-0.9385209999999999,0.15754699999999988,0.43942600000000004,0.005118999999999985,0.7845156393152395,0.7477057925199668,0.7477057925199668,0.2154843606847605,0.2522942074800332,-0.933402
201,0.8375,walk,1.890836,-0.268716,0.970881,-0.990254,-0.119537,-0.070889,-0.486921046316305,-0.6493880489560753,0.0806335493160548,-0.015874854109917878,-0.09429084034538808,0.69905766225137,-0.0071994240460701376,0.027357811375089667,0.09599232061434954,-0.048476121910255326,0.02639788816894604,-0.10367170626349691,0.10362899999999997,0.29877200000000004,-0.933338,-0.05408999999999997,-0.140658,-0.939289,0.15771899999999994,0.43943,0.00595100000000004,0.7736999859207676,0.8042492686630456,0.7736999859207676,0.2263000140792324,0.19575073133695442,-0.933338
202,0.841667,walk,1.888721,-0.271343,0.971256,-0.99003,-0.121156,-0.071315,-0.5075593952483444,-0.6304295656347422,0.08999280057595664,0.16799226628390854,-0.1788901633168935,0.7984958958656116,-0.010319174466046297,0.0323974082073431,0.10199184065274743,-0.05015598752097483,0.020638348932092595,-0.11927045836333024,0.10570099999999982,0.301534,-0.933288,-0.05218400000000001,-0.13794499999999998,-0.940161,0.15788499999999983,0.439479,0.006873000000000018,0.752086566831413,0.7816284590107576,0.752086566831413,0.24791343316858705,0.21837154098924239,-0.933288
203,0.845833,walk,1.886807,-0.274125,0.97156,-0.989877,-0.122386,-0.071339,-0.45943350936155614,-0.6677868458953622,0.07297167546806982,-0.024720811129844082,-0.009457966038228169,0.5948054192597141,-0.0007201152184290261,0.03960633701392372,0.1058569371099396,-0.03816610657705818,0.014402304368700445,-0.09841574651944582,0.10761200000000004,0.304481,-0.933151,-0.050428999999999835,-0.13510299999999997,-0.940875,0.15804099999999988,0.439584,0.007724000000000064,0.7343833705232607,0.8224414241771977,0.7343833705232607,0.26561662947673925,0.17755857582280232,-0.933151
204,0.85,walk,1.884749,-0.276742,0.971888,-0.989667,-0.123965,-0.071567,-0.49388048956080577,-0.628029757619381,0.07871370290376589,0.11001005760987834,-0.09019064463640315,0.7743970085473874,-0.0019198464122889224,0.04535637149028,0.10583153347732194,-0.03647708183348953,0.004319654427636754,-0.09959203263738876,0.10966199999999993,0.307287,-0.9330379999999999,-0.048523000000000094,-0.13246800000000003,-0.941618,0.15818500000000002,0.439755,0.008580000000000032,0.7222711957581625,0.823083432420282,0.7222711957581625,0.27772880424183755,0.17691656757971796,-0.9330379999999999
205,0.854167,walk,1.882845,-0.279438,0.972001,-0.98954,-0.125345,-0.070911,-0.456923446124284,-0.6469882409407274,0.027117830573561045,-0.09501845853810098,0.3117716162541745,0.659840438852158,-0.005279577633781215,0.0489560835133184,0.11351091912646764,-0.05063594912406038,0.00359971202304839,-0.09263258939284726,0.11154399999999987,0.310187,-0.932678,-0.04683000000000015,-0.12975699999999996,-0.942117,0.15837400000000001,0.439944,0.009438999999999975,0.6993920677192748,0.8239495504126481,0.6993920677192748,0.30060793228072524,0.17605044958735194,-0.932678
206,0.858333,walk,1.880778,-0.282025,0.9722,-0.989438,-0.126486,-0.070341,-0.49615938550168975,-0.6209793566970725,0.047767642822839435,0.0376096033601882,0.28598431010566033,0.5538469471156718,-0.003600576092145034,0.0492078732597216,0.11497839654344694,-0.03888622179548616,-0.012722035525690161,-0.0928948631781089,0.11359600000000003,0.312979,-0.932398,-0.044925000000000104,-0.12722299999999997,-0.942703,0.15852100000000013,0.440202,0.010305000000000009,0.6884206881072812,0.8308235303470545,0.6884206881072812,0.3115793118927188,0.16917646965294553,-0.932398
207,0.8625,walk,1.878809,-0.284658,0.972309,-0.989297,-0.128012,-0.069584,-0.47252219822416475,-0.6318694504439588,0.026157907367416584,0.0463399909698628,0.3791601629218939,0.7405470212679723,-0.015118790496795246,0.051835853131749286,0.11591072714182879,-0.025197984161272124,-0.023278137748983203,-0.09863210943124431,0.115502,0.315828,-0.932024,-0.043061000000000016,-0.12468699999999999,-0.9432229999999999,0.158563,0.440515,0.011198999999999959,0.6748927255389798,0.825954163814135,0.6748927255389798,0.32510727446102017,0.174045836185865,-0.932024
208,0.866667,walk,1.876685,-0.287168,0.97271,-0.989099,-0.129466,-0.069794,-0.5097192224622162,-0.6023518118550527,0.09623230141588489,0.30404591896247285,-0.05679531289066198,0.7272979540580118,-0.03887688984881175,0.05063594912407089,0.11831053515718977,-0.04319654427642197,-0.03743700503959502,-0.08495320374370216,0.11746400000000001,0.31854899999999997,-0.931932,-0.04111699999999985,-0.12233300000000003,-0.943978,0.15858099999999986,0.440882,0.012046000000000001,0.6554815091420647,0.8293434442279,0.6554815091420647,0.3445184908579353,0.17065655577210004,-0.931932
209,0.870833,walk,1.874709,-0.289858,0.97292,-0.989014,-0.130439,-0.069213,-0.47431589054248113,-0.6457033125300105,0.050408065290456876,0.07107473357175657,0.2947027873737953,0.47520087777189074,-0.06265002400380329,0.048727796447431984,0.1188190110417655,-0.044167066730721044,-0.03936629860777661,-0.07009121459433519,0.11917900000000015,0.321442,-0.931647,-0.039325000000000054,-0.119807,-0.94448,0.1585040000000002,0.441249,0.012832999999999983,0.6335209976270535,0.8471273804311636,0.6335209976270535,0.3664790023729465,0.15287261956883635,-0.931647
210,0.875,walk,1.872663,-0.29236,0.973133,-0.988886,-0.131735,-0.068635,-0.491000719942399,-0.600431965442761,0.051115910727145934,0.18236953683649704,0.30892926557557543,0.6396508639062605,-0.10655147588195527,0.06671466282697344,0.13438924886009135,-0.041756659467217454,-0.04055675545955686,-0.05807535397168162,0.12078100000000003,0.324222,-0.9313,-0.03745299999999996,-0.11747399999999997,-0.9449350000000001,0.15823399999999999,0.441696,0.013635000000000064,0.5569446878611001,0.8629556462490704,0.5569446878611001,0.4430553121388999,0.1370443537509296,-0.9313
211,0.879167,walk,1.87071,-0.29494,0.973318,-0.988776,-0.132845,-0.068133,-0.4686825053995336,-0.6191504679625514,0.04439644828413471,0.18196523945393936,0.27137185511731876,0.5496704266518175,-0.10319174466040969,0.04727621790256643,0.13486921046316191,-0.039116870650326846,-0.033117350611957266,-0.04751619870410337,0.12230399999999997,0.326999,-0.9309230000000001,-0.035663,-0.11503200000000002,-0.945318,0.15796699999999997,0.442031,0.014394999999999936,0.5622564175300643,0.8835158854378568,0.5622564175300643,0.4377435824699357,0.11648411456214325,-0.9309230000000001
212,0.883333,walk,1.868698,-0.297356,0.973304,-0.988729,-0.133906,-0.066724,-0.4829572731637358,-0.579932789246286,-0.0033605376860464478,-0.040674500763988375,0.6815197055925809,0.5085374365084003,-0.12265962554012239,0.04416706673067774,0.14738358137301874,-0.04224675948155926,-0.0237638022083571,-0.0492078732597216,0.12380499999999994,0.32959900000000003,-0.930295,-0.03382700000000005,-0.11271500000000001,-0.9455089999999999,0.157632,0.44231400000000004,0.01521399999999995,0.5199116911515017,0.8848802341902204,0.5199116911515017,0.4800883088484983,0.11511976580977956,-0.930295
213,0.8875,walk,1.866819,-0.299955,0.973287,-0.98874,-0.13443,-0.065493,-0.4509239260859131,-0.6237101031917608,-0.004079673626094086,-0.12576457298831367,0.5818807271584512,0.2426440969253991,-0.13126949844009206,0.0412766978641713,0.15838732901368213,-0.03815694744421005,-0.032637389008872586,-0.02711783057355511,0.12513700000000005,0.33237000000000005,-0.929618,-0.03210700000000011,-0.11025199999999996,-0.945605,0.15724400000000016,0.44262199999999996,0.015986999999999973,0.49043968859983567,0.904889997392015,0.49043968859983567,0.5095603114001643,0.09511000260798497,-0.929618
214,0.891667,walk,1.864889,-0.302442,0.973431,-0.988693,-0.13507,-0.064925,-0.46316294696423627,-0.5968322534197126,0.03455723542117396,0.11347284635282585,0.29296761681964334,0.31649559054106546,-0.0964722822174251,-0.054715622750179334,0.2906167506599459,-0.045836333093311435,-0.024958003359729346,-0.029997600191983605,0.12666500000000003,0.334629,-0.928551,-0.03036799999999995,-0.10786899999999999,-0.945874,0.15703299999999998,0.442498,0.017322999999999977,0.32677,0.8996709942735159,0.32677,0.67323,0.10032900572648407,-0.928551
215,0.895833,walk,1.862994,-0.304855,0.973407,-0.988684,-0.135779,-0.063561,-0.45487277964473805,-0.5792126740278437,-0.005760921747485354,-0.08968430507860181,0.651791955184332,0.3350208520112755,-0.16778684589534437,-0.015842534805569734,0.17282765242438738,-0.04008641382621894,-0.01656265002401373,-0.015362457993279286,0.127861,0.336976,-0.927807,-0.02864,-0.10552500000000004,-0.945914,0.156501,0.44250100000000003,0.018106999999999984,0.41660064001168495,0.9233107449062541,0.41660064001168495,0.583399359988315,0.07668925509374591,-0.927807
216,0.9,walk,1.861087,-0.307229,0.97365,-0.988609,-0.136486,-0.063249,-0.45764338852893893,-0.5697144228461649,0.05831533477321607,0.1334866664098223,0.17165602394913967,0.3508835480934081,-0.20278377729781094,-0.04439644828413637,0.18166546676265777,-0.020398368130576463,-0.009839212862960744,-0.008639308855291825,0.12892300000000012,0.339165,-0.927293,-0.02681800000000001,-0.103192,-0.9461930000000001,0.15574100000000013,0.442357,0.018900000000000028,0.35124569735108474,0.9596012517503363,0.35124569735108474,0.6487543026489153,0.04039874824966372,-0.927293
217,0.904167,walk,1.8592,-0.309612,0.973843,-0.988568,-0.136966,-0.062857,-0.45284377249818997,-0.5718742500599966,0.04631629469642363,-0.04319332601874093,0.1854859323331409,0.22934455811511673,-0.16918646508278146,-0.08711303095752326,0.0753539716822636,-0.0059995200383829005,-0.006719462443011228,-0.004559635229181195,0.13010500000000014,0.341185,-0.927172,-0.024955999999999978,-0.10083700000000001,-0.946405,0.15506100000000012,0.442022,0.019233000000000056,0.46654864175591165,0.9831727990017166,0.46654864175591165,0.5334513582440883,0.016827200998283387,-0.927172
218,0.908333,walk,1.857424,-0.311941,0.974056,-0.988539,-0.137331,-0.062507,-0.42630820931350116,-0.5590494479116864,0.05112818050888724,0.0005488020935851782,0.17088532432155124,0.1765152271288681,-0.17522803648587096,-0.17138742198752147,0.08185309649544163,0.003840614498323672,-0.003840614498323672,-0.0060009601536249076,0.13115100000000002,0.34280000000000005,-0.927044,-0.023163999999999962,-0.098524,-0.946643,0.15431499999999998,0.44132400000000005,0.019599000000000033,0.3733179129273619,0.9865100693710228,0.3733179129273619,0.6266820870726382,0.013489930628977187,-0.927044
219,0.9125,walk,1.85558,-0.31423,0.974254,-0.988523,-0.137672,-0.061998,-0.44252459803214367,-0.5493160547156151,0.047516198704084224,-0.10454828877373785,0.23336982817174803,0.15783235131961743,-0.29781617470603267,-0.1499880009599222,0.2858171346292286,0.0021598272138050553,-0.029037676985836647,0.00479961603071731,0.13175399999999993,0.344464,-0.926051,-0.02131100000000008,-0.096356,-0.9468209999999999,0.153065,0.44082,0.020769999999999955,0.2923,0.9508153182052697,0.2923,0.7077,0.049184681794730345,-0.926051
220,0.916667,walk,1.853728,-0.316454,0.974508,-0.988507,-0.137901,-0.061722,-0.4444444444444326,-0.5337173026157875,0.060955123590133324,-0.1517685416165239,0.11337235828117793,0.10110882355507939,-0.37149028077750684,-0.22774178065754613,0.2253419726421858,-0.004079673626093978,-0.0273578113750905,0.006479481641468453,0.132058,0.345739,-0.925366,-0.01947600000000005,-0.094246,-0.947048,0.15153400000000006,0.439985,0.02168199999999998,0.28318,0.9526514912099006,0.28318,0.71682,0.04734850879009944,-0.925366
221,0.920833,walk,1.851989,-0.318717,0.974584,-0.988537,-0.138101,-0.060747,-0.4174267882861099,-0.5432069131060868,0.018242918867010304,-0.3390000064330126,0.42661246542621895,0.07372140821563661,-0.4102256361017665,-0.2765242438790205,0.23091694671147475,-0.008641382621201382,-0.03168506961112947,0.010081613058089375,0.13208799999999998,0.34685,-0.92448,-0.01777300000000004,-0.092115,-0.947082,0.14986100000000002,0.438965,0.02260200000000001,0.27398,0.9427419085843862,0.27398,0.72602,0.05725809141561378,-0.92448
222,0.925,walk,1.850119,-0.320804,0.975029,-0.988477,-0.138429,-0.060979,-0.448764098872096,-0.5008399328053731,0.1067914566834714,0.05261997069697113,-0.10435457326610509,0.16312805559521024,-0.49580033597314793,-0.33789296856251233,0.22678185745140084,-0.02447804175667044,-0.02087832973362205,-0.002399808015358655,0.1318919999999999,0.347529,-0.92398,-0.016005000000000047,-0.090115,-0.9475370000000001,0.14789699999999995,0.437644,0.02355700000000005,0.26443000000000005,0.9462299582786482,0.26443000000000005,0.73557,0.0537700417213518,-0.92398
223,0.929167,walk,1.848338,-0.322912,0.975238,-0.988535,-0.138342,-0.060196,-0.42740580753541313,-0.5058795296376383,0.05015598752100281,-0.23150054882521073,0.34742729746237444,-0.058496773474651084,-0.6244300455963625,-0.3846892248620184,0.27549796016319295,-0.008879289656843163,-0.031677465802741424,0.004319654427646027,0.13107099999999994,0.34803399999999995,-0.923041,-0.01426100000000008,-0.08813900000000002,-0.947728,0.14533200000000002,0.436173,0.024687000000000014,0.25312999999999997,0.9446987281925368,0.25312999999999997,0.74687,0.05530127180746325,-0.923041
224,0.933333,walk,1.846602,-0.32499,0.975623,-0.988507,-0.138535,-0.060203,-0.4167066730676809,-0.49879980796928053,0.09241478636581095,-0.05360026689956668,-0.01034501014432676,0.09052479507482515,-0.7604416706673205,-0.36365818530964905,0.27916466634661463,-0.016802688430152292,-0.0019203072491617847,-0.02640422467594789,0.12963899999999984,0.348597,-0.922263,-0.012595000000000134,-0.086069,-0.948223,0.14223399999999997,0.434666,0.025959999999999983,0.24040000000000006,0.9477399398533882,0.24040000000000006,0.7595999999999999,0.052260060146611775,-0.922263
225,0.9375,walk,1.844839,-0.327023,0.975869,-0.988553,-0.138534,-0.059413,-0.42308615310779163,-0.48788096952243615,0.05903527717781776,-0.17619384297919413,0.3587838595085339,-0.01340695624498006,-0.7535397168226294,-0.470842332613387,0.29229661627069703,-0.006959443244500718,-0.017038636909044204,-0.03335733141348672,0.1282620000000001,0.34866800000000003,-0.921291,-0.010860999999999787,-0.08410699999999999,-0.948608,0.13912299999999989,0.432775,0.027317000000000036,0.22683000000000003,0.9365032687407179,0.22683000000000003,0.7731699999999999,0.06349673125928212,-0.921291
226,0.941667,walk,1.843069,-0.32902,0.976362,-0.988559,-0.138376,-0.059698,-0.4247660187184578,-0.479241660667136,0.11831053515717829,0.07566534250295413,-0.1282243699086418,-0.07135095914759292,-0.7626589872809885,-0.5553155747540155,0.2798176145908307,0.00455963522917953,-0.018478521718260896,-0.0019198464122872573,0.12685400000000002,0.34835099999999997,-0.9206179999999999,-0.009071999999999969,-0.08218700000000001,-0.949109,0.135926,0.430538,0.028491000000000044,0.21509,0.9681177579659588,0.21509,0.78491,0.03188224203404122,-0.9206179999999999
227,0.945833,walk,1.841339,-0.331002,0.976541,-0.988642,-0.138213,-0.05866,-0.41526644263082285,-0.47575612097936576,0.04296687469996162,-0.16274644940607133,0.4806865761471912,-0.091972664806043,-0.7710033605376837,-0.6034565530484879,0.07297167546807454,-0.001440230436911313,-0.013442150744119167,0.001920307249160119,0.12537200000000004,0.347819,-0.920493,-0.007348000000000132,-0.08026099999999997,-0.94928,0.13272000000000017,0.42808,0.028787000000000007,0.21213000000000004,0.9772420184776243,0.21213000000000004,0.78787,0.022757981522375736,-0.920493
228,0.95,walk,1.839574,-0.332961,0.977079,-0.988619,-0.138296,-0.058902,-0.42356611471083516,-0.4701223902087895,0.1291096712263136,0.18684109976175464,-0.09100671986200827,0.05194265570847398,-0.7775377969762883,-0.6856251499880136,0.024238060955123313,-0.012239020878335546,-0.010319174466046572,0.00287976961843013,0.12389699999999992,0.34692100000000003,-0.92093,-0.005634000000000139,-0.078345,-0.949806,0.12953100000000006,0.42526600000000003,0.028876000000000013,0.21124000000000004,0.9728905476316494,0.21124000000000004,0.7887599999999999,0.027109452368350606,-0.92093
229,0.954167,walk,1.837719,-0.334797,0.977597,-0.988608,-0.138344,-0.059026,-0.4451643868490343,-0.44060475161986806,0.12431005519558783,0.24693771802583783,-0.025420644104951106,0.03817677702658612,-0.9560835133189242,-0.5555555555555511,0.1845452363810895,-0.020878329733608727,-0.0028797696184333834,0.003119750419967001,0.12176799999999988,0.346442,-0.920679,-0.003866000000000147,-0.076521,-0.950311,0.12563400000000002,0.42296300000000003,0.02963199999999999,0.20367999999999997,0.9644905893457872,0.20367999999999997,0.79632,0.03550941065421276,-0.920679
230,0.958333,walk,1.836021,-0.336783,0.977871,-0.988695,-0.138102,-0.05813,-0.407585213634229,-0.47671627460393334,0.0657705232837245,0.004062896414413776,0.4349622432811145,-0.11968675987113395,-1.0271243398943635,-0.6529044647143538,0.12337974075851975,-0.0012001920307327777,-0.009601536245795598,0.005520883341334301,0.11918700000000015,0.345708,-0.920439,-0.0021729999999999805,-0.074575,-0.950562,0.12136000000000013,0.420283,0.03012300000000001,0.19877000000000006,0.9814325469901269,0.19877000000000006,0.8012299999999999,0.01856745300987306,-0.920439
231,0.9625,walk,1.834254,-0.338729,0.978498,-0.988699,-0.137857,-0.058714,-0.42404607631385616,-0.4670026397888141,0.1504679625629778,0.3838997162121246,-0.23040607124608695,-0.09508630639425449,-1.0844732421406593,-0.6729061675065946,0.11951043916486719,0.03407727381811505,-0.035757139428847874,0.005519558435324824,0.11643499999999984,0.34485,-0.9205679999999999,-0.000264000000000042,-0.07277800000000001,-0.951166,0.11669899999999989,0.417628,0.030598000000000014,0.19401999999999997,0.917163160095519,0.19401999999999997,0.80598,0.08283683990448099,-0.9205679999999999
232,0.966667,walk,1.832426,-0.340539,0.978998,-0.988694,-0.137909,-0.058711,-0.4386849052075658,-0.4343652507799291,0.11999040076795107,0.27830173036702793,0.040440661377669995,0.041626334961281826,-1.2507799376049806,-0.7211423086153053,0.22798176145908142,-0.00623950083995232,0.0059995200383962215,0.006959443244540683,0.11305099999999979,0.343655,-0.920118,0.0015379999999998173,-0.07094300000000003,-0.9516370000000001,0.11151299999999997,0.414598,0.031519000000000075,0.18480999999999997,0.9814887825527281,0.18480999999999997,0.8151900000000001,0.01851121744727191,-0.920118
233,0.970833,walk,1.830573,-0.342416,0.979649,-0.988702,-0.137701,-0.05914,-0.4447911665866905,-0.45055208833414934,0.15626500240037783,0.5217461993705889,-0.13582555625468407,-0.06944135159356668,-1.2277964474316163,-0.770043206913126,0.08833413346135617,-0.013202112337954309,0.00840134421507637,0.01224195871339421,0.10978899999999991,0.342324,-0.920401,0.0033360000000000056,-0.06903100000000001,-0.952237,0.10645299999999991,0.411355,0.031835999999999975,0.18163999999999997,0.9668863947084934,0.18163999999999997,0.81836,0.03311360529150664,-0.920401
234,0.975,walk,1.8289,-0.344292,0.98007,-0.988739,-0.137618,-0.058739,-0.4014878809695279,-0.4502039836812994,0.10103191744660463,0.2388044547027417,0.22782764945481698,-0.026720802001247282,-1.2776577873769723,-0.7952963762898908,0.029757619390448322,0.037197024238037925,-0.03671706263499234,-0.002399808015358655,0.10613800000000007,0.34088599999999997,-0.920698,0.005163999999999946,-0.06730800000000003,-0.952668,0.10097400000000012,0.408194,0.03196999999999994,0.18030000000000002,0.9127978023464732,0.18030000000000002,0.8197,0.08720219765352677,-0.920698
235,0.979167,walk,1.827095,-0.346123,0.980784,-0.988674,-0.137724,-0.059611,-0.4331653467722685,-0.43940484761219417,0.17134629229661313,0.5931480745453884,-0.340543610323201,0.08769803930442649,-1.3256539476841953,-0.8243340532757316,0.02951763858891221,0.00767938564915569,-0.002159827213818377,-0.009359251259899339,0.10241900000000004,0.33928200000000003,-0.921289,0.007001000000000035,-0.06548599999999999,-0.953421,0.095418,0.404768,0.03213199999999994,0.17868,0.9795038349326883,0.17868,0.82132,0.020496165067311667,-0.921289
236,0.983333,walk,1.825312,-0.348085,0.981337,-0.988727,-0.137202,-0.059949,-0.42798847815647306,-0.470955352856448,0.13274123859818177,0.45310896800739187,-0.10136812537571116,-0.22595333663763228,-1.361737878060498,-0.8619779164666341,0.006000960153625581,-0.010081613058059396,0.0,0.017042726836294184,0.09852899999999987,0.337653,-0.921817,0.008742000000000028,-0.06352400000000002,-0.9539030000000001,0.08978699999999984,0.401177,0.03208600000000006,0.17913999999999997,0.9669977500822134,0.17913999999999997,0.82086,0.03300224991778655,-0.921817
237,0.9875,walk,1.823559,-0.349914,0.981818,-0.988746,-0.137134,-0.059796,-0.42068634509241715,-0.43892488600912194,0.1154307655387449,0.45979436933644413,0.13806239871370415,-0.005196154439420329,-1.4142068634508953,-0.8687305015598685,-0.013438924886009136,-0.0016798656107727896,0.0059995200383962215,0.005759539236860939,0.09438900000000006,0.335862,-0.922354,0.010488000000000053,-0.06167,-0.95436,0.083901,0.397532,0.03200599999999998,0.17993999999999993,0.9858589956566104,0.17993999999999993,0.82006,0.014141004343389607,-0.922354
238,0.991667,walk,1.82187,-0.351816,0.982454,-0.988703,-0.13713,-0.060498,-0.40532757379406326,-0.45644348452125055,0.1526277897768402,0.5427171617837204,-0.2655278946707461,0.030830323285627032,-1.4674826013919389,-0.9052075833933456,-0.05351571874250185,0.006719462442984764,-0.0021598272138184343,0.006719462443004746,0.0899629999999998,0.333992,-0.9232130000000001,0.0122049999999998,-0.05977699999999997,-0.954968,0.077758,0.393769,0.03175499999999998,0.18244999999999995,0.9837581469448711,0.18244999999999995,0.81755,0.01624185305512893,-0.9232130000000001
239,0.995833,walk,1.820148,-0.353665,0.982892,-0.988737,-0.136872,-0.060498,-0.4133461353816611,-0.4438310129620711,0.10513682189148779,0.40570452708667143,0.05639559159987107,-0.1003312475035073,-1.5079212674027591,-0.9447911665866536,-0.057849255880942134,-0.0024003840614122566,0.013682189150257729,-0.012001920307249494,0.0854029999999999,0.331905,-0.9238919999999999,0.013916999999999957,-0.057871000000000006,-0.955456,0.07148599999999994,0.389776,0.031564000000000036,0.18436000000000008,0.9694036024884156,0.18436000000000008,0.8156399999999999,0.030596397511584383,-0.9238919999999999
240,1.0,walk,1.818389,-0.355514,0.983142,-0.988813,-0.136694,-0.059637,-0.4221262299016205,-0.44372450203983094,0.059995200383962215,0.205259334413325,0.44653123915131543,-0.07282659771951212,-1.6311495080393306,-0.89656827453803,-0.04079673626109797,-0.0019198464122889224,0.042956563474931334,-0.03023758099351972,0.08036500000000002,0.330018,-0.9243119999999999,0.015668000000000015,-0.055842999999999976,-0.955832,0.064697,0.38586099999999995,0.031520000000000103,0.18480000000000002,0.9123887459638659,0.18480000000000002,0.8151999999999999,0.08761125403613412,-0.9243119999999999
241,1.004167,walk,1.816684,-0.357352,0.983695,-0.988794,-0.136481,-0.060363,-0.4091672666186836,-0.4410847132229403,0.1327093832493452,0.6280100646181737,-0.2654273430545604,-0.06617832967665149,-1.6083513318934328,-0.9628029757619313,-0.07631389488840806,0.006239500839899033,0.00455963522917953,0.009839212862970736,0.0753680000000001,0.327844,-0.925183,0.017398999999999942,-0.05398599999999998,-0.956344,0.05796900000000016,0.38183,0.031160999999999994,0.18839,0.9791478915323277,0.18839,0.8116099999999999,0.02085210846767227,-0.925183
242,1.008333,walk,1.814807,-0.359184,0.984219,-0.988791,-0.13639,-0.060527,-0.4505520883341227,-0.4397503600576207,0.125780124819967,0.5198903862521049,-0.007851348817280937,-0.012395108764057285,-1.5991358617379599,-0.9901584253480822,-0.12938070091215043,-0.0028804608737161043,-0.0043206913106141305,0.008401344215074704,0.07058299999999984,0.325551,-0.9262459999999999,0.019263999999999948,-0.052171999999999996,-0.9568329999999999,0.05131899999999989,0.377723,0.03058700000000003,0.19413000000000008,0.9835389337402536,0.19413000000000008,0.8058699999999999,0.016461066259746415,-0.9262459999999999
243,1.0125,walk,1.813167,-0.36093,0.984339,-0.988841,-0.136466,-0.059511,-0.3935685145188561,-0.419006479481631,0.028797696184307192,0.07163751397501757,0.5028199658140162,0.04386354847674452,-1.659947204223611,-1.0647948164146779,-0.0871130309575216,0.005519558435297348,0.0014398848092166917,0.006239500839932337,0.06530600000000009,0.32286,-0.9267289999999999,0.020926999999999918,-0.05042000000000002,-0.956927,0.04437900000000017,0.37328,0.030198000000000058,0.19801999999999997,0.9859099952373647,0.19801999999999997,0.80198,0.014090004762635333,-0.9267289999999999
244,1.016667,walk,1.811456,-0.362746,0.984589,-0.988904,-0.136201,-0.059016,-0.41060715142788695,-0.4358051355891591,0.05999520038398886,0.26164726250786613,0.27697211275286737,-0.11137144087483945,-1.6853851691864525,-1.056395488360924,-0.12574994000479953,0.006959443244554005,0.0009599232061444612,0.005279577633789541,0.0599940000000001,0.320274,-0.9275030000000001,0.022666999999999993,-0.04859999999999998,-0.9571550000000001,0.03732700000000011,0.368874,0.02965200000000001,0.20348000000000005,0.9853533049967015,0.20348000000000005,0.7965199999999999,0.014646695003298515,-0.9275030000000001
245,1.020833,walk,1.809674,-0.364488,0.984964,-0.9889,-0.136207,-0.058977,-0.42774843975033644,-0.4181469035045411,0.090014402304343,0.3970307241009836,0.07344053443267012,0.02707743149996345,-1.7141142582812934,-1.0928948631780773,-0.10201632261161382,0.006721075372092717,-0.010081613058085775,0.006721075372059405,0.05463499999999999,0.317463,-0.928303,0.024477000000000082,-0.0469,-0.957502,0.030157999999999907,0.364363,0.029198999999999975,0.20800999999999997,0.9769069136026951,0.20800999999999997,0.79199,0.023093086397304896,-0.928303
246,1.025,walk,1.807839,-0.366179,0.985274,-0.988919,-0.136162,-0.05868,-0.4403647708183621,-0.4058075353971863,0.0743940484761331,0.29268092571651544,0.18447119805637086,-0.003089568700609333,-1.7446604271658794,-1.0909527237821477,-0.07007439404847947,-0.02255819534438272,0.023038156947441654,0.005279577633789822,0.04920000000000013,0.314608,-0.928905,0.026218000000000075,-0.045113000000000014,-0.95779,0.022982000000000058,0.359721,0.02888500000000005,0.21115,0.9455455645944475,0.21115,0.78885,0.054454435405552504,-0.928905
247,1.029167,walk,1.806271,-0.368002,0.985358,-0.988991,-0.136031,-0.057718,-0.3762898968082558,-0.43748500119990524,0.020158387329007044,0.08390481714827135,0.4788403885472625,-0.0549331794747195,-1.7624190064794722,-1.1127909767218542,-0.33189344852411606,-0.008399328053757375,0.003839692824577845,0.005279577633788709,0.04342400000000013,0.311794,-0.930372,0.02775100000000008,-0.04327399999999998,-0.9578519999999999,0.015673000000000048,0.355068,0.02747999999999995,0.2252,0.98227009018534,0.2252,0.7747999999999999,0.01772990981466005,-0.930372
248,1.033333,walk,1.804532,-0.369633,0.985478,-0.989056,-0.135894,-0.056906,-0.41742678828609875,-0.3915026404224553,0.028804608737399352,0.0488078477788749,0.4013607296333117,-0.06052933919672467,-1.7599615938549966,-1.1898703792606482,-0.11257801248199337,0.019203072491564034,-0.010321651464237655,0.007201152184349838,0.03783099999999995,0.30846799999999996,-0.9309609999999999,0.029569999999999874,-0.041686,-0.957942,0.008261000000000074,0.35015399999999997,0.026981000000000033,0.23019,0.9617337153457066,0.23019,0.76981,0.03826628465429338,-0.9309609999999999
249,1.0375,walk,1.802851,-0.371255,0.985612,-0.989069,-0.136018,-0.056289,-0.40340772738181685,-0.3892488600911927,0.03215742740582613,0.22073320049224576,0.3291058233692921,0.07558936801329134,-1.7782577393808159,-1.1891048716102623,-0.10799136069114532,0.003359731221545579,-0.001679865610759468,0.005759539236860939,0.032102000000000075,0.305135,-0.9315450000000001,0.0312650000000001,-0.04007100000000002,-0.958052,0.0008369999999999767,0.345206,0.026506999999999947,0.23493000000000008,0.988539677800222,0.23493000000000008,0.7650699999999999,0.011460322199777995,-0.9315450000000001
250,1.041667,walk,1.801178,-0.372869,0.985641,-0.989123,-0.136083,-0.055173,-0.4014878809695493,-0.3873290136789244,0.006959443244527732,-0.04777461473919889,0.5346961906255521,0.03343850552698376,-1.8656107511399813,-1.1814254859611764,-0.05135589152867979,0.012239020878335873,-0.017758579313646834,0.004559635229181438,0.026001000000000163,0.30182600000000004,-0.931788,0.03298900000000016,-0.03853099999999998,-0.958062,0.006987999999999994,0.340357,0.02627400000000002,0.23726000000000003,0.9632595044519214,0.23726000000000003,0.76274,0.03674049554807857,-0.931788
251,1.045833,walk,1.79939,-0.374453,0.985663,-0.989172,-0.136175,-0.054009,-0.42918867018719437,-0.3802208353336368,0.0052808449351814425,0.0723206319995327,0.5744246625039313,0.053705218211037395,-1.8761401824291482,-1.209793566970683,-0.03864618338934158,0.03648583773401964,-0.012722035525689821,-0.0024003840614496685,0.01997300000000002,0.29836999999999997,-0.931971,0.03492899999999999,-0.03700000000000003,-0.958094,0.01495599999999997,0.33537,0.026123000000000007,0.23877000000000004,0.9354754915918553,0.23877000000000004,0.76123,0.06452450840814472,-0.931971
252,1.05,walk,1.79774,-0.376054,0.98553,-0.989282,-0.13603,-0.052366,-0.3959683225342306,-0.38420926325894095,-0.03191744660425671,-0.20901861594359036,0.7690645986993937,-0.07473920506690551,-1.864410847132248,-1.2275017998560043,-0.026877849772016606,-0.01223902087833522,0.0028797696184333834,0.006239500839933169,0.013854000000000033,0.294856,-0.9319500000000001,0.036528000000000116,-0.035387,-0.957935,0.022674000000000083,0.330243,0.025984999999999925,0.24015000000000003,0.9766061454029349,0.24015000000000003,0.7598499999999999,0.02339385459706511,-0.9319500000000001
253,1.054167,walk,1.796108,-0.377638,0.985649,-0.989327,-0.135906,-0.051777,-0.3916486681065139,-0.3801295896328203,0.028557715382764418,0.13303383730074153,0.30449256171600325,-0.050438786244109704,-1.8893688504919508,-1.264458843292526,-0.010319174466042967,0.016318694504429198,-0.003119750419962838,0.0074394048476120805,0.00761299999999987,0.29117099999999996,-0.932112,0.03822799999999993,-0.03381600000000001,-0.958023,0.03061500000000006,0.32498699999999997,0.025910999999999906,0.24089,0.9696603771402248,0.24089,0.75911,0.030339622859775206,-0.932112
254,1.058333,walk,1.794378,-0.379114,0.985649,-0.989339,-0.136215,-0.050693,-0.41526644263083395,-0.35429668747001225,0.0,-0.040937502686281844,0.5189613644278015,0.15264361996521988,-1.882381180988984,-1.272443590974589,-0.046087373979839086,0.007201152184343559,-0.0031204992798946458,-0.008401344215074704,0.0015009999999999746,0.287346,-0.932304,0.03998799999999991,-0.03235300000000002,-0.958058,0.03848699999999994,0.319699,0.025753999999999944,0.24246000000000006,0.9808386461596621,0.24246000000000006,0.7575399999999999,0.019161353840337902,-0.932304
255,1.0625,walk,1.792668,-0.380627,0.98566,-0.989392,-0.136213,-0.049666,-0.41036717062637085,-0.3630909527237761,0.0026397888168906074,-0.08394601496726677,0.48667598613353424,-0.0007733258070815565,-1.8869690424765764,-1.3002159827213706,-0.0059995200383962215,-0.0033597312214922927,0.011279097672190758,0.018478521718262562,-0.0046519999999998785,0.283441,-0.93234,0.041684000000000054,-0.030793000000000015,-0.957992,0.04633599999999993,0.314234,0.025652000000000008,0.24348000000000003,0.9634866233388445,0.24348000000000003,0.75652,0.036513376661155506,-0.93234
256,1.066667,walk,1.791018,-0.382028,0.985593,-0.989418,-0.136445,-0.048481,-0.3959683225341773,-0.3362131029517578,-0.01607871370288642,-0.011410033536738187,0.5722017915386827,0.11723387122788399,-1.8876889848812313,-1.3249340052795704,-0.026157907367409923,0.003839692824577845,-0.005279577633781215,0.004559635229181195,-0.0108680000000001,0.279321,-0.932382,0.04335,-0.029413999999999996,-0.957906,0.0542180000000001,0.308735,0.02552399999999999,0.24475999999999998,0.9867285336988807,0.24475999999999998,0.75524,0.013271466301119306,-0.932382
257,1.070833,walk,1.789315,-0.383512,0.985582,-0.989484,-0.136297,-0.047518,-0.4087854056649194,-0.3562169947191741,-0.0026404224676175115,-0.0319034676178119,0.46347844814003664,-0.06898194181754035,-1.8917426788286147,-1.326452232357209,0.0007201152184340228,0.006481036965914533,-0.00480076812290459,0.006961113778204992,-0.017045999999999895,0.27527900000000005,-0.932368,0.04508000000000001,-0.027949999999999975,-0.957866,0.062125999999999904,0.30322899999999997,0.02549800000000002,0.24502000000000007,0.9822432861088355,0.24502000000000007,0.75498,0.01775671389116451,-0.932368
258,1.075,walk,1.787623,-0.384925,0.98544,-0.989507,-0.136584,-0.046206,-0.40604751619870744,-0.3390928725701912,-0.03407727381808841,-0.11194718804039344,0.6196506800368884,0.13971080950752687,-1.870650347972147,-1.3774898008159264,-0.007679385649147364,0.0023998080153744745,-0.005039596832251761,0.004319654427645913,-0.023148999999999864,0.270952,-0.932258,0.0467820000000001,-0.02655799999999997,-0.957706,0.06993099999999997,0.29751,0.025447999999999915,0.24552000000000002,0.9882365881370598,0.24552000000000002,0.75448,0.011763411862940165,-0.932258
259,1.079167,walk,1.785959,-0.386342,0.985386,-0.989558,-0.136534,-0.045235,-0.39932805375566954,-0.3400527957763357,-0.012958963282936905,-0.027627054420903716,0.4673567824109901,-0.0211380506410054,-1.88240940724745,-1.3666906647468078,0.016078713702903074,0.00023998080151613289,-0.0028797696184333834,0.005039596832252593,-0.02932900000000016,0.266674,-0.932137,0.04844699999999991,-0.02515299999999998,-0.957631,0.07777600000000007,0.291827,0.025494000000000017,0.24506,0.9903177998264859,0.24506,0.7549399999999999,0.009682200173514066,-0.932137
260,1.083333,walk,1.784238,-0.387726,0.985398,-0.989577,-0.136632,-0.044523,-0.41310609697552486,-0.33221315410464675,0.0028804608737426,-0.0503077622673503,0.3380228699268343,0.04843246666574198,-1.9063850216033789,-1.356937109937551,0.030244839174267322,0.004560729716752455,-0.007201152184343176,0.011281805088814358,-0.03554999999999997,0.262405,-0.932023,0.05018699999999998,-0.02379899999999996,-0.957596,0.08573699999999995,0.286204,0.025572999999999957,0.24427000000000004,0.9764335470074905,0.24427000000000004,0.75573,0.02356645299250948,-0.932023
261,1.0875,walk,1.78248,-0.389039,0.985393,-0.989579,-0.136823,-0.043843,-0.42188624910007355,-0.31509479241662314,-0.0011999040076873012,0.031109510955900532,0.3331776861755457,0.09721789254376809,-1.8771298296137156,-1.414686825054063,0.009599232061435132,0.009119270458359545,-0.011759059275263616,0.03119750419966501,-0.04161400000000004,0.257823,-0.931978,0.05198299999999989,-0.02253499999999997,-0.957461,0.09359699999999993,0.280358,0.025483000000000033,0.24517000000000005,0.9423921099872405,0.24517000000000005,0.7548299999999999,0.057607890012759455,-0.931978
262,1.091667,walk,1.780862,-0.390427,0.985169,-0.989629,-0.13697,-0.042279,-0.3882889368850749,-0.333093352531795,-0.05375569954403654,-0.1915214345308007,0.7313998454095431,0.06987018308013532,-1.8552915766738356,-1.415406767458596,0.03143748500120113,0.08159347252219927,-0.022078233741295965,0.03983681305495601,-0.04772699999999985,0.253313,-0.931623,0.05394100000000002,-0.021238999999999952,-0.957071,0.10166799999999987,0.27455199999999996,0.025448000000000026,0.24552000000000002,0.8442588076528019,0.24552000000000002,0.75448,0.15574119234719808,-0.931623
263,1.095833,walk,1.779194,-0.391834,0.985274,-0.989688,-0.13654,-0.04226,-0.4003840614498217,-0.3377340374459801,0.025204032645227765,0.04569770388377598,0.01747211813375036,-0.20644275077193042,-1.873259721555432,-1.4301488238117686,0.049927988478155105,-0.021363418146904296,0.007921267402772164,0.0033605376860297025,-0.053862999999999994,0.248762,-0.93152,0.055520000000000014,-0.01979900000000001,-0.957162,0.10938300000000001,0.26856100000000005,0.025641999999999943,0.24358000000000002,0.961614697339385,0.24358000000000002,0.75642,0.03838530266061502,-0.93152
264,1.1,walk,1.77746,-0.39316,0.985193,-0.989677,-0.136905,-0.041289,-0.41612670986318434,-0.3182145428365692,-0.019438444924405357,0.00026457374976304764,0.469199388482126,0.18151862667072857,-1.8629709623229913,-1.439884809215253,0.06455483561315008,-0.012718982481367486,0.009599232061444612,-0.0076793856491481965,-0.059892000000000056,0.244088,-0.9311699999999999,0.05720100000000006,-0.018432999999999977,-0.957113,0.11709300000000011,0.262521,0.02594300000000005,0.24057,0.9705188037575389,0.24057,0.75943,0.02948119624246115,-0.9311699999999999
265,1.104167,walk,1.775845,-0.394551,0.985193,-0.989693,-0.136818,-0.041153,-0.38756899448049387,-0.3338132949364145,0.0,0.1024410159249272,0.08049516107852966,-0.03717654290080265,-1.8552915766739346,-1.4578833693305193,0.06359491240701066,0.00023998080151614568,0.004319654427636984,-0.002639788816894911,-0.06600799999999984,0.23940399999999998,-0.930905,0.05881700000000012,-0.01702400000000004,-0.957124,0.12482499999999996,0.256428,0.026218999999999992,0.23780999999999997,0.9915531909119637,0.23780999999999997,0.76219,0.0084468090880363,-0.930905
266,1.108333,walk,1.774203,-0.395906,0.985194,-0.989725,-0.136676,-0.040884,-0.3941430628900327,-0.32525204032644217,0.0002400384061518791,-0.0744044731924827,0.12089740762400225,-0.07077797251422269,-1.7676428228516434,-1.6130580892942439,0.3149303888622078,0.0031204992798944792,-0.006240998559762309,0.00984157465194389,-0.07173000000000007,0.23403899999999997,-0.929594,0.06047200000000008,-0.015695000000000014,-0.957084,0.13220200000000015,0.24973399999999998,0.027490000000000014,0.22510000000000002,0.9798930518912987,0.22510000000000002,0.7748999999999999,0.020106948108701284,-0.929594
267,1.1125,walk,1.772361,-0.39718,0.985142,-0.989721,-0.136844,-0.040392,-0.4420446364290581,-0.3057355411567045,-0.012479001679877996,0.018125453306603895,0.24027114934616706,0.084562345664031,-1.8488120950323672,-1.4650827933765185,0.015838732901368623,0.0007199424046016851,-0.010319174466046297,0.009599232061435453,-0.0775920000000001,0.22920799999999997,-0.929476,0.062316999999999956,-0.014464000000000032,-0.956992,0.13990900000000006,0.243672,0.027515999999999985,0.22484000000000004,0.9764799769170597,0.22484000000000004,0.77516,0.023520023082940322,-0.929476
268,1.116667,walk,1.770771,-0.39846,0.985022,-0.989724,-0.13694,-0.040012,-0.381569474442037,-0.3071754259659212,-0.028797696184307192,-0.08241177073456038,0.17243461350231232,0.044917124079883894,-1.8228941684664934,-1.482601391888635,0.0731941444684419,0.00455963522917953,-0.007439404847612913,0.008159347252219595,-0.08359800000000006,0.22430999999999998,-0.929051,0.06392599999999993,-0.013215000000000032,-0.956838,0.147524,0.23752500000000001,0.027787000000000006,0.22213000000000005,0.9800897872735732,0.22213000000000005,0.77787,0.01991021272642679,-0.929051
269,1.120833,walk,1.769092,-0.399836,0.984798,-0.989815,-0.136611,-0.039006,-0.4030244839174339,-0.33029284685551596,-0.053768602976478105,-0.31966601076111456,0.44537016224742554,-0.16813654729578398,-1.8240518482958066,-1.5148823811810308,0.10657705232837529,-0.015362457993294687,-0.0052808449351817235,-0.007441190590494619,-0.08951800000000021,0.21937500000000001,-0.928383,0.06554099999999985,-0.011860999999999955,-0.956645,0.15505900000000006,0.23123599999999997,0.02826200000000001,0.21738000000000002,0.9702200777821121,0.21738000000000002,0.78262,0.029779922217887944,-0.928383
270,1.125,walk,1.767262,-0.401112,0.984915,-0.989775,-0.136843,-0.03909,-0.43916486681065137,-0.3062155027597767,0.02807775377970551,0.2051453956736408,-0.013539057010944997,0.12050451265404492,-1.7770578353731288,-1.5651547876169787,0.14494840412766877,-0.0019198464122889224,-0.008399328053757375,0.0035997120230375663,-0.0950930000000001,0.214129,-0.9278959999999999,0.06736299999999984,-0.010619999999999963,-0.956747,0.16245599999999993,0.22474899999999998,0.02885100000000007,0.21149,0.9844371838586136,0.21149,0.78851,0.015562816141386437,-0.9278959999999999
271,1.129167,walk,1.76576,-0.402459,0.984914,-0.989768,-0.136824,-0.039314,-0.3604511639069121,-0.32325413966882094,-0.0002399808015427761,0.05120479419432139,-0.10146501653750453,-0.008164325677436099,-1.7643388528917612,-1.5644348452123704,0.16966642668586368,-0.0043196544276101105,-0.00815934725222792,-0.023038156947443756,-0.100943,0.208957,-0.9271879999999999,0.0688470000000001,-0.00930700000000001,-0.956842,0.1697900000000001,0.218264,0.02965400000000007,0.20346000000000003,0.9586347221059248,0.20346000000000003,0.79654,0.04136527789407518,-0.9271879999999999
272,1.133333,walk,1.764028,-0.403783,0.984829,-0.989783,-0.136747,-0.039251,-0.41574651944313773,-0.317810849735964,-0.020403264522324518,-0.06405032414036543,0.02209985819460765,-0.03971733744413074,-1.7748439750360279,-1.5448871819491512,0.06361017762842251,-0.022563610177638246,0.03192510801728221,-0.08545367258761592,-0.10660499999999984,0.203845,-0.9268379999999999,0.07048500000000013,-0.007850000000000024,-0.957113,0.17708999999999997,0.21169500000000002,0.030275000000000052,0.19725000000000004,0.843380688141995,0.19725000000000004,0.80275,0.15661931185800504,-0.9268379999999999
273,1.1375,walk,1.762193,-0.405097,0.984786,-0.989786,-0.136642,-0.039541,-0.44036477081833864,-0.3153347732181358,-0.010319174466019654,-0.007980413894435774,-0.14123659845232914,-0.052545411990668096,-1.7444204463643236,-1.5164386849051938,0.07391408687304858,0.0019198464122889224,0.011759059275262988,-0.0009599232061436286,-0.112039,0.19884,-0.9264870000000001,0.07232800000000017,-0.0064870000000000205,-0.9570740000000001,0.18436700000000017,0.205327,0.03058700000000003,0.19413000000000008,0.980077738732233,0.19413000000000008,0.8058699999999999,0.019922261267766972,-0.9264870000000001
274,1.141667,walk,1.760316,-0.40649,0.984739,-0.989838,-0.136311,-0.039431,-0.4504439644828155,-0.3342932565394822,-0.011279097672190758,-0.0757515202688122,0.04444181454374844,-0.16313771694710108,-1.7936165106791273,-1.6529877609791104,0.08975281977441887,0.000959923206117818,0.0035997120230350688,0.0009599232061436286,-0.11763600000000007,0.19334500000000002,-0.9260660000000001,0.07420899999999997,-0.005079,-0.9570230000000001,0.19184500000000004,0.19842400000000002,0.030957000000000012,0.19043,0.9935880251412517,0.19043,0.80957,0.006411974858748337,-0.9260660000000001
275,1.145833,walk,1.758964,-0.407725,0.984504,-0.989813,-0.136602,-0.039113,-0.32453192510801315,-0.2964474315890428,-0.05640902544406596,-0.18207245597345362,0.12788292156304035,0.1351223088388575,-1.8118098895822567,-1.6538646183388908,-0.04968795007201155,-0.0009601536245542171,-0.013922227556409242,0.007921267402783823,-0.12383199999999994,0.18769,-0.926038,0.0755570000000001,-0.0039020000000000166,-0.956755,0.19938900000000004,0.191592,0.030716999999999994,0.19283000000000006,0.9732554890168723,0.19283000000000006,0.8071699999999999,0.02674451098312769,-0.926038
276,1.15,walk,1.75723,-0.408937,0.984673,-0.989746,-0.136754,-0.040205,-0.4161267098632065,-0.29085673146149416,0.04055675545955902,0.2196270697473907,-0.499904176192806,0.07787696903099973,-1.6493880489561898,-1.6510679145669094,0.07511399088073316,0.0016798656107195925,0.0009599232061445124,0.0014398848092151033,-0.12897100000000017,0.182022,-0.925894,0.07729799999999987,-0.0026860000000000217,-0.956918,0.20626900000000004,0.184708,0.03102400000000005,0.18976000000000004,0.995980371321882,0.18976000000000004,0.81024,0.0040196286781180035,-0.925894
277,1.154167,walk,1.755502,-0.410304,0.98459,-0.989751,-0.136659,-0.040434,-0.41468682505403426,-0.32805375569954326,-0.019918406527490908,-0.06724025948227319,-0.11988395625394356,-0.04988832275892245,-1.756419486441036,-1.5860331173506008,0.12455003599711895,-0.005759539236866767,-0.0033597312214922927,0.004559635229182028,-0.13456199999999985,0.17678,-0.925292,0.07900200000000002,-0.001332999999999973,-0.956816,0.21356399999999987,0.17811299999999997,0.031523999999999996,0.18476000000000004,0.9865370508921629,0.18476000000000004,0.81524,0.013462949107837074,-0.925292
278,1.158333,walk,1.753778,-0.411625,0.984432,-0.989777,-0.136473,-0.040486,-0.41382621219390053,-0.3170907345175181,-0.03792606817090426,-0.1133056693597503,-0.03999251460452924,-0.09522227986340932,-1.6821891502640263,-1.604656745079168,0.2690830532885197,-0.0019203072491617336,-0.006961113778204621,0.008641382621219473,-0.13984600000000014,0.171416,-0.924013,0.08071799999999985,-4.099999999995774e-05,-0.956622,0.22056399999999998,0.17145699999999997,0.032609,0.17391,0.9812310704020797,0.17391,0.82609,0.018768929597920314,-0.924013
279,1.1625,walk,1.752094,-0.412857,0.984421,-0.989698,-0.136837,-0.04112,-0.4041276697864185,-0.29565634749218767,-0.0026397888168906074,0.15592816878331817,-0.2875565683041714,0.18036832636870956,-1.6414686825053768,-1.6445884329253528,0.18262538996880057,0.00623950083995232,-0.004319654427650075,0.003359731221502284,-0.14500200000000008,0.16579499999999997,-0.923241,0.08242799999999995,0.0011729999999999796,-0.956597,0.22743000000000002,0.164622,0.03335600000000005,0.16644000000000003,0.9861678134022671,0.16644000000000003,0.83356,0.013832186597732887,-0.923241
280,1.166667,walk,1.750416,-0.414208,0.984201,-0.989768,-0.136497,-0.04069,-0.4026877849772366,-0.324214062874996,-0.052795776337894895,-0.2645689339322802,0.17355773682554373,-0.17431694330556027,-1.6037916966643389,-1.6529877609791983,0.09599232061435632,0.007679385649156099,-0.01871850251980467,-0.004079673626110847,-0.150007,0.160258,-0.922621,0.08413800000000005,0.0024460000000000037,-0.956394,0.23414500000000005,0.157812,0.03377299999999994,0.16226999999999997,0.965600426463077,0.16226999999999997,0.8377300000000001,0.03439957353692302,-0.922621
281,1.170833,walk,1.748469,-0.4155,0.98431,-0.989702,-0.136723,-0.041465,-0.4673547767642505,-0.31012962073930017,0.026164186269808633,0.16733309478483482,-0.3538256388873402,0.1134904546479572,-1.5828132501199732,-1.6430628900623625,0.21219395103215835,-0.006481036965914188,0.011521843494957076,0.012241958713394391,-0.15465400000000007,0.15470499999999998,-0.921846,0.08605799999999997,0.003785999999999956,-0.956452,0.24071200000000004,0.15091900000000003,0.034605999999999915,0.15394000000000002,0.9699712049851275,0.15394000000000002,0.84606,0.030028795014872545,-0.921846
282,1.175,walk,1.746515,-0.416925,0.984389,-0.989754,-0.136132,-0.042182,-0.46892248620110305,-0.3419726421886246,0.018958483321319806,-0.00125959520791237,-0.34532311533097887,-0.2896880151658192,-1.6789056875449841,-1.6061915046796145,0.2183825293976468,0.00623950083995232,0.0019198464122889224,0.005279577633788709,-0.15969600000000006,0.149437,-0.9210149999999999,0.08803800000000006,0.005218999999999974,-0.9565089999999999,0.24773400000000012,0.144218,0.035494000000000026,0.14506000000000002,0.9860068349055546,0.14506000000000002,0.85494,0.01399316509444537,-0.9210149999999999
283,1.179167,walk,1.745091,-0.418099,0.984128,-0.9897,-0.136582,-0.042066,-0.34173266138710845,-0.2817374610031196,-0.06263498920085282,-0.18748063065080625,0.028614515556301005,0.21049313741538395,-1.6088312934965183,-1.6419486441084623,0.17110631149508035,-0.005759539236866767,-0.012718982481394128,0.007199424046076798,-0.164976,0.14376899999999998,-0.920041,0.08943800000000013,0.006340000000000012,-0.956218,0.25441400000000014,0.13742899999999997,0.036177000000000015,0.13823000000000002,0.9738181299911217,0.13823000000000002,0.8617699999999999,0.026181870008878283,-0.920041
284,1.183333,walk,1.743284,-0.419394,0.98396,-0.989711,-0.136559,-0.041911,-0.43374939990397,-0.31084973595775905,-0.040326452232371905,-0.07626131179352416,0.06477976282509398,-0.013857192635736329,-1.5957753240518866,-1.6159385501680592,0.19515122419587502,0.0052808449351817235,-0.012241958713400041,0.0033605376860298816,-0.1698170000000001,0.138332,-0.91906,0.09126699999999999,0.00758399999999998,-0.956036,0.2610840000000001,0.13074800000000003,0.03697600000000001,0.13024000000000008,0.9770843279058696,0.13024000000000008,0.8697599999999999,0.022915672094130368,-0.91906
285,1.1875,walk,1.741546,-0.420614,0.983906,-0.989669,-0.13679,-0.042115,-0.41708663306935545,-0.2927765778737676,-0.012958963282936905,0.07729243627285198,-0.08921881974174456,0.11457858962518652,-1.5872330213582546,-1.6657067434605177,0.17662586993040436,-0.0033597312214922927,0.0004799616030722306,0.007199424046075965,-0.174693,0.13261099999999998,-0.9182699999999999,0.09299100000000005,0.00880599999999998,-0.9559519999999999,0.26768400000000003,0.123805,0.03768199999999999,0.12318000000000001,0.9867345620736201,0.12318000000000001,0.8768199999999999,0.013265437926379908,-0.9182699999999999
286,1.191667,walk,1.739787,-0.422024,0.983854,-0.989707,-0.136403,-0.042526,-0.4221262299016205,-0.33837293016558956,-0.012479001679851352,-0.08267128898403503,-0.20912794960878414,-0.19295676160839353,-1.5488360931125296,-1.6486681065514603,0.2068634509239249,0.01511879049674196,-0.0251979841612588,0.006959443244540683,-0.17938799999999988,0.12715100000000001,-0.9173560000000001,0.09481300000000004,0.010111000000000037,-0.955871,0.2742009999999999,0.11703999999999998,0.038514999999999966,0.11485000000000001,0.9496691479047171,0.11485000000000001,0.88515,0.050330852095282874,-0.9173560000000001
287,1.195833,walk,1.737772,-0.423233,0.983791,-0.989691,-0.136556,-0.042441,-0.4836773883821244,-0.29020643302929594,-0.015122419587142794,-0.06706932692642278,0.03141177228888127,0.07156208192836375,-1.5393662986078176,-1.637301968314978,0.1992318771003406,0.0012001920307328098,-0.0043206913106141305,0.002160345655304567,-0.183786,0.12153900000000001,-0.916463,0.09683299999999995,0.011302000000000034,-0.955799,0.28061899999999995,0.11023699999999997,0.03933599999999993,0.10664000000000007,0.9917040961140378,0.10664000000000007,0.8933599999999999,0.008295903885962241,-0.916463
288,1.2,walk,1.736124,-0.424479,0.983607,-0.989682,-0.136672,-0.042318,-0.39548836093114503,-0.2990160787136933,-0.04415646748259193,-0.14291900017831388,0.03951417285958112,0.050478024544089346,-1.4982001439884691,-1.6753059755219357,0.17470602351811876,-0.00911927045835906,0.016558675305971972,0.010799136069114364,-0.1883809999999999,0.11580400000000002,-0.915551,0.09844300000000006,0.01261699999999999,-0.95557,0.28682399999999997,0.10318700000000003,0.04001900000000003,0.09980999999999995,0.9637151638107692,0.09980999999999995,0.90019,0.03628483618923084,-0.915551
289,1.204167,walk,1.734231,-0.42579,0.983439,-0.98975,-0.136309,-0.041943,-0.45428365730739334,-0.3146148308135341,-0.040316774658040726,-0.14097923234804718,0.16379233574592608,-0.1807878753701903,-1.4574034077273694,-1.5077993760499138,0.3539716822654137,0.000959923206117818,-0.004799616030722306,0.0040796736261097975,-0.19256099999999998,0.11083199999999999,-0.9139079999999999,0.10033999999999987,0.013907999999999976,-0.9553849999999999,0.29290099999999986,0.09692400000000001,0.041476999999999986,0.08523000000000003,0.9893801151529069,0.08523000000000003,0.91477,0.010619884847093086,-0.9139079999999999
290,1.208333,walk,1.732189,-0.427088,0.983289,-0.98975,-0.136443,-0.041532,-0.4901584253480661,-0.3115698511761848,-0.03600576092174253,-0.08471167291303076,0.18722101710669387,0.062799021023914,-1.5175228036485808,-1.5093614978396035,0.2741238598175643,0.009601536245808668,-0.002400384061438842,0.007921267402784656,-0.19684100000000004,0.10584200000000005,-0.912616,0.10242200000000001,0.015196000000000043,-0.955202,0.29926300000000006,0.090646,0.04258600000000001,0.07414000000000004,0.9788722260737458,0.07414000000000004,0.9258599999999999,0.0211277739262542,-0.912616
291,1.2125,walk,1.730122,-0.428426,0.983114,-0.98982,-0.136155,-0.040868,-0.4960403167746905,-0.32109431245500636,-0.041996640268762465,-0.21517875646972462,0.2934059629350479,-0.1465040956792571,-1.4593232541397363,-1.670986321094388,0.1807055435565246,-0.0028797696184068937,-0.012718982481408127,0.00023998080153529548,-0.200855,0.100217,-0.911688,0.10447700000000015,0.016480999999999968,-0.955026,0.30533200000000016,0.08373600000000003,0.04333799999999999,0.06662000000000001,0.9782614538969643,0.06662000000000001,0.93338,0.021738546103035716,-0.911688
292,1.216667,walk,1.728603,-0.429579,0.982998,-0.989783,-0.136358,-0.04111,-0.36453083753300614,-0.27669786417086784,-0.02783777297816273,-0.08353452097739249,-0.12950449255067534,0.09411074940092529,-1.4607631389488618,-1.6121910247180107,0.20926325893928271,0.0007199424046016851,-0.005759539236853446,0.0038396928245745146,-0.2054229999999999,0.09465200000000001,-0.9107000000000001,0.10599900000000018,0.017610000000000015,-0.954894,0.3114220000000001,0.077042,0.044193999999999956,0.058060000000000056,0.988400927925777,0.058060000000000056,0.94194,0.01159907207422295,-0.9107000000000001
293,1.220833,walk,1.72659,-0.430847,0.982936,-0.989823,-0.13609,-0.041071,-0.48319731156979484,-0.3043686989918283,-0.01488238118099011,-0.08197364570076968,0.008534610735233435,-0.13335163521195456,-1.4351896303408047,-1.6322611617858478,0.20259241478635967,-0.00912145943350491,0.021363418146890974,0.010801728276523924,-0.20938900000000005,0.08911999999999998,-0.909794,0.10797400000000001,0.018966999999999956,-0.954787,0.31736300000000006,0.07015300000000002,0.04499300000000006,0.05007000000000006,0.9573035913923846,0.05007000000000006,0.9499299999999999,0.042696408607615366,-0.909794
294,1.225,walk,1.724669,-0.431989,0.982815,-0.989772,-0.13655,-0.040762,-0.46100311975043123,-0.27405807535397725,-0.02903767698584997,0.01889213055262302,0.1509442361656129,0.22482918170196534,-1.4214062874970188,-1.6383489320854139,0.19270458363330742,0.008639308855273508,-0.017038636909044204,0.00215982721382254,-0.2133910000000001,0.08343500000000004,-0.90887,0.109931,0.020038,-0.954657,0.3233220000000001,0.06339700000000004,0.04578700000000002,0.042130000000000056,0.9679575949886274,0.042130000000000056,0.95787,0.032042405011372566,-0.90887
295,1.229167,walk,1.722689,-0.433236,0.982574,-0.98984,-0.136263,-0.040132,-0.4751619870410807,-0.29925605951525197,-0.05783537317016024,-0.2330383615919056,0.27433114347634446,-0.14690442703158182,-1.386849052075892,-1.640508759299333,0.18094552435806074,0.00599952003838322,-0.007919366450685566,0.0043196544276461425,-0.21719,0.07784600000000003,-0.907875,0.11193600000000004,0.021251999999999993,-0.954398,0.32912600000000003,0.05659400000000003,0.04652299999999998,0.03477000000000002,0.9819437591548049,0.03477000000000002,0.96523,0.018056240845195082,-0.907875
296,1.233333,walk,1.720527,-0.434485,0.982471,-0.989883,-0.136116,-0.039589,-0.5189630340854388,-0.29980796927507586,-0.024723955832924006,-0.10647371695377134,0.2491621545870453,-0.07402761771320245,-1.3552568410944943,-1.613778204512686,0.1915506481036897,0.0014402304368579754,-0.004320691310600575,0.0062409985597698045,-0.22067399999999981,0.07237199999999999,-0.906974,0.11410399999999998,0.02248300000000003,-0.954269,0.3347779999999998,0.04988899999999996,0.04729500000000009,0.02705000000000013,0.9871231581537716,0.02705000000000013,0.9729499999999999,0.012876841846228393,-0.906974
297,1.2375,walk,1.718694,-0.435642,0.982211,-0.989885,-0.136339,-0.038791,-0.4398848092152531,-0.277657787376999,-0.06239500839933669,-0.18132971531739842,0.36133972863345143,0.10315012888217158,-1.3400527957763357,-1.6133909287256847,0.20974322054235495,0.003839692824577845,0.0,0.003359731221502284,-0.22442499999999987,0.06680599999999998,-0.90584,0.11595299999999997,0.023639999999999994,-0.9539949999999999,0.34037799999999985,0.04316599999999998,0.04815499999999995,0.018450000000000133,0.9914965636247175,0.018450000000000133,0.9815499999999999,0.008503436375282503,-0.90584
298,1.241667,walk,1.716673,-0.436919,0.98196,-0.989956,-0.136065,-0.037997,-0.48500119990401613,-0.3064554835613195,-0.06023518118547835,-0.22807009169937886,0.3543904572260163,-0.13970137241134906,-1.3124550035997424,-1.6184305255579496,0.1694264458843309,-0.00047996160303226577,-0.008399328053757375,0.015118790496759444,-0.227873,0.06133899999999998,-0.9048830000000001,0.11797200000000019,0.024882000000000015,-0.953681,0.3458450000000002,0.03645699999999996,0.0487979999999999,0.01201999999999992,0.9711634442561796,0.01201999999999992,0.9879800000000001,0.02883655574382038,-0.9048830000000001
299,1.245833,walk,1.714531,-0.438204,0.981772,-0.990003,-0.135919,-0.037323,-0.5141622659625352,-0.30844935189630673,-0.04512722035527649,-0.14604232923211424,0.30718957677437947,-0.07471088242971607,-1.3218915026404396,-1.5705712914066574,0.1807489198271746,-0.0031204992798946458,0.015602496399419928,-0.0024003840614497964,-0.23123800000000005,0.05608099999999999,-0.903942,0.12010100000000001,0.026231999999999978,-0.953503,0.35133900000000007,0.029849000000000014,0.049560999999999966,0.0043900000000000605,0.9731807877066854,0.0043900000000000605,0.9956099999999999,0.02681921229331463,-0.903942
300,1.25,walk,1.712237,-0.439478,0.981575,-0.990085,-0.135563,-0.036477,-0.5505159587233023,-0.3057355411567045,-0.04727621790256809,-0.17636144229256207,0.3868654276377783,-0.17718956589507656,-1.251979841612668,-1.6270698344132366,0.16006719462442906,0.009599232061444612,-0.003119750419962838,-0.0014398848092150266,-0.23416100000000006,0.05057499999999998,-0.9030779999999999,0.12243500000000007,0.02749299999999999,-0.9533119999999999,0.35659600000000014,0.02308199999999999,0.050234,0.0,0.9830072427915653,0.0,1.0,0.01699275720843474,-0.9030779999999999
301,1.254167,walk,1.709928,-0.440778,0.981307,-0.990138,-0.13551,-0.035245,-0.554115670746364,-0.3119750419966435,-0.06431485481159897,-0.18817949295878938,0.5716034980155412,-0.02971641427432714,-1.270218382529386,-1.5349172066234615,0.1629469642428591,0.0067194624429845855,-0.007199424046083459,0.009119270458363223,-0.23714499999999994,0.04547899999999999,-0.902131,0.1247720000000001,0.028762999999999983,-0.953006,0.36191700000000004,0.01671600000000001,0.050875000000000004,0.0,0.9776303792430956,0.0,1.0,0.022369620756904407,-0.902131
302,1.258333,walk,1.708284,-0.441834,0.981006,-0.990134,-0.13568,-0.034737,-0.3946231397023575,-0.25348055688910914,-0.07225156024964079,-0.17566595738510543,0.22189453914088758,0.07724514517761319,-1.228996639462349,-1.582573211713919,0.16082573211714385,0.0026404224675908618,-0.006961113778204992,0.0033605376860298816,-0.24062099999999997,0.03994199999999998,-0.9011600000000001,0.12642700000000007,0.029789999999999983,-0.9526910000000001,0.36704800000000004,0.010151999999999994,0.051530999999999993,0.0,0.9863860621482062,0.0,1.0,0.013613937851793767,-0.9011600000000001
303,1.2625,walk,1.705955,-0.443114,0.980905,-0.990165,-0.135558,-0.03433,-0.5589152867770064,-0.3071754259659212,-0.024238060955127663,-0.02786272181831935,0.1937371923362223,-0.05924824225965574,-1.235901127909755,-1.5200383969282223,0.13390928725701912,0.0033597312214922927,-0.0016798656107461464,0.005519558435324824,-0.24344200000000016,0.03488800000000003,-0.900501,0.12876999999999983,0.031063000000000007,-0.952567,0.372212,0.003825000000000023,0.05206600000000006,0.0,0.988872548001576,0.0,1.0,0.01112745199842402,-0.900501
304,1.266667,walk,1.703876,-0.444285,0.9807,-0.990183,-0.135545,-0.033858,-0.49892008639312413,-0.2810175185985046,-0.04919606431485701,-0.022929670480456094,0.2256788281188494,-0.006084309592132593,-1.1804655627549456,-1.5483561315094707,0.15286777057835224,0.0033597312214922927,-0.0019198464122889224,0.006239500839933169,-0.2462819999999999,0.029606999999999994,-0.899659,0.13086299999999995,0.03222599999999998,-0.9523360000000001,0.37714499999999984,0.0026189999999999825,0.052677000000000085,0.0,0.9877633321008155,0.0,1.0,0.012236667899184539,-0.899659
305,1.270833,walk,1.701701,-0.445594,0.980337,-0.990264,-0.135277,-0.032584,-0.5220835333653333,-0.3142102736437755,-0.08713394143062704,-0.254602547053201,0.5834239729618995,-0.13596928531993127,-1.1999519923187323,-1.4707153144502703,0.1250600096015313,0.0019203072491617336,-0.0004800768122904334,0.003120499279884486,-0.24910599999999983,0.024789000000000005,-0.898775,0.133046,0.03353299999999998,-0.95196,0.3821519999999998,0.008743999999999974,0.05318500000000004,0.0,0.9938410928475181,0.0,1.0,0.006158907152481907,-0.898775
306,1.275,walk,1.699405,-0.446792,0.980008,-0.99032,-0.135157,-0.03139,-0.5509959203263639,-0.2874970002400017,-0.07895368370531287,-0.2097876396248219,0.5502947240335252,-0.06275065983824557,-1.1408687305016472,-1.524358051355967,0.1046316294696486,0.0004799616030855778,0.013438924886009852,0.010319174466043517,-0.2515640000000001,0.019635000000000014,-0.89801,0.1353439999999999,0.03478700000000001,-0.951588,0.38690800000000003,0.015151999999999999,0.053578000000000015,0.0,0.9717491186522489,0.0,1.0,0.02825088134775111,-0.89801
307,1.279167,walk,1.697005,-0.448162,0.979813,-0.990405,-0.13468,-0.030767,-0.5759539236860906,-0.3287736981041449,-0.04679625629948254,-0.17455073157805137,0.279002078333282,-0.235582609614582,-1.0897528197743873,-1.5423566114710745,0.10319174466042634,0.003839692824577845,0.0014398848092166917,0.002879769618430053,-0.25370500000000007,0.01457799999999998,-0.8973850000000001,0.13775999999999988,0.036163,-0.951381,0.39146499999999995,0.02158500000000002,0.05399599999999993,0.0,0.991648422919033,0.0,1.0,0.00835157708096701,-0.8973850000000001
308,1.283333,walk,1.694505,-0.449451,0.979618,-0.990434,-0.134618,-0.030101,-0.600096015362482,-0.30940950552087115,-0.04680748919828394,-0.02697912011945969,0.3192645907244788,-0.029766665429792692,-1.0955352856456764,-1.4843975036005277,0.08713394143062704,-0.0009601536245542171,0.004320691310613901,0.0043206913106097365,-0.2557689999999999,0.009682999999999997,-0.896827,0.14025600000000016,0.03747,-0.951168,0.39602500000000007,0.027787000000000006,0.05434099999999997,0.0,0.989691071590076,0.0,1.0,0.010308928409924034,-0.896827
309,1.2875,walk,1.692609,-0.450621,0.979315,-0.990443,-0.134645,-0.029662,-0.45500359971199505,-0.2807775377969752,-0.07271418286535634,-0.00214897909716612,0.21239031563253988,0.01380401512797667,-1.080153587712996,-1.4758819294456305,0.05015598752099814,0.0026397888168906074,0.0026397888168906074,0.006959443244540683,-0.2583740000000001,0.004703000000000013,-0.8963150000000001,0.14216300000000004,0.03865099999999999,-0.950836,0.40053700000000014,0.03394799999999998,0.05452099999999993,0.0,0.9868374668651314,0.0,1.0,0.013162533134868593,-0.8963150000000001
310,1.291667,walk,1.690265,-0.451852,0.978874,-0.99052,-0.134416,-0.028158,-0.5625149988001513,-0.29541636669067395,-0.10583153347733258,-0.29182309382314214,0.6895692237177067,-0.1171787151253073,-1.058075353971703,-1.4473242140629432,0.0575953923686108,0.0028797696184068937,0.0033597312215057932,0.004799616030717566,-0.26043899999999987,-9.700000000001374e-05,-0.895634,0.14451900000000006,0.03989599999999999,-0.950375,0.40495799999999993,0.039993,0.05474099999999993,0.0,0.9891196940175047,0.0,1.0,0.010880305982495342,-0.895634
311,1.295833,walk,1.687735,-0.453181,0.978697,-0.990567,-0.134178,-0.027641,-0.607297167546772,-0.3190110417666798,-0.04248679788765672,-0.07634198272252105,0.24058360938142617,-0.11673518368433998,-1.0475276044166864,-1.416946711473795,0.027364378300528052,0.006481036965914188,-0.0012001920307327459,0.0012001920307252506,-0.262273,-0.004670999999999981,-0.895343,0.14707599999999998,0.04121999999999998,-0.9501930000000001,0.40934899999999996,0.04589099999999996,0.054850000000000065,0.0,0.9888339848480115,0.0,1.0,0.011166015151988451,-0.895343
312,1.3,walk,1.68561,-0.454479,0.978303,-0.990593,-0.134142,-0.026883,-0.5099592032637188,-0.31149508039357127,-0.09455243580513618,-0.12159290803081228,0.3508593253631889,-0.019719109882807645,-1.0235181185504993,-1.4074874010079108,0.0059995200383962215,0.005519558435350634,0.0014398848092166917,0.003359731221502284,-0.264413,-0.009237999999999968,-0.894924,0.14922400000000002,0.042524000000000006,-0.949785,0.41363700000000003,0.051761999999999975,0.05486099999999994,0.0,0.9889663913093524,0.0,1.0,0.011033608690647623,-0.894924
313,1.304167,walk,1.683181,-0.455787,0.978048,-0.990647,-0.133854,-0.026321,-0.5829133669306445,-0.3138948884089191,-0.061195104391649456,-0.04062522228532443,0.26720532062129226,-0.13984031511170725,-0.9832013438924853,-1.3933285337173,-0.015358771298294728,0.005519558435297348,0.009359251259901835,0.00431965442764508,-0.266081,-0.013736000000000026,-0.894733,0.15167599999999992,0.04387099999999999,-0.949512,0.41775699999999993,0.05760700000000002,0.05477900000000002,0.0,0.9805120746899159,0.0,1.0,0.019487925310084142,-0.894733
314,1.308333,walk,1.680693,-0.457041,0.977615,-0.990704,-0.133676,-0.025114,-0.5972155544887446,-0.3010081613058113,-0.10393662986078443,-0.2784675268853648,0.5475614428873631,-0.09203769933242101,-0.9704752760441967,-1.3730196831493402,-0.06192990878540591,0.0052808449351817235,0.0,0.003600576092175111,-0.267636,-0.01820200000000005,-0.894558,0.15418599999999993,0.04512499999999997,-0.949064,0.4218219999999999,0.06332700000000002,0.054506000000000054,0.0,0.9893474740313001,0.0,1.0,0.010652525968699922,-0.894558
315,1.3125,walk,1.678266,-0.458508,0.9772,-0.990823,-0.132953,-0.024259,-0.582433405327559,-0.3520518358531414,-0.09959203263740125,-0.2179376042060859,0.3856803763943697,-0.3547616994559943,-0.9582433405327293,-1.3410127189824668,-0.07919366450684145,0.0023998080153744745,0.006719462443011228,0.006239500839933169,-0.26920199999999994,-0.022322999999999982,-0.894473,0.15662299999999996,0.04662000000000005,-0.948623,0.4258249999999999,0.06894300000000003,0.05415000000000003,0.0,0.9842025296711062,0.0,1.0,0.01579747032889378,-0.894473
316,1.316667,walk,1.675703,-0.459855,0.977025,-0.990826,-0.132976,-0.024001,-0.6150707943364707,-0.32325413966882094,-0.04199664026876023,0.09739927463861295,0.1380203860532451,0.013801202416204179,-0.944564434845244,-1.3172546196304113,-0.12790976721861957,0.0026397888168906074,0.006239500839925676,0.007199424046075965,-0.270575,-0.02646499999999996,-0.894831,0.15919700000000003,0.04799300000000001,-0.948418,0.42977200000000004,0.07445799999999997,0.05358699999999994,0.0,0.9835234541844382,0.0,1.0,0.016476545815561794,-0.894831
317,1.320833,walk,1.673354,-0.461095,0.976658,-0.990869,-0.132747,-0.02352,-0.5638502160345644,-0.2976476236197781,-0.08809409505521261,-0.11706687132300861,0.21761359308616246,-0.1132876551358279,-0.9215074411905966,-1.2866058569371508,-0.15794527124340443,0.0007201152184290261,0.0014402304368713768,0.006481036965914533,-0.272065,-0.03058500000000003,-0.895122,0.16154899999999994,0.04923899999999998,-0.948024,0.43361399999999994,0.079824,0.052902000000000005,0.0,0.9888698769857234,0.0,1.0,0.011130123014276627,-0.895122
318,1.325,walk,1.670925,-0.46242,0.976,-0.990918,-0.132668,-0.021886,-0.5829133669306445,-0.3179745620350397,-0.15790736741061734,-0.425709224033848,0.7345332281244349,-0.04665557510984757,-0.9076073914086689,-1.2294216462682865,-0.1831053515718728,0.0023998080153744745,0.007679385649142368,0.0026397888168947707,-0.27341799999999994,-0.034383,-0.895227,0.16398800000000002,0.050595999999999974,-0.947355,0.43740599999999996,0.08497899999999997,0.05212799999999995,0.0,0.985887306004019,0.0,1.0,0.01411269399598103,-0.895227
319,1.329167,walk,1.668365,-0.463838,0.975744,-0.991009,-0.13201,-0.021731,-0.6143508519318157,-0.3402927765778651,-0.06143508519319223,0.003636093621819549,0.07603252813357558,-0.3184839240502496,-0.871370290376802,-1.2179025677945796,-0.24262059035276945,0.0019198464122889224,0.007199424046083459,0.005999520038397054,-0.2744890000000002,-0.038040000000000074,-0.895982,0.16655599999999993,0.05204399999999998,-0.947074,0.44104500000000013,0.09008400000000005,0.051092000000000026,0.0,0.9840563703479666,0.0,1.0,0.015943629652033442,-0.895982
320,1.333333,walk,1.665827,-0.465247,0.975324,-0.991085,-0.131557,-0.021014,-0.609217474795987,-0.33821411425828385,-0.10081613058088441,-0.2172755327202425,0.31872560448412235,-0.22369296969466115,-0.8355736917906265,-1.1953912626019798,-0.2858857417186666,0.0052808449351814425,0.0040806529044620215,0.006481036965914188,-0.2754319999999999,-0.04161100000000001,-0.8967529999999999,0.16911600000000004,0.05347000000000002,-0.946627,0.44454799999999994,0.09508100000000003,0.049874000000000085,0.0012599999999999834,0.9844952613417639,0.0012599999999999834,0.99874,0.015504738658236095,-0.8967529999999999
321,1.3375,walk,1.663173,-0.466581,0.974751,-0.991147,-0.131289,-0.019785,-0.6369090472762312,-0.32013438924887516,-0.1375089992800482,-0.2847083132415039,0.5575378401736065,-0.13518443520833542,-0.824334053275794,-1.1331893448524646,-0.3342932565394934,0.0088792896568434,0.0019198464122890248,0.005279577633789822,-0.27621300000000004,-0.04499900000000001,-0.8975730000000001,0.17180700000000004,0.05481200000000003,-0.946032,0.4480200000000001,0.09981100000000004,0.04845899999999992,0.01541000000000009,0.9824879775385817,0.01541000000000009,0.9845899999999999,0.017512022461418253,-0.8975730000000001
322,1.341667,walk,1.660788,-0.467904,0.974342,-0.991183,-0.131078,-0.019359,-0.5723542116630822,-0.31749460043195415,-0.09815214782817125,-0.09383016684935179,0.19392714478287598,-0.10388165664937717,-0.7868970482361427,-1.0741540676745598,-0.3810895128389681,0.009599232061444612,-0.0007199424046150068,0.005759539236860939,-0.277107,-0.04815199999999997,-0.898752,0.17423200000000016,0.05613199999999996,-0.9455990000000001,0.45133900000000016,0.10428399999999993,0.04684700000000008,0.03153,0.9813039022597725,0.03153,0.9684699999999999,0.018696097740227513,-0.898752
323,1.345833,walk,1.658208,-0.469268,0.973789,-0.991237,-0.130807,-0.018395,-0.6192990878540461,-0.32741238598175576,-0.13274123859817824,-0.3603183950900117,0.41932621595424635,-0.13800581558753622,-0.7618819011041582,-1.0655304848775708,-0.4241478636581748,0.009361497839630138,-0.00744119059048173,0.007681228996638606,-0.277701,-0.05122700000000002,-0.899966,0.1768510000000001,0.057465000000000044,-0.945014,0.45455200000000007,0.10869200000000007,0.04504799999999998,0.04951999999999995,0.9763116157096121,0.04951999999999995,0.95048,0.023688384290387887,-0.899966
324,1.35,walk,1.65557,-0.470631,0.973022,-0.991318,-0.130433,-0.016595,-0.6330693544516194,-0.3270938324933988,-0.18406527477800727,-0.40134087020481146,0.8185725145004619,-0.18851665288659936,-0.7067434605231468,-0.9892008639308681,-0.45932325413966507,0.004799616030695663,0.003839692824564523,0.002879769618430886,-0.27800800000000003,-0.05398599999999998,-0.901113,0.17950899999999992,0.05884400000000001,-0.944235,0.45751699999999995,0.11282999999999999,0.043121999999999994,0.06878000000000001,0.9886871965253277,0.06878000000000001,0.9312199999999999,0.01131280347467234,-0.901113
325,1.354167,walk,1.652905,-0.472047,0.972715,-0.991391,-0.129867,-0.016633,-0.639548836093122,-0.33981281497481103,-0.07367410607153138,-0.109181870805678,-0.03296755068844748,-0.27580031576452285,-0.7024238060955209,-0.9124070074394398,-0.45812335013200894,-0.0031197504199230396,0.013918886489082108,0.017278617710583737,-0.27827,-0.05637199999999998,-0.9027149999999999,0.18216100000000002,0.06031799999999998,-0.943856,0.46043100000000003,0.11668999999999996,0.041141000000000094,0.08858999999999989,0.9626570371880434,0.08858999999999989,0.91141,0.03734296281195659,-0.9027149999999999
326,1.358333,walk,1.650241,-0.473455,0.971999,-0.991456,-0.129516,-0.015418,-0.6394623139702177,-0.33797407585213196,-0.17186749879981525,-0.5117383967138364,0.5211466637903917,-0.1790293679248632,-0.6392222755640924,-0.890782525204013,-0.5096015362457853,0.019203072491564034,-0.014402304368699676,0.005520883341334987,-0.2782690000000001,-0.05867499999999998,-0.904122,0.18490499999999988,0.061666,-0.943117,0.463174,0.12034099999999998,0.038995,0.11004999999999998,0.9589490656110689,0.11004999999999998,0.88995,0.04105093438893115,-0.904122
327,1.3625,walk,1.647375,-0.474823,0.9714,-0.991529,-0.129089,-0.014172,-0.6877849772018271,-0.3282937365010727,-0.14374850011996654,-0.30216638844200366,0.5633017156797399,-0.21239875700315983,-0.6222702183825408,-0.7530597552195705,-0.44732421406287265,0.0033597312214922927,0.00767938564915569,0.005279577633788709,-0.27799600000000013,-0.06044499999999997,-0.905387,0.18778499999999987,0.06306600000000001,-0.942496,0.465781,0.12351099999999998,0.03710899999999995,0.12890999999999997,0.9834895068870051,0.12890999999999997,0.87109,0.016510493112994906,-0.905387
328,1.366667,walk,1.644637,-0.476275,0.970847,-0.991561,-0.128893,-0.013579,-0.6570674346052576,-0.34845212383009305,-0.1327093832493452,-0.374209336001626,0.23808811994918866,-0.10077238377991984,-0.548356131509444,-0.6071514278857723,-0.3875689944804399,-0.005519558435297348,0.021118310535151504,0.003359731221502284,-0.2775429999999999,-0.061522999999999994,-0.9064490000000001,0.1905000000000001,0.064606,-0.941929,0.468043,0.126129,0.035479999999999956,0.14520000000000005,0.9631920766734596,0.14520000000000005,0.8548,0.03680792332654037,-0.9064490000000001
329,1.370833,walk,1.641716,-0.477671,0.970161,-0.991643,-0.128359,-0.012372,-0.7011521843495024,-0.33509361497840723,-0.1646663466154542,-0.440005274118541,0.5263545329395558,-0.2661028266721364,-0.4260681709073759,-0.5252040326452291,-0.40854536725877083,0.0052808449351817235,0.006240998559775966,0.0038406144983203403,-0.276397,-0.062314999999999954,-0.9074650000000001,0.19344300000000003,0.06602800000000003,-0.941227,0.46984000000000004,0.12834299999999998,0.03376199999999996,0.16238000000000002,0.9849456811311994,0.16238000000000002,0.83762,0.015054318868800598,-0.9074650000000001
330,1.375,walk,1.639314,-0.478984,0.969469,-0.991649,-0.128361,-0.011668,-0.5764338852891762,-0.3150947924166063,-0.16606671466283193,-0.3389377407993967,0.29685035578058744,-0.004404492876925415,-0.37485001199899914,-0.34989200863932307,-0.2502999760019185,0.005279577633781215,0.0047996160307089844,0.0031197504199661683,-0.27555699999999983,-0.062460000000000016,-0.9078160000000001,0.195867,0.067361,-0.9405220000000001,0.47142399999999984,0.12982100000000002,0.03270600000000001,0.17294000000000004,0.9870210537240498,0.17294000000000004,0.8270599999999999,0.012978946275950198,-0.9078160000000001
331,1.379167,walk,1.636441,-0.480436,0.968852,-0.991734,-0.127715,-0.011152,-0.6894648428125466,-0.34845212383007973,-0.14806815454762995,-0.4073249946908126,0.19558148502435405,-0.3182721262130018,-0.23806095512361322,-0.3698104151667873,-0.2042236621070293,0.004319654427663397,0.006239500839938998,0.002399808015358655,-0.27367600000000003,-0.06254900000000008,-0.90805,0.198758,0.06883899999999998,-0.939895,0.472434,0.13138800000000006,0.03184500000000001,0.18155000000000004,0.9867345620735886,0.18155000000000004,0.8184499999999999,0.013265437926411439,-0.90805
332,1.383333,walk,1.633609,-0.481885,0.968123,-0.99179,-0.127339,-0.010031,-0.679788766202597,-0.34781565050409774,-0.17498799807971904,-0.43937060873630085,0.48505966326150685,-0.18947485876139963,-0.25372059529527435,-0.29308689390301207,-0.22611617858858132,0.007681228996647344,0.0033605376860332127,0.002640422467595026,-0.27190100000000017,-0.06232099999999996,-0.9082629999999999,0.20162199999999997,0.07030200000000003,-0.939155,0.47352300000000014,0.132623,0.03089200000000003,0.19108000000000008,0.9853497892273821,0.19108000000000008,0.8089199999999999,0.014650210772617855,-0.9082629999999999
333,1.3875,walk,1.630702,-0.483296,0.967542,-0.991843,-0.126901,-0.009887,-0.6976241900647878,-0.338612910967119,-0.1394288456923298,-0.3173804308127043,0.02762127565360391,-0.21529837504998406,-0.2740580753539639,-0.31437485001200466,-0.20566354691624433,0.0043196544276101105,0.005519558435323991,0.000479961603071398,-0.27013600000000015,-0.06222,-0.908539,0.2045469999999998,0.07173600000000002,-0.938572,0.47468299999999997,0.13395600000000002,0.030032999999999976,0.19967000000000001,0.9882911117764525,0.19967000000000001,0.80033,0.011708888223547542,-0.908539
334,1.391667,walk,1.627712,-0.484748,0.966796,-0.991899,-0.126505,-0.008752,-0.7175425965922787,-0.34845212383009305,-0.17902567794576885,-0.4160135878140696,0.49466071995938254,-0.19905321397027614,-0.2814974802015502,-0.2985361171106344,-0.3544516438684876,0.00623950083995232,0.00455963522917953,0.0019198464122872573,-0.268319,-0.06201200000000001,-0.90927,0.20756299999999994,0.07320700000000002,-0.937818,0.4758819999999999,0.13521900000000003,0.028548000000000018,0.21452,0.9867285336988509,0.21452,0.78548,0.01327146630114906,-0.90927
335,1.395833,walk,1.624762,-0.486195,0.966168,-0.991938,-0.126174,-0.00855,-0.708113298127683,-0.3473355736917754,-0.15074411905903617,-0.36168843968514397,0.05041323947832799,-0.16380405457807082,-0.2162746039366337,-0.3876620259241185,-0.397743638982226,0.004320691310627225,0.004560729716752455,0.003120499279884486,-0.26627,-0.06217999999999996,-0.910299,0.21053100000000002,0.07467299999999999,-0.937177,0.47680100000000003,0.13685299999999995,0.02687800000000007,0.23121999999999998,0.9883088180539112,0.23121999999999998,0.76878,0.011691181946088758,-0.910299
336,1.4,walk,1.62171,-0.487655,0.965523,-0.991977,-0.125883,-0.008011,-0.7324214062875436,-0.35037197024240063,-0.1547876169906494,-0.14984095462020994,0.2405535885294114,-0.1440396976112144,-0.19702423806095468,-0.3614110871130492,-0.42452603791698595,0.005759539236867074,0.00623950083993933,0.003839692824574719,-0.2640389999999999,-0.06222599999999995,-0.911423,0.2136070000000001,0.07615900000000003,-0.936516,0.477646,0.13838499999999998,0.025093000000000032,0.24907,0.9844680522846452,0.24907,0.75093,0.015531947715354821,-0.911423
337,1.404167,walk,1.618754,-0.489164,0.96484,-0.992025,-0.125481,-0.007559,-0.7093832493400375,-0.36213102951763165,-0.16390688744900023,-0.360751995954499,0.1712275632455682,-0.1988298576735695,-0.1526277897768361,-0.37652987760979856,-0.3813294936405059,0.0033597312214922927,0.0002399808015294545,0.0011999040076789112,-0.26171900000000003,-0.06228600000000001,-0.9123290000000001,0.21657700000000002,0.07766899999999999,-0.935828,0.47829600000000005,0.139955,0.023498999999999937,0.26500999999999997,0.9940406109808376,0.26500999999999997,0.73499,0.0059593890191623755,-0.9123290000000001
338,1.408333,walk,1.615638,-0.490611,0.964161,-0.992067,-0.125174,-0.007008,-0.7479596735477757,-0.34733557369178875,-0.16298607777243557,-0.08047188279450337,0.2550763396533355,-0.1515214990083906,-0.1685069611137689,-0.35909745559289774,-0.36173787806048013,-0.004320691310627225,0.005520883341333322,0.0057609217474793705,-0.2593049999999999,-0.06233500000000003,-0.913157,0.21967500000000006,0.07913900000000001,-0.9351250000000001,0.47897999999999996,0.14147400000000004,0.0219680000000001,0.28032,0.9848767337402374,0.28032,0.71968,0.015123266259762569,-0.913157
339,1.4125,walk,1.61288,-0.4921,0.963405,-0.992048,-0.125318,-0.006423,-0.6618670506358999,-0.35733141348690933,-0.1814254859611433,-0.28950467494435084,0.24710181250137853,0.06532501479857103,-0.1593472522198207,-0.3342932565394689,-0.32661387089032656,-0.0011999040076872372,0.003359731221505614,0.002879769618430886,-0.2572110000000001,-0.062239000000000044,-0.913762,0.22242799999999985,0.08064199999999999,-0.934357,0.4796389999999999,0.14288100000000004,0.02059500000000003,0.29405000000000003,0.9923586220404117,0.29405000000000003,0.70595,0.0076413779595883025,-0.913762
340,1.416667,walk,1.609837,-0.493584,0.962761,-0.992098,-0.124947,-0.006052,-0.7302615790737383,-0.35613150947926775,-0.15454763618910664,0.029058238392930053,0.1813820340126207,-0.1810708456549941,-0.1269498440124852,-0.3261339092872717,-0.3093352531797594,-0.0014398848092034469,0.0009599232061445124,0.0004799616030714236,-0.25469699999999995,-0.062114,-0.914407,0.22546500000000003,0.08213000000000004,-0.933711,0.480162,0.14424400000000004,0.019303999999999988,0.30696,0.9970069135375128,0.30696,0.69304,0.0029930864624871933,-0.914407
341,1.420833,walk,1.606508,-0.49523,0.962075,-0.992158,-0.124488,-0.00501,-0.7990878540566069,-0.39510321651462693,-0.16466634661544544,-0.23425901826985854,0.47250043947296316,-0.22809898657217434,-0.10729716754682525,-0.33365338454151805,-0.31180988958232503,-0.025444071051352993,0.012722035525676497,0.020403264522323432,-0.2518150000000001,-0.061858000000000024,-0.9150200000000001,0.228688,0.08382899999999999,-0.93294,0.4805030000000001,0.145687,0.017919999999999936,0.32080000000000003,0.9416537123253002,0.32080000000000003,0.6792,0.05834628767469985,-0.9150200000000001
342,1.425,walk,1.603249,-0.496833,0.961654,-0.992208,-0.124114,-0.005369,-0.7820974322054471,-0.3846892248620132,-0.10103191744660463,0.2792603796560553,-0.14042775512950517,-0.17806355950778338,-0.10127189824812076,-0.3002159827213805,-0.3165346772258197,-0.00455963522917953,0.0019198464122889224,0.009119270458363223,-0.24897799999999992,-0.061506000000000005,-0.915918,0.23192800000000013,0.08544000000000002,-0.932481,0.48090600000000006,0.14694600000000002,0.016562999999999994,0.33437000000000006,0.982708610254207,0.33437000000000006,0.6656299999999999,0.01729138974579303,-0.915918
343,1.429167,walk,1.600674,-0.498356,0.960515,-0.99219,-0.124277,-0.003229,-0.6179505639548775,-0.3654907607391373,-0.2733381329493622,-0.4480032630021676,0.9797799512985544,0.06723081713930162,-0.06263498920087947,-0.3069354451643651,-0.29229661627069536,-0.006719462443037872,-0.003119750419962838,0.010319174466042134,-0.246664,-0.06126199999999993,-0.915997,0.234475,0.08695000000000003,-0.931299,0.481139,0.14821199999999995,0.015302000000000038,0.34697999999999996,0.9788281253213615,0.34697999999999996,0.65302,0.021171874678638458,-0.915997
344,1.433333,walk,1.597367,-0.499763,0.960157,-0.992148,-0.124694,-0.00343,-0.7938070091214677,-0.3377340374459981,-0.08593374939989888,0.5331962991303038,-0.028385079981081286,0.20381280564716134,-0.0645703312529668,-0.2556409025444362,-0.28276524243879886,-0.006961113778165018,-0.005520883341333616,0.012001920307249815,-0.2436259999999999,-0.06092000000000003,-0.916817,0.2377530000000001,0.08833400000000002,-0.930891,0.481379,0.14925400000000005,0.014074000000000031,0.35926,0.9751122883421719,0.35926,0.64074,0.024887711657828104,-0.916817
345,1.4375,walk,1.594221,-0.501648,0.959103,-0.992262,-0.123769,-0.000893,-0.7549796016318328,-0.45236381089511774,-0.2529397648188124,-0.4936292866220966,1.1610615872894785,-0.4595141271794078,-0.07295416366692577,-0.22078233741298628,-0.2699784017278583,-0.005519558435350634,-0.008399328053757375,0.018238540916726446,-0.2407840000000001,-0.05995499999999998,-0.916888,0.24087599999999987,0.09018399999999999,-0.9297610000000001,0.48166,0.15013899999999997,0.012873000000000023,0.37127,0.9652925475563168,0.37127,0.62873,0.03470745244368323,-0.916888
346,1.441667,walk,1.591219,-0.503051,0.95862,-0.992194,-0.124403,-0.000808,-0.7204223662107387,-0.3366930645548434,-0.11591072714183046,0.5277574960545002,0.10995934074045031,0.30606191138926714,-0.0818334533237154,-0.19774418046557252,-0.2817374610031179,-0.017518598512116436,-0.013918886489081366,0.027357811375089667,-0.23812299999999986,-0.059375999999999984,-0.917579,0.24380500000000005,0.09152900000000003,-0.929164,0.4819279999999999,0.150905,0.011584999999999956,0.38415,0.9410959693380729,0.38415,0.61585,0.058904030661927065,-0.917579
347,1.445833,walk,1.588395,-0.505121,0.957733,-0.992302,-0.123514,0.001057,-0.6778684589534352,-0.496879500720132,-0.21291406625062534,-0.2734944039696862,0.864276909647418,-0.4377886821487382,0.0720115218434889,-0.3214114258281358,-0.0780124819971213,-0.012722035525703826,-0.01512241958712947,0.022803648583774316,-0.23499899999999996,-0.05864499999999995,-0.917017,0.2465759999999999,0.09353600000000006,-0.928182,0.48157499999999986,0.152181,0.01116499999999998,0.38835,0.9497079597965062,0.38835,0.61165,0.05029204020349376,-0.917017
348,1.45,walk,1.58475,-0.506474,0.957043,-0.992257,-0.123881,0.002994,-0.8747300215982411,-0.3246940244780243,-0.16558675305974638,0.15949239025221487,0.9582829587722634,0.16880103215950798,-0.0335973122150295,-0.22822174226062583,-0.2577393808495314,-0.01703863690903088,-0.02183825293976651,0.027117830573553554,-0.2314940000000001,-0.058243000000000045,-0.917401,0.2501499999999999,0.094798,-0.927379,0.48164399999999996,0.15304100000000004,0.009977999999999931,0.40022,0.9353943334486705,0.40022,0.59978,0.06460566655132949,-0.917401
349,1.454167,walk,1.581413,-0.508593,0.954431,-0.99201,-0.125172,0.011224,-0.8008159347252508,-0.5085193184545155,-0.6268298536116937,-1.7619846917360034,3.766125995971891,0.6001049600530298,-0.031437485001224445,-0.2011039116870648,-0.23494120470362043,-0.017518598512116436,-0.026637868970488816,0.0403167746580274,-0.22828800000000005,-0.05696200000000007,-0.915768,0.25341400000000003,0.09680599999999995,-0.9245990000000001,0.4817020000000001,0.15376800000000002,0.008831000000000033,0.41169,0.9143339870980877,0.41169,0.58831,0.08566601290191234,-0.915768
350,1.458333,walk,1.578718,-0.510263,0.953568,-0.991948,-0.12545,0.013326,-0.646903504560686,-0.40086413826212547,-0.2071531445031288,-0.1232411448277881,1.0031144949032798,0.12490304519425335,-0.022323571771458516,-0.20691310609695027,-0.2306769083053234,-0.023283725396066032,-0.028804608737399352,0.03624579932789108,-0.22568600000000005,-0.056153999999999926,-0.915866,0.2560119999999999,0.098356,-0.923585,0.48169799999999996,0.15450999999999993,0.007719000000000031,0.42281,0.9136287837015932,0.42281,0.57719,0.08637121629840683,-0.915866
351,1.4625,walk,1.575438,-0.512172,0.952736,-0.991984,-0.124926,0.015746,-0.7871370290377542,-0.4581233501319956,-0.19966402687784543,0.08298846214198279,1.1784600992992988,-0.26764003240884865,-0.007439404847639953,-0.19198464122871597,-0.23806095512360095,-0.027597792176594783,-0.029277657787367663,0.037916966642670774,-0.222437,-0.05504500000000001,-0.916026,0.2591770000000002,0.10014299999999998,-0.922595,0.4816140000000002,0.155188,0.006569000000000047,0.43431000000000003,0.9078570594444857,0.43431000000000003,0.56569,0.09214294055551431,-0.916026
352,1.466667,walk,1.572334,-0.514034,0.951859,-0.991966,-0.124738,0.018097,-0.7449004079673559,-0.4468442524598071,-0.21046316294696663,-0.21865626312384437,1.1089320105264766,-0.09918661044870508,-0.009359251259875193,-0.1665466762659175,-0.21406287497000004,-0.030477561795106627,-0.03455723542117396,0.046556275497959744,-0.2193719999999999,-0.053877000000000064,-0.916041,0.262154,0.10186099999999998,-0.921524,0.4815259999999999,0.15573800000000004,0.005483000000000016,0.4928663120750258,0.8908292484075861,0.4928663120750258,0.5071336879249742,0.10917075159241385,-0.916041
353,1.470833,walk,1.569377,-0.515978,0.951125,-0.991977,-0.124366,0.020237,-0.7097935669706662,-0.4666346615458482,-0.17618819011041584,0.08773474234472116,1.0446398149565435,-0.1928676371028538,-0.004320691310627225,-0.1483437349975707,-0.19923187710033163,-0.03192510801726718,-0.040806529044646864,0.05424867978876484,-0.2164330000000001,-0.0525509999999999,-0.916137,0.26497799999999994,0.10363500000000003,-0.920564,0.48141100000000003,0.15618599999999994,0.00442700000000007,0.541678631275482,0.8749743960288119,0.541678631275482,0.458321368724518,0.12502560397118812,-0.916137
354,1.475,walk,1.566421,-0.51796,0.950404,-0.991992,-0.123954,0.022094,-0.7093832493400375,-0.47564194864408765,-0.17302615790735928,0.042819120776695564,0.9017122974491587,-0.20945187185100636,0.0009599232061711044,-0.1348692104631769,-0.21814254859611068,-0.0292776577873661,-0.04607631389488085,0.06407487401007868,-0.21347300000000002,-0.05113100000000004,-0.9163250000000001,0.26781199999999994,0.10542499999999999,-0.9195760000000001,0.48128499999999996,0.15655600000000003,0.003251000000000004,0.5400402079791224,0.8597047020362926,0.5400402079791224,0.45995979202087756,0.14029529796370743,-0.9163250000000001
355,1.479167,walk,1.563856,-0.519495,0.950497,-0.992164,-0.122787,0.021451,-0.6155507559395891,-0.3683705303576036,0.02231821454283993,0.6675572309715759,-0.2334761187953074,-0.5770582152625,0.0011999040076873012,-0.13006959443243488,-0.19846412287017978,-0.03431725461963301,-0.036477081833464826,0.08879289656827831,-0.21090299999999984,-0.050137999999999905,-0.9172450000000001,0.2702340000000001,0.10680800000000001,-0.9192990000000001,0.4811369999999999,0.15694599999999992,0.0020540000000000003,0.5839731438057238,0.8300945528904469,0.5839731438057238,0.41602685619427615,0.16990544710955313,-0.9172450000000001
356,1.483333,walk,1.560986,-0.521326,0.949451,-0.992102,-0.12268,0.024563,-0.6889102256360656,-0.43951032165143206,-0.2510801728276435,-0.33293672571694566,1.4641567608381985,-0.056997059344080676,-0.004320691310627225,-0.13226116178590114,-0.2071531445031138,-0.04008641382621787,-0.10633701392221773,0.15722515602495954,-0.20805099999999999,-0.04885800000000007,-0.917062,0.272937,0.10819599999999996,-0.917598,0.48098799999999997,0.15705400000000003,0.0005359999999999809,0.584951403597921,0.6766742664535174,0.584951403597921,0.41504859640207903,0.32332573354648264,-0.917062
357,1.4875,walk,1.557979,-0.523155,0.948479,-0.99202,-0.122621,0.027837,-0.7216222702183727,-0.43892488600913526,-0.23326133909289093,-0.3523914508072527,1.5400918838186497,-0.03338512201897853,0.011519078473733534,-0.16438684905205914,-0.1773458123350127,-0.05183585313174762,-0.06263498920086615,0.1430285577153815,-0.20499599999999996,-0.04771399999999992,-0.916829,0.275728,0.10976400000000003,-0.91603,0.48072399999999993,0.15747799999999995,0.0007989999999999942,0.5965177187460738,0.717807794277902,0.5965177187460738,0.40348228125392616,0.282192205722098,-0.91603
358,1.491667,walk,1.555039,-0.524998,0.947612,-0.991941,-0.122586,0.030657,-0.7055435565154596,-0.4422846172306009,-0.20806335493159217,-0.171071012615364,1.3430622524466973,-0.024443186043271697,0.011759059275249667,-0.16678665706743362,-0.18166546676265694,-0.04127669786418519,-0.04559635229180862,0.1631869450443952,-0.20200700000000005,-0.046565999999999996,-0.9167190000000001,0.27849599999999985,0.11141699999999999,-0.914483,0.4805029999999999,0.15798299999999998,0.0022360000000000158,0.5885040628496013,0.6869856990311323,0.5885040628496013,0.41149593715039867,0.31301430096886773,-0.914483
359,1.495833,walk,1.552036,-0.526766,0.946588,-0.991818,-0.122698,0.03386,-0.7208353336534246,-0.42438790206433935,-0.24579932789247513,-0.44455120502765644,1.4958256419550797,0.054251827741643444,0.016562650024027497,-0.1557849255881007,-0.16250600096015796,-0.045367258761401734,-0.07921267402784578,0.2028324531925157,-0.19893499999999986,-0.045447000000000015,-0.916372,0.28130999999999995,0.11285499999999998,-0.912614,0.4802449999999998,0.158302,0.003757999999999928,0.623792814306135,0.5917080724491057,0.5917080724491057,0.376207185693865,0.4082919275508943,-0.912614
360,1.5,walk,1.549162,-0.528597,0.945928,-0.991774,-0.122484,0.035858,-0.689704823614116,-0.43940484761219417,-0.15838732901367625,-0.10087865866032301,0.9533563795698023,-0.10939612514717871,0.006959443244500718,-0.1307895368370563,-0.16126709863210795,-0.0525557955363493,-0.08303335733141597,0.20734341252699715,-0.19603199999999998,-0.044161000000000006,-0.916384,0.283965,0.11434,-0.91109,0.479997,0.158501,0.005294000000000021,0.6537445792741081,0.5646410151427652,0.5646410151427652,0.3462554207258919,0.4353589848572348,-0.91109
361,1.504167,walk,1.54624,-0.530405,0.945361,-0.991739,-0.122209,0.037746,-0.7012239020877962,-0.4338852891768702,-0.1360691144708375,-0.08447131442544474,0.901905930157342,-0.13884172242393195,-0.00767938564915569,-0.09455243580513618,-0.16222702183825158,-0.05015598752097483,-0.09119270458363056,0.19894408447323977,-0.19314200000000015,-0.04274699999999998,-0.916493,0.286678,0.11576800000000004,-0.909694,0.47982000000000014,0.15851500000000002,0.0067989999999999995,0.6867875113568115,0.5578053575308133,0.5578053575308133,0.3132124886431885,0.4421946424691867,-0.909694
362,1.508333,walk,1.543181,-0.532096,0.944337,-0.991581,-0.122462,0.040721,-0.7342774843975575,-0.40590494479117667,-0.24579932789247513,-0.591101073540977,1.3686689821085625,0.1318573424427787,-0.0009601536245542683,-0.0732117138742217,-0.15650504080653305,-0.0612097935670002,-0.09361497839654623,0.21507441190591076,-0.1900869999999999,-0.04136099999999998,-0.916121,0.289482,0.11706900000000003,-0.907774,0.4795689999999999,0.15843000000000002,0.008346999999999993,0.712024766008727,0.5124968410700335,0.5124968410700335,0.287975233991273,0.48750315892996654,-0.907774
363,1.5125,walk,1.540232,-0.533811,0.943707,-0.991538,-0.122142,0.042597,-0.7077033837292647,-0.4115670746340314,-0.1511879049676061,-0.2828350759557992,0.871527749207949,-0.1524851659550766,-0.005279577633781215,-0.059995200383962215,-0.14518838492920488,-0.0818334533237154,-0.09815214782818457,0.22150227981761295,-0.18716,-0.03989599999999993,-0.9160959999999999,0.29208999999999996,0.11837500000000001,-0.9062209999999999,0.47924999999999995,0.15827099999999994,0.009874999999999967,0.738025843474262,0.47504641611284903,0.47504641611284903,0.26197415652573797,0.524953583887151,-0.9062209999999999
364,1.516667,walk,1.537314,-0.535661,0.943012,-0.991479,-0.121855,0.044573,-0.7002639788816784,-0.4439644828413737,-0.16678665706743362,-0.4370635219137006,0.9012689808059102,-0.12996842757185345,0.0043196544276101105,-0.0645548356131684,-0.13006959443244462,-0.09023278137747279,-0.09599232061433954,0.20830333573313994,-0.18422400000000017,-0.03831499999999999,-0.915943,0.294632,0.11982500000000007,-0.904658,0.47885600000000017,0.15814000000000006,0.01128499999999999,0.7578792449391913,0.47636903603016867,0.47636903603016867,0.24212075506080866,0.5236309639698313,-0.904658
365,1.520833,walk,1.53449,-0.537573,0.942611,-0.991571,-0.12078,0.04536,-0.6778684589534524,-0.4589534325491746,-0.09625540086413195,-0.20037828195782925,0.3504388785259585,-0.5155243401312931,-0.0007201152184289877,-0.07777244359097026,-0.12818050888141747,-0.08953432549211919,-0.1265002400384026,0.23043686989917816,-0.18140299999999998,-0.036727000000000065,-0.916076,0.297083,0.12120999999999998,-0.903297,0.47848599999999997,0.15793700000000005,0.012778999999999985,0.750114946396806,0.409368963033644,0.409368963033644,0.24988505360319402,0.590631036966356,-0.903297
366,1.525,walk,1.531229,-0.539011,0.94231,-0.991494,-0.121056,0.046314,-0.7825773938085211,-0.3450923926086191,-0.07223422126230128,-0.022130348217053876,0.46063673442444836,0.12911326661772923,-0.003359731221492472,-0.07607391408687933,-0.12143028557715925,-0.08327333813292322,-0.15838732901368469,0.28197744180466744,-0.17815599999999998,-0.035606000000000027,-0.916281,0.29999700000000007,0.12198800000000004,-0.901821,0.47815300000000005,0.15759400000000007,0.014460000000000028,0.7611146110827701,0.35540000000000005,0.35540000000000005,0.23888538891722988,0.6446,-0.901821
367,1.529167,walk,1.52824,-0.540597,0.942011,-0.991473,-0.120876,0.047269,-0.7173026157907093,-0.3806095512358925,-0.07175425965921188,0.02129142896602489,0.4637873376464123,-0.09363672448685731,-0.010319174466046297,-0.07295416366689912,-0.13966882649387924,-0.09479241660665232,-0.17062634989201145,0.2783777297816157,-0.1752100000000001,-0.03432400000000002,-0.916564,0.30259100000000005,0.122863,-0.900362,0.47780100000000014,0.15718700000000002,0.01620200000000005,0.736813456249001,0.33798000000000006,0.33798000000000006,0.26318654375099904,0.6620199999999999,-0.900362
368,1.533333,walk,1.526194,-0.543208,0.94138,-0.991762,-0.118059,0.047793,-0.49111857897262035,-0.6267402784445412,-0.1514642342774918,-1.0251697570791625,0.11341636339349218,-1.316095061625913,-0.01776284205470606,-0.058329332693227695,-0.12674027844454783,-0.10153624579934005,-0.19515122419586794,0.2986077772443514,-0.173238,-0.031955999999999984,-0.916461,0.304214,0.12466100000000002,-0.898487,0.477452,0.156617,0.017973999999999934,0.7655921894640122,0.32026,0.32026,0.2344078105359878,0.67974,-0.898487
369,1.5375,walk,1.523609,-0.544749,0.936786,-0.990862,-0.11726,0.063634,-0.6203503719702519,-0.3698104151667873,-1.102471802255808,-3.890392335998104,7.202856586407963,-0.28980103112912226,-0.02591792656587381,-0.042476601871845786,-0.10751139908807225,-0.13726901847852474,-0.19438444924405357,0.3249340052795754,-0.17076099999999994,-0.030591999999999953,-0.912315,0.306227,0.12539200000000006,-0.892539,0.47698799999999997,0.155984,0.019776000000000016,0.8025530904132563,0.30223999999999995,0.30223999999999995,0.1974469095867437,0.69776,-0.892539
370,1.541667,walk,1.519717,-0.546047,0.935893,-0.990499,-0.119477,0.063357,-0.934005279577678,-0.3114950803935612,-0.2143028557715559,-2.343703138317778,-0.3863333354046284,1.2330677713875116,-0.02495800335975732,-0.025437964962816254,-0.10223182145428815,-0.14494840412768814,-0.22318214542838596,0.31101511879051064,-0.16697300000000004,-0.029400000000000093,-0.911848,0.309515,0.12575999999999993,-0.89035,0.476488,0.15516000000000002,0.021498000000000017,0.8195581248479739,0.28502000000000005,0.28502000000000005,0.18044187515202614,0.71498,-0.89035
371,1.545833,walk,1.517122,-0.548065,0.9355,-0.990668,-0.117658,0.06359,-0.622899663946191,-0.4843975036005809,-0.09433509361497022,-0.6876921151550297,0.008961615547416315,-0.8377243743331781,-0.025924147863656752,-0.02352376380219126,-0.10729716754680443,-0.1471435429668646,-0.23979836773882496,0.3334133461353729,-0.16448600000000013,-0.02747999999999995,-0.911902,0.3114969999999999,0.12677900000000003,-0.888568,0.47598300000000004,0.15425899999999998,0.023333999999999966,0.8118945990685819,0.26666,0.26666,0.18810540093141814,0.73334,-0.888568
372,1.55,walk,1.514522,-0.550074,0.935208,-0.990797,-0.116132,0.063895,-0.6239500839933136,-0.4821214302855561,-0.07007439404846574,-0.6161110766537403,0.05606919880669414,-0.7011582563777632,-0.029517638588882233,-0.01871850251980367,-0.11063114950803841,-0.15406767458603948,-0.2407007439404905,0.34677225821934027,-0.16200899999999985,-0.025549000000000044,-0.9120710000000001,0.31345500000000004,0.12778499999999993,-0.886831,0.4754639999999999,0.15333399999999997,0.02524000000000004,0.8066312922741914,0.2476,0.2476,0.1933687077258086,0.7524,-0.886831
373,1.554167,walk,1.511905,-0.552045,0.934967,-0.990878,-0.115009,0.064269,-0.6280297576193543,-0.47300215982722366,-0.05783537317015716,-0.4926720899492862,0.10920128054700276,-0.515197915910266,-0.04151667866570132,-0.009359251259901835,-0.108711303095752,-0.1886249100071868,-0.20494360451162932,0.3174946004319625,-0.15956499999999996,-0.023617,-0.912283,0.31528599999999996,0.12890200000000002,-0.885267,0.4748509999999999,0.15251900000000002,0.02701599999999993,0.8054251242926322,0.22984,0.22984,0.19457487570736776,0.77016,-0.885267
374,1.558333,walk,1.509143,-0.553951,0.93488,-0.990978,-0.114044,0.064161,-0.6629860777724975,-0.45751320211234103,-0.02088334133460165,-0.33117846632642767,-0.1034223569194526,-0.4430759638239676,-0.05328852616422762,-0.03264522323572456,-0.10465674507921512,-0.21171387421989252,-0.2436389822371614,0.28324531925108765,-0.15702499999999997,-0.02184700000000006,-0.912632,0.31716600000000006,0.129793,-0.884,0.47419100000000003,0.15164000000000005,0.02863199999999999,0.7968415238768726,0.21367999999999998,0.21367999999999998,0.20315847612312743,0.78632,-0.884
375,1.5625,walk,1.506282,-0.555778,0.934848,-0.99109,-0.113054,0.064029,-0.6865850731941399,-0.4384449244060497,-0.00767938564915569,-0.18722305216208915,-0.09905423045224954,-0.4644523431207546,-0.06335493160548115,-0.028797696184307192,-0.11567074634029184,-0.18910487161027237,-0.2872570194384436,0.30669546436284895,-0.154428,-0.020140000000000047,-0.9130820000000001,0.31923900000000005,0.130423,-0.88269,0.47366700000000006,0.15056300000000006,0.030392000000000086,0.7750131101154076,0.19607999999999998,0.19607999999999998,0.22498688988459237,0.80392,-0.88269
376,1.566667,walk,1.503431,-0.557539,0.934832,-0.991133,-0.112617,0.063979,-0.6841852651787653,-0.42260619150467943,-0.003839692824577845,-0.16613577438831187,-0.04905629677728555,-0.19942363688593057,-0.060715142788537256,-0.026637868970475494,-0.11687065034797159,-0.2066234701223888,-0.27381809455243444,0.2646988240940704,-0.1518299999999999,-0.018490000000000006,-0.913553,0.321229,0.13104300000000002,-0.881571,0.4730589999999999,0.14953300000000003,0.031981999999999955,0.7760539900142192,0.18018,0.18018,0.22394600998578085,0.81982,-0.881571
377,1.570833,walk,1.500485,-0.559264,0.934956,-0.991184,-0.112271,0.063822,-0.7071531445031132,-0.4140662506001011,0.029764762361981806,0.03474943538835844,-0.07708850491622038,-0.16748962282471241,-0.04992798847815443,-0.04824771963514449,-0.06673067690830717,-0.21459433509360865,-0.288526164186286,0.25828132501200873,-0.149092,-0.016966000000000037,-0.913955,0.32328099999999993,0.13156599999999996,-0.880619,0.47237299999999993,0.148532,0.03333599999999992,0.8395005215990899,0.16663999999999995,0.16663999999999995,0.16049947840091006,0.8333600000000001,-0.880619
378,1.575,walk,1.497534,-0.560954,0.935032,-0.991233,-0.112015,0.063508,-0.7081833453324035,-0.4055675545956219,0.01823854091671812,0.0007352674354819268,-0.15553953610072394,-0.11938639834744183,-0.028797696184333837,-0.05831533477321607,-0.02951763858891221,-0.1929445644348502,-0.39308855291575723,0.24406047516198448,-0.14626099999999997,-0.01551900000000006,-0.914154,0.32542800000000005,0.13161799999999996,-0.879678,0.471689,0.14713700000000002,0.03447600000000006,0.8809612975739134,0.15524000000000004,0.15524000000000004,0.1190387024260866,0.84476,-0.879678
379,1.579167,walk,1.494502,-0.562664,0.935177,-0.991239,-0.11205,0.063454,-0.7276217902567556,-0.41036717062637085,0.03479721622271673,0.11395447041174309,-0.012957026755467928,0.01005493110168138,-0.01967842572592149,-0.05735541156707161,-0.0323974082073431,-0.24718022558191902,-0.3186945044396414,0.18238540916726445,-0.14331099999999997,-0.01404799999999995,-0.9144340000000001,0.3274300000000001,0.13200000000000006,-0.879063,0.4707410000000001,0.146048,0.03537100000000004,0.8854177183850448,0.14629000000000003,0.14629000000000003,0.1145822816149552,0.85371,-0.879063
380,1.583333,walk,1.491536,-0.564377,0.935304,-0.991232,-0.112191,0.063372,-0.7119539126260065,-0.41118578972633646,0.030484877580409207,0.0647603281170224,-0.0304722415261092,0.06503614967661372,-0.008161305808950692,-0.05088814210273264,-0.03888622179548679,-0.25468074891986836,-0.35573691790685136,0.14282285165626235,-0.14037900000000003,-0.012546999999999975,-0.9147230000000001,0.32933499999999993,0.13223100000000004,-0.878595,0.46971399999999996,0.14477800000000002,0.03612800000000005,0.892395423415393,0.13871999999999995,0.13871999999999995,0.10760457658460698,0.86128,-0.878595
381,1.5875,walk,1.488642,-0.566063,0.935392,-0.991231,-0.112215,0.063396,-0.6945044396448486,-0.404607631389499,0.02111831053515263,0.04271714773395225,0.016685615802866916,0.008367043316697008,0.0007199424046017234,-0.05615550755938736,-0.033117350611952374,-0.26949844012479873,-0.3974082073434418,0.11855051595872738,-0.1374820000000001,-0.011094999999999966,-0.914949,0.3311059999999999,0.13226099999999996,-0.878189,0.468588,0.14335599999999993,0.036760000000000015,0.8913374456571408,0.13240000000000002,0.13240000000000002,0.10866255434285921,0.8675999999999999,-0.878189
382,1.591667,walk,1.485854,-0.567785,0.935521,-0.991213,-0.112326,0.063477,-0.6690664746820234,-0.4132469402447776,0.03095752339813889,0.00019018277452886536,0.04079907338497469,0.05255283162970287,0.014878809695225826,-0.06911447084234792,-0.006719462443004568,-0.29085673146147867,-0.42140628749699216,0.0995920326373896,-0.13463200000000008,-0.00966100000000003,-0.9151060000000001,0.3326819999999999,0.13222699999999998,-0.8779030000000001,0.467314,0.14188800000000001,0.037202999999999986,0.8816392023269592,0.12797000000000003,0.12797000000000003,0.11836079767304075,0.87203,-0.8779030000000001
383,1.595833,walk,1.483082,-0.569553,0.935632,-0.991169,-0.112521,0.063745,-0.6653864618338744,-0.4243879020643167,0.02664426308208574,-0.07907675054284405,0.12367402320431432,0.09589263413565362,0.012001920307274158,-0.05856937109937957,-0.00864138262121864,-0.32453192510801315,-0.4409505520883167,0.06721075372059238,-0.13180999999999998,-0.00813700000000006,-0.915253,0.3341019999999999,0.132158,-0.877734,0.4659119999999999,0.14029500000000006,0.03751899999999997,0.8993204917731891,0.12481000000000003,0.12481000000000003,0.10067950822681093,0.8751899999999999,-0.877734
384,1.6,walk,1.479588,-0.570948,0.943298,-0.992361,-0.115059,0.0428,-0.8384929205663743,-0.33477321814255445,1.8396928245740083,9.353499237501374,-9.043318963686476,0.915113466002526,0.00911927045835906,-0.039116870650326846,-0.005759539236860939,-0.374610031197483,-0.45044396448284213,0.06215502759779225,-0.1282779999999999,-0.006904999999999939,-0.922943,0.3360350000000001,0.13167600000000002,-0.885141,0.464313,0.13858099999999995,0.037802,0.9323722822401108,0.12197999999999998,0.12197999999999998,0.06762771775988918,0.87802,-0.885141
385,1.604167,walk,1.476945,-0.572617,0.943682,-0.992352,-0.11543,0.042061,-0.6342692584593405,-0.4005279577634048,0.09215262778979326,0.15411640243971939,-0.33736036361581656,0.1769789503792422,0.0035997120230619037,-0.020878329733636482,-0.005279577633789822,-0.41396688264940135,-0.49052075833935294,0.08231341492681034,-0.12561999999999984,-0.005322999999999967,-0.923349,0.33695300000000006,0.13130100000000006,-0.885182,0.4625729999999999,0.13662400000000002,0.03816699999999995,0.9636095052434079,0.11832999999999994,0.11832999999999994,0.03639049475659206,0.8816700000000001,-0.885182
386,1.608333,walk,1.474328,-0.574375,0.943638,-0.992283,-0.115632,0.042938,-0.6281805088813724,-0.4219875180028512,-0.010561689870389534,-0.3517230160893586,0.3846775061299901,0.10800707682310551,-0.004080652904501996,-0.004320691310600575,-0.011041766682669141,-0.4637542006721056,-0.5232837253960527,0.07873259721555112,-0.12302000000000013,-0.003583000000000003,-0.923351,0.3376379999999999,0.13087899999999997,-0.88481,0.460658,0.13446199999999997,0.03854100000000005,0.9791007234971703,0.11459000000000003,0.11459000000000003,0.020899276502829744,0.88541,-0.88481
387,1.6125,walk,1.471665,-0.576028,0.944083,-0.992226,-0.116267,0.04267,-0.6390688744900556,-0.3966882649388056,0.1067914566834714,0.23669126230232493,-0.09824325074514632,0.29816696554357625,-0.011279097672164114,0.0023998080153478313,-0.00479961603071731,-0.5219582433405379,-0.5632349412046964,0.05087592992560649,-0.12040399999999996,-0.0019200000000000328,-0.923816,0.3381259999999999,0.130185,-0.885043,0.4585299999999999,0.13210500000000003,0.038772999999999946,0.9791824435170786,0.11226999999999998,0.11226999999999998,0.020817556482921384,0.88773,-0.885043
388,1.616667,walk,1.469193,-0.577758,0.943944,-0.992141,-0.116296,0.044216,-0.5932325413966909,-0.4151667866570665,-0.03335733141348672,-0.6019344201827932,0.6777277323627448,0.031673731836897534,-0.013438924886022456,0.006239500839925676,-0.009359251259899339,-0.5819534437244734,-0.5992320614350871,0.007679385649147364,-0.11798799999999998,-0.000164000000000053,-0.923716,0.33817300000000006,0.12941799999999998,-0.884872,0.45616100000000004,0.12958200000000003,0.03884399999999999,0.9707913798411841,0.11155999999999999,0.11155999999999999,0.029208620158815868,0.88844,-0.884872
389,1.620833,walk,1.466781,-0.579456,0.944459,-0.992131,-0.116475,0.044131,-0.5789726356217338,-0.4075852136341866,0.12361977916467992,0.28521407631905965,-0.00669342510176256,0.0740262292389685,-0.0036005760921984293,-0.0026404224675908618,-0.0012001920307244819,-0.6531445031205099,-0.6433029284685621,-0.027364378300527844,-0.115591,0.001522999999999941,-0.9242360000000001,0.33786400000000016,0.128436,-0.8855010000000001,0.45345500000000016,0.12691300000000005,0.038734999999999964,0.9922942229619438,0.11264999999999997,0.11264999999999997,0.007705777038056194,0.8873500000000001,-0.8855010000000001
390,1.625,walk,1.464298,-0.581145,0.944773,-0.992065,-0.116904,0.044435,-0.5958723302135281,-0.4053275737941058,0.07535397168224696,-0.10211903041133213,0.13776258354396553,0.21029081243860645,-0.0021598272138050553,-0.005519558435323991,0.0019198464122864246,-0.7062634989201146,-0.710583153347738,-0.07487401007919471,-0.11311700000000013,0.0031889999999999974,-0.924542,0.3374039999999998,0.127164,-0.886127,0.45052099999999995,0.123975,0.03841499999999998,0.9896162267132775,0.11585000000000006,0.11585000000000006,0.010383773286722464,0.88415,-0.886127
391,1.629167,walk,1.461775,-0.582797,0.944731,-0.991914,-0.117357,0.046243,-0.6054715622750261,-0.39644828413726285,-0.010079193664503522,-0.596014500968815,0.807604816536557,0.23551073504819536,-0.0067194624429845855,-0.0031197504199495167,0.0009599232061436286,-0.7732181425485509,-0.7501799856011371,-0.09455243580513452,-0.110622,0.0048280000000000545,-0.924496,0.33670500000000003,0.12569000000000002,-0.886479,0.44732700000000003,0.12086199999999997,0.03801699999999997,0.9875494901078143,0.11983000000000005,0.11983000000000005,0.012450509892185657,0.8801699999999999,-0.886479
392,1.633333,walk,1.460423,-0.5848,0.942508,-0.991702,-0.114805,0.054155,-0.3245319251080305,-0.4807969275084083,-0.5336053768603055,-3.5429832803798678,3.3957490525499487,-1.1146924024537697,-0.006961113778218318,0.004320691310600806,-0.0019203072491601701,-0.8334133461354373,-0.7839654344695333,-0.10009601536246075,-0.10929900000000004,0.006848999999999994,-0.922281,0.3345849999999999,0.12442700000000001,-0.884673,0.44388399999999995,0.11757800000000002,0.037607999999999975,0.9859749174724175,0.12391999999999997,0.12391999999999997,0.0140250825275825,0.87608,-0.884673
393,1.6375,walk,1.457532,-0.586203,0.943899,-0.991702,-0.116273,0.051617,-0.69378449724021,-0.3366930645548434,0.33381329493641,1.0466693657889354,-1.0931388268134026,0.6760892794363808,-0.01511879049674196,0.01463882889368305,-0.0002399808015352827,-0.8869690424765763,-0.8176145908327389,-0.11879049676025719,-0.10647099999999998,0.008313000000000015,-0.9236730000000001,0.33377999999999997,0.122423,-0.8865590000000001,0.44025099999999995,0.11410999999999999,0.03711399999999998,0.9649234674743604,0.12886000000000003,0.12886000000000003,0.03507653252563958,0.87114,-0.8865590000000001
394,1.641667,walk,1.454847,-0.587696,0.944707,-0.991607,-0.117398,0.051019,-0.6443484521238368,-0.3582913366930538,0.19390448764096802,0.21889970715395257,-0.25369665925092,0.5378445760534085,-0.012958963282936905,0.017038636909057527,-0.002399808015358655,-0.9452843772497923,-0.8099352051835699,-0.07271418286537133,-0.10383999999999993,0.009877000000000025,-0.924491,0.3325260000000001,0.12054100000000001,-0.88767,0.43636600000000003,0.11066399999999998,0.03682099999999999,0.9640985548264502,0.13179000000000007,0.13179000000000007,0.03590144517354976,0.8682099999999999,-0.88767
395,1.645833,walk,1.4525,-0.589284,0.945023,-0.991519,-0.117626,0.05188,-0.563370139222284,-0.381180988958231,0.07585213634180853,-0.4512067209889304,0.3657791088983455,0.1269457885891532,-0.012962073931828376,0.02064330292844866,-0.0038406144983201356,-0.9716754680748777,-0.8610177628420328,-0.17858857417186133,-0.10154699999999983,0.011550999999999978,-0.924823,0.33082500000000015,0.11854200000000004,-0.8887299999999999,0.432372,0.10699100000000006,0.03609300000000004,0.9588731084145061,0.13907000000000003,0.13907000000000003,0.041126891585493874,0.86093,-0.8887299999999999
396,1.65,walk,1.450304,-0.590877,0.946017,-0.991613,-0.117354,0.050941,-0.5269978401727777,-0.38228941684665907,0.23854091672668484,0.388312633546882,-0.4112100934811056,-0.14401917575462533,-0.007439404847639953,0.01607871370291392,-0.002639788816894911,-1.0206383489321469,-0.9222462203024144,-0.17734581233502214,-0.09938200000000008,0.013210999999999973,-0.925828,0.32876799999999995,0.116292,-0.890463,0.42815000000000003,0.10308100000000003,0.03536499999999998,0.9701467355300237,0.14635000000000004,0.14635000000000004,0.02985326446997627,0.85365,-0.890463
397,1.654167,walk,1.448073,-0.592456,0.946484,-0.991625,-0.116859,0.051627,-0.5353971682265604,-0.3789296856251464,0.11207103431725261,-0.348572376384746,0.286584527648643,-0.22699370641719246,-0.0028797696184067402,0.008399328053757375,0.0009599232061436286,-1.0739140868730437,-0.9520038396928169,-0.1840652747780156,-0.09716299999999989,0.014824999999999977,-0.926291,0.32652400000000004,0.113904,-0.891697,0.4236869999999999,0.09907900000000003,0.034594000000000014,0.9851149555508234,0.15406000000000003,0.15406000000000003,0.014885044449176599,0.8459399999999999,-0.891697
398,1.658333,walk,1.446146,-0.594139,0.946073,-0.991581,-0.115578,0.054165,-0.46255400864137286,-0.40398463754199326,-0.0986557849255708,-1.5236818166078134,1.0386756000321187,-0.5602157966875242,0.0033605376860197087,0.0031204992798944792,0.003120499279884486,-1.1267402784445144,-0.9824771963513925,-0.18266922707632835,-0.09522199999999992,0.016521000000000008,-0.9258670000000001,0.3237570000000001,0.11149399999999998,-0.892047,0.418979,0.09497299999999997,0.03382000000000007,0.9907551448165389,0.1618,0.1618,0.009244855183461076,0.8382000000000001,-0.892047
399,1.6625,walk,1.444054,-0.595699,0.94693,-0.991685,-0.115074,0.053399,-0.502039836813047,-0.3743700503959669,0.20566354691624433,0.11614319219465596,-0.3625448461840595,-0.2423021386894079,0.0007199424046016851,0.0067194624429845855,0.002879769618430886,-1.166546676265891,-1.0316774658027272,-0.19462443004559468,-0.09312699999999996,0.01810899999999993,-0.9267120000000001,0.32098800000000005,0.10875499999999999,-0.893715,0.414115,0.09064600000000006,0.032997000000000054,0.9877567971642469,0.17003000000000001,0.17003000000000001,0.012243202835753086,0.82997,-0.893715
400,1.666667,walk,1.441935,-0.597258,0.947442,-0.991719,-0.114616,0.053393,-0.5085193184545426,-0.374130069594444,0.12287017038636437,-0.4237211860527509,-0.056362772431932794,-0.19758960437864284,0.00023998080151614568,0.009359251259902335,0.0009599232061436797,-1.2116630669547184,-1.057355411567128,-0.1912646988241026,-0.09100700000000006,0.01970699999999992,-0.92722,0.31805799999999995,0.10590799999999995,-0.895024,0.409065,0.08620100000000003,0.032196,0.9843143176136845,0.17803999999999998,0.17803999999999998,0.015685682386315514,0.82196,-0.895024
401,1.670833,walk,1.439776,-0.598769,0.9489,-0.991943,-0.114167,0.050675,-0.5182429188670098,-0.3626980316850693,0.34997599615936614,0.7865357945873227,-1.229964579606089,-0.23155136949108215,0.0007201152184822869,0.01752280364858083,-0.0004800768122904334,-1.242198751800237,-1.074171867498772,-0.1641862698031633,-0.08884499999999984,0.02129099999999995,-0.92868,0.31504200000000004,0.10294399999999998,-0.8971659999999999,0.4038869999999999,0.08165300000000003,0.03151400000000004,0.9707597268128971,0.18486000000000002,0.18486000000000002,0.029240273187102872,0.81514,-0.8971659999999999
402,1.675,walk,1.43848,-0.600645,0.94741,-0.991858,-0.111171,0.056096,-0.3110151187904857,-0.4502039836812994,-0.35757139428845214,-3.0207568865365233,2.2476412376760297,-1.3413101090314279,-0.0007199424046549715,0.016558675305998617,-0.002879769618430053,-1.2658987281017227,-1.0950323974082083,-0.17302615790736595,-0.08755200000000007,0.023236000000000034,-0.927202,0.3110630000000001,0.10025699999999993,-0.896397,0.39861500000000016,0.0770209999999999,0.03080499999999997,0.97196227154892,0.19195,0.19195,0.02803772845107999,0.8080499999999999,-0.896397
403,1.679167,walk,1.43582,-0.60181,0.950279,-0.992248,-0.112055,0.049031,-0.6383489320854007,-0.2795776337892879,0.6885049196064288,2.6418252322105142,-3.1119141208899594,0.3640516384510111,0.004799616030748949,0.01055915526756243,0.0002399808015361153,-1.3184545236381253,-1.1413486921046188,-0.17206623470122315,-0.08487200000000006,0.02444499999999994,-0.93007,0.30822899999999986,0.09666599999999992,-0.899983,0.3931009999999999,0.07222099999999998,0.030086999999999975,0.9806645356927125,0.19913000000000003,0.19913000000000003,0.019335464307287498,0.80087,-0.899983
404,1.683333,walk,1.43351,-0.603109,0.952338,-0.992526,-0.112116,0.044087,-0.5544887181949337,-0.3118098895823533,0.49423907825254115,1.4874289766537572,-2.2235664969745925,0.006149965012887054,0.006721075372039776,0.006481036965914533,0.0016802688430149408,-1.3408545367258795,-1.176668266922729,-0.17186749879981275,-0.08253400000000011,0.02577099999999999,-0.932122,0.30495300000000003,0.093063,-0.9027580000000001,0.38748700000000014,0.06729200000000002,0.029363999999999946,0.984188611901632,0.20636000000000004,0.20636000000000004,0.015811388098368018,0.7936399999999999,-0.9027580000000001
405,1.6875,walk,1.431373,-0.604512,0.954162,-0.992814,-0.111488,0.039984,-0.5128389728821788,-0.3366930645548434,0.43772498200142135,1.330624097896402,-1.8399592574482602,-0.32616162070554733,0.011279097672217402,0.0,0.005279577633788709,-1.3748500119990523,-1.195344372450198,-0.1780657547396194,-0.08034999999999992,0.02717400000000003,-0.933924,0.301361,0.08948500000000004,-0.9053239999999999,0.3817109999999999,0.062311000000000005,0.02860000000000007,0.9792440112865238,0.21400000000000002,0.21400000000000002,0.02075598871347617,0.786,-0.9053239999999999
406,1.691667,walk,1.43015,-0.606313,0.953689,-0.993009,-0.10843,0.042105,-0.29349652027836926,-0.43220542356609737,-0.11351091912645599,-1.5925017766197644,0.8222006382898328,-1.427739190567135,0.010799136069078563,-0.0011999040076872372,0.006239500839933169,-1.4031677465802475,-1.2301415886728881,-0.16150707943364406,-0.0790820000000001,0.02896999999999994,-0.9334250000000001,0.29673700000000003,0.08616000000000001,-0.905524,0.3758190000000001,0.057190000000000074,0.027901000000000065,0.9791172266503874,0.22099000000000002,0.22099000000000002,0.020882773349612638,0.77901,-0.905524
407,1.695833,walk,1.427795,-0.607623,0.955556,-0.993255,-0.108336,0.037303,-0.5652904464714757,-0.31445031204994417,0.44815170427268375,1.3426102939839881,-2.1758443394879277,-0.057670513678151486,0.009121459433505395,0.004320691310627456,0.0033605376860298816,-1.4289486317811453,-1.255880940950588,-0.15746519443111232,-0.07668900000000001,0.030298000000000047,-0.9352779999999999,0.29313900000000004,0.08223800000000003,-0.9080469999999999,0.36982800000000005,0.051939999999999986,0.027231000000000005,0.982270347410651,0.22769,0.22769,0.017729652589349,0.77231,-0.9080469999999999
408,1.7,walk,1.425632,-0.609,0.958535,-0.993613,-0.108282,0.029011,-0.5190784737220778,-0.33045356371489104,0.7149028077753881,2.7411112659544172,-3.708206327447938,-0.06029459431280331,0.0071994240460701376,0.00767938564915569,0.004559635229181195,-1.449004079673612,-1.2834173266138658,-0.14830813534917106,-0.07449600000000012,0.03170700000000004,-0.938238,0.28926399999999997,0.07826699999999998,-0.911644,0.3637600000000001,0.046559999999999935,0.026594000000000007,0.9808808600868439,0.23406,0.23406,0.019119139913156058,0.7659400000000001,-0.911644
409,1.704167,walk,1.42354,-0.610412,0.959839,-0.993772,-0.107758,0.025828,-0.502039836813047,-0.33885289176864847,0.31293496520277464,0.6980084051409928,-1.4647010256400794,-0.2541335903956971,0.007199424046123424,0.01055915526756243,-0.000479961603071398,-1.466042716582643,-1.3129349652027746,-0.12263018958483336,-0.07237399999999994,0.03316299999999994,-0.939544,0.28524700000000003,0.07420799999999994,-0.913459,0.35762099999999997,0.041045,0.026085000000000025,0.9786850450452157,0.23915000000000003,0.23915000000000003,0.021314954954784304,0.76085,-0.913459
410,1.708333,walk,1.422567,-0.612242,0.95964,-0.994076,-0.104396,0.026763,-0.2335573691790893,-0.4392702832453068,-0.04776764282283816,-1.180865395036454,0.304790682485365,-1.5965995488703868,0.002160345655286963,0.00912145943350491,-0.003600576092174919,-1.5069611137781647,-1.3391742678828247,-0.1231397023523729,-0.0713919999999999,0.03503099999999992,-0.9393600000000001,0.27994200000000014,0.07045899999999994,-0.9137730000000001,0.35133400000000004,0.035428000000000015,0.025587000000000026,0.9832641217288082,0.24413,0.24413,0.01673587827119183,0.75587,-0.9137730000000001
411,1.7125,walk,1.420809,-0.613742,0.95978,-0.994178,-0.103232,0.026708,-0.42188624910007355,-0.35997120230384577,0.03359731221500464,-0.6723152443350026,-0.10482209017949314,-0.542314153591324,0.005519558435297642,0.009839212862987912,0.0,-1.5313174946004946,-1.3731701463883528,-0.120950323974087,-0.06961100000000009,0.03657200000000005,-0.9395,0.2753190000000001,0.06623699999999999,-0.9144169999999999,0.3449300000000002,0.02966499999999994,0.025083000000000077,0.9811972493823782,0.24917,0.24917,0.018802750617621822,0.75083,-0.9144169999999999
412,1.716667,walk,1.418266,-0.615172,0.966566,-0.994489,-0.104633,0.006372,-0.6102711783057218,-0.3431725461963118,1.6285097192224665,7.572022771929222,-9.018717306845328,0.6284540019640498,0.013678905687591876,0.0035997120230350688,0.009599232061435453,-1.5517158627309895,-1.4002879769618406,-0.10463162946964136,-0.06701099999999993,0.03801700000000008,-0.946246,0.27139599999999997,0.061832,-0.921639,0.3384069999999999,0.02381499999999992,0.024607000000000046,0.9715094731324746,0.25393,0.25393,0.0284905268675254,0.74607,-0.921639
413,1.720833,walk,1.415638,-0.61635,0.967338,-0.994416,-0.105395,0.005287,-0.6308209313490165,-0.2827652424387588,0.18530964954392073,0.2539497016831136,-0.496397864673007,0.36712529797876475,0.010801728276488114,0.002160345655286963,0.002880460873739269,-1.5631301008161054,-1.4219875180028245,-0.07849255880940757,-0.064338,0.039203999999999906,-0.947006,0.26751199999999997,0.05708599999999997,-0.9227380000000001,0.33185,0.017882000000000065,0.024267999999999956,0.9810232977666954,0.25732,0.25732,0.01897670223330461,0.74268,-0.9227380000000001
414,1.725,walk,1.414845,-0.618147,0.965525,-0.994749,-0.101547,0.010746,-0.19030477561795958,-0.43124550035997955,-0.4350851931845574,-2.9456192070247265,2.3202515414473903,-1.8428463308015892,0.009839212862960744,0.003359731221518936,0.002399808015358655,-1.574514038876834,-1.4456443484521198,-0.06311495080393505,-0.063504,0.041015000000000024,-0.945183,0.2617440000000002,0.05285899999999999,-0.921188,0.3252480000000002,0.011843999999999966,0.02399499999999999,0.9822160354568379,0.26005,0.26005,0.017783964543162112,0.73995,-0.921188
415,1.729167,walk,1.411945,-0.619309,0.968319,-0.994598,-0.103735,0.003172,-0.6959443244540521,-0.27885769138470107,0.6705063594912891,2.7752923606417768,-3.3636154966722973,1.0513140734055817,0.005279577633834783,0.0038396928245780495,0.0009599232061436797,-1.6090712742981736,-1.4845212383010096,-0.09047276217903037,-0.060581999999999914,0.042193000000000036,-0.9479730000000001,0.2579389999999999,0.04783499999999996,-0.924359,0.31852099999999983,0.005641999999999925,0.023614000000000024,0.9890026981161921,0.26386,0.26386,0.010997301883807875,0.73614,-0.924359
416,1.733333,walk,1.409703,-0.62061,0.96863,-0.994545,-0.104247,0.002341,-0.5381661065770561,-0.31228996639461376,0.07465194431107577,-0.2649064745279979,-0.42826124509102603,0.24885148744808622,0.0036005760921449382,0.00912145943350491,-0.0024003840614496685,-1.6214594335092798,-1.4911185789725936,-0.09481517042726566,-0.05832499999999996,0.043532000000000015,-0.948294,0.25342600000000015,0.04292399999999996,-0.925065,0.3117510000000001,0.0006080000000000529,0.023228999999999944,0.9831735150865879,0.26771,0.26771,0.0168264849134121,0.73229,-0.925065
417,1.7375,walk,1.409062,-0.622553,0.96803,-0.994887,-0.100785,0.003713,-0.15382769378447006,-0.4662826973842124,-0.14398848092153596,-1.4358939914632651,0.5073452328700809,-1.6681506473568426,0.003599712023061712,0.0071994240460701376,-0.0007199424046075133,-1.6429085673146335,-1.5267578593712336,-0.05543556515478768,-0.05766899999999997,0.04550500000000002,-0.9476969999999999,0.2472209999999999,0.03850500000000001,-0.924696,0.3048899999999999,0.007000000000000006,0.023000999999999938,0.986531110918732,0.26999000000000006,0.26999000000000006,0.013468889081267976,0.7300099999999999,-0.924696
418,1.741667,walk,1.407212,-0.623564,0.960133,-0.994259,-0.100379,0.027274,-0.44396448284140033,-0.24262059035276612,-1.895128389728791,-10.541068560692635,10.300255536134697,-0.18960359275544617,0.00455963522917953,-0.0007199424046016851,0.0,-1.6097912167026363,-1.4924406047516023,0.04967602591792758,-0.05579999999999985,0.04651300000000003,-0.9398,0.2423630000000001,0.03329700000000002,-0.916592,0.29816299999999996,0.013216000000000006,0.023208000000000006,0.9923064618583879,0.26792,0.26792,0.007693538141612111,0.7320800000000001,-0.916592
419,1.745833,walk,1.406927,-0.626,0.954544,-0.993647,-0.096058,0.048534,-0.06841094575129046,-0.5847335573691927,-1.3415746519443617,-4.82917061690242,9.727051652240071,-2.18666079019523,0.003360537686019888,0.0,0.0,-1.6733077292367358,-1.5715314450312383,-0.030244839174268935,-0.05550100000000002,0.04894900000000002,-0.9342109999999999,0.23567699999999991,0.029186000000000045,-0.911129,0.29117799999999994,0.019762999999999975,0.023081999999999936,0.9943991038566335,0.26918,0.26918,0.005600896143366452,0.73082,-0.911129
420,1.75,walk,1.40554,-0.633813,0.949579,-0.994017,-0.078402,0.066957,-0.3328533717302655,-1.8749700023997837,-1.1915046796256201,-2.754530474101279,8.354495152957051,-8.656257065292001,0.0004799616030855522,0.0031197504199495167,-0.005279577633789541,-1.6820254379649602,-1.664266858651301,-0.09863210943124515,-0.05411199999999994,0.05677499999999991,-0.929268,0.2300549999999999,0.03006399999999998,-0.9065749999999999,0.28416699999999984,0.02671099999999993,0.022693000000000074,0.9897480156643779,0.27307000000000003,0.27307000000000003,0.010251984335622133,0.72693,-0.9065749999999999
421,1.754167,walk,1.406494,-0.635885,0.948152,-0.993745,-0.073166,0.067654,0.22894168466520087,-0.4972402207823513,-0.3424526037916835,-7.042852423646492,-0.2891438247002651,-2.038981462083174,-0.03047756179505334,-0.008879289656816284,-0.07967362610991036,-1.6935445164386405,-1.6246700263978886,-0.017758579313654214,-0.055192999999999826,0.05881000000000003,-0.928173,0.22204400000000013,0.025366,-0.905222,0.27723699999999996,0.03344400000000003,0.022951000000000055,0.8570585759511307,0.27049,0.27049,0.14294142404886934,0.72951,-0.905222
422,1.758333,walk,1.406264,-0.636787,0.948619,-0.993762,-0.075026,0.066976,-0.055208833413336156,-0.21651464234277046,0.11209793566970891,1.139448673540755,-0.20133131510612157,0.8313582532163233,0.0031204992798413464,-0.0036005760921717796,-0.0060009601536249076,-1.7035525684110213,-1.6257801248199937,0.027124339894382617,-0.054950000000000054,0.059697,-0.928665,0.21517699999999995,0.01949500000000004,-0.9055759999999999,0.270127,0.04020199999999996,0.023089000000000026,0.9872292449196086,0.26911,0.26911,0.012770755080391383,0.73089,-0.9055759999999999
423,1.7625,walk,1.404237,-0.638576,0.949122,-0.993963,-0.074145,0.062852,-0.48644108471321945,-0.4293256539476906,0.12071034317255276,-1.1605984889773244,-2.090910229542938,-0.24540677861383234,0.0014398848092566567,-0.005999520038409543,-0.001679865610751142,-1.736021118310513,-1.6433885289176924,0.006479481641468453,-0.05291699999999988,0.06146099999999999,-0.929175,0.20997,0.014436000000000004,-0.9060520000000001,0.26288699999999987,0.047024999999999983,0.023122999999999894,0.9893425225225836,0.26877000000000006,0.26877000000000006,0.01065747747741641,0.7312299999999999,-0.9060520000000001
424,1.766667,walk,1.398837,-0.639564,0.950526,-0.993965,-0.078209,0.063775,-1.2958963282936904,-0.23710103191744214,0.33693304535635954,3.849112323384131,0.8199796112628613,1.6784787342846375,-0.0011999040076872372,-0.013918886489081366,-0.0014398848092150266,-1.715862730981506,-1.646268298536099,0.03479721622270342,-0.047522000000000064,0.062390999999999974,-0.930585,0.20821999999999985,0.008564000000000016,-0.907311,0.2557419999999999,0.05382699999999996,0.023274000000000017,0.9765924727807365,0.26725999999999994,0.26725999999999994,0.023407527219263535,0.7327400000000001,-0.907311
425,1.770833,walk,1.396853,-0.641387,0.950792,-0.993914,-0.077327,0.065048,-0.4762361977916835,-0.43759001440229695,0.06385021603456101,-0.4800250096578111,0.5589952973053699,-0.4193138218961975,0.015602496399419097,0.004080652904475346,-0.0062409985597698045,-1.7484397503600262,-1.6526644263081713,0.046327412385980184,-0.045472999999999875,0.06423100000000004,-0.930877,0.20292,0.003502000000000005,-0.907384,0.24839299999999986,0.06072900000000003,0.023492999999999986,0.9711787267493581,0.26507,0.26507,0.028821273250641877,0.7349300000000001,-0.907384
426,1.775,walk,1.396395,-0.642225,0.9507,-0.993884,-0.078448,0.063584,-0.10991120710340013,-0.2011039116870755,-0.02207823374129714,-0.3077194274292452,-0.7046931626826425,0.5926415945104182,0.003119750419976326,0.0009599232061445124,-0.011519078473722492,-1.7506599472042625,-1.6448284137269567,0.07343412526998193,-0.045001999999999986,0.06507300000000005,-0.930833,0.196083,-0.002513999999999905,-0.906986,0.241085,0.06758699999999995,0.023847000000000063,0.9800456448551802,0.26153,0.26153,0.019954355144819802,0.73847,-0.906986
427,1.779167,walk,1.395576,-0.643294,0.950891,-0.993925,-0.078901,0.062047,-0.19654427645791192,-0.25653947684184747,0.04583633309336472,-0.14590271768907268,-0.7419676349555057,0.2614971317383732,0.00455963522917953,-0.008879289656816284,-0.0011999040076789112,-1.7434605231581526,-1.6553875689944848,0.07943364530837424,-0.04416399999999987,0.06610500000000008,-0.931029,0.18963700000000006,-0.00834299999999999,-0.906846,0.23380099999999993,0.07444800000000007,0.024182999999999955,0.9832442524073028,0.25817,0.25817,0.016755747592697157,0.74183,-0.906846
428,1.783333,walk,1.393571,-0.64467,0.951092,-0.993903,-0.079149,0.062045,-0.48127700432068643,-0.3302928468554717,0.04824771963514192,-0.014963236185101151,0.00333434020718815,0.1205826053327561,-0.03552568410946542,-0.015602496399445748,0.017042726836292897,-1.7525204032644748,-1.759001440230389,0.0688910225636089,-0.04230699999999987,0.06741599999999992,-0.9311590000000001,0.1843410000000001,-0.014295000000000058,-0.90676,0.22664799999999996,0.08171099999999998,0.02439900000000006,0.929368588523929,0.25600999999999996,0.25600999999999996,0.070631411476071,0.74399,-0.90676
429,1.7875,walk,1.392347,-0.645878,0.951052,-0.993856,-0.080016,0.061641,-0.2937365010798854,-0.2898968082553342,-0.009599232061444612,0.013909405034899123,-0.1746039326436175,0.42577707511316953,-0.007919366450671823,-0.011279097672164114,-0.01319894408447302,-1.7640988720901918,-1.6568274538036882,0.10655147588192862,-0.04111599999999993,0.068577,-0.9311740000000001,0.1782140000000001,-0.019991000000000092,-0.906276,0.21933000000000002,0.08856800000000009,0.024898000000000087,0.9681956268632717,0.25101999999999997,0.25101999999999997,0.03180437313672835,0.74898,-0.906276
430,1.791667,walk,1.391102,-0.647286,0.95076,-0.993831,-0.080012,0.061605,-0.2987760979121664,-0.33789296856254863,-0.07007439404846948,-0.2902564976806389,-0.03994651055011592,0.017881012862328516,0.005039596832212064,0.007679385649129455,0.027117830573554998,-1.7928965682746212,-1.7237820974322695,0.07151427885769457,-0.03985000000000016,0.070017,-0.9307690000000001,0.17198800000000003,-0.025765999999999956,-0.905686,0.2118380000000002,0.09578299999999995,0.025083000000000077,0.952281286130907,0.24916999999999995,0.24916999999999995,0.04771871386909299,0.7508300000000001,-0.905686
431,1.795833,walk,1.389359,-0.649006,0.950722,-0.993862,-0.079459,0.061686,-0.4183869419107063,-0.41286605856934633,-0.009121459433531558,-0.10800431987382099,0.018370639425711172,-0.26128816178510156,-0.018482957273135047,-0.04104656745077209,0.008401344215074257,-1.7806048967834718,-1.687469995199181,0.15938550168026397,-0.038183999999999996,0.07156600000000002,-0.930696,0.16631299999999993,-0.031075999999999993,-0.904984,0.20449699999999993,0.10264200000000001,0.025711999999999957,0.9236778939539161,0.24287999999999998,0.24287999999999998,0.07632210604608392,0.75712,-0.904984
432,1.8,walk,1.388425,-0.650209,0.950693,-0.993785,-0.080328,0.060835,-0.22414206863450523,-0.28869690424767364,-0.006959443244527361,-0.5426502091928607,-0.4323540867311976,0.4734583765502791,-0.020398368130576463,-0.06839452843774624,0.005279577633789541,-1.8048956083512915,-1.7069834413246896,0.07367410607151413,-0.03733500000000012,0.07248399999999999,-0.9306450000000001,0.15972600000000003,-0.03698599999999996,-0.904648,0.19706100000000015,0.10946999999999996,0.025997000000000048,0.8807223257990531,0.24002999999999997,0.24002999999999997,0.11927767420094693,0.75997,-0.904648
433,1.804167,walk,1.387483,-0.651367,0.950738,-0.993639,-0.080679,0.060562,-0.22606191504679415,-0.2778977681785418,0.010799136069105207,-1.2856488200862037,-0.2233136033746734,0.2590175751175196,0.004319654427663397,-0.024958003359729346,-0.007199424046075965,-1.8113750899928132,-1.6472282217422436,0.1235901127909745,-0.036375000000000046,0.07353799999999999,-0.93072,0.15311999999999992,-0.04269199999999995,-0.9041779999999999,0.18949499999999997,0.11622999999999994,0.026542000000000066,0.9561127374630967,0.23458000000000007,0.23458000000000007,0.04388726253690334,0.76542,-0.9041779999999999
434,1.808333,walk,1.385623,-0.653182,0.950685,-0.993658,-0.080669,0.06105,-0.44647143542967377,-0.43566970715315845,-0.012722035525677175,0.4334823819536202,0.26871274091595615,-0.04479147378390286,0.009121459433505395,-0.015362457993268037,0.007201152184349389,-1.8010081613058646,-1.6853096495439839,0.17330772923668247,-0.03447700000000009,0.07528900000000005,-0.930637,0.14747699999999986,-0.047897999999999996,-0.903403,0.18195399999999995,0.12318700000000005,0.02723400000000009,0.9678950189666702,0.22766000000000003,0.22766000000000003,0.032104981033329816,0.77234,-0.903403
435,1.8125,walk,1.383812,-0.655056,0.950634,-0.993689,-0.080845,0.062485,-0.43460523158147185,-0.4497240220782138,-0.01223902087833522,1.293329469355889,0.7966465864323095,-0.033586751365297526,0.0033597312214922927,-0.005519558435323991,0.005039596832253425,-1.7876169906406911,-1.6825053995680193,0.19630429565634583,-0.032652000000000125,0.07713999999999999,-0.930565,0.14183900000000005,-0.053035000000000054,-0.902534,0.17449100000000017,0.13017500000000004,0.028031000000000028,0.9863423957451775,0.21969000000000005,0.21969000000000005,0.013657604254822542,0.78031,-0.902534
436,1.816667,walk,1.382807,-0.655846,0.950713,-0.993464,-0.082026,0.061026,-0.2411807055435894,-0.1895848332133579,0.018958483321346448,-2.0586930019987344,-0.8374426279501219,0.7393215159227619,0.024958003359755992,-0.005999520038409543,-0.00479961603071731,-1.7974562035037052,-1.6633069354451566,0.1845452363810895,-0.03154299999999988,0.077905,-0.930664,0.1353540000000002,-0.059176000000000006,-0.901844,0.16689700000000007,0.137081,0.028820000000000068,0.9564769382191978,0.2118,0.2118,0.04352306178080223,0.7882,-0.901844
437,1.820833,walk,1.381074,-0.657324,0.950627,-0.993471,-0.082528,0.06066,-0.415986557849263,-0.3547767642822894,-0.02064330292847641,0.2801602642480241,-0.14181525511175572,0.23265857487782673,0.06024963994239264,0.04416706673069557,0.09049447911666074,-1.7962073931829867,-1.6553048487758235,0.21795487277965017,-0.02955899999999989,0.07956700000000005,-0.9302010000000001,0.12960400000000005,-0.06459399999999993,-0.90085,0.15916299999999994,0.14416099999999998,0.029351000000000016,0.8044239303480796,0.20649,0.20649,0.19557606965192043,0.7935099999999999,-0.90085
438,1.825,walk,1.379766,-0.658821,0.950502,-0.993494,-0.082288,0.060406,-0.31389488840889246,-0.35925125989919826,-0.02999760019199443,-0.1117641694309134,-0.13715763915976253,-0.10217843966114562,-0.03383729301654563,-0.007919366450698465,-0.024478041756659616,-1.8065754739620643,-1.7249820014398916,0.23806095512358824,-0.028391999999999973,0.08103099999999996,-0.930178,0.12338399999999994,-0.07028500000000004,-0.899733,0.1517759999999999,0.151316,0.030444999999999944,0.9291548384011381,0.19555,0.19555,0.0708451615988619,0.80445,-0.899733
439,1.829167,walk,1.378185,-0.660518,0.950387,-0.993558,-0.082205,0.060869,-0.37940964722823195,-0.4072474202063947,-0.027597792176619954,0.7962536517178211,0.2844464425454059,-0.10290246867007839,0.0011999040076872372,-0.0016798656107461464,-0.004559635229181195,-1.7948164146868146,-1.6479481641468452,0.23878089752819492,-0.026805999999999885,0.08272100000000004,-0.930082,0.11748599999999998,-0.07545499999999994,-0.898623,0.14429199999999986,0.15817599999999998,0.031459000000000015,0.9916580059136816,0.18541000000000002,0.18541000000000002,0.008341994086318416,0.8145899999999999,-0.898623
440,1.833333,walk,1.3761,-0.662313,0.950188,-0.993762,-0.083388,0.061145,-0.5004800768122505,-0.4308689390302309,-0.04776764282283816,3.3769140936742517,0.4304357248160299,0.34462433792764163,-0.004320691310627225,-0.0060009601536104296,0.002640422467594885,-1.8031685069610555,-1.6377820451271812,0.24147863658184648,-0.024739000000000066,0.0844910000000001,-0.929872,0.11205899999999991,-0.08048299999999997,-0.897418,0.13679799999999998,0.16497400000000007,0.03245399999999998,0.9869135643832663,0.17546000000000006,0.17546000000000006,0.013086435616733727,0.8245399999999999,-0.897418
441,1.8375,walk,1.374997,-0.664122,0.949929,-0.993911,-0.081998,0.060651,-0.26469882409410284,-0.43412526997840944,-0.06215502759779723,0.006767383657882645,-0.26577304346756964,-0.6605736763882805,0.024238060955102312,0.00599952003838322,0.022798176145908854,-1.7902567794577304,-1.6071514278858312,0.2538996880249704,-0.023535000000000084,0.08632499999999999,-0.9295180000000001,0.10570199999999996,-0.08537099999999997,-0.896101,0.12923700000000005,0.17169599999999996,0.03341700000000003,0.9436470774904042,0.16582999999999998,0.16582999999999998,0.05635292250959578,0.8341700000000001,-0.896101
442,1.841667,walk,1.374348,-0.665445,0.949914,-0.993815,-0.082362,0.060103,-0.15574754019681228,-0.31749460043195415,-0.0035997120230350688,-1.0617018397844926,-0.34142226466603226,0.25502344485224354,0.019918406527490908,0.04415646748259193,0.01679865610751142,-1.7979361651067907,-1.661147108231325,0.2776577873770073,-0.022802999999999907,0.08783199999999991,-0.9294330000000001,0.09885900000000003,-0.09097,-0.8949290000000001,0.12166199999999994,0.1788019999999999,0.03450399999999998,0.9145480741691235,0.15496000000000004,0.15496000000000004,0.08545192583087646,0.84504,-0.8949290000000001
443,1.845833,walk,1.373414,-0.666849,0.949838,-0.9938,-0.082178,0.05987,-0.22419587133940586,-0.33701392222756443,-0.018242918867036467,-0.47447480730701597,-0.15423873666136417,-0.05336161251210595,-0.0028804608737159508,0.016802688430151844,-0.016082573211712862,-1.7813250120018476,-1.5621699471915245,0.3019683149303811,-0.021880999999999817,0.089306,-0.9294239999999999,0.09237200000000012,-0.09607399999999999,-0.8935949999999999,0.11425299999999994,0.18538,0.035829,0.9609389169790914,0.14171,0.14171,0.039061083020908605,0.85829,-0.8935949999999999
444,1.85,walk,1.372381,-0.668237,0.949732,-0.993811,-0.081846,0.059424,-0.2479001679865207,-0.3330933525317817,-0.025437964962788256,-0.44103167323369324,-0.2573765499785196,-0.12209203199278239,-0.010079193664530164,0.02087832973363537,-0.012718982481401622,-1.7957763378929856,-1.6016318694504217,0.2738180945524328,-0.020890000000000075,0.090781,-0.9293710000000001,0.08592199999999983,-0.10136,-0.892348,0.10681199999999991,0.192141,0.03702300000000003,0.9559272283365433,0.12977,0.12977,0.04407277166345669,0.8702300000000001,-0.892348
445,1.854167,walk,1.369117,-0.669527,0.949883,-0.99342,-0.084392,0.053304,-0.7832973362131761,-0.3095752339812988,0.036237101031922035,-4.569123749009239,-3.253328645675301,1.656163219529738,-0.01991840652749197,0.021838252939754353,-0.026397888168947448,-1.7780177585793946,-1.5836333093353308,0.3002159827213965,-0.017708999999999975,0.09216199999999997,-0.929632,0.08177699999999999,-0.10666900000000001,-0.891248,0.09948599999999996,0.19883099999999998,0.038383999999999974,0.9339507610054064,0.11615999999999999,0.11615999999999999,0.06604923899459358,0.88384,-0.891248
446,1.858333,walk,1.368176,-0.671518,0.9496,-0.993896,-0.082662,0.060267,-0.22587614018238908,-0.47791646663464005,-0.06793086893903635,6.769948201182351,3.8638557452662714,-1.412199635080718,-0.01464234277481158,0.02400384061449502,-0.02688430148823762,-1.7758041286605408,-1.561449831973069,0.31733077292366,-0.016828999999999983,0.09425299999999992,-0.929461,0.07531999999999983,-0.11118300000000003,-0.889643,0.09214899999999981,0.20543599999999995,0.03981800000000002,0.9351637054512671,0.10181999999999997,0.10181999999999997,0.06483629454873285,0.89818,-0.889643
447,1.8625,walk,1.366779,-0.672891,0.94969,-0.993837,-0.083257,0.060432,-0.33525317974564,-0.3294936405087733,0.021598272138237055,0.022374769810134386,0.09328387125020843,0.2821227047471607,0.0016798656107195032,0.005999520038409543,-0.0009599232061436286,-1.7664986801055662,-1.5488360931125562,0.32445404367650316,-0.015425000000000022,0.09565100000000004,-0.929555,0.06935599999999997,-0.11626400000000003,-0.8883810000000001,0.084781,0.21191500000000008,0.04117399999999993,0.989493700074737,0.08826,0.08826,0.010506299925262974,0.91174,-0.8883810000000001
448,1.866667,walk,1.365083,-0.674512,0.949596,-0.993919,-0.083014,0.060193,-0.40700743940482526,-0.3890088792896499,-0.022558195344381516,0.5498191174061404,-0.07548215139843487,-0.1476353864635992,-0.00023998080151613289,0.0028797696184333834,0.000479961603071398,-1.758099352051809,-1.5281977441804369,0.3074154067674573,-0.01373000000000002,0.09728400000000004,-0.929459,0.06372599999999995,-0.12101099999999998,-0.887006,0.07745599999999997,0.21829500000000002,0.042453000000000074,0.9951177683322381,0.07546999999999998,0.07546999999999998,0.004882231667761916,0.9245300000000001,-0.887006
449,1.870833,walk,1.363859,-0.675872,0.949706,-0.993841,-0.083592,0.060295,-0.2938070091214944,-0.3264522323571923,0.02640422467596192,-0.2594135859223567,0.03946390844224054,0.2933250843067142,-0.00048007681230378377,0.0026404224675908618,0.0012001920307253145,-1.7616418626980737,-1.5290446471435795,0.31180988958233996,-0.012507999999999964,0.09865500000000005,-0.9295640000000001,0.05761100000000008,-0.12602099999999994,-0.8858170000000001,0.07011900000000004,0.224676,0.04374699999999998,0.9951002365522839,0.06253000000000003,0.06253000000000003,0.004899763447716143,0.93747,-0.8858170000000001
450,1.875,walk,1.36244,-0.677299,0.949754,-0.993863,-0.083497,0.059679,-0.34053275737936795,-0.3424526037916835,0.011519078473706892,-0.245205186499361,-0.3188359056252171,-0.017929747079666204,0.00311975041997616,0.0019198464122889224,0.0,-1.7408207343412618,-1.5013198944084454,0.2870170386369075,-0.011076000000000086,0.10009000000000001,-0.929612,0.05177599999999982,-0.13085000000000002,-0.8846689999999999,0.06285199999999991,0.23094000000000003,0.044943000000000066,0.9938947534107221,0.050570000000000004,0.050570000000000004,0.006105246589277913,0.94943,-0.8846689999999999
451,1.879167,walk,1.360626,-0.678634,0.949799,-0.99352,-0.084793,0.052321,-0.43532517398612686,-0.32037437005038755,0.010799136069105207,-6.078977751293642,-4.012563810554291,1.1622645343662492,-0.0028797696184067402,0.0023998080153478313,0.001679865610751142,-1.7494600431965355,-1.5207583393328508,0.32661387089032656,-0.009273999999999782,0.10143499999999994,-0.92965,0.04630000000000001,-0.13585200000000008,-0.8833529999999999,0.05557399999999979,0.23728700000000003,0.04629700000000003,0.993153650600541,0.03702999999999995,0.03702999999999995,0.006846349399459051,0.9629700000000001,-0.8833529999999999
452,1.883333,walk,1.359554,-0.680032,0.949584,-0.993494,-0.085137,0.05175,-0.2573211713874195,-0.3355736917906977,-0.05160825732116438,-0.1982187993583957,-0.2822432476169267,0.1922074795680765,-0.0012001920307328098,0.007201152184343559,-0.0016802688430149408,-1.749639942390799,-1.4851176188190358,0.29956793086894656,-0.008206999999999853,0.10286299999999993,-0.929442,0.04008300000000009,-0.14064100000000002,-0.88189,0.048289999999999944,0.24350399999999994,0.04755200000000004,0.9875144130786382,0.024480000000000002,0.024480000000000002,0.012485586921361813,0.9755199999999999,-0.88189
453,1.8875,walk,1.357906,-0.681776,0.949745,-0.993576,-0.084827,0.05178,-0.39548836093109174,-0.4185265178785854,0.03863690904726794,0.48486639391550385,0.04618932268895665,-0.17757309164874419,0.00023998080151613289,0.005519558435323991,-0.0014398848092150266,-1.736021118310513,-1.4734821214302827,0.31581473482121136,-0.006558000000000064,0.10463,-0.9296089999999999,0.034497,-0.14503699999999997,-0.8807349999999999,0.041055000000000064,0.24966699999999997,0.04887399999999997,0.990484459440552,0.011259999999999992,0.011259999999999992,0.009515540559448032,0.98874,-0.8807349999999999
454,1.891667,walk,1.357076,-0.683894,0.949923,-0.99399,-0.082855,0.058847,-0.1991840652748025,-0.5082793376529726,0.042716582673388556,6.081117827581038,3.8557067174116506,-1.474834856551837,0.011999040076819087,0.012718982481420772,-0.004319654427645913,-1.7091432685385213,-1.437964962802964,0.2999760019198444,-0.00567799999999985,0.10680100000000003,-0.929805,0.028205000000000036,-0.14891100000000002,-0.879663,0.033882999999999885,0.25571200000000005,0.05014200000000002,0.9699810757603511,0.0,0.0,0.030018924239648914,1.0,-0.879663
455,1.895833,walk,1.35592,-0.685366,0.950148,-0.993893,-0.083602,0.058754,-0.27748439750357734,-0.3533365338454125,0.05400864138262712,-0.4294702797865803,-0.0647504021003714,0.38891977467476335,0.0016802688429832047,0.007201152184343176,-0.0012001920307252506,-1.702592414786323,-1.423427748439709,0.30172827652423423,-0.004515000000000047,0.10830300000000004,-0.930035,0.022267999999999954,-0.15336899999999998,-0.8786309999999999,0.026783,0.261672,0.051404000000000005,0.9875144130786526,0.0,0.0,0.01248558692134738,1.0,-0.8786309999999999
456,1.9,walk,1.35435,-0.687124,0.950133,-0.993965,-0.083325,0.05842,-0.3767698584113614,-0.42188624910007355,-0.0035997120230352605,0.3385663866586186,-0.13900858320223547,-0.14794855734794948,0.0014398848092034469,0.0038396928245780495,0.0016798656107512315,-1.7033837293017453,-1.4283657307415956,0.3141348692104786,-0.002939000000000025,0.11007699999999998,-0.930013,0.016739999999999977,-0.157563,-0.8773070000000001,0.019679000000000002,0.26764,0.05270599999999992,0.9926141167456131,0.0,0.0,0.007385883254386938,1.0,-0.8773070000000001
457,1.904167,walk,1.352983,-0.688635,0.950295,-0.993956,-0.083261,0.058142,-0.3280537556995166,-0.3626109911207172,0.038876889848810714,-0.3434046157335071,-0.16318450063292955,-0.003986545707744737,0.0019198464122889224,0.005279577633781215,0.002399808015358655,-1.680825533957273,-1.3830093592512671,0.29901607871369995,-0.0015640000000001208,0.11160999999999999,-0.930165,0.011102999999999863,-0.16181500000000004,-0.876223,0.012666999999999984,0.27342500000000003,0.053942000000000045,0.9898184768727747,0.0,0.0,0.010181523127225311,1.0,-0.876223
458,1.908333,walk,1.350973,-0.689739,0.949972,-0.993639,-0.084896,0.050356,-0.48247719635141917,-0.2650024003840527,-0.07753240518481838,-5.620112118700958,-4.1739907497326065,1.2979902142543407,0.0019203072491617336,0.008401344215075922,0.0009601536245800339,-1.6697071531444483,-1.371099375900092,0.29044647143542235,0.00045399999999995444,0.11274899999999999,-0.929838,0.006156999999999968,-0.166423,-0.8746900000000001,0.005703000000000014,0.279172,0.055147999999999975,0.9855477741493099,0.0,0.0,0.01445222585069006,1.0,-0.8746900000000001
459,1.9125,walk,1.349557,-0.691384,0.950058,-0.99365,-0.084903,0.049997,-0.3398128149748195,-0.3947684185265167,0.02063834893206595,-0.040237934335425385,-0.1760206194166305,0.015033779588839606,0.0033597312214922927,0.007919366450671823,0.002399808015358655,-1.6549076073913993,-1.3513318934485263,0.2644588432925326,0.0018839999999999968,0.11442699999999995,-0.9299139999999999,0.0006770000000000387,-0.17040900000000003,-0.873674,0.001206999999999958,0.284836,0.05623999999999996,0.9851149555508374,0.0,0.0,0.01488504444916261,1.0,-0.873674
460,1.916667,walk,1.348056,-0.693105,0.950149,-0.993696,-0.084618,0.049811,-0.36021118310536193,-0.4130069594432568,0.021838252939780995,0.10447630103961415,-0.08847918669987569,-0.13810475096799762,0.002159827213858457,0.010559155267589635,0.0,-1.63450923926091,-1.3503719702424273,0.27165826733862725,0.003394000000000119,0.11619199999999996,-0.930005,-0.004632999999999887,-0.174315,-0.872633,0.008027000000000006,0.29050699999999996,0.05737199999999998,0.9820370277794392,0.0,0.0,0.017962972220560758,1.0,-0.872633
461,1.920833,walk,1.347558,-0.695511,0.950687,-0.994044,-0.082715,0.056927,-0.11953912626017134,-0.5775324051848184,0.12914066250598,5.279968390090256,3.814380446979179,-1.387828580198852,0.0031204992798944792,0.010081613058085775,-0.0009601536245792011,-1.6404224675947718,-1.2700432069130823,0.31012962073931016,0.0039050000000000473,0.11863999999999997,-0.9305469999999999,-0.010969000000000007,-0.17720000000000002,-0.871879,0.014874000000000054,0.29584,0.05866799999999994,0.9823381820654161,0.0,0.0,0.01766181793458388,1.0,-0.871879
462,1.925,walk,1.346007,-0.697369,0.950713,-0.994132,-0.082229,0.056506,-0.3722102231821618,-0.4458843292536626,0.00623950083995232,0.2743100024456215,-0.19075423892815435,-0.24221693341972864,0.0043196544276101105,0.00911927045835906,0.002879769618430053,-1.6445884329253528,-1.2764578833693117,0.2891768658507292,0.005473999999999979,0.12053599999999998,-0.9305610000000001,-0.016270999999999924,-0.18066099999999996,-0.8707,0.021744999999999903,0.30119699999999994,0.05986100000000005,0.9825108302463508,0.0,0.0,0.017489169753649225,1.0,-0.8707
463,1.929167,walk,1.344192,-0.699263,0.950842,-0.994229,-0.081604,0.055685,-0.43556515478758967,-0.45452363810893615,0.03095752339811225,0.008331740826735823,-0.40765390923459294,-0.2850604216778989,0.009839212862960744,0.005279577633807858,0.003839692824573682,-1.615310775137987,-1.3366930645548434,0.33405327573793947,0.007329999999999837,0.122452,-0.930674,-0.021187000000000067,-0.18433700000000008,-0.869437,0.028516999999999904,0.3067890000000001,0.061236999999999986,0.98032011103089,0.0,0.0,0.019679888969109993,1.0,-0.869437
464,1.933333,walk,1.342619,-0.700984,0.950865,-0.994275,-0.08142,0.054776,-0.3775804128660795,-0.41310609697554684,0.005520883341333616,-0.18937730001190112,-0.45693341462167975,-0.059002751232225835,0.007201152184396859,0.007201152184343559,0.002640422467595026,-1.6274603936630303,-1.2777244359097706,0.22563610177628918,0.00893300000000008,0.12420300000000006,-0.930686,-0.02639400000000003,-0.18793899999999997,-0.86852,0.03532700000000011,0.31214200000000003,0.062166000000000055,0.9824655088807247,0.0,0.0,0.017534491119275297,1.0,-0.86852
465,1.9375,walk,1.340218,-0.702365,0.950687,-0.993877,-0.083347,0.048675,-0.57619390448766,-0.3314134869210355,-0.042716582673388556,-5.211401485630072,-3.3117687436452643,1.3615513470497551,0.006239500839899033,0.00767938564915569,0.0009599232061436286,-1.6150707943364173,-1.270218382529386,0.22774178065754697,0.011360000000000037,0.12561600000000006,-0.930504,-0.030722999999999834,-0.191851,-0.867393,0.04208299999999987,0.31746700000000005,0.06311100000000003,0.9834314733403919,0.0,0.0,0.016568526659608063,1.0,-0.867393
466,1.941667,walk,1.338505,-0.704359,0.950828,-0.993965,-0.082649,0.048489,-0.4110871130309192,-0.478521718262521,0.033837293016572276,0.17610523558920987,-0.09347916686441374,-0.34062843810668164,0.005039596832265082,0.006239500839925676,0.001679865610751142,-1.4516438684905026,-1.1747060235181055,0.33141348692104217,0.013093999999999939,0.12763599999999997,-0.930638,-0.03505899999999995,-0.19475200000000004,-0.866153,0.04815299999999989,0.322388,0.06448500000000001,0.9863423957451664,0.0,0.0,0.013657604254833644,1.0,-0.866153
467,1.945833,walk,1.337707,-0.706759,0.951001,-0.994421,-0.080431,0.054503,-0.1915506481037199,-0.5760921747479911,0.04152664426307806,5.598556712132031,3.2910578073766668,-1.5174011548367894,0.0031204992798946458,0.007681228996647344,0.0002400384061452295,-1.5621699471916344,-1.1754680748920228,0.143542966874704,0.013905000000000056,0.13006800000000007,-0.93081,-0.040769000000000055,-0.197249,-0.8657279999999999,0.05467400000000011,0.3273170000000001,0.06508200000000008,0.9861760661360266,0.0,0.0,0.013823933863973403,1.0,-0.8657279999999999
468,1.95,walk,1.335854,-0.708868,0.951049,-0.994524,-0.07951,0.054231,-0.44468442524594876,-0.5061195104391676,0.011519078473733534,0.14928309863452643,-0.13766744162428154,-0.44700635061744354,0.005759539236866767,0.006479481641468453,0.0002399808015361153,-1.5742740580753178,-1.097432205423543,0.031197504199665015,0.015781999999999963,0.1322040000000001,-0.930857,-0.04547600000000007,-0.19971299999999992,-0.865646,0.061258000000000035,0.331917,0.06521100000000002,0.9855457075437164,0.0,0.0,0.014454292456283602,1.0,-0.865646
469,1.954167,walk,1.334055,-0.710809,0.951098,-0.994578,-0.079204,0.05348,-0.4317254619630651,-0.4658027357811269,0.011759059275249667,-0.1037878164616634,-0.3759037017571051,-0.12659139091006155,0.0028797696184067402,0.0038396928245512016,0.002399808015358655,-1.5831533477321607,-1.0993520518358584,0.10463162946963969,0.01759299999999997,0.13416099999999997,-0.930896,-0.05027399999999993,-0.202353,-0.865259,0.0678669999999999,0.336514,0.06563699999999995,0.9910564435745635,0.0,0.0,0.008943556425436539,1.0,-0.865259
470,1.958333,walk,1.332374,-0.712795,0.951095,-0.994597,-0.078908,0.053449,-0.4035045607297162,-0.4767162746039073,-0.0007201152184289877,-0.07098326517553603,-0.0262885419820832,-0.13795262433631092,0.011041766682666643,0.008401344215075922,0.001200192030724418,-1.4975996159385345,-1.1603456553048181,0.19299087854056102,0.019320000000000004,0.13618199999999991,-0.930888,-0.05483199999999999,-0.20520100000000008,-0.864452,0.074152,0.341383,0.06643600000000005,0.9767893907755496,0.0,0.0,0.023210609224450396,1.0,-0.864452
471,1.9625,walk,1.33075,-0.714753,0.951073,-0.994619,-0.078469,0.053562,-0.3897288216942457,-0.46988240940727255,-0.005279577633808139,-0.0967370203649883,0.03823219942671131,-0.20824282264828145,0.0026397888168907483,0.017998560115202945,-0.00623950083993267,-1.500119990400838,-1.07583393328539,0.10775137988961495,0.020954999999999835,0.13821499999999998,-0.9308919999999999,-0.05945900000000015,-0.20772600000000008,-0.8639809999999999,0.08041399999999999,0.34594100000000005,0.06691100000000005,0.9679476113756333,0.0,0.0,0.03205238862436666,1.0,-0.8639809999999999
472,1.966667,walk,1.329134,-0.716748,0.950942,-0.994637,-0.078456,0.053173,-0.3878089752819893,-0.47876169906409044,-0.0314374850011978,-0.02685864576077246,-0.18969753047707005,0.003067005694933932,0.007439404847639557,0.005279577633781215,0.0014398848092150266,-1.4497240220782137,-1.0765538756899342,0.18958483321334124,0.02260200000000001,0.14023200000000002,-0.930755,-0.06388400000000005,-0.210217,-0.8630599999999999,0.08648600000000006,0.350449,0.06769500000000006,0.9846077262579553,0.0,0.0,0.01539227374204466,1.0,-0.8630599999999999
473,1.970833,walk,1.325899,-0.71816,0.950972,-0.994488,-0.080686,0.05401,-0.7765242438790231,-0.3389342294766995,0.0072011521843698256,0.8910157043090655,0.5163129408204385,1.0073717283152246,0.006961113778217946,0.008161305808924043,0.0002400384061452167,-1.5405664906384684,-0.9685549687949833,0.09985597695631021,0.025866000000000167,0.14167799999999997,-0.9307840000000001,-0.06706699999999999,-0.21284000000000003,-0.862674,0.09293300000000015,0.354518,0.06811,0.9821175414957299,0.0,0.0,0.01788245850427006,1.0,-0.862674
474,1.975,walk,1.324219,-0.720159,0.951011,-0.994388,-0.081107,0.053095,-0.4031677465802474,-0.47972162227020826,0.009359251259901835,-1.2886966295861255,-0.5343155915456932,0.2946098232004892,0.010799136069078563,0.005279577633807858,0.0031197504199661683,-1.5569954403647708,-1.0230381569474138,-0.030237580993520554,0.02759099999999992,0.14369900000000002,-0.93081,-0.07187500000000013,-0.21510399999999996,-0.862839,0.09946600000000005,0.358803,0.067971,0.9793018973955503,0.0,0.0,0.02069810260444971,1.0,-0.862839
475,1.979167,walk,1.322876,-0.722087,0.950878,-0.99431,-0.081563,0.052446,-0.3222942164627203,-0.462682985361202,-0.031917446604285055,-0.7884661081585752,-0.36567415280781806,0.277856055402022,-0.013918886489055465,0.003359731221492472,-0.029517638588914614,-1.4838012958963547,-0.9757619390449244,-0.09503239740821014,0.028876000000000124,0.14564100000000002,-0.9308,-0.07671499999999987,-0.21724199999999994,-0.863102,0.10559099999999999,0.36288299999999996,0.06769799999999992,0.9453212873322294,0.0,0.0,0.05467871266777058,1.0,-0.863102
476,1.983333,walk,1.321148,-0.724218,0.950719,-0.994356,-0.081039,0.05278,-0.41478636581850803,-0.5115218434949438,-0.038166106577056144,0.19953183472717823,0.16562263211983133,-0.2708608213311292,-0.01704272683633037,0.010561689870389534,-0.05136821891502474,-1.5180028804608312,-0.9505520883341253,-0.0660105616898713,0.03053299999999992,0.14781600000000006,-0.930855,-0.08131099999999991,-0.21907100000000002,-0.863218,0.11184399999999983,0.3668870000000001,0.06763699999999995,0.9080957964714531,0.0,0.0,0.09190420352854689,1.0,-0.863218
477,1.9875,walk,1.319647,-0.726012,0.950454,-0.994367,-0.081525,0.053881,-0.3602111831053427,-0.43052555795535125,-0.06359491240699729,1.2077127885154864,0.6362506622655202,0.14274710317480466,0.0009599232061711044,0.05855531557475885,-0.02903767698584081,-1.412526997840176,-0.986081113510892,0.04775617950564032,0.03203800000000001,0.14985400000000004,-0.9307110000000001,-0.085696,-0.22138599999999997,-0.862754,0.117734,0.37124,0.06795700000000005,0.891055147496092,0.0,0.0,0.10894485250390795,1.0,-0.862754
478,1.991667,walk,1.318051,-0.728685,0.950209,-0.994569,-0.079194,0.054103,-0.38300935925124036,-0.6414686825054035,-0.058795296376301626,0.22470650164065922,0.07856350119703165,-1.1404635171879702,0.023998080153584886,0.0314374850011978,0.003839692824573682,-1.434845212382988,-0.9515238780897447,-0.016078713702903074,0.03373399999999993,0.15265800000000007,-0.93045,-0.09007900000000002,-0.22267799999999993,-0.862576,0.12381299999999995,0.375336,0.06787399999999999,0.9337729797664481,0.0,0.0,0.06622702023355187,1.0,-0.862576
479,1.995833,walk,1.317293,-0.730879,0.949811,-0.994563,-0.078579,0.053051,-0.1819491118579107,-0.5266442630820871,-0.09553528564570805,-1.238524303399053,-0.614603029570205,-0.20432127959173824,0.009361497839630637,0.009361497839630637,-0.0014402304368697112,-1.3982237157945558,-0.9500720115218723,-0.03120499279884985,0.03453099999999987,0.1548909999999999,-0.9300579999999999,-0.09514599999999995,-0.22444200000000003,-0.862308,0.12967699999999982,0.3793329999999999,0.06774999999999998,0.9778045583186983,0.0,0.0,0.02219544168130172,1.0,-0.862308
480,2.0,walk,1.316218,-0.733414,0.949409,-0.994693,-0.076872,0.053169,-0.25797936165105084,-0.6083513318934595,-0.0964722822174251,-0.017540537153682114,0.019912138406553637,-0.8236592660209291,0.005759539236866767,0.0021598272138316985,0.00215982721382254,-1.3434125269978279,-0.9464842812575063,-0.034317254619631185,0.03562999999999983,0.157435,-0.929647,-0.09966900000000001,-0.22585100000000002,-0.862049,0.13529899999999984,0.383286,0.06759800000000005,0.9891344070816555,0.0,0.0,0.010865592918344547,1.0,-0.862049
481,2.004167,walk,1.313481,-0.734599,0.949384,-0.994263,-0.081213,0.053773,-0.6568274538037765,-0.2843772498200254,-0.00599952003838322,-0.48325822300989696,0.34546337565651714,2.105943907297277,0.00671946244303823,0.004319654427663628,-0.0007199424046075517,-1.3460523158148436,-0.9666426685865381,-0.020878329733619833,0.03839500000000018,0.15863800000000006,-0.929625,-0.102541,-0.22869399999999995,-0.862111,0.14093600000000017,0.387332,0.06751400000000007,0.9866324494303278,0.0,0.0,0.013367550569672204,1.0,-0.862111
482,2.008333,walk,1.311926,-0.736853,0.948846,-0.994211,-0.081163,0.052043,-0.3732597215554322,-0.5410465674507721,-0.12914066250600664,-1.4709721062662002,-0.950954089890288,0.0979426403345358,0.009361497839630138,0.0031204992798678295,0.0009601536245800339,-1.2784445511281315,-0.9498319731156963,-0.05112818050888118,0.03998900000000005,0.16090499999999996,-0.929083,-0.10631199999999996,-0.23039700000000007,-0.8617859999999999,0.14630100000000001,0.39130200000000004,0.06729700000000005,0.9834758549943954,0.0,0.0,0.016524145005604618,1.0,-0.8617859999999999
483,2.0125,walk,1.31051,-0.739022,0.948483,-0.994119,-0.081439,0.051882,-0.33981281497474813,-0.5205183585312801,-0.08711303095751863,-0.7548072941102804,-0.13077034732734644,0.17904127823415072,0.0079193664506714,0.0028797696184332303,-0.0014398848092149498,-1.225341972642127,-0.9469642428604881,-0.08327333813294431,0.041437999999999864,0.16308599999999995,-0.9287259999999999,-0.11000200000000016,-0.232174,-0.8617699999999999,0.15144000000000002,0.39525999999999994,0.06695600000000002,0.9857519293412251,0.0,0.0,0.01424807065877487,1.0,-0.8617699999999999
484,2.016667,walk,1.308697,-0.741383,0.948041,-0.994213,-0.080795,0.052045,-0.4350851931845806,-0.5665946724262456,-0.10607151427884873,0.4621913300415076,0.09979830877118354,-0.3399620670935578,0.009119270458359545,0.001679865610746236,0.0002399808015361281,-1.2387808975282277,-0.9599232061435532,-0.06863450923926269,0.04328899999999991,0.165454,-0.928283,-0.11335099999999998,-0.23381299999999994,-0.861614,0.1566399999999999,0.3992669999999999,0.06666899999999998,0.9845403183024733,0.0,0.0,0.01545968169752665,1.0,-0.861614
485,2.020833,walk,1.307148,-0.743641,0.947734,-0.994216,-0.080711,0.053328,-0.3718194911185742,-0.542006721075353,-0.07369179068652155,0.5916039030749494,0.6626487998065624,-0.10346120343124969,0.006961113778217946,0.0014402304368846249,-0.0031204992798853186,-1.1944311089774255,-0.9661545847335444,-0.09625540086413528,0.04486699999999999,0.16771800000000003,-0.927989,-0.11677800000000005,-0.23558,-0.8617079999999999,0.16164500000000004,0.40329800000000005,0.06628100000000003,0.9870611604826153,0.0,0.0,0.012938839517384726,1.0,-0.8617079999999999
486,2.025,walk,1.305786,-0.74593,0.947516,-0.994214,-0.080129,0.055226,-0.32685385169190007,-0.5493160547156444,-0.05231581473480931,0.48129346831068054,0.9389689025061773,-0.350713191144942,0.0088792896568434,0.0026397888168907483,0.0009599232061436797,-1.1691864650828439,-0.8886489080873964,-0.10271178305736291,0.04626600000000014,0.170018,-0.927767,-0.12028799999999995,-0.23699400000000004,-0.8619180000000001,0.1665540000000001,0.40701200000000004,0.06584899999999994,0.9844783554019985,0.0,0.0,0.015521644598001538,1.0,-0.8619180000000001
487,2.029167,walk,1.304624,-0.749139,0.947192,-0.99469,-0.0768,0.051341,-0.2788576913846447,-0.770098392128587,-0.07775377969761728,0.12071119059026367,-1.935174946249165,-1.5248089111499679,0.010319174466045748,0.0023998080153477034,-0.00023998080153526992,-1.1183105351570921,-0.8857691384688685,-0.14494840412765939,0.04747100000000004,0.17323699999999997,-0.927444,-0.12378599999999995,-0.23747600000000002,-0.862198,0.171257,0.410713,0.06524600000000003,0.9823378912360448,0.0,0.0,0.017662108763955242,1.0,-0.862198
488,2.033333,walk,1.303544,-0.751906,0.946235,-0.994806,-0.074956,0.051966,-0.25924147863659514,-0.6641862698032125,-0.22971675468076366,0.017122233250504625,0.2618512129428057,-0.9027385766832579,0.011761881901096885,0.0036005760921719717,-0.00048007681229048457,-1.0892942870860567,-0.8653384541527256,-0.16058569371100717,0.04859999999999998,0.17601899999999993,-0.926489,-0.12724400000000013,-0.23831400000000003,-0.8619100000000001,0.1758440000000001,0.41433299999999995,0.06457899999999994,0.979483307081213,0.0,0.0,0.020516692918786994,1.0,-0.8619100000000001
489,2.0375,walk,1.300689,-0.752659,0.945999,-0.993979,-0.081405,0.054201,-0.6851451883848999,-0.18070554355650534,-0.05663546916246691,-1.949569473661629,1.0760566839930248,3.165609702475713,0.013198944084452335,0.002639788816890467,-0.0011999040076788473,-1.058795296376192,-0.8509719222461802,-0.20374370050394788,0.051509999999999945,0.1767829999999999,-0.926258,-0.12880099999999994,-0.24110700000000007,-0.862523,0.1803109999999999,0.41789,0.06373499999999999,0.9774771486676603,0.0,0.0,0.022522851332339666,1.0,-0.862523
490,2.041667,walk,1.298835,-0.755173,0.944995,-0.994043,-0.081428,0.051963,-0.44492440604754185,-0.6033117350612266,-0.24094072474203282,-0.4213869195684064,-1.1106528095197061,0.08940220072399377,0.014878809695226619,0.0,-0.0002399808015361281,-0.9428845692345215,-0.8768898488121195,-0.24310055195585464,0.053425999999999974,0.17929699999999993,-0.925255,-0.130876,-0.242247,-0.8625320000000001,0.18430199999999997,0.4215439999999999,0.06272299999999997,0.975198758502632,0.0,0.0,0.024801241497367954,1.0,-0.8625320000000001
491,2.045833,walk,1.297315,-0.757531,0.944873,-0.99401,-0.081231,0.053951,-0.36485837734035625,-0.566010561689848,-0.02928468554970311,0.45725894243051624,0.989048704060061,-0.1691598954139589,0.012241958713399389,0.001680268843036504,-0.0007201152184348172,-1.02208353336528,-0.8370139222275378,-0.2914066250599999,0.05499699999999996,0.181662,-0.925136,-0.1336139999999999,-0.24337600000000004,-0.863624,0.18861099999999986,0.425038,0.06151200000000001,0.9793705023453958,0.0,0.0,0.0206294976546042,1.0,-0.863624
492,2.05,walk,1.296032,-0.760541,0.943788,-0.994405,-0.078738,0.053123,-0.30789536837052595,-0.7223422126230395,-0.2603791696664392,1.463688002528819,-0.34281224313019915,-1.2658584927390042,0.010079193664530701,0.0007199424046017234,0.0,-0.9241660667147168,-0.8269738420926848,-0.3030957523398267,0.05632199999999998,0.18467500000000003,-0.924051,-0.13618200000000003,-0.24381200000000003,-0.863802,0.192504,0.42848700000000006,0.060249,0.9831585446992432,0.0,0.0,0.016841455300756758,1.0,-0.863802
493,2.054167,walk,1.29551,-0.763613,0.94295,-0.994619,-0.075959,0.05398,-0.12526997840175227,-0.7372210223181609,-0.20110391168705408,0.3587360347858917,0.37811578816984776,-1.377880766070792,0.011999040076765161,-0.0007199424046016468,0.0016798656107510524,-0.8586513078953355,-0.8262538996879417,-0.31797456203501945,0.056894,0.18774400000000002,-0.923206,-0.13923799999999997,-0.24418299999999993,-0.864289,0.19613199999999997,0.43192699999999995,0.058917,0.979770948537922,0.0,0.0,0.020229051462077985,1.0,-0.864289
494,2.058333,walk,1.294219,-0.76625,0.942107,-0.994586,-0.075095,0.052342,-0.3098895823331483,-0.6329812770043035,-0.20235237638019782,-1.84088532074639,-0.9434436614265934,-0.2738577739271592,0.006721075372092717,-0.0009601536245808668,-0.0007201152184348172,-0.4764762361977554,-1.0756120979356834,0.011521843494960408,0.05821300000000007,0.19037700000000002,-0.922366,-0.13993199999999995,-0.2460270000000001,-0.863398,0.19814500000000002,0.4364040000000001,0.05896800000000002,0.9886210092387613,0.0,0.0,0.011378990761238716,1.0,-0.863398
495,2.0625,walk,1.292772,-0.768686,0.94144,-0.994467,-0.075118,0.051534,-0.3472522198224243,-0.5845932325414219,-0.16006719462443092,-1.463438625876171,-0.4947024877403772,0.11278047264435813,0.010079193664477414,-0.00143988480923009,-0.0011999040076798079,-0.8284137269018882,-0.7811375089993177,-0.3676505879529819,0.05970199999999992,0.19280699999999995,-0.9217040000000001,-0.14193699999999998,-0.24684600000000012,-0.864263,0.2016389999999999,0.43965300000000007,0.057441000000000075,0.9829133594406543,0.0,0.0,0.017086640559345723,1.0,-0.864263
496,2.066667,walk,1.291028,-0.771206,0.940768,-0.994408,-0.07511,0.051624,-0.4185265178785811,-0.60475161987043,-0.16126709863211822,-0.49941301795861764,0.006864263909427141,0.021673313160057488,0.009599232061445124,-0.00023998080151614568,-0.0014398848092151033,-0.798656107511435,-0.7369810415166701,-0.4310055195584531,0.06148599999999993,0.195326,-0.921038,-0.143521,-0.24739699999999998,-0.865387,0.20500699999999994,0.442723,0.055651000000000006,0.983817351952513,0.0,0.0,0.016182648047487036,1.0,-0.865387
497,2.070833,walk,1.291138,-0.77443,0.940727,-0.994649,-0.072342,0.052206,0.026404224675907213,-0.7738838214114058,-0.009841574651960547,0.5128499982061471,0.2460005183206846,-1.3759760018852463,0.11737878060488437,-0.04992798847817842,0.08665386461833662,-0.7117138742198812,-0.7311569851176238,-0.40758521363417155,0.06186500000000006,0.1983419999999999,-0.920636,-0.14659599999999995,-0.24721900000000008,-0.8670439999999999,0.208461,0.445561,0.053592000000000084,0.7429900865343706,0.0,0.0,0.2570099134656294,1.0,-0.8670439999999999
498,2.075,walk,1.287539,-0.776377,0.939429,-0.99442,-0.075258,0.052328,-0.8636909047275471,-0.467242620590332,-0.31149508039355467,0.011543899821095273,0.13316173149963742,1.3996864386097463,0.016318694504428327,0.004079673626120404,-0.003119750419966835,-0.6395488360930538,-0.6983441324693522,-0.40964722822171734,0.06553199999999992,0.20030599999999998,-0.9193509999999999,-0.14566199999999996,-0.248182,-0.8674529999999999,0.21119399999999988,0.448488,0.051898,0.9714870219652618,0.0,0.0,0.02851297803473818,1.0,-0.8674529999999999
499,2.079167,walk,1.285507,-0.779231,0.938692,-0.994614,-0.074851,0.052834,-0.4876409887209327,-0.6849052075834302,-0.17686585073194655,1.7642704806621494,0.36174238823466653,-0.3080265807396261,0.015838732901397777,0.001679865610746236,-0.00023998080153529548,-0.6155507559395358,-0.6700263978881769,-0.47036237101034145,0.06763000000000008,0.203167,-0.918615,-0.14619499999999985,-0.2481199999999999,-0.868676,0.21382499999999993,0.4512869999999999,0.049938999999999956,0.9734510410762235,0.0006100000000000549,0.0006100000000000549,0.02654895892377651,0.99939,-0.868676
500,2.083333,walk,1.283855,-0.78171,0.937932,-0.994533,-0.075619,0.054805,-0.39654344695149824,-0.5950552088333992,-0.18242918867017813,0.7881088593558399,1.0243784017046722,0.27906641639801016,0.0115218434949704,0.0031204992798944792,-0.0007201152184348172,-0.48895823331733335,-0.6389822371579672,-0.36653864618337945,0.06933000000000011,0.20565900000000004,-0.917858,-0.14657999999999993,-0.24830300000000005,-0.869443,0.21591000000000005,0.4539620000000001,0.048414999999999986,0.9800689410992238,0.015850000000000086,0.015850000000000086,0.019931058900776177,0.9841499999999999,-0.869443
501,2.0875,walk,1.281153,-0.784456,0.937416,-0.99466,-0.075862,0.054108,-0.6484281257499653,-0.658987281017555,-0.12383009359250888,1.1495982406635694,-0.24581415017382857,0.06556296872176808,0.013198944084453742,-0.002159827213831814,-0.0011999040076798079,-0.5308375329974091,-0.547876169906441,-0.5512359011279334,0.07208700000000001,0.20839600000000003,-0.917347,-0.14609000000000005,-0.24784000000000006,-0.871224,0.21817700000000007,0.4562360000000001,0.046123000000000025,0.9776196546939935,0.03877000000000003,0.03877000000000003,0.02238034530600652,0.96123,-0.871224
502,2.091667,walk,1.278785,-0.78705,0.936718,-0.994648,-0.076813,0.053931,-0.5682745380369046,-0.6225101991840238,-0.16750659947202637,0.5942171443124146,-0.02096890768145176,0.42756868561257133,0.011519078473732921,-0.00095992320614441,0.003119750419966002,-0.4420446364290346,-0.5214782817374246,-0.4612431005519294,0.07450299999999999,0.210986,-0.916636,-0.14556400000000003,-0.24741900000000006,-0.8724480000000001,0.220067,0.45840500000000006,0.044187999999999894,0.980045644855168,0.058120000000000116,0.058120000000000116,0.019954355144832014,0.9418799999999998,-0.8724480000000001
503,2.095833,walk,1.276713,-0.789632,0.936055,-0.994566,-0.077689,0.053969,-0.4973595775324623,-0.6197791646663893,-0.1591454632741557,-0.11937583616990295,0.027702515237333362,0.4280667557013244,0.01104176668266782,-0.001440230436858129,0.0019203072491602725,-0.3879020643303384,-0.4510321651464505,-0.5115218434949983,0.07662100000000005,0.21356200000000003,-0.9159649999999999,-0.14510800000000001,-0.24671600000000005,-0.8739159999999999,0.22172900000000006,0.4602780000000001,0.042049,0.9811672230821942,0.07950999999999997,0.07950999999999997,0.018832776917805827,0.92049,-0.8739159999999999
504,2.1,walk,1.274553,-0.792369,0.935228,-0.994589,-0.077996,0.054255,-0.5183585313174486,-0.6568274538036531,-0.19846412287016363,0.694226590190189,0.1967375360713706,0.10192819451902507,0.009359251259874694,-0.00383969282457764,0.004799616030717054,-0.3083753299735787,-0.3671706263498772,-0.49124070074391063,0.07881999999999989,0.216283,-0.915118,-0.14423300000000006,-0.2455090000000001,-0.8751359999999999,0.22305299999999995,0.4617920000000001,0.03998200000000007,0.9813381599115785,0.10017999999999999,0.10017999999999999,0.018661840088421533,0.8998200000000001,-0.8751359999999999
505,2.104167,walk,1.272565,-0.795104,0.934545,-0.994538,-0.078504,0.054194,-0.4770818334533697,-0.6563474922006642,-0.16390688744900897,-0.14352434297380923,-0.029935391284937014,0.25426012135134357,0.0009599232061711556,0.003359731221492472,0.0021598272138234876,-0.27765778737704044,-0.3429325653947607,-0.4698824094072692,0.0808120000000001,0.219032,-0.914426,-0.14340200000000003,-0.24420299999999995,-0.8764109999999999,0.22421400000000014,0.46323499999999995,0.03801500000000002,0.9931536506005045,0.11985000000000007,0.11985000000000007,0.006846349399495466,0.88015,-0.8764109999999999
506,2.108333,walk,1.270836,-0.797818,0.933813,-0.994445,-0.078887,0.054749,-0.41502640422463327,-0.6514642342774651,-0.17570811329811206,-0.36759236923479394,0.24719311679255893,0.19441537446367338,-0.0036005760921982376,0.005040806529056213,0.004800768122899337,-0.2837253960633663,-0.29884781565048163,-0.44335093614977217,0.08252599999999988,0.22176700000000005,-0.913674,-0.14285500000000018,-0.2427339999999999,-0.877526,0.22538100000000005,0.46450099999999994,0.03614799999999996,0.9869380479137846,0.13852000000000003,0.13852000000000003,0.013061952086215411,0.86148,-0.877526
507,2.1125,walk,1.268801,-0.800795,0.933011,-0.994488,-0.078604,0.054899,-0.4883609311255344,-0.7144228461723406,-0.1924646028317749,0.29801564769897654,0.08922093287819272,-0.15688599103141215,0.0002399808015694321,0.005519558435324285,0.0038396928245738866,-0.28941684665223744,-0.2680585553155953,-0.40028797696186036,0.08456200000000003,0.22476700000000005,-0.912856,-0.14202599999999999,-0.24087399999999992,-0.8783920000000001,0.226588,0.46564099999999997,0.03446399999999994,0.988786620455262,0.15536,0.15536,0.011213379544738,0.8446400000000001,-0.8783920000000001
508,2.116667,walk,1.266641,-0.804163,0.933038,-0.9947,-0.077305,0.052169,-0.5183585313175019,-0.8082553395727673,0.006479481641468107,-0.3345422288815714,-1.3673449681695273,-0.5499076253029057,0.010559155267561867,-0.0011999040076871733,0.002399808015358527,-0.33237341012721555,-0.22030237580991563,-0.3863690904727387,0.08676600000000012,0.22812999999999994,-0.912873,-0.14125100000000002,-0.23842399999999997,-0.8800290000000001,0.22801700000000014,0.4665539999999999,0.032843999999999984,0.9818421574869208,0.17156000000000005,0.17156000000000005,0.01815784251307917,0.82844,-0.8800290000000001
509,2.120833,walk,1.264738,-0.807047,0.93226,-0.994633,-0.077573,0.052253,-0.45679308689388765,-0.692270763322112,-0.18674987998080536,-0.4481110070228152,0.012365321323171126,0.15233637675506387,0.01176188190109563,0.0004800768123037582,0.003600576092174919,-0.2798847815650428,-0.16994719155068017,-0.3662986077772342,0.08871800000000007,0.231016,-0.91208,-0.14051400000000003,-0.23624800000000012,-0.8807769999999999,0.2292320000000001,0.4672640000000001,0.03130300000000008,0.9794833070812127,0.18697000000000003,0.18697000000000003,0.020516692918787327,0.8130299999999999,-0.8807769999999999
510,2.125,walk,1.262677,-0.810016,0.931587,-0.994555,-0.07745,0.051925,-0.4946004319654338,-0.7125029997600516,-0.16150707943363435,-1.0890842668724765,-0.2427605433116072,0.008758817878971955,0.006479481641468798,-0.0038396928245780495,0.004559635229182271,-0.3066954643628387,-0.15502759779216557,-0.30861531077515264,0.09080599999999994,0.23396899999999998,-0.9113880000000001,-0.13973100000000005,-0.23392500000000005,-0.88139,0.230537,0.46789400000000003,0.02999800000000008,0.9853260248557326,0.20002000000000003,0.20002000000000003,0.014673975144267382,0.7999799999999999,-0.88139
511,2.129167,walk,1.260872,-0.813293,0.930705,-0.99468,-0.076736,0.053627,-0.43316534677229157,-0.7864170866331257,-0.21166306695466516,1.625867082661899,0.9260913047241388,-0.4724676231046075,0.004559635229179773,0.0007199424046017234,0.005759539236861246,-0.35637149028078385,-0.15262778977684424,-0.352291816654683,0.09262999999999999,0.23724900000000004,-0.910482,-0.13941099999999995,-0.23128400000000005,-0.881976,0.23204099999999994,0.4685330000000001,0.02850600000000003,0.987698138949503,0.21494000000000002,0.21494000000000002,0.01230186105049702,0.78506,-0.881976
512,2.133333,walk,1.259188,-0.816291,0.930123,-0.994645,-0.076861,0.053947,-0.40422467594814515,-0.7196351416226268,-0.13970235237636955,-0.10431953009151303,0.14895624982376185,0.059501136789603414,0.0019203072491617336,0.0021603456553136125,0.0040806529044645195,-0.3312530004800526,-0.1413826212193794,-0.3475756120979273,0.09432200000000002,0.24025600000000003,-0.909883,-0.13910699999999987,-0.22887500000000005,-0.882842,0.2334289999999999,0.4691310000000001,0.02704099999999998,0.9916655998335663,0.22959000000000007,0.22959000000000007,0.00833440016643372,0.7704099999999999,-0.882842
513,2.1375,walk,1.257534,-0.819261,0.92946,-0.99459,-0.077146,0.054032,-0.39692824574032726,-0.7127429805615184,-0.1591072714182961,-0.3033812346721257,0.024224355943953148,0.15294715734884737,0.0009599232061710533,0.00503959683223817,0.0028797696184298996,-0.3942884569234368,-0.16318694504438985,-0.5092392608591,0.09598000000000018,0.243247,-0.9092079999999999,-0.1390959999999999,-0.22658500000000004,-0.884301,0.23507600000000006,0.469832,0.0249069999999999,0.9901946638891986,0.25093,0.25093,0.009805336110801366,0.74907,-0.884301
514,2.141667,walk,1.255533,-0.822296,0.928777,-0.994555,-0.077314,0.054034,-0.48020158387329276,-0.7283417326614228,-0.16390688744900897,-0.23036219636389746,-0.01274793629183839,0.0941585403797314,-0.005279577633834783,0.006959443244554375,0.003839692824574719,-0.2939764818814705,-0.1144708423325799,-0.3256539476841994,0.09795899999999991,0.24631100000000006,-0.908509,-0.13832,-0.22402699999999987,-0.884975,0.2362789999999999,0.4703379999999999,0.023534000000000055,0.9840965559938043,0.26466,0.26466,0.0159034440061957,0.73534,-0.884975
515,2.145833,walk,1.253412,-0.82514,0.928301,-0.994408,-0.077726,0.053856,-0.509121459433505,-0.6826692270763034,-0.1142582813249899,-1.2850101742628723,-0.17340659852861115,0.2765411856842372,-0.0060009601536104296,0.00888142102735303,0.0024003840614496685,-0.2352376380220725,-0.05712914066254825,-0.2969275084013366,0.100055,0.24919199999999997,-0.908023,-0.13717899999999994,-0.2214210000000001,-0.8857360000000001,0.23723399999999994,0.47061300000000006,0.022286999999999946,0.9816929729738679,0.27713000000000004,0.27713000000000004,0.018307027026132072,0.7228699999999999,-0.8857360000000001
516,2.15,walk,1.252035,-0.828857,0.926874,-0.994356,-0.076226,0.059255,-0.3304535637149087,-0.8920086393088889,-0.3424526037917284,1.2114819295261785,2.6578856873865266,-0.9145254970115576,-0.00599952003838322,0.01127909767219136,0.005999520038397374,-0.2651787856971884,-0.09239260859128276,-0.3290136789057019,0.10140700000000002,0.25295599999999996,-0.906571,-0.1369070000000001,-0.21808899999999998,-0.88568,0.23831400000000014,0.47104499999999994,0.020890999999999993,0.9764765763498424,0.29109,0.29109,0.023523423650157582,0.7089099999999999,-0.88568
517,2.154167,walk,1.249974,-0.831905,0.926464,-0.994335,-0.076564,0.059118,-0.49460043196543435,-0.7314614830813211,-0.09839212862970878,-0.024475783839701167,-0.06061472585484115,0.1672753501935356,-0.005279577633780934,0.0014398848092032936,0.010559155267577686,-0.2709383249339733,-0.1051115910727463,-0.32661387089030913,0.10344600000000015,0.25600999999999996,-0.906117,-0.13597499999999996,-0.2154790000000001,-0.886631,0.2394210000000001,0.47148900000000005,0.019486000000000003,0.980178367021266,0.30514,0.30514,0.01982163297873396,0.69486,-0.886631
518,2.158333,walk,1.247537,-0.835069,0.926003,-0.994304,-0.077026,0.057666,-0.5849735957753758,-0.7594815170427737,-0.1106577052328301,-0.7848238080687551,-0.7479703279444134,0.302968892998358,-0.010321651464238754,0.002160345655313843,0.014642342774844788,-0.219155064810373,-0.040326452232347404,-0.2810849735957972,0.10584000000000016,0.25918299999999994,-0.905595,-0.13445099999999988,-0.2124830000000001,-0.887341,0.24029100000000003,0.47166600000000003,0.018253999999999992,0.9699259347501084,0.31745999999999996,0.31745999999999996,0.030074065249891646,0.68254,-0.887341
519,2.1625,walk,1.245633,-0.838109,0.925646,-0.994209,-0.077154,0.058432,-0.4569234461242596,-0.7295416366690323,-0.08567314614831532,-0.4358505254129089,0.3393194570858869,0.07146191033475564,-0.0095992320614441,-0.0011999040076871733,0.017278617710582728,-0.237580993520515,-0.04343652507798793,-0.28869690424764327,0.10770400000000002,0.26221799999999995,-0.9051659999999999,-0.13353700000000002,-0.20962400000000003,-0.888187,0.24124100000000004,0.471842,0.016978999999999966,0.9669959743286443,0.33021,0.33021,0.03300402567135574,0.66979,-0.888187
520,2.166667,walk,1.243739,-0.841187,0.925299,-0.994074,-0.07765,0.059569,-0.454523638108987,-0.7386609071274696,-0.08327333813294986,-0.3208697105281208,0.5349827880195726,0.23321906775184845,-0.01271898248142145,-0.004559635229179773,0.01991840652747865,-0.20278377729782174,-0.06743460523157872,-0.2747780177585919,0.109545,0.265277,-0.904736,-0.13248799999999994,-0.20682699999999998,-0.888985,0.24203299999999994,0.47210399999999997,0.01575099999999996,0.9598853827078033,0.34249000000000007,0.34249000000000007,0.040114617292196675,0.6575099999999999,-0.888985
521,2.170833,walk,1.241218,-0.844347,0.924837,-0.994093,-0.078083,0.059671,-0.605136821891485,-0.7585213634181119,-0.11089774363897019,0.6012569155595863,0.10423055625558227,0.16812681196892276,-0.01488238118099011,-0.0016802688430098544,0.022323571771482666,-0.2203552568410824,-0.050888142102759285,-0.2846855496879422,0.11200399999999999,0.26842999999999995,-0.904181,-0.13088499999999992,-0.20387900000000014,-0.889709,0.2428889999999999,0.4723090000000001,0.01447200000000004,0.9551964029954186,0.35528000000000004,0.35528000000000004,0.044803597004581364,0.64472,-0.889709
522,2.175,walk,1.23631,-0.846139,0.925857,-0.993535,-0.084679,0.054359,-1.1778257739381177,-0.43004559635231526,0.24478041756661087,-2.7271559464675867,-2.6164310631798657,3.4717990092755997,-0.014878809695226619,-0.006479481641468798,0.028077753779698678,-0.16606671466281414,-0.028557715382765938,-0.2666186705063719,0.1168499999999999,0.27019499999999996,-0.905084,-0.12666899999999992,-0.2022060000000001,-0.8918400000000001,0.24351899999999982,0.47240100000000007,0.013243999999999923,0.945949537014978,0.36756,0.36756,0.05405046298502203,0.63244,-0.8918400000000001
523,2.179167,walk,1.23469,-0.849057,0.925637,-0.992599,-0.086281,0.043166,-0.38876889848808643,-0.700263978881641,-0.05279577633788927,-9.63198317255054,-6.134398786155591,1.6373735474704472,-0.034797216222661596,-0.0016798656107460568,0.020878329733620103,-0.15814734821217832,-0.030477561795051716,-0.23974082073432662,0.11832500000000001,0.27310599999999996,-0.904777,-0.12570800000000015,-0.19941500000000012,-0.892619,0.24403300000000017,0.4725210000000001,0.012158000000000002,0.9323084434572976,0.39705871663016484,0.39705871663016484,0.06769155654270242,0.6029412833698351,-0.892619
524,2.183333,walk,1.23212,-0.852265,0.925614,-0.993272,-0.086134,0.054768,-0.6168987037925806,-0.7700432069131089,-0.005520883341333322,8.625375977380575,6.299658117163628,-0.9038959363192246,-0.05544887181951174,0.007441190590495055,0.02088334133461303,-0.13370139222273245,-0.012241958713399389,-0.22491598655784317,0.12066399999999988,0.27634500000000006,-0.904667,-0.12369500000000011,-0.19625800000000004,-0.893533,0.244359,0.4726030000000001,0.011133999999999977,0.900472468231724,0.4520915350730407,0.4520915350730407,0.099527531768276,0.5479084649269593,-0.893533
525,2.1875,walk,1.229862,-0.855313,0.925458,-0.993227,-0.086735,0.054453,-0.5418766498680577,-0.7314614830813724,-0.03743700503960934,-0.06532352249650164,-0.1412718524222289,0.30177172849010847,-0.06743460523157872,0.03815694744421106,0.04511639068874712,-0.14782817374609505,-0.007439404847586667,-0.21574274058076268,0.122641,0.279552,-0.904323,-0.12205299999999997,-0.193241,-0.894276,0.24469399999999997,0.472793,0.010047000000000028,0.8505671153086999,0.46346984929800034,0.46346984929800034,0.14943288469130012,0.5365301507019997,-0.894276
526,2.191667,walk,1.227373,-0.858451,0.925067,-0.993148,-0.087418,0.053692,-0.5973122150228167,-0.7530597552196107,-0.0938324934005395,-0.4635848800129679,-0.38734504886338206,0.37694833362017544,-0.03287736981042957,0.02375809935204338,0.08303335733141706,-0.12886969042477422,-0.0011999040076873012,-0.20182385409168224,0.12499299999999991,0.28278899999999996,-0.903586,-0.12010100000000001,-0.19010800000000005,-0.894726,0.24509399999999992,0.472897,0.008859999999999979,0.8459806364969353,0.5122978654800202,0.5122978654800202,0.15401936350306467,0.4877021345199798,-0.894726
527,2.195833,walk,1.225174,-0.861499,0.924815,-0.99301,-0.0884,0.053257,-0.5278444551128185,-0.731637061929901,-0.06048967834851465,-0.5847313055458323,-0.23243982694256327,0.5194509135473944,-0.04056649063846833,0.006721075372066067,0.08665386461833662,-0.1308209313490165,0.010801728276541413,-0.20979356697070953,0.1270230000000001,0.28586500000000004,-0.902973,-0.11844699999999997,-0.18701499999999993,-0.895348,0.24547000000000008,0.47287999999999997,0.007624999999999993,0.8401415098858183,0.5112907961080073,0.5112907961080073,0.15985849011418174,0.4887092038919927,-0.895348
528,2.2,walk,1.223387,-0.864626,0.9251,-0.993018,-0.088451,0.054071,-0.42884569234458225,-0.7504199664026399,0.06839452843771594,0.4364442854131559,0.43094750806361365,-0.02358630376717243,-0.06431485481164884,0.00887928965681581,0.09791216702663158,-0.11375089992801934,0.024958003359701376,-0.2162227021838119,0.12854199999999993,0.289029,-0.90285,-0.11713400000000007,-0.18378400000000006,-0.896534,0.245676,0.47281300000000004,0.006315999999999988,0.8041965640828643,0.5275234079637996,0.5275234079637996,0.19580343591713567,0.4724765920362004,-0.896534
529,2.204167,walk,1.221134,-0.867688,0.925168,-0.992956,-0.089128,0.052731,-0.5406767458603704,-0.7348212143028915,0.016318694504430065,-0.5401395353546528,-0.6733539158715051,0.3948732734905142,-0.06479481641468797,-0.0038396928245780495,0.10799136069115023,-0.17374610031197024,0.058795296376304755,-0.2517398608111469,0.130525,0.292075,-0.9024679999999999,-0.11560499999999996,-0.180477,-0.897651,0.24612999999999996,0.47255199999999997,0.00481699999999996,0.7900049904089892,0.45183,0.45183,0.2099950095910108,0.54817,-0.897651
530,2.208333,walk,1.21901,-0.87064,0.925203,-0.992837,-0.090165,0.052951,-0.5098415746519339,-0.7085933749399601,0.008401344215075922,-0.09895099036031722,0.1264499198243377,0.49931791837406414,-0.06216994719155116,-0.02016322611617155,0.13202112337973676,-0.14666346615456083,0.060009601536264195,-0.20715314450311464,0.13239,0.29494299999999996,-0.901953,-0.11409199999999986,-0.17727499999999996,-0.898549,0.24648199999999987,0.4722179999999999,0.0034039999999999626,0.7544776823922121,0.5312706158207158,0.5312706158207158,0.24552231760778787,0.4687293841792842,-0.898549
531,2.2125,walk,1.216605,-0.87384,0.924783,-0.992851,-0.090595,0.052338,-0.5771538276938085,-0.7679385649148373,-0.10079193664506722,0.20891656737166833,-0.2649976330262167,0.21218405928652406,-0.06887449004078217,-0.03503719702423474,0.14038876889849422,-0.09719222462203196,0.013678905687539319,-0.15190784737221755,0.13450800000000007,0.29799699999999996,-0.900948,-0.11209199999999986,-0.174018,-0.8987620000000001,0.24659999999999993,0.47201499999999996,0.0021859999999999102,0.7329153952888936,0.6767108343709871,0.6767108343709871,0.2670846047111064,0.3232891656290129,-0.8987620000000001
532,2.216667,walk,1.214358,-0.87691,0.92455,-0.992739,-0.091305,0.051283,-0.5392368610510562,-0.736741060715102,-0.05591552675786526,-0.7685422394206656,-0.5560072906559463,0.4160066657258657,-0.07559395248381234,-0.02831773458122013,0.13342932565393978,-0.08783297336214692,0.0033597312214921136,-0.1279097672186144,0.1364399999999999,0.300949,-0.9001589999999999,-0.11021100000000006,-0.17093400000000003,-0.899062,0.24665099999999995,0.47188300000000005,0.0010969999999999036,0.7400869553078995,0.7303644740497854,0.7303644740497854,0.2599130446921005,0.26963552595021456,-0.899062
533,2.220833,walk,1.212169,-0.879973,0.924428,-0.992729,-0.091902,0.0513,-0.525444071051409,-0.7352376380221509,-0.029284685549679584,0.3906522142811845,0.0599849731929275,0.2650058760151805,-0.05352856457030242,-0.0650504080653007,0.14378300528085605,-0.1507441190590789,-0.01104176668266782,-0.19251080172829194,0.13840600000000003,0.30374100000000004,-0.8994380000000001,-0.10865000000000014,-0.16791699999999998,-0.899742,0.24705600000000016,0.471658,0.00030399999999997096,0.7192190364405578,0.5920712248155937,0.5920712248155937,0.28078096355944215,0.4079287751844063,-0.8994380000000001
534,2.225,walk,1.209947,-0.882883,0.924409,-0.992634,-0.093065,0.051586,-0.5332373410126736,-0.6983441324693522,-0.004559635229179287,0.23825214710055254,0.19202841659619815,0.5386893538507548,-0.08471322294217092,-0.05543556515477974,0.2023038156947321,-0.10631149508038018,0.023038156947465843,-0.1919846412286897,0.14027499999999993,0.30642,-0.898576,-0.10687100000000016,-0.16491099999999992,-0.9005230000000001,0.2471460000000001,0.47133099999999994,0.001947000000000032,0.6034938026884777,0.6322327384160282,0.6034938026884777,0.39650619731152226,0.36776726158397177,-0.898576
535,2.229167,walk,1.20779,-0.885964,0.924351,-0.992587,-0.093573,0.049498,-0.5176385889129553,-0.7393808495320713,-0.013918886489082108,-0.7411206908466612,-1.0587768810407998,0.3461252999832449,-0.10871130309576611,-0.05711543076555852,0.24550035997121425,-0.08111351091911805,0.0016798656107195925,-0.14014878809695894,0.14197900000000008,0.30926299999999995,-0.897495,-0.10505199999999992,-0.16182300000000005,-0.901049,0.247031,0.471086,0.003553999999999946,0.5069584924180559,0.7301033818954301,0.5069584924180559,0.4930415075819441,0.2698966181045699,-0.897495
536,2.233333,walk,1.205529,-0.888992,0.924298,-0.992527,-0.094229,0.048354,-0.5427268362937553,-0.7268362938069965,-0.012722035525703147,-0.3655127675519981,-0.5655185762103367,0.3695623370055994,-0.1389822371579672,-0.026164186269808633,0.3166106577052235,0.01752280364858083,-0.044167066730666574,0.012241958713393558,0.14366099999999982,0.31218199999999996,-0.896123,-0.10271800000000009,-0.15897899999999998,-0.900945,0.2463789999999999,0.47116099999999994,0.004821999999999993,0.45178,0.9182204184605163,0.45178,0.5482199999999999,0.08177958153948373,-0.896123
537,2.2375,walk,1.203404,-0.891913,0.924257,-0.992444,-0.095241,0.047313,-0.5099592032637993,-0.7009839212863175,-0.009839212862961268,-0.21386124341883392,-0.49131600944045717,0.5298661933252199,-0.12718982481400135,-0.043676505879508706,0.2798176145908456,-0.12886969042477422,0.014398848092141042,-0.21478281737461982,0.14525600000000005,0.314921,-0.894916,-0.10112999999999994,-0.15599800000000008,-0.901799,0.246386,0.4709190000000001,0.0068829999999999725,0.43117,0.5818480387336009,0.43117,0.56883,0.4181519612663991,-0.894916
538,2.241667,walk,1.201344,-0.894852,0.924204,-0.992388,-0.096035,0.04754,-0.49436045116386496,-0.7053035757139059,-0.012718982481393451,0.2465581501273753,0.15580659291885302,0.36263442080801284,-0.12550995920326838,-0.07175425965923471,0.289656827453786,-0.12311015118789403,0.013678905687537862,-0.21454283657306084,0.14679299999999995,0.317561,-0.893656,-0.09958299999999998,-0.15300200000000008,-0.90264,0.24637599999999993,0.47056300000000006,0.008983999999999992,0.41016,0.5871109561505463,0.41016,0.5898399999999999,0.4128890438494537,-0.893656
539,2.245833,walk,1.199183,-0.897648,0.924262,-0.992155,-0.09737,0.044678,-0.5187229956792603,-0.6711473835813596,0.013922227556409242,-1.6281016134759876,-1.4919234723743955,0.815610087523782,-0.12217954872776206,-0.10633701392221773,0.3149303888622095,-0.05616898703794073,-0.011521843494917102,-0.12457993278924254,0.14844499999999994,0.31991400000000003,-0.892402,-0.09765600000000019,-0.1502539999999999,-0.903217,0.24610100000000013,0.4701679999999999,0.010815000000000019,0.39185000000000003,0.7714303677932774,0.39185000000000003,0.60815,0.22856963220672255,-0.892402
540,2.25,walk,1.197004,-0.900603,0.92436,-0.992013,-0.098327,0.044248,-0.5229181665467368,-0.7091432685385591,0.023518118550500587,-0.44997076749662707,-0.2198367061394083,0.49754883543562506,-0.12646988240939963,-0.11927045836335574,0.3534917206623637,-0.04415646748259428,-0.010799136069132425,-0.12119030477562395,0.15009700000000015,0.322372,-0.891027,-0.095661,-0.14734399999999992,-0.90382,0.24575800000000014,0.4697159999999999,0.012792999999999943,0.37207,0.7842744481987094,0.37207,0.62793,0.2157255518012906,-0.891027
541,2.254167,walk,1.194941,-0.903478,0.924355,-0.991916,-0.099423,0.04434,-0.49508039356851935,-0.6899448044156689,-0.001199904007660658,0.14015631277287355,0.09261517556226213,0.5179809552166358,-0.12838972882174193,-0.14782817374609505,0.3695704343652676,-0.03311735061194571,-0.009839212862961268,-0.1142308615310829,0.1516249999999999,0.324631,-0.889482,-0.09373600000000004,-0.14450999999999992,-0.9042910000000001,0.24536099999999994,0.4691409999999999,0.014809000000000072,0.35190999999999995,0.8010984418009011,0.35190999999999995,0.64809,0.19890155819909894,-0.889482
542,2.258333,walk,1.193016,-0.906253,0.924422,-0.991823,-0.100517,0.044335,-0.4620739318290691,-0.6661065770523034,0.016082573211696205,0.1382357152168033,0.045630417666994515,0.5202960925917846,-0.1488238118098478,-0.14858377340374923,0.3948631781084867,-0.02976476236198022,-0.015122419587168638,-0.11545847335573346,0.15293,0.32678699999999994,-0.8879039999999999,-0.0919350000000001,-0.1417980000000001,-0.904839,0.2448650000000001,0.46858500000000003,0.016935000000000033,0.33065,0.7996857488131867,0.33065,0.66935,0.20031425118681334,-0.8879039999999999
543,2.2625,walk,1.190969,-0.908989,0.924361,-0.991703,-0.10127,0.042906,-0.49124070074394227,-0.656587473002137,-0.01463882889368227,-0.6756760090337555,-0.730938432931718,0.44262695203461555,-0.1720662347012323,-0.16798656107508525,0.40340772738178365,-0.036477081833434295,-0.02183825293972538,-0.10271178305734946,0.15426000000000006,0.3288230000000001,-0.886162,-0.0900399999999999,-0.13915299999999986,-0.905206,0.24429999999999996,0.46797599999999995,0.01904399999999995,0.30956000000000006,0.8147284487767384,0.30956000000000006,0.6904399999999999,0.18527155122326155,-0.886162
544,2.266667,walk,1.188897,-0.911789,0.924328,-0.991673,-0.102104,0.043065,-0.49724022078232455,-0.6719462443004659,-0.007919366450672245,0.4482934193029695,0.14784580636584893,0.3743189387083895,-0.19030477561796974,-0.17542596592274312,0.40340772738182834,-0.03191744660425841,-0.02279817614595215,-0.11135109191265187,0.15553899999999987,0.33089199999999996,-0.884448,-0.08810099999999998,-0.13644800000000012,-0.905637,0.24363999999999986,0.4673400000000001,0.021189000000000013,0.28811,0.8032376934283865,0.28811,0.71189,0.19676230657161353,-0.884448
545,2.270833,walk,1.186722,-0.914581,0.924407,-0.991637,-0.10284,0.043266,-0.5220835333653333,-0.6701872299567787,0.018963034085438805,0.3608131223382841,0.15633537777073456,0.3303419627955764,-0.22827652424385456,-0.1769083053288448,0.38862217954871775,-0.02976476236198022,-0.030484877580409207,-0.09889582333173016,0.15676299999999999,0.332947,-0.882908,-0.08604999999999996,-0.1337830000000001,-0.9061279999999999,0.24281299999999995,0.4667300000000001,0.023219999999999907,0.26780000000000004,0.8205281458772058,0.26780000000000004,0.7322,0.1794718541227942,-0.882908
546,2.275,walk,1.18472,-0.917295,0.924453,-0.991503,-0.103694,0.042908,-0.48044156467486215,-0.6513078953683988,0.01103911687064857,-0.4037837203368671,-0.18613257929543928,0.44320001588770275,-0.25317974562036866,-0.19846412287018478,0.3714902807775549,-0.02327813774898444,-0.03167746580274226,-0.09623230141589079,0.15771000000000002,0.33483399999999996,-0.8814059999999999,-0.08414499999999991,-0.13120100000000012,-0.906575,0.24185499999999993,0.4660350000000001,0.025169000000000108,0.24831000000000003,0.8267468985964348,0.24831000000000003,0.75169,0.1732531014035652,-0.8814059999999999
547,2.279167,walk,1.182772,-0.919926,0.924455,-0.991436,-0.104651,0.042965,-0.46748260139187475,-0.6313894888408662,0.00047996160308552666,0.26935416601598133,0.08534689933109879,0.44593760733234755,-0.292776577873752,-0.19846412287016363,0.35205183585310934,-0.0191984641228882,-0.033597312214974424,-0.09719222462202494,0.15843800000000008,0.336638,-0.8799410000000001,-0.08227699999999993,-0.12870999999999988,-0.9069820000000001,0.240715,0.4653479999999999,0.02704099999999998,0.22959000000000002,0.8256465201274016,0.22959000000000002,0.77041,0.17435347987259842,-0.8799410000000001
548,2.283333,walk,1.180804,-0.922592,0.924543,-0.991426,-0.105241,0.043711,-0.4723955832933571,-0.639942390782563,0.02112337974075467,0.5964639082725053,0.43942182720923456,0.23099583484554714,-0.30604896783485747,-0.22419587133942975,0.3127700432069376,-0.028324531925125265,-0.02616418626983807,-0.10249639942391602,0.15913100000000013,0.33836999999999995,-0.878726,-0.08042700000000003,-0.12615300000000007,-0.907497,0.23955800000000016,0.464523,0.02877099999999999,0.21229000000000003,0.817483975994137,0.21229000000000003,0.7877099999999999,0.18251602400586298,-0.878726
549,2.2875,walk,1.178704,-0.925192,0.92465,-0.991349,-0.105887,0.042881,-0.503959683225309,-0.6239500839932537,0.025677945764329666,-0.2714128970203352,-0.4079612421490241,0.3510660461495605,-0.3294936405087557,-0.24406047516195647,0.2790976721862091,-0.0333573314134583,-0.024478041756669136,-0.07943364530837001,0.15985800000000006,0.33995300000000006,-0.87767,-0.07846599999999992,-0.12365500000000007,-0.9079349999999999,0.23832399999999998,0.46360800000000013,0.030264999999999986,0.19735000000000003,0.8507277832072069,0.19735000000000003,0.80265,0.14927221679279312,-0.87767
550,2.291667,walk,1.176576,-0.9278,0.924755,-0.991358,-0.106479,0.043222,-0.5106791456683477,-0.6258699304055826,0.025197984161273466,0.6398554159077124,0.24929092831324282,0.2427579630823756,-0.36237101031922037,-0.24862011039118892,0.24190064794817567,-0.041036717062671244,-0.029997600191969384,-0.08279337652988177,0.16047599999999984,0.34152499999999997,-0.876767,-0.07650900000000016,-0.12117200000000006,-0.908385,0.236985,0.462697,0.031618000000000035,0.18381999999999993,0.8380791400287564,0.18381999999999993,0.8161800000000001,0.1619208599712436,-0.876767
551,2.295833,walk,1.174612,-0.930459,0.924877,-0.991339,-0.106757,0.043692,-0.4714354296687525,-0.6382621219395116,0.029284685549676462,0.2148466200414115,0.2576232141428026,0.10881576749378694,-0.40110417666825066,-0.27484397503601327,0.20139222275563526,-0.04368698991836281,-0.030964954392712966,-0.07897263562169718,0.16076899999999994,0.343039,-0.87605,-0.07472699999999999,-0.11864200000000003,-0.908836,0.23549599999999993,0.461681,0.03278599999999998,0.17214000000000002,0.840974681735307,0.17214000000000002,0.82786,0.15902531826469302,-0.87605
552,2.3,walk,1.172351,-0.932981,0.925017,-0.991329,-0.107225,0.043387,-0.5425965922726594,-0.6052315814734889,0.03359731221503129,0.2273578168144838,-0.1090331464263001,0.22346616659348006,-0.4420446364290817,-0.2805375569954473,0.1543076553875755,-0.04271658267339083,-0.02087832973360984,-0.07391408687305336,0.1611880000000001,0.3443919999999999,-0.875547,-0.07264399999999993,-0.11620700000000006,-0.909284,0.23383200000000004,0.460599,0.03373700000000002,0.16263,0.853523766375686,0.16263,0.83737,0.14647623362431395,-0.875547
553,2.304167,walk,1.170294,-0.93552,0.925099,-0.991375,-0.10744,0.043805,-0.4936405087592633,-0.6093112550995715,0.019678425725947083,0.6571229835211072,0.27713051674920874,0.05797526720345384,-0.5073194144468012,-0.30957523398126585,0.12886969042475882,0.0191984641228882,-0.06071514278858731,0.0014398848092149498,0.16113100000000014,0.345641,-0.875092,-0.07050699999999988,-0.11392100000000005,-0.9093600000000001,0.231638,0.459562,0.034268000000000076,0.15731999999999996,0.8938425846942881,0.15731999999999996,0.8426800000000001,0.10615741530571188,-0.875092
554,2.308333,walk,1.168199,-0.937937,0.925284,-0.991331,-0.10787,0.043612,-0.502880460873716,-0.5801728276524091,0.04440710513681845,-0.028455367183052967,-0.08335416022570566,0.21460802313243055,-0.5439270283245413,-0.35021603456551803,0.11953912626019798,-0.03840614498323467,-0.02664426308208574,-0.06625060009601359,0.16096,0.346599,-0.874779,-0.06857200000000008,-0.11161500000000002,-0.909821,0.22953200000000007,0.458214,0.03504200000000002,0.14958,0.8648653887091493,0.14958,0.85042,0.1351346112908507,-0.874779
555,2.3125,walk,1.166141,-0.940471,0.925343,-0.991411,-0.107783,0.044224,-0.4938804895608321,-0.6081113510919225,0.014158867290624896,0.7344008436794313,0.3702705820361112,-0.09714422116662684,-0.6069114470842618,-0.4106071514279089,0.07751379889609111,-0.04559635229179773,-0.010319174466046847,-0.05303575713943102,0.16048899999999988,0.3474219999999999,-0.874515,-0.0667040000000001,-0.10912400000000011,-0.910101,0.22719299999999998,0.456546,0.035586000000000007,0.14414000000000005,0.8821688562281325,0.14414000000000005,0.85586,0.11783114377186754,-0.874515
556,2.316667,walk,1.163896,-0.942843,0.92558,-0.991391,-0.108032,0.043704,-0.5387568994480814,-0.5692344612431364,0.05687544996398909,-0.09257878267658691,-0.2534120176123333,0.1398898736298906,-0.6592272618190977,-0.4473242140628898,0.059755219582435945,-0.04127669786418739,-0.0028797696184068937,-0.04319654427645976,0.15998699999999988,0.34792999999999996,-0.8745029999999999,-0.0646310000000001,-0.10676399999999997,-0.9105179999999999,0.22461799999999998,0.45469399999999993,0.03601500000000002,0.13985000000000003,0.9003060196699885,0.13985000000000003,0.86015,0.09969398033001153,-0.8745029999999999
557,2.320833,walk,1.161946,-0.945284,0.925675,-0.991486,-0.107822,0.044701,-0.46807489198273283,-0.5859337493998943,0.022803648583788923,0.878982599068233,0.5681067946529541,-0.17454560625923554,-0.739798367738825,-0.5156024963993925,0.012722035525684825,-0.03384541526642892,0.006961113778217946,-0.03240518482957219,0.15885499999999997,0.34822300000000006,-0.874545,-0.06282199999999993,-0.10429399999999989,-0.910748,0.2216769999999999,0.45251699999999995,0.036202999999999985,0.13797000000000004,0.9210473903846067,0.13797000000000004,0.86203,0.0789526096153933,-0.874545
558,2.325,walk,1.159793,-0.947606,0.925833,-0.991515,-0.107921,0.0445,-0.5166786657066759,-0.5572354211662572,0.03791696664266423,0.27220551682697464,-0.0653779215421836,0.03950855504196721,-0.789536837052938,-0.5459563234940937,-0.03095752339812725,-0.03143748500116948,0.011519078473679634,-0.025917926565872846,0.15771800000000002,0.34826999999999997,-0.874832,-0.060799999999999965,-0.10192400000000013,-0.911014,0.218518,0.4501940000000001,0.036181999999999936,0.13818000000000003,0.9294319959669413,0.13818000000000003,0.86182,0.07056800403305874,-0.874832
559,2.329167,walk,1.157902,-0.949952,0.925927,-0.991553,-0.107731,0.044821,-0.4538036957043853,-0.5629949604032103,0.022558195344356075,0.24400054062054904,0.17543035321327913,-0.11302991321586894,-0.8658507319414975,-0.596112311015156,-0.04751619870410507,-0.0266378689705302,0.005999520038436506,-0.017518598512119867,0.15600100000000006,0.348132,-0.8751239999999999,-0.05902000000000007,-0.09955299999999989,-0.9111809999999999,0.21502100000000013,0.4476849999999999,0.036057000000000006,0.13943000000000005,0.9459303022373595,0.13943000000000005,0.86057,0.05406969776264048,-0.8751239999999999
560,2.333333,walk,1.155644,-0.952238,0.926229,-0.991578,-0.107736,0.044565,-0.5420067210753796,-0.548727796447419,0.07249159865578882,0.12494040855358579,-0.11021299779840443,0.003033232049908147,-0.9023043686989834,-0.6332213154104553,-0.08449351896303132,-0.016322611617848086,-0.006000960153663729,-0.01584253480556848,0.15450000000000008,0.34778,-0.875778,-0.056829999999999936,-0.09729200000000005,-0.9115489999999999,0.21133000000000002,0.445072,0.035771,0.14228999999999997,0.9607916859065362,0.14228999999999997,0.85771,0.039208314093463814,-0.875778
561,2.3375,walk,1.153558,-0.954625,0.926451,-0.991694,-0.107353,0.045184,-0.500599952003817,-0.5728341732661449,0.05327573794098047,0.8386318726461516,0.37689094156008296,-0.24438722056854736,-0.9719222462203196,-0.68202543796497,-0.1065514758819343,-0.018958483321320815,0.0023998080153746024,-0.009359251259899837,0.152536,0.347325,-0.876444,-0.054823000000000066,-0.09489500000000006,-0.91181,0.20735900000000007,0.44222000000000006,0.03536600000000001,0.14634000000000003,0.9645356692302207,0.14634000000000003,0.85366,0.035464330769779284,-0.876444
562,2.341667,walk,1.151469,-0.956812,0.926683,-0.991711,-0.107343,0.045416,-0.5013198944084186,-0.5248380129589433,0.05567554595632249,0.21293457532362103,0.13411561091320248,-0.021946614386014578,-1.022318214542811,-0.7182625389968421,-0.1149508039356782,-0.00983921286296022,0.0002399808015161201,-0.005759539236860632,0.15036499999999986,0.346519,-0.877155,-0.052775000000000016,-0.0927070000000001,-0.912066,0.20313999999999988,0.4392260000000001,0.034911000000000025,0.15088999999999997,0.9809941534749118,0.15088999999999997,0.84911,0.019005846525088188,-0.877155
563,2.345833,walk,1.149515,-0.959017,0.927034,-0.991733,-0.107295,0.045286,-0.46903504560733705,-0.5292846855497328,0.08425348055689343,0.10477606173869142,-0.05295129966747971,-0.02512426285529171,-1.0664906385022388,-0.7654824771964114,-0.14618338934230762,-0.0024003840614657476,0.0019203072491619383,-0.004800768122899849,0.1478759999999999,0.34553500000000004,-0.878115,-0.05083100000000007,-0.09049400000000007,-0.912437,0.19870699999999997,0.4360290000000001,0.034322000000000075,0.15678000000000003,0.9904990061713446,0.15678000000000003,0.84322,0.009500993828655435,-0.878115
564,2.35,walk,1.147484,-0.961175,0.92736,-0.991729,-0.107279,0.045105,-0.4874010079193646,-0.5178785697143897,0.07823374130067617,-0.11203258106490382,-0.09956203568614651,0.0027913766691773896,-1.092632589392789,-0.8149748020158049,-0.1617470602351699,0.00383969282457764,-0.006479481641468107,-0.0023998080153589435,0.14535399999999998,0.34429699999999996,-0.879115,-0.04878399999999994,-0.08836300000000008,-0.912773,0.19413799999999992,0.43266000000000004,0.033657999999999966,0.16341999999999995,0.9868253187009013,0.16341999999999995,0.8365800000000001,0.013174681299098712,-0.879115
565,2.354167,walk,1.145385,-0.963327,0.927772,-0.991805,-0.107156,0.045334,-0.5037197024237934,-0.5164386849052415,0.09887209023280484,0.6329658045773914,0.17398144054623324,-0.097765461751567,-1.1339092872570395,-0.8408927285817402,-0.1639068874490123,0.007439404847586667,-0.013918886489055465,0.000719942404607968,0.14272799999999997,0.34294500000000006,-0.88021,-0.046654000000000195,-0.08626899999999993,-0.913182,0.18938200000000016,0.429214,0.032972,0.17028,0.9736688575464412,0.17028,0.82972,0.02633114245355883,-0.88021
566,2.358333,walk,1.143364,-0.965472,0.928178,-0.991852,-0.106802,0.045558,-0.4851176188190099,-0.5148823811809634,0.09745559289483804,0.15480295248635909,0.11533795827045587,-0.18454788829952642,-1.1574651944311023,-0.8883821411425742,-0.1553048487758003,-0.0019203072491617336,-0.007921267402772164,0.0026404224675944687,0.1399269999999999,0.34138899999999994,-0.8812629999999999,-0.04464100000000015,-0.08415699999999993,-0.913577,0.18456800000000007,0.42554599999999987,0.032314000000000065,0.17686000000000007,0.9857204606356603,0.17686000000000007,0.82314,0.014279539364339677,-0.8812629999999999
567,2.3625,walk,1.141391,-0.967487,0.928733,-0.991864,-0.106923,0.045169,-0.4734821214303078,-0.48356131509481187,0.13318934485243786,0.08905925768298438,-0.17527716905299284,0.06373325762339949,-1.2035037197024767,-0.9258459323254363,-0.1631869450444039,0.016798656107515644,-0.017998560115202945,-0.003119750419966335,0.13688499999999992,0.339546,-0.882498,-0.042598000000000136,-0.08221699999999998,-0.914145,0.17948300000000006,0.421763,0.03164699999999998,0.18353000000000008,0.9586385896462648,0.18353000000000008,0.8164699999999999,0.041361410353735195,-0.882498
568,2.366667,walk,1.139579,-0.969472,0.929248,-0.991885,-0.106797,0.045057,-0.4348452123830181,-0.4763618910486906,0.12359011279095292,0.02068102966438676,-0.055087354833889726,-0.05903132853322087,-1.2255819534436432,-0.9570434365250177,-0.14854811615069927,0.004799616030748693,-0.021118310535177022,0.0026397888168946297,0.1335900000000001,0.33754300000000004,-0.883632,-0.04076599999999986,-0.08032000000000006,-0.9146489999999999,0.17435599999999996,0.4178630000000001,0.03101699999999996,0.18983000000000005,0.9636380907900791,0.18983000000000005,0.81017,0.036361909209920884,-0.883632
569,2.370833,walk,1.137481,-0.971503,0.929829,-0.991942,-0.106626,0.045251,-0.5036005760921449,-0.4875180028804487,0.1394623139702443,0.42015629982370495,0.13341168598407138,-0.1088552370415011,-1.250600096015313,-1.0016802688429831,-0.15554488718194384,0.00912145943350491,-0.024243879020620248,0.006000960153624171,0.1304780000000001,0.33540100000000006,-0.884861,-0.03862999999999994,-0.07838999999999996,-0.915205,0.16910800000000004,0.413791,0.030344000000000038,0.19656,0.9556848967641665,0.19656,0.8034399999999999,0.04431510323583354,-0.884861
570,2.375,walk,1.13608,-0.973467,0.930363,-0.992059,-0.105924,0.045442,-0.33621310295177576,-0.471322294216476,0.1281497480201725,0.44919433794745334,0.12176307348001877,-0.3664127357966337,-1.2721382289417429,-1.0189584833214007,-0.15070794336453858,0.009839212862961268,-0.01823854091671909,0.004559635229181854,0.12657800000000008,0.33311899999999994,-0.886023,-0.037188,-0.07650199999999996,-0.9157200000000001,0.16376600000000008,0.4096209999999999,0.029697000000000084,0.20303000000000004,0.9646350472471256,0.20303000000000004,0.79697,0.035364952752874435,-0.886023
571,2.379167,walk,1.13353,-0.975401,0.931262,-0.992053,-0.105878,0.043382,-0.6119510439165271,-0.4641228701704055,0.21574274058075935,-0.8477681171681277,-1.0834284962315575,0.07175064108291854,-1.2946964242861254,-1.0563954883609834,-0.13390928725702458,0.01871850251980467,-0.02495800335975732,-0.002399808015358783,0.12373300000000009,0.3306509999999999,-0.88748,-0.034559999999999924,-0.07467200000000007,-0.916629,0.15829300000000002,0.405323,0.02914899999999998,0.20851000000000003,0.9478505527141208,0.20851000000000003,0.79149,0.052149447285879225,-0.88748
572,2.383333,walk,1.131622,-0.977393,0.931862,-0.992132,-0.105514,0.043553,-0.4579932789246204,-0.47815650504079193,0.1440230436869701,0.4238729148315775,0.11741286626624951,-0.20083185841617857,-1.3334133461353395,-1.083053288526125,-0.1409025444071023,0.01464234277486488,-0.016802688430151844,0.007441190590494222,0.12008600000000014,0.32813099999999995,-0.888667,-0.032590999999999815,-0.07275000000000009,-0.917198,0.15267699999999995,0.40088100000000004,0.028530999999999973,0.21469000000000005,0.9608386578859878,0.21469000000000005,0.78531,0.03916134211401223,-0.888667
573,2.3875,walk,1.129585,-0.979335,0.932553,-0.99221,-0.105109,0.043558,-0.4888408927285146,-0.46604271658264484,0.16582673386128033,0.3141544948811823,0.02488892322543714,-0.21101766868717936,-1.3508519318453955,-1.1027117830572921,-0.14062874970001454,0.02639788816890467,-0.02039836813052209,0.009599232061434525,0.11649399999999988,0.32547799999999993,-0.889944,-0.030444000000000138,-0.07089299999999998,-0.9178489999999999,0.146938,0.3963709999999999,0.027904999999999958,0.22095000000000004,0.9421427240162011,0.22095000000000004,0.77905,0.05785727598379886,-0.889944
574,2.391667,walk,1.127644,-0.981175,0.933283,-0.992278,-0.105051,0.042706,-0.4658027357811517,-0.4415646748260494,0.17518598512120032,0.27772696897648974,-0.3837552399335408,-0.020587029791900344,-1.3796496280298216,-1.1156707463403472,-0.13030957523398767,0.008639308855327255,-0.008639308855327255,0.014158867290617404,0.11268599999999984,0.322669,-0.8912169999999999,-0.02846700000000002,-0.06908900000000007,-0.91852,0.14115299999999986,0.39175800000000005,0.027303000000000077,0.22697,0.9688307114316392,0.22697,0.77303,0.031169288568360765,-0.8912169999999999
575,2.395833,walk,1.125787,-0.982991,0.934013,-0.992348,-0.104769,0.042337,-0.445751320211221,-0.43590974555926043,0.17522803648583496,0.2417448964146425,-0.1599622031833833,-0.13874409320092382,-1.400624099855947,-1.1567450792126466,-0.1373019683149257,0.004320691310573926,-0.011281805088791872,0.006481036965914188,0.1087079999999998,0.3196659999999999,-0.892519,-0.02659200000000017,-0.06732000000000005,-0.919223,0.13529999999999998,0.38698599999999994,0.02670400000000006,0.23295999999999994,0.97715077562608,0.23295999999999994,0.76704,0.022849224373920007,-0.892519
576,2.4,walk,1.123854,-0.984854,0.934595,-0.99244,-0.104511,0.042559,-0.463882889368916,-0.4470842332613737,0.13966882649388002,0.7092749682273856,0.17408626348945622,-0.16367857857170984,-1.4130069594432835,-1.1547876169906761,-0.11303095752340477,0.010319174466046847,-0.010079193664530701,0.015838732901368634,0.1047530000000001,0.316717,-0.8935719999999999,-0.02461599999999997,-0.06549900000000008,-0.919739,0.12936900000000007,0.3822160000000001,0.02616700000000005,0.23833000000000004,0.9642951541372912,0.23833000000000004,0.76167,0.035704845862708834,-0.8935719999999999
577,2.404167,walk,1.122152,-0.986672,0.935206,-0.992533,-0.104373,0.042952,-0.40844732421400687,-0.43628509719219477,0.14662826973841875,0.9332415436379012,0.2825262340624106,-0.12039541650704742,-1.4540436765057998,-1.167506599471973,-0.11951043916485916,0.021838252939778667,-0.014398848092139508,-0.009839212862970213,0.10039599999999993,0.31367,-0.894681,-0.022823000000000038,-0.06374100000000005,-0.920391,0.12321899999999997,0.37741100000000005,0.02571000000000001,0.24290000000000006,0.9534213261839861,0.24290000000000006,0.7570999999999999,0.04657867381601388,-0.894681
578,2.408333,walk,1.120218,-0.988475,0.935846,-0.99262,-0.104179,0.042876,-0.46423427748445883,-0.43278924627943877,0.15362457993279516,0.6573930463286879,0.026632193848241188,-0.12348473190622852,-1.469995199231998,-1.190350456073077,-0.09649543927029079,-0.009841574651934946,-0.0016802688429833838,-0.01392222755641031,0.09620600000000001,0.31051399999999996,-0.8957229999999999,-0.020929999999999893,-0.06194499999999992,-0.9210889999999999,0.1171359999999999,0.3724589999999999,0.025366,0.24634,0.9714465260360894,0.24634,0.75366,0.028553473963910614,-0.8957229999999999
579,2.4125,walk,1.118339,-0.990265,0.936526,-0.992742,-0.103852,0.043051,-0.450923926085877,-0.4295656347491839,0.16318694504438985,1.0100210139388175,0.18117362050970828,-0.20984157111126614,-1.429085673146045,-1.2538996880248634,0.009359251259899672,-0.02687784977204348,0.008399328053756927,-0.02375809935205042,0.09213000000000005,0.307079,-0.8963639999999999,-0.01916300000000004,-0.06011999999999995,-0.921868,0.11129300000000009,0.36719899999999994,0.025504000000000082,0.24495999999999996,0.9385948155250474,0.24495999999999996,0.75504,0.06140518447495258,-0.8963639999999999
580,2.416667,walk,1.11658,-0.991994,0.93708,-0.992833,-0.103788,0.04346,-0.422126229901643,-0.41492680585557246,0.13294936405089508,1.1460991029736314,0.31365730302035605,-0.09398051161111784,-1.5533957283417918,-1.1807055435565779,-0.1036717062635041,0.006239500839952652,-0.0088792896568434,0.006959443244541054,0.08741600000000016,0.30388800000000005,-0.89735,-0.017377999999999894,-0.058427999999999924,-0.922393,0.10479400000000005,0.36231599999999997,0.025043000000000037,0.24957000000000001,0.9785131173208782,0.24957000000000001,0.7504299999999999,0.0214868826791218,-0.89735
581,2.420833,walk,1.114813,-0.993642,0.937653,-0.992892,-0.10378,0.042717,-0.42414786365813817,-0.39558329332691733,0.13754200672105593,0.3492382345585475,-0.3229897105975032,-0.006008287773237151,-1.5055208833413067,-1.240998559769531,-0.03312530004800659,0.00888142102737968,-0.0062409985597889584,0.011281805088813941,0.08291099999999996,0.300366,-0.898061,-0.015573999999999977,-0.05680600000000002,-0.9229189999999999,0.09848499999999993,0.35717200000000005,0.024857999999999936,0.25142,0.9739067469048852,0.25142,0.74858,0.026093253095114788,-0.898061
582,2.425,walk,1.113086,-0.995495,0.938133,-0.992973,-0.102717,0.044025,-0.4144468442524869,-0.44468442524599905,0.11519078473723492,0.24960933335846214,0.6364647008056382,-0.5499002833615153,-1.570674346052393,-1.2311015118790982,-0.044156467482604274,0.008399328053757822,-0.006239500839899366,0.009599232061435549,0.07809299999999997,0.29708900000000005,-0.898725,-0.013811999999999935,-0.05497899999999989,-0.923359,0.0919049999999999,0.35206799999999994,0.024634000000000045,0.25366000000000005,0.9763341937565422,0.25366000000000005,0.74634,0.02366580624345782,-0.898725
583,2.429167,walk,1.111092,-0.997196,0.938754,-0.993074,-0.102573,0.043586,-0.47852171826252216,-0.40820734341249076,0.14902807775376647,0.8468927245084855,-0.1285606127981378,-0.10204609975809288,-1.5949124070073253,-1.2258219342451862,-0.03743700503959369,0.007679385649101994,-0.008639308855326334,0.008639308855290947,0.07344100000000009,0.293682,-0.899502,-0.011786000000000074,-0.053314000000000084,-0.923944,0.08522700000000016,0.3469960000000001,0.024441999999999964,0.25558000000000003,0.975948649902618,0.25558000000000003,0.74442,0.024051350097382018,-0.899502
584,2.433333,walk,1.109256,-0.998879,0.939214,-0.993151,-0.10218,0.043906,-0.4407105136821648,-0.40398463754199326,0.11041766682669307,0.6305436572904886,0.211394944999129,-0.2255356366703975,-1.6495439270282768,-1.1742678828612274,-0.08425348055688778,0.005520883341359971,-0.006961113778164647,0.006721075372059405,0.06840500000000005,0.290473,-0.900313,-0.00992700000000002,-0.05165999999999993,-0.924376,0.07833200000000007,0.3421329999999999,0.024062999999999946,0.25937000000000004,0.9814325469901435,0.25937000000000004,0.7406299999999999,0.018567453009856516,-0.900313
585,2.4375,walk,1.1073,-1.00044,0.939792,-0.993197,-0.101987,0.043444,-0.4694024478042136,-0.3746100311975296,0.1387089032877355,0.09517255480358958,-0.2167133731761055,-0.0896611992711418,-1.6400287976962609,-1.2080633549316566,-0.022798176145908854,0.004559635229179773,-0.00671946244303823,0.005999520038396958,0.06352700000000011,0.28700000000000003,-0.900986,-0.007951999999999959,-0.05012700000000003,-0.924929,0.07147900000000007,0.33712700000000007,0.023943000000000048,0.26057,0.9831727990016739,0.26057,0.73943,0.01682720099832613,-0.900986
586,2.441667,walk,1.105459,-1.002096,0.940284,-0.993311,-0.101297,0.042534,-0.44180465562756555,-0.3974082073434551,0.11807055435566845,0.09074186647499374,-0.4419608166731175,-0.3214886555344231,-1.664986801056018,-1.2241420686345705,-0.016558675305976187,0.00023998080151614568,-0.004079673626094195,0.005519558435325534,0.05842999999999998,0.2835550000000001,-0.901547,-0.00611000000000006,-0.048487999999999865,-0.925398,0.06454000000000004,0.332043,0.023851000000000067,0.26149,0.9885536452913896,0.26149,0.73851,0.01144635470861044,-0.901547
587,2.445833,walk,1.103486,-1.003804,0.940617,-0.993397,-0.100812,0.043984,-0.4735957753240395,-0.4099855976955771,0.07993278924628387,1.304915677182381,0.8225501792323461,-0.3194606151788626,-1.697791646663392,-1.2306769083052933,0.024483917426787117,-0.006240998559735659,-0.0014402304368579754,0.004560729716754536,0.0533300000000001,0.28013599999999994,-0.9017780000000001,-0.004162999999999917,-0.046785999999999994,-0.9257120000000001,0.057493000000000016,0.32692199999999993,0.02393400000000001,0.26066,0.9868952317538019,0.26066,0.73934,0.013104768246198106,-0.9017780000000001
588,2.45,walk,1.101727,-1.005335,0.941104,-0.993463,-0.100443,0.043684,-0.42212622990159804,-0.3674106071514466,0.11687065034796869,0.2294681785063409,-0.12771205645353978,-0.18424654550463396,-1.710823134149203,-1.215742740580683,0.0014398848092149498,0.012958963282936215,-0.013678905687591147,0.011759059275257366,0.04796,0.2766010000000001,-0.902259,-0.002349999999999852,-0.04531200000000002,-0.92615,0.050309999999999855,0.3219130000000001,0.023890999999999996,0.26109000000000004,0.9629818863701116,0.26109000000000004,0.73891,0.03701811362988838,-0.902259
589,2.454167,walk,1.099483,-1.006902,0.941478,-0.993582,-0.100105,0.043765,-0.538516918646512,-0.3760499160067064,0.08975281977441865,1.36696201933863,0.17003898759154784,-0.22866422727951558,-1.7221022318214967,-1.2248620110391721,0.03911687065035058,0.01751859851211737,-0.01583873290134449,0.011519078473722492,0.043028000000000066,0.273064,-0.90247,-3.2999999999949736e-05,-0.043811000000000044,-0.9264760000000001,0.043061000000000016,0.316875,0.024006000000000083,0.25994,0.9562057867016192,0.25994,0.7400599999999999,0.043794213298380846,-0.90247
590,2.458333,walk,1.097396,-1.008457,0.941914,-0.993656,-0.099721,0.043315,-0.5009601536245543,-0.3732597215554322,0.10465674507920787,0.2669294158034165,-0.19617943947531785,-0.19151010720097347,-1.7549207873259403,-1.2085933749399602,0.025444071051367985,0.0012001920307327459,-0.006961113778217946,-0.006721075372059405,0.03780399999999995,0.26958399999999993,-0.9028,0.002059000000000033,-0.04228500000000013,-0.92694,0.035744999999999916,0.31186900000000006,0.02413999999999994,0.2586,0.9837493230824038,0.2586,0.7414000000000001,0.016250676917596185,-0.9028
591,2.4625,walk,1.095378,-1.009907,0.942338,-0.993732,-0.099352,0.043229,-0.48428125749944023,-0.34797216222707933,0.10175185985121174,0.59220931619854,0.011996003180117391,-0.20435738233066195,-1.774658027357902,-1.2186225101992463,0.06935445164387108,-0.023518118550553874,0.014878809695226619,-0.03431725461963176,0.032426999999999984,0.2659560000000001,-0.902935,0.003978999999999955,-0.04077299999999995,-0.927507,0.02844800000000003,0.30672900000000003,0.024571999999999927,0.25428,0.9263613393595058,0.25428,0.7457199999999999,0.07363866064049418,-0.902935
592,2.466667,walk,1.093502,-1.011443,0.94256,-0.993821,-0.098796,0.043585,-0.4502039836812754,-0.36861051115908045,0.05327573794094815,0.8545507956000746,0.24877706859067653,-0.3124947497728931,-1.7859371250298766,-1.1879049676025217,0.03959683225341695,-0.008879289656789167,-0.0033597312214921136,-0.0014398848092153662,0.026861000000000024,0.26254200000000005,-0.9029919999999999,0.005818000000000101,-0.039250999999999925,-0.927735,0.021042999999999923,0.301793,0.02474300000000007,0.25256999999999996,0.9839962810785845,0.25256999999999996,0.74743,0.0160037189214155,-0.9029919999999999
593,2.470833,walk,1.091227,-1.012886,0.942947,-0.993892,-0.098434,0.043522,-0.5460873739798865,-0.34637542006720484,0.09289486317812215,0.6041275293022081,0.024421934742198642,-0.20196286752231676,-1.8098895823333412,-1.1946711473836782,0.06457033125300521,-0.0072011521843439435,-0.005760921747485814,0.003600576092175303,0.02159599999999995,0.2590079999999999,-0.90311,0.008063000000000153,-0.03783200000000009,-0.928107,0.013532999999999795,0.29684,0.024997000000000047,0.25003000000000003,0.9835000875121613,0.25003000000000003,0.74997,0.016499912487838664,-0.90311
594,2.475,walk,1.089285,-1.014346,0.943256,-0.993972,-0.097715,0.043154,-0.4660427165826182,-0.35037197024236333,0.07415406767458241,-0.13312730460189673,-0.19914664849053101,-0.3364823521620748,-1.8200143988479365,-1.181185505159511,0.08063354931605052,-0.00767938564915528,-0.0079193664506714,0.007679385649147371,0.015954000000000024,0.25554599999999994,-0.903083,0.00997300000000001,-0.03640500000000002,-0.928384,0.005981000000000014,0.29195099999999996,0.025301000000000018,0.24699,0.9775982209984215,0.24699,0.75301,0.02240177900157847,-0.903083
595,2.479167,walk,1.087358,-1.015769,0.943425,-0.994064,-0.097217,0.043346,-0.46244300455965925,-0.34149268058555726,0.04055675545955902,1.0112846130716313,0.18500292919242256,-0.28886598441995787,-1.8418526517879648,-1.1675065994720975,0.10487161027118307,-0.0023998080153746024,-0.009359251259875691,0.004559635229181854,0.010205999999999937,0.2521039999999999,-0.9028149999999999,0.011889999999999956,-0.03502099999999997,-0.928534,0.0016840000000000188,0.28712499999999985,0.025719000000000047,0.24281000000000003,0.9821935610835,0.24281000000000003,0.75719,0.017806438916500023,-0.9028149999999999
596,2.483333,walk,1.085176,-1.017203,0.943839,-0.994129,-0.096626,0.043513,-0.5237638022083698,-0.3442150744119343,0.09937590014402643,0.28460360002725305,0.10168543219171017,-0.3001355265495188,-1.8538166106576364,-1.1615458473355242,0.1022563610177607,-0.013442150744132134,-0.010321651464237655,0.0060009601536245875,0.004665000000000141,0.24869900000000011,-0.902803,0.014016000000000028,-0.03362999999999983,-0.9289229999999999,0.009350999999999887,0.28232899999999994,0.02611999999999992,0.23879999999999996,0.9700352323394363,0.23879999999999996,0.7612000000000001,0.029964767660563663,-0.902803
597,2.4875,walk,1.083316,-1.018639,0.943935,-0.994197,-0.095953,0.044245,-0.44636429085674534,-0.34461243100553357,0.023038156947441654,0.747632184897427,0.4180450567261544,-0.3667520522846144,-1.8632109431246602,-1.1631869450444605,0.11423086153108207,0.0009599232061711556,-0.0011999040076873012,-0.00047996160307183986,-0.0012389999999999901,0.24528800000000006,-0.902423,0.015880000000000116,-0.03219899999999987,-0.929021,0.017119000000000106,0.27748699999999993,0.02659800000000001,0.23402,0.9973169330723171,0.23402,0.76598,0.002683066927682942,-0.902423
598,2.491667,walk,1.081291,-1.020028,0.94408,-0.994292,-0.095112,0.044631,-0.48596112311010803,-0.33333333333328,0.03479721622271488,0.7497637700540903,0.24972579705640977,-0.4443373669864533,-1.8718502519797346,-1.1451883849291355,0.12694984401247167,-0.009119270458358574,0.0004799616030322402,-0.0019198464122867386,-0.007014000000000076,0.24190499999999993,-0.902039,0.017867000000000077,-0.03080800000000017,-0.929174,0.024881000000000153,0.2727130000000001,0.02713500000000002,0.22865000000000002,0.9844474665265103,0.22865000000000002,0.77135,0.015552533473489727,-0.902039
599,2.495833,walk,1.079131,-1.021385,0.944238,-0.994368,-0.094505,0.044996,-0.5184829572731351,-0.3257321171387459,0.03792606817090426,0.8879694141678935,0.25490305056218776,-0.3376276103697409,-1.8814210273643295,-1.1452232357176761,0.15146423427748015,-0.006721075372092717,-0.005040806529002914,0.0036005760921745027,-0.012692000000000148,0.238491,-0.901566,0.019998999999999878,-0.029471999999999943,-0.9293170000000001,0.032691000000000026,0.26796299999999995,0.02775100000000008,0.22249000000000002,0.9847660163508862,0.22249000000000002,0.7775099999999999,0.01523398364911377,-0.901566
600,2.5,walk,1.077069,-1.022732,0.944437,-0.994426,-0.093751,0.04556,-0.49484041276700325,-0.32325413966883815,0.04775617950562954,0.3256091552007018,0.29677688581619915,-0.38359805098697075,-1.8821694264459277,-1.1487880969522928,0.14518838492921263,-0.013678905687539319,-0.013438924886023173,0.01127909767218678,-0.01847299999999996,0.235051,-0.90116,0.022003999999999913,-0.02818100000000001,-0.929469,0.040476999999999874,0.263232,0.02830900000000003,0.21691,0.962921434493786,0.21691,0.7830900000000001,0.03707856550621402,-0.90116
601,2.504167,walk,1.075299,-1.024059,0.944515,-0.994512,-0.092988,0.045359,-0.42476601871853376,-0.31845452363814225,0.01871850251980467,0.1385875474282244,-0.08990645034931713,-0.37317648423219796,-1.8910487161028242,-1.1307895368371166,0.1675065994720492,0.0088792896568434,-0.011519078473734148,0.0009599232061432635,-0.02458300000000002,0.23166600000000004,-0.90054,0.023811000000000027,-0.02690199999999998,-0.929543,0.04839400000000005,0.258568,0.029003,0.20997,0.9757070880104308,0.20997,0.79003,0.024292911989569177,-0.90054
602,2.508333,walk,1.073383,-1.025413,0.944567,-0.994594,-0.092084,0.045499,-0.45991358617378214,-0.32501200192026364,0.012481997119551268,0.12650460001180266,0.07249285158627937,-0.4432397634568213,-1.895343254920712,-1.1272203552568183,0.1886701872299521,-0.006721075372092717,-0.00864138262120115,0.0016802688430148512,-0.030562999999999896,0.22832399999999986,-0.899806,0.025698999999999916,-0.02558400000000005,-0.9295880000000001,0.05626199999999981,0.2539079999999999,0.029782000000000086,0.20217999999999997,0.9815406113057041,0.20217999999999997,0.79782,0.018459388694295864,-0.899806
603,2.5125,walk,1.071409,-1.026702,0.94474,-0.994618,-0.091541,0.046387,-0.47372210223177347,-0.30933525317974975,0.04151667866569911,0.4197550795282934,0.4629797052664859,-0.2883057673658728,-1.8982481401486926,-1.1288696904246807,0.181425485961112,-0.015358771298257275,-0.011039116870647394,0.014398848092151997,-0.03649900000000006,0.22490900000000003,-0.899223,0.027608999999999995,-0.024340999999999946,-0.929701,0.06410800000000005,0.24924999999999997,0.030478000000000005,0.19522,0.9603809535332348,0.19522,0.80478,0.03961904646676517,-0.899223
604,2.516667,walk,1.06961,-1.028053,0.944715,-0.994707,-0.090671,0.04612,-0.43172546196308814,-0.3242140628750093,-0.005999520038409863,-0.1239867645656019,-0.14616493126528507,-0.41194589461652803,-1.8852891768659572,-1.1396688264939332,0.19462443004560506,-0.006959443244554375,-0.00599952003838322,0.004079673626110014,-0.04255600000000004,0.22151100000000012,-0.8983869999999999,0.029379000000000044,-0.023014999999999786,-0.929659,0.07193500000000008,0.2445259999999999,0.03127200000000008,0.18728,0.9832442524072822,0.18728,0.81272,0.016755747592717807,-0.8983869999999999
605,2.520833,walk,1.067603,-1.029275,0.944898,-0.994769,-0.089958,0.046472,-0.48175708113293686,-0.29332693230912166,0.04392702832454134,0.4597524713754675,0.20645543155492188,-0.3683737974967538,-1.8895823331732269,-1.1353816610657423,0.19803168506960556,-0.012962073931828376,-0.011281805088845171,0.008161305808929039,-0.04842100000000005,0.21800299999999995,-0.897745,0.031331999999999915,-0.02184000000000008,-0.929808,0.07975299999999996,0.23984300000000003,0.03206299999999995,0.17937000000000003,0.9682938229299201,0.17937000000000003,0.82063,0.031706177070079944,-0.897745
606,2.525,walk,1.065557,-1.030576,0.944929,-0.994812,-0.089253,0.047116,-0.49100071994242517,-0.3122150227981896,0.0074394048476133096,0.29335093595139194,0.332394446209456,-0.358353864990732,-1.8850491960643878,-1.1420686345092812,0.21382289416847697,-0.006719462442984944,-0.009599232061445124,0.006239500839933086,-0.05423,0.21454499999999999,-0.896885,0.03334999999999999,-0.020579000000000125,-0.929813,0.08757999999999999,0.2351240000000001,0.03292799999999996,0.17071999999999998,0.9778748633134362,0.17071999999999998,0.82928,0.022125136686563796,-0.896885
607,2.529167,walk,1.050504,-1.002375,0.93901,-0.00758,-0.020807,-0.314813,-3.6124310055193343,6.767698584112839,-1.420446364290772,-686.7611281994513,-298.76033236729273,51.61626101235814,-1.8821694264457802,-1.1382289416846085,0.21262299016077368,-0.005759539236866461,-0.00983921286296022,0.005759539236861048,-0.04702000000000006,0.181601,-0.89008,0.04837899999999995,-0.048821,-0.92387,0.09539900000000001,0.23042200000000002,0.03378999999999999,0.16210000000000002,0.9787113296821611,0.16210000000000002,0.8379,0.021288670317838876,-0.89008
608,2.533333,walk,1.048506,-1.003199,0.939118,-0.001645,-0.019528,-0.316314,-0.47959673547775433,-0.19779164666346644,0.025924147863659517,-2.49375251148072,-1.4806582045414303,0.8055087506455354,-1.8583773403746136,-1.162025924147952,0.2225156024964164,-0.0026404224675910027,-0.018963034085440828,0.013202112337975,-0.05276399999999992,0.17758399999999996,-0.889261,0.05036600000000013,-0.04807600000000001,-0.923923,0.10313000000000005,0.22565999999999997,0.03466200000000008,0.15338000000000002,0.9612391856410275,0.15338000000000002,0.8466199999999999,0.038760814358972495,-0.889261
609,2.5375,walk,1.046647,-1.004373,0.939142,-0.001778,-0.018934,-0.315371,-0.4461243100551283,-0.2817374610031046,0.005759539236866461,0.14162876105941313,-0.2525201517076792,-0.4804814863350071,-1.8701703863689885,-1.1442284617229912,0.21838252939763514,-0.012239020878334568,-0.024958003359754663,0.012479001679864841,-0.05869800000000014,0.17398999999999998,-0.888375,0.05217399999999994,-0.0470060000000001,-0.923895,0.11087200000000008,0.22099600000000008,0.035519999999999996,0.14480000000000004,0.9492166626547451,0.14480000000000004,0.8552,0.050783337345254864,-0.888375
610,2.541667,walk,1.04489,-1.005492,0.939117,-0.002989,-0.018994,-0.314989,-0.42164626829855745,-0.26853851691868086,-0.005999520038409863,0.5388030248523047,0.2098349665575936,-0.20352584809034557,-1.8516918646508993,-1.160307175426027,0.22030237580994577,-0.004559635229179773,-0.0009599232061178691,0.003119750419966335,-0.06465700000000008,0.17027400000000004,-0.887432,0.05391199999999996,-0.045890999999999904,-0.9238569999999999,0.11856900000000004,0.21616499999999994,0.03642499999999993,0.13575000000000004,0.9906540905163304,0.13575000000000004,0.86425,0.009345909483669645,-0.887432
611,2.545833,walk,1.043191,-1.006617,0.939222,-0.004975,-0.01796,-0.314196,-0.40782525204034337,-0.27004320691310896,0.025204032645227765,1.0534499868865193,-0.17207384077464988,-0.4222749907734775,-1.8398943831012537,-1.163466154584686,0.22323571771482834,-0.007441190590521705,-0.013682189150257365,0.011521843494959157,-0.07062299999999999,0.16655200000000014,-0.886607,0.05557999999999996,-0.044822999999999835,-0.923914,0.12620299999999995,0.21137499999999998,0.03730699999999998,0.12693000000000004,0.9677110917362985,0.12693000000000004,0.87307,0.032288908263701455,-0.886607
612,2.55,walk,1.041366,-1.007721,0.939193,-0.003838,-0.017796,-0.313763,-0.43796496280298747,-0.264938804895619,-0.006959443244554375,-0.49734435555640477,-0.24645136681909,-0.21077324432948927,-1.8190544756420393,-1.182385409167324,0.23830093592513707,-0.005519558435297642,-0.017038636909085077,0.00935925125989942,-0.07637800000000006,0.16272900000000012,-0.885585,0.057382000000000044,-0.043789999999999996,-0.923846,0.1337600000000001,0.20651900000000012,0.03826099999999999,0.11739,0.9663194641939299,0.11739,0.88261,0.03368053580607011,-0.885585
613,2.554167,walk,1.03955,-1.008933,0.939049,-0.003658,-0.018661,-0.313221,-0.43580513558913586,-0.2908567314614632,-0.03455723542114548,-0.2172089332774802,0.3666281964726824,-0.2683731069567522,-1.7756179505638308,-1.1946244300455326,0.24190064794814822,-0.0014398848092032936,-0.017998560115147742,0.014398848092151997,-0.08196099999999995,0.15896300000000008,-0.884433,0.05919200000000013,-0.04265299999999983,-0.9236420000000001,0.14115300000000008,0.2016159999999999,0.03920900000000005,0.10791000000000006,0.9615094434069562,0.10791000000000006,0.8920899999999999,0.03849055659304379,-0.884433
614,2.558333,walk,1.038031,-1.010036,0.93921,-0.004281,-0.017474,-0.312456,-0.364618338934231,-0.26476236197787417,0.03864618338933325,0.45513926344391187,-0.44848079541787783,-0.39727504765121996,-1.8091694671146927,-1.1886701872299137,0.23211713874219303,-0.011041766682719943,-0.02064330292847531,0.010081613058088692,-0.08797899999999992,0.15511399999999997,-0.8836269999999999,0.06066499999999997,-0.041636000000000006,-0.9237609999999999,0.1486439999999999,0.19674999999999998,0.040134,0.09865999999999997,0.9575177981998001,0.09865999999999997,0.90134,0.042482201800199904,-0.8836269999999999
615,2.5625,walk,1.035996,-1.011323,0.939067,-0.004358,-0.018793,-0.312577,-0.4883609311255344,-0.3088552915766971,-0.03431725461963301,-0.16155560531967006,0.6131179668577463,0.06712000373272713,-1.7672186225102888,-1.2143028557716091,0.23974082073435218,-0.003839692824524763,-0.016318694504430065,0.008639308855292285,-0.09330799999999995,0.15134099999999995,-0.882485,0.06268400000000018,-0.040416999999999925,-0.923582,0.15599200000000013,0.19175799999999987,0.04109700000000005,0.08903,0.9685675022728266,0.08903,0.9109700000000001,0.03143249772717338,-0.882485
616,2.566667,walk,1.034201,-1.012427,0.939113,-0.003914,-0.018203,-0.312179,-0.430765538756917,-0.264938804895619,0.01103911687064857,-0.11776156737311035,-0.3360190237996549,-0.20039836052000734,-1.7518598512119765,-1.2116630669546917,0.23446124310056235,-0.010559155267616279,-0.02615790736744462,0.012718982481401884,-0.09881299999999993,0.14739599999999997,-0.881554,0.06443500000000002,-0.03942200000000007,-0.9235749999999999,0.16324799999999995,0.18681800000000004,0.042020999999999975,0.07978999999999997,0.9484273868659265,0.07978999999999997,0.92021,0.051572613134073464,-0.881554
617,2.570833,walk,1.032493,-1.013606,0.938759,-0.002811,-0.018285,-0.311945,-0.4099855976955771,-0.2830052808449373,-0.08497359577531344,-0.5174470008021785,-0.12816546289062716,-0.10874992687782543,-1.7409985597695044,-1.2215554488717886,0.24027844455112204,-0.00024003840612522948,-0.01800288046088459,0.011521843494958741,-0.10435800000000006,0.143486,-0.880199,0.06614199999999992,-0.038318000000000074,-0.923173,0.17049999999999998,0.18180400000000008,0.04297400000000007,0.07026000000000004,0.9643740808754966,0.07026000000000004,0.92974,0.035625919124503413,-0.880199
618,2.575,walk,1.030769,-1.014668,0.938679,-0.000537,-0.017463,-0.311759,-0.4137269018478411,-0.2548596112310611,-0.019198464122861556,-0.9154447546510274,-0.7156977740482158,-0.07808174492015497,-1.7165826733860428,-1.2301415886728226,0.2301415886728925,0.01007919366447634,-0.02639788816890467,0.030477561795055046,-0.10978700000000008,0.13942199999999993,-0.87916,0.06790799999999986,-0.03736600000000001,-0.9229660000000001,0.17769499999999994,0.17678799999999995,0.04380600000000001,0.06194000000000005,0.930731592545226,0.06194000000000005,0.9380599999999999,0.06926840745477403,-0.87916
619,2.579167,walk,1.028605,-1.015794,0.938687,-0.000683,-0.018052,-0.311966,-0.519318454523675,-0.27021838252945374,0.0019198464122890248,-0.01980734712480546,0.29101767806579876,0.10513351880654605,-1.6945044396449018,-1.2402207823374845,0.241900647948174,0.005759539236867074,-0.003119750419976326,0.0143988480921527,-0.11468400000000001,0.13538000000000006,-0.87816,0.07009599999999994,-0.03625299999999987,-0.922914,0.18477999999999994,0.17163299999999992,0.04475399999999996,0.05246000000000001,0.9736354635666244,0.05246000000000001,0.94754,0.02636453643337555,-0.87816
620,2.583333,walk,1.026748,-1.016905,0.938568,0.00021,-0.018116,-0.311917,-0.445751320211221,-0.26668266922703593,-0.028564570331274124,-0.41725412736692563,-0.10467008571780924,-0.01683221083181291,-1.6843494959192866,-1.2486797887661514,0.22779644743158411,0.0,-0.01752280364858083,0.017762842054728546,-0.11984399999999995,0.131289,-0.877092,0.07195299999999993,-0.035214999999999996,-0.9227209999999999,0.19179699999999988,0.16650399999999999,0.04562899999999992,0.04370999999999997,0.95841450554821,0.04370999999999997,0.9562900000000001,0.04158549445179005,-0.877092
621,2.5875,walk,1.024902,-1.018017,0.938581,0.001306,-0.017781,-0.312004,-0.4430045596352528,-0.266858651307908,0.003119750419976326,-0.44879620554915006,-0.31660886258779153,0.052672918403860014,-1.6637868970483307,-1.2529397648188791,0.20758339332854264,0.0019198464122890248,-0.02711783057356249,0.02615790736741215,-0.12493100000000001,0.12717999999999996,-0.87624,0.07380699999999996,-0.034216000000000024,-0.922625,0.19873799999999997,0.16139599999999998,0.04638500000000001,0.03615000000000007,0.9371222821858585,0.03615000000000007,0.9638499999999999,0.06287771781414153,-0.87624
622,2.591667,walk,1.023329,-1.019155,0.938361,0.001719,-0.017555,-0.311771,-0.3774898008159229,-0.27309815214783156,-0.05279577633788927,-0.15639135994053574,-0.16570541670878644,-0.11439384913827466,-1.6537077033836238,-1.2634989200863076,0.22342212622988664,0.0007199424046016468,-0.014398848092139508,0.01103911687064906,-0.13024899999999995,0.12305300000000008,-0.875089,0.07538299999999998,-0.03313799999999989,-0.922359,0.20563199999999993,0.15619099999999997,0.047270000000000034,0.027300000000000102,0.9697369291448443,0.027300000000000102,0.9726999999999999,0.03026307085515567,-0.875089
623,2.595833,walk,1.021227,-1.020306,0.938376,0.00208,-0.017705,-0.312254,-0.5045607297167529,-0.276284205472874,0.0036005760921719717,-0.1831554929674013,0.01614202465779523,0.24744767487456165,-1.6305808929429852,-1.2628420547288737,0.22563610177630455,-0.0050408065290034505,-0.02568410945753426,0.015362457993280515,-0.13494000000000006,0.11894299999999991,-0.8741639999999999,0.07746399999999998,-0.03209400000000007,-0.92231,0.21240400000000004,0.15103699999999998,0.04814600000000002,0.018539999999999945,0.9494176050420715,0.018539999999999945,0.98146,0.05058239495792849,-0.8741639999999999
624,2.6,walk,1.019349,-1.021342,0.938444,0.003433,-0.017357,-0.312487,-0.4506839452843609,-0.2486201103911624,0.016318694504428327,-0.5627485923743489,-0.360559988456656,0.12915592670772308,-1.6047516198703122,-1.2790976721861342,0.2198224142068501,-0.004799616030748693,-0.021838252939778667,0.013438924886008419,-0.139749,0.114649,-0.873316,0.07932199999999989,-0.031149000000000093,-0.922322,0.2190709999999999,0.1457980000000001,0.049005999999999994,0.009939999999999949,0.9565210680777412,0.009939999999999949,0.99006,0.04347893192225882,-0.873316
625,2.604167,walk,1.017467,-1.022507,0.938366,0.003003,-0.017161,-0.312513,-0.4516438684905801,-0.2795776337893294,-0.018718502519778028,0.22562224222943675,-0.024786000785138616,0.00904271699882752,-1.5941924646029202,-1.2718982481402266,0.2150227981761543,-0.007439404847586667,-0.02687784977199306,0.008399328053756157,-0.14450999999999992,0.110514,-0.8723420000000001,0.08117300000000016,-0.0300959999999999,-0.9222090000000001,0.22568300000000008,0.1406099999999999,0.049866999999999995,0.0013300000000000534,0.9514569988851025,0.0013300000000000534,0.99867,0.04854300111489751,-0.8723420000000001
626,2.608333,walk,1.015644,-1.023619,0.938461,0.003644,-0.017054,-0.312637,-0.4375900144022703,-0.26692270763321446,0.022803648583762274,-0.2752528973817068,-0.14443182048676936,0.06827489854535028,-1.5684109457512603,-1.2933269323091217,0.23811809889581845,-0.0028804608737692497,-0.01488238118099011,0.008161305808929039,-0.14922099999999994,0.10623800000000005,-0.871445,0.08298399999999995,-0.029045999999999905,-0.92227,0.23220499999999988,0.13528399999999996,0.05082500000000001,0.0,0.9713067353543814,0.0,1.0,0.02869326464561861,-0.871445
627,2.6125,walk,1.013798,-1.02476,0.938441,0.00341,-0.016504,-0.312922,-0.4430045596352528,-0.2738180945524091,-0.004799616030722562,0.19138049460019946,-0.21441369252127981,0.14141138676712228,-1.524358051355967,-1.2901367890569457,0.26901847852172983,-0.0009599232061178691,-0.022798176145898866,0.012958963282937596,-0.15372699999999995,0.10200299999999984,-0.870304,0.08482600000000007,-0.028000000000000025,-0.922196,0.23855300000000002,0.13000299999999987,0.05189200000000005,0.0,0.9562642716131688,0.0,1.0,0.04373572838683115,-0.870304
628,2.616667,walk,1.011948,-1.025941,0.938399,0.003659,-0.016685,-0.313116,-0.4439644828413234,-0.2834173266138773,-0.010079193664502984,-0.13924970937976072,0.04595590910808249,0.1003115551020893,-1.5022798176145098,-1.2399808015357827,0.18790496760257844,-0.0009599232061710533,-0.024478041756669136,0.012239020878329572,-0.15813700000000008,0.09801700000000002,-0.869479,0.08667199999999986,-0.026920999999999973,-0.922103,0.24480899999999994,0.124938,0.052624000000000004,0.0,0.9543598126384466,0.0,1.0,0.0456401873615534,-0.869479
629,2.620833,walk,1.010034,-1.027076,0.938417,0.003853,-0.016437,-0.313549,-0.45943350936147836,-0.27244359097457443,0.004320691310600575,-0.04793379048272931,-0.14034188143306456,0.22027242791057391,-1.6106577052327917,-1.4565530484877358,0.24675948151703625,-0.0007201152184289877,-0.024963994239102536,0.012241958713393558,-0.1629330000000001,0.09308400000000006,-0.8684689999999999,0.08858299999999986,-0.02588999999999997,-0.92207,0.25151599999999996,0.11897400000000002,0.05360100000000001,0.0,0.9536443360934481,0.0,1.0,0.04635566390655188,-0.8684689999999999
630,2.625,walk,1.008082,-1.028112,0.938357,0.004734,-0.01635,-0.31381,-0.4684425245980957,-0.24862011039113563,-0.014398848092141042,-0.38647233279544424,-0.17104293601621795,0.13943906535999215,-1.552915766738733,-1.3436525077994157,0.09311255099592444,0.007199424046070521,-0.014158867290624896,0.014878809695224956,-0.16745199999999993,0.08852099999999996,-0.868021,0.090565,-0.024913000000000185,-0.921948,0.25801699999999994,0.11343400000000015,0.05392699999999995,0.0,0.9637261876105507,0.0,1.0,0.03627381238944927,-0.868021
631,2.629167,walk,1.006139,-1.029172,0.938378,0.005216,-0.016251,-0.314211,-0.4662826973842373,-0.254379649628056,0.005039596832265351,-0.2018644583102492,-0.1157511443456177,0.20675240708090253,-1.4996400287977525,-1.3230141588673754,0.14878809695225287,-0.005039596832212064,-0.032397408207343985,0.009599232061435132,-0.17175799999999986,0.08406799999999992,-0.867422,0.09248700000000021,-0.02398800000000012,-0.921929,0.26424500000000006,0.10805600000000004,0.05450699999999997,0.0,0.9430610743634071,0.0,1.0,0.05693892563659286,-0.867422
632,2.633333,walk,1.004325,-1.029872,0.938561,0.007208,-0.016723,-0.316681,-0.43542966874698336,-0.16802688430146515,0.04392702832451469,-0.9617703811098494,-0.07264483279043152,1.266923709115163,-1.4695151224195642,-1.2623619779164088,0.27868458953431674,-0.0014402304369112745,-0.0271243398943362,0.01056168987037954,-0.17606599999999994,0.07950899999999994,-0.866444,0.09429500000000002,-0.023401000000000005,-0.922068,0.27036099999999996,0.10290999999999995,0.05562400000000001,0.0,0.9514272203763328,0.0,1.0,0.04857277962366724,-0.866444
633,2.6375,walk,1.002454,-1.030925,0.938605,0.008149,-0.01617,-0.317105,-0.4490040796735882,-0.25269978401730947,0.010559155267588511,-0.3413478456379194,-0.3921481519656994,0.22373942636686572,-1.4300455963521894,-1.29085673146141,0.18958483321333117,0.002639788816890467,-0.02351811855055137,0.011039116870649892,-0.18015399999999993,0.07518300000000011,-0.8656980000000001,0.09617699999999996,-0.022445999999999966,-0.922066,0.2763309999999999,0.09762900000000008,0.056367999999999974,0.0,0.95647693821919,0.0,1.0,0.04352306178081,-0.8656980000000001
634,2.641667,walk,1.000444,-1.032039,0.938643,0.008449,-0.01609,-0.317484,-0.4823614110870979,-0.2673386129109403,0.009119270458359545,-0.12191975451480203,-0.07958461744370707,0.1947607943392513,-1.4211663066955251,-1.2776577873770671,0.1492680585553218,-0.006479481641468798,-0.013918886489055465,-0.006239500839933502,-0.18406600000000006,0.07097299999999995,-0.865114,0.0981599999999998,-0.02139000000000002,-0.92213,0.28222599999999987,0.09236299999999997,0.057015999999999956,0.0,0.9723790310045635,0.0,1.0,0.027620968995436534,-0.865114
635,2.645833,walk,0.998495,-1.033093,0.938666,0.009012,-0.015832,-0.317867,-0.46783485357658094,-0.25300048007683185,0.005520883341333322,-0.21449402061514272,-0.2006909327137808,0.19938183804709883,-1.4195871339414123,-1.2662025924147589,0.20883341334613198,-0.01488238118099011,-0.016802688430151844,0.0009601536245800339,-0.18803100000000006,0.06675200000000003,-0.864267,0.10004699999999989,-0.020405999999999924,-0.922149,0.28807799999999995,0.08715799999999996,0.05788199999999999,0.0,0.962556060307892,0.0,1.0,0.03744393969210802,-0.864267
636,2.65,walk,0.996243,-1.034296,0.9387,0.009073,-0.015824,-0.318346,-0.5404367650588275,-0.288696904247689,0.008159347252215033,-0.02359013552799549,-0.009651007883632531,0.24299854790213918,-1.4038876889849239,-1.2517398608111918,0.19150467962563705,-0.0026397888168907483,-0.01391888648910875,0.005519558435325118,-0.19162899999999994,0.0627390000000001,-0.863503,0.10228799999999993,-0.019260999999999973,-0.92216,0.2939169999999999,0.08200000000000007,0.05865699999999996,0.0,0.9746595727358083,0.0,1.0,0.025340427264191723,-0.863503
637,2.654167,walk,0.994204,-1.03546,0.938837,0.00917,-0.01588,-0.319279,-0.4893208543316268,-0.2793376529877302,0.03287736981042606,-0.04697250268988106,0.017116724169265313,0.4732043151282721,-1.4065274778016914,-1.2361411087112317,0.18766498680104565,0.0033597312215454,-0.013678905687537862,0.012239020878329572,-0.19545099999999993,0.058752000000000026,-0.862858,0.10434100000000013,-0.018154000000000003,-0.922246,0.29979200000000006,0.07690600000000003,0.059387999999999996,0.0,0.968900076511805,0.0,1.0,0.031099923488195014,-0.862858
638,2.658333,walk,0.992201,-1.036516,0.938931,0.009458,-0.015588,-0.319809,-0.4807969275084339,-0.25348055688910937,0.0225636101776128,-0.08298247200220941,-0.17328222215566116,0.2716898642648133,-1.363418146903617,-1.2563610177629323,0.16682669227077682,0.0024003840614124482,-0.010561689870364011,0.0033605376860300607,-0.19912799999999997,0.05457400000000001,-0.8622569999999999,0.10635399999999995,-0.01714199999999999,-0.922326,0.3054819999999999,0.071716,0.06006900000000004,0.0,0.9810993569995283,0.0,1.0,0.018900643000471673,-0.8622569999999999
639,2.6625,walk,0.990077,-1.037659,0.938668,0.010053,-0.016234,-0.320198,-0.5097192224621755,-0.2742980561555187,-0.06311495080393502,-0.3674492043072461,0.20526032517869425,0.20110349450631027,-1.357331413486837,-1.2834173266137974,0.1574274058075234,-0.00047996160308552666,-0.0079193664506714,0.004559635229180952,-0.20265999999999995,0.05036900000000011,-0.8613379999999999,0.1084759999999999,-0.016031999999999824,-0.922044,0.31113599999999986,0.06640099999999993,0.06070600000000004,0.0,0.9847486793337207,0.0,1.0,0.015251320666279322,-0.8613379999999999
640,2.666667,walk,0.988098,-1.038591,0.938873,0.010501,-0.015773,-0.320681,-0.47492200623951125,-0.22366210703143158,0.049196064314859636,-0.12982143752499148,-0.27484305509645895,0.24987581525563873,-1.3170146388289654,-1.271418286537141,0.15358771298296878,0.0038396928245780495,-0.015838732901397777,0.009599232061435965,-0.20616900000000005,0.046003000000000016,-0.860903,0.11047099999999987,-0.015166000000000013,-0.922209,0.3166399999999999,0.06116900000000003,0.06130599999999997,0.0,0.9684760251255653,0.0,1.0,0.0315239748744347,-0.860903
641,2.670833,walk,0.986065,-1.039647,0.938764,0.010836,-0.015821,-0.320918,-0.4879980796927525,-0.25348055688908233,-0.02616418626978198,-0.1583251392706604,-0.027912993213840085,0.12312828206165594,-1.305328852616369,-1.266442630820884,0.14642342774843561,-0.0060009601536104296,0.014402304368686352,0.001200192030724418,-0.20957399999999993,0.041783000000000015,-0.8601840000000001,0.112479,-0.014050000000000118,-0.922095,0.3220529999999999,0.05583300000000013,0.06191099999999994,0.0,0.9739190174220054,0.0,1.0,0.026080982577994627,-0.8601840000000001
642,2.675,walk,0.983859,-1.040803,0.938651,0.011517,-0.016561,-0.321115,-0.5293976481881524,-0.277417806575471,-0.02711783057356249,-0.42244502735740974,0.23311618590906466,0.10440997491810827,-1.2661387089033596,-1.2586993040557461,0.14014878809695894,0.005519558435350929,-0.008879289656790114,0.021118310535158457,-0.21264400000000006,0.037693999999999894,-0.859487,0.11470800000000003,-0.012931000000000026,-0.921894,0.3273520000000001,0.05062499999999992,0.06240699999999999,0.0,0.9607256674860518,0.0,1.0,0.039274332513948185,-0.859487
643,2.679167,walk,0.981784,-1.041865,0.93862,0.011873,-0.016555,-0.321449,-0.4979601631869265,-0.2548596112311144,-0.007439404847612517,-0.15884768959011789,-0.054818136555616966,0.1726781197111474,-1.2603791696663582,-1.237820974321978,0.1331893448524037,0.00191984641228882,-0.007199424046069754,0.0014398848092149498,-0.21582100000000004,0.03359800000000002,-0.858901,0.11679100000000009,-0.011898999999999882,-0.921857,0.33261200000000013,0.0454969999999999,0.06295600000000001,0.0,0.9873519012072396,0.0,1.0,0.01264809879276041,-0.858901
644,2.683333,walk,0.979808,-1.042849,0.938654,0.01223,-0.016398,-0.321967,-0.4743158905424685,-0.23619779164662671,0.008161305808924043,-0.13492322473373589,-0.12208034741992646,0.2666282690276284,-1.2371579452712076,-1.2621219395102834,0.11257801248199337,0.0019203072491617336,-0.0028804608737692497,0.0033605376860297025,-0.21899900000000005,0.029323999999999906,-0.858466,0.11877500000000007,-0.010927000000000131,-0.921877,0.33777400000000013,0.04025100000000004,0.063411,0.0,0.9919588129131389,0.0,1.0,0.008041187086861079,-0.858466
645,2.6875,walk,0.977605,-1.043998,0.938563,0.012649,-0.016611,-0.32206,-0.5286777057835773,-0.2757379409647514,-0.021838252939754353,-0.22277485804974712,0.032885250327785276,0.05063292529450376,-1.219582433405364,-1.2505399568035311,0.08879289656828081,0.0007199424046017234,0.0011999040076873012,0.002639788816894911,-0.2218779999999999,0.025261999999999896,-0.858005,0.12098100000000012,-0.009773000000000032,-0.921775,0.342859,0.03503499999999993,0.06377,0.0,0.9950204385257191,0.0,1.0,0.0049795614742809136,-0.858005
646,2.691667,walk,0.975549,-1.045023,0.93857,0.012956,-0.016508,-0.32247,-0.4934005279577731,-0.24598032157429817,0.001679865610746236,-0.12113540418414613,-0.09062440732851837,0.21127692593828298,-1.196544276457949,-1.2303815694744697,0.07463402927765923,0.0,0.017278617710601223,0.008639308855291452,-0.224808,0.021160000000000068,-0.857701,0.12303700000000006,-0.008675999999999906,-0.9217460000000001,0.34784500000000007,0.029835999999999974,0.06404500000000002,0.0,0.9678031968682268,0.0,1.0,0.0321968031317732,-0.857701
647,2.695833,walk,0.973422,-1.046098,0.938497,0.013218,-0.016619,-0.322899,-0.5105616898703629,-0.25804128660583475,-0.01752280364858083,-0.13376117993756842,0.013742066530450873,0.21982016528934809,-1.1819491118578744,-1.2189150264042243,0.07753240518482837,0.0026404224675907213,0.004080652904448696,0.0014402304368704673,-0.22760500000000006,0.017156999999999867,-0.857305,0.12517500000000004,-0.007584000000000035,-0.921667,0.3527800000000001,0.024740999999999902,0.06436200000000003,0.0,0.9915511633533842,0.0,1.0,0.008448836646615776,-0.857305
648,2.7,walk,0.971245,-1.047099,0.9385,0.013735,-0.016611,-0.32327,-0.522438204943569,-0.2402207823374055,0.0007199424046016468,-0.23144009071691188,-0.08033482282235543,0.1934268207800724,-1.1283897288216216,-1.2121430285576216,0.04247660187184685,0.0009599232061177668,0.005759539236866461,0.0007199424046074749,-0.23013000000000006,0.01310699999999998,-0.857131,0.1273559999999999,-0.0065589999999999815,-0.921667,0.35748599999999997,0.01966599999999996,0.06453600000000004,0.0,0.9901946638891821,0.0,1.0,0.009805336110817908,-0.857131
649,2.704167,walk,0.969077,-1.048271,0.938277,0.013983,-0.017047,-0.323624,-0.5202783777298194,-0.28125749940004907,-0.05351571874249662,-0.1783065227718095,0.16288290783256784,0.18032559104616072,-1.1339092872570662,-1.2102231821454617,0.06095512359011659,-0.0009599232061178691,0.008639308855273968,0.0011999040076789752,-0.23268699999999998,0.009236000000000022,-0.856654,0.12952000000000008,-0.005351000000000106,-0.921439,0.36220700000000006,0.014587000000000128,0.06478499999999998,0.0,0.9853751657477481,0.0,1.0,0.014624834252251917,-0.856654
650,2.708333,walk,0.966937,-1.049312,0.938258,0.014415,-0.017304,-0.323953,-0.5136821891502307,-0.24987998079693738,-0.004560729716752455,-0.23424777608886077,0.05281441110418101,0.17048040547737053,-1.116418626980277,-1.199471915506482,0.02880460873739602,0.0033605376860197087,0.00888142102737968,0.0,-0.23519800000000002,0.005279999999999951,-0.856515,0.13167399999999996,-0.004272999999999971,-0.92142,0.366872,0.009552999999999923,0.06490499999999999,0.0,0.9841734353937631,0.0,1.0,0.01582656460623688,-0.856515
651,2.7125,walk,0.964704,-1.050414,0.938112,0.014831,-0.017436,-0.324279,-0.5358771298296479,-0.2644588432925334,-0.03503719702426138,-0.2074970192455758,-0.0014999356016107078,0.1693432364537405,-1.0880729541637257,-1.1658267338613513,0.004319654427646975,-0.0023998080153746024,0.007919366450672245,-0.005519558435325118,-0.23749900000000002,0.0015239999999998588,-0.856351,0.13389699999999993,-0.003138000000000085,-0.9212969999999999,0.37139599999999995,0.004661999999999944,0.06494599999999995,0.0,0.9834218208334924,0.0,1.0,0.01657817916650761,-0.856351
652,2.716667,walk,0.96247,-1.051498,0.937908,0.015169,-0.017796,-0.324515,-0.5361171106311068,-0.26013918886489534,-0.04895608351331163,-0.20813363738868598,0.11325261701138993,0.12185928566519684,-1.0686345092392053,-1.2205423566113784,-0.056155507559391374,0.0016798656107727,0.002639788816890467,0.004559635229180952,-0.2397180000000001,-0.0024779999999999802,-0.856381,0.13613799999999998,-0.002043000000000017,-0.921074,0.3758560000000001,0.0004349999999999632,0.064693,0.0,0.9907833624335564,0.0,1.0,0.009216637566443642,-0.856381
653,2.720833,walk,0.960723,-1.052654,0.938405,0.018181,-0.017044,-0.326051,-0.41934709553533184,-0.2774843975036069,0.11929908785408547,-1.241169739803338,-0.7945930264364538,0.8168219391091384,-1.0482477196352005,-1.2777244359098388,-0.1048967834853676,0.0016802688429833838,0.0038406144983238765,0.003600576092175303,-0.24233799999999994,-0.006645000000000012,-0.857315,0.1378919999999999,-0.0008710000000000662,-0.921556,0.38022999999999985,0.005773999999999946,0.06424099999999999,0.0,0.9907898348270058,0.0,1.0,0.009210165172994222,-0.857315
654,2.725,walk,0.958318,-1.053857,0.938117,0.017878,-0.016937,-0.325758,-0.577153827693747,-0.2886969042476582,-0.06911447084234423,0.15273208007452502,-0.004563924030617636,-0.15150001491294685,-1.0467962562994535,-1.1727861771057806,-0.10919126469881674,0.00023998080156940654,0.004559635229179287,0.00119990400767968,-0.24429500000000004,-0.010329000000000033,-0.857482,0.14029800000000003,0.0003509999999999902,-0.9212629999999999,0.3845930000000001,0.010680000000000023,0.06378099999999998,0.0,0.9921317032345798,0.0,1.0,0.007868296765420224,-0.857482
655,2.729167,walk,0.955979,-1.055025,0.937799,0.01797,-0.017531,-0.325877,-0.5613150947924375,-0.2802975761939312,-0.07631389488839548,-0.13410232760875762,0.2565303423723407,0.05807551979866042,-1.033117350611999,-1.1730261579074217,-0.14158867290617236,0.0007199424046017234,0.009599232061445124,0.001919846412286527,-0.24626100000000006,-0.014048999999999978,-0.857754,0.14264,0.001559000000000088,-0.920937,0.38890100000000005,0.015608000000000066,0.06318299999999999,0.0,0.9836403797006344,0.0,1.0,0.01635962029936555,-0.857754
656,2.733333,walk,0.953853,-1.056023,0.937693,0.0193,-0.017859,-0.327141,-0.5103216514642377,-0.23955832933264642,-0.025444071051379642,-0.6481572503723863,-0.044404409273506903,0.6552272301507953,-1.0295247239558016,-1.1802688430148112,-0.17474795967354453,0.0009601536245542171,0.010081613058112426,0.0012001920307252506,-0.24842399999999998,-0.017967999999999984,-0.858376,0.14476999999999995,0.002599000000000018,-0.920826,0.39319399999999993,0.020567000000000002,0.062450000000000006,0.0,0.9830031638771879,0.0,1.0,0.01699683612281211,-0.858376
657,2.7375,walk,0.951315,-1.057088,0.936913,0.017618,-0.018537,-0.326576,-0.609071274298067,-0.2555795536357433,-0.1871850251979934,0.6532718043940628,0.5644121645674381,-0.31061401794785326,-0.9913606911447527,-1.1598272138229682,-0.2179025677945845,-0.0011999040076340148,0.013438924885969887,-0.0002399808015361281,-0.25001700000000004,-0.021735999999999978,-0.8585039999999999,0.14730300000000007,0.0037199999999999456,-0.920047,0.3973200000000001,0.025455999999999923,0.061543000000000014,0.0,0.9775091337981527,0.0,1.0,0.02249086620184726,-0.8585039999999999
658,2.741667,walk,0.949313,-1.058221,0.937149,0.020126,-0.017752,-0.327815,-0.480441564674811,-0.27189824814014435,0.05663546916246691,-1.0071843530379092,-0.7344910027458152,0.6635430034497635,-0.993520518358452,-1.1382289416845819,-0.24070074394047103,0.0021598272138049403,0.0011999040076871733,0.0007199424046074749,-0.2521549999999999,-0.02534599999999987,-0.859743,0.14931400000000006,0.004858000000000029,-0.92028,0.40146899999999996,0.030203999999999898,0.06053699999999995,0.0,0.9957108210164324,0.0,1.0,0.004289178983567621,-0.859743
659,2.745833,walk,0.947007,-1.059323,0.936843,0.020535,-0.018089,-0.328029,-0.5535285645702968,-0.264522323571749,-0.07345175228036968,-0.23750825374784346,0.09125201967977575,0.11141368171047066,-0.9536725876139932,-1.157945271243406,-0.2806048967834785,0.0033605376860197087,0.011041766682666643,-0.0002400384061443839,-0.253822,-0.029068000000000094,-0.860606,0.15163399999999994,0.006005999999999956,-0.919975,0.4054559999999999,0.03507400000000005,0.059369000000000005,0.0,0.9807594580630414,0.0,1.0,0.019240541936958566,-0.860606
660,2.75,walk,0.94471,-1.060385,0.936547,0.020982,-0.018425,-0.328134,-0.5512359011279334,-0.2548596112310883,-0.07103431725461398,-0.2550977711420435,0.08339865036688544,0.056501120617895535,-0.9572834173266624,-1.0811135109191714,-0.30045596352293263,0.00215982721380517,0.01103911687064857,-0.005039596832253694,-0.255514,-0.03251100000000018,-0.861562,0.15393999999999985,0.007113999999999843,-0.9197,0.4094539999999999,0.03962500000000002,0.05813799999999991,0.0,0.9794570577739516,0.0,1.0,0.020542942226048355,-0.861562
661,2.754167,walk,0.942403,-1.061465,0.936184,0.021466,-0.018441,-0.328298,-0.553635709143308,-0.25917926565880517,-0.08711303095752791,-0.221097670832211,-0.06672210224372253,0.08915140817174494,-0.9184065274778497,-1.1223902087833055,-0.3390928725702093,0.0019198464122890248,0.012479001679905304,-0.0016798656107512315,-0.257034,-0.03610799999999981,-0.862612,0.15625499999999992,0.008246000000000198,-0.919344,0.4132889999999999,0.044354000000000005,0.056732000000000005,0.0,0.9787715310619047,0.0,1.0,0.02122846893809527,-0.862612
662,2.758333,walk,0.940081,-1.062573,0.935833,0.022177,-0.01868,-0.328338,-0.5573691790686202,-0.26596255400860697,-0.08425348055688445,-0.3599461541235019,-0.0030071797799423607,0.02747845879797143,-0.8934229476716038,-1.0852136341814387,-0.3967834853576468,0.0026404224675907213,0.009361497839630138,-0.0019203072491600678,-0.25843400000000005,-0.03952099999999992,-0.8639140000000001,0.15858799999999984,0.009392999999999985,-0.9190010000000001,0.4170219999999999,0.0489139999999999,0.055087,0.0,0.9834758549943883,0.0,1.0,0.016524145005611723,-0.8639140000000001
663,2.7625,walk,0.937701,-1.063689,0.935431,0.022706,-0.018931,-0.328362,-0.5711543076553645,-0.2678185745140506,-0.09647228221741996,-0.2793271824759859,0.030861538937951224,0.01704384689945966,-0.893208543316481,-1.0767938564914463,-0.39596832253417286,0.0031197504199759933,0.011519078473732921,-0.0011999040076788473,-0.259776,-0.04289199999999993,-0.865162,0.16098099999999993,0.01055700000000015,-0.918604,0.42075699999999994,0.05344900000000008,0.05344199999999999,0.0,0.9800096008325523,0.0,1.0,0.019990399167447714,-0.865162
664,2.766667,walk,0.935373,-1.064802,0.935001,0.023232,-0.019047,-0.328649,-0.5586753059755467,-0.26709863210942414,-0.10319174466044183,-0.25527192283900435,-0.026162911855848587,0.1516866488515308,-0.832973362131068,-1.0271178305736157,-0.44732421406289646,0.006239500839952652,0.00599952003838322,-0.0055195584353259506,-0.260919,-0.04605900000000007,-0.8665959999999999,0.163335,0.011695000000000011,-0.9181969999999999,0.424254,0.05775400000000008,0.05160100000000001,0.0,0.9828899690934991,0.0,1.0,0.017110030906500873,-0.8665959999999999
665,2.770833,walk,0.932962,-1.065907,0.9346,0.023852,-0.019073,-0.328539,-0.5787325972155511,-0.26524243879017795,-0.09625540086413195,-0.2858230814779706,-0.08747605547502425,-0.04809934738827071,-0.8204512722035379,-0.9063850216034322,-0.4267882861257655,-0.0007201152184289877,0.014402304368686352,0.010321651464234324,-0.261926,-0.04873000000000016,-0.867973,0.16574300000000008,0.012859999999999872,-0.917753,0.4276690000000001,0.061590000000000034,0.049780000000000046,0.0021999999999999797,0.9704439597259514,0.0021999999999999797,0.9978,0.029556040274048567,-0.867973
666,2.775,walk,0.930604,-1.067016,0.934199,0.024778,-0.019198,-0.328759,-0.5658747300216173,-0.26613870890330626,-0.09623230141588746,-0.4384298633511955,-0.08592051747889572,0.1229655705912891,-0.7720182385409314,-0.8094552435805141,-0.43124550035999254,0.0,0.013678905687539319,0.006479481641468798,-0.26278499999999994,-0.050993999999999984,-0.8693690000000001,0.16810100000000006,0.014025999999999872,-0.917325,0.430886,0.06501999999999986,0.04795599999999989,0.020440000000000014,0.9747734628730242,0.020440000000000014,0.97956,0.025226537126975757,-0.8693690000000001
667,2.779167,walk,0.928148,-1.068109,0.933723,0.025675,-0.019203,-0.328891,-0.5893928485720816,-0.26229901607870026,-0.11423086153107823,-0.406787587965232,-0.1370499836590571,0.07920932913245458,-0.7588192944563968,-0.8243340532757062,-0.5833933285336808,0.002879769618406587,0.012479001679903973,-0.0026397888168946297,-0.2634909999999999,-0.05333600000000005,-0.871324,0.17056899999999997,0.015171000000000046,-0.91686,0.4340599999999999,0.0685070000000001,0.04553600000000002,0.04463999999999996,0.9782063311321367,0.04463999999999996,0.95536,0.02179366886786327,-0.871324
668,2.783333,walk,0.925667,-1.069203,0.933254,0.026258,-0.019451,-0.328745,-0.5955352856457398,-0.2626020163226152,-0.11257801248199203,-0.30429554715173546,0.018242937379101393,-0.0685727520868373,-0.6437830052809135,-0.7249159865579121,-0.4366298607777593,0.009121459433505882,0.0024003840614124482,-0.007681228996640257,-0.26369200000000004,-0.055262000000000144,-0.8726740000000001,0.1730879999999999,0.016274999999999817,-0.916423,0.43677999999999995,0.07153699999999996,0.04374899999999993,0.06251000000000001,0.9797265811180829,0.06251000000000001,0.9374899999999999,0.020273418881917138,-0.8726740000000001
669,2.7875,walk,0.923215,-1.070329,0.932772,0.026911,-0.019582,-0.328773,-0.5884329253659372,-0.270218382529425,-0.11567074634028152,-0.31661693669679414,-0.0430466010238933,0.02202098044959757,-0.5814734821213836,-0.5903527717781993,-0.30933525317972643,0.006479481641468107,0.00191984641228882,-0.007439404847611684,-0.263663,-0.05659599999999987,-0.8734810000000001,0.17556699999999992,0.017409000000000008,-0.915972,0.4392299999999999,0.07400499999999988,0.042490999999999945,0.07508999999999999,0.9832490268047587,0.07508999999999999,0.92491,0.016750973195241325,-0.8734810000000001
670,2.791667,walk,0.920749,-1.071427,0.932306,0.027812,-0.019549,-0.328812,-0.5917926565874924,-0.2634989200863622,-0.11183105351574243,-0.4030816508812545,-0.15625516385965135,0.03271548108226244,-0.5625149988001248,-0.5440364770818629,-0.44036477081835546,0.0007199424046017234,0.02615790736744462,-0.0011999040076789752,-0.263541,-0.057765000000000066,-0.87485,0.17803599999999986,0.018615999999999966,-0.915511,0.4415769999999999,0.07638100000000003,0.04066099999999995,0.09338999999999997,0.9563411519551432,0.09338999999999997,0.90661,0.04365884804485676,-0.87485
671,2.795833,walk,0.918237,-1.072512,0.931818,0.028892,-0.019496,-0.328902,-0.602976476236198,-0.2604416706673003,-0.11713874219873249,-0.48095233414510746,-0.19271359132504456,0.0614084456167006,-0.49735957753238264,-0.5117618819010956,-0.4390302448391616,0.0002400384061785287,0.0172827652424023,0.0,-0.2631009999999999,-0.058812000000000086,-0.876191,0.18054900000000007,0.01977299999999982,-0.915023,0.44365,0.0785849999999999,0.03883199999999998,0.11167999999999995,0.9711926131743365,0.11167999999999995,0.88832,0.028807386825663528,-0.876191
672,2.8,walk,0.915664,-1.073621,0.931277,0.029555,-0.01967,-0.328856,-0.6174706023518248,-0.26613870890330626,-0.12982961363091874,-0.3283145818270457,-0.02641113340067033,-0.015781754913095646,-0.4384449244060731,-0.4593232541396829,-0.4338852891768866,-0.0023998080153746024,0.02039836813057755,-0.0009599232061436797,-0.262355,-0.05961700000000003,-0.8774580000000001,0.18311199999999994,0.020966999999999958,-0.914486,0.44546699999999995,0.08058399999999999,0.03702799999999995,0.12972000000000006,0.9657308871875485,0.12972000000000006,0.8702799999999999,0.034269112812451485,-0.8774580000000001
673,2.804167,walk,0.913113,-1.07475,0.93071,0.030486,-0.019812,-0.328806,-0.6121910247180047,-0.2709383249340266,-0.13606911447083025,-0.44480478388564326,-0.08318729350940493,-0.013346769842538048,-0.38132949364050056,-0.4108471322293812,-0.46604271658264484,0.0016798656107727,0.0079193664506714,0.0016798656107510524,-0.261393,-0.06019999999999981,-0.8788330000000001,0.1856700000000001,0.022129000000000065,-0.9139120000000001,0.4470630000000001,0.08232899999999987,0.03507899999999997,0.14921,0.986219955861982,0.14921,0.8507899999999999,0.013780044138018033,-0.8788330000000001
674,2.808333,walk,0.910579,-1.075898,0.930169,0.031404,-0.019674,-0.328983,-0.6082573211713528,-0.2755640902544156,-0.12986077772443563,-0.3937180205647294,-0.2040012496215486,0.10483138468551544,-0.3302928468554717,-0.3698991838694125,-0.4803168506960989,0.0019203072491617336,0.009361497839683437,-0.0019203072491600678,-0.260235,-0.0605929999999999,-0.880293,0.18821200000000005,0.023316000000000114,-0.913379,0.44844700000000004,0.08390900000000001,0.03308600000000006,0.16914000000000007,0.9837542482762793,0.16914000000000007,0.8308599999999999,0.01624575172372067,-0.880293
675,2.8125,walk,0.908007,-1.076994,0.929714,0.032269,-0.019469,-0.328998,-0.6172306215503086,-0.26301895848332996,-0.10919126469882505,-0.3597113501750646,-0.2289076704246391,0.022946211912528488,-0.2735781137509196,-0.329733621310307,-0.4418046556275689,0.0016798656107195925,0.01199904007676644,0.0,-0.258803,-0.0608709999999999,-0.881679,0.19079099999999993,0.024461999999999984,-0.9129240000000001,0.44959399999999994,0.08533299999999988,0.03124500000000008,0.18755,0.9798065665765434,0.18755,0.81245,0.020193433423456586,-0.881679
676,2.816667,walk,0.905466,-1.078066,0.929106,0.033258,-0.019274,-0.329246,-0.6097912167026953,-0.2572594192464629,-0.14590832733383266,-0.4166028066165948,-0.23954719505054733,0.14305143513639135,-0.25029997600193515,-0.30069594432450875,-0.4130069594432635,0.001679865610772879,0.011519078473734148,-0.0004799616030714236,-0.257305,-0.061052000000000106,-0.882792,0.19333900000000004,0.025581999999999994,-0.912318,0.45064400000000004,0.0866340000000001,0.02952599999999994,0.20474000000000003,0.9805819756916183,0.20474000000000003,0.79526,0.019418024308381687,-0.882792
677,2.820833,walk,0.902807,-1.079258,0.928523,0.034067,-0.019562,-0.329127,-0.638262121939485,-0.2861257801248318,-0.1399423907825214,-0.4129352852929554,0.0006068818459611519,-0.052118240525376544,-0.23955832933267307,-0.3007681228996434,-0.38358137301967316,0.0,0.012481997119524618,0.0014402304368696345,-0.255644,-0.06111299999999997,-0.883807,0.195998,0.026826000000000016,-0.911729,0.451642,0.08793899999999999,0.027922000000000002,0.22078000000000003,0.9790586456580455,0.22078000000000003,0.77922,0.020941354341954543,-0.883807
678,2.825,walk,0.90012,-1.080414,0.928023,0.034793,-0.019746,-0.328831,-0.6448284137268614,-0.2774178065754414,-0.11999040076791805,-0.35940524805662993,-0.0368898355456946,-0.14176107924601122,-0.2159827213822791,-0.3441324694024113,-0.35541156707461147,0.00047996160308552666,0.010559155267561867,0.0028797696184307323,-0.253857,-0.06139099999999997,-0.884788,0.19868700000000006,0.028025999999999884,-0.911217,0.45254400000000006,0.08941699999999986,0.026429000000000036,0.23571000000000003,0.9817411211735105,0.23571000000000003,0.7642899999999999,0.018258878826489466,-0.884788
679,2.829167,walk,0.897498,-1.081565,0.927447,0.035435,-0.01973,-0.328999,-0.6292296616271017,-0.27621790256783696,-0.13822894168467656,-0.2879902838080771,-0.1049876524023059,0.09537444718096781,-0.21502279817615763,-0.3496520278377989,-0.31341492680587024,0.0007199424046017234,0.010319174466046847,0.004079673626110014,-0.252131,-0.06169699999999989,-0.885518,0.20131200000000005,0.029220000000000024,-0.910624,0.45344300000000004,0.09091699999999991,0.02510599999999996,0.24894,0.9814671900836626,0.24894,0.7510600000000001,0.018532809916337434,-0.885518
680,2.833333,walk,0.894811,-1.082731,0.926969,0.036159,-0.019926,-0.329013,-0.644983197311551,-0.2798847815650428,-0.11473835813729365,-0.35937750081438885,-0.024988591255560594,0.01570843198577797,-0.23835813730196698,-0.34805568891020444,-0.27700432069130354,0.0,0.008401344215075922,0.004800768122899337,-0.250437,-0.06198099999999984,-0.886194,0.20399900000000004,0.03042100000000003,-0.910126,0.45443600000000006,0.09240199999999987,0.023931999999999953,0.26068,0.9838729041680678,0.26068,0.73932,0.01612709583193217,-0.886194
681,2.8375,walk,0.892091,-1.08391,0.926409,0.037014,-0.020306,-0.328948,-0.6527477801776289,-0.28293736501076866,-0.1343892488600985,-0.44809081634094694,0.03609436589197281,-0.025007875736362324,-0.2337413006959623,-0.32445404367652547,-0.3006959443244671,-0.003119750419976326,0.009359251259928978,0.003599712023038591,-0.248691,-0.06215400000000004,-0.886887,0.20670600000000006,0.03163899999999997,-0.909551,0.45539700000000005,0.09379300000000002,0.022664000000000017,0.27336000000000005,0.9824971150411145,0.27336000000000005,0.72664,0.017502884958885523,-0.886887
682,2.841667,walk,0.889358,-1.085138,0.925901,0.037528,-0.020558,-0.328678,-0.6558675305975088,-0.2946964242860408,-0.12191024718023351,-0.2739478235691869,0.027494098903847863,-0.13245875787989966,-0.19054475641946558,-0.31005519558435135,-0.30453563714900933,0.0009599232061177668,-0.0009599232061710533,0.011999040076792637,-0.24675199999999997,-0.06221800000000011,-0.887648,0.20944299999999993,0.032862999999999865,-0.9089929999999999,0.4561949999999999,0.09508099999999997,0.021344999999999947,0.28654999999999997,0.9798740170779809,0.28654999999999997,0.71345,0.02012598292201906,-0.887648
683,2.845833,walk,0.886554,-1.086408,0.925316,0.037631,-0.021266,-0.32832,-0.6730676908305931,-0.30484877580417785,-0.1404224675948135,-0.1600101187464437,0.2969423611856179,-0.19045926592344684,-0.14306289006243114,-0.29308689390302767,-0.1800288046087518,-0.0009601536245543194,0.0009601536246076187,0.015122419587135272,-0.24454399999999998,-0.06216899999999992,-0.8878130000000001,0.21224300000000007,0.034137000000000084,-0.9083450000000001,0.45678700000000005,0.096306,0.020531999999999995,0.29468,0.9746945677694512,0.29468,0.70532,0.02530543223054882,-0.8878130000000001
684,2.85,walk,0.883701,-1.087703,0.924819,0.037821,-0.021823,-0.328062,-0.6846652267818144,-0.310775137988953,-0.11927045836334303,-0.17518895392462938,0.21693976219918917,-0.13599475996274074,-0.18766498680103233,-0.25053995680345126,-0.4370050395968064,-0.005039596832264814,0.0033597312214921136,0.007919366450683057,-0.24247299999999994,-0.06191799999999992,-0.889137,0.21507500000000002,0.03544600000000009,-0.9078149999999999,0.45754799999999995,0.097364,0.018677999999999972,0.31322,0.9833832668763745,0.31322,0.68678,0.01661673312362555,-0.889137
685,2.854167,walk,0.88098,-1.088861,0.924323,0.03837,-0.022888,-0.327721,-0.6529877609791451,-0.27789776817855655,-0.11903047756178632,-0.41862443376718134,0.38897580352136607,-0.17920533712103986,-0.13126949844014882,-0.23086153107750212,-0.33405327573795557,-0.0035997120230086173,-0.00215982721380517,0.017758579313655994,-0.24029900000000004,-0.06172199999999983,-0.890033,0.2177810000000001,0.036595000000000155,-0.907245,0.45808000000000015,0.09831699999999999,0.017212000000000005,0.32788,0.9695866476928354,0.32788,0.67212,0.030413352307164576,-0.890033
686,2.858333,walk,0.87802,-1.090286,0.92382,0.038424,-0.023337,-0.327783,-0.7105136821891218,-0.342054728756594,-0.12073931829093074,-0.09507022932304657,0.19645331072182406,0.025918647979654975,-0.11329812770040902,-0.21987518002883194,-0.2846855496879422,-0.0036005760921982376,-0.00912145943350491,0.023043686989917482,-0.237811,-0.06121299999999996,-0.890716,0.22072599999999998,0.03798200000000018,-0.906646,0.458537,0.09919500000000014,0.01593,0.3407,0.9582608403800035,0.3407,0.6593,0.041739159619996524,-0.890716
687,2.8625,walk,0.875185,-1.09157,0.923422,0.038535,-0.024002,-0.327746,-0.6803455723542504,-0.3081353491720421,-0.09551235901128573,-0.15545725073289032,0.2831437241310359,-0.026520531836650273,-0.10319174466044183,-0.22822174226061137,-0.28005759539238173,-0.005279577633781497,-0.0088792896568434,0.023758099352053367,-0.235406,-0.060880000000000045,-0.891485,0.22353900000000004,0.03922899999999996,-0.906149,0.45894500000000005,0.100109,0.01466400000000001,0.35336,0.9568219767312348,0.35336,0.64664,0.04317802326876519,-0.891485
688,2.866667,walk,0.872299,-1.092887,0.923072,0.038242,-0.024916,-0.327523,-0.6925845932324858,-0.31605471562273396,-0.08399328053754263,-0.012436157670387462,0.45519313266876893,-0.13150781516943033,-0.08567314614828868,-0.1751859851212083,-0.2778977681785286,-0.0035997120230615203,-0.01343892488602174,0.033837293016556316,-0.232877,-0.06029300000000015,-0.892293,0.2264099999999999,0.040489999999999915,-0.905658,0.4592869999999999,0.10078300000000007,0.01336499999999996,0.36634999999999995,0.939023569502694,0.36634999999999995,0.63365,0.060976430497305945,-0.892293
689,2.870833,walk,0.869389,-1.094223,0.922722,0.037997,-0.025904,-0.327223,-0.698511761881901,-0.3206913106096897,-0.08401344215073257,-0.0463206484695276,0.4795933118204668,-0.17082644091595134,-0.08929428708594066,-0.17522803648580831,-0.2453192510801666,-0.007921267402772164,-0.018722995679313577,0.03768602976476154,-0.23033899999999996,-0.059687000000000046,-0.892965,0.22928700000000002,0.041747999999999896,-0.905151,0.459626,0.10143499999999994,0.01218600000000003,0.37814000000000003,0.9286336936817382,0.37814000000000003,0.62186,0.0713663063182618,-0.892965
690,2.875,walk,0.866772,-1.095364,0.92269,0.038871,-0.025724,-0.327902,-0.6280297576194145,-0.27381809455246237,-0.007679385649156099,-0.3640805394491915,-0.2031032152849704,0.3636703614435277,-0.09311255099593777,-0.15766738660905633,-0.24406047516199747,-0.006239500839952652,-0.025677945764305758,0.0475161987041059,-0.22811000000000003,-0.059202999999999895,-0.89395,0.23187799999999992,0.0427820000000001,-0.904921,0.45998799999999995,0.10198499999999999,0.010970999999999953,0.39028999999999997,0.9093836320786226,0.39028999999999997,0.60971,0.0906163679213774,-0.89395
691,2.879167,walk,0.863868,-1.096696,0.922442,0.038276,-0.026802,-0.32778,-0.6969042476602233,-0.31965442764577623,-0.059515238780906476,0.09898746483675457,0.5791056689173447,-0.08853159310559194,-0.08807295416367242,-0.1528677705783604,-0.2359011279097783,-0.009359251259875691,-0.02927765778742095,0.04535637149028242,-0.22557300000000002,-0.058508000000000004,-0.894685,0.23474300000000003,0.04399199999999981,-0.904484,0.46031600000000006,0.10249999999999981,0.009799000000000002,0.4110507838678899,0.9086828289174466,0.4110507838678899,0.5889492161321102,0.09131717108255344,-0.894685
692,2.883333,walk,0.86085,-1.098104,0.922094,0.037846,-0.027655,-0.327758,-0.7244359097455311,-0.3379740758521453,-0.08353336533845546,0.06027901097408149,0.4536690357976786,-0.031173046729991025,-0.07633221315408563,-0.13802208353335968,-0.2189150264042186,-0.005520883341359971,-0.037445991358573856,0.07585213634181269,-0.222873,-0.05767499999999992,-0.895249,0.2377379999999999,0.04524400000000006,-0.90382,0.4606109999999999,0.10291899999999998,0.008570999999999995,0.4645972311336383,0.8587139523941252,0.4645972311336383,0.5354027688663616,0.14128604760587482,-0.895249
693,2.8875,walk,0.857776,-1.099456,0.921851,0.036816,-0.028836,-0.327681,-0.7377009839212464,-0.3244540436764909,-0.05831533477321296,0.28025242273902934,0.6950718620856211,-0.07503058487285824,-0.06911447084234423,-0.14710823134153092,-0.2332613390928585,-0.019198464122834914,-0.03431725461962935,0.06455483561314747,-0.22008700000000003,-0.0569360000000001,-0.8959779999999999,0.24073200000000006,0.04645300000000008,-0.903308,0.4608190000000001,0.10338900000000018,0.007330000000000059,0.4528607922639786,0.874019602601296,0.4528607922639786,0.5471392077360214,0.12598039739870404,-0.8959779999999999
694,2.891667,walk,0.854873,-1.100675,0.921508,0.036335,-0.030472,-0.327497,-0.6966642668586804,-0.29253659707226704,-0.08231341492680534,-0.041434040815028314,0.8129094580519066,-0.12393322864533171,0.01751859851214401,-0.16774658027358702,-0.13750899928006402,-0.019438444924406394,-0.03455723542120245,0.05951523878089982,-0.21711099999999994,-0.05641600000000002,-0.896208,0.24355400000000005,0.047528000000000015,-0.902717,0.460665,0.10394400000000004,0.006508999999999987,0.5722250227879215,0.8808115485159098,0.5722250227879215,0.42777497721207847,0.11918845148409019,-0.896208
695,2.895833,walk,0.851754,-1.101969,0.921259,0.03535,-0.031075,-0.328031,-0.748679788766178,-0.31060969755157725,-0.05976956313008567,0.3563100177056053,0.43981490532690554,0.2434036578644878,-0.024963994239102536,-0.1274603936629435,-0.20307249159865012,-0.013202112338006906,-0.03600576092171588,0.07705232837253793,-0.21409600000000006,-0.05565299999999995,-0.8968050000000001,0.2466179999999999,0.04867200000000005,-0.902147,0.46071399999999996,0.104325,0.005341999999999958,0.5448207098316542,0.8565526432472474,0.5448207098316542,0.4551792901683458,0.14344735675275255,-0.8968050000000001
696,2.9,walk,0.848713,-1.103334,0.921064,0.034637,-0.031796,-0.328091,-0.7297816174706262,-0.3275737940965018,-0.046796256299511674,0.2099322244267011,0.44005608148954417,0.007294651491947228,-0.07295416366690301,-0.11327093832494589,-0.2901367890568891,-0.023998080153586166,-0.053275737941007116,0.10175185985121674,-0.21135900000000007,-0.05475999999999992,-0.897819,0.24955899999999986,0.04981499999999994,-0.901528,0.46091799999999994,0.10457499999999986,0.0037089999999999623,0.46291000000000004,0.8044405952189231,0.46291000000000004,0.53709,0.19555940478107692,-0.897819
697,2.904167,walk,0.84554,-1.1048,0.920935,0.034135,-0.032884,-0.3281,-0.7614590832733139,-0.3518118550515666,-0.030957523398137243,0.055764658194107315,0.5722171728528807,-0.018208492896460083,0.04007679385649582,-0.14230861531078223,-0.09431245500359337,-0.03191744660425501,-0.05519558435323697,0.11279097672185495,-0.20801899999999995,-0.05388700000000002,-0.898083,0.252599,0.05105099999999996,-0.900929,0.46061799999999997,0.10493799999999998,0.002846000000000015,0.6792657254340773,0.7840583903529784,0.6792657254340773,0.32073427456592274,0.21594160964702158,-0.898083
698,2.908333,walk,0.842448,-1.106219,0.920715,0.033069,-0.033519,-0.327608,-0.7421987518003429,-0.3406144983197723,-0.0528084493519,0.37809978404876493,0.44450489002108734,-0.2795313225802153,-0.06481036965914878,-0.09457513202113219,-0.24003840614500244,-0.024963994239051896,-0.05328852616417716,0.10705712914067146,-0.20519699999999996,-0.052861999999999965,-0.898863,0.2555870000000001,0.05224800000000007,-0.9002629999999999,0.4607840000000001,0.10511000000000004,0.0013999999999999568,0.5426438726511307,0.7963929647515422,0.5426438726511307,0.4573561273488693,0.2036070352484578,-0.898863
699,2.9125,walk,0.839339,-1.107648,0.920609,0.032273,-0.034611,-0.327655,-0.7461003119750034,-0.34293256539472416,-0.025437964962786903,0.1891234979376304,0.6209374165479031,-0.004448458990189321,-0.04271658267338628,-0.09743220542353773,-0.2332613390928585,-0.025437964962840186,-0.0621550275977906,0.11687065034796452,-0.20226599999999995,-0.05183899999999997,-0.899729,0.25859,0.053417999999999966,-0.89967,0.46085599999999993,0.10525699999999993,5.900000000003125e-05,0.5727068616005184,0.7747554106245115,0.5727068616005184,0.4272931383994816,0.22524458937548852,-0.89967
700,2.916667,walk,0.836317,-1.109054,0.920494,0.031993,-0.035065,-0.327467,-0.7252219822414464,-0.3374130069594631,-0.027597792176621425,0.05318976175716259,0.24577301763836376,-0.10594955313097919,-0.016558675305972857,-0.1317494600432344,-0.17014638828894413,-0.02591792656587519,-0.07151427885767292,0.12670986321094907,-0.19931299999999996,-0.05098200000000008,-0.900323,0.26150399999999996,0.054526000000000074,-0.899027,0.4608169999999999,0.10550800000000016,0.0012959999999999638,0.6402859801123467,0.7407259477948227,0.6402859801123467,0.3597140198876533,0.2592740522051773,-0.899027
701,2.920833,walk,0.833264,-1.110491,0.920438,0.030902,-0.035994,-0.327224,-0.7328372539606071,-0.34493518963030995,-0.013442150744132134,0.34542768218521863,0.5872209867901526,-0.15608448078664794,-0.0028804608737426,-0.13058089294283798,-0.16874699951991912,-0.027844455112818484,-0.09193470955353138,0.1397023523763762,-0.196272,-0.05008900000000005,-0.9009699999999999,0.2644409999999999,0.05557999999999996,-0.898389,0.46071299999999993,0.10566900000000001,0.0025809999999999444,0.6443502952202607,0.6916221528832258,0.6443502952202607,0.35564970477973934,0.3083778471167742,-0.898389
702,2.925,walk,0.830227,-1.111932,0.920402,0.029933,-0.036281,-0.326895,-0.7288216942644816,-0.3458123350132209,-0.008639308855273968,0.39016798493357996,0.27497564418879833,-0.19122518278976947,0.02879769618430873,-0.14158867290619567,-0.15958723302136532,-0.026157907367391337,-0.09695224382051582,0.1370290376769926,-0.19311500000000004,-0.049238000000000115,-0.901599,0.26736899999999997,0.05661699999999992,-0.8977820000000001,0.460484,0.10585500000000003,0.0038169999999999593,0.641202840713753,0.6786882467975702,0.641202840713753,0.358797159286247,0.3213117532024298,-0.8977820000000001
703,2.929167,walk,0.827278,-1.113312,0.920474,0.028538,-0.036172,-0.326529,-0.7077033837292802,-0.3311735061195284,0.01727861771057274,0.6452060718886004,0.16120276244770898,-0.21583514136569593,0.02639788816893131,-0.13102951763856543,-0.1533477321814163,-0.032397408207340536,-0.07295416366692188,0.13342932565393895,-0.190056,-0.04840399999999989,-0.9023100000000001,0.27018300000000006,0.057692999999999994,-0.897298,0.46023900000000006,0.10609699999999989,0.0050120000000000164,0.6609608759156502,0.6907399317006021,0.6609608759156502,0.3390391240843498,0.3092600682993979,-0.897298
704,2.933333,walk,0.824223,-1.11472,0.920408,0.027432,-0.03656,-0.325955,-0.7333173307728841,-0.337974075852092,-0.015842534805570976,0.43343382175851913,0.33761097484086644,-0.3185317861241067,0.010801728276541413,-0.12361977916467333,-0.15002400384061051,-0.02040326452235008,-0.1281805088813725,0.18122899663945788,-0.186956,-0.04751100000000008,-0.902869,0.27315299999999987,0.058567000000000036,-0.896477,0.4601089999999999,0.10607800000000012,0.006392000000000064,0.6755101060345708,0.5645572876570396,0.5645572876570396,0.32448989396542915,0.4354427123429604,-0.896477
705,2.9375,walk,0.821189,-1.116156,0.92026,0.026283,-0.036964,-0.325379,-0.7281017518599066,-0.34461243100553357,-0.035517158627320314,0.4502671127799017,0.35150008379770165,-0.3201707670070894,0.0026397888168907483,-0.10607151427887536,-0.12574994000480538,-0.04391648668102485,-0.11711063114952393,0.17446604271659027,-0.18391099999999994,-0.04651700000000014,-0.903245,0.27600400000000014,0.059514999999999985,-0.895602,0.4599150000000001,0.10603200000000013,0.007642999999999955,0.7257779587956362,0.565791523410584,0.565791523410584,0.2742220412043638,0.43420847658941597,-0.895602
706,2.941667,walk,0.818104,-1.11763,0.920093,0.025416,-0.03754,-0.32452,-0.7403407727381892,-0.3537317014638931,-0.04007679385647344,0.2915829550985064,0.3804068324420734,-0.458433385431122,-0.004319654427636984,-0.08903287736979029,-0.1351091912647044,-0.034077273818116864,-0.14038876889850838,0.1977441804655722,-0.180844,-0.045414000000000065,-0.903641,0.27894699999999994,0.0604039999999999,-0.894611,0.45979099999999995,0.10581799999999997,0.009029999999999982,0.7302264003150007,0.5015434806906025,0.5015434806906025,0.26977359968499925,0.4984565193093975,-0.894611
707,2.945833,walk,0.815067,-1.119042,0.919998,0.02444,-0.038048,-0.323714,-0.7289966394623102,-0.33893422947675284,-0.022803648583788923,0.3524583717744996,0.367553605115496,-0.43330159284327946,-0.00888142102737968,-0.06673067690830362,-0.12890062409985312,-0.028804608737372703,-0.16322611617858745,0.2162746039366237,-0.177844,-0.044279999999999875,-0.904083,0.2818640000000001,0.06113600000000008,-0.8936149999999999,0.4597080000000001,0.10541599999999995,0.010468000000000033,0.7576318584522159,0.4411810871012094,0.4411810871012094,0.24236814154778408,0.5588189128987906,-0.8936149999999999
708,2.95,walk,0.812029,-1.120539,0.919974,0.023987,-0.038067,-0.32328,-0.7290616750659468,-0.35925125989915246,-0.005759539236866461,0.19646797352869408,0.0710065917438757,-0.2300612788052227,0.005999520038409223,-0.06431485481159555,-0.12718982481400695,-0.04679625629953333,-0.13630909527234636,0.195824334053264,-0.17478099999999996,-0.04305099999999995,-0.904589,0.28470699999999993,0.06206500000000004,-0.892775,0.4594879999999999,0.10511599999999999,0.011813999999999991,0.76224635575672,0.4766260865314209,0.4766260865314209,0.23775364424328005,0.5233739134685791,-0.892775
709,2.954167,walk,0.808996,-1.122006,0.919792,0.023294,-0.037567,-0.322654,-0.7278617710583372,-0.3520518358531735,-0.043676505879508706,0.3834306139328178,-0.1311035673873637,-0.3298518984507823,-0.0011999040076873012,-0.06839452843774987,-0.11615070794336985,-0.06455483561311855,-0.14374850012000084,0.20350371970243264,-0.17175300000000004,-0.041868999999999934,-0.904891,0.28747100000000003,0.06293300000000013,-0.891745,0.4592240000000001,0.10480200000000006,0.013145999999999991,0.7753382898321478,0.43957249922208913,0.43957249922208913,0.2246617101678522,0.5604275007779109,-0.891745
710,2.958333,walk,0.805968,-1.123476,0.919627,0.022699,-0.038173,-0.3218,-0.7268362938069965,-0.3528564570330821,-0.039606337013940764,0.16394545393881996,0.3526134122199825,-0.4486694854322009,0.014402304368686352,-0.06793086893903635,-0.12145943350935805,-0.07273163706196735,-0.14330292846854112,0.2049927988478102,-0.16866500000000006,-0.04068200000000011,-0.9052319999999999,0.2901959999999999,0.06380600000000003,-0.890726,0.45886099999999996,0.10448800000000014,0.014505999999999908,0.766818958542015,0.42081358498540644,0.42081358498540644,0.23318104145798502,0.5791864150145936,-0.890726
711,2.9625,walk,0.8028,-1.125312,0.919413,0.024359,-0.039402,-0.321631,-0.7602591792657077,-0.4406047516199315,-0.0513558915286648,-0.9468144446821305,0.30027349249540153,-0.054438750448466994,-0.0023998080153479593,-0.06263498920088281,-0.12359011279098232,-0.07991360691143075,-0.1523878089753281,0.25869930405568714,-0.16550699999999996,-0.039107,-0.905533,0.29303100000000004,0.06500700000000004,-0.8894340000000001,0.458538,0.10411400000000004,0.016098999999999974,0.7690393435958256,0.33901000000000003,0.33901000000000003,0.2309606564041744,0.66099,-0.8894340000000001
712,2.966667,walk,0.7998,-1.126957,0.919249,0.02535,-0.039239,-0.321314,-0.7199424046075882,-0.394768418526469,-0.039356851451894166,-0.42962141827645517,-0.2323586028776902,-0.13698298174823947,-0.003599712023034877,-0.054715622750151446,-0.11663066954642926,-0.1351091912647125,-0.11495080393565323,0.29109671226300177,-0.16252199999999994,-0.03769,-0.905855,0.29546799999999995,0.06617300000000004,-0.888057,0.4579899999999999,0.10386300000000004,0.01779799999999998,0.7852037762951305,0.32202,0.32202,0.2147962237048695,0.67798,-0.888057
713,2.970833,walk,0.796738,-1.128528,0.919149,0.025164,-0.039826,-0.32056,-0.734997599615999,-0.37710033605379584,-0.024003840614497576,-0.017423140297924307,0.2816065268363581,-0.3894177754802133,-0.01056168987039066,-0.03840614498318547,-0.10921747479597572,-0.102976476236209,-0.131060969755209,0.2477196351416427,-0.15950399999999998,-0.03627899999999995,-0.90621,0.29810099999999995,0.06719799999999987,-0.886925,0.45760499999999993,0.10347699999999982,0.019284999999999997,0.806243006820131,0.3095274576216569,0.3095274576216569,0.19375699317986905,0.6904725423783431,-0.886925
714,2.975,walk,0.793724,-1.130016,0.919012,0.023856,-0.04035,-0.319116,-0.7233021358290803,-0.35709143268534754,-0.03287736981039942,0.4917405978031045,0.4121796991759066,-0.7639375764475381,-0.01559875209982668,-0.02351811855055137,-0.09599232061434526,-0.10391168706500584,-0.1588672906167267,0.24958003359729683,-0.156555,-0.03488900000000017,-0.9064730000000001,0.300682,0.06802399999999986,-0.8857480000000001,0.457237,0.10291300000000003,0.020724999999999993,0.8332421200915923,0.29275,0.29275,0.16675787990840774,0.7072499999999999,-0.8857480000000001
715,2.979167,walk,0.790766,-1.131621,0.918894,0.02418,-0.040505,-0.318461,-0.7098632109431608,-0.3851691864651192,-0.028317734581249792,-0.18127477781922677,0.009323336419738423,-0.324472008156418,-0.024238060955128954,-0.021358291336695416,-0.10751139908807798,-0.10511159107270421,-0.16366690664743952,0.254379649628041,-0.153698,-0.0333730000000001,-0.906803,0.3032020000000001,0.06894700000000009,-0.88457,0.4569000000000001,0.10232000000000019,0.02223300000000006,0.812899602548349,0.27767,0.27767,0.18710039745165097,0.72233,-0.88457
716,2.983333,walk,0.787756,-1.133189,0.918829,0.023802,-0.040576,-0.31748,-0.7225156024963694,-0.3763802208353267,-0.015602496399419097,0.14578886537827543,0.0721207566783548,-0.5055792862462112,-0.039126260201610356,-0.019683149303867793,-0.10345655304848471,-0.12433989438310232,-0.1718674987998419,0.25636101776283493,-0.15085099999999996,-0.031887,-0.907169,0.305694,0.06979899999999994,-0.883437,0.456545,0.10168599999999994,0.023731999999999975,0.8127572210815565,0.26268,0.26268,0.18724277891844354,0.73732,-0.883437
717,2.9875,walk,0.784766,-1.13482,0.918662,0.023677,-0.040937,-0.316424,-0.7175425965923169,-0.3914086873050186,-0.040076793856500086,-0.014868541322291661,0.1644620226952029,-0.5383936666124921,-0.0369570434365504,-0.01703863690903179,-0.09647228221742692,-0.13414926805855573,-0.16774658027358702,0.2502999760019318,-0.148015,-0.030326999999999993,-0.907404,0.3081250000000001,0.07073099999999988,-0.882227,0.4561400000000001,0.10105799999999987,0.025177000000000005,0.825492443306507,0.24823,0.24823,0.17450755669349305,0.75177,-0.882227
718,2.991667,walk,0.781737,-1.136397,0.918556,0.023217,-0.041138,-0.315433,-0.7269018478521152,-0.378449724022094,-0.025437964962786903,0.16296445912194263,0.14345785083155224,-0.5125372475418616,-0.036477081833434295,-0.018238540916717148,-0.09959203263738305,-0.13438924886011083,-0.15502759779214903,0.25557955363569274,-0.145138,-0.028825999999999796,-0.907713,0.3105939999999999,0.07166200000000011,-0.8810560000000001,0.4557319999999999,0.10048799999999991,0.02665699999999993,0.8206354206379628,0.23343000000000003,0.23343000000000003,0.1793645793620372,0.76657,-0.8810560000000001
719,2.995833,walk,0.778591,-1.13803,0.918306,0.02247,-0.041839,-0.313983,-0.7551608257320922,-0.39198271723474576,-0.060009601536264195,0.21032430851731537,0.40665311321676595,-0.7533427120438418,-0.041046567450798745,-0.019443110897742564,-0.10489678348535476,-0.1413826212193794,-0.17810849735957757,0.25228036485837124,-0.14216300000000004,-0.0272739999999998,-0.9078999999999999,0.31315099999999996,0.07255300000000009,-0.879755,0.455314,0.09982699999999989,0.028144999999999976,0.80948760286439,0.21854999999999997,0.21854999999999997,0.19051239713560997,0.78145,-0.879755
720,3.0,walk,0.775586,-1.139702,0.918096,0.022021,-0.041932,-0.313081,-0.7211423086153522,-0.4012479001679799,-0.05039596832252029,0.17550943756680662,0.09413767798963915,-0.46649998389873926,-0.048956083513316845,-0.014158867290624896,-0.11255099592033167,-0.14494840412768814,-0.17398608111353966,0.24622030237582096,-0.13936199999999999,-0.025660999999999934,-0.908159,0.31555199999999994,0.0734999999999999,-0.878519,0.45491399999999993,0.09916099999999983,0.02964,0.7940813380740475,0.2036,0.2036,0.20591866192595254,0.7964,-0.878519
721,3.004167,walk,0.772765,-1.141416,0.918097,0.023048,-0.041922,-0.31288,-0.6769858411327313,-0.4113270938325106,0.0002399808015427889,-0.4696560293825764,-0.16184641030593375,-0.07704467006625487,-0.06647468202543422,-0.02375809935207002,-0.10007199424046509,-0.15310775137987653,-0.1694264458843066,0.2435805135589269,-0.136818,-0.024046000000000012,-0.9085770000000001,0.317735,0.07450800000000002,-0.8775050000000001,0.454553,0.09855400000000003,0.03107199999999999,0.7958912689924185,0.18928,0.18928,0.20410873100758153,0.81072,-0.8775050000000001
722,3.008333,walk,0.769763,-1.143144,0.917975,0.02306,-0.042279,-0.312312,-0.7205952952472343,-0.41478636581850803,-0.02928468554970311,-0.06862780973334097,0.15104712026802097,-0.2880581458186778,-0.07945271243400676,-0.034085453672607444,-0.11665866538645872,-0.15074411905906282,-0.208833413346112,0.2292366778684521,-0.13414700000000002,-0.022460000000000147,-0.908941,0.320109,0.07536600000000004,-0.876428,0.454256,0.09782600000000019,0.032513000000000014,0.7579956619136631,0.17487000000000003,0.17487000000000003,0.24200433808633692,0.8251299999999999,-0.876428
723,3.0125,walk,0.766768,-1.144855,0.917882,0.022975,-0.04242,-0.311826,-0.718742500599901,-0.4106071514278651,-0.022318214542837552,0.00943518192516745,0.06840350188302381,-0.24797800353929228,-0.07607391408687122,-0.027117830573506314,-0.10079193664506231,-0.15046796256296976,0.004319654427609881,0.26685865130787956,-0.13146900000000006,-0.020861999999999936,-0.909268,0.322477,0.07709499999999991,-0.875223,0.45394600000000007,0.09795699999999985,0.03404499999999999,0.7847376817812205,0.15954999999999997,0.15954999999999997,0.2152623182187795,0.84045,-0.875223
724,3.016667,walk,0.763736,-1.146602,0.917692,0.023023,-0.043039,-0.311218,-0.7276217902568209,-0.4192464602831828,-0.04559635229182437,-0.12500782585694548,0.26456922473830086,-0.30820041705033435,-0.05039596832252029,-0.03671706263500762,-0.07391408687305377,-0.15142788576915694,-0.21814254859613394,0.19798416126710752,-0.12864699999999996,-0.019268000000000063,-0.9093859999999999,0.324878,0.07793299999999981,-0.874208,0.45352499999999996,0.09720099999999987,0.03517799999999993,0.8388307605342818,0.14822000000000002,0.14822000000000002,0.16116923946571815,0.85178,-0.874208
725,3.020833,walk,0.760805,-1.148451,0.917406,0.023753,-0.043493,-0.310787,-0.7035525684109305,-0.4438310129621126,-0.0686509841574387,-0.4082107166562524,0.09089731564320337,-0.2017017399299649,-0.03696591454632339,-0.03840614498318137,-0.07369179068650782,-0.17498799807968307,-0.19467114738355087,0.21051368218914351,-0.12586999999999993,-0.01757899999999979,-0.9094070000000001,0.32708000000000004,0.07897100000000012,-0.8730450000000001,0.45294999999999996,0.09654999999999991,0.036362000000000005,0.8484158573844279,0.13638000000000006,0.13638000000000006,0.15158414261557207,0.8636199999999999,-0.8730450000000001
726,3.025,walk,0.757761,-1.150198,0.917156,0.02395,-0.044451,-0.310344,-0.7305015598752279,-0.4192464602831828,-0.05999520038399206,-0.24081346435648865,0.400020173672454,-0.22279915897638516,-0.01751859851211737,-0.043196544276476415,-0.06263498920086658,-0.16654667626589972,-0.21286297096235246,0.2023038156947545,-0.12289899999999998,-0.016011999999999915,-0.909418,0.32943,0.07983099999999999,-0.871952,0.452329,0.0958429999999999,0.037466,0.8698720223582118,0.12534,0.12534,0.13012797764178818,0.87466,-0.871952
727,3.029167,walk,0.754826,-1.151878,0.917017,0.022997,-0.044151,-0.310001,-0.7043436525077615,-0.4031677465802259,-0.033357331413484945,0.47329751495416295,-0.0018762997146736598,-0.19550390441902152,0.0014398848092032936,-0.05519558435323697,-0.04439644828413463,-0.19702423806093367,-0.19606431485476264,0.21070314374848653,-0.11995800000000001,-0.014561999999999964,-0.9094639999999999,0.33154400000000006,0.08069400000000004,-0.870935,0.45150200000000007,0.09525600000000001,0.038528999999999924,0.8819172792228906,0.11471000000000003,0.11471000000000003,0.11808272077710935,0.8852899999999999,-0.870935
728,3.033333,walk,0.751844,-1.153698,0.916775,0.023315,-0.045145,-0.309609,-0.7157945271244063,-0.4368698991838879,-0.058089294287082004,-0.30036755456778463,0.3998429517912535,-0.19392045590192725,0.002880460873742907,-0.056409025444071975,-0.031204992798850265,-0.18602976476236954,-0.2229956793087502,0.17522803648585197,-0.11696399999999996,-0.012977000000000016,-0.909352,0.33375100000000013,0.0815849999999998,-0.869963,0.4507150000000001,0.09456199999999981,0.03938900000000001,0.892451215436753,0.10611000000000004,0.10611000000000004,0.10754878456324701,0.89389,-0.869963
729,3.0375,walk,0.749024,-1.155373,0.916473,0.022866,-0.045256,-0.309172,-0.6767458603311164,-0.40196784257259205,-0.07247420206383635,0.18031365162377397,0.1092101156095417,-0.2321160857407224,0.007199424046069754,-0.05687544996400967,-0.018238540916725474,-0.16462682985364643,-0.2951763858890731,0.15742740580752673,-0.11411400000000005,-0.011538999999999966,-0.909126,0.3358849999999999,0.08203000000000005,-0.869005,0.4499989999999999,0.09356900000000001,0.04012099999999996,0.899732401240276,0.09878999999999999,0.09878999999999999,0.10026759875972402,0.9012100000000001,-0.869005
730,3.041667,walk,0.746104,-1.157095,0.916227,0.02268,-0.046013,-0.309125,-0.7007439404848013,-0.4132469402447996,-0.0590352771778209,-0.028760874355704926,0.37249258552022924,-0.03124787949548297,0.006959443244554375,-0.052555795536352104,-0.006719462443004926,-0.20086393088553273,-0.2337413006959623,0.17134629229662393,-0.11116499999999996,-0.010035999999999934,-0.908908,0.33796799999999994,0.08277800000000002,-0.868045,0.4491329999999999,0.09281399999999995,0.040863000000000094,0.9109354686156659,0.09137,0.09137,0.08906453138433412,0.90863,-0.868045
731,3.045833,walk,0.743265,-1.158816,0.915916,0.02268,-0.046516,-0.308991,-0.6814690350455973,-0.41310609697552486,-0.07465194431110243,-0.07740022843575352,0.22743830139102755,-0.06938682382296688,0.011281805088818523,-0.0460873739798816,-0.0014402304368698426,-0.20187229956789404,-0.26692270763321446,0.12481997119538775,-0.1082789999999999,-0.008507000000000042,-0.9086029999999999,0.3399660000000001,0.0833870000000001,-0.8672139999999999,0.448245,0.09189400000000014,0.04138900000000001,0.9208833591367425,0.08611000000000002,0.08611000000000002,0.07911664086325754,0.91389,-0.8672139999999999
732,3.05,walk,0.740658,-1.160331,0.915367,0.017966,-0.045752,-0.307698,-0.6256299496040398,-0.3635709143268544,-0.1317494600431811,2.239152943230525,0.32434256875318956,-0.7690314686978065,0.0028797696184068937,-0.026157907367391337,-0.003119750419966543,-0.20758339332857095,-0.2942164626829866,0.1015118790496806,-0.10566000000000009,-0.007101000000000024,-0.9080670000000001,0.3417079999999999,0.08367600000000008,-0.8662420000000001,0.447368,0.09077700000000011,0.041825,0.9558329549205202,0.08174999999999999,0.08174999999999999,0.04416704507947977,0.91825,-0.8662420000000001
733,3.054167,walk,0.737931,-1.162197,0.915163,0.020081,-0.048029,-0.308092,-0.6544276457883055,-0.447804175665901,-0.04895608351333827,-1.2946450824765419,0.7357257939368432,0.24829398221561677,-0.002639788816890467,-0.014638828893655628,-0.005039596832253157,-0.22318214542832224,-0.30333573314136714,0.10391168706502749,-0.10294400000000004,-0.005295999999999967,-0.9078839999999999,0.34350500000000006,0.08427799999999985,-0.865605,0.4464490000000001,0.08957399999999982,0.042278999999999956,0.9738242408256564,0.07721000000000006,0.07721000000000006,0.02617575917434356,0.92279,-0.865605
734,3.058333,walk,0.735306,-1.163942,0.914708,0.019858,-0.04824,-0.308105,-0.6301008161305609,-0.41886701872301,-0.10921747479596033,0.07069169273478623,0.12956377880802603,0.00023162030326797782,-0.01200192030724751,-0.005280844935234742,-0.004560729716754536,-0.2558809409505478,-0.3329332693230891,0.07681228996639272,-0.10036900000000004,-0.0035730000000000484,-0.9074479999999999,0.34506400000000004,0.08463599999999993,-0.86483,0.4454330000000001,0.08820899999999998,0.042617999999999934,0.976861907919767,0.07382000000000005,0.07382000000000005,0.023138092080232986,0.92618,-0.86483
735,3.0625,walk,0.732833,-1.165656,0.914781,0.02186,-0.04857,-0.308398,-0.5934725221982653,-0.4113270938325106,0.01751859851211737,-0.9562666675413751,-0.13919302915679127,0.1998631646779856,-0.014878809695226619,-0.0016798656107195925,-0.0016798656107512315,-0.2874970002400017,-0.35637149028078385,0.06407487401008292,-0.09795799999999999,-0.0018659999999999233,-0.907528,0.34633900000000006,0.08486499999999997,-0.864636,0.44429700000000005,0.08673099999999989,0.04289200000000004,0.9748878695266925,0.07108000000000003,0.07108000000000003,0.025112130473307515,0.92892,-0.864636
736,3.066667,walk,0.729931,-1.167365,0.91419,0.022227,-0.047848,-0.309202,-0.6964242860571377,-0.41012718982482327,-0.14182865370771183,-0.04412935578344189,-0.369580159041501,0.4171231265674228,-0.014638828893683831,-0.0009599232061711556,0.0016798656107512315,-0.32853371730261965,-0.3542116630669787,0.09359251259899504,-0.09511700000000001,-0.00016100000000007775,-0.9069299999999999,0.34787200000000007,0.0850979999999999,-0.863655,0.4429890000000001,0.08525899999999997,0.04327499999999995,0.9753897767172031,0.06725000000000009,0.06725000000000009,0.02461022328279694,0.93275,-0.863655
737,3.070833,walk,0.727345,-1.168981,0.914282,0.020521,-0.048801,-0.308594,-0.6207393182909041,-0.38790206433029706,0.022083533365359936,0.62424302591962,0.6768806506230334,-0.3542717094972298,-0.011521843494943751,0.0036005760921982376,0.0019203072491598596,-0.3814210273643829,-0.40686509841573587,0.07009121459433332,-0.09257899999999997,0.0014700000000000824,-0.907014,0.348869,0.08501899999999996,-0.8634550000000001,0.44144799999999995,0.08354899999999987,0.0435589999999999,0.9796281372116082,0.06441000000000002,0.06441000000000002,0.02037186278839176,0.9355899999999999,-0.8634550000000001
738,3.075,walk,0.724894,-1.170545,0.914516,0.01858,-0.04974,-0.308208,-0.5881929445643944,-0.37532997360206466,0.05615550755938138,0.7377972693885355,0.7089696278280984,-0.2479912038617118,-0.018478521718286553,0.009119270458358574,0.0011999040076792636,-0.4233261339092852,-0.46244300455960996,0.053035757139427035,-0.09020500000000009,0.0030719999999999636,-0.907243,0.34955599999999987,0.08465599999999984,-0.863468,0.43976099999999996,0.08158399999999988,0.04377500000000001,0.9655981013034679,0.06225000000000003,0.06225000000000003,0.034401898696532096,0.93775,-0.863468
739,3.079167,walk,0.722499,-1.172151,0.914768,0.017755,-0.050616,-0.307872,-0.5747540196784606,-0.3854091672666354,0.06047516198705099,0.23920307582860434,0.5165132991888323,-0.1923709416478752,-0.018718502519778028,0.011279097672164716,-0.0007199424046075517,-0.4787616990640893,-0.4953203743700355,0.025437964962802935,-0.08788799999999997,0.004724999999999868,-0.907498,0.34995599999999993,0.084198,-0.863614,0.4378439999999999,0.07947300000000013,0.043884000000000034,0.9635567908342644,0.06116000000000005,0.06116000000000005,0.036443209165735624,0.9388399999999999,-0.863614
740,3.083333,walk,0.720189,-1.173686,0.915105,0.017866,-0.050849,-0.307679,-0.5544887181949042,-0.3684589534325545,0.08089294287083809,-0.08933808297342596,0.08703790782953459,-0.09439741653863436,-0.01800288046088459,0.012241958713399389,-0.0033605376860297025,-0.5242438790206202,-0.5024003840614655,-0.003120499279884486,-0.08565299999999998,0.0063109999999999555,-0.9078489999999999,0.350082,0.08363999999999994,-0.863964,0.435735,0.07732899999999998,0.04388499999999995,0.9632855435841268,0.06115000000000004,0.06115000000000004,0.03671445641587323,0.93885,-0.863964
741,3.0875,walk,0.717882,-1.175291,0.915528,0.01714,-0.051128,-0.307276,-0.5536357091432813,-0.3851691864651192,0.1015118790496956,0.28107771573353185,0.22784064287281938,-0.22275930262277246,-0.015118790496769409,0.010799136069132425,-0.00047996160307183986,-0.5649148068154727,-0.5560355171586293,-0.012239020878329211,-0.08340900000000007,0.007961000000000107,-0.908274,0.350035,0.08292800000000011,-0.864438,0.43344400000000005,0.074967,0.043835999999999986,0.9690237757364502,0.06164000000000003,0.06164000000000003,0.030976224263549845,0.93836,-0.864438
742,3.091667,walk,0.715664,-1.176864,0.915841,0.016789,-0.05168,-0.306897,-0.5322774178065558,-0.37748980081586964,0.07511399088072682,0.07016320567125102,0.2979346336412942,-0.2005818635193252,-0.012479001679850688,0.011279097672163514,0.0019198464122869468,-0.6054715622749939,-0.6177105831533284,-0.07871370290376337,-0.08124299999999995,0.00958099999999984,-0.908579,0.34973,0.08192699999999986,-0.865079,0.43097299999999994,0.07234600000000002,0.04349999999999998,0.971783114911719,0.065,0.065,0.02821688508828102,0.935,-0.865079
743,3.095833,walk,0.713378,-1.178431,0.916309,0.016075,-0.051887,-0.306342,-0.5487277964474775,-0.3761401824292415,0.11233797407586679,0.28289212400295666,0.1906585446474317,-0.29922157886406797,-0.008881421027380626,0.006481036965914879,0.004320691310609989,-0.6735477676428436,-0.6329812770043709,-0.04296687469995506,-0.07899400000000001,0.011174999999999935,-0.9090290000000001,0.34921000000000013,0.08085699999999996,-0.865726,0.42820400000000014,0.06968200000000002,0.04330300000000009,0.9803113221325375,0.06697000000000003,0.06697000000000003,0.019688677867462534,0.93303,-0.865726
744,3.1,walk,0.711175,-1.179989,0.916754,0.015307,-0.052458,-0.305712,-0.5286777057834943,-0.3738900887928614,0.10679145668343906,0.2520838385248893,0.3639597284854114,-0.33780778171653925,-0.011039116870647394,0.0095992320614441,0.0016798656107510524,-0.7185025197984115,-0.5255579553635183,0.03551715862730654,-0.07683700000000004,0.012772999999999923,-0.9094669999999999,0.3484189999999999,0.08022499999999999,-0.866023,0.42525599999999997,0.06745200000000007,0.04344399999999993,0.9754581250193645,0.06556000000000006,0.06556000000000006,0.024541874980635536,0.9344399999999999,-0.866023
745,3.104167,walk,0.709018,-1.181538,0.917405,0.015769,-0.052486,-0.305286,-0.517638588912902,-0.37173026157909606,0.15622750179987951,-0.22466446566574771,-0.061392513986181556,-0.20185547139650103,-0.0047996160306959185,0.007199424046070521,0.0011999040076793915,-0.787377009839217,-0.7165826733861458,-0.09935205183585712,-0.07469999999999999,0.01435199999999992,-0.9101130000000001,0.347295,0.07878800000000008,-0.8670880000000001,0.421995,0.06443600000000016,0.04302499999999998,0.985440944945871,0.06975000000000003,0.06975000000000003,0.014559055054129022,0.93025,-0.8670880000000001
746,3.108333,walk,0.706765,-1.183108,0.918122,0.015583,-0.052602,-0.304489,-0.5408065290446469,-0.3768602976476304,0.1721075372059405,0.04971494180500709,0.06781946428691832,-0.40624932058981844,-0.0036005760921982376,0.004080652904501996,0.0016802688430148512,-0.8442150744118809,-0.8334133461353929,-0.16706673067690425,-0.07246200000000003,0.015939000000000147,-0.9108229999999999,0.3460310000000001,0.07688600000000001,-0.868501,0.4184930000000001,0.06094699999999986,0.04232199999999997,0.990507432775011,0.07678000000000001,0.07678000000000001,0.009492567224989035,0.9232199999999999,-0.868501
747,3.1125,walk,0.704691,-1.184579,0.918711,0.016259,-0.052172,-0.303799,-0.49772018238543675,-0.3530117590592914,0.1413486921046529,-0.26137079797479923,-0.3060930308599208,-0.3286926331438908,-0.0014398848092034469,0.00431965442761034,-0.0016798656107512315,-0.8879289656827947,-0.8243340532757407,-0.1377489800815993,-0.07039399999999996,0.017428,-0.9114190000000001,0.34440500000000007,0.07492200000000016,-0.8696640000000001,0.41479900000000003,0.057494000000000156,0.04175499999999999,0.9919111477417764,0.08245000000000002,0.08245000000000002,0.008088852258223644,0.91755,-0.8696640000000001
748,3.116667,walk,0.702511,-1.186136,0.919369,0.016568,-0.052056,-0.303034,-0.5231581473481706,-0.3736501079913453,0.15790736741058228,-0.1413958238620323,-0.11011736696882307,-0.37632189737288285,0.0007199424046016468,0.0031197504199759933,0.0023998080153587354,-0.9412047036236483,-0.7888168946483897,-0.08951283897287632,-0.06821100000000002,0.01899800000000007,-0.912067,0.34266300000000005,0.07319200000000015,-0.870695,0.4108740000000001,0.054194000000000075,0.041371999999999964,0.9933312007037198,0.08628000000000002,0.08628000000000002,0.00666879929628017,0.91372,-0.870695
749,3.120833,walk,0.700363,-1.187619,0.919948,0.016934,-0.052028,-0.302204,-0.5156024963994191,-0.3559769563129766,0.13898223715794056,-0.18177984242203837,-0.0791089204977761,-0.4074132656705673,0.0009601536245808668,0.0033605376860197087,0.0019203072491596515,-1.031685069611142,-0.8226116178588514,-0.1178588574171848,-0.06605899999999998,0.02049499999999993,-0.912638,0.34051299999999995,0.07124799999999998,-0.871765,0.40657199999999993,0.05075300000000005,0.04087299999999994,0.9933536374916782,0.09127000000000002,0.09127000000000002,0.006646362508321846,0.90873,-0.871765
750,3.125,walk,0.69823,-1.189136,0.920691,0.016494,-0.051719,-0.301159,-0.511879049676035,-0.36405087592993995,0.17830573554117665,0.22259454340094584,-0.09470352226833549,-0.5374326976369298,0.005759539236867074,0.0007199424046017234,0.002879769618430831,-1.0643148548116557,-0.8466522678186074,-0.16198704103672326,-0.06390200000000001,0.022014999999999896,-0.913369,0.33821099999999993,0.06923699999999999,-0.873183,0.40211299999999994,0.0472220000000001,0.040185999999999944,0.9892008639308775,0.09814,0.09814,0.010799136069122528,0.90186,-0.873183
751,3.129167,walk,0.696124,-1.19057,0.921443,0.017585,-0.05071,-0.300452,-0.5053995680345928,-0.344132469402448,0.18046556275498182,-0.3681798365295082,-0.6307487172241601,-0.3252770196152559,0.0019198464122890248,0.00287976961846018,0.002879769618430623,-1.0784737221022807,-0.8370530357571622,-0.16150707943365267,-0.061787999999999954,0.023460999999999954,-0.9141090000000001,0.335823,0.06718299999999999,-0.874608,0.39761099999999994,0.04372200000000004,0.03950100000000001,0.9924959351094407,0.10499000000000003,0.10499000000000003,0.0075040648905593255,0.89501,-0.874608
752,3.133333,walk,0.69397,-1.192013,0.92198,0.01822,-0.050006,-0.299488,-0.5170427268362771,-0.3463754200672212,0.12890062409985478,-0.2094489386827951,-0.4295878091308163,-0.46676485464412076,0.005520883341333322,-0.0002400384061785287,0.0012001920307248342,-1.1041766682668774,-0.8514162265962775,-0.17090734517522438,-0.05961099999999997,0.024902999999999897,-0.914641,0.33337700000000003,0.06507899999999989,-0.875857,0.392988,0.04017599999999999,0.03878400000000004,0.9905751168271804,0.11216000000000004,0.11216000000000004,0.009424883172819642,0.88784,-0.875857
753,3.1375,walk,0.691796,-1.193473,0.922475,0.018754,-0.049003,-0.298259,-0.5217182625389674,-0.35037197024236333,0.1187904967602575,-0.12574385362060073,-0.5563446648388902,-0.6017120495272944,0.003599712023034877,0.0009599232061710533,0.002159827213822841,-1.1864650827933185,-0.9145668346531208,-0.1775857931365377,-0.05742199999999997,0.02636700000000003,-0.915127,0.330607,0.06272800000000012,-0.8770920000000001,0.38802899999999996,0.03636100000000009,0.03803499999999993,0.9928228307955602,0.11965000000000003,0.11965000000000003,0.007177169204439782,0.88035,-0.8770920000000001
754,3.141667,walk,0.689763,-1.194926,0.923032,0.01913,-0.04807,-0.297303,-0.48788096952244886,-0.34869210463162775,0.13366930645547015,-0.05787195671167869,-0.49715667405129993,-0.4684413612735326,0.006959443244554375,0.0004799616030855778,-0.00023998080153591993,-1.2246220302376027,-0.9296856251500677,-0.17158627309816007,-0.055359999999999965,0.027822000000000013,-0.915685,0.3275370000000001,0.06030699999999989,-0.8783639999999999,0.38289700000000004,0.032484999999999875,0.03732100000000005,0.9883664990222543,0.12679,0.12679,0.011633500977745737,0.87321,-0.8783639999999999
755,3.145833,walk,0.687723,-1.196378,0.923522,0.019213,-0.047461,-0.296382,-0.48967834853576236,-0.34853576572250816,0.11761881901103625,0.030580718213562896,-0.30633404227610955,-0.4591317014499344,0.005520883341333322,0.0007201152184289877,0.0024003840614496685,-1.2688430148823762,-0.9579932789245671,-0.16706673067690425,-0.05329699999999993,0.029276999999999997,-0.916165,0.324291,0.05776800000000004,-0.8795499999999999,0.3775879999999999,0.028491000000000044,0.036615000000000064,0.9898949184347008,0.13385000000000008,0.13385000000000008,0.010105081565299212,0.86615,-0.8795499999999999
756,3.15,walk,0.685725,-1.197824,0.92395,0.019295,-0.04649,-0.295282,-0.47948164146869104,-0.34701223902090816,0.10271178305738289,0.07910356946251451,-0.47508734508042255,-0.5477410812619782,0.003359731221492472,-0.0019198464122890248,0.0,-1.3129349652028446,-0.9911207103432632,-0.18022558195345068,-0.051285000000000025,0.030715000000000048,-0.9165930000000001,0.32081799999999994,0.05508399999999991,-0.8807290000000001,0.37210299999999996,0.024368999999999863,0.03586400000000001,0.9935507097445941,0.14136000000000004,0.14136000000000004,0.0064492902554058595,0.85864,-0.8807290000000001
757,3.154167,walk,0.68375,-1.199259,0.924507,0.019876,-0.045265,-0.294267,-0.47396208303334286,-0.3443724502039807,0.1336693064554559,-0.11174646654156482,-0.6607528824011855,-0.4916460648556621,0.013918886489080623,-0.0059995200383825805,0.0011999040076792636,-1.3544516438684038,-0.9966402687784013,-0.1754259659227161,-0.04925199999999996,0.03212500000000018,-0.917145,0.317149,0.052366000000000135,-0.8820169999999999,0.366401,0.020240999999999953,0.03512800000000005,0.9746595727358596,0.14872000000000002,0.14872000000000002,0.02534042726414043,0.85128,-0.8820169999999999
758,3.158333,walk,0.681724,-1.200703,0.924873,0.020314,-0.044877,-0.293455,-0.48631781084976783,-0.3466154584733834,0.0878540566490654,-0.16105526767401646,-0.25303700784046734,-0.3954323579569089,0.003360537686020067,-0.006481036965914879,-0.0031204992798850267,-1.3823811809890578,-1.0192030724916727,-0.17066730676909736,-0.04721200000000003,0.03354200000000018,-0.9175239999999999,0.31341600000000003,0.049564000000000163,-0.8830939999999999,0.36062800000000006,0.01602199999999998,0.03442999999999996,0.9867676144914919,0.15570000000000006,0.15570000000000006,0.013232385508508138,0.8442999999999999,-0.8830939999999999
759,3.1625,walk,0.679782,-1.202177,0.925373,0.020838,-0.044387,-0.2927,-0.46604271658264484,-0.3537317014638554,0.11999040076794468,-0.18498553363338296,-0.3109274040565422,-0.3641186116389228,0.00383969282457764,-0.008159347252240807,-0.01583873290136674,-1.4125269978401007,-1.0518358531316916,-0.1718262538996762,-0.045254000000000016,0.03498200000000007,-0.91809,0.30947199999999997,0.04665500000000011,-0.88431,0.354726,0.011673000000000044,0.03377999999999992,0.9696234900471049,0.16219999999999996,0.16219999999999996,0.030376509952895092,0.8378000000000001,-0.88431
760,3.166667,walk,0.677849,-1.203565,0.925753,0.02099,-0.043392,-0.291629,-0.4638828893688627,-0.33309335253179945,0.09119270458364874,0.05099898070425565,-0.4959938505229178,-0.5296695070256753,-0.007919366450672245,-0.0023998080153746024,-0.02375809935205295,-1.4418046556276187,-1.0736741060715846,-0.16558675305976353,-0.043354000000000004,0.03635999999999995,-0.9185690000000001,0.3053969999999999,0.04356899999999997,-0.8853800000000001,0.3487509999999999,0.007209000000000021,0.033189000000000024,0.9580700740549483,0.16811000000000004,0.16811000000000004,0.04192992594505174,0.83189,-0.8853800000000001
761,3.170833,walk,0.675904,-1.204989,0.926162,0.021451,-0.042602,-0.290758,-0.4668746999520001,-0.34181469035046874,0.0981757081132937,-0.11603467260560157,-0.4416948674502694,-0.4226398857453931,0.012481997119524618,0.034085453672607444,0.05424867978876463,-1.4863178108496893,-1.0804128660585077,-0.1553048487758003,-0.04135699999999998,0.037926000000000126,-0.918752,0.30115000000000003,0.040492000000000195,-0.886436,0.342507,0.0025660000000000682,0.03231600000000001,0.8912120096627388,0.17684000000000005,0.17684000000000005,0.10878799033726116,0.8231599999999999,-0.886436
762,3.175,walk,0.674028,-1.206427,0.92663,0.022472,-0.041761,-0.290025,-0.45020398368132336,-0.3450923926085659,0.11231101511877473,-0.3634809905690848,-0.540584530993682,-0.3395931821662891,0.0,0.012479001679852017,0.012958963282938012,-1.51403887688992,-1.1123110151188813,-0.16174706023518715,-0.03948099999999999,0.039415999999999896,-0.9191659999999999,0.296717,0.037294999999999856,-0.887578,0.336198,0.0021210000000000395,0.03158799999999995,0.9700157350388257,0.18411999999999995,0.18411999999999995,0.029984264961174345,0.81588,-0.887578
763,3.179167,walk,0.672333,-1.207516,0.926921,0.022667,-0.041253,-0.287832,-0.40676745860328745,-0.2613390928725825,0.06983441324694588,-0.055356473966890266,-0.2975012845229177,-1.0914870547022646,0.010799136069131274,0.007199424046069754,0.008159347252219368,-1.5358771298295109,-1.1442284617229646,-0.1567074634029184,-0.037740999999999914,0.04053499999999999,-0.919423,0.29201200000000005,0.03361600000000009,-0.888522,0.32975299999999996,0.0069189999999998975,0.030900999999999956,0.9744489620771246,0.19099,0.19099,0.025551037922875386,0.80901,-0.888522
764,3.183333,walk,0.670536,-1.208993,0.927393,0.023921,-0.040708,-0.287104,-0.431349015842508,-0.3545367258761186,0.11329812770043568,-0.5126558001378896,-0.43564705059984654,-0.3326918870479779,0.0060009601536104296,-0.00024003840612522948,0.003120499279884694,-1.56072971675464,-1.136821891502627,-0.16658665386461383,-0.035919000000000034,0.04201100000000002,-0.919882,0.287307,0.030356999999999967,-0.889688,0.323226,0.011654000000000053,0.030193999999999943,0.9887198974397151,0.19806,0.19806,0.011280102560284888,0.80194,-0.889688
765,3.1875,walk,0.668757,-1.210436,0.927849,0.024664,-0.039886,-0.286577,-0.4269258459323389,-0.34629229661630645,0.10943124550036784,-0.23621095339077472,-0.48929401910591974,-0.24201890013532296,0.005519558435324285,0.0011999040076873012,0.0011999040076793915,-1.5728341732661981,-1.2176625869931017,-0.17734581233502214,-0.034117000000000064,0.043459000000000136,-0.9203330000000001,0.282532,0.026726000000000028,-0.8908830000000001,0.31664900000000007,0.01673300000000011,0.029449999999999976,0.9903758024033936,0.20550000000000007,0.20550000000000007,0.009624197596606376,0.7945,-0.8908830000000001
766,3.191667,walk,0.667078,-1.211886,0.928194,0.025471,-0.038906,-0.286086,-0.40292776577877937,-0.34797216222702604,0.08279337652986428,-0.2432780928778572,-0.5700837833169281,-0.22128887946940554,0.006479481641468798,-0.0014398848092567335,0.002159827213822863,-1.6222702183826272,-1.2020638348932733,-0.1375089992800632,-0.03241099999999997,0.044902999999999915,-0.920669,0.277451,0.023166999999999938,-0.891801,0.30986199999999997,0.021735999999999978,0.028868000000000005,0.9883664990222646,0.21132,0.21132,0.011633500977735411,0.78868,-0.891801
767,3.195833,walk,0.665378,-1.213303,0.928634,0.025504,-0.037755,-0.28555,-0.40806529044644196,-0.3401344215074323,0.10561689870378874,0.13541504662003373,-0.5437651074747428,-0.259740272527965,0.008401344215075922,-0.0019203072491084342,-0.0009601536245798257,-1.6399423907824682,-1.2196351416226001,-0.1262602016322574,-0.030676000000000037,0.04631200000000013,-0.921113,0.272319,0.019503000000000048,-0.892767,0.302995,0.026809000000000083,0.028345999999999982,0.9855477741493297,0.21654,0.21654,0.014452225850670297,0.78346,-0.892767
768,3.2,walk,0.663752,-1.214619,0.929165,0.025743,-0.03664,-0.285066,-0.39020878329731634,-0.31581473482116457,0.1274298056155572,0.03644885474779143,-0.5542558556899012,-0.22920470843553586,0.0028797696184332303,0.0004799616030322402,0.004319654427645474,-1.6661867050635013,-1.2351811855050874,-0.09743220542356104,-0.029038000000000008,0.04762999999999984,-0.9216260000000001,0.26700199999999996,0.015671999999999908,-0.893704,0.29603999999999997,0.03195799999999993,0.027922000000000002,0.9913104707693823,0.22078000000000003,0.22078000000000003,0.00868952923061772,0.77922,-0.893704
769,3.204167,walk,0.661506,-1.215638,0.929822,0.025997,-0.036743,-0.284709,-0.5389968802495975,-0.2445404367650947,0.15766738660908294,-0.1359088401754812,0.006481415487719218,-0.17399803857615898,0.016798656107515644,-0.00815934725218839,-0.01079913606911494,-1.6899448044157221,-1.3002159827214232,-0.11807055435565679,-0.026722000000000024,0.048615000000000075,-0.922328,0.26220599999999994,0.011273000000000089,-0.894853,0.28892799999999996,0.037341999999999986,0.027475000000000027,0.9640451234013913,0.22525,0.22525,0.03595487659860874,0.77475,-0.894853
770,3.208333,walk,0.659792,-1.217042,0.930129,0.026687,-0.036308,-0.284424,-0.41142582813248835,-0.3370139222275378,0.07369179068649491,-0.2617406924361382,-0.29928397246677413,-0.12462241596399111,0.0016802688430098544,-0.04368698991841611,-0.01752280364858333,-1.7131541046566858,-1.3254920787325675,-0.10009601536245542,-0.02500100000000005,0.04983699999999991,-0.922708,0.256783,0.0071550000000000225,-0.895577,0.28178400000000003,0.04268199999999989,0.027131000000000016,0.9214997339136961,0.22869,0.22869,0.0785002660863039,0.7713099999999999,-0.895577
771,3.2125,walk,0.658193,-1.218496,0.930221,0.02658,-0.036707,-0.284127,-0.38372930165588914,-0.3489320854331972,0.02207823374129714,-0.009490313322544424,0.19287060158922034,-0.15386037393415594,-0.017998560115202945,-0.06623470122389143,-0.009359251259899629,-1.786657067434695,-1.4146868250540563,-0.042236621070316914,-0.02347700000000008,0.05101500000000003,-0.922839,0.25093699999999997,0.0027140000000001052,-0.895845,0.27441400000000005,0.04830099999999993,0.026993999999999962,0.884547034629962,0.23006000000000004,0.23006000000000004,0.11545296537003802,0.76994,-0.895845
772,3.216667,walk,0.656545,-1.219811,0.930491,0.027312,-0.035656,-0.283981,-0.3954883609310973,-0.3155747540196484,0.06479481641468107,-0.19493228117898848,-0.5858875319740677,-0.04926192530259024,-0.03767698584112147,0.0031197504199759933,0.0038396928245738936,-1.7365010799135059,-1.3664506839452222,-0.05375569954403201,-0.02198600000000006,0.05234300000000003,-0.9230929999999999,0.24534899999999993,-0.0016650000000000276,-0.896339,0.267335,0.054008000000000056,0.026753999999999944,0.9366659792637723,0.23246,0.23246,0.06333402073622774,0.76754,-0.896339
773,3.220833,walk,0.654959,-1.221211,0.930601,0.027566,-0.035333,-0.283871,-0.3807009121459945,-0.3360537686030194,0.026404224675963324,-0.07414009152820396,-0.1852388008236244,-0.04717635881665738,0.03360537686030727,0.03960633701391834,0.009121459433510046,-1.7273163706194312,-1.3281325012002996,-0.006240998559771302,-0.020259999999999945,0.05390800000000007,-0.923165,0.23973900000000004,-0.00579799999999997,-0.896475,0.259999,0.05970600000000004,0.02668999999999999,0.912105108418879,0.23310000000000003,0.23310000000000003,0.08789489158112096,0.7668999999999999,-0.896475
774,3.225,walk,0.653501,-1.222584,0.930819,0.027865,-0.034939,-0.28393,-0.3498920086392778,-0.3294936405087024,0.05231581473480374,-0.08293141693614792,-0.22088121861724355,0.039041557485057235,-0.00479961603072205,0.0023998080153743466,0.005519558435324946,-1.7643388528916673,-1.433165346772192,-0.036717062634985385,-0.018822000000000005,0.05529099999999998,-0.92336,0.23384499999999997,-0.010397000000000212,-0.8968459999999999,0.252667,0.06568800000000019,0.026514000000000038,0.9871698144689536,0.23486,0.23486,0.012830185531046423,0.7651399999999999,-0.8968459999999999
775,3.229167,walk,0.651845,-1.223844,0.930952,0.028196,-0.034059,-0.284121,-0.39740820734342847,-0.30237580993522833,0.031917446604285055,-0.029506286917016185,-0.4465096428256893,0.10989394910326578,0.0023998080153479593,0.0047996160306959185,0.020398368130550487,-1.7717782577394419,-1.4206863450924396,-0.026637868970483574,-0.01715600000000006,0.05657099999999993,-0.923408,0.22811800000000004,-0.015057000000000098,-0.8970899999999999,0.2452740000000001,0.07162800000000002,0.026318000000000064,0.9648460206558624,0.23682000000000003,0.23682000000000003,0.035153979344137554,0.76318,-0.8970899999999999
776,3.233333,walk,0.650334,-1.225201,0.93106,0.028634,-0.034043,-0.284092,-0.3626980316850693,-0.3257321171387459,0.025924147863656752,-0.1997257405462584,-0.06744348682571757,-0.005546773971340027,0.0014402304368846249,-0.002160345655286963,0.009121459433509073,-1.7863658185309303,-1.4279884781564616,-0.0021603456553052846,-0.01563899999999996,0.057919000000000054,-0.923478,0.22218700000000002,-0.019649000000000028,-0.897207,0.23782599999999998,0.07756800000000008,0.026271000000000044,0.9841936739757289,0.23729,0.23729,0.015806326024271122,0.76271,-0.897207
777,3.2375,walk,0.648826,-1.226523,0.931193,0.029278,-0.0335,-0.284246,-0.36189104871610817,-0.3172546196304549,0.031917446604285055,-0.22011657604589235,-0.33455506701579973,0.09504959953414249,0.004799616030722562,-0.008639308855327255,-0.00023998080153591993,-1.8044156467483288,-1.433645308375377,0.01775857931365516,-0.014110999999999985,0.05920499999999995,-0.9236120000000001,0.21617600000000003,-0.024300999999999906,-0.897266,0.23028700000000002,0.08350599999999986,0.02634600000000009,0.9835234541843725,0.23654000000000003,0.23654000000000003,0.01647654581562752,0.76346,-0.897266
778,3.241667,walk,0.647334,-1.227814,0.931243,0.029479,-0.032948,-0.284457,-0.3580513558915186,-0.30981521478278196,0.011999040076791805,-0.014395541595673977,-0.277389664529837,0.11480001762599253,0.0028797696184332303,-0.011999040076765161,0.0016798656107510524,-1.7938564914805746,-1.4694024478041103,0.010799136069114621,-0.012606999999999924,0.060446,-0.923655,0.21019300000000007,-0.029133000000000076,-0.897271,0.2228,0.08957900000000008,0.026383999999999963,0.9792440112866155,0.23615999999999998,0.23615999999999998,0.020755988713384466,0.7638400000000001,-0.897271
779,3.245833,walk,0.646007,-1.22907,0.93119,0.028993,-0.031926,-0.284656,-0.3185309649543761,-0.30148823811812564,-0.012722035525703147,0.36601259703378985,-0.4005261749889328,0.09963301133805896,0.003600576092171588,-0.0057609217474852,0.00024003840614500847,-1.8034085453672075,-1.497359577532356,0.035285645703310206,-0.01126499999999997,0.06167800000000012,-0.923601,0.20400700000000005,-0.034114999999999895,-0.897071,0.21527200000000002,0.09579300000000002,0.026530000000000054,0.9886703454484616,0.23470000000000002,0.23470000000000002,0.011329654551538448,0.7653,-0.897071
780,3.25,walk,0.644689,-1.230386,0.931176,0.029474,-0.031533,-0.284616,-0.3162946964243104,-0.3158147348211982,-0.003359731221492472,-0.16786728951960317,-0.24706446938154233,-0.006912538480438259,0.005279577633781497,-0.0019198464122890248,0.0016798656107512315,-1.817854571634352,-1.5061195104392213,0.035037197024239734,-0.009924999999999962,0.06298599999999999,-0.92358,0.1977500000000001,-0.03907499999999997,-0.896911,0.20767500000000005,0.10206099999999996,0.026668999999999943,0.9902273484338393,0.23331000000000002,0.23331000000000002,0.009772651566160695,0.76669,-0.896911
781,3.254167,walk,0.643228,-1.231651,0.931288,0.03009,-0.031339,-0.284842,-0.3506119510439168,-0.3035757139429156,0.026877849772019704,-0.2543511018941123,-0.1689118227414106,0.12687544365577028,0.04055675545955902,0.0760739140868527,0.03719702423806259,-1.7988960883130312,-1.5111591072714865,0.058555315574756975,-0.008295000000000052,0.06456799999999996,-0.923537,0.19171499999999997,-0.044106999999999896,-0.896779,0.20001000000000002,0.10867499999999986,0.02675800000000006,0.8435133176586996,0.23242000000000007,0.23242000000000007,0.15648668234130036,0.7675799999999999,-0.896779
782,3.258333,walk,0.641747,-1.232969,0.931379,0.030279,-0.030579,-0.285141,-0.3554968795007261,-0.31637061929906246,0.021843494959181406,0.02052793274912742,-0.3698572102298186,0.16084959644776264,0.008161305808924043,-0.003840614498323467,-0.014402304368698635,-1.8264522323571215,-1.5475276044166864,0.08857417186749668,-0.006780000000000008,0.06586999999999987,-0.923688,0.18558700000000006,-0.04923600000000006,-0.896501,0.19236700000000007,0.11510599999999993,0.02718699999999996,0.9716772763315319,0.22813,0.22813,0.02832272366846811,0.7718700000000001,-0.896501
783,3.2625,walk,0.640344,-1.23431,0.931399,0.030934,-0.030056,-0.285306,-0.3366930645547988,-0.3218142548596004,0.00479961603072205,-0.2278070765626322,-0.3268072652653095,0.1004336684037146,-0.0009599232061177668,-0.006959443244500347,-0.0033597312215021048,-1.8269738420925168,-1.5589152867769767,0.07247420206383136,-0.005380999999999969,0.06718200000000007,-0.9237219999999999,0.179377,-0.05439100000000008,-0.896219,0.18475799999999998,0.12157300000000015,0.027502999999999944,0.9870210537240969,0.22497,0.22497,0.012978946275903125,0.77503,-0.896219
784,3.266667,walk,0.638875,-1.235454,0.931249,0.030354,-0.030223,-0.285611,-0.3525317974562325,-0.2745380369570641,-0.03599712023037925,0.24692536413740448,0.16180632194156153,0.13985940137911418,0.013678905687539319,-0.02711783057356249,-0.007199424046076558,-1.8360931125510975,-1.559395248380175,0.11471082313415433,-0.003854999999999942,0.06821300000000008,-0.923602,0.173195,-0.05974499999999994,-0.895591,0.17704999999999993,0.12795800000000002,0.028011000000000008,0.9479764769439113,0.21989000000000003,0.21989000000000003,0.052023523056088705,0.78011,-0.895591
785,3.270833,walk,0.637479,-1.236776,0.931245,0.030574,-0.029437,-0.28578,-0.33509361497837603,-0.31733077292367,-0.0009601536245808668,0.008627407634645395,-0.38848495564450963,0.09684638930892044,0.0033605376860197087,-0.012962073931828376,-0.0024003840614498766,-1.8206913106096363,-1.5264042246759073,0.12842054728756266,-0.0024450000000000305,0.06948100000000013,-0.923608,0.167006,-0.0647819999999999,-0.895052,0.16945100000000002,0.13426300000000002,0.028556000000000026,0.9773265685464851,0.21443999999999996,0.21443999999999996,0.02267343145351486,0.78556,-0.895052
786,3.275,walk,0.636184,-1.238015,0.931184,0.030398,-0.028863,-0.285777,-0.31077513798898615,-0.297336213102963,-0.014638828893683831,0.15991247460207447,-0.23999167925680384,0.0012660325455433727,-0.0398368130549573,-0.011999040076819727,0.025917926565876024,-1.813294936405172,-1.5862730981522215,0.13606911447084807,-0.0013159999999999838,0.07067000000000001,-0.923439,0.16074500000000003,-0.07015299999999991,-0.894424,0.162061,0.14082299999999992,0.029015000000000013,0.9183046384661133,0.20985000000000004,0.20985000000000004,0.08169536153388668,0.7901499999999999,-0.894424
787,3.279167,walk,0.634804,-1.239244,0.931373,0.030586,-0.028268,-0.286,-0.3311735061194751,-0.2949364050875569,0.04535637149027675,-0.002488782547261217,-0.29517658452381135,0.12129893319379458,-0.00479961603072205,0.00023998080156940654,0.0038396928245736854,-1.8488120950322955,-1.6088312934964326,0.08975281977441242,4.399999999993298e-05,0.07190000000000007,-0.923612,0.15442099999999992,-0.07562800000000003,-0.894239,0.154377,0.1475280000000001,0.029372999999999982,0.9897480156643581,0.20627,0.20627,0.010251984335641895,0.79373,-0.894239
788,3.283333,walk,0.633522,-1.24046,0.931151,0.030052,-0.027815,-0.286006,-0.30772923667789415,-0.2918867018722948,-0.05328852616420381,0.30812549566688424,-0.13517999790621724,-0.0018193512995538057,0.0,-0.00048007681230380936,0.0007201152184351023,-1.8238118098897254,-1.596735477676526,0.14858377340375672,0.0013259999999999383,0.0731139999999999,-0.923387,0.14810499999999993,-0.08106400000000002,-0.8933979999999999,0.146779,0.15417799999999993,0.029989000000000043,0.9985575486975931,0.20011,0.20011,0.001442451302406944,0.79989,-0.8933979999999999
789,3.2875,walk,0.632259,-1.241696,0.930984,0.029882,-0.027452,-0.28607,-0.30309575233979774,-0.29661627069832963,-0.04007679385646917,0.128740126817025,-0.1424830506679408,0.03292292779659661,0.00071994240462829,0.0009599232061177668,0.002399808015358527,-1.8132949364049789,-1.5692344612430225,0.15190784737220137,0.0025920000000000387,0.07435399999999981,-0.9232100000000001,0.14181199999999994,-0.08636700000000008,-0.892598,0.1392199999999999,0.1607209999999999,0.030612000000000084,0.9955282217872639,0.19388,0.19388,0.004471778212736144,0.80612,-0.892598
790,3.291667,walk,0.630918,-1.242918,0.931001,0.029731,-0.026932,-0.286157,-0.3218142548596347,-0.29325653947686875,0.004079673626094195,0.14184069349963938,-0.21687563883976116,0.04626789343144949,-0.0004799616030855778,-0.0011999040076340148,0.00023998080153591993,-1.803695704343727,-1.4833213342933225,0.20158387329014443,0.003931000000000018,0.07557100000000005,-0.923226,0.135637,-0.09132600000000002,-0.891775,0.131706,0.16689700000000007,0.03145100000000001,0.9978092850272378,0.18549000000000004,0.18549000000000004,0.002190714972762242,0.81451,-0.891775
791,3.295833,walk,0.629691,-1.244134,0.931162,0.030118,-0.026132,-0.286226,-0.29452712433988104,-0.29188670187231697,0.0386461833893599,-0.06722748566556902,-0.4197164352632097,0.04964563717102874,-0.0021603456553136125,0.0024003840614121924,0.0009601536245800339,-1.8415746519442635,-1.751320211233742,0.09049447911665674,0.005148999999999959,0.076797,-0.9233830000000001,0.12919199999999997,-0.09740599999999988,-0.891559,0.12404300000000001,0.17420299999999989,0.031824000000000074,0.9943848340344335,0.18176000000000003,0.18176000000000003,0.005615165965566549,0.81824,-0.891559
792,3.3,walk,0.628388,-1.245389,0.930934,0.029476,-0.02602,-0.286363,-0.3126949844012752,-0.301175905927541,-0.05471562275018392,0.31183229947188723,0.038940471548575085,0.05898874875967133,-0.001199904007660658,0.0,0.002159827213822863,-1.7672186225102622,-1.5605951523879156,0.17518598512119865,0.0064470000000000915,0.07805200000000001,-0.923146,0.1231310000000001,-0.10265400000000002,-0.8906010000000001,0.11668400000000001,0.18070600000000003,0.032544999999999935,0.9958820773774302,0.17454999999999998,0.17454999999999998,0.004117922622569825,0.82545,-0.8906010000000001
793,3.304167,walk,0.627516,-1.246627,0.931268,0.029125,-0.023833,-0.286185,-0.20926325893926825,-0.2970962323013619,0.08015358771296499,0.46135305660836234,-0.9606572868049972,-0.07186031817137861,-0.0023998080153743466,0.0023998080153743466,0.00047996160307178874,-1.766258699303956,-1.486441084713087,0.2301415886728925,0.00730900000000001,0.07929999999999993,-0.923478,0.11664300000000005,-0.10760999999999998,-0.889976,0.10933400000000004,0.1869099999999999,0.03350200000000003,0.9942873142719876,0.16497999999999996,0.16497999999999996,0.005712685728012423,0.8350200000000001,-0.889976
794,3.308333,walk,0.626383,-1.247929,0.931145,0.029011,-0.023115,-0.286113,-0.271963514162244,-0.3125300048007923,-0.02952472395582834,0.1508232114284188,-0.3158592958485456,-0.030267149800208504,0.0,0.0024003840614654917,0.0014402304368698426,-1.8041286605856364,-1.5439270283244881,0.2102736437829983,0.00844199999999995,0.08061200000000013,-0.923349,0.11026000000000002,-0.11273999999999984,-0.888977,0.10181800000000008,0.19335199999999997,0.03437199999999996,0.9953344920028219,0.15628000000000003,0.15628000000000003,0.004665507997178131,0.84372,-0.888977
795,3.3125,walk,0.625194,-1.249209,0.931123,0.029061,-0.022362,-0.286297,-0.2853371730261699,-0.30717542596592423,-0.005279577633781497,0.08192506626522877,-0.34991451173762605,0.10095288564573353,0.023998080153586166,0.013678905687539319,-0.013438924886009644,-1.7972162227022848,-1.556275497960252,0.20878329733622328,0.009730999999999934,0.08194900000000005,-0.9233830000000001,0.10395999999999994,-0.11794499999999997,-0.888085,0.09422900000000001,0.19989400000000002,0.03529800000000005,0.9488025333211813,0.14702000000000004,0.14702000000000004,0.05119746667881875,0.85298,-0.888085
796,3.316667,walk,0.623961,-1.250427,0.931032,0.028703,-0.022315,-0.286186,-0.2958963282937595,-0.29229661627069764,-0.021838252939780995,0.17040783088308703,0.02556402051704674,-0.06037861013313089,-0.026397888168934125,-0.007199424046070521,0.017518598512119867,-1.7765778737701645,-1.5358771298296745,0.21406287497001145,0.01085400000000003,0.08313700000000002,-0.923219,0.09779000000000004,-0.12312699999999999,-0.887102,0.08693600000000001,0.206264,0.036117000000000066,0.9458504770667486,0.13883000000000006,0.13883000000000006,0.05414952293325137,0.86117,-0.887102
797,3.320833,walk,0.622754,-1.251616,0.931018,0.027916,-0.021777,-0.286078,-0.28972635621697673,-0.2854056649064028,-0.0033605376860197087,0.4354536563277547,-0.14139002445021812,-0.06000414757762174,-0.0014402304368846249,0.0007201152184289877,0.00024003840614480028,-1.7786845895342835,-1.536005760921716,0.22683629380700324,0.012054999999999927,0.0843290000000001,-0.923204,0.09158699999999997,-0.12833699999999992,-0.886143,0.07953200000000005,0.21266600000000002,0.03706100000000001,0.9972866338681515,0.12939000000000006,0.12939000000000006,0.0027133661318484714,0.8706099999999999,-0.886143
798,3.325,walk,0.621526,-1.25283,0.931,0.026969,-0.021525,-0.285888,-0.2946964242860408,-0.2913366930645487,-0.0043196544276365234,0.4690511083449757,0.010726559557044787,-0.10620102514205343,-0.0007199424046016468,0.0031197504199759933,0.0026397888168946297,-1.7494600431964422,-1.4926805855530922,0.24598032157426028,0.013279999999999959,0.08555600000000019,-0.9231750000000001,0.08552499999999996,-0.133343,-0.8851,0.072245,0.21889900000000018,0.03807500000000008,0.9930839067011374,0.11924999999999997,0.11924999999999997,0.006916093298862558,0.88075,-0.8851
799,3.329167,walk,0.620243,-1.253994,0.930953,0.026411,-0.021424,-0.285744,-0.3078953683705526,-0.27933765298776003,-0.01127909767219136,0.2696220171340374,0.027659528146087065,-0.07887727935915688,0.03863690904727,0.01583873290134449,-0.02063834893208641,-1.76073914086882,-1.515478761699097,0.23230141588673886,0.01472399999999996,0.08678600000000003,-0.923214,0.07947099999999996,-0.1384939999999999,-0.884085,0.064747,0.22527999999999992,0.03912899999999997,0.9223680755944061,0.10871000000000003,0.10871000000000003,0.07763192440559386,0.8912899999999999,-0.884085
800,3.333333,walk,0.61895,-1.25518,0.930824,0.025605,-0.021525,-0.285542,-0.31036965914545206,-0.28468554968792054,-0.030964954392712966,0.3556569491799014,0.1536192274723689,-0.11341850526496065,-0.00024003840612522948,0.0057609217474852,0.0009601536245798257,-1.8221315410464944,-1.5024003840614122,0.19227076332212703,0.01601600000000003,0.08799599999999996,-0.923081,0.07317300000000004,-0.143567,-0.883155,0.05715700000000001,0.23156299999999996,0.03992600000000002,0.9902578047192385,0.10074,0.10074,0.009742195280761479,0.89926,-0.883155
801,3.3375,walk,0.617656,-1.256387,0.930733,0.025068,-0.021695,-0.285529,-0.31053515718744334,-0.2896568274538069,-0.021838252939754353,0.22359769126868229,0.1514398927593813,-0.015531823069260419,-0.0019198464122890248,0.0047996160306959185,0.00047996160307183986,-1.768658507319519,-1.4485241180706037,0.20710343172547038,0.01730200000000004,0.08922299999999983,-0.922988,0.06709699999999996,-0.14839599999999997,-0.882201,0.04979499999999992,0.2376189999999998,0.04078700000000002,0.9913473691493866,0.09213000000000005,0.09213000000000005,0.008652630850613408,0.90787,-0.882201
802,3.341667,walk,0.616365,-1.257614,0.930735,0.024824,-0.022018,-0.285279,-0.30981521478278196,-0.2944564434845247,0.0004799616030588834,0.0661904027365666,0.17814491442985428,-0.13149451371804388,-0.00191984641228882,0.004079673626147046,0.0009599232061433693,-1.742020638348803,-1.4362850971921681,0.23950083993279053,0.018584999999999963,0.09046700000000008,-0.922986,0.06112899999999999,-0.153154,-0.881205,0.042544000000000026,0.2436210000000001,0.04178099999999996,0.9923168655657794,0.08219000000000004,0.08219000000000004,0.00768313443422064,0.91781,-0.881205
803,3.345833,walk,0.61515,-1.258864,0.930623,0.024141,-0.022183,-0.285206,-0.2916466634661962,-0.3000480076812464,-0.026884301488240486,0.29112622930766696,0.16817640928961242,-0.04754852007880194,-0.0014402304368847784,0.002880460873716258,0.0028804608737399923,-1.7083533365339902,-1.4371099375901197,0.242918867018742,0.01979399999999998,0.09172899999999995,-0.922862,0.055227000000000026,-0.157891,-0.880081,0.03543300000000005,0.24961999999999995,0.04278099999999996,0.9927988478156682,0.07219000000000003,0.07219000000000003,0.007201152184331816,0.92781,-0.880081
804,3.35,walk,0.613963,-1.260102,0.930606,0.023518,-0.021942,-0.285064,-0.2848572114230539,-0.29709623230141513,-0.00407967362609376,0.318648698734269,-0.0278471354279252,-0.07788708319757696,-0.0033597312214921136,0.005759539236866461,0.0023998080153587354,-1.5951523878088683,-1.45668346532269,0.3702903767698365,0.020966999999999958,0.09299100000000005,-0.9228350000000001,0.049767000000000006,-0.16272299999999995,-0.878521,0.028800000000000048,0.255714,0.044314000000000076,0.9881890864249,0.05686000000000002,0.05686000000000002,0.011810913575100002,0.94314,-0.878521
805,3.354167,walk,0.612753,-1.261342,0.930612,0.023005,-0.021494,-0.284778,-0.29037676985843525,-0.2975761939044791,0.0014398848092034469,0.29536253576140853,-0.14015178814173979,-0.14648485427664937,-0.004079673626120838,0.005759539236867074,0.003119750419966543,-1.7009839212863973,-1.4166066714663454,0.22942164626830866,0.022159999999999958,0.09425499999999998,-0.922828,0.043888999999999956,-0.16738600000000003,-0.877571,0.021729,0.261641,0.04525699999999999,0.9871386807528717,0.04743000000000003,0.04743000000000003,0.0128613192471283,0.9525699999999999,-0.877571
806,3.358333,walk,0.61157,-1.262653,0.930639,0.022516,-0.020915,-0.284659,-0.28396543446951816,-0.3146903504560793,0.006481036965914188,0.30350863487698737,-0.20139079543129218,-0.06158831747564326,0.0004800768123037582,0.004320691310627225,0.0007201152184348172,-1.6841094575131348,-1.394383101296158,0.22827652424387287,0.02334500000000006,0.09558400000000011,-0.922852,0.03805600000000009,-0.17188399999999993,-0.876647,0.01471100000000003,0.26746800000000004,0.04620500000000005,0.992655801027859,0.03795000000000004,0.03795000000000004,0.007344198972141003,0.96205,-0.876647
807,3.3625,walk,0.61045,-1.263898,0.930652,0.022016,-0.020223,-0.284535,-0.2687784977201704,-0.2987760979121664,0.003119750419976326,0.3239257963086684,-0.25189873004827396,-0.06330858162347078,-0.0026397888168907483,0.004079673626094195,0.0021598272138230712,-1.6904247660188076,-1.3616510679146185,0.2757379409647364,0.024453999999999976,0.09684599999999999,-0.922856,0.03213199999999994,-0.17631299999999994,-0.875511,0.007677999999999963,0.27315899999999993,0.04734499999999997,0.9911373010934716,0.026549999999999963,0.026549999999999963,0.008862698906528355,0.97345,-0.875511
808,3.366667,walk,0.609485,-1.265113,0.930652,0.0219,-0.019929,-0.2836,-0.2315814734821058,-0.29157667386606484,0.0,0.08743486861641228,-0.13201500392635282,-0.46694632065873143,0.00023998080154276333,0.004319654427663167,0.004319654427645474,-1.7288216942643506,-1.3220542356610632,0.1850251979841502,0.025419999999999998,0.09807900000000003,-0.922838,0.025892999999999944,-0.18060699999999996,-0.8747400000000001,0.0004729999999999457,0.278686,0.048097999999999974,0.9898106237877908,0.01901999999999998,0.01901999999999998,0.010189376212209167,0.98098,-0.8747400000000001
809,3.370833,walk,0.608404,-1.266393,0.930646,0.021181,-0.019375,-0.282889,-0.2594815170427461,-0.30724915986561085,-0.0014402304368846249,0.40197230468391876,-0.16678180774628004,-0.360622394486386,0.00024003840612522948,0.004320691310573926,0.0021603456553048682,-1.6490638502159998,-1.343494959193452,0.24003840614497518,0.026502000000000026,0.09937700000000005,-0.922823,0.02010400000000001,-0.18492399999999987,-0.873734,0.006398000000000015,0.2843009999999999,0.04908899999999994,0.9919389335575801,0.009110000000000062,0.009110000000000062,0.008061066442419884,0.9908899999999999,-0.873734
810,3.375,walk,0.607349,-1.267657,0.930594,0.020573,-0.01897,-0.282187,-0.25317974562034207,-0.3033357331413462,-0.012479001679852017,0.330550466267152,-0.11306597088134991,-0.3555191750955611,0.0002399808015427889,0.0026397888168907483,0.002879769618430623,-1.6328293736501636,-1.3208543316535168,0.23830093592513707,0.02755799999999997,0.10065199999999996,-0.922759,0.014355000000000007,-0.1891639999999999,-0.872689,0.013202999999999965,0.28981599999999985,0.05006999999999995,0.9934767192903403,0.0,0.0,0.0065232807096596845,1.0,-0.872689
811,3.379167,walk,0.606124,-1.269009,0.930425,0.019954,-0.019018,-0.281449,-0.2939764818814705,-0.32445404367652547,-0.04055675545958567,0.27394161064956496,0.09655699604385946,-0.3767972171090427,-0.00047996160305893454,0.00287976961846018,0.002399808015358783,-1.6280297576194678,-1.2786177105832115,0.25077993760500406,0.028781000000000057,0.1020160000000001,-0.92258,0.008796000000000026,-0.19313999999999987,-0.871475,0.01998500000000003,0.295156,0.051104999999999956,0.9937012975969478,0.0,0.0,0.006298702403052192,1.0,-0.871475
812,3.383333,walk,0.605089,-1.270328,0.93069,0.020023,-0.017802,-0.281121,-0.24843975036005275,-0.3166106577051877,0.06361017762843578,0.13066510761836087,-0.5734866627370936,-0.1547028024970774,0.00024003840612522948,0.0028804608737159508,0.0009601536245800339,-1.6149783965434188,-1.3029284685549303,0.20475276044166496,0.029816999999999982,0.10334699999999986,-0.922841,0.003102999999999967,-0.197249,-0.870887,0.026714000000000016,0.30059599999999986,0.051954000000000056,0.9949237567849459,0.0,0.0,0.005076243215054066,1.0,-0.870887
813,3.3875,walk,0.603952,-1.271672,0.93062,0.019643,-0.01755,-0.280578,-0.27285817134626217,-0.32253419726420207,-0.016798656107513854,0.2059770723212681,-0.07144303276923064,-0.27404397767901995,0.00047996160308552666,0.005039596832264814,0.0014398848092149498,-1.5901127909766033,-1.2680585553155135,0.21694264458841853,0.030955999999999984,0.10471199999999992,-0.9227650000000001,-0.0023859999999999992,-0.20118900000000006,-0.869913,0.03334199999999998,0.305901,0.05285200000000001,0.991228016878845,0.0,0.0,0.008771983121155014,1.0,-0.869913
814,3.391667,walk,0.602786,-1.273008,0.930599,0.019116,-0.017311,-0.279767,-0.2798176145908456,-0.3206143508519474,-0.005039596832265351,0.27041780010864674,-0.048860924937409914,-0.4095941909893091,0.0023998080153479593,0.001679865610772879,0.0014398848092155197,-1.582913366930729,-1.2363810895129064,0.20614350851932922,0.03213199999999994,0.10605500000000001,-0.922738,-0.007816000000000045,-0.2050050000000001,-0.8690329999999999,0.039947999999999984,0.3110600000000001,0.053705,0.9945598470087396,0.0,0.0,0.0054401529912604385,1.0,-0.8690329999999999
815,3.395833,walk,0.601571,-1.274384,0.930387,0.018458,-0.017693,-0.278866,-0.29164666346616513,-0.33029284685549837,-0.05088814210273264,0.2468322752510372,0.2538825189304308,-0.4600957338108571,-0.0016802688430098544,0.0024003840614121924,0.0009601536245800339,-1.4899183869418609,-1.2585213634180852,0.2914066250600016,0.033340000000000036,0.1074409999999999,-0.922522,-0.01280799999999993,-0.20887199999999995,-0.867607,0.04614799999999997,0.31631299999999984,0.054914999999999936,0.994861084742146,0.0,0.0,0.005138915257854038,1.0,-0.867607
816,3.4,walk,0.600361,-1.275725,0.930292,0.017983,-0.017742,-0.278145,-0.2903767698584086,-0.3218142548596347,-0.022798176145898866,0.20810145092769233,0.07792329978400947,-0.3657187519608132,0.0019198464122890248,0.011999040076819727,0.00983921286297126,-1.608831293496604,-1.2111831053516329,0.16006719462443758,0.03455799999999998,0.10883200000000004,-0.922386,-0.01830200000000004,-0.21257799999999993,-0.866845,0.05286000000000002,0.32141,0.05554100000000006,0.9739406189436316,0.0,0.0,0.026059381056368403,1.0,-0.866845
817,3.404167,walk,0.599126,-1.277076,0.93016,0.017225,-0.017969,-0.277212,-0.2963762898967869,-0.3242140628749748,-0.03167746580273889,0.31349278764297606,0.19537936390584246,-0.47564509675199174,0.00407967362609376,0.0016798656107194136,0.0011999040076792636,-1.5680345572353351,-1.1819054475641393,0.1523878089752719,0.0358099999999999,0.11019000000000001,-0.922249,-0.023601000000000094,-0.2161519999999999,-0.866078,0.05941099999999999,0.3263419999999999,0.05617099999999997,0.9923795860798541,0.0,0.0,0.0076204139201458965,1.0,-0.866078
818,3.408333,walk,0.597883,-1.278436,0.930096,0.016527,-0.017832,-0.276324,-0.29836773883823636,-0.3264522323571564,-0.015362457993268856,0.3346659146902408,0.020039373249421084,-0.45041718425905375,0.0036005760921986214,0.001440230436911428,0.0004800768122900681,-1.539606337014025,-1.1502640422468284,0.1281805088814328,0.03706799999999999,0.11155599999999999,-0.9221830000000001,-0.02877200000000002,-0.219584,-0.86548,0.06584000000000001,0.33114,0.05670300000000006,0.993487429750258,0.0,0.0,0.006512570249741945,1.0,-0.86548
819,3.4125,walk,0.596662,-1.279899,0.929975,0.015907,-0.018064,-0.275376,-0.29301655867529475,-0.35109191264696493,-0.029037676985848422,0.24922109791715932,0.17930970341037447,-0.481164496318795,0.00191984641228882,0.0016798656107194136,0.0019198464122867386,-1.5080393568513761,-1.1067914566834125,0.1487880969522337,0.038297000000000025,0.11302599999999985,-0.922054,-0.03383500000000006,-0.22273300000000007,-0.864739,0.07213200000000008,0.3357589999999999,0.057315000000000005,0.9946787718200207,0.0,0.0,0.005321228179979265,1.0,-0.864739
820,3.416667,walk,0.595478,-1.281332,0.929896,0.01536,-0.01814,-0.274521,-0.2841372690185092,-0.34389248860093186,-0.018958483321347457,0.23677549581740207,0.09864020040011756,-0.43300706749690016,0.004559635229179773,0.0014398848092034469,0.0021598272138230712,-1.506359491240764,-1.1233501319894765,0.15838732901368469,0.03950000000000009,0.11446499999999982,-0.921966,-0.03892799999999996,-0.225981,-0.864,0.07842800000000005,0.3404459999999998,0.05796599999999996,0.9912554151231681,0.0,0.0,0.00874458487683194,1.0,-0.864
821,3.420833,walk,0.594294,-1.282797,0.929864,0.014991,-0.017947,-0.273763,-0.2842054728756434,-0.35165626500240266,-0.007681228996620285,0.19079155291229147,-0.04799457001830506,-0.38138583260695447,0.0052808449351814425,0.0014402304369112745,0.00048007681229001695,-1.4995199231876697,-1.109937590014416,0.13154104656744883,0.04070600000000002,0.11593600000000004,-0.921932,-0.043991,-0.22914000000000012,-0.8634200000000001,0.08469700000000002,0.34507600000000016,0.0585119999999999,0.9908421162247834,0.0,0.0,0.009157883775216646,1.0,-0.8634200000000001
822,3.425,walk,0.593157,-1.28429,0.929769,0.014631,-0.018089,-0.273032,-0.2728581713462912,-0.3582913366930729,-0.022798176145925508,0.14269933136541776,0.10575675461998398,-0.3691957401901694,0.003359731221492472,0.0014398848092034469,0.002879769618430623,-1.4742020638349629,-1.0755939524838205,0.11999040076794415,0.04185699999999992,0.11743499999999996,-0.921825,-0.04899700000000007,-0.23212900000000003,-0.862825,0.09085399999999999,0.349564,0.05900000000000005,0.9922443326815371,0.0,0.0,0.007755667318462889,1.0,-0.862825
823,3.429167,walk,0.592045,-1.285731,0.929752,0.014643,-0.017736,-0.272367,-0.26685865130787956,-0.34581233501318404,-0.00407967362609376,0.03631553161369606,-0.1708767236101533,-0.329928180048781,0.0031197504199759933,0.0011999040076871733,-0.0007199424046074749,-1.4550035997119175,-1.0712742980560959,0.11519078473721264,0.042981999999999965,0.11888100000000001,-0.921811,-0.053947999999999996,-0.23515200000000003,-0.862328,0.09692999999999996,0.35403300000000004,0.059483000000000064,0.9943013331538186,0.0,0.0,0.005698666846181366,1.0,-0.862328
824,3.433333,walk,0.590929,-1.287301,0.9297,0.014551,-0.017475,-0.271772,-0.2678828612577953,-0.3768602976476304,-0.012481997119551268,0.07276967505413007,-0.11416305511817555,-0.29646821498856235,0.005520883341333322,0.0,0.0009601536245800339,-1.454632741238574,-1.0348055688909832,0.09409505520883167,0.044120999999999966,0.12045100000000009,-0.921755,-0.058892000000000055,-0.2378929999999999,-0.861884,0.10301300000000002,0.358344,0.05987100000000001,0.9906604116419218,0.0,0.0,0.009339588358078244,1.0,-0.861884
825,3.4375,walk,0.589852,-1.288823,0.929632,0.014404,-0.017276,-0.270995,-0.25845932325415016,-0.3652507799376273,-0.016318694504430065,0.08889186470961435,-0.08003073002668079,-0.3879856692581386,0.00599952003838322,0.0016798656107195925,0.003359731221502463,-1.405327573794154,-1.013918886489162,0.1262299016078768,0.0452229999999999,0.12197999999999998,-0.921673,-0.06367100000000003,-0.24059600000000003,-0.86129,0.10889399999999994,0.362576,0.060382999999999964,0.9882026388259235,0.0,0.0,0.011797361174076482,1.0,-0.86129
826,3.441667,walk,0.588775,-1.290425,0.929584,0.013949,-0.017076,-0.270204,-0.25845932325415016,-0.3844492440604642,-0.011519078473734148,0.2312187910181482,-0.0405950179034566,-0.3980393022887755,0.0038396928245780495,0.0014398848092567335,0.0004799616030714236,-1.4094072474202748,-0.9796016318694757,0.052075833933286506,0.04631599999999991,0.12358800000000003,-0.921623,-0.06846700000000006,-0.24307600000000007,-0.8610249999999999,0.11478299999999997,0.3666640000000001,0.06059800000000004,0.9931186902911123,0.0,0.0,0.006881309708887673,1.0,-0.8610249999999999
827,3.445833,walk,0.587657,-1.292008,0.929443,0.013501,-0.017148,-0.269672,-0.2683629380700991,-0.3799807969275249,-0.03384541526642892,0.19435031218446444,0.08655996861665677,-0.2699676825202476,0.008641382621227801,-0.0021603456553402622,0.00048007681229001695,-1.3787806048967388,-0.9661545847335178,0.043927028324531346,0.04747000000000001,0.125162,-0.92148,-0.07309299999999996,-0.2455179999999999,-0.860701,0.12056299999999998,0.3706799999999999,0.060778999999999916,0.9851328979227901,0.0,0.0,0.01486710207720987,1.0,-0.860701
828,3.45,walk,0.586867,-1.293419,0.92946,0.012902,-0.016652,-0.26873,-0.18958483321332117,-0.33861291096711427,0.00407967362609376,0.3350346462023173,-0.16006126057629616,-0.4732189722946586,0.005759539236866461,-0.00239980801532106,-0.0002399808015356862,-1.3664506839451955,-0.9628029757619108,0.028077753779697352,0.048283999999999994,0.1265630000000002,-0.9214979999999999,-0.07799699999999998,-0.24811899999999998,-0.860601,0.12628099999999998,0.3746820000000002,0.06089699999999998,0.9895931430835629,0.0,0.0,0.010406856916437057,1.0,-0.860601
829,3.454167,walk,0.585343,-1.295265,0.929138,0.012956,-0.017112,-0.268213,-0.36573074154071283,-0.4430045596352528,-0.07727381809454,-0.0875792464949028,0.20135664871710932,-0.25891342118900407,0.006479481641468798,0.00047996160303229136,0.0007199424046075517,-1.3388528917687197,-0.9304055675546161,0.030237580993522164,0.049835000000000074,0.12841100000000005,-0.921173,-0.0820519999999999,-0.2501499999999999,-0.8601530000000001,0.13188699999999998,0.3785609999999999,0.06101999999999996,0.9891050008224378,0.0,0.0,0.010894999177562203,1.0,-0.8601530000000001
830,3.458333,walk,0.584143,-1.296931,0.929021,0.012407,-0.017098,-0.267391,-0.28804608737396686,-0.3999039846375179,-0.028084493518970365,0.2503538683907924,0.05717432262762988,-0.41475217863073116,0.00912145943350491,-0.0009601536245542171,0.0019203072491596515,-1.3298127700431812,-0.9051848295726994,0.03240518482957094,0.051073000000000035,0.1300730000000001,-0.921048,-0.08639199999999997,-0.2522549999999999,-0.859901,0.137465,0.382328,0.06114699999999995,0.9843821241031137,0.0,0.0,0.015617875896886346,1.0,-0.859901
831,3.4625,walk,0.583043,-1.298572,0.928933,0.012429,-0.016685,-0.266481,-0.2639788816894745,-0.3938084953203932,-0.02111831053515263,0.03691159713688168,-0.20133650012369858,-0.451488187006046,0.005519558435324285,-0.0002399808015694321,0.0009599232061436797,-1.2973362131030162,-0.8999280057596144,-0.01127909767218803,0.05219600000000002,0.13171299999999997,-0.920956,-0.090698,-0.25436400000000003,-0.8598600000000001,0.14289400000000002,0.386077,0.06109599999999993,0.9906540905163194,0.0,0.0,0.009345909483680637,1.0,-0.8598600000000001
832,3.466667,walk,0.581652,-1.300684,0.928593,0.01056,-0.017764,-0.264286,-0.3338132949363922,-0.5068394528437157,-0.08159347252219493,0.712449180251384,0.7201281285067453,-1.1142255603314721,0.00863930885529969,0.0011999040076871733,0.002399808015358527,-1.290136789056795,-0.878329733621256,-0.06599472042236158,0.05362300000000009,0.1338299999999999,-0.920606,-0.09468299999999996,-0.25591200000000014,-0.859795,0.14830600000000005,0.38974200000000003,0.06081100000000006,0.9849227447204312,0.0,0.0,0.015077255279568824,1.0,-0.859795
833,3.470833,walk,0.580451,-1.302428,0.92849,0.009822,-0.017684,-0.263782,-0.28828612578012286,-0.4186269803168761,-0.024723955832926643,0.3482183836228946,0.052794866320501364,-0.25784138053014394,0.0072011521843439435,-0.00048007681225051014,0.0,-1.2578012481998035,-0.8353336533845903,-0.07297167546808037,0.05485399999999996,0.13557200000000003,-0.9205030000000001,-0.09872200000000003,-0.2576480000000001,-0.859996,0.153576,0.3932200000000001,0.06050700000000009,0.9879714383274476,0.0,0.0,0.012028561672552396,1.0,-0.859996
834,3.475,walk,0.579193,-1.304198,0.928403,0.009016,-0.017762,-0.263039,-0.30189584833213723,-0.42476601871848846,-0.02087832973363426,0.3578740577779971,0.1328618929157147,-0.3777012313766728,0.00863930885529969,0.0009599232061177668,-0.002399808015358527,-1.2267818574513305,-0.8202543796495592,-0.05567554595631917,0.05614800000000009,0.13734599999999997,-0.920426,-0.10257599999999995,-0.25929599999999997,-0.8601409999999999,0.15872400000000003,0.39664199999999994,0.06028500000000003,0.9849705669721892,0.0,0.0,0.01502943302781079,1.0,-0.8601409999999999
835,3.479167,walk,0.578256,-1.305788,0.928435,0.007718,-0.017545,-0.262372,-0.2248620110391189,-0.38156947444205735,0.007679385649156099,0.6234856676199112,0.058842284289860734,-0.34379251210779016,0.007919366450672245,-0.0026397888168907483,0.0,-1.1958243340533339,-0.7981761459084027,-0.10391168706504023,0.057118,0.13892499999999997,-0.920458,-0.106622,-0.26103200000000015,-0.860606,0.16374,0.3999570000000001,0.059852000000000016,0.9860870913279735,0.0,0.0,0.013912908672026547,1.0,-0.860606
836,3.483333,walk,0.577026,-1.307567,0.9283,0.007044,-0.017518,-0.261744,-0.29524723955831006,-0.4270283245319074,-0.03240518482957094,0.31093775878012564,0.0685812842333525,-0.3186144317007068,0.00912145943350491,-0.0009601536246075164,0.0024003840614496685,-1.186989918386904,-0.7376380220834847,-0.07897263562169635,0.05838599999999994,0.14069999999999983,-0.920313,-0.11033700000000002,-0.26232600000000006,-0.8608,0.16872299999999996,0.4030259999999999,0.05951300000000004,0.9841987376715248,0.0,0.0,0.01580126232847523,1.0,-0.8608
837,3.4875,walk,0.575714,-1.309433,0.928132,0.006191,-0.017636,-0.2611,-0.314854811615107,-0.44780417566600206,-0.04031677465804288,0.37542168055591674,0.15813651342194648,-0.32819484538563576,0.011759059275276937,0.0014398848092567335,0.0014398848092155197,-1.1226301895848882,-0.7784977201824269,-0.10751139908807882,0.059747000000000106,0.14257200000000014,-0.9201389999999999,-0.11370299999999994,-0.26370399999999994,-0.86108,0.17345000000000005,0.4062760000000001,0.05905899999999997,0.9801098843945588,0.0,0.0,0.019890115605441183,1.0,-0.86108
838,3.491667,walk,0.574442,-1.311318,0.927823,0.005374,-0.01833,-0.260465,-0.30525557955360266,-0.4523638108950803,-0.07415406767458241,0.2865942477471816,0.4205970610959941,-0.3235531048384005,0.01079913606910463,-0.0021598272138582267,0.0026397888168946297,-1.14614830813528,-0.796736261099061,-0.2042236621070201,0.06106400000000001,0.1444479999999999,-0.9198189999999999,-0.117207,-0.265139,-0.861622,0.178271,0.4095869999999999,0.05819699999999994,0.9811250696520372,0.0,0.0,0.018874930347962837,1.0,-0.861622
839,3.495833,walk,0.573152,-1.31326,0.92758,0.003685,-0.018854,-0.259908,-0.30964954392702304,-0.4661545847335711,-0.058329332693227695,0.7126668959575942,0.45128869762408713,-0.2928437930977612,0.012722035525676497,-0.003840614498323467,0.0024003840614496685,-1.141382621219366,-0.7611617858857292,-0.2592414786365742,0.06240699999999999,0.146374,-0.919566,-0.120672,-0.26636799999999994,-0.862459,0.183079,0.41274199999999994,0.05710700000000002,0.9774930658040826,0.0,0.0,0.022506934195917427,1.0,-0.862459
840,3.5,walk,0.571812,-1.315193,0.927339,0.003328,-0.019002,-0.259108,-0.3215742740580919,-0.4638828893688627,-0.0578353731701336,0.1401016687867477,0.10976234081507913,-0.4008880475262905,0.0088792896568434,0.0007199424046550099,0.0002399808015357118,-1.0194384449244465,-0.7134629229661694,-0.16414686825054842,0.06378400000000006,0.14831000000000016,-0.919324,-0.12357999999999997,-0.26740799999999987,-0.8629020000000001,0.18736400000000003,0.41571800000000003,0.05642199999999997,0.9851472325192638,0.0,0.0,0.014852767480736162,1.0,-0.8629020000000001
841,3.504167,walk,0.570515,-1.317136,0.927117,0.002358,-0.019225,-0.258637,-0.31125509959204506,-0.4662826973842373,-0.05327573794098047,0.4177433138262262,0.22210339976555044,-0.2429218069554975,0.01103911687064857,-0.0004799616030855778,0.0021598272138230712,-1.042236621070372,-0.6959443244541054,-0.2807775377969868,0.06512700000000005,0.15025100000000013,-0.9190929999999999,-0.12662600000000002,-0.26836499999999996,-0.86385,0.19175300000000006,0.4186160000000001,0.05524299999999993,0.9812355745848512,0.0,0.0,0.018764425415148778,1.0,-0.86385
842,3.508333,walk,0.569171,-1.319124,0.926878,0.001267,-0.019697,-0.257929,-0.32261161785885145,-0.47719635141618444,-0.057369179068646824,0.44090639549089516,0.35182591988137557,-0.3614653488680023,0.012241958713372738,-0.0033605376860197087,0.0012001920307248342,-0.947911665866508,-0.6632261161785341,-0.2419587133941369,0.06652199999999997,0.15222500000000005,-0.918849,-0.12923099999999998,-0.26913999999999993,-0.864619,0.19575299999999995,0.421365,0.05423,0.9787475996395115,0.0,0.0,0.021252400360488477,1.0,-0.864619
843,3.5125,walk,0.567851,-1.321115,0.926624,0.001093,-0.019651,-0.257366,-0.3167746580273356,-0.4778017758579205,-0.06095512359010343,0.08113523930620452,-0.0015655726127778956,-0.281454632624356,0.012718982481420093,0.0002399808015161201,0.001919846412287155,-0.9340052795775785,-0.6921046316294536,-0.2582193424525882,0.06789500000000004,0.15421700000000005,-0.918587,-0.131803,-0.27003299999999997,-0.865441,0.19969800000000004,0.42425,0.05314600000000003,0.9785578351272715,0.0,0.0,0.021442164872728542,1.0,-0.865441
844,3.516667,walk,0.56656,-1.32315,0.926301,-0.000484,-0.020369,-0.256862,-0.30981521478284163,-0.4883609311255344,-0.07751379889608279,0.6378687189825801,0.5263485119091718,-0.26365376874226376,0.01103911687064857,-0.0019198464122890248,0.002879769618430623,-0.9227261819054866,-0.7189824814015204,-0.2644588432925484,0.06923200000000007,0.15624400000000005,-0.9182520000000001,-0.13435699999999995,-0.27099399999999996,-0.86622,0.20358900000000002,0.427238,0.05203200000000008,0.9807183892597511,0.0,0.0,0.019281610740248922,1.0,-0.86622
845,3.520833,walk,0.565104,-1.32528,0.925967,-0.000959,-0.02078,-0.256112,-0.3494959193470624,-0.5112818050887918,-0.08017282765243575,0.16227648595690178,0.24753934944912812,-0.3758787472562344,0.010321651464237655,-0.0007201152184289877,0.00048007681229001695,-0.9030244839173991,-0.7078732597215578,-0.35021603456552136,0.07073099999999999,0.15837100000000004,-0.917916,-0.13666300000000003,-0.2718130000000001,-0.867345,0.20739400000000002,0.4301840000000001,0.05057099999999992,0.9827368786922728,0.0,0.0,0.017263121307727225,1.0,-0.867345
846,3.525,walk,0.563709,-1.32737,0.925652,-0.000957,-0.020792,-0.255737,-0.3347732181425723,-0.5015598752099881,-0.07559395248379376,-0.006188451325006813,0.004505525481521012,-0.18608632857334545,0.010319174466046847,0.00215982721380517,0.002879769618430623,-0.8041756659467593,-0.6047516198704034,-0.288696904247674,0.07216900000000004,0.1604699999999999,-0.917589,-0.138619,-0.272243,-0.868233,0.21078800000000003,0.4327129999999999,0.049355999999999955,0.9817849811427308,0.006440000000000057,0.006440000000000057,0.018215018857269172,0.99356,-0.868233
847,3.529167,walk,0.562248,-1.329538,0.925338,-0.00202,-0.021333,-0.255185,-0.3506119510439061,-0.5202783777297907,-0.07535397168226958,0.4211447176248399,0.3803695923477524,-0.2827537967861913,0.009599232061417457,0.0016798656107727,0.0009599232061431611,-0.8024958003359275,-0.5932325413966593,-0.4864410847131936,0.07367000000000001,0.16264500000000015,-0.917271,-0.14050199999999996,-0.2725469999999999,-0.869946,0.21417199999999997,0.435192,0.04732499999999995,0.983679541026258,0.02675000000000005,0.02675000000000005,0.016320458973742014,0.97325,-0.869946
848,3.533333,walk,0.56082,-1.331653,0.92497,-0.002505,-0.021973,-0.254822,-0.34277484397505953,-0.5076812289966478,-0.0883341334613692,0.14287267533668216,0.35595319823807126,-0.18260405810610278,0.0072011521843439435,0.0012001920307328738,0.0009601536245801362,-0.6721075372060121,-0.564090254440773,-0.297407585213657,0.07512799999999997,0.16476500000000005,-0.9168989999999999,-0.141874,-0.2727820000000001,-0.870817,0.21700199999999997,0.43754700000000013,0.046081999999999956,0.9877277471194036,0.03918000000000005,0.03918000000000005,0.012272252880596413,0.96082,-0.870817
849,3.5375,walk,0.559368,-1.333722,0.924607,-0.001517,-0.022165,-0.254816,-0.3484521238300745,-0.49652027837772317,-0.08711303095751863,-0.481972571923088,-0.031732203989497935,0.007988819084648534,0.0095992320614441,-0.00047996160308552666,0.00047996160307178874,-0.6599472042236159,-0.5735541156706855,-0.3230141588672709,0.07662000000000002,0.1668320000000001,-0.916534,-0.14317199999999997,-0.2731029999999999,-0.8717999999999999,0.219792,0.43993499999999996,0.04473400000000005,0.9839613329687356,0.05266000000000004,0.05266000000000004,0.016038667031264442,0.94734,-0.8717999999999999
850,3.541667,walk,0.557993,-1.335847,0.924529,-0.001399,-0.022007,-0.254909,-0.32997360211184973,-0.509959203263746,-0.018718502519778028,-0.03442380192405241,-0.08759780246134631,0.04673787163785141,0.010079193664504058,0.0009599232061178691,0.0016798656107512315,-0.5977921766259022,-0.5464362850972374,-0.33333333333334886,0.07803700000000002,0.16896099999999992,-0.9164490000000001,-0.14428799999999997,-0.273255,-0.8731110000000001,0.222325,0.44221599999999994,0.04333799999999999,0.9828946446041658,0.06662000000000001,0.06662000000000001,0.017105355395834243,0.93338,-0.8731110000000001
851,3.545833,walk,0.556467,-1.338269,0.924046,-0.003321,-0.022772,-0.254147,-0.36629860777721424,-0.5813730196831152,-0.1159385501680264,0.7902068549457852,0.588871979066752,-0.3952171123239895,0.0115218434949704,0.0012001920307327459,0.0026404224675944687,-0.576092174747947,-0.5252040326451745,-0.36221795487276887,0.07961099999999999,0.17138799999999987,-0.9159550000000001,-0.14516200000000007,-0.27302099999999996,-0.874137,0.22477300000000006,0.44440899999999983,0.04181800000000002,0.9801978417814424,0.08182,0.08182,0.019802158218557575,0.91818,-0.874137
852,3.55,walk,0.554881,-1.340557,0.923632,-0.004184,-0.023319,-0.253666,-0.3806095512359395,-0.5490760739141282,-0.09935205183586378,0.32833719370334036,0.358680607353238,-0.2451964099882145,0.008639308855273968,0.002159827213858457,0.0038396928245743025,-0.5262778977682027,-0.48812095032401825,-0.3837293016558858,0.081233,0.1736850000000001,-0.915525,-0.14576899999999998,-0.272767,-0.875322,0.22700199999999998,0.44645200000000007,0.04020299999999999,0.9838371351482595,0.09797,0.09797,0.016162864851740455,0.90203,-0.875322
853,3.554167,walk,0.553356,-1.342801,0.923281,-0.003804,-0.023244,-0.253712,-0.36597072234218997,-0.5385169186464546,-0.08423326133908539,-0.166702849710368,-0.0810658881476988,0.026547871969605338,0.009359251259901337,0.003119750419922707,-0.0016798656107510524,-0.500839932805333,-0.46724262059030536,-0.39908807295413884,0.08279700000000001,0.17594199999999982,-0.915181,-0.14633099999999993,-0.27247,-0.876634,0.22912799999999994,0.4484119999999998,0.038547,0.9833208067658836,0.11453000000000002,0.11453000000000002,0.016679193234116374,0.88547,-0.876634
854,3.558333,walk,0.55167,-1.345188,0.922932,-0.005201,-0.02371,-0.253325,-0.4047047527604223,-0.5729716754680926,-0.08377340374460733,0.5872993364014232,0.3862573637426004,-0.2046266545223629,0.010081613058085775,0.0036005760921982376,0.0038406144983197193,-0.43759001440229695,-0.41886701872301,-0.39990398463753124,0.08452499999999996,0.17834400000000006,-0.914816,-0.146468,-0.27182799999999996,-0.8779509999999999,0.23099299999999995,0.450172,0.03686500000000004,0.9810443947183763,0.13135000000000002,0.13135000000000002,0.018955605281623655,0.8686499999999999,-0.8779509999999999
855,3.5625,walk,0.550083,-1.347609,0.922547,-0.006459,-0.023998,-0.252968,-0.3808495320374556,-0.5809935205183866,-0.0923926085913094,0.5446360476620709,0.2866255428153561,-0.188907227812787,0.010799136069132425,0.005039596832265351,0.0019198464122869433,-0.3938084953203932,-0.36405087592993995,-0.4132469402447996,0.08615700000000004,0.1807860000000001,-0.914423,-0.14652199999999999,-0.27092399999999994,-0.879288,0.23267900000000002,0.45171000000000006,0.03513500000000003,0.9798819672986462,0.14865,0.14865,0.020118032701353816,0.85135,-0.879288
856,3.566667,walk,0.548585,-1.350049,0.922242,-0.008455,-0.02488,-0.252885,-0.3594912407007602,-0.5855531557475664,-0.0731941444684458,0.8185440531588918,0.6522079801543509,-0.056841655893326425,0.008399328053757822,0.0016798656107195925,0.0023998080153591994,-0.3897288216942857,-0.329733621310307,-0.4564434845212594,0.08769000000000005,0.18323299999999998,-0.914108,-0.146648,-0.26985799999999993,-0.880885,0.23433800000000005,0.4530909999999999,0.033223,0.9851741836710322,0.16777000000000009,0.16777000000000009,0.014825816328967845,0.8322299999999999,-0.880885
857,3.570833,walk,0.5472,-1.352556,0.921854,-0.01297,-0.028632,-0.253305,-0.3324531925107853,-0.6017762842054653,-0.09313490158426413,1.646908863212491,2.2916590198859965,0.18835925517933738,0.009361497839656788,0.0012001920307327459,0.002160345655304452,-0.2657225156024817,-0.26524243879017795,-0.3266922707633135,0.08911400000000003,0.18574500000000005,-0.9137109999999999,-0.14637,-0.2684559999999998,-0.8818579999999999,0.23548400000000003,0.45420099999999985,0.03185300000000002,0.9838629828531722,0.18147000000000002,0.18147000000000002,0.016137017146827803,0.81853,-0.8818579999999999
858,3.575,walk,0.545607,-1.355073,0.921355,-0.013785,-0.029487,-0.253247,-0.38228941684664497,-0.6040316774657373,-0.11975041996637528,0.2736034275199328,0.4965224494544078,-0.030118462268986086,0.008159347252214164,0.004799616030748693,0.0023998080153589435,-0.27549796016317923,-0.2610991120710664,-0.38324934005277106,0.09074100000000007,0.18828200000000006,-0.9132020000000001,-0.14592499999999997,-0.2670270000000001,-0.8829560000000001,0.23666600000000004,0.4553090000000002,0.030245999999999995,0.9837237101436702,0.19754,0.19754,0.016276289856329784,0.80246,-0.8829560000000001
859,3.579167,walk,0.543994,-1.357597,0.920863,-0.013384,-0.029756,-0.253346,-0.3870890328773816,-0.6057115430765745,-0.11807055435566845,-0.21718888511277623,0.07584455483518124,0.0569211390787997,0.007679385649129455,0.003359731221492472,0.003359731221502463,-0.21790256779457784,-0.22294216462682986,-0.26085913126951144,0.09238599999999997,0.19082,-0.912696,-0.14521999999999996,-0.2654320000000001,-0.883551,0.23760599999999993,0.4562520000000001,0.029144999999999976,0.9849492938787406,0.20855000000000007,0.20855000000000007,0.01505070612125936,0.79145,-0.883551
860,3.583333,walk,0.542367,-1.360141,0.920374,-0.013483,-0.030249,-0.253402,-0.39054248679786113,-0.6106577052328449,-0.11737878060488437,-0.013011364956297481,0.24095012000072216,0.0315162835891504,0.00888142102737968,0.0024003840614121924,0.005280844935189354,-0.27052328372539935,-0.22491598655783485,-0.42438790206431837,0.09404999999999997,0.19337399999999993,-0.912185,-0.14472000000000007,-0.263825,-0.88483,0.23877000000000004,0.4571989999999999,0.027355000000000018,0.9823200673755856,0.22645000000000004,0.22645000000000004,0.017679932624414363,0.77355,-0.88483
861,3.5875,walk,0.540661,-1.362671,0.919898,-0.013743,-0.030385,-0.253496,-0.4094072474202482,-0.6071514278857779,-0.1142308615310904,0.10567723124220534,0.09458553575829041,0.044615501743940626,0.009599232061445124,0.0035997120230619037,0.003599712023038175,-0.22222222222222815,-0.18550515958722053,-0.3530117590592914,0.0957960000000001,0.19591899999999995,-0.911694,-0.14393999999999996,-0.26206799999999997,-0.885825,0.23973600000000006,0.4579869999999999,0.02586900000000003,0.9818906784694197,0.24131000000000002,0.24131000000000002,0.018109321530580313,0.75869,-0.885825
862,3.591667,walk,0.538821,-1.365263,0.919379,-0.014457,-0.03071,-0.25366,-0.44156467482597567,-0.6220302375809382,-0.12455003599712397,0.2945736141569407,0.2375254289997917,0.07561515976145941,0.007199424046069754,0.0014398848092032936,0.005759539236860632,-0.24166066714660878,-0.19198464122872216,-0.34605231581471346,0.09766600000000003,0.19851699999999983,-0.9111509999999999,-0.14310699999999998,-0.2602760000000002,-0.886748,0.24077300000000001,0.458793,0.024402999999999953,0.9844474665265109,0.25597000000000003,0.25597000000000003,0.01555253347348906,0.74403,-0.886748
863,3.595833,walk,0.536983,-1.367812,0.918953,-0.014731,-0.031156,-0.253878,-0.4411905904945156,-0.6118578972636429,-0.10225636101775329,0.0765897188130815,0.23995795498828557,0.1094822745184172,0.009121459433505882,0.003120499279894812,0.007681228996640257,-0.2542006721075651,-0.19563130100817924,-0.3216514642343032,0.09954200000000002,0.201079,-0.910693,-0.142328,-0.25854200000000005,-0.8876620000000001,0.24187000000000003,0.45962100000000006,0.023030999999999913,0.9794560216411135,0.26969,0.26969,0.02054397835888655,0.73031,-0.8876620000000001
864,3.6,walk,0.535224,-1.370386,0.918442,-0.015029,-0.031638,-0.254067,-0.4221262299015714,-0.6177105831533284,-0.12263018958483515,0.08284323014801938,0.25964213321513513,0.09516627614372951,0.008159347252214164,0.0028797696184598735,0.007439404847611684,-0.2440604751619698,-0.17398608111346783,-0.3052555795536168,0.10133499999999995,0.2036650000000002,-0.9101509999999999,-0.14158600000000005,-0.25669299999999984,-0.888423,0.242921,0.46035800000000004,0.02172799999999997,0.9809815319926856,0.28271999999999997,0.28271999999999997,0.019018468007314437,0.71728,-0.888423
865,3.604167,walk,0.533342,-1.372991,0.917893,-0.014702,-0.031664,-0.254222,-0.45164386849055344,-0.6251499880009809,-0.13174946004320776,-0.1522549819526673,-0.028384964413018136,0.0814486784034303,0.011519078473734148,0.0047996160306959185,0.010559155267579228,-0.19198464122870265,-0.11327093832494589,-0.4091672666186896,0.10326500000000005,0.20629000000000008,-0.909558,-0.14050399999999996,-0.2545599999999999,-0.889579,0.243769,0.46085,0.01997899999999997,0.9727551614016015,0.30021000000000003,0.30021000000000003,0.027244838598398546,0.6997899999999999,-0.889579
866,3.608333,walk,0.531459,-1.375576,0.917424,-0.014473,-0.031702,-0.254582,-0.45199231877098334,-0.6204992798847255,-0.11257801248198004,-0.10476534300170778,-0.01144368264597454,0.18214019482264382,0.00912145943350491,0.0057609217474852,0.007201152184349005,-0.19875180028803954,-0.13034085453671274,-0.2753240518482879,0.105186,0.20889899999999995,-0.9090590000000001,-0.139449,-0.252518,-0.890257,0.244635,0.46141699999999997,0.018802000000000096,0.9783817313392458,0.31198000000000004,0.31198000000000004,0.021618268660754225,0.68802,-0.890257
867,3.6125,walk,0.529577,-1.378224,0.916811,-0.015262,-0.032594,-0.255042,-0.45164386849055344,-0.6354691624670278,-0.1471082313414933,0.26511292258233027,0.5094430777390259,0.2274771368340503,0.0074394048476133096,0.003119750419976326,0.008639308855292285,-0.19534437245022176,-0.1091912646988517,-0.28413726901849173,0.10709900000000006,0.21155999999999997,-0.90841,-0.13838099999999998,-0.25032500000000013,-0.8908280000000001,0.24548000000000003,0.4618850000000001,0.017581999999999987,0.9802997994463982,0.32418,0.32418,0.019700200553601777,0.67582,-0.8908280000000001
868,3.616667,walk,0.527696,-1.380805,0.916288,-0.015083,-0.032887,-0.255214,-0.4514038876889359,-0.6193904487641011,-0.12550995920326838,-0.11580171881160518,0.11354171701666815,0.09120235575109449,0.009599232061417457,0.0,0.011279097672185578,-0.19078473722100833,-0.07727381809453175,-0.3114950803935497,0.1090199999999999,0.21414100000000014,-0.90784,-0.13729500000000006,-0.2480659999999999,-0.891603,0.24631499999999995,0.46220700000000003,0.016236999999999946,0.9753151361903895,0.33763000000000004,0.33763000000000004,0.024684863809610547,0.6623699999999999,-0.891603
869,3.620833,walk,0.525748,-1.383324,0.915885,-0.013653,-0.0324,-0.255546,-0.46759481517042906,-0.6046567450791812,-0.09673547767643571,-0.5980391765560336,-0.4027186794288027,0.17917659455641008,0.008401344215075922,0.0024003840614121924,0.010801728276523924,-0.1797887662025874,-0.0756120979356833,-0.2755640902544331,0.11100299999999996,0.21666999999999992,-0.907392,-0.136096,-0.24586200000000002,-0.8923479999999999,0.24709899999999996,0.46253199999999994,0.015044000000000057,0.9768446213338426,0.34956000000000004,0.34956000000000004,0.023155378666157356,0.6504399999999999,-0.8923479999999999
870,3.625,walk,0.523861,-1.385959,0.915427,-0.014472,-0.033277,-0.255879,-0.4528437724982141,-0.6323494120470514,-0.10991120710342676,0.27824980868207405,0.5069731653005144,0.16337399613120202,0.005759539236867074,0.0026397888168907483,0.011999040076794332,-0.1797456203503801,-0.07391408687304753,-0.28533717302617073,0.11291399999999996,0.21931599999999984,-0.906884,-0.13495800000000002,-0.24353500000000006,-0.893079,0.24787199999999998,0.4628509999999999,0.013805000000000067,0.9773850012907296,0.36195,0.36195,0.022614998709270417,0.63805,-0.893079
871,3.629167,walk,0.521919,-1.388509,0.914951,-0.01356,-0.033016,-0.256132,-0.46604271658269447,-0.6119510439165271,-0.1142308615310904,-0.38645385235019136,-0.23407346850038938,0.13546197504633653,0.006239500839926008,-0.0016798656107195925,0.012718982481401884,-0.0957523398128152,-0.07367410607153138,-0.13030957523398684,0.11488199999999993,0.22185900000000003,-0.9063549999999999,-0.133415,-0.24129200000000006,-0.893146,0.24829699999999993,0.4631510000000001,0.013208999999999915,0.9762229198500996,0.5717448345436182,0.5717448345436182,0.02377708014990043,0.42825516545638176,-0.893146
872,3.633333,walk,0.519926,-1.391098,0.914375,-0.011635,-0.033132,-0.25666,-0.4783965434469438,-0.6214594335093331,-0.13826212193948492,-0.8978312188643599,-0.18446031377664052,0.2907573064314383,0.004320691310627225,-0.0004800768123037582,0.016082573211713694,-0.13562169947192085,-0.07201152184348505,-0.20979356697070953,0.11689300000000002,0.22444599999999992,-0.9057120000000001,-0.13198700000000002,-0.23900300000000008,-0.893444,0.24888000000000005,0.463449,0.012268000000000057,0.972233713074947,0.4440115219046202,0.4440115219046202,0.027766286925053008,0.5559884780953799,-0.893444
873,3.6375,walk,0.517934,-1.393736,0.913966,-0.01133,-0.033339,-0.256983,-0.47804175665943666,-0.6330693544516389,-0.09815214782819266,-0.16125189516076086,0.05801598850531639,0.16682848356851943,0.0021598272138049403,-0.00191984641228882,0.014638828893687682,-0.14110871130308175,-0.09359251259896009,-0.21550275977920524,0.11889399999999994,0.22707600000000006,-0.905242,-0.130583,-0.23675499999999983,-0.893933,0.24947699999999995,0.4638309999999999,0.011309000000000013,0.9751311230194281,0.4301318314571284,0.4301318314571284,0.02486887698057194,0.5698681685428716,-0.893933
874,3.641667,walk,0.515672,-1.396157,0.913685,-0.009692,-0.028808,-0.256698,-0.5428365730741755,-0.5809935205183866,-0.06743460523157872,-0.20627322540458257,-2.3046078514581283,-0.16013904909623836,0.001679865610772879,-0.0004799616030855778,0.01895848332133497,-0.13270938324935228,-0.07055435565155505,-0.20254379649628895,0.12116300000000002,0.229495,-0.904882,-0.12887400000000004,-0.23462799999999984,-0.894496,0.25003700000000006,0.46412299999999984,0.010386000000000006,0.9682686449559207,0.4757774349215519,0.4757774349215519,0.03173135504407931,0.5242225650784481,-0.894496
875,3.645833,walk,0.514033,-1.398752,0.913216,-0.009539,-0.033104,-0.257533,-0.3934229476716304,-0.622899663946191,-0.11257801248198004,-0.5871552128478543,1.9745477348203115,0.45358788301976444,-0.0028804608737426,-0.0031204992798411803,0.017042726836293313,-0.10057609217474585,-0.10129620739321482,-0.17474795967354287,0.12279000000000007,0.2320770000000001,-0.904342,-0.127654,-0.23245500000000008,-0.8947550000000001,0.25044400000000006,0.46453200000000017,0.009586999999999901,0.9707269032966577,0.52806365922332,0.52806365922332,0.029273096703342327,0.47193634077668,-0.8947550000000001
876,3.65,walk,0.511821,-1.401307,0.912937,-0.007951,-0.029039,-0.257357,-0.5308375329973825,-0.6131509479242144,-0.06695464362851979,-0.23722008757601437,-2.0825738335267596,-0.09868453728848506,-0.006239500839952652,-0.0035997120230619037,0.017038636909048027,-0.17494600431965754,-0.035997120230352606,-0.28005759539238173,0.12497599999999998,0.23461700000000008,-0.903992,-0.12617099999999998,-0.23004999999999987,-0.895643,0.25114699999999995,0.46466699999999994,0.00834900000000005,0.9691687187575166,0.41651,0.41651,0.030831281242483355,0.5834900000000001,-0.895643
877,3.654167,walk,0.509875,-1.40381,0.912366,-0.005407,-0.028896,-0.257802,-0.46700263978878925,-0.6006719462442451,-0.13702903767697466,-1.155089519499266,-0.38088957154323444,0.2530582369775974,-0.010079193664502984,-0.004319654427663167,0.017518598512118,-0.11135109191264499,-0.043676505879557334,-0.18406527477800663,0.12688,0.23710199999999992,-0.903348,-0.124689,-0.22772900000000007,-0.895839,0.251569,0.464831,0.007508999999999988,0.9655539530920789,0.5590520729030325,0.5590520729030325,0.03444604690792108,0.4409479270969675,-0.895839
878,3.658333,walk,0.507941,-1.406296,0.911812,-0.002448,-0.028458,-0.258253,-0.4642342774844322,-0.5967354776764727,-0.13298127700434428,-1.3111816628024886,-0.56913141733949,0.2608920864226629,-0.00960153624578304,-0.008881421027327327,0.024723955832935386,-0.11857897263562976,-0.034325492078736336,-0.1886701872299714,0.12877400000000006,0.23955100000000007,-0.9026909999999999,-0.123249,-0.2253860000000001,-0.896071,0.25202300000000005,0.46493700000000016,0.006619999999999959,0.9533826710280431,0.5580206184062202,0.5580206184062202,0.04661732897195692,0.4419793815937798,-0.896071
879,3.6625,walk,0.505978,-1.408865,0.911213,-0.000351,-0.028253,-0.258581,-0.471082313414883,-0.6165106791456412,-0.14374850011995888,-0.9419299220881031,-0.35424588773951354,0.19021444900284673,-0.007919366450698044,-0.01559875209982668,0.030957523398126,-0.09815214782816602,-0.032637389008856654,-0.16558675305974546,0.13070399999999993,0.24205500000000013,-0.9019630000000001,-0.12169500000000005,-0.22295299999999996,-0.896162,0.252399,0.4650080000000001,0.005801000000000056,0.9407358622821663,0.6165927382078147,0.6165927382078147,0.059264137717833676,0.3834072617921853,-0.896162
880,3.666667,walk,0.504083,-1.411418,0.910931,0.001596,-0.028067,-0.258841,-0.4547636189105298,-0.6126709863211289,-0.06767458603312151,-0.8756962005326088,-0.32700245482196494,0.15493210767696985,-0.005519558435324285,-0.01391888648910875,0.035757139428847284,-0.08951283897288918,-0.03335733141351514,-0.17638588912887762,0.13257600000000003,0.24455000000000005,-0.901532,-0.12017299999999997,-0.22053900000000004,-0.896615,0.252749,0.4650890000000001,0.004916999999999949,0.9353906193052846,0.6165096206239931,0.6165096206239931,0.06460938069471545,0.38349037937600694,-0.896615
881,3.670833,walk,0.502189,-1.414003,0.910674,-0.003074,-0.028559,-0.259027,-0.45463274123857406,-0.6204992798847255,-0.06168987037927405,2.1059592672588847,0.809423866461609,0.03136261629910675,-0.0033605376860197087,-0.016082573211722854,0.04032645223235643,-0.08281325012001314,-0.014162265962507822,-0.15818530964953956,0.13445600000000002,0.24706799999999984,-0.901107,-0.11862400000000001,-0.218013,-0.897017,0.25308,0.46508099999999986,0.004090000000000038,0.9274250363742942,0.660579591421879,0.660579591421879,0.07257496362570581,0.33942040857812095,-0.897017
882,3.675,walk,0.500085,-1.416541,0.91007,2.5e-05,-0.028431,-0.259659,-0.5049196064315072,-0.6090712742981202,-0.1449484041276615,-1.4111889113594673,-0.44331527260498776,0.3551596702565893,-0.004799616030722562,-0.018958483321320815,0.04655627549796222,-0.06911447084233828,-0.014398848092194329,-0.1514278857691457,0.13654,0.24952700000000005,-0.900309,-0.11680800000000002,-0.21553500000000003,-0.8970440000000001,0.253348,0.4650620000000001,0.0032649999999999624,0.9158383303112178,0.6888892432660096,0.6888892432660096,0.08416166968878225,0.31111075673399036,-0.8970440000000001
883,3.679167,walk,0.49814,-1.419061,0.909652,0.002206,-0.028017,-0.260051,-0.46676265898724645,-0.6047516198703389,-0.1003119750419976,-0.9535106988248276,-0.46230106849354036,0.22334359223549055,-0.010559155267588511,-0.020638348932091495,0.05063594912406684,-0.0765538756899301,-0.005279577633780934,-0.16438684905206577,0.13844099999999993,0.2519609999999999,-0.89968,-0.115182,-0.21303700000000014,-0.897311,0.25362299999999993,0.464998,0.0023690000000000655,0.9071824287722463,0.673951649489628,0.673951649489628,0.09281757122775369,0.32604835051037195,-0.897311
884,3.683333,walk,0.496125,-1.421699,0.909635,0.000236,-0.0278,-0.260779,-0.4836773883821386,-0.633221315410482,-0.004080652904475346,0.9495105802097477,0.1486934670188703,0.3345322623664166,-0.012962073931828376,-0.023283725396066032,0.05664906385021451,-0.07657225156025084,-0.007441190590468405,-0.16178588574171407,0.14040199999999997,0.254502,-0.899427,-0.11348599999999998,-0.2104299999999999,-0.897968,0.25388799999999995,0.4649319999999999,0.001458999999999988,0.8956599620892334,0.6868330331330845,0.6868330331330845,0.10434003791076663,0.3131669668669155,-0.897968
885,3.6875,walk,0.494201,-1.424312,0.90949,0.000723,-0.027308,-0.260912,-0.46172306215504416,-0.6270698344132699,-0.03479721622269195,-0.16220716322471723,-0.2885219743964545,0.0709079033365482,-0.016318694504430065,-0.02087832973360984,0.06455483561315394,-0.06119510439165272,-0.011519078473734148,-0.15670746340293512,0.142258,0.25702800000000003,-0.8990130000000001,-0.111817,-0.20786499999999997,-0.898476,0.254075,0.464893,0.0005370000000000097,0.8836966222445751,0.7135865125753491,0.7135865125753491,0.11630337775542487,0.2864134874246509,-0.898476
886,3.691667,walk,0.492293,-1.42687,0.909248,0.001944,-0.026828,-0.261141,-0.45788336933047946,-0.6138708903288161,-0.058075353971703034,-0.5024145385962713,-0.37448100179405125,0.12849303915536076,-0.0256779457643324,-0.020638348932093695,0.07655387568994826,-0.07151427885769956,-0.0035997120230619037,-0.15262778977682467,0.14405900000000005,0.25950000000000006,-0.8984519999999999,-0.110207,-0.205322,-0.89887,0.25426600000000005,0.46482200000000007,0.00041800000000002946,0.856917613926673,0.7190171406011452,0.7190171406011452,0.14308238607332702,0.2809828593988548,-0.8984519999999999
887,3.695833,walk,0.490365,-1.429339,0.908865,0.002476,-0.026496,-0.261655,-0.4627940470475114,-0.5926548247719071,-0.09193470955350473,-0.1983240650216735,-0.21831115829739925,0.2618150421158421,-0.022563610177637045,-0.03600576092171588,0.0892942870859315,-0.0724915986557755,-0.0036005760921449382,-0.12073931829092324,0.145893,0.261819,-0.8976970000000001,-0.10858099999999998,-0.20286800000000005,-0.8989900000000001,0.254474,0.46468700000000007,0.0012929999999999886,0.8222552805421858,0.7652070711053022,0.7652070711053022,0.17774471945781423,0.23479292889469783,-0.8976970000000001
888,3.7,walk,0.488407,-1.431815,0.908484,0.002981,-0.026346,-0.262308,-0.4698824094072225,-0.5941924646028303,-0.09143268538518179,-0.2069123500478178,-0.1298909932562765,0.3308330656455707,-0.02999760019199283,-0.04295656347495569,0.10943124550035326,-0.06239500839933337,-0.0021598272138049403,-0.13126949844011693,0.14772599999999997,0.264116,-0.89686,-0.106883,-0.20040099999999983,-0.899156,0.254609,0.46451699999999985,0.0022959999999999647,0.774827791234231,0.7577335996408876,0.7577335996408876,0.22517220876576904,0.2422664003591124,-0.89686
889,3.704167,walk,0.486532,-1.434341,0.908236,0.00324,-0.025705,-0.262662,-0.44996400287978056,-0.6061915046796601,-0.05951523878087984,-0.03484960292218127,-0.3278599640356075,0.1781591329046575,-0.034077273818090226,-0.04607631389488331,0.11711063114951312,-0.060955123590109926,0.00431965442761034,-0.12311015118791048,0.14945899999999995,0.2664500000000001,-0.896124,-0.10526200000000002,-0.19785699999999995,-0.899421,0.254721,0.464307,0.0032969999999999944,0.7497284479957107,0.770930045669149,0.7497284479957107,0.2502715520042893,0.22906995433085098,-0.896124
890,3.708333,walk,0.484649,-1.436772,0.907871,0.004616,-0.025225,-0.263346,-0.45199231877099666,-0.5835333653384022,-0.0876140182429308,-0.5684719336268022,-0.39250348979925104,0.35702695590227973,-0.02952472395582834,-0.05088814210270599,0.13802208353336176,-0.04800768122899004,0.00912145943350491,-0.1125780124819942,0.151219,0.26866900000000005,-0.895184,-0.10357899999999998,-0.19538800000000012,-0.899525,0.25479799999999997,0.46405700000000016,0.004341000000000039,0.7065266309522538,0.7954561485919799,0.7065266309522538,0.29347336904774624,0.20454385140802012,-0.895184
891,3.7125,walk,0.482732,-1.439177,0.907645,0.005524,-0.024262,-0.264048,-0.4600431965442979,-0.5771538276938085,-0.05423566114709834,-0.29043593863982886,-0.5568601282741393,0.35979172220328764,-0.05591552675787122,-0.04847612191025791,0.15646748260139898,-0.05567554595632843,0.006239500839952652,-0.11471082313415433,0.15290299999999996,0.270872,-0.894306,-0.10189399999999998,-0.19295700000000005,-0.899777,0.25479699999999994,0.46382900000000005,0.005471000000000004,0.6568143432199391,0.7872320595605635,0.6568143432199391,0.34318565678006085,0.21276794043943648,-0.894306
892,3.716667,walk,0.480778,-1.44154,0.907195,0.007937,-0.023694,-0.264693,-0.46892248620107807,-0.5670746340292707,-0.10799136069115288,-1.0376555512023604,-0.5648561070266432,0.3509060690520148,-0.047756179505624455,-0.03911687065037805,0.17710583153346632,-0.05543556515479305,-0.0016798656107727,-0.1111111111111043,0.15465800000000002,0.273072,-0.893118,-0.10017100000000001,-0.19060100000000002,-0.89979,0.254829,0.463673,0.006672000000000011,0.6206866458834863,0.7930270895017248,0.6206866458834863,0.3793133541165137,0.20697291049827515,-0.893118
893,3.720833,walk,0.478931,-1.444098,0.907471,0.005765,-0.022198,-0.265315,-0.4433509361498161,-0.6140182429189301,0.06625060009603356,1.2019185554832117,-0.4126092901476274,0.2841036077661015,-0.039846375420070246,-0.03672587614014878,0.2193951032165324,-0.052568410945748094,0.003120499279894812,-0.11641862698032612,0.156339,0.2754770000000002,-0.89248,-0.09854299999999999,-0.18802999999999992,-0.900551,0.254882,0.4635070000000001,0.00807099999999994,0.5426427478168154,0.7870415269151884,0.5426427478168154,0.45735725218318457,0.21295847308481164,-0.89248
894,3.725,walk,0.477043,-1.44635,0.906926,0.007085,-0.022114,-0.266487,-0.4530837532997086,-0.5404367650587434,-0.1307895368370493,-0.5884011265310736,-0.20019230589887044,0.5985206704376035,-0.04079673626109746,-0.04295656347495569,0.22246220302374473,-0.06575473962082548,-0.0021598272138049403,-0.10055195584352641,0.158057,0.27754999999999996,-0.891008,-0.09692899999999999,-0.18578699999999992,-0.900425,0.254986,0.4633369999999999,0.009417000000000009,0.5221378787429183,0.7997290275918196,0.5221378787429183,0.4778621212570817,0.20027097240818037,-0.891008
895,3.729167,walk,0.475156,-1.448711,0.906788,0.008002,-0.021301,-0.267172,-0.4528437724982141,-0.5665946724262456,-0.03311735061194571,-0.3134389069494717,-0.489047599436238,0.35218522539182123,-0.01751859851211737,-0.06575473962080584,0.23902087832974378,-0.05135589152867812,-0.007199424046070521,-0.10199184065275245,0.15987099999999999,0.27963700000000014,-0.889874,-0.09525600000000001,-0.18345599999999984,-0.9007120000000001,0.255127,0.463093,0.010838000000000014,0.4774220891934264,0.8093024874817236,0.4774220891934264,0.5225779108065736,0.19069751251827638,-0.889874
896,3.733333,walk,0.473296,-1.451121,0.906699,0.007995,-0.020609,-0.267831,-0.44647143542966333,-0.5784925588093992,-0.021363418146904296,0.09808921222336715,-0.3149002697354191,0.3289203083558369,-0.054728756601056104,-0.06265002400385491,0.26356216994718473,-0.029524723955841665,-0.004080652904501996,-0.11137782045126915,0.161503,0.2817860000000001,-0.888687,-0.09351900000000002,-0.18106299999999997,-0.9010870000000001,0.255022,0.46284900000000007,0.012400000000000078,0.41536855014601626,0.807838465367236,0.41536855014601626,0.5846314498539837,0.19216153463276398,-0.888687
897,3.7375,walk,0.471377,-1.453279,0.906087,0.010442,-0.020684,-0.269114,-0.4605231581473702,-0.5178785697144183,-0.14686825053997718,-1.129677258886128,-0.27118406095630415,0.6661601391495543,-0.07103431725461398,-0.06863450923926602,0.2529397648188259,-0.0333573314134885,0.01391888648910875,-0.1077513798896137,0.16312600000000005,0.28365799999999997,-0.887021,-0.09173900000000001,-0.17884699999999998,-0.900924,0.25486500000000006,0.46250499999999994,0.013902999999999999,0.4083998866076507,0.8105797820523415,0.4083998866076507,0.5916001133923493,0.1894202179476585,-0.887021
898,3.741667,walk,0.469642,-1.455582,0.905957,0.008798,-0.02111,-0.270256,-0.4163666906647182,-0.5526757859370779,-0.03119750419965336,0.7144722614723235,0.41804078714072695,0.54971534548961,-0.073194144468438,-0.08231341492679657,0.27645788336931365,-0.035997120230375414,0.0023998080153743466,-0.09839212862970358,0.16455600000000004,0.2856179999999999,-0.885739,-0.09015400000000001,-0.17653399999999997,-0.901204,0.25471000000000005,0.4621519999999999,0.015464999999999951,0.3493609702758354,0.8253371285425446,0.3493609702758354,0.6506390297241647,0.1746628714574554,-0.885739
899,3.745833,walk,0.46781,-1.457863,0.905722,0.009034,-0.021268,-0.271285,-0.43975036005759727,-0.5475276044166862,-0.05640902544406596,-0.12036851055812928,0.04972531543280507,0.5154810746448433,-0.09433509361499687,-0.08833413346133315,0.2539606337013853,-0.03240518482957094,0.002160345655286963,-0.08713394143062662,0.16599499999999995,0.287531,-0.8844460000000001,-0.08845700000000001,-0.17424400000000007,-0.901332,0.25445199999999996,0.46177500000000005,0.016885999999999957,0.3562188589094091,0.84501714390129,0.3562188589094091,0.6437811410905909,0.15498285609871,-0.8844460000000001
900,3.75,walk,0.465916,-1.459978,0.90523,0.011162,-0.021686,-0.272431,-0.45452363810897367,-0.5075593952484246,-0.11807055435566845,-1.027045976149796,-0.07543145761792527,0.5955205135169138,-0.11879049676024353,-0.09143268538516489,0.27501799856012804,-0.03311735061194571,-0.00599952003838322,-0.08135349172066604,0.16739400000000004,0.2892650000000001,-0.8828079999999999,-0.08670099999999997,-0.17215399999999992,-0.901179,0.254095,0.461419,0.018371000000000026,0.31628999999999996,0.8532656996152004,0.31628999999999996,0.68371,0.14673430038479962,-0.8828079999999999
901,3.754167,walk,0.464159,-1.462307,0.905235,0.009473,-0.021283,-0.273598,-0.42164626829855745,-0.5589152867770895,0.0011999040076873012,0.842955213771694,0.04421532903322266,0.5630853297763955,-0.1139908807295476,-0.10391168706507019,0.2644588432925484,-0.04127669786417407,-0.0035997120230619037,-0.09071274298056567,0.16867600000000005,0.291161,-0.881711,-0.08511599999999997,-0.16984,-0.901562,0.253792,0.461001,0.019850999999999952,0.30149000000000004,0.8337879078115567,0.30149000000000004,0.69851,0.16621209218844335,-0.881711
902,3.758333,walk,0.462253,-1.464488,0.905177,0.0107,-0.020705,-0.274617,-0.4575132021123166,-0.5235237638021912,-0.013922227556409242,-0.48140511636595956,-0.4203753334339986,0.5237825495014635,-0.1368218915026536,-0.09241478636583514,0.2690830532885189,-0.038166106577056144,-0.0026404224675907213,-0.09145463274123616,0.17001199999999994,0.2929569999999999,-0.880532,-0.08336900000000003,-0.16766999999999999,-0.901885,0.25338099999999997,0.4606269999999999,0.021353000000000066,0.28647,0.8347764698297337,0.28647,0.71353,0.16522353017026625,-0.880532
903,3.7625,walk,0.460373,-1.466668,0.9049,0.01154,-0.020955,-0.275637,-0.45116390688743313,-0.5231581473481972,-0.06647468202542713,-0.4119453758366419,0.012915728674791736,0.5181289506021105,-0.13222942164625262,-0.08855291576669527,0.2723782097432041,-0.025677945764342985,-0.0035997120230615203,-0.08567314614830283,0.17134100000000002,0.29476800000000014,-0.87912,-0.081596,-0.165505,-0.901965,0.252937,0.46027300000000015,0.022845000000000004,0.27155,0.8508151519807094,0.27155,0.72845,0.14918484801929055,-0.87912
904,3.766667,walk,0.458494,-1.468842,0.904917,0.01147,-0.020707,-0.276773,-0.4509239260859251,-0.5217182625389962,0.004079673626094195,0.0747480415006652,-0.09561288832732313,0.5669566010168365,-0.1538276937845049,-0.09119270458364874,0.26277897768179714,-0.02831773458122315,-0.0016798656107195925,-0.085913126949848,0.17257899999999998,0.296562,-0.878042,-0.07983499999999999,-0.16333799999999998,-0.9023399999999999,0.25241399999999997,0.4599,0.02429799999999993,0.25702,0.8492078194023368,0.25702,0.74298,0.1507921805976632,-0.878042
905,3.770833,walk,0.456938,-1.470957,0.905024,0.010459,-0.020383,-0.279022,-0.3734997599615841,-0.5076812289966469,0.025684109457531523,0.5281787786786347,0.0035873341395876563,1.1130436698955857,-0.15050408065291096,-0.09985597695630355,0.2762842054728679,-0.03888622179549845,-0.0033605376860197087,-0.08809409505520635,0.17350799999999994,0.2982610000000001,-0.876998,-0.07844100000000004,-0.16123699999999985,-0.902814,0.251949,0.45949799999999996,0.02581599999999995,0.24184000000000005,0.8394107980430295,0.24184000000000005,0.75816,0.16058920195697046,-0.876998
906,3.775,walk,0.455237,-1.473107,0.904555,0.008173,-0.019618,-0.28085,-0.40820734341254755,-0.5159587233021292,-0.11255099592034416,1.171166513845117,-0.03232812038810168,0.8900531810201325,-0.16942644588433325,-0.0832733381329765,0.27669786417087927,-0.04583633309335384,-0.0038396928245780495,-0.07919366450684312,0.17450299999999996,0.3000639999999999,-0.875376,-0.07693100000000003,-0.159103,-0.902675,0.251434,0.4591669999999999,0.027298999999999962,0.22701,0.8473625467319663,0.22701,0.7729900000000001,0.15263745326803368,-0.875376
907,3.779167,walk,0.453571,-1.47517,0.904451,0.006971,-0.019842,-0.282688,-0.39980801535874716,-0.4950803935685199,-0.024958003359728018,0.5385720436666583,0.27743304995654855,0.906376970231123,-0.16270698344130433,-0.10607151427881077,0.27069834413245303,-0.05591552675785194,-0.00023998080156940654,-0.05999520038396563,0.175491,0.3016850000000002,-0.874144,-0.07549800000000001,-0.157041,-0.902821,0.250989,0.4587260000000002,0.028676999999999953,0.21323000000000003,0.8633127272393764,0.21323000000000003,0.78677,0.13668727276062365,-0.874144
908,3.783333,walk,0.451841,-1.477178,0.904366,0.00493,-0.019571,-0.284038,-0.41526644263085605,-0.4819971195391668,-0.020403264522325607,0.9880092943725426,0.16037141089069712,0.6546916510962897,-0.17834853576574844,-0.10393662986081662,0.26188190110419785,-0.041526644263080274,-0.008881421027327327,-0.0775324051848357,0.17647799999999997,0.3032600000000001,-0.872968,-0.07394099999999998,-0.15506999999999982,-0.9030590000000001,0.25041899999999995,0.4583299999999999,0.03009100000000009,0.19909,0.8526661418093567,0.19909,0.80091,0.14733385819064326,-0.872968
909,3.7875,walk,0.450007,-1.479218,0.90423,0.005182,-0.019238,-0.285253,-0.4401247900167724,-0.48956083513311627,-0.0326373890088833,-0.059973149306713006,-0.18135545992250446,0.6105626832182623,-0.1879049676025751,-0.10703143748498183,0.2582193424525882,-0.04919606431485439,-0.007199424046069754,-0.06935445164386426,0.177529,0.30485399999999996,-0.871756,-0.07231199999999999,-0.15305999999999997,-0.903212,0.24984099999999998,0.45791399999999993,0.03145600000000004,0.18544,0.8577743927037094,0.18544,0.81456,0.14222560729629063,-0.871756
910,3.791667,walk,0.448213,-1.48119,0.904386,0.003907,-0.018095,-0.286674,-0.4305255579553875,-0.47324214062879166,0.03743700503960934,0.7550245906333002,-0.34393833737954155,0.6988350423233055,-0.2042236621070252,-0.11495080393571877,0.24166066714663786,-0.05087592992560587,-0.00791936645072553,-0.05639548836093372,0.17847200000000008,0.3063469999999999,-0.870905,-0.07072999999999996,-0.15112100000000006,-0.903603,0.24920200000000003,0.457468,0.032698000000000005,0.17302000000000006,0.8727259330961958,0.17302000000000006,0.8269799999999999,0.12727406690380416,-0.870905
911,3.795833,walk,0.446461,-1.483259,0.904401,0.00354,-0.018711,-0.287917,-0.42054728756599324,-0.4966394623139803,0.003600576092171588,0.09406396453879919,0.33942948422069497,0.6199499580573388,-0.21651464234278558,-0.11473835813729365,0.24459913586173263,-0.06697071531445549,0.005520883341359971,-0.049447911665865166,0.17932199999999998,0.30793800000000005,-0.869901,-0.06925700000000001,-0.14902899999999986,-0.903824,0.248579,0.4569669999999999,0.033922999999999925,0.16077000000000002,0.8609491217144487,0.16077000000000002,0.8392299999999999,0.1390508782855513,-0.869901
912,3.8,walk,0.444788,-1.485339,0.904417,0.003361,-0.019705,-0.289138,-0.40148788096953597,-0.4991600671946136,0.0038396928245780495,-0.04479335187755166,0.4870756006877234,0.6112896805350367,-0.21574274058075935,-0.12790976721860306,0.22270218382530374,-0.059995200383965414,0.0,-0.03455723542116789,0.18009599999999998,0.309485,-0.868989,-0.067834,-0.146949,-0.903984,0.24792999999999998,0.456434,0.034995,0.15005000000000002,0.884606631845358,0.15005000000000002,0.84995,0.11539336815464196,-0.868989
913,3.804167,walk,0.44311,-1.487228,0.904515,0.002938,-0.019186,-0.290345,-0.4026877849771804,-0.4533237341012514,0.023518118550498082,0.27717845021101295,-0.17441152202886892,0.6004121003776315,-0.22246220302374722,-0.1415886729061806,0.22174226061913724,-0.05159587233021541,-0.011759059275249041,-0.034077273818092474,0.18084699999999998,0.31078399999999995,-0.8681629999999999,-0.06637100000000001,-0.14510899999999993,-0.9042239999999999,0.247218,0.4558929999999999,0.03606100000000001,0.13939000000000001,0.895097001056691,0.13939000000000001,0.86061,0.10490299894330901,-0.8681629999999999
914,3.808333,walk,0.441446,-1.489113,0.904526,0.003177,-0.018789,-0.291258,-0.39942390782524084,-0.4524723955832604,0.002640422467617371,-0.046407470452011206,-0.21188176037920356,0.459738359903489,-0.2323571771483299,-0.13298127700430348,0.21723475756120292,-0.044647143542957006,-0.006000960153663729,-0.022323571771482836,0.181543,0.3121149999999999,-0.8672690000000001,-0.06489299999999998,-0.14324900000000018,-0.904328,0.246436,0.4553640000000001,0.03705899999999995,0.12941000000000003,0.9162059269208832,0.12941000000000003,0.87059,0.0837940730791168,-0.8672690000000001
915,3.8125,walk,0.439796,-1.490907,0.904381,0.004251,-0.019053,-0.292347,-0.3959683225342117,-0.4305255579554008,-0.03479721622271859,-0.5206385006325382,-0.02420033178578472,0.5570101394344636,-0.2512598992080797,-0.12838972882168864,0.21118310535158125,-0.03575713942884978,-0.0016798656107195925,-0.016798656107512164,0.18214599999999997,0.31337400000000004,-0.866244,-0.063392,-0.14146199999999998,-0.904253,0.24553799999999998,0.454836,0.03800899999999996,0.11991000000000007,0.9340962440873322,0.11991000000000007,0.8800899999999999,0.06590375591266784,-0.866244
916,3.816667,walk,0.43811,-1.492632,0.90445,0.004853,-0.018293,-0.293478,-0.40460763138951233,-0.41396688264940135,0.016558675305972857,-0.15995763799646684,-0.42786125066083913,0.5730749967441671,-0.2572594192464629,-0.1451883849292043,0.19462443004560673,-0.023518118550527232,-0.003359731221492472,-0.00983921286297141,0.18276000000000003,0.31449400000000005,-0.865502,-0.061804000000000026,-0.13975099999999996,-0.904363,0.24456400000000006,0.454245,0.038861000000000034,0.11138999999999993,0.957143657159445,0.11138999999999993,0.8886100000000001,0.04285634284055495,-0.865502
917,3.820833,walk,0.436498,-1.49436,0.904562,0.004712,-0.017161,-0.294393,-0.3869419107057029,-0.41478636581850803,0.02688430148823762,0.23161941139756204,-0.49514282157479034,0.45773523399932076,-0.28396543446951816,-0.13346135381660723,0.16994719155064186,-0.015122419587128663,-0.007921267402825463,-0.008161305808929206,0.183189,0.315666,-0.864906,-0.060255,-0.13805600000000018,-0.904509,0.243444,0.4537220000000002,0.039603000000000055,0.10397,0.9684633826611782,0.10397,0.89603,0.03153661733882185,-0.864906
918,3.825,walk,0.434938,-1.496098,0.904639,0.005623,-0.017187,-0.295465,-0.3743700503959469,-0.4170866330693332,0.01847852171825991,-0.4133996930591734,-0.1116059799633847,0.5465529337913116,-0.2903767698583776,-0.1689464842812563,0.1691864650827841,-0.011999040076791805,-0.0079193664506714,-0.009839212862970364,0.18353900000000006,0.3167,-0.864278,-0.05874499999999999,-0.1363510000000001,-0.904627,0.24228400000000005,0.4530510000000001,0.04034899999999997,0.09650999999999998,0.9709644165860751,0.09650999999999998,0.90349,0.02903558341392487,-0.864278
919,3.829167,walk,0.433446,-1.497782,0.904818,0.005619,-0.01711,-0.296613,-0.3580513558915434,-0.40412766978644005,0.04295656347493362,0.02126519369912242,-0.028706800647144624,0.5768197373795135,-0.3153347732181659,-0.1547876169906494,0.14062874970002953,-0.008879289656830078,-0.013918886489055465,-0.00887928965682786,0.18371700000000002,0.317739,-0.863871,-0.05729000000000001,-0.13472499999999998,-0.9048430000000001,0.24100700000000003,0.452464,0.04097200000000001,0.09028000000000008,0.968756379730551,0.09028000000000008,0.9097199999999999,0.031243620269449046,-0.863871
920,3.833333,walk,0.431939,-1.499389,0.90509,0.005295,-0.016069,-0.297593,-0.36173787806047514,-0.3857417186750101,0.06529044647141899,0.30403501388758214,-0.4260636426765467,0.48995300813247455,-0.3307729236677755,-0.19203072491601345,0.14786365818530692,-0.003600576092171588,-0.019443110897742564,-0.009841574651944043,0.183846,0.318546,-0.8635269999999999,-0.055798000000000014,-0.13319899999999985,-0.905156,0.23964400000000002,0.45174499999999984,0.04162900000000003,0.08371,0.9631875888528814,0.08371,0.91629,0.03681241114711864,-0.8635269999999999
921,3.8375,walk,0.43048,-1.500963,0.905295,0.006397,-0.015973,-0.298727,-0.3501319894408712,-0.3777297816174793,0.049196064314859636,-0.4833290003507804,-0.19573326343795683,0.5795554755980865,-0.34917206623471336,-0.19318454523637663,0.11567074634029717,0.0009599232061445124,-0.027837772978164217,-0.007679385649148417,0.18385000000000007,0.319315,-0.86325,-0.05433499999999997,-0.13174099999999989,-0.905393,0.23818500000000004,0.4510559999999999,0.04214300000000004,0.07857000000000003,0.9518441182519999,0.07857000000000003,0.92143,0.04815588174800012,-0.86325
922,3.841667,walk,0.428938,-1.502443,0.905465,0.007508,-0.015531,-0.299795,-0.3700503959682971,-0.3551715862730587,0.04079673626109746,-0.43827741233118944,-0.3558607312388575,0.5471628748519488,-0.36501079913604556,-0.2275017998559854,0.11855051595871641,0.0014398848092166152,-0.028077753779730655,-0.006719462443004151,0.18387100000000006,0.319847,-0.862926,-0.05278699999999997,-0.1303780000000001,-0.9055909999999999,0.23665800000000004,0.4502250000000001,0.04266499999999995,0.07335000000000003,0.9518225300148291,0.07335000000000003,0.92665,0.04817746998517092,-0.862926
923,3.845833,walk,0.427493,-1.503949,0.905894,0.007185,-0.015429,-0.300776,-0.346855496879522,-0.3614978396543751,0.102976476236209,0.1688036001806187,0.00558981748453604,0.4910760799367905,-0.3972635621699962,-0.2357177148344014,0.10849735957754124,0.002160345655300518,-0.024963994239051896,-0.0060009601536250585,0.18366099999999996,0.32037099999999996,-0.862903,-0.05133300000000002,-0.12897599999999998,-0.906045,0.23499399999999998,0.44934699999999994,0.043142000000000014,0.06858000000000003,0.9570568973173939,0.06858000000000003,0.9314199999999999,0.04294310268260615,-0.862903
924,3.85,walk,0.425981,-1.505442,0.906121,0.009042,-0.014864,-0.301501,-0.3628509719222273,-0.3582913366930347,0.05447564194863532,-0.7637637456363702,-0.5224109868631555,0.38157600073383646,-0.4346052315814487,-0.26517878569710684,0.09599232061434443,-0.0016798656107460568,-0.02399808015358361,-0.005759539236860697,0.18336199999999997,0.320759,-0.86273,-0.04982799999999998,-0.127583,-0.906296,0.23318999999999995,0.448342,0.043565999999999994,0.06434000000000001,0.9587722419644735,0.06434000000000001,0.9356599999999999,0.041227758035526474,-0.86273
925,3.854167,walk,0.424445,-1.506846,0.906548,0.008969,-0.01461,-0.302334,-0.36861051115911975,-0.33693304535637747,0.1024718022558401,0.07497601113081427,-0.1001913462834391,0.41920095939087304,-0.46148308135351473,-0.28461723062159483,0.0703143748500156,-0.009119270458372868,-0.02375809935207002,-0.004319654427645986,0.18297499999999994,0.32097699999999985,-0.8628640000000001,-0.04833000000000004,-0.1262780000000001,-0.906741,0.23130499999999998,0.44725499999999996,0.043876999999999944,0.06123000000000001,0.9569797272307687,0.06123000000000001,0.93877,0.04302027276923126,-0.8628640000000001
926,3.858333,walk,0.42351,-1.508369,0.907233,0.009204,-0.014515,-0.304369,-0.22443590974555774,-0.36557849255883856,0.16442630820929355,-0.08225358389297162,-0.06426036960234213,1.0273425481339853,-0.486317810849716,-0.3108497359577558,0.05112818050887952,-0.004560729716752455,-0.02976476236198022,-0.00336053768602967,0.181884,0.32120499999999996,-0.863336,-0.04741400000000001,-0.12487899999999996,-0.9074399999999999,0.229298,0.4460839999999999,0.04410399999999992,0.05896000000000007,0.9495015251178136,0.05896000000000007,0.9410399999999999,0.050498474882186395,-0.863336
927,3.8625,walk,0.42212,-1.509765,0.907713,0.009215,-0.014739,-0.305131,-0.333573314134885,-0.33501319894408843,0.11519078473723492,-0.03353395831814766,0.10587375442038768,0.38349178802326067,-0.5161987041036986,-0.346052315814737,0.018958483321335803,-0.007679385649142777,-0.02255819534438272,-0.0002399808015358874,0.18112299999999998,0.321159,-0.863737,-0.046055999999999986,-0.12357700000000005,-0.907921,0.22717899999999996,0.444736,0.044184,0.05815999999999999,0.9602821502509159,0.05815999999999999,0.94184,0.0397178497490841,-0.863737
928,3.866667,walk,0.420673,-1.511061,0.908018,0.010145,-0.014832,-0.306059,-0.3472522198223873,-0.3110151187904691,0.073194144468438,-0.4334284506869282,-0.08740860148127784,0.4755137029675852,-0.5327573794096148,-0.3513318934484811,-0.008399328053755262,0.00191984641228882,-0.014158867290623387,-0.004079673626109664,0.18034999999999995,0.320991,-0.864077,-0.044601,-0.12234000000000012,-0.908243,0.22495099999999996,0.44333100000000014,0.04416600000000004,0.05834,0.9752342603305024,0.05834,0.9416599999999999,0.024765739669497577,-0.864077
929,3.870833,walk,0.418591,-1.512358,0.908415,0.009027,-0.013867,-0.3048,-0.4997599615938481,-0.31132981277005956,0.09529524723955109,0.6457977032419239,-0.28588814242098864,-0.6417514645666067,-0.574891982717201,-0.3768602976476304,-0.03240518482957261,0.0031204992798811544,-0.0028804608737159508,0.00768122899663925,0.18003700000000006,0.32071800000000006,-0.864609,-0.04250599999999999,-0.12105499999999991,-0.908608,0.22254300000000005,0.44177299999999997,0.04399900000000001,0.06001000000000006,0.9853716552258258,0.06001000000000006,0.9399899999999999,0.014628344774174185,-0.864609
930,3.875,walk,0.417622,-1.513792,0.908906,0.009542,-0.013945,-0.306128,-0.23254139668827498,-0.344132469402448,0.11783057355412566,-0.23982673767837878,-0.03106132487501251,0.673255949542284,-0.5977921766259022,-0.4026877849772366,-0.036237101031918705,-0.0014398848092167685,0.0007199424046017234,-0.0004799616030717748,0.17851500000000003,0.3204739999999999,-0.865251,-0.041543,-0.119618,-0.9091009999999999,0.22005800000000003,0.4400919999999999,0.043849999999999945,0.0615,0.9972002239820834,0.0615,0.9385,0.0027997760179165887,-0.865251
931,3.879167,walk,0.416274,-1.515143,0.909409,0.009206,-0.014424,-0.306676,-0.32349412047038095,-0.324214062874956,0.1207103431725592,0.0859601455465498,0.2719192330900846,0.2725038213312389,-0.6234701223902347,-0.43340532757380773,-0.053995680345573865,-0.005519558435324285,0.00287976961846018,0.0038396928245742114,0.17726500000000006,0.32001899999999983,-0.865979,-0.040217999999999976,-0.118255,-0.9095880000000001,0.21748300000000004,0.43827399999999983,0.04360900000000001,0.06391000000000002,0.9878091747426996,0.06391000000000002,0.93609,0.01219082525730042,-0.865979
932,3.883333,walk,0.414906,-1.516442,0.909852,0.009235,-0.014911,-0.307125,-0.3283725396063233,-0.31180988958236333,0.10633701392221773,-0.082511882181826,0.22126291774732326,0.225561672452391,-0.6327412385981782,-0.4524723955832604,-0.06313010081613037,-0.0019203072491617336,0.0014402304368579754,0.009121459433509106,0.17599699999999996,0.3194330000000001,-0.866685,-0.038858000000000004,-0.11694999999999989,-0.9099929999999999,0.21485499999999996,0.43638299999999997,0.0433079999999999,0.06692000000000004,0.9842799786330734,0.06692000000000004,0.9330799999999999,0.01572002136692663,-0.866685
933,3.8875,walk,0.413482,-1.517662,0.910338,0.008934,-0.015224,-0.30757,-0.3417326613870636,-0.292776577873752,0.11663066954642592,0.09386164794445298,0.19033019319725258,0.22120578381085507,-0.6755459563234292,-0.4634029277657277,-0.082553395728336,-0.004559635229179287,0.0016798656107194136,0.0019198464122869012,0.17460600000000004,0.31872200000000017,-0.867515,-0.037453000000000014,-0.11572300000000002,-0.910471,0.21205900000000005,0.4344450000000002,0.042955999999999994,0.07044,0.9912920802107728,0.07044,0.9295599999999999,0.008707919789227248,-0.867515
934,3.891667,walk,0.411494,-1.518993,0.910872,0.008882,-0.015176,-0.306225,-0.47708183345334304,-0.3194144468442601,0.1281497480201725,0.022867379619379475,-0.023187135741415833,-0.6785396697436533,-0.6736261099112388,-0.49196064314859633,-0.07007439404847947,-0.0007199424046017234,0.0009599232061711556,0.0009599232061435561,0.17378700000000002,0.31800300000000004,-0.868341,-0.035468,-0.11438799999999993,-0.9110010000000001,0.20925500000000002,0.43239099999999997,0.04266000000000003,0.07340000000000008,0.9974389551885876,0.07340000000000008,0.9265999999999999,0.002561044811412394,-0.868341
935,3.895833,walk,0.41064,-1.520257,0.911328,0.007598,-0.015553,-0.307517,-0.20499279884781518,-0.3034085453672341,0.10945751320211221,0.5389385891647158,0.36953855126303303,0.6399676329216601,-0.7126740278444355,-0.5115218434949704,-0.10489678348535476,-0.0129620739318417,0.007681228996646934,0.008161305808929202,0.17167200000000005,0.31713599999999986,-0.8692340000000001,-0.03466800000000003,-0.11309199999999997,-0.911423,0.20634000000000008,0.43022799999999983,0.04218899999999992,0.07811000000000007,0.9714409212712625,0.07811000000000007,0.9218899999999999,0.02855907872873753,-0.8692340000000001
936,3.9,walk,0.409247,-1.52156,0.911829,0.006876,-0.015813,-0.30763,-0.3342932565394867,-0.3126949844012752,0.12023038156947362,0.29202646221904655,0.22596127783540906,0.05042709782711321,-0.7129829613631372,-0.5473962083033553,-0.08495320374370442,-0.008399328053744501,0.0038396928245780495,0.009599232061435524,0.17009399999999997,0.31615799999999994,-0.870089,-0.033310000000000006,-0.1117729999999999,-0.911884,0.20340399999999997,0.42793099999999984,0.04179500000000003,0.08205000000000001,0.9777990735359218,0.08205000000000001,0.91795,0.02220092646407823,-0.870089
937,3.904167,walk,0.40785,-1.522775,0.912271,0.006413,-0.016076,-0.307695,-0.3352531797456088,-0.29157667386606484,0.10607151427886406,0.17299964009760307,0.1888324292817199,0.028546087270183082,-0.7520998320133859,-0.5548356131508828,-0.12359011279096957,-0.006959443244540312,0.0035997120230082335,0.0033597312215020757,0.16835700000000003,0.31506100000000004,-0.8710460000000001,-0.03194199999999997,-0.11054300000000006,-0.912312,0.200299,0.4256040000000001,0.041265999999999914,0.08734000000000003,0.985791280962879,0.08734000000000003,0.91266,0.014208719037120954,-0.8710460000000001
938,3.908333,walk,0.40633,-1.523575,0.912768,0.007667,-0.015488,-0.308108,-0.36485837734039517,-0.1920307249159806,0.11929908785405882,-0.48308256158831475,-0.4514776699931103,0.21990394158972273,-0.7647623619779824,-0.5748919827173156,-0.12097935669708051,-0.00984157465194827,0.0026404224675910027,0.008881421027365081,0.16669099999999998,0.3134659999999998,-0.872047,-0.030463000000000018,-0.10973200000000016,-0.912772,0.197154,0.42319799999999996,0.04072500000000001,0.09275000000000005,0.9774717423182848,0.09275000000000005,0.9072499999999999,0.02252825768171518,-0.872047
939,3.9125,walk,0.405065,-1.52492,0.913378,0.004942,-0.015758,-0.308031,-0.3035757139428699,-0.32277417806577147,0.146388288936876,1.2037076867591594,0.5256654919962962,-0.06217098563938123,-0.7909767218621946,-0.5994720422365579,-0.13246940244779537,-0.005039596832251492,0.0016798656107727,0.004319654427645525,0.16466000000000003,0.31231300000000006,-0.873209,-0.029218999999999995,-0.10837999999999992,-0.9133640000000001,0.19387900000000002,0.420693,0.04015500000000005,0.09844999999999998,0.9885886388147389,0.09844999999999998,0.9015500000000001,0.011411361185261093,-0.873209
940,3.916667,walk,0.403706,-1.526179,0.913859,0.00402,-0.015825,-0.307801,-0.3261339092872717,-0.3021358291336589,0.11543076553875106,0.40948390090726766,0.16576498063918904,-0.12367167957954175,-0.8276937844972865,-0.6052315814734889,-0.14398848092153366,-0.003119750419976326,-0.0011999040076873012,0.004799616030717761,0.16257,0.31105000000000005,-0.87429,-0.027873000000000037,-0.10712600000000005,-0.913825,0.19044300000000003,0.4181760000000001,0.03953499999999999,0.10465000000000002,0.9902519337597242,0.10465000000000002,0.89535,0.009748066240275799,-0.87429
941,3.920833,walk,0.402297,-1.527311,0.914334,0.003072,-0.015964,-0.307463,-0.3382141142582705,-0.2717234757561454,0.11401824291886467,0.41005848811882073,0.20207780265728498,-0.17809030456919706,-0.8293326932308909,-0.6298607777244623,-0.12001920307248842,-0.0014402304368579754,-0.0004800768123037582,0.004080652904464603,0.160524,0.309558,-0.875265,-0.026469999999999994,-0.10599599999999998,-0.914283,0.186994,0.415554,0.039018,0.10982000000000003,0.9927434961004935,0.10982000000000003,0.89018,0.0072565038995064945,-0.875265
942,3.925,walk,0.400957,-1.528385,0.914841,0.002211,-0.016256,-0.307477,-0.3215742740580919,-0.25773938084954845,0.1216702663787037,0.3501783252126951,0.2604730151471555,0.0003984196303864402,-0.8579313654907986,-0.6484281257499653,-0.13726901847852704,-0.0033597312215057932,0.0007199424046017234,0.005759539236861313,0.158289,0.30793000000000004,-0.876344,-0.025144,-0.10491899999999998,-0.914766,0.183433,0.412849,0.038421999999999956,0.11578,0.9888223433225463,0.11578,0.88422,0.01117765667745374,-0.876344
943,3.929167,walk,0.399534,-1.529597,0.91529,0.000195,-0.016162,-0.306782,-0.34149268058553417,-0.2908567314614632,0.10775137988961012,0.9292837418228792,0.2520670353211307,-0.36679123912543543,-0.8850491960642668,-0.6508279337652173,-0.1315094792416543,-0.003599712023034877,0.0,0.004079673626109664,0.156024,0.3064300000000002,-0.877341,-0.02373599999999998,-0.103707,-0.9151980000000001,0.17975999999999998,0.4101370000000002,0.03785700000000003,0.1214300000000001,0.9909320981931448,0.1214300000000001,0.8785699999999999,0.009067901806855239,-0.877341
944,3.933333,walk,0.398381,-1.530821,0.915878,-0.000998,-0.016155,-0.306583,-0.2767642822851617,-0.29380700912142543,0.1411425828132275,0.5445289219419696,0.17199829730935015,-0.10944990350714051,-0.9001440230436698,-0.6625060009601584,-0.1485837734037392,-0.004320691310613901,0.0012001920307327459,0.005520883341334463,0.15342699999999998,0.304894,-0.878548,-0.022600999999999982,-0.10247800000000007,-0.915763,0.17602799999999996,0.40737200000000007,0.037215,0.12784999999999996,0.988145677396354,0.12784999999999996,0.87215,0.01185432260364605,-0.878548
945,3.9375,walk,0.397188,-1.531831,0.916402,-0.001518,-0.015979,-0.306702,-0.2862970962323144,-0.24238060955123625,0.12574994000482453,0.26436497008666127,-0.0036545631596551042,0.05553819054592924,-0.902087832973393,-0.6861051115910908,-0.11975041996640802,-0.0026397888168907483,0.0011999040076873012,0.005279577633789536,0.15086100000000002,0.303045,-0.8795710000000001,-0.021418999999999966,-0.10146300000000008,-0.916265,0.17228,0.4045080000000001,0.03669399999999989,0.13305999999999996,0.9899608828109661,0.13305999999999996,0.86694,0.010039117189033941,-0.8795710000000001
946,3.941667,walk,0.396051,-1.53284,0.916881,-0.003233,-0.015636,-0.306667,-0.2728581713463045,-0.24214062874972012,0.11495080393566548,0.8335661247815065,0.09571233930793448,-0.03130322988357953,-0.9400047996160878,-0.6868250539957458,-0.1509479241660747,-0.002879769618433537,0.0026397888168907483,0.004559635229181874,0.14808099999999996,0.3011919999999999,-0.880679,-0.02029399999999998,-0.10044300000000006,-0.9167249999999999,0.16837499999999994,0.40163499999999996,0.03604599999999991,0.13954000000000005,0.9899928037731409,0.13954000000000005,0.86046,0.010007196226859083,-0.880679
947,3.945833,walk,0.394958,-1.533767,0.917284,-0.005069,-0.015021,-0.306522,-0.262361977916462,-0.22251560249642266,0.09673547767643571,0.9282116296686028,-0.010821802751580808,-0.08819814427372834,-0.9685549687949566,-0.6973115698511416,-0.1337013922227508,-0.011281805088818523,0.0007201152184289877,0.0036005760921746523,0.14513900000000007,0.2992140000000001,-0.881639,-0.019247999999999987,-0.09951299999999996,-0.917113,0.16438700000000006,0.39872700000000005,0.035474000000000006,0.14525999999999994,0.9802261508141122,0.14525999999999994,0.85474,0.01977384918588776,-0.881639
948,3.95,walk,0.39383,-1.534737,0.917714,-0.007111,-0.014769,-0.306415,-0.27069834413244387,-0.23278137748976632,0.10319174466043082,0.9690168676379365,0.18538439198339862,-0.06788992894676014,-0.9700023998079805,-0.705543556515422,-0.13726901847851408,-0.013438924886008419,-0.0014398848092032936,0.0047996160307172495,0.14222499999999993,0.29724400000000006,-0.882641,-0.018176000000000025,-0.098549,-0.917523,0.16040099999999996,0.39579300000000006,0.03488199999999997,0.15117999999999998,0.9760954278897978,0.15117999999999998,0.84882,0.02390457211020225,-0.882641
949,3.954167,walk,0.392503,-1.535657,0.918022,-0.008088,-0.014454,-0.305922,-0.31845452363812893,-0.2207823374130247,0.07391408687304753,0.4885992311917195,0.0003675347789965398,-0.2561487968851622,-0.9916006719462688,-0.71466282697391,-0.12934965202784315,-0.014638828893683831,-0.0019198464122890248,0.006239500839933086,0.13942000000000004,0.29518599999999995,-0.883488,-0.01690999999999998,-0.09763699999999997,-0.917805,0.15633000000000002,0.3928229999999999,0.03431699999999993,0.15683000000000002,0.9732858499648149,0.15683000000000002,0.84317,0.02671415003518507,-0.883488
950,3.958333,walk,0.391049,-1.536543,0.918246,-0.010019,-0.014072,-0.304911,-0.3490158425347986,-0.21267402784443545,0.05376860297647524,0.9303307000459903,0.1107952517872914,-0.5225763987064511,-1.018722995679287,-0.7222755640901908,-0.12746039366298348,-0.01056168987037621,0.0014402304368579754,0.0036005760921746523,0.13663000000000003,0.2930630000000001,-0.884243,-0.015499999999999958,-0.09674500000000008,-0.918014,0.15213,0.38980800000000015,0.033770999999999995,0.16229000000000005,0.9812481330688856,0.16229000000000005,0.83771,0.018751866931114414,-0.884243
951,3.9625,walk,0.389591,-1.537349,0.918478,-0.011335,-0.013069,-0.303585,-0.3498920086393151,-0.19342452603794605,0.05567554595632843,0.7372483282424477,-0.2622921661800132,-0.6816395141808277,-1.0273578113751318,-0.7228221742260984,-0.13918886489081442,-0.002159827213831814,0.004799616030749205,0.003599712023038318,0.133807,0.29085700000000014,-0.885055,-0.014051000000000036,-0.09591899999999987,-0.918231,0.14785800000000004,0.386776,0.03317599999999998,0.16824,0.9893725859886069,0.16824,0.83176,0.01062741401139311,-0.885055
952,3.966667,walk,0.388269,-1.538386,0.918967,-0.01313,-0.013058,-0.302676,-0.3172546196304211,-0.24886009119267855,0.11735061195102757,0.8151838876641401,0.25978899323078875,-0.4658494970722923,-1.0544756419485821,-0.7312215022797783,-0.11951043916485916,-0.0028797696184332303,0.006479481641468107,0.0019198464122869077,0.13073500000000005,0.2888470000000001,-0.886042,-0.012741000000000002,-0.09485499999999991,-0.918712,0.14347600000000005,0.383702,0.03266999999999998,0.17329999999999995,0.9877567971642148,0.17329999999999995,0.8267,0.012243202835785172,-0.886042
953,3.970833,walk,0.386967,-1.539351,0.919367,-0.014259,-0.013279,-0.301793,-0.31253000480078563,-0.23163706192989897,0.09601536245801696,0.4771986584669786,0.2690898140059154,-0.44741232081735227,-1.0672107537206945,-0.7301968314930941,-0.121459433509371,-0.002400384061439098,0.007441190590469198,0.0036005760921750296,0.12759099999999995,0.28676999999999997,-0.8869480000000001,-0.011448999999999987,-0.09385900000000014,-0.919097,0.13903999999999994,0.3806290000000001,0.03214899999999998,0.17851,0.9856533676772367,0.17851,0.82149,0.014346632322763342,-0.8869480000000001
954,3.975,walk,0.385768,-1.540357,0.919848,-0.0153,-0.013798,-0.301138,-0.2877369810415005,-0.24142068634509267,0.11543076553873875,0.39563363019676656,0.39153377744541457,-0.32938916168675314,-1.0868730501559225,-0.7365010799135593,-0.11711063114950146,-0.00767938564915528,0.005279577633780934,0.002159827213822763,0.12426099999999995,0.28470700000000004,-0.887917,-0.010282000000000013,-0.09283100000000011,-0.919569,0.13454299999999997,0.37753800000000015,0.03165200000000001,0.18348000000000003,0.9840563703479744,0.18348000000000003,0.8165199999999999,0.01594362965202556,-0.887917
955,3.979167,walk,0.384513,-1.541254,0.92026,-0.015399,-0.013629,-0.300361,-0.301175905927541,-0.21526277897767376,0.0988720902327782,0.06277413840166793,-0.058944587184509574,-0.3929881507044349,-1.1000719942404922,-0.7377009839213251,-0.10631149508039817,-0.009839212862974591,0.004559635229179773,0.005039596832253642,0.12093200000000004,0.28252999999999995,-0.888772,-0.00906800000000002,-0.09191500000000019,-0.91996,0.13000000000000006,0.37444500000000014,0.031187999999999994,0.18812,0.980069710417881,0.18812,0.8118799999999999,0.019930289582118954,-0.888772
956,3.983333,walk,0.383433,-1.542137,0.920799,-0.015744,-0.013989,-0.300028,-0.25924147863656755,-0.21195391262605978,0.12938070091215853,0.10315766824725958,0.21640357877535615,-0.1655988364638002,-1.1152184349495708,-0.7354776764281977,-0.1048967834853556,-0.009841574651933896,0.005520883341359971,0.0024003840614497726,0.11736599999999997,0.2803490000000002,-0.889748,-0.008029000000000008,-0.0910089999999999,-0.920489,0.12539499999999998,0.3713580000000001,0.03074100000000002,0.19259000000000004,0.9807719397652404,0.19259000000000004,0.80741,0.019228060234759647,-0.889748
957,3.9875,walk,0.382299,-1.543046,0.9212,-0.016225,-0.014161,-0.29935,-0.2721382289417028,-0.21814254859608065,0.09623230141588746,0.18932527447819755,0.1517630295598723,-0.3413649400694874,-1.1447084233261853,-0.7290616750660511,-0.1144708423326182,-0.006959443244541054,0.007919366450672245,0.004079673626110092,0.11373,0.2782199999999999,-0.890626,-0.006923999999999986,-0.09006700000000012,-0.920873,0.12065399999999998,0.36828700000000003,0.030247000000000024,0.19753000000000004,0.9811590021385397,0.19753000000000004,0.80247,0.018840997861460318,-0.890626
958,3.991667,walk,0.381155,-1.543873,0.921517,-0.016374,-0.014142,-0.298616,-0.2745380369570215,-0.19846412287019025,0.07607391408687122,0.06418302760530498,0.016875213969455734,-0.36997025268868083,-1.1370290376769214,-0.7369810415166448,-0.08759299256059,-0.005759539236866461,0.0059995200383825805,0.0031197504199662234,0.11013599999999996,0.275976,-0.891308,-0.005804000000000031,-0.08921500000000004,-0.921177,0.11593999999999999,0.36519100000000004,0.029869000000000034,0.20131000000000004,0.9851957799189595,0.20131000000000004,0.7986899999999999,0.014804220081040542,-0.891308
959,3.995833,walk,0.380039,-1.544711,0.921894,-0.016778,-0.013964,-0.297856,-0.2678828612577953,-0.20115218434946505,0.09049447911664675,0.20358063798001927,-0.01922457135844192,-0.38566638107494655,-1.169467114738323,-0.7388382141142175,-0.09049447911665591,-0.005520883341333322,0.007681228996646934,0.002640422467594742,0.10637999999999997,0.273736,-0.892062,-0.004711000000000021,-0.08834500000000012,-0.921543,0.111091,0.3620810000000001,0.02948099999999998,0.20519000000000004,0.9836315630136907,0.20519000000000004,0.79481,0.016368436986309298,-0.892062
960,4.0,walk,0.378939,-1.545577,0.922265,-0.017577,-0.013963,-0.297055,-0.2639788816894745,-0.2078233741300871,0.08903287736981694,0.3588696640799039,0.11864191693890758,-0.4058622814755775,-1.1629469642429178,-0.7293016558675672,-0.07151427885769457,-0.015598752099828344,0.004799616030749205,-0.002159827213822993,0.10263399999999995,0.271563,-0.892731,-0.0036760000000000126,-0.08745899999999995,-0.921923,0.10630999999999996,0.35902199999999995,0.029191999999999996,0.20808,0.972562078415889,0.20808,0.79192,0.027437921584110958,-0.892731
961,4.004167,walk,0.378006,-1.546329,0.922507,-0.017848,-0.014075,-0.296385,-0.2239020878329877,-0.18046556275500847,0.05807535397167639,0.10200130187478955,0.09425141939240643,-0.3366451531334002,-1.1979841612671525,-0.7293016558675672,-0.0729541636669105,-0.0052795776337948176,0.006719462442984944,0.006239500839933086,0.09857499999999997,0.26927600000000007,-0.893277,-0.0027650000000000174,-0.08667899999999995,-0.9221389999999999,0.10133999999999999,0.355955,0.028861999999999943,0.21138,0.9823650846452054,0.21138,0.78862,0.017634915354794556,-0.893277
962,4.008333,walk,0.376788,-1.547092,0.922799,-0.018977,-0.013862,-0.295546,-0.29236677868454963,-0.18314930388856096,0.0700912145943425,0.540080421782568,0.0685689859658189,-0.42832323171848935,-1.1987518002878852,-0.7174747959672366,-0.06913106096974592,0.0009601536245807644,0.000480076812303707,-0.0012001920307247583,0.09479899999999997,0.26705,-0.893857,-0.0015430000000000166,-0.08591400000000005,-0.922436,0.09634199999999998,0.35296400000000006,0.02857900000000002,0.21421,0.9973162890332381,0.21421,0.78579,0.0026837109667618986,-0.893857
963,4.0125,walk,0.375693,-1.547714,0.922929,-0.018897,-0.013329,-0.29486,-0.2627789776818005,-0.14926805855535177,0.031197504199656688,0.03234973947158328,-0.25089449869117364,-0.35026343043957064,-1.1991840652748265,-0.7077033837293557,-0.054715622750182255,-0.006239500839926008,0.0011999040076873012,0.0004799616030717748,0.090897,0.26472300000000004,-0.894215,-0.00047399999999997444,-0.08528699999999989,-0.922564,0.09137099999999998,0.35000999999999993,0.02834900000000007,0.21651000000000004,0.9893801151529149,0.21651000000000004,0.78349,0.010619884847085093,-0.894215
964,4.016667,walk,0.374726,-1.548486,0.923216,-0.019568,-0.013422,-0.294075,-0.23206143508520274,-0.1852651787857044,0.06887449004080881,0.2874034120781248,0.14326789845054727,-0.39548792323612464,-1.2476601871850843,-0.7261819054475909,-0.07823374130069949,-0.0074394048476133096,-0.004319654427663628,-0.0002399808015358809,0.08666499999999999,0.26246900000000006,-0.8948280000000001,0.00046200000000001795,-0.08453299999999997,-0.922852,0.08620299999999997,0.34700200000000003,0.028023999999999938,0.21976,0.9856568105935031,0.21976,0.78024,0.014343189406496926,-0.8948280000000001
965,4.020833,walk,0.37386,-1.549054,0.923018,-0.018406,-0.012408,-0.293091,-0.20787325972156662,-0.1363418146903377,-0.047527604416717995,-0.39938835807758805,-0.6221197081672256,-0.5012661476601177,-1.2237157945272192,-0.6963514162266616,-0.060969755160830745,-0.006000960153624394,-0.001440230436858129,-0.005520883341335055,0.08243299999999998,0.2601359999999999,-0.894884,0.0013029999999999986,-0.08397100000000002,-0.922677,0.08112999999999998,0.34410699999999994,0.027792999999999957,0.22207000000000005,0.9861992412300717,0.22207000000000005,0.77793,0.013800758769928256,-0.894884
966,4.025,walk,0.373032,-1.549781,0.923272,-0.019583,-0.012329,-0.292687,-0.1987041036716852,-0.17446604271658805,0.06095512359009694,0.5477759131802604,0.13229694408960688,-0.20725449230105272,-1.279337652987554,-0.6846652267817415,-0.060715142788566684,-0.004319654427649385,-0.0057595392368658465,-0.004319654427645066,0.07793,0.2580100000000001,-0.8953909999999999,0.0021130000000000315,-0.0832679999999999,-0.922949,0.07581699999999997,0.34127799999999997,0.027558000000000082,0.22442,0.9860068349055708,0.22442,0.7755799999999999,0.01399316509442916,-0.8953909999999999
967,4.029167,walk,0.371547,-1.550432,0.923794,-0.021117,-0.012757,-0.292108,-0.35637149028078385,-0.15622750179985287,0.12526997840173898,0.6389556237109772,0.41648406768393725,-0.2902315554389957,-1.228701703863737,-0.6820254379649966,-0.037676985841134644,0.004079673626107516,0.006479481641468798,-0.007199424046076636,0.074295,0.255819,-0.89607,0.0036149999999999793,-0.08258999999999994,-0.923501,0.07068000000000002,0.33840899999999996,0.027430999999999983,0.22569000000000006,0.9824834105747886,0.22569000000000006,0.7743099999999999,0.017516589425211393,-0.89607
968,4.033333,walk,0.37049,-1.551063,0.923984,-0.021314,-0.012501,-0.291449,-0.2537205952952746,-0.15146423427750796,0.04560729716755606,0.12025668199916503,-0.08441825846895341,-0.33432024445725544,-1.1889102256362056,-0.6941910705713211,0.031685069611140336,-0.0026404224675910027,0.013442150744133567,0.007201152184350059,0.07039899999999999,0.25355800000000017,-0.896128,0.004661000000000026,-0.08190299999999984,-0.9236610000000001,0.06573799999999996,0.335461,0.02753300000000003,0.22467000000000004,0.9742059524406663,0.22467000000000004,0.77533,0.025794047559333677,-0.896128
969,4.0375,walk,0.369545,-1.551645,0.924099,-0.021543,-0.01202,-0.290789,-0.22678185745140791,-0.13966882649385337,0.027597792176621425,0.1663624511692218,-0.18319209286221985,-0.33747250832897396,-1.2903767698584618,-0.65082793376534,-0.055675545956325935,-0.0019198464122890248,0.006959443244501089,0.0011999040076794436,0.065967,0.251428,-0.896475,0.005597999999999992,-0.08129200000000014,-0.923771,0.060369000000000006,0.3327200000000001,0.027295999999999987,0.22704000000000002,0.9878026152452604,0.22704000000000002,0.77296,0.012197384754739637,-0.896475
970,4.041667,walk,0.368751,-1.552277,0.923984,-0.020604,-0.011381,-0.290116,-0.1905447564194586,-0.15166786657064077,-0.027597792176615545,-0.3481734948480376,-0.418784313317539,-0.342662320193507,-1.2479001679863613,-0.6551475881928639,0.0021598272138230274,-0.006719462443010154,0.005039596832264276,0.0026397888168942056,0.06156099999999998,0.24932999999999983,-0.896351,0.006363999999999981,-0.08063900000000013,-0.923645,0.055196999999999996,0.32996899999999996,0.02729400000000004,0.22705999999999998,0.985326024855719,0.22705999999999998,0.77294,0.014673975144281037,-0.896351
971,4.045833,walk,0.367989,-1.552875,0.924104,-0.020751,-0.011002,-0.289901,-0.18290926548248806,-0.14354296687473495,0.028804608737402423,0.11847454321996286,-0.15183121130169744,-0.1124918861035815,-1.189150264042331,-0.6687469995199654,0.038166106577055214,-0.0069611137782053635,0.004560729716752941,0.0014402304368700092,0.057369,0.24714199999999997,-0.896312,0.0070969999999999644,-0.08002200000000004,-0.923759,0.05027200000000004,0.327164,0.027447,0.22553,0.9859236581166917,0.22553,0.77447,0.014076341883308308,-0.896312
972,4.05,walk,0.367091,-1.553548,0.92427,-0.020678,-0.011088,-0.289781,-0.2155027597792299,-0.16150707943363435,0.0398368130549573,-0.04649083038979513,0.030334708637203563,-0.0590116877669435,-1.2323014158867855,-0.6337892968562548,0.012479001679866172,-0.008639308855287289,0.004319654427663628,-0.004079673626110092,0.05313200000000001,0.245174,-0.8964260000000001,0.007958999999999994,-0.07933100000000004,-0.923942,0.04517300000000002,0.32450500000000004,0.027515999999999985,0.22483999999999998,0.9825245562155335,0.22483999999999998,0.7751600000000001,0.017475443784466527,-0.8964260000000001
973,4.054167,walk,0.365665,-1.554122,0.924752,-0.021952,-0.011677,-0.289521,-0.3422126229901723,-0.13774898008161762,0.11567074634029384,0.5013180674114418,0.4500253689507666,-0.12645381371991204,-1.3014158867291237,-0.6189104871610815,-0.03263738900888095,-0.040316774658029554,0.01871850251980467,-0.03263738900888078,0.049134999999999984,0.24316899999999997,-0.8970440000000001,0.009216999999999975,-0.07867899999999994,-0.92456,0.03991800000000001,0.3218479999999999,0.027515999999999985,0.22484000000000004,0.9080908688986888,0.22484000000000004,0.77516,0.09190913110131116,-0.8970440000000001
974,4.058333,walk,0.364723,-1.554723,0.924902,-0.022359,-0.01128,-0.289304,-0.2261161785885435,-0.14426308209313327,0.03600576092173869,0.24028040599554187,-0.12385144383347146,-0.11462522685334935,-1.175948151704112,-0.6128180508880666,0.058569371099368335,-0.015842534805569287,0.0028804608737156437,-0.000960153624579808,0.045177999999999996,0.24121700000000001,-0.89695,0.010092999999999963,-0.07806599999999997,-0.924714,0.03508500000000003,0.319283,0.02776400000000001,0.22236,0.9731152222493081,0.22236,0.77764,0.02688477775069187,-0.89695
975,4.0625,walk,0.363899,-1.5553,0.924925,-0.022285,-0.010768,-0.288786,-0.19774418046558304,-0.13846892248616607,0.005519558435324285,0.03254252694744738,-0.24075550731487413,-0.26577298822444434,-1.238300935925182,-0.6105111591072704,0.02231821454283743,0.01607871370291392,0.004559635229179773,0.008159347252220199,0.040842000000000045,0.23924999999999996,-0.89688,0.01098400000000005,-0.07747000000000015,-0.9247029999999999,0.029857999999999996,0.3167200000000001,0.02782299999999993,0.22177000000000002,0.9690031249179963,0.22177000000000002,0.77823,0.03099687508200366,-0.89688
976,4.066667,walk,0.362867,-1.555847,0.925076,-0.022376,-0.010559,-0.288596,-0.24766018718503108,-0.13126949844014882,0.036237101031922035,0.06917870632673498,-0.08165517452484983,-0.09788447475850408,-1.279097672186284,-0.5857931365491358,-0.019198464122871097,-0.005759539236867074,0.007439404847639953,0.0002399808015358874,0.03654400000000002,0.2373559999999999,-0.897111,0.011992000000000003,-0.07689199999999996,-0.924853,0.024552000000000018,0.31424799999999986,0.027742000000000044,0.22258,0.9843143176136462,0.22258,0.77742,0.015685682386353816,-0.897111
977,4.070833,walk,0.361933,-1.556424,0.925228,-0.022681,-0.010305,-0.288493,-0.22419587133938196,-0.1385021603456487,0.036485837734042396,0.17452551496556298,-0.07348529758167024,-0.05534354102089941,-1.218674987997916,-0.5866538646182341,0.027604416706669493,-0.002880460873742293,0.005760921747484586,-0.0007201152184348511,0.03240100000000001,0.23548900000000006,-0.8971480000000001,0.012913999999999981,-0.07629099999999989,-0.925008,0.019487000000000032,0.31177999999999995,0.027859999999999996,0.22140000000000004,0.9891982717234665,0.22140000000000004,0.7786,0.010801728276533473,-0.8971480000000001
978,4.075,walk,0.360978,-1.556954,0.925267,-0.022583,-0.009815,-0.2883,-0.22918166546676919,-0.12718982481400135,0.009359251259875691,0.02116485352775705,-0.23689575652739409,-0.10251375957376704,-1.1660667146628807,-0.580513558915301,0.08831293496520688,-0.002399808015361281,0.005039596832212064,0.0019198464122871057,0.028496999999999995,0.23360000000000003,-0.8968189999999999,0.013858999999999955,-0.07574000000000014,-0.925039,0.01463800000000004,0.30934000000000017,0.028220000000000023,0.2178,0.9901620879320234,0.2178,0.7822,0.009837912067976573,-0.8968189999999999
979,4.079167,walk,0.360054,-1.557426,0.925295,-0.022303,-0.009397,-0.288318,-0.2217422606191692,-0.11327093832494589,0.0067194624430115864,-0.07078085688220578,-0.23100972038418952,0.004227848728667301,-1.257259419246516,-0.5466762658987536,-0.009599232061435965,-0.0011999040076739796,0.005279577633834783,0.003839692824574205,0.024182000000000037,0.23179400000000006,-0.896887,0.014778000000000013,-0.07524599999999992,-0.925051,0.009404000000000023,0.30704,0.028163999999999967,0.21836000000000005,0.9889374316566572,0.21836000000000005,0.7816399999999999,0.011062568343342849,-0.896887
980,4.083333,walk,0.359173,-1.557999,0.925419,-0.022521,-0.009269,-0.288336,-0.21147383581373858,-0.1375420067210706,0.02976476236198339,0.11807505947729251,-0.028799247425599396,0.007163535714357347,-1.2081132981277984,-0.5643302928468983,0.03600576092175053,-0.010081613058086851,0.009121459433505882,-0.006961113778205064,0.020029999999999992,0.230016,-0.896861,0.015616999999999992,-0.074635,-0.925204,0.004413,0.304651,0.028343000000000007,0.21657000000000004,0.9745432256842224,0.21657000000000004,0.78343,0.02545677431577764,-0.896861
981,4.0875,walk,0.358313,-1.558536,0.925442,-0.022369,-0.008732,-0.288261,-0.20638348932082634,-0.12886969042474675,0.005519558435323109,0.003813612145951278,-0.26707565119392424,-0.04387556822401043,-1.1523878089750959,-0.5423566114710276,0.09791216702662114,-0.006479481641467416,0.004079673626093325,-0.00023998080153583626,0.01608799999999999,0.22829299999999986,-0.8964759999999999,0.01645000000000002,-0.07408100000000006,-0.9252279999999999,0.00036200000000002897,0.3023739999999999,0.028752,0.21248,0.9872323096556341,0.21248,0.78752,0.012767690344365867,-0.8964759999999999
982,4.091667,walk,0.357469,-1.55906,0.925528,-0.022275,-0.008252,-0.288456,-0.20254379649629228,-0.1257499400047979,0.020638348932093695,0.024597828831892293,-0.23541374843949817,0.09202642871212545,-1.181185505159637,-0.5255579553635743,0.05111591072714449,-0.008639308855300612,0.0014398848092034469,0.008639308855291973,0.01201000000000002,0.2266269999999999,-0.8963490000000001,0.017257999999999996,-0.07355100000000014,-0.925278,0.005247999999999975,0.30017800000000006,0.028928999999999983,0.21071,0.9794960313287229,0.21071,0.78929,0.02050396867127713,-0.8963490000000001
983,4.095833,walk,0.356611,-1.559514,0.925525,-0.021721,-0.007715,-0.288587,-0.20595295247240467,-0.10897743638987337,-0.0007201152184290645,-0.179449802096385,-0.3247952647108811,0.05983555300613572,-1.1898703792607734,-0.5283245319251786,0.04944791166587077,0.015842534805572666,0.0007201152184290645,-0.01200192030725011,0.007911000000000001,0.22487999999999997,-0.89614,0.018181999999999976,-0.07309399999999999,-0.9253250000000001,0.010270999999999975,0.29797399999999996,0.029185000000000016,0.20815,0.9668525781941417,0.20815,0.7918499999999999,0.03314742180585828,-0.89614
984,4.1,walk,0.355852,-1.559971,0.925548,-0.0213,-0.007415,-0.288802,-0.18214542836574138,-0.10967122630188399,0.005519558435324285,-0.1505088417910097,-0.19818056008586996,0.10454511403721303,-1.1658267338613513,-0.5133189344852385,0.06095512359011492,0.0014398848092167685,0.003119750419976326,0.0009599232061435496,0.003811999999999982,0.223198,-0.8959090000000001,0.01894699999999999,-0.07262400000000002,-0.925344,0.01513500000000001,0.29582200000000003,0.02943499999999999,0.20565,0.9940540481772029,0.20565,0.79435,0.005945951822797113,-0.8959090000000001
985,4.104167,walk,0.355067,-1.560466,0.925611,-0.02124,-0.00708,-0.289129,-0.18838492920562724,-0.1187904967602182,0.015118790496739544,0.02100768683084503,-0.16521486024336463,0.1601751703365686,-1.1538276937842988,-0.4972402207822718,0.05735541156706494,-0.0021598272138180314,0.007439404847638368,0.006719462443003435,-0.00021100000000001673,0.22162099999999985,-0.895733,0.01972299999999999,-0.072098,-0.925379,0.019934000000000007,0.29371899999999984,0.02964599999999995,0.20354000000000005,0.9829086788102892,0.20354000000000005,0.79646,0.017091321189710795,-0.895733
986,4.108333,walk,0.354287,-1.560976,0.925632,-0.021029,-0.006807,-0.289537,-0.18722995679310242,-0.12241958713395364,0.00504080652905675,-0.056480174155709655,-0.15848270758350774,0.20148906319103477,-1.1425828132502074,-0.4927988478156561,0.06601056168987583,-0.0036005760921719717,0.003120499279841513,0.00048007681229000307,-0.004191,0.220078,-0.895479,0.020488000000000006,-0.07157500000000017,-0.925398,0.024679000000000006,0.29165300000000016,0.02991900000000003,0.20081000000000004,0.9920187480624365,0.20081000000000004,0.79919,0.007981251937563494,-0.895479
987,4.1125,walk,0.353555,-1.561485,0.925666,-0.020753,-0.006599,-0.289914,-0.17566594672427258,-0.12215022798178929,0.008159347252215033,-0.09554479777711118,-0.13734070830185538,0.18682064375405807,-1.1384689224862594,-0.48404127669792407,0.06935445164387191,-0.005519558435337607,0.003119750419976326,0.003119750419966543,-0.008203000000000016,0.21856999999999993,-0.895224,0.021196999999999966,-0.07105300000000003,-0.925419,0.02939999999999998,0.28962299999999996,0.030194999999999972,0.19805,0.9882229966687746,0.19805,0.8019499999999999,0.011777003331225444,-0.895224
988,4.116667,walk,0.352844,-1.561962,0.925721,-0.020413,-0.006394,-0.290307,-0.17062634989202055,-0.11447084233263319,0.013198944084480383,-0.1252625123838705,-0.14501528487577314,0.19495765621484568,-1.1339092872570662,-0.47132229421644933,0.07127429805615844,-0.0059995200383965415,0.007199424046070521,0.005759539236861311,-0.012216999999999978,0.21708300000000014,-0.894982,0.021882999999999986,-0.070546,-0.92545,0.034099999999999964,0.28762900000000013,0.03046799999999994,0.19532000000000005,0.9816668000378181,0.19532000000000005,0.80468,0.018333199962181856,-0.894982
989,4.120833,walk,0.352194,-1.562477,0.925839,-0.020309,-0.006285,-0.290876,-0.1560249639942143,-0.12361977916460686,0.028324531925092575,-0.02917173944763839,-0.06961401478733405,0.28413862690589514,-1.1024963994237633,-0.46255400864132357,0.0720115218434857,0.0004800768122903822,0.0028804608737689427,0.0012001920307247583,-0.016160000000000008,0.21567099999999995,-0.8947999999999999,0.02253499999999997,-0.07001900000000005,-0.9255629999999999,0.03869499999999998,0.28569,0.030762999999999985,0.19236999999999999,0.9947379795014896,0.19236999999999999,0.8076300000000001,0.0052620204985104335,-0.8947999999999999
990,4.125,walk,0.351482,-1.562971,0.92591,-0.020016,-0.006213,-0.291475,-0.17086633069355,-0.11855051595878066,0.017038636909058432,-0.12094049539392948,-0.07926820858338617,0.2997511788901087,-1.0950323974082534,-0.4586033117350812,0.07751379889609195,-0.0011999040076739796,0.002399808015321316,0.002159827213822993,-0.020011,0.21425400000000017,-0.894548,0.023241999999999985,-0.069515,-0.925625,0.043252999999999986,0.28376900000000016,0.03107700000000002,0.18923,0.9942593792119466,0.18923,0.81077,0.005740620788053374,-0.894548
991,4.129167,walk,0.350786,-1.563435,0.925915,-0.019805,-0.005946,-0.291871,-0.16702663786898528,-0.11135109191260358,0.0011999040076873012,-0.057213164339327126,-0.1555355191590543,0.1959205694791158,-1.0849532037437495,-0.44876409887211993,0.07151427885769457,0.0009599232061445124,0.003119750419976326,-0.0002399808015358809,-0.02383599999999997,0.21284799999999993,-0.894255,0.02394200000000002,-0.06903800000000015,-0.9256310000000001,0.04777799999999999,0.2818860000000001,0.03137600000000007,0.18624000000000002,0.9945451637080928,0.18624000000000002,0.81376,0.005454836291907239,-0.894255
992,4.133333,walk,0.350125,-1.563894,0.925948,-0.01966,-0.005939,-0.292291,-0.15866538646180475,-0.11017762842052946,0.007921267402771319,-0.0631963007698916,-0.027167443973052725,0.2106700488145105,-1.1116178588572674,-0.4366298607776696,0.017042726836291912,-0.002400384061451911,0.0033605376860193505,0.0009601536245798014,-0.027805999999999997,0.2114879999999999,-0.894217,0.024592999999999976,-0.06856500000000021,-0.92566,0.05239899999999997,0.2800530000000001,0.031443,0.18556999999999996,0.9929334606606552,0.18556999999999996,0.81443,0.007066539339344757,-0.894217
993,4.1375,walk,0.34938,-1.564307,0.925968,-0.019269,-0.005886,-0.292823,-0.1787856971442356,-0.09911207103432099,0.004799616030722562,-0.16901389828958285,-0.08375242959260126,0.2664916889854633,-1.069354451643921,-0.42788576913851006,0.03743700503959768,-0.0014398848092167685,0.004079673626147482,0.0009599232061435496,-0.03151700000000002,0.2101179999999998,-0.894081,0.025331999999999966,-0.06813500000000006,-0.925676,0.05684899999999998,0.27825299999999986,0.03159500000000004,0.18405000000000005,0.9926141167455541,0.18405000000000005,0.81595,0.007385883254445891,-0.894081
994,4.141667,walk,0.348718,-1.564719,0.926006,-0.01914,-0.005822,-0.293297,-0.15886729061677027,-0.09887209023280484,0.009119270458359545,-0.04754080818025497,-0.05147730372368994,0.23721111052746155,-1.0446364290857197,-0.4144468442524336,0.06767458603312151,0.011759059275263616,-0.0011999040076873012,0.01127909767218674,-0.03520799999999996,0.20880300000000007,-0.893837,0.02604300000000004,-0.06772800000000001,-0.925667,0.061251,0.2765310000000001,0.031830000000000025,0.18169999999999997,0.972769844689432,0.18169999999999997,0.8183,0.02723015531056805,-0.893837
995,4.145833,walk,0.348039,-1.565139,0.925997,-0.018624,-0.005796,-0.293819,-0.16298607777245294,-0.1008161305809218,-0.002160345655313843,-0.23027521158770037,-0.0889631180053651,0.26185070411463623,-1.018242918867105,-0.4219875180029495,0.06265002400384494,0.004080652904462456,-0.00024003840612525507,0.004800768122900044,-0.038771,0.207465,-0.893567,0.026739000000000013,-0.06730899999999984,-0.925638,0.06551000000000001,0.27477399999999985,0.03207099999999996,0.17929,0.9894911781592577,0.17929,0.82071,0.01050882184074231,-0.893567
996,4.15,walk,0.347357,-1.565559,0.92604,-0.018304,-0.005717,-0.294265,-0.1636669066474313,-0.10079193664501909,0.010319174466044648,-0.13322559685581428,-0.08498512262668696,0.22322976710823733,-1.0175185985119404,-0.4192464602830935,0.058075353971672336,0.003359731221505077,-0.0014398848092564264,0.004319654427645066,-0.042329000000000006,0.20613799999999993,-0.8933679999999999,0.027434999999999987,-0.06689500000000015,-0.925663,0.06976399999999999,0.2730330000000001,0.032295000000000074,0.17705000000000004,0.9905688935904522,0.17705000000000004,0.82295,0.009431106409547807,-0.8933679999999999
997,4.154167,walk,0.346719,-1.565992,0.926059,-0.017897,-0.005742,-0.294743,-0.15310775137990318,-0.10391168706507019,0.004559635229179773,-0.18765579479222502,-0.04983549435538197,0.24018775388045852,-0.9947204223662585,-0.4098872090233071,0.056635469162469615,-0.0002399808015427889,-0.002399808015321316,0.0016798656107512185,-0.04583599999999999,0.20486300000000002,-0.8931509999999999,0.028071999999999986,-0.06647199999999986,-0.9256749999999999,0.07390799999999997,0.2713349999999999,0.032524,0.17476000000000003,0.9951014124014914,0.17476000000000003,0.82524,0.004898587598508586,-0.8931509999999999
998,4.158333,walk,0.346035,-1.566403,0.926068,-0.01743,-0.005741,-0.295224,-0.16418626980318582,-0.09865578492558132,0.002160345655313843,-0.21152456372505604,-0.0702855941406142,0.24170474872298994,-0.9755160825732919,-0.3931829092655204,0.057369179068656274,-0.0026404224675910027,-0.0019203072491619383,0.0019203072491600123,-0.04921599999999998,0.20363599999999993,-0.892921,0.02874500000000002,-0.06606899999999993,-0.925676,0.077961,0.26970499999999986,0.03275500000000009,0.17244999999999994,0.9936870964002028,0.17244999999999994,0.82755,0.006312903599797193,-0.892921
999,4.1625,walk,0.345345,-1.566779,0.926055,-0.016813,-0.005754,-0.295797,-0.1655867530597552,-0.09023278137747759,-0.003119750419976326,-0.28175911716914237,-0.0858023632918966,0.2880417844393676,-0.9618430525558422,-0.38564914806815154,0.04463642908567486,0.0052795776337948176,0.006959443244501089,0.010559155267579085,-0.052534000000000025,0.20240499999999995,-0.892722,0.02945700000000001,-0.06566400000000017,-0.925619,0.08199100000000004,0.2680690000000001,0.032896999999999954,0.17103000000000002,0.9771597607627374,0.17103000000000002,0.82897,0.02284023923726264,-0.892722
1000,4.166667,walk,0.344741,-1.567131,0.926069,-0.016281,-0.005867,-0.296361,-0.14494840412764393,-0.08447324214064579,0.0033597312215183986,-0.2570087334394655,-0.02781900181011729,0.2846304297871565,-0.9474442044634859,-0.3842092632588662,0.040316774658020964,0.00071994240460157,0.008399328053756032,0.000959923206143345,-0.05587800000000004,0.2011560000000001,-0.892568,0.03006399999999998,-0.06527700000000003,-0.925629,0.08594200000000002,0.26643300000000014,0.03306100000000001,0.16939000000000004,0.9858589956566168,0.16939000000000004,0.83061,0.014141004343383168,-0.892568
1001,4.170833,walk,0.344087,-1.567498,0.92607,-0.015805,-0.005916,-0.296921,-0.15698511761884187,-0.0880940950552173,0.00024003840612525507,-0.22231159737958253,-0.04916959336593766,0.28206487836000255,-0.9212674027845205,-0.3850216034566222,0.04128660585694003,0.001200192030719549,0.00504080652905675,0.0019203072491600123,-0.059062,0.19991899999999996,-0.892397,0.030723,-0.06488899999999997,-0.925622,0.089785,0.26480799999999993,0.03322499999999995,0.16774999999999995,0.9907898348269787,0.16774999999999995,0.83225,0.009210165173021312,-0.892397
1002,4.175,walk,0.343468,-1.567883,0.926039,-0.015036,-0.006037,-0.2974,-0.1485481161507101,-0.09239260859128276,-0.0074394048476133096,-0.3672345155823402,-0.05738765852031458,0.24212452681123686,-0.9076073914087173,-0.3698104151667538,0.034317254619631345,-0.0014398848092034469,0.0038396928245780495,0.004319654427645986,-0.062224999999999975,0.19876300000000002,-0.892223,0.03133600000000003,-0.0644880000000001,-0.925573,0.093561,0.2632510000000001,0.03334999999999999,0.16650000000000004,0.9900730552387884,0.16650000000000004,0.8334999999999999,0.009926944761211587,-0.892223
1003,4.179167,walk,0.343079,-1.568509,0.92608,-0.012145,-0.006174,-0.29831,-0.09335253179745391,-0.15022798176146965,0.009839212862987912,-1.3397545382867022,-0.35575299811983047,0.46113745028845987,-0.8886489080873964,-0.37556995440367413,0.02735781137509196,-0.0014398848092167685,0.0035997120230619037,0.0007199424046076688,-0.06553900000000001,0.197824,-0.89215,0.031719,-0.06384699999999999,-0.925611,0.09725800000000001,0.261671,0.03346099999999996,0.16538999999999998,0.9934278550814944,0.16538999999999998,0.8346100000000001,0.006572144918505551,-0.89215
1004,4.183333,walk,0.34248,-1.568897,0.92608,-0.011725,-0.006329,-0.29875,-0.14378300528082955,-0.09313490158425419,0.0,-0.21255023117187077,0.00869649024216075,0.2227912320823553,-0.8746999519922103,-0.3600576092174402,0.018242918867016202,0.00264042246759044,0.0009601536245541147,-0.0004800768122899007,-0.06858400000000003,0.196712,-0.892074,0.032329,-0.06345500000000004,-0.925613,0.10091300000000003,0.26016700000000004,0.033538999999999985,0.16461000000000003,0.9952495030856998,0.16461000000000003,0.83539,0.004750496914300184,-0.892074
1005,4.1875,walk,0.341851,-1.569251,0.926012,-0.010983,-0.006472,-0.299253,-0.15094792416607136,-0.0849532037436961,-0.01631869450445671,-0.35796676969749547,-0.04327553497307494,0.25493980917625997,-0.8444924406047888,-0.3575713942884712,0.014878809695224956,-0.0026397888168907483,0.0,0.002159827213822993,-0.07147400000000004,0.19557599999999997,-0.891944,0.032947000000000004,-0.06310100000000007,-0.9255359999999999,0.10442100000000004,0.25867700000000005,0.033591999999999955,0.16408,0.9943153866076555,0.16408,0.83592,0.005684613392344495,-0.891944
1006,4.191667,walk,0.341226,-1.569502,0.925966,-0.010466,-0.006209,-0.299582,-0.14998800095994017,-0.060235181185508205,-0.01103911687064857,-0.19744501312998394,-0.19612727177581935,0.16466568416631802,-0.8336933045356697,-0.3621310295176509,0.004559635229181438,-0.0033597312215057932,-0.00023998080151614568,0.003599712023038318,-0.07432299999999997,0.194318,-0.891879,0.03355800000000003,-0.06285099999999999,-0.9254749999999999,0.107881,0.257169,0.03359599999999996,0.16404000000000002,0.9917836018781775,0.16404000000000002,0.83596,0.00821639812182251,-0.891879
1007,4.195833,walk,0.340599,-1.569811,0.925935,-0.010144,-0.006116,-0.299931,-0.1505040806528816,-0.0741718674988174,-0.007441190590494261,-0.13252442310658263,-0.09034147603377941,0.1755762499644086,-0.8132501200190946,-0.34325492078729014,-0.0007201152184339077,0.0033605376860326754,0.0004800768122504078,-0.00024003840614495687,-0.07708399999999999,0.19319700000000006,-0.891851,0.034199000000000035,-0.06254000000000004,-0.925445,0.11128300000000002,0.2557370000000001,0.03359400000000001,0.16405999999999998,0.9943281137467008,0.16405999999999998,0.83594,0.005671886253299174,-0.891851
1008,4.2,walk,0.340015,-1.570142,0.925914,-0.009586,-0.006154,-0.300387,-0.14014878809695228,-0.07943364530834517,-0.005039596832238707,-0.258928718748383,-0.06474468701646813,0.23045909876975587,-0.7820974322054621,-0.33933285337175206,0.0014398848092151033,-0.009359251259902335,0.004319654427663628,0.003599712023038331,-0.07975900000000002,0.1921139999999999,-0.8918240000000001,0.034744,-0.06219100000000011,-0.925409,0.11450300000000002,0.254305,0.033584999999999976,0.16414999999999996,0.9818025547298815,0.16414999999999996,0.83585,0.018197445270118462,-0.8918240000000001
1009,4.204167,walk,0.339471,-1.570459,0.925921,-0.009084,-0.006254,-0.30084,-0.13054955603552046,-0.07607391408690597,0.001679865610746236,-0.24224152814135497,-0.02827578507102417,0.22920554763321235,-0.7633789296856575,-0.346052315814737,-0.020398368130550903,-0.010079193664504058,0.003119750419976326,0.00551955843532543,-0.08239600000000002,0.19098900000000008,-0.891916,0.035246,-0.061860999999999944,-0.925393,0.11764200000000002,0.25285,0.03347699999999998,0.16523000000000004,0.9801541696983351,0.16523000000000004,0.83477,0.01984583030166487,-0.891916
1010,4.208333,walk,0.338756,-1.570874,0.925882,-0.008462,-0.006709,-0.301299,-0.17162746039368165,-0.09961593855018894,-0.009361497839657786,-0.3484721188075822,0.11689339167012472,0.2344933903409451,-0.7419587133942044,-0.33581373019684085,-0.014642342774844788,-0.006721075372066784,0.009841574651934946,0.009121459433510072,-0.08477200000000001,0.1900050000000002,-0.891938,0.03593299999999999,-0.06140499999999993,-0.925316,0.120705,0.25141000000000013,0.03337800000000002,0.16621999999999998,0.9749871995001792,0.16621999999999998,0.83378,0.025012800499820798,-0.891938
1011,4.2125,walk,0.338236,-1.57109,0.925896,-0.00788,-0.00652,-0.301673,-0.12479001679864012,-0.05183585313173933,0.0033597312215183986,-0.23734877954108147,-0.17181415029771002,0.1884559310134815,-0.7187425005998244,-0.33261339092869624,-0.025437964962799178,-0.0014398848092164616,0.004559635229178801,0.002399808015358376,-0.08724699999999996,0.18883500000000009,-0.892058,0.03644700000000001,-0.06116999999999995,-0.92532,0.12369399999999997,0.25000500000000003,0.033262000000000014,0.16738000000000003,0.9910833146109918,0.16738000000000003,0.8326199999999999,0.00891668538900825,-0.892058
1012,4.216667,walk,0.337755,-1.571326,0.925894,-0.007626,-0.0063,-0.302008,-0.11543076553875106,-0.0566354691624463,-0.0004799616030855778,-0.08293195561718447,-0.1383881166862022,0.16816380883733423,-0.7122630189585222,-0.33093352531799425,-0.03791696664266994,-0.007679385649142777,0.0004799616030855778,0.003599712023038331,-0.08973400000000004,0.18769199999999997,-0.892214,0.036895999999999984,-0.060931999999999986,-0.925303,0.12663000000000002,0.24862399999999996,0.033089000000000035,0.16911000000000004,0.9858420366207346,0.16911000000000004,0.8308899999999999,0.014157963379265448,-0.892214
1013,4.220833,walk,0.337264,-1.571547,0.92587,-0.007296,-0.006088,-0.302356,-0.1178588574172007,-0.053048487758051904,-0.005760921747485814,-0.11884173188595708,-0.14581780428683613,0.17484756046134917,-0.6663466154585264,-0.319491118578991,-0.04368698991839079,-0.007921267402786333,-0.0012001920307328738,-0.0021603456553050205,-0.09201900000000002,0.18658200000000003,-0.8923719999999999,0.037354,-0.06071599999999999,-0.925288,0.12937300000000002,0.24729800000000002,0.032916000000000056,0.17084,0.986170278430589,0.17084,0.82916,0.01382972156941098,-0.8923719999999999
1014,4.225,walk,0.336748,-1.571733,0.925789,-0.006692,-0.005658,-0.302645,-0.1238300935925222,-0.04463642908567986,-0.019438444924406394,-0.21277114089201957,-0.28512966822238317,0.14480435390734242,-0.6676265898728356,-0.31485481161508033,-0.04895608351332184,-0.01367890568755264,-0.0007199424046017234,-0.0004799616030717878,-0.09428499999999998,0.18545600000000007,-0.8924949999999999,0.037812999999999986,-0.06053299999999995,-0.925209,0.13209799999999997,0.245989,0.03271400000000002,0.17286,0.977156259001198,0.17286,0.82714,0.022843740998802042,-0.8924949999999999
1015,4.229167,walk,0.336267,-1.57191,0.925703,-0.006012,-0.005376,-0.302906,-0.11543076553873978,-0.04247660187181235,-0.020638348932062654,-0.26913615902603083,-0.22840102331639103,0.13151597346986882,-0.6333093352530743,-0.3105351571874038,-0.059275257979351056,-0.01247900167986268,-0.015118790496739544,0.0007199424046075023,-0.09644299999999997,0.1843389999999998,-0.892656,0.038242,-0.060419,-0.92512,0.13468499999999997,0.2447579999999998,0.03246400000000005,0.17536000000000002,0.9673052150745265,0.17536000000000002,0.82464,0.03269478492547351,-0.892656
1016,4.233333,walk,0.335806,-1.572124,0.925642,-0.00553,-0.005182,-0.303229,-0.11065770523284342,-0.05136821891506852,-0.014642342774866441,-0.19119051759501465,-0.15952711991132626,0.16270962866612415,-0.6192990878541055,-0.2890062409985786,-0.07729236677869139,-0.012001920307248788,-0.009361497839684436,0.0206433029284702,-0.09856199999999998,0.18334899999999998,-0.892917,0.03865299999999999,-0.060243999999999964,-0.9249729999999999,0.13721499999999998,0.24359299999999995,0.03205599999999997,0.1794400000000001,0.9572530154195205,0.1794400000000001,0.82056,0.04274698458047954,-0.892917
1017,4.2375,walk,0.335352,-1.572351,0.925578,-0.00525,-0.004988,-0.303482,-0.10895128389729558,-0.05447564194864113,-0.015358771298285554,-0.09898712907246741,-0.1299539698551875,0.12724285104536356,-0.5877129829613915,-0.30309575233983005,-0.0751139908807315,0.022798176145912185,0.017998560115202945,0.03887688984881388,-0.10055699999999998,0.18231299999999995,-0.893166,0.039202000000000015,-0.05994199999999994,-0.924747,0.139759,0.2422549999999999,0.03158099999999997,0.18418999999999996,0.9191174107782456,0.18418999999999996,0.81581,0.0808825892217544,-0.893166
1018,4.241667,walk,0.33493,-1.572588,0.92551,-0.004977,-0.004878,-0.303765,-0.10127189824813948,-0.05687544996401573,-0.016318694504430065,-0.10792190805117018,-0.0905694922417361,0.14275949323303225,-0.5831533477322117,-0.29325653947681546,-0.09695224382049916,0.002159827213818492,0.007679385649156099,0.0038396928245741984,-0.10256500000000002,0.18132800000000016,-0.893502,0.039632999999999974,-0.059672999999999865,-0.924663,0.142198,0.24100100000000002,0.031160999999999994,0.18839,0.9852444870444692,0.18839,0.8116099999999999,0.014755512955530792,-0.893502
1019,4.245833,walk,0.33449,-1.572801,0.92544,-0.004726,-0.004682,-0.304044,-0.10561689870377748,-0.05112818050882577,-0.01680268843015005,-0.0853605843374607,-0.1267150650422863,0.14026976353840162,-0.5420067210752951,-0.2806048967834419,-0.09841574651943008,0.0038406144983230577,0.0076812289966461155,-0.006000960153623765,-0.104383,0.18037199999999998,-0.893842,0.040088999999999986,-0.059428000000000036,-0.924618,0.144472,0.2398,0.030776000000000026,0.19224000000000002,0.9825386839151808,0.19224000000000002,0.80776,0.017461316084819156,-0.893842
1020,4.25,walk,0.334063,-1.573013,0.925362,-0.004519,-0.004417,-0.304323,-0.10247180225582678,-0.05087592992563251,-0.01871850251980467,-0.05515061978695973,-0.1518101867391226,0.1401265678644341,-0.526757859371275,-0.27837772978164216,-0.10415166786657551,0.005039596832252029,0.0014398848092034469,-0.00551955843532543,-0.106151,0.17942400000000003,-0.894198,0.04053699999999999,-0.059209999999999985,-0.924563,0.14668799999999999,0.238634,0.030364999999999975,0.19635000000000002,0.9873140136571894,0.19635000000000002,0.80365,0.012685986342810596,-0.894198
1021,4.254167,walk,0.333635,-1.573212,0.925273,-0.004287,-0.004189,-0.304573,-0.10271178305735625,-0.047756179505656186,-0.021358291336695416,-0.07206564700506429,-0.13850210408285574,0.12568688893403662,-0.5166786657067709,-0.27525797936166585,-0.1358291336693128,-0.0009599232061445124,0.0028797696184068937,0.004319654427645986,-0.10787600000000003,0.17847600000000008,-0.894675,0.04096099999999997,-0.058999000000000024,-0.924456,0.148837,0.2374750000000001,0.029781000000000057,0.20218999999999998,0.9912007039437054,0.20218999999999998,0.79781,0.008799296056294592,-0.894675
1022,4.258333,walk,0.333214,-1.573385,0.925228,-0.004095,-0.003967,-0.304809,-0.10105616898702552,-0.04152664426307142,-0.010801728276513612,-0.054708322234197033,-0.12992423764487648,0.11851619210021186,-0.47935669707146694,-0.25756120979355684,-0.13274123859815826,-0.002880460873742293,0.004800768122930472,0.003600576092174249,-0.10945200000000002,0.17757599999999996,-0.8951830000000001,0.04136999999999996,-0.058805999999999914,-0.924396,0.15082199999999998,0.23638199999999987,0.029212999999999933,0.20787,0.9889058852425108,0.20787,0.79213,0.011094114757489226,-0.8951830000000001
1023,4.2625,walk,0.332781,-1.573556,0.925139,-0.003598,-0.003833,-0.305041,-0.10391168706504356,-0.04103671706261795,-0.021358291336695416,-0.20699850738919198,-0.13428148484259247,0.11726663532553035,-0.47756179505641533,-0.26781857451402585,-0.14902807775378651,-0.0007199424046017234,0.005279577633781497,0.0016798656107512315,-0.111009,0.17663099999999998,-0.895715,0.041800000000000004,-0.058613000000000026,-0.9243,0.152809,0.235244,0.02858499999999997,0.21415,0.9906883875475514,0.21415,0.7858499999999999,0.009311612452448603,-0.895715
1024,4.266667,walk,0.332364,-1.573701,0.92511,-0.003296,-0.003574,-0.305275,-0.1000719942404655,-0.03479721622271859,-0.006959443244554375,-0.09956173282549205,-0.16286851044477277,0.11775264068826548,-0.4353251739861034,-0.23638108951285303,-0.1643868490520829,-0.0014398848092167685,0.005279577633781497,0.0002399808015358939,-0.112406,0.17579100000000003,-0.896371,0.042211,-0.058446,-0.92427,0.154617,0.23423700000000003,0.027899000000000007,0.22101000000000004,0.9908705605867543,0.22101000000000004,0.77899,0.009129439413245732,-0.896371
1025,4.270833,walk,0.331951,-1.573843,0.925068,-0.002981,-0.003257,-0.305479,-0.09913586173788512,-0.03408545367261108,-0.010081613058086851,-0.09709421535782324,-0.19129588364419467,0.10267790519078387,-0.4279884781565339,-0.24459913586178203,-0.17738838214115665,-0.0026404224675910027,0.004320691310627686,0.004080652904465033,-0.11377599999999999,0.17491400000000001,-0.897068,0.04261300000000001,-0.05828599999999984,-0.924211,0.156389,0.23319999999999985,0.027143000000000028,0.22857,0.9891612920593966,0.22857,0.7714300000000001,0.010838707940603376,-0.897068
1026,4.275,walk,0.331548,-1.573989,0.925001,-0.002654,-0.002855,-0.305629,-0.09671226301893909,-0.035037197024227265,-0.016078713702910495,-0.09020411884109886,-0.23180798877138134,0.07508590390360777,-0.3990880729540963,-0.22822174226056272,-0.19054475641945443,-0.0026397888168901854,0.00143988480920314,0.0016798656107508473,-0.115036,0.17410900000000007,-0.897795,0.043005000000000015,-0.05813399999999991,-0.924137,0.15804100000000001,0.23224299999999998,0.026341999999999977,0.23658,0.9942593792119145,0.23658,0.76342,0.00574062078808546,-0.897795
1027,4.279167,walk,0.331143,-1.574106,0.924913,-0.002209,-0.002419,-0.305768,-0.09719222462203196,-0.028077753779680362,-0.02111831053515263,-0.139159335304318,-0.2646438642625359,0.06988398400050924,-0.38876889848814117,-0.23158147348210384,-0.20542356611472082,-0.0033597312215057932,0.003119750419976326,0.0014398848092153375,-0.11625100000000002,0.1732610000000001,-0.898563,0.04339599999999999,-0.058003999999999944,-0.924043,0.159647,0.23126500000000005,0.025479999999999947,0.24520000000000003,0.9919906469904256,0.24520000000000003,0.7547999999999999,0.008009353009574394,-0.898563
1028,4.283333,walk,0.330757,-1.574219,0.924827,-0.001828,-0.002109,-0.305906,-0.09265482477197025,-0.02712433989439239,-0.02064330292847751,-0.12843756256564276,-0.19772054111199808,0.06935617730438363,-0.3610177628420846,-0.2112337974076533,-0.2232357177148513,-0.003360537686033392,0.0019203072491619383,0.0014402304368700222,-0.11736900000000003,0.17249399999999993,-0.899407,0.043767999999999974,-0.05788299999999991,-0.923951,0.161137,0.23037699999999983,0.02454400000000001,0.25456,0.9931170385125213,0.25456,0.74544,0.006882961487478689,-0.899407
1029,4.2875,walk,0.330376,-1.574327,0.924703,-0.001212,-0.001832,-0.30604,-0.09143268538517821,-0.02591792656587519,-0.029757619390426596,-0.24063945489240535,-0.21709357526750298,0.06777854069726025,-0.3400527957763538,-0.20254379649625232,-0.2296616270698456,-0.0004799616030722562,0.0019198464122890248,0.0038396928245741984,-0.11840500000000001,0.17175800000000008,-0.90024,0.04414699999999999,-0.0577669999999999,-0.923811,0.162552,0.22952499999999998,0.02357100000000001,0.26429,0.9928005759539218,0.26429,0.73571,0.007199424046078207,-0.90024
1030,4.291667,walk,0.33001,-1.574436,0.924591,-0.000595,-0.001587,-0.306198,-0.0878329733621109,-0.026157907367385762,-0.026877849772013972,-0.24577154056596875,-0.2026264189859842,0.07979256996668638,-0.32829373650102023,-0.19726421886248205,-0.22702183825290148,0.006719462443010154,0.007679385649154462,-0.001199904007679188,-0.11940700000000001,0.1710449999999999,-0.901074,0.044541,-0.057625999999999955,-0.9237040000000001,0.163948,0.22867099999999985,0.02263000000000004,0.2737,0.9828759502210822,0.2737,0.7263,0.017124049778917794,-0.901074
1031,4.295833,walk,0.329646,-1.574517,0.924475,-2.2e-05,-0.001316,-0.306343,-0.08737397983678824,-0.01944311089774464,-0.027844455112821454,-0.22191033212425462,-0.20808740949900287,0.07353556578418144,-0.287806048967859,-0.1709073451752526,-0.2361977916466819,-0.00024003840615190468,0.005760921747432516,0.0014402304368700222,-0.12024199999999999,0.17041399999999984,-0.901942,0.044904,-0.057521000000000155,-0.923582,0.165146,0.227935,0.021639999999999993,0.2836,0.9900948804584369,0.2836,0.7163999999999999,0.009905119541563145,-0.901942
1032,4.3,walk,0.329287,-1.574578,0.92435,0.000524,-0.00096,-0.306544,-0.08615310775138339,-0.014638828893710475,-0.02999760019199603,-0.19698794246788323,-0.24289278000268455,0.10158513197997639,-0.2596592272618308,-0.16390688744900897,-0.2363810895128497,-0.0011999040076739796,0.004079673626147482,0.0009599232061435496,-0.12096499999999999,0.16979199999999994,-0.902802,0.04525800000000002,-0.05744299999999991,-0.923453,0.166223,0.22723499999999985,0.020650999999999975,0.29349,0.9927342204124769,0.29349,0.70651,0.007265779587523058,-0.902802
1033,4.304167,walk,0.328936,-1.574629,0.924192,0.001145,-0.000697,-0.3067,-0.08423326133909437,-0.012239020878335873,-0.037916966642668276,-0.24495252366407516,-0.21145733012787224,0.07912516878572151,-0.24070074394049668,-0.15118790496758752,-0.2270218382529507,0.0,0.00431965442761034,-0.0007199424046076558,-0.121617,0.16921300000000006,-0.90359,0.04560900000000001,-0.057374000000000036,-0.9232980000000001,0.167226,0.2265870000000001,0.01970800000000006,0.30292,0.9927012688621915,0.30292,0.6970799999999999,0.007298731137808545,-0.90359
1034,4.308333,walk,0.328594,-1.574673,0.924043,0.001753,-0.000403,-0.306926,-0.08209313490157541,-0.01056168987036176,-0.03576572251561349,-0.2344953109046814,-0.22371322479730205,0.11438187731412144,-0.2040326452232059,-0.11593855016801403,-0.20691310609694735,0.0009601536245807644,0.0031204992798941466,0.00024003840614493085,-0.12212499999999998,0.16877399999999998,-0.904303,0.045955000000000024,-0.05731700000000006,-0.923148,0.16808,0.22609100000000004,0.018845,0.31155,0.9945438543378844,0.31155,0.68845,0.005456145662115608,-0.904303
1035,4.3125,walk,0.328277,-1.574709,0.923871,0.002399,-0.000199,-0.307054,-0.07607391408687933,-0.008639308855273968,-0.041276697864160744,-0.2650490356512905,-0.1882340974107714,0.06510076319699203,-0.17206623470123733,-0.09815214782814984,-0.2051835853131847,-0.0009599232061445124,0.004559635229179773,0.0014398848092153375,-0.122525,0.16840100000000002,-0.904986,0.04626800000000003,-0.057262000000000146,-0.92297,0.16879300000000003,0.22566300000000017,0.017984,0.34482112401106346,0.9918716896916666,0.34482112401106346,0.6551788759889365,0.008128310308333386,-0.904986
1036,4.316667,walk,0.327962,-1.574723,0.923727,0.00287,0.000117,-0.307214,-0.07559395248380708,-0.003359731221545758,-0.0345572354211758,-0.16861619367956676,-0.21356461204660485,0.08130355286012171,-0.13894888408927827,-0.0703143748500389,-0.18694504439645646,0.0019198464122890248,0.003359731221492472,-0.002879769618430649,-0.12278899999999998,0.1681220000000001,-0.905621,0.04659100000000005,-0.05723400000000001,-0.9228379999999999,0.16938000000000003,0.2253560000000001,0.017216999999999927,0.42231471283576694,0.9919607426437017,0.42231471283576694,0.5776852871642331,0.00803925735629829,-0.905621
1037,4.320833,walk,0.327643,-1.574719,0.923555,0.003488,0.000399,-0.307377,-0.07657225156022934,0.000960153624607414,-0.04128660585691957,-0.2408323976520419,-0.21975922672553036,0.08293353944970717,-0.11041766682667464,-0.04248679788767884,-0.18650984157462694,-0.0004800768122903822,0.004080652904501561,0.0012001920307247583,-0.12293000000000001,0.1679409999999999,-0.906226,0.046908000000000005,-0.057220999999999966,-0.9226610000000001,0.16983800000000002,0.22516199999999986,0.01643500000000009,0.467535018920011,0.992865836733768,0.467535018920011,0.5324649810799891,0.007134163266231952,-0.906226
1038,4.325,walk,0.327345,-1.574697,0.923389,0.004198,0.000664,-0.307547,-0.07151427885769956,0.005279577633781497,-0.0398368130549573,-0.28530752071140436,-0.22550381411299966,0.08650722901911584,-0.07703383729302385,-0.01919846412283696,-0.19462443004560506,0.0,0.004079673626094195,-0.0004799616030717878,-0.122953,0.16783900000000007,-0.906871,0.047206000000000026,-0.057226,-0.922497,0.17015900000000003,0.22506500000000007,0.01562600000000003,0.4934168877032528,0.9931536506005285,0.4934168877032528,0.5065831122967472,0.006846349399471485,-0.906871
1039,4.329167,walk,0.327049,-1.574677,0.923197,0.004971,0.000925,-0.307708,-0.0710343172546273,0.0047996160306959185,-0.04607631389488331,-0.31466286564504736,-0.23299403260179583,0.08207362197615446,-0.11063114950804182,0.015598752099828344,-0.24814014878810875,0.003119750419963004,0.005759539236867074,-0.0019198464122870992,-0.12311799999999998,0.16788400000000014,-0.907713,0.04751500000000003,-0.057221999999999884,-0.922313,0.170633,0.22510600000000003,0.014600000000000057,0.4004458082448282,0.9886237399781335,0.4004458082448282,0.5995541917551718,0.011376260021866536,-0.907713
1040,4.333333,walk,0.326771,-1.574628,0.923034,0.005667,0.001238,-0.307907,-0.06673067690831072,0.011761881901150184,-0.03912626020164118,-0.27193023871385297,-0.2453421752109686,0.10138178504566356,-0.039846375420070246,0.030964954392716265,-0.20163226116180155,0.004320691310614361,0.003360537686020067,-0.0016802688430150303,-0.12300599999999998,0.167964,-0.90839,0.04781100000000005,-0.05725700000000011,-0.922157,0.17081700000000002,0.22522100000000012,0.013766999999999974,0.515911295508034,0.9904569847640645,0.515911295508034,0.48408870449196595,0.009543015235935481,-0.90839
1041,4.3375,walk,0.32649,-1.574556,0.922868,0.006323,0.001625,-0.308091,-0.06743460523156435,0.01727861771054425,-0.03983681305494881,-0.24264358771381295,-0.2732011380951104,0.0941417559902265,0.01631869450443325,0.05135589152865386,-0.14638828893686082,0.0026397888168901854,0.0028797696184595665,-0.00191984641228669,-0.12265700000000002,0.1681060000000001,-0.908834,0.04810300000000001,-0.05731699999999984,-0.921999,0.17076000000000002,0.22542299999999993,0.013164999999999982,0.6083646450551188,0.9927452375220842,0.6083646450551188,0.3916353549448812,0.007254762477915788,-0.908834
1042,4.341667,walk,0.326212,-1.57448,0.922661,0.007082,0.001929,-0.308249,-0.066714662826977,0.01823854091671909,-0.04967602591794521,-0.3019088499519995,-0.25060817289011217,0.08105064844744111,-0.0273578113750853,0.07487401007916539,-0.21526277897769167,0.0059995200383965415,0.012479001679852017,0.004319654427645986,-0.12249299999999999,0.168342,-0.909524,0.048406000000000005,-0.057340999999999864,-0.921774,0.170899,0.22568299999999986,0.012249999999999983,0.49491874050599016,0.9758259127489812,0.49491874050599016,0.5050812594940098,0.024174087251018772,-0.909524
1043,4.345833,walk,0.325935,-1.574394,0.92246,0.007815,0.002161,-0.308445,-0.06649063850217214,0.02064330292847751,-0.04824771963514706,-0.300834896501948,-0.21382038544883614,0.09983128405857565,-0.006240998559769637,0.07297167546810035,-0.21195391262603697,-0.0019203072491619383,0.003120499279894812,0.0,-0.12224199999999996,0.16856000000000004,-0.910206,0.048675000000000024,-0.057413999999999854,-0.921573,0.17091699999999999,0.2259739999999999,0.011367000000000016,0.5125792045302761,0.9938932879170612,0.5125792045302761,0.48742079546972394,0.006106712082938781,-0.910206
1044,4.35,walk,0.325679,-1.574293,0.922306,0.008415,0.002441,-0.308686,-0.061435085193182186,0.0242380609551556,-0.036957043436523764,-0.23303919431662715,-0.21584020709052804,0.12289030476981533,-0.016558675305979518,0.07631389488842212,-0.24886009119271588,0.0009599232061445124,0.0028797696184068937,-0.002399808015358887,-0.122055,0.16877699999999995,-0.9110889999999999,0.048935000000000006,-0.05750300000000008,-0.9214289999999999,0.17099,0.22628000000000004,0.010340000000000016,0.4618927381259351,0.9935507097446103,0.4618927381259351,0.5381072618740649,0.00644929025538965,-0.9110889999999999
1045,4.354167,walk,0.325415,-1.574188,0.922156,0.009035,0.002676,-0.308984,-0.0633549316054577,0.025197984161268096,-0.035997120230371576,-0.24897983364029935,-0.19805276453079643,0.15152075941387536,0.0021598272138246923,0.06263498920086946,-0.1922246220302053,0.0019198464122886156,0.003839692824577231,-0.0016798656107508473,-0.121782,0.168933,-0.91174,0.049207,-0.05759200000000009,-0.9212859999999999,0.170989,0.2265250000000001,0.009545999999999943,0.5675677292959409,0.9923168655658299,0.5675677292959409,0.4324322707040591,0.007683134434170125,-0.91174
1046,4.358333,walk,0.325143,-1.574046,0.922018,0.009504,0.002969,-0.309285,-0.06529044647143928,0.03408545367255778,-0.03312530004800346,-0.1715034164749781,-0.20217060729418151,0.1535208042931879,-0.0031204992798881497,0.05088814210271141,-0.18674987998081152,0.002160345655300518,0.004080652904449132,-0.0004800768122900161,-0.12152300000000002,0.16900300000000001,-0.91238,0.049487999999999976,-0.05771700000000002,-0.92115,0.171011,0.22672000000000003,0.008770000000000056,0.5896595990577252,0.9922631302585421,0.5896595990577252,0.41034040094227475,0.00773686974145793,-0.91238
1047,4.3625,walk,0.324885,-1.573896,0.921852,0.010131,0.003232,-0.309564,-0.06191504679626776,0.03599712023040589,-0.0398368130549573,-0.2479688008734725,-0.21197620608957563,0.1421904992259862,-0.026637868970483574,0.040076793856500086,-0.17542596592273438,0.0019198464122890248,0.0023998080153746024,-0.0011999040076794175,-0.12137599999999998,0.16901999999999995,-0.912945,0.04975400000000002,-0.05785700000000005,-0.9209890000000001,0.17113,0.226877,0.008044000000000051,0.6163824072473298,0.9945013490581072,0.6163824072473298,0.38361759275267016,0.005498650941892835,-0.912945
1048,4.366667,walk,0.324629,-1.573734,0.92166,0.010911,0.003428,-0.309859,-0.061435085193182186,0.03887688984881279,-0.04607631389488331,-0.3278048839291699,-0.20406583244778242,0.1499690631796568,-0.02567794576433906,0.040076793856500086,-0.15574754019679143,0.0004799616030722562,0.0014398848092034469,-0.003599712023038331,-0.121227,0.16902499999999998,-0.913402,0.050012,-0.05801300000000009,-0.9208120000000001,0.171239,0.22703800000000007,0.007410000000000028,0.6544696192092103,0.9934889926421556,0.6544696192092103,0.3455303807907897,0.006511007357844378,-0.913402
1049,4.370833,walk,0.324346,-1.573583,0.921461,0.011719,0.003573,-0.310216,-0.0679308689390158,0.03624579932789054,-0.04776764282285972,-0.34846705129770605,-0.18471422969924206,0.18126225217796532,-0.01704272683628858,0.027604416706690314,-0.14642342774842,0.0016802688430096753,0.002400384061465236,-0.00024003840614495687,-0.12101500000000001,0.16898900000000006,-0.913813,0.05030199999999996,-0.05815400000000004,-0.9206139999999999,0.17131699999999997,0.2271430000000001,0.006800999999999946,0.68203290060687,0.9951002365522661,0.68203290060687,0.31796709939312995,0.004899763447733907,-0.913813
1050,4.375,walk,0.324055,-1.573391,0.921321,0.012214,0.003775,-0.310643,-0.06983441324695333,0.04607631389488331,-0.03359731221503129,-0.1973187171713707,-0.1637115975367672,0.21684221463001088,-0.05039596832254027,0.02591792656587519,-0.14422846172306875,0.0009599232061445124,0.0026397888168907483,0.0007199424046076558,-0.12093399999999999,0.16890500000000008,-0.9142739999999999,0.050597,-0.058335000000000026,-0.9204709999999999,0.171531,0.2272400000000001,0.006197000000000008,0.679759353242017,0.9951671682371086,0.679759353242017,0.320240646757983,0.004832831762891399,-0.9142739999999999
1051,4.379167,walk,0.3237,-1.573299,0.921269,0.012457,0.003556,-0.311572,-0.08519318454523889,0.02207823374129714,-0.012479001679852017,-0.1469856895264634,0.06856166331647574,0.4678353722474053,-0.044876409887209326,0.00599952003838322,-0.1387089032877434,0.003119750419976326,0.0007199424046017234,0.0,-0.12076599999999998,0.16883800000000004,-0.9148000000000001,0.05096500000000004,-0.05842400000000003,-0.920419,0.17173100000000002,0.22726200000000008,0.00561899999999993,0.7006248495924674,0.9946637612734337,0.7006248495924674,0.2993751504075326,0.0053362387265663,-0.9148000000000001
1052,4.383333,walk,0.323354,-1.573146,0.921244,0.01304,0.003638,-0.312447,-0.08305328852615618,0.03672587614019425,-0.00600096015363644,-0.25692060401326455,-0.11987837193241743,0.4427409806779533,-0.053288526164179124,-0.014642342774863319,-0.1265002400383891,-0.0014402304368711465,0.007921267402771319,0.0024003840614495167,-0.12064199999999997,0.16862399999999989,-0.915302,0.051305000000000045,-0.05854400000000015,-0.920384,0.17194700000000002,0.22716800000000004,0.005082000000000031,0.7191052781253142,0.985997759641563,0.7191052781253142,0.2808947218746858,0.014002240358437001,-0.915302
1053,4.3875,walk,0.323068,-1.572973,0.921191,0.013339,0.003743,-0.312966,-0.0686345092392527,0.041516678665703535,-0.012718982481394806,-0.12257168468870067,-0.08976591719982853,0.26313347137034543,-0.05519558435325617,-0.04463642908567986,-0.1065514758819343,-0.0002399808015427889,0.005039596832265351,-0.0009599232061435496,-0.12058600000000003,0.1682649999999999,-0.915693,0.05158999999999997,-0.05869600000000008,-0.920335,0.172176,0.22696099999999997,0.004642000000000035,0.740193415850241,0.9914403109514907,0.740193415850241,0.259806584149759,0.008559689048509345,-0.915693
1054,4.391667,walk,0.322787,-1.572769,0.92106,0.014152,0.003743,-0.313418,-0.06743460523159205,0.0489560835132902,-0.03143748500119947,-0.37240992232134157,-0.11951761849036524,0.22874611739401518,-0.04415646748260094,-0.06887449004078217,-0.09431245500360405,0.0026397888168907483,0.0035997120230619037,0.0,-0.12048899999999999,0.1677740000000001,-0.915955,0.051881999999999984,-0.058884999999999854,-0.920204,0.17237099999999997,0.22665899999999994,0.004249000000000058,0.749421289164889,0.9925601650916693,0.749421289164889,0.25057871083511096,0.007439834908330667,-0.915955
1055,4.395833,walk,0.322482,-1.572553,0.920938,0.014819,0.003843,-0.313846,-0.0732117138742256,0.051848295727319034,-0.029284685549679584,-0.29078972680188525,-0.14330684031958354,0.2172979362296651,-0.03624579932789827,-0.06889102256359791,-0.08737397983678075,0.0009601536245809691,0.003120499279894812,0.00024003840614500804,-0.120335,0.16727100000000017,-0.916197,0.05219099999999999,-0.05908799999999981,-0.920081,0.17252599999999998,0.22635899999999998,0.0038839999999999986,0.7661247944081306,0.9945438543378833,0.7661247944081306,0.23387520559186936,0.005456145662116718,-0.916197
1056,4.4,walk,0.322179,-1.572332,0.920883,0.015256,0.003941,-0.314382,-0.07271418286535804,0.053035757139426376,-0.013198944084477571,-0.1866621550004379,-0.1070098066876112,0.2719875998543182,-0.03911687065034058,-0.06215502759778398,-0.0902327813774748,0.0016798656107591993,0.0033597312214917554,0.000959923206143345,-0.120195,0.16679100000000013,-0.916518,0.05250100000000002,-0.059294999999999876,-0.920022,0.17269600000000002,0.226086,0.0035039999999999516,0.7710575914117854,0.9935383191659148,0.7710575914117854,0.22894240858821457,0.0064616808340851595,-0.916518
1057,4.404167,walk,0.321763,-1.572157,0.921016,0.014857,0.003994,-0.315345,-0.09983201343892271,0.04199664026878911,0.03191744660425841,0.185646292639475,0.042518217202042845,0.48723023490878153,-0.026157907367411318,-0.049196064314859636,-0.09023278137749383,-0.000719942404615045,0.0016798656107195925,-0.0011999040076794436,-0.11988800000000002,0.1664110000000001,-0.9170269999999999,0.05291399999999996,-0.059463000000000044,-0.92016,0.17280199999999998,0.22587400000000013,0.0031330000000000524,0.7919212478667932,0.9963561180789322,0.7919212478667932,0.2080787521332068,0.003643881921067793,-0.9170269999999999
1058,4.408333,walk,0.321426,-1.571935,0.920974,0.015071,0.003896,-0.315856,-0.08089294287087335,0.05328852616417716,-0.010081613058086851,-0.11453170078475562,0.015556724978279035,0.25785300272502787,-0.014402304368701211,-0.02880460873742907,-0.08137301968315583,0.0026404224676043276,0.0036005760921986214,-0.00048007681228999006,-0.119611,0.16606900000000002,-0.9173239999999999,0.05326200000000003,-0.05966999999999989,-0.9201199999999999,0.17287300000000003,0.2257389999999999,0.0027960000000000207,0.8261833334095083,0.9925154877044435,0.8261833334095083,0.17381666659049166,0.007484512295556467,-0.9173239999999999
1059,4.4125,walk,0.321091,-1.571665,0.92091,0.015303,0.003958,-0.316308,-0.08039356851451632,0.06479481641468797,-0.015358771298285554,-0.09819651953196072,-0.060419785401079236,0.22916986660337219,-0.0160787137029006,-0.02711783057356249,-0.07007439404847936,0.0,0.003359731221492472,-0.0014398848092153375,-0.119343,0.165686,-0.917552,0.053597000000000006,-0.059925999999999924,-0.920062,0.17294,0.22561199999999992,0.0025100000000000122,0.8468340179762157,0.993907868885813,0.8468340179762157,0.1531659820237843,0.006092131114187049,-0.917552
1060,4.416667,walk,0.320766,-1.571401,0.920867,0.015721,0.003994,-0.316866,-0.07799376049915173,0.06335493160547102,-0.010319174466044648,-0.1873089705153557,-0.07611634124177763,0.2828032680504486,-0.014398848092151294,-0.021838252939723055,-0.08519318454522208,0.0028797696184196015,0.0033597312214917554,-0.002399808015358376,-0.11907799999999999,0.16533100000000012,-0.917864,0.05393399999999998,-0.06017600000000001,-0.920029,0.17301199999999997,0.22550700000000012,0.0021649999999999725,0.8298190940242061,0.9916102003986293,0.8298190940242061,0.17018090597579394,0.008389799601370651,-0.917864
1061,4.420833,walk,0.320416,-1.571141,0.920841,0.016005,0.004202,-0.317445,-0.08401344215075485,0.06240998559773634,-0.006240998559762974,-0.10027598873900696,-0.1339123087156688,0.29505189424578004,-0.006240998559769637,-0.02712433989439239,-0.06817090734518062,0.00024003840615190468,0.0036005760921986214,0.0004800768122900161,-0.11875399999999997,0.16495799999999994,-0.918122,0.05428500000000003,-0.06042100000000006,-0.9200010000000001,0.173039,0.225379,0.001879000000000075,0.8584868191099854,0.9939327288813397,0.8584868191099854,0.14151318089001463,0.0060672711186603445,-0.918122
1062,4.425,walk,0.320065,-1.57086,0.920815,0.016431,0.004424,-0.318117,-0.08423326133909437,0.06743460523157872,-0.006239500839926008,-0.1631794603840788,-0.161238605260141,0.3421514575067391,-0.003119750419969665,-0.03359731221503129,-0.05495560355171838,-0.0002399808015427889,0.0035997120230086173,-0.0009599232061435496,-0.118416,0.16453699999999993,-0.9183250000000001,0.05463499999999999,-0.06068700000000016,-0.9199790000000001,0.17305099999999998,0.2252240000000001,0.0016540000000000443,0.8759809246141005,0.993777958088958,0.8759809246141005,0.12401907538589951,0.006222041911042031,-0.9183250000000001
1063,4.429167,walk,0.319696,-1.57059,0.920788,0.016828,0.004565,-0.318835,-0.08855291576674468,0.06479481641468797,-0.006479481641468798,-0.16257694544415424,-0.11963055383519725,0.3649449740112811,-0.007199424046077182,-0.02327813774898444,-0.05495560355171838,0.0014398848092167685,0.004079673626147482,0.0004799616030717618,-0.11807699999999999,0.16416999999999993,-0.9185270000000001,0.05501,-0.060939999999999994,-0.91995,0.173087,0.22510999999999992,0.001422999999999952,0.8855782149437949,0.9927452375220519,0.8855782149437949,0.11442178505620515,0.007254762477948096,-0.9185270000000001
1064,4.433333,walk,0.319357,-1.570283,0.920712,0.017232,0.004639,-0.319321,-0.08137301968313317,0.07369179068646041,-0.018242918867034524,-0.17491733580312957,-0.09195273820353668,0.24698965258393388,-0.016562650023998197,-0.016322611617846344,-0.05088814210272961,0.001200192030732618,0.00528084493518088,-0.0004800768122898877,-0.117807,0.16379500000000013,-0.918663,0.055354000000000014,-0.06122499999999986,-0.919876,0.173161,0.22502,0.0012130000000000196,0.8946207516784526,0.9909387488775068,0.8946207516784526,0.10537924832154744,0.00906125112249323,-0.918663
1065,4.4375,walk,0.319006,-1.569967,0.920637,0.017233,0.004543,-0.319774,-0.08423326133909437,0.07583393328538983,-0.017998560115176303,-0.017441925731306013,0.04690903602869016,0.22865616211496162,-0.026397888168947448,-0.014878809695226619,-0.026637868970483574,-0.0011999040076873012,0.004559635229179773,0.0019198464122870992,-0.117566,0.16341699999999992,-0.918699,0.05569999999999997,-0.06152200000000008,-0.9197930000000001,0.17326599999999998,0.224939,0.0010940000000000394,0.9218165876622748,0.9915153973939697,0.9218165876622748,0.07818341233772519,0.008484602606030345,-0.918699
1066,4.441667,walk,0.318669,-1.569637,0.920495,0.017206,0.003992,-0.320336,-0.0808735301176019,0.07919366450682902,-0.034077273818116864,-0.07505453485075711,0.2589154261642818,0.2795787175048483,-0.029517638588917112,-0.013438924886023173,-0.01847852171826339,0.0009599232061445124,0.004559635229179773,0.0,-0.11735199999999998,0.16303099999999993,-0.918634,0.05604100000000001,-0.06183300000000003,-0.919651,0.173393,0.22486399999999995,0.0010170000000000456,0.9276172946423492,0.9922340261423324,0.9276172946423492,0.07238270535765079,0.007765973857667641,-0.918634
1067,4.445833,walk,0.318327,-1.569353,0.920444,0.017276,0.003654,-0.320986,-0.08209313490156209,0.06817090734515432,-0.012241958713371434,-0.08687981066105317,0.14786912416478196,0.32661546138816744,-0.0283245319251059,-0.011041766682665466,-0.022803648583770358,-0.0009601536245807644,0.0038406144983230577,0.0033605376860293182,-0.11712800000000004,0.16270099999999998,-0.918678,0.05637899999999996,-0.06210099999999996,-0.919586,0.173507,0.22480199999999995,0.0009080000000000199,0.9275821468941086,0.9913452921856323,0.9275821468941086,0.07241785310589144,0.008654707814367724,-0.918678
1068,4.45,walk,0.317976,-1.569036,0.920481,0.017114,0.003775,-0.321553,-0.08423326133910769,0.0760739140868527,0.008879289656816758,0.08969813345507942,-0.02566655802484166,0.28825207151694354,-0.028557715382765938,-0.013438924886023173,-0.014638828893689192,0.0009599232061445124,0.0023998080153746024,-0.0007199424046076818,-0.11689599999999997,0.16232800000000003,-0.918776,0.05673400000000001,-0.0624079999999998,-0.9196259999999999,0.17362999999999998,0.22473599999999982,0.0008499999999999064,0.9335142948325972,0.9955282217872332,0.9335142948325972,0.06648570516740282,0.004471778212766786,-0.918776
1069,4.454167,walk,0.317641,-1.568747,0.920549,0.016874,0.003907,-0.322075,-0.08039356851451632,0.06935445164392104,0.016318694504430065,0.12705962208054802,-0.018965721508230553,0.2654122081309391,-0.023758099352056698,-0.012718982481368163,-0.008159347252220185,0.0,0.006239500839899366,0.0019198464122871252,-0.11666000000000001,0.16198599999999996,-0.918878,0.05706899999999998,-0.06267100000000014,-0.919686,0.173729,0.2246570000000001,0.0008080000000000309,0.9449923148591054,0.9891196940175435,0.9449923148591054,0.0550076851408946,0.010880305982456484,-0.918878
1070,4.458333,walk,0.317296,-1.568463,0.920586,0.016634,0.0039,-0.322584,-0.08281325012002197,0.06817090734516885,0.008881421027380626,0.1056545466484199,0.044096218286812504,0.2578237806816407,-0.018482957273163667,-0.009841574651988245,-0.006721075372060069,0.00048007681229048457,0.004560729716752941,0.0012001920307249882,-0.11639200000000002,0.16166099999999983,-0.9189430000000001,0.05741599999999997,-0.0629360000000001,-0.919718,0.173808,0.22459699999999994,0.0007749999999999702,0.9555966253126686,0.9920993688357638,0.9555966253126686,0.044403374687331354,0.007900631164236227,-0.9189430000000001
1071,4.4625,walk,0.316922,-1.568155,0.920625,0.016351,0.004,-0.323096,-0.08975281977441285,0.07391408687303176,0.00935925125990034,0.14170614676920046,0.002160921890721641,0.26036918622045563,-0.016078713702903834,-0.00431965442760942,-0.002399808015358376,0.0014398848092164616,0.004799616030748182,0.000959923206143371,-0.116085,0.161335,-0.918992,0.057796000000000014,-0.06322399999999995,-0.919753,0.173881,0.22455899999999995,0.0007610000000000117,0.9643551245358526,0.9914965636246738,0.9643551245358526,0.03564487546414741,0.008503436375326245,-0.918992
1072,4.466667,walk,0.316532,-1.567858,0.920739,0.016076,0.004189,-0.323746,-0.0935925125989967,0.07127429805615677,0.027357811375078638,0.15124082065687086,-0.038506038391884184,0.3310132742521606,-0.010799136069112442,0.0004799616030855778,-0.0014398848092153115,0.0,0.005279577633781497,0.003359731221502411,-0.11573999999999998,0.16104000000000007,-0.9191119999999999,0.058186000000000015,-0.06349899999999997,-0.9198529999999999,0.173926,0.22453900000000004,0.0007409999999999917,0.9744145456083508,0.9895701105428432,0.9744145456083508,0.025585454391649165,0.010429889457156838,-0.9191119999999999
1073,4.470833,walk,0.316145,-1.567578,0.920878,0.01576,0.004339,-0.324418,-0.09289486317810883,0.06721075372061454,0.03336533845415536,0.16372988930062582,-0.014277306776828643,0.3421089541373316,-0.009121459433512544,0.004800768122878196,0.0004800768122900161,-0.0014402304368714535,0.0052808449351820054,0.0031204992798850267,-0.11539100000000002,0.16077999999999992,-0.919249,0.05856699999999998,-0.06375700000000006,-0.919979,0.173958,0.224537,0.0007300000000000084,0.9755019000958636,0.9894987960086459,0.9755019000958636,0.024498099904136428,0.010501203991354124,-0.919249
1074,4.475,walk,0.315777,-1.567315,0.920993,0.01551,0.00444,-0.32496,-0.08831293496521521,0.06311495080391509,0.027597792176621425,0.1267047548581639,-0.0031995464210464344,0.2756560777722089,-0.008159347252215033,0.005279577633781497,-0.0007199424046076558,-0.0007199424046017234,0.005279577633781497,0.0009599232061435756,-0.11505699999999996,0.160539,-0.9193669999999999,0.05893200000000004,-0.063998,-0.92009,0.173989,0.224537,0.0007230000000000292,0.9765281469448606,0.9909763105570266,0.9765281469448606,0.023471853055139436,0.009023689442973382,-0.9193669999999999
1075,4.479167,walk,0.315394,-1.567047,0.921114,0.015205,0.004496,-0.325513,-0.09191264698821755,0.06431485481158869,0.029037676985845327,0.1446018685460015,0.02587731298765249,0.2808982668222224,-0.005759539236859186,0.006959443244552892,-0.0014398848092150565,-0.0019198464122886156,0.004799616030694896,0.0035997120230375373,-0.114698,0.1603000000000001,-0.919494,0.059307,-0.06424600000000003,-0.920196,0.174005,0.22454600000000013,0.0007019999999999804,0.9777339248439619,0.9895013160960155,0.9777339248439619,0.022266075156038068,0.010498683903984452,-0.919494
1076,4.483333,walk,0.315059,-1.566747,0.921284,0.014883,0.004343,-0.326084,-0.08041286605858287,0.07201152184354603,0.040806529044651214,0.11960892870485398,0.12351671317438696,0.28858387875795766,-0.00768122899664109,0.0052808449351820054,-0.00024003840614498202,-0.0016802688430100335,0.00504080652905675,0.0033605376860300347,-0.11439499999999997,0.1600219999999999,-0.919665,0.05963500000000005,-0.06452500000000017,-0.920352,0.17403000000000002,0.22454700000000005,0.0006869999999999932,0.977589173788167,0.9895216827862645,0.977589173788167,0.02241082621183299,0.010478317213735489,-0.919665
1077,4.4875,walk,0.314664,-1.566482,0.921415,0.014425,0.004385,-0.326555,-0.09479241660667068,0.06359491240700067,0.03143748500119947,0.21225635118152925,0.05566586732041106,0.2393467386259518,-0.007679385649149438,0.006959443244554375,0.0011999040076794436,0.0,0.005039596832265351,0.0004799616030717878,-0.114032,0.15978599999999998,-0.919791,0.06003000000000003,-0.06476900000000008,-0.920481,0.17406200000000002,0.22455500000000006,0.0006899999999999684,0.9757117389654382,0.9915626657428291,0.9757117389654382,0.02428826103456183,0.008437334257170859,-0.919791
1078,4.491667,walk,0.31426,-1.566273,0.921564,0.013939,0.004475,-0.327047,-0.09695224382050249,0.0501559875209775,0.035757139428863105,0.2323874775160234,0.038412686785332564,0.25036055535020074,-0.010559155267582975,0.010319174466046847,0.0014398848092153115,-0.000719942404615045,0.004319654427663628,0.0009599232061435496,-0.113672,0.1596200000000001,-0.919934,0.06043100000000001,-0.0649599999999999,-0.920626,0.174103,0.22458,0.0006920000000000259,0.9683562827605282,0.9925279810845749,0.9683562827605282,0.03164371723947179,0.007472018915425149,-0.919934
1079,4.495833,walk,0.313876,-1.566017,0.921754,0.013428,0.004503,-0.327483,-0.0921747479596601,0.06144983197311562,0.045607297167519684,0.23429678040776655,0.0701377415624505,0.22167348139562337,-0.011041766682665466,0.011041766682665466,0.0016802688430146721,-0.0016802688430096753,0.004800768122877172,0.003600576092174249,-0.11333399999999999,0.15941000000000005,-0.920117,0.06080800000000003,-0.06519600000000003,-0.920801,0.17414200000000002,0.22460600000000008,0.0006840000000000179,0.9669840713666986,0.9896137342089073,0.9669840713666986,0.033015928633301383,0.010386265791092697,-0.920117
1080,4.5,walk,0.313499,-1.565758,0.921937,0.013089,0.004565,-0.327963,-0.09047276217902038,0.06215502759779723,0.043916486681078136,0.16138118963325998,0.027913664642478655,0.24424847742813932,-0.011519078473720827,0.010319174466046847,0.002399808015358887,-0.0014398848092167685,0.004319654427663628,0.002639788816894781,-0.11300500000000002,0.15919400000000006,-0.92029,0.06117899999999998,-0.06543699999999997,-0.920973,0.174184,0.22463100000000003,0.0006829999999999892,0.9670860751368975,0.99122801687884,0.9670860751368975,0.03291392486310252,0.00877198312116001,-0.92029
1081,4.504167,walk,0.313111,-1.565513,0.922089,0.012749,0.004612,-0.328342,-0.09311255099593777,0.058795296376304755,0.036477081833464826,0.15991453288190022,0.03431374130599607,0.19285703363994283,-0.010799136069119104,0.009359251259875691,0.0007199424046076558,-0.003119750419963004,0.0038396928245780495,0.0019198464122870992,-0.11266199999999998,0.1589879999999999,-0.920439,0.06155400000000005,-0.065666,-0.9211170000000001,0.17421600000000004,0.2246539999999999,0.0006780000000000674,0.9693723795124367,0.9911553698154147,0.9693723795124367,0.03062762048756329,0.008844630184585256,-0.920439
1082,4.508333,walk,0.312719,-1.565269,0.922207,0.012496,0.004519,-0.328696,-0.09409505520880831,0.05856937109934668,0.028324531925092575,0.09853602481676181,0.08394872180278455,0.17941514382712606,-0.008641382621213554,0.0076812289966461155,-0.0012001920307247583,-0.0007201152184422357,0.0038406144983230577,0.001440230436869689,-0.11230600000000002,0.15877600000000003,-0.920562,0.06194299999999997,-0.0658939999999999,-0.921229,0.174249,0.22466999999999993,0.0006669999999999732,0.973956820270758,0.9930591488346474,0.973956820270758,0.026043179729241972,0.006940851165352591,-0.920562
1083,4.5125,walk,0.312323,-1.565046,0.922332,0.012346,0.004476,-0.329147,-0.09503239740821347,0.05351571874252326,0.02999760019199603,0.05930160079598598,0.04552476606537593,0.2287774503622327,-0.00623950083993267,0.0088792896568434,-0.002159827213822967,-0.0035997120230352605,0.004079673626094195,0.004799616030717774,-0.11193600000000001,0.15859,-0.9206960000000001,0.06232399999999999,-0.06610000000000005,-0.921334,0.17426,0.22469000000000006,0.0006379999999999164,0.9751780483426737,0.9879079941942166,0.9751780483426737,0.024821951657326258,0.012092005805783401,-0.9206960000000001
1084,4.516667,walk,0.312048,-1.564938,0.922785,0.01182,0.002248,-0.330246,-0.06599472042237528,0.02591792656587519,0.10871130309573947,-0.1181588409446696,1.0984861671867199,0.5444181845922653,-0.007919366450685566,0.005279577633781497,0.0,-0.0026397888168907483,0.0019198464122890248,0.0011999040076794436,-0.11169399999999999,0.15850399999999998,-0.921149,0.06258800000000003,-0.06620000000000004,-0.921782,0.17428200000000002,0.22470400000000001,0.0006329999999999947,0.9778068434404882,0.9942039129884882,0.9778068434404882,0.022193156559511817,0.005796087011511797,-0.921149
1085,4.520833,walk,0.31162,-1.564718,0.922907,0.011481,0.002008,-0.330664,-0.10273643783005709,0.05280844935187335,0.029284685549706233,0.11430098115066076,0.16471121297442082,0.21075651407736998,-0.008161305808931575,0.0072011521843439435,-0.0019203072491600123,-0.00048007681229048457,0.0024003840614657476,0.0004800768122900161,-0.11130000000000001,0.15831400000000007,-0.9212790000000001,0.06301400000000001,-0.06640999999999986,-0.921902,0.17431400000000002,0.22472399999999992,0.0006229999999999292,0.9753496696539938,0.9958424128478647,0.9753496696539938,0.024650330346006166,0.0041575871521353225,-0.9212790000000001
1086,4.525,walk,0.311049,-1.564348,0.922721,0.011821,0.004266,-0.330365,-0.13702903767696006,0.08879289656825522,-0.044636429085670344,0.20515777227955787,-1.078233182073232,-0.13791189368314566,-0.009119270458364262,0.005279577633780371,-0.001199904007679188,-0.0016798656107591993,0.0033597312214917554,0.0033597312215016945,-0.11076700000000003,0.15796600000000005,-0.921098,0.06357799999999997,-0.06676599999999988,-0.921702,0.174345,0.22473199999999993,0.0006040000000000489,0.9762843102200011,0.9916006719462522,0.9762843102200011,0.02371568977999894,0.008399328053747768,-0.921098
1087,4.529167,walk,0.310681,-1.564103,0.922807,0.011965,0.004375,-0.330664,-0.08831293496521521,0.058795296376304755,0.020638348932093695,-0.0491641202689237,-0.07072979407884222,0.15272883164475307,-0.006719462443004926,0.004559635229179773,-0.0011999040076794436,-0.002399808015361281,0.0,0.003359731221502463,-0.110427,0.15774,-0.921189,0.06393599999999999,-0.06701099999999993,-0.9217740000000001,0.174363,0.22475099999999992,0.0005850000000000577,0.9804689893796612,0.99311869029114,0.9804689893796612,0.019531010620338796,0.006881309708860028,-0.921189
1088,4.533333,walk,0.310323,-1.563824,0.922857,0.012086,0.004343,-0.330905,-0.08593374939990346,0.06697071531443598,0.012001920307248788,-0.06089091676249516,-0.00350526726111367,0.12223561519595816,-0.006000960153624394,0.0026404224675910027,-0.0038406144983200766,-0.004560729716752941,0.0038406144983238765,0.0031204992798850267,-0.11009400000000003,0.15747200000000006,-0.921255,0.06427499999999997,-0.06727399999999983,-0.921811,0.174369,0.2247459999999999,0.0005560000000000009,0.9817762203621846,0.988783928813507,0.9817762203621846,0.018223779637815407,0.011216071186493037,-0.921255
1089,4.5375,walk,0.309948,-1.563553,0.922909,0.012138,0.004341,-0.331163,-0.08999280057596144,0.0650347972162574,0.012479001679852017,-0.024938915048419837,-0.006048128775972795,0.13133485387437693,-0.0043196544276436445,0.0019198464122890248,-0.003599712023038279,-0.0014398848092167685,-0.0011999040076873012,-0.00023998080153591993,-0.109737,0.15720899999999993,-0.921322,0.06464399999999998,-0.06755,-0.921864,0.17438099999999998,0.22475899999999993,0.0005420000000000424,0.9846772574968897,0.9968506487984812,0.9846772574968897,0.015322742503110276,0.003149351201518824,-0.921322
1090,4.541667,walk,0.30966,-1.56345,0.923221,0.011726,0.002317,-0.332045,-0.06911447084232356,0.02471802255818262,0.07487401007917607,-0.13870514664243289,0.9865474459752389,0.43567622128810063,-0.005759539236859186,0.0011999040076870456,-0.0014398848092150565,-0.00023998080152941612,0.004079673626093325,0.002399808015358376,-0.10947299999999999,0.157111,-0.9216399999999999,0.06493100000000002,-0.06763600000000003,-0.9221659999999999,0.174404,0.22474700000000003,0.0005260000000000264,0.9846452640075807,0.9921012648355853,0.9846452640075807,0.015354735992419322,0.00789873516441475,-0.9216399999999999
1091,4.545833,walk,0.309145,-1.563084,0.923021,0.01225,0.004167,-0.331806,-0.12361977916467319,0.08785405664909204,-0.04800768122899515,0.05830009129812876,-0.9224810706391389,-0.10970629680400758,-0.001680268843016696,-0.00024003840612525507,-0.0031204992798850267,-0.004560729716752941,0.001440230436858129,0.0012001920307250142,-0.108965,0.156744,-0.921453,0.06542700000000001,-0.06799600000000017,-0.921961,0.17439200000000002,0.22474000000000016,0.000508000000000064,0.988999593300149,0.991781629627079,0.988999593300149,0.011000406699851029,0.008218370372920947,-0.921453
1092,4.55,walk,0.30874,-1.562832,0.922997,0.012435,0.004119,-0.332029,-0.09719222462203196,0.06047516198702435,-0.005759539236867074,-0.09232115096542652,-0.0065819326679396875,0.11320574872759585,-0.0016798656107528966,-0.001679865610772879,-0.002159827213822967,-0.000719942404615045,0.0009599232061711556,0.0019198464122870992,-0.10856700000000002,0.15648499999999999,-0.921438,0.06582899999999997,-0.06824399999999997,-0.921929,0.174396,0.22472899999999996,0.0004910000000000192,0.9897387928324489,0.9962267094104009,0.9897387928324489,0.010261207167551079,0.0037732905895990765,-0.921438
1093,4.554167,walk,0.308351,-1.562579,0.922948,0.012684,0.004209,-0.332195,-0.09335253179746723,0.06071514278859378,-0.011759059275250294,-0.09907534975207896,-0.07955481321377006,0.08507171221747331,-0.0007199424046083842,-0.0026397888168907483,-0.003599712023038331,-0.0011999040076739796,0.0028797696184068937,0.0038396928245741984,-0.108181,0.15622099999999994,-0.921404,0.06621300000000002,-0.06848500000000013,-0.921864,0.17439400000000002,0.22470600000000007,0.00046000000000001595,0.9878640254054043,0.9917544483929182,0.9878640254054043,0.0121359745945957,0.008245551607081847,-0.921404
1094,4.558333,walk,0.307987,-1.562284,0.922945,0.012953,0.004376,-0.332357,-0.08737397983675628,0.07081132981274477,-0.0007201152184289109,-0.0958603701133235,-0.11764891119691394,0.0835499918110088,-0.00024003840613852869,-0.00264042246759044,-0.005520883341333878,-0.0019203072491615289,0.0019203072491615289,0.0024003840614495167,-0.107818,0.15591500000000003,-0.921424,0.06656899999999999,-0.06877200000000006,-0.921851,0.174387,0.22468700000000008,0.0004269999999999552,0.9855224861400487,0.9939591659183278,0.9855224861400487,0.01447751385995133,0.0060408340816722195,-0.921424
1095,4.5625,walk,0.307636,-1.562005,0.922945,0.013215,0.004578,-0.332548,-0.08423326133909437,0.06695464362849314,0.0,-0.08721506714125724,-0.13218885887151993,0.0986431723634236,0.0007199424046017234,-0.00287976961846018,-0.003359731221502411,-0.0009599232061445124,0.0011999040076873012,0.002159827213823019,-0.10746400000000003,0.15562399999999998,-0.921438,0.06691599999999998,-0.06904599999999994,-0.921842,0.17438,0.22466999999999993,0.00040400000000007097,0.9884879810845751,0.995582209016397,0.9884879810845751,0.01151201891542486,0.004417790983602954,-0.921438
1096,4.566667,walk,0.30728,-1.561706,0.922908,0.013398,0.004672,-0.332755,-0.08543316534678166,0.07175425965924236,-0.0088792896568434,-0.06876486920051854,-0.07060893434258841,0.10617142052096727,-0.0004799616030722562,-0.003359731221492472,-0.002879769618430675,-0.00023998080152946727,0.0019198464122890248,0.0016798656107512315,-0.10711000000000001,0.15531099999999998,-0.9214129999999999,0.06727100000000003,-0.06933699999999998,-0.9217979999999999,0.17438100000000004,0.22464799999999996,0.0003849999999999687,0.9887316986677221,0.9957295103383588,0.9887316986677221,0.011268301332277852,0.00427048966164123,-0.9214129999999999
1097,4.570833,walk,0.306921,-1.561446,0.922884,0.01357,0.004771,-0.333016,-0.08617378780603699,0.06240998559772304,-0.005760921747457937,-0.06323374694432844,-0.07082277885324034,0.1334134720099816,0.0,-0.0007201152184289109,-0.004800768122899033,-0.01104176668267879,0.000480076812303707,0.006721075372058584,-0.10675100000000001,0.15504799999999985,-0.921409,0.06758399999999998,-0.06959500000000007,-0.9217460000000001,0.174335,0.22464299999999993,0.0003370000000000317,0.9885392061065169,0.9784410408300273,0.9784410408300273,0.01146079389348309,0.021558959169972747,-0.921409
1098,4.575,walk,0.306676,-1.561191,0.922928,0.012781,0.004362,-0.332823,-0.05879529637629143,0.06119510439162607,0.010559155267562993,0.29263001771427766,0.3101160022624641,-0.10113878843817939,0.0009599232061445124,-0.0035997120230086173,-0.002399808015358887,0.008639308855300612,0.003119750419976326,-0.004319654427645986,-0.10650200000000001,0.15477800000000008,-0.9214629999999999,0.06786500000000001,-0.06983699999999993,-0.921808,0.17436700000000002,0.224615,0.0003450000000000397,0.9891641167456522,0.983082724595969,0.983082724595969,0.010835883254347811,0.016917275404030985,-0.9214629999999999
1099,4.579167,walk,0.306378,-1.560897,0.922818,0.013385,0.00458,-0.332903,-0.07151427885769956,0.07055435565155505,-0.026397888168934125,-0.23891836984479722,-0.19472949434265677,0.04234715307793736,0.0004799616030722562,-0.004079673626147482,-0.004319654427645986,-0.023038156947454976,0.012958963282937596,0.027357811375091284,-0.10620199999999999,0.1544669999999999,-0.921371,0.06806699999999999,-0.07007699999999994,-0.9215840000000001,0.17426899999999998,0.22454399999999985,0.00021300000000001873,0.9879350009211838,0.936597817069232,0.936597817069232,0.012064999078816196,0.06340218293076805,-0.921371
1100,4.583333,walk,0.306049,-1.560616,0.922804,0.013573,0.004783,-0.333004,-0.0789726356216981,0.0674507921267398,-0.0033605376860467166,-0.05312625034606659,-0.12136915876246192,0.052840922093511024,0.001680268843016696,-0.0016802688429833838,-0.004080652904465007,0.004320691310614361,0.0052808449351820054,-0.0024003840614500284,-0.10586600000000002,0.15417900000000007,-0.9213739999999999,0.06841399999999997,-0.07033599999999995,-0.92158,0.17428,0.22451500000000002,0.00020600000000003948,0.9900698145411814,0.9879448558382832,0.9879448558382832,0.00993018545881863,0.012055144161716824,-0.9213739999999999
1101,4.5875,walk,0.305674,-1.560395,0.922838,0.012906,0.004487,-0.333111,-0.08999280057594226,0.053035757139426376,0.008159347252239938,0.25409670448258675,0.24118552420735126,0.052337413224672266,0.0026397888168968463,-0.0043196544276627065,-0.002159827213822559,-0.008879289656828186,0.011759059275247787,0.010559155267576822,-0.10547999999999999,0.15393999999999997,-0.921417,0.06875199999999998,-0.07050800000000002,-0.92157,0.17423199999999997,0.22444799999999998,0.00015299999999995872,0.9892968578984007,0.9697871890760521,0.9697871890760521,0.010703142101599283,0.030212810923947897,-0.921417
1102,4.591667,walk,0.305348,-1.560127,0.922835,0.012917,0.004449,-0.333203,-0.07823374130069782,0.0643148548116024,-0.0007199424046283667,-0.011455528280212512,0.01593522145078497,0.04664720051239254,0.0028797696184268765,-0.0019198464122890248,-0.004559635229181854,0.004079673626120838,-0.0038396928245780495,-0.005759539236861298,-0.10514200000000001,0.15366400000000002,-0.921433,0.06909500000000002,-0.07079199999999997,-0.9215909999999999,0.17423700000000003,0.224456,0.00015799999999999148,0.9888792749045081,0.986608536082874,0.986608536082874,0.01112072509549189,0.013391463917125979,-0.921433
1103,4.595833,walk,0.305025,-1.559843,0.922792,0.013094,0.004486,-0.333284,-0.07753240518483996,0.06817090734516885,-0.010321651464238754,-0.07455597659188176,-0.044623401988105896,0.041470468673242805,0.0012001920307262114,-0.004560729716752941,-0.0012001920307250142,-0.007441190590495848,0.010561689870364011,0.008881421027365064,-0.10481399999999999,0.15336100000000008,-0.921395,0.06938700000000003,-0.07103199999999998,-0.921511,0.17420100000000002,0.22439300000000006,0.00011600000000000499,0.9907294483386511,0.973869969926711,0.973869969926711,0.009270551661348936,0.026130030073288957,-0.921395
1104,4.6,walk,0.304665,-1.559559,0.922751,0.013185,0.004567,-0.333371,-0.08639308855291286,0.06815454763623373,-0.009839212862961268,-0.02861261066669066,-0.05073120386956701,0.04495697881571073,-0.0016798656107528966,-0.001679865610772879,-0.002159827213823019,-0.0009599232061445124,0.004079673626147482,0.0016798656107512315,-0.10446100000000003,0.15306999999999982,-0.921363,0.069743,-0.071299,-0.921463,0.17420400000000003,0.22436899999999982,9.999999999998899e-05,0.9936487928324489,0.9924746469392971,0.9924746469392971,0.0063512071675511095,0.0075253530607028996,-0.921363
1105,4.604167,walk,0.30425,-1.559315,0.922792,0.013041,0.004811,-0.333555,-0.09959203263737201,0.05855531557472284,0.009839212862959173,0.10338667350789046,-0.08633442801540217,0.09535204229955595,0.0014398848092164616,-0.0023998080153208048,-0.0047996160307167,-0.0009599232061443078,0.00431965442760942,0.0028797696184300094,-0.10404000000000002,0.15281600000000006,-0.9214239999999999,0.070154,-0.07152500000000006,-0.921492,0.17419400000000002,0.22434100000000012,6.8000000000068e-05,0.990060071272094,0.9912007039437343,0.990060071272094,0.009939928727905945,0.008799296056265726,-0.9214239999999999
1106,4.608333,walk,0.30389,-1.55907,0.922765,0.013014,0.005087,-0.333577,-0.08641382621220726,0.05880940950553772,-0.006481036965914879,0.05630771834859334,-0.12045888234672547,0.013187247361203925,0.00048007681229048457,-0.001440230436858129,-0.0021603456553050465,-0.0036005760921719717,0.004080652904502431,-0.0004800768122900161,-0.10367799999999999,0.15256500000000006,-0.921406,0.07049900000000003,-0.07175299999999996,-0.9214669999999999,0.17417700000000003,0.22431800000000002,6.099999999997774e-05,0.9949892958873523,0.9908946978102129,0.9908946978102129,0.0050107041126477014,0.009105302189787112,-0.921406
1107,4.6125,walk,0.303564,-1.558826,0.922753,0.012885,0.005189,-0.333533,-0.07823374130069782,0.058555315574735325,-0.0028797696184068937,0.07490656506159069,-0.025726835460437327,-0.021676222982011852,-0.0007199424046083842,-0.0009599232061711556,-0.002639788816894755,-0.000719942404615045,0.0038396928245780495,0.0,-0.103355,0.15231700000000004,-0.921405,0.070822,-0.07198099999999985,-0.921455,0.174177,0.2242979999999999,4.999999999999449e-05,0.9946671682370875,0.99348899264214,0.99348899264214,0.005332831762912549,0.0065110073578600325,-0.921405
1108,4.616667,walk,0.303243,-1.558591,0.922753,0.012886,0.005357,-0.333504,-0.07703383729302385,0.056395488360930154,0.0,0.026569416452734754,-0.0763251343084749,-0.013524724174283836,-0.0009599232061445124,-0.0019198464122890248,-0.002879769618430675,-0.00023998080152946727,0.005279577633781497,0.0019198464122871513,-0.10303799999999999,0.15207400000000004,-0.921417,0.07114200000000004,-0.07219399999999987,-0.921447,0.17418000000000003,0.2242679999999999,2.999999999997449e-05,0.9937138270749932,0.9906284501129156,0.9906284501129156,0.006286172925006772,0.00937154988708444,-0.921417
1109,4.620833,walk,0.303091,-1.558349,0.922679,0.013329,0.005425,-0.333292,-0.036485837734029074,0.05808929428709627,-0.017762842054730818,-0.1886167742154533,-0.102834557451258,-0.10770498014494065,-0.0002400384061451911,-0.0019203072491615289,-0.003360537686029292,-0.0004800768122903822,0.005040806529002376,-0.0002400384061449829,-0.102887,0.15182399999999996,-0.921357,0.07129200000000002,-0.07241500000000012,-0.921374,0.17417900000000003,0.22423900000000008,1.7000000000044757e-05,0.9933667681143361,0.9915511633534293,0.9915511633534293,0.006633231885663893,0.008448836646570701,-0.921357
1110,4.625,walk,0.302791,-1.558114,0.922708,0.013184,0.005537,-0.333267,-0.07199424046077182,0.056395488360930154,0.006959443244527732,0.08365304948013207,-0.027614877016091877,-0.011817275794086568,-0.0002399808015361281,-0.0007199424046017234,-0.0019198464122870992,0.00023998080152946727,0.004319654427663628,0.0011999040076794436,-0.10258799999999998,0.151586,-0.9213939999999999,0.07159300000000002,-0.07263200000000003,-0.9213979999999999,0.174181,0.22421800000000003,4.000000000004e-06,0.9965193451455745,0.9925172838437166,0.9925172838437166,0.0034806548544255023,0.0074827161562833755,-0.9213939999999999
1111,4.629167,walk,0.302487,-1.557891,0.922727,0.01319,0.005631,-0.333307,-0.07295416366690301,0.05351571874252326,0.004559635229179773,0.012119760743147308,-0.04327880000565041,0.021077058822918705,0.0007199424046083842,-0.0019198464122890248,-0.0014398848092153636,-0.0019198464122890248,0.004799616030749205,0.0007199424046076558,-0.10228100000000001,0.1513549999999999,-0.921419,0.07188899999999998,-0.07283499999999998,-0.921414,0.17417,0.2241899999999999,5.000000000032756e-06,0.9958242114595159,0.9912512706299272,0.9912512706299272,0.00417578854048406,0.00874872937007276,-0.921414
1112,4.633333,walk,0.302282,-1.557526,0.922627,0.013778,0.006006,-0.332937,-0.04920787325971754,0.08761401824289482,-0.02400384061449246,-0.2043479407869706,-0.2658210820810275,-0.18586854911970058,0.0004800768122903822,-0.0031204992798941466,-0.0007201152184348446,-0.001200192030719293,0.00264042246759044,0.0014402304368697411,-0.102074,0.15097699999999992,-0.921322,0.07208900000000001,-0.07318899999999995,-0.921308,0.174163,0.22416599999999987,1.399999999995849e-05,0.9946028414293208,0.9944628414293454,0.9944628414293454,0.005397158570679239,0.005537158570654621,-0.921308
1113,4.6375,walk,0.302035,-1.557216,0.92256,0.014012,0.006454,-0.33261,-0.05927525797936369,0.0743940484761331,-0.016078713702887278,-0.032637622263047505,-0.24197057760662694,-0.16310452403307,-0.002159827213825153,-0.0009599232061178691,-0.003359731221502411,0.001679865610746236,0.0038396928245780495,-0.002639788816894807,-0.10183600000000001,0.150663,-0.921269,0.07234299999999999,-0.07348299999999997,-0.9212520000000001,0.174179,0.22414599999999996,1.6999999999933735e-05,0.9931536506005103,0.9915747534435018,0.9915747534435018,0.006846349399489693,0.008425246556498234,-0.9212520000000001
1114,4.641667,walk,0.301778,-1.556971,0.92258,0.014097,0.006824,-0.332571,-0.06167506599472497,0.05879529637625147,0.0047996160306959185,0.020786088352515036,-0.1812531818563526,-0.01702176511956828,-0.0009599232061378516,-0.0009599232061711556,-0.0019198464122870992,0.0004799616030722562,0.0031197504199230396,-0.00023998080153586791,-0.10158299999999998,0.15041400000000005,-0.9212969999999999,0.072602,-0.07371499999999997,-0.921273,0.17418499999999998,0.22412900000000002,2.399999999991298e-05,0.9960811299211382,0.9944840596919866,0.9944840596919866,0.003918870078861825,0.0055159403080133895,-0.921273
1115,4.645833,walk,0.301515,-1.556738,0.922629,0.013943,0.007063,-0.332566,-0.06313010081613876,0.05592894863182146,0.011761881901123534,0.10790916668811196,-0.08362870413559129,-0.000620438575503128,-0.00024003840614524228,-0.0016802688429833838,-0.0019203072491600123,-0.00048007681229048457,0.0021603456553404925,0.0014402304368699962,-0.10132099999999997,0.15017400000000003,-0.921354,0.07286300000000001,-0.07393899999999998,-0.921316,0.17418399999999998,0.224113,3.799999999998249e-05,0.9957284852568627,0.9952192958872932,0.9952192958872932,0.00427151474313725,0.004780704112706813,-0.921316
1116,4.65,walk,0.301232,-1.556523,0.922637,0.013729,0.007187,-0.332566,-0.06791456683463651,0.05159587233016995,0.0019198464122886156,0.11665821149645601,-0.02195470904501982,0.0012360354582376374,0.0,-0.0016798656107725209,-0.0004799616030716855,0.0007199424046148916,0.003839692824577231,0.0014398848092150565,-0.10103799999999999,0.14995200000000009,-0.9213640000000001,0.07314900000000002,-0.07413799999999982,-0.9213180000000001,0.174187,0.2240899999999999,4.599999999999049e-05,0.9970881889891344,0.9926008145056737,0.9926008145056737,0.0029118110108655726,0.007399185494326277,-0.9213180000000001
1117,4.654167,walk,0.300928,-1.55631,0.922665,0.013528,0.007431,-0.332552,-0.07295416366691633,0.051115910727148654,0.006719462442984944,0.13000358383040034,-0.07841792184498954,-0.004992689228176776,-0.0011999040076806405,0.0007199424046017234,-0.0011999040076794436,0.0007199424046017234,0.0019198464122890248,-0.002399808015358887,-0.10073899999999997,0.14974200000000004,-0.9213969999999999,0.07345600000000002,-0.07434299999999983,-0.921356,0.174195,0.22408499999999987,4.099999999995774e-05,0.9969277874778568,0.9943292422854308,0.9943292422854308,0.0030722125221431806,0.005670757714569152,-0.921356
1118,4.658333,walk,0.300661,-1.556085,0.922633,0.013825,0.007793,-0.332496,-0.0640902544407064,0.054008641382659525,-0.007681228996621103,-0.07637853752409136,-0.21161181259565154,-0.025975126098205552,0.00048007681229048457,-0.001440230436858129,0.0012001920307250142,0.0019203072491619383,0.0026404224675910027,-0.00024003840614503406,-0.10047,0.14951099999999995,-0.9213600000000001,0.07373099999999999,-0.07455699999999998,-0.9213250000000001,0.174201,0.22406799999999993,3.500000000000725e-05,0.9967745808336282,0.9941938543379027,0.9941938543379027,0.003225419166371757,0.005806145662097251,-0.9213250000000001
1119,4.6625,walk,0.300445,-1.555848,0.922628,0.013968,0.007932,-0.332345,-0.05183585313175038,0.05687544996401573,-0.0011999040076873012,-0.04164143744867329,-0.08654564978709924,-0.07593289153269045,0.001679865610746236,-0.0019198464122890248,-0.00023998080153591993,0.0011999040076739796,0.0031197504199230396,-0.0019198464122870992,-0.10024700000000003,0.1492659999999999,-0.921356,0.07395199999999996,-0.07478100000000021,-0.921328,0.174199,0.2240470000000001,2.799999999991698e-05,0.9957295103383632,0.9932955625933702,0.9932955625933702,0.004270489661636789,0.0067044374066298484,-0.921328
1120,4.666667,walk,0.300131,-1.555622,0.922641,0.013992,0.008076,-0.332309,-0.07535397168226154,0.05423566114706014,0.003119750419975661,0.012317918484216104,-0.06920419497796608,-0.01717472377521109,-0.001199904007673724,0.0004799616030854755,-0.000959923206143319,0.0009599232061443078,0.0014398848092564264,0.001199904007679188,-0.09993799999999997,0.14904200000000012,-0.921373,0.07427,-0.07500099999999987,-0.921336,0.17420799999999997,0.224043,3.6999999999953737e-05,0.9973169330723548,0.9961202950213941,0.9961202950213941,0.0026830669276451946,0.0038797049786059024,-0.921336
1121,4.670833,walk,0.299872,-1.555399,0.922686,0.014017,0.00826,-0.33228,-0.062169947191544464,0.053528564570355715,0.010801728276515914,0.01820221776901956,-0.08745409815171969,-0.013266341435315375,0.00024003840614524228,-0.0012001920307328738,0.0004800768122900161,0.0009601536245809691,0.0012001920307328738,-0.0009601536245799801,-0.09967800000000002,0.148814,-0.921416,0.07453299999999996,-0.07521899999999992,-0.921385,0.17421099999999998,0.22403299999999993,3.100000000000325e-05,0.9978087591714345,0.9966695829591554,0.9966695829591554,0.002191240828565477,0.00333041704084458,-0.921385
1122,4.675,walk,0.299695,-1.555211,0.922765,0.013739,0.008097,-0.332182,-0.04247660187186137,0.04511639068876544,0.018958483321320815,0.10049139860942843,0.11761282227236053,-0.05073084061142937,-0.0009599232061445124,-0.00023998080151614568,-0.0004799616030717878,0.0,0.0007199424046017234,0.0009599232061435236,-0.09950499999999998,0.148625,-0.9214969999999999,0.07471,-0.07540400000000003,-0.92146,0.17421499999999998,0.22402900000000003,3.6999999999953737e-05,0.9981671163527152,0.9976301599872069,0.9976301599872069,0.0018328836472848442,0.0023698400127930563,-0.92146
1123,4.679167,walk,0.299511,-1.55502,0.922746,0.014013,0.008145,-0.332087,-0.04415646748259428,0.04583633309331388,-0.004559635229179773,-0.11581078186516784,-0.06592571569977743,-0.048372967796759016,-0.0009599232061445124,0.00023998080151614568,0.0,0.000719942404615045,0.00047996160303229136,-0.0014398848092153115,-0.09932500000000002,0.1484350000000001,-0.9214779999999999,0.07489699999999999,-0.07559300000000002,-0.9214469999999999,0.17422200000000002,0.22402800000000012,3.100000000000325e-05,0.998350889678585,0.9968902239820949,0.9968902239820949,0.001649110321415015,0.003109776017905075,-0.9214469999999999
1124,4.683333,walk,0.299336,-1.554803,0.922755,0.014201,0.00829,-0.331995,-0.04200672107537513,0.05208833413348648,0.0021603456553133823,-0.06144800677974879,-0.09612876218823234,-0.04603742417739363,-0.002400384061451911,0.0,-0.0012001920307247583,0.001200192030719293,-0.0002400384061252039,0.00048007681228991373,-0.09916,0.14821799999999996,-0.921492,0.075077,-0.07581100000000007,-0.921454,0.174237,0.22402900000000003,3.799999999998249e-05,0.9955271483887396,0.9974287591714615,0.9955271483887396,0.004472851611260431,0.0025712408285385457,-0.921454
1125,4.6875,walk,0.299172,-1.554616,0.922746,0.014333,0.008446,-0.33186,-0.03935685145188504,0.044876409887196,-0.002159827213831814,-0.03405758863044018,-0.0923951040813229,-0.06758353831252736,0.0011999040076806405,0.0,-0.0007199424046076558,0.001679865610746236,0.00023998080151614568,0.00047996160307173583,-0.098991,0.14803100000000002,-0.9214859999999999,0.07524799999999998,-0.07599700000000009,-0.9214429999999999,0.17423899999999998,0.22402800000000012,4.300000000001525e-05,0.9976678058175947,0.9966308474408772,0.9966308474408772,0.002332194182405267,0.0033691525591228455,-0.9214429999999999
1126,4.691667,walk,0.29873,-1.554346,0.922839,0.013773,0.008446,-0.331931,-0.10607151427886204,0.06479481641468797,0.02231821454283993,0.25310234673809895,0.08961637285639655,0.037118945752169986,-0.0026397888168974088,0.0014398848092034469,0.0014398848092153115,0.0002399808015427889,0.0011999040076873012,0.0004799616030717878,-0.09856000000000001,0.14776699999999998,-0.921573,0.07569100000000001,-0.07626200000000005,-0.921534,0.17425100000000002,0.22402900000000003,3.900000000001125e-05,0.9944434669268707,0.997419285027163,0.9944434669268707,0.0055565330731293106,0.0025807149728369616,-0.921534
1127,4.695833,walk,0.298494,-1.554146,0.922844,0.013918,0.00854,-0.331885,-0.0566490638502118,0.04800768122898492,0.001200192030732618,-0.05039656974128021,-0.06591588821776603,-0.02302574348123245,0.0012001920307259555,0.0,0.0007201152184348446,0.0007201152184289109,0.0,-0.0024003840614495167,-0.09831899999999999,0.147567,-0.921575,0.07593,-0.07646200000000003,-0.921549,0.174249,0.22402900000000003,2.6000000000081513e-05,0.9976672460014206,0.9955632091098967,0.9955632091098967,0.002332753998579351,0.004436790890103293,-0.921549
1128,4.7,walk,0.298348,-1.553983,0.922928,0.013667,0.008348,-0.331796,-0.03503719702423474,0.03911687065038222,0.020158387329008116,0.08364630425082763,0.12645172899716448,-0.04627764996958429,-0.0011999040076806405,0.0007199424046017234,0.0,0.0004799616030722562,-0.0016798656107195925,0.00023998080153591993,-0.09817800000000002,0.14740699999999984,-0.921659,0.07607799999999998,-0.07663200000000003,-0.921632,0.174256,0.22403899999999988,2.6999999999999247e-05,0.9976678058175997,0.9967908474409148,0.9967908474409148,0.002332194182400271,0.00320915255908516,-0.921632
1129,4.704167,walk,0.298179,-1.553785,0.922958,0.013941,0.008481,-0.331686,-0.04055675545955902,0.04751619870408676,0.007199424046070521,-0.1021977783688262,-0.10442967312339826,-0.055437652063186266,0.0019198464122890248,-0.0004799616030855778,-0.0019198464122870992,0.0002399808015427889,0.0007199424046017234,-0.0004799616030717878,-0.09800100000000003,0.14720699999999987,-0.921697,0.07624799999999998,-0.07682699999999998,-0.9216639999999999,0.17424900000000001,0.22403399999999984,3.300000000006076e-05,0.9954047175053626,0.9981734567687537,0.9954047175053626,0.004595282494637365,0.0018265432312463137,-0.9216639999999999
1130,4.708333,walk,0.298021,-1.55356,0.922896,0.014134,0.008632,-0.331465,-0.03792606817092163,0.05400864138260623,-0.014882381180965047,-0.06196373564101967,-0.10029180012184259,-0.1114751900275726,-0.0009601536245809691,-0.0007201152184290645,0.0014402304368699962,0.0019203072491619383,-0.001440230436858129,-0.0004800768122900161,-0.09784699999999999,0.14697899999999997,-0.921629,0.07641400000000004,-0.07705799999999985,-0.9216040000000001,0.17426100000000003,0.22403699999999982,2.4999999999941735e-05,0.996875400193671,0.9956701316101921,0.9956701316101921,0.0031245998063289537,0.004329868389807867,-0.9216040000000001
1131,4.7125,walk,0.29761,-1.55332,0.92297,0.013615,0.008641,-0.331539,-0.09863210943122772,0.057595392368605176,0.01775857931362973,0.2359846752985853,0.07892054696637903,0.038579027356092394,0.0007199424046082308,-0.0009599232061176645,0.0007199424046075543,0.0,-0.0007199424046548565,-0.000959923206143319,-0.09743299999999999,0.14673500000000006,-0.9217,0.07682500000000003,-0.07730100000000006,-0.921682,0.17425800000000002,0.22403600000000012,1.799999999996249e-05,0.9976678058176256,0.9978201599871541,0.9976678058176256,0.002332194182374403,0.0021798400128458795,-0.921682
1132,4.716667,walk,0.297404,-1.553107,0.922967,0.013771,0.008657,-0.331471,-0.0494360451163891,0.051115910727148654,-0.0007199424046017234,-0.06766368155789926,-0.03242490957786778,-0.034671052823903044,0.0004799616030722562,-0.0007199424046017234,0.00047996160307173583,0.0014398848092167685,-0.0011999040076340148,-0.0007199424046077078,-0.097225,0.14651900000000007,-0.9216949999999999,0.07703700000000002,-0.0775189999999999,-0.921682,0.17426200000000003,0.22403799999999996,1.2999999999929734e-05,0.9983508896785854,0.9965236276036987,0.9965236276036987,0.0016491103214145708,0.003476372396301275,-0.921682
1133,4.720833,walk,0.297204,-1.552901,0.923008,0.013866,0.008732,-0.331433,-0.04800768122899515,0.049447911665853286,0.009841574651961596,-0.030857004851180682,-0.049288167002145986,-0.01885844660975625,-0.0014402304368714535,0.00024003840612525507,-0.0014402304368699962,-0.00048007681229048457,0.0,-0.0014402304368699962,-0.09703100000000003,0.14631400000000006,-0.9217420000000001,0.077235,-0.07772499999999982,-0.921729,0.17426600000000003,0.22403899999999988,1.3000000000040757e-05,0.9965818515981306,0.9973397730355505,0.9965818515981306,0.003418148401869381,0.0026602269644494525,-0.921729
1134,4.725,walk,0.297067,-1.552716,0.923084,0.013706,0.008573,-0.331401,-0.032877369810416245,0.04439644828416371,0.01823854091671909,0.04738344842192049,0.0972916497488548,-0.017262228452921902,0.0014398848092167685,0.0002399808015694321,-0.0009599232061435236,0.0019198464122757032,0.0007199424046017234,-0.0009599232061435236,-0.09688800000000003,0.1461300000000001,-0.921822,0.07737999999999995,-0.07790699999999995,-0.921809,0.17426799999999998,0.22403700000000004,1.3000000000040757e-05,0.997088188989159,0.9960967094104436,0.9960967094104436,0.0029118110108410367,0.0039032905895564074,-0.921809
1135,4.729167,walk,0.296917,-1.552521,0.923086,0.014004,0.008621,-0.331402,-0.0359971202303849,0.04679625629947506,0.00047996160305883225,-0.12732837002546513,-0.06914692433027084,0.0003376484502747041,0.0,-0.00023998080156938096,-0.00023998080153586878,0.0,0.0,-0.000959923206143371,-0.09673799999999999,0.145934,-0.921825,0.07752999999999999,-0.0781019999999999,-0.9218149999999999,0.17426799999999998,0.2240359999999999,1.0000000000065512e-05,0.9994343598262252,0.998300127989761,0.998300127989761,0.0005656401737748062,0.001699872010239023,-0.9218149999999999
1136,4.733333,walk,0.296807,-1.552311,0.923019,0.014197,0.008611,-0.331277,-0.02640422467595,0.0504080652904609,-0.01608257321169792,-0.08820362024635726,-0.026847914148216606,-0.06399890578844739,0.0014402304368714535,0.00024003840617855429,-0.00024003840614498202,0.002160345655313843,-0.00048007681230380936,-0.0033605376860300087,-0.09662199999999999,0.1457250000000001,-0.921759,0.07764900000000002,-0.078314,-0.9217620000000001,0.174271,0.2240390000000001,3.000000000086267e-06,0.9975038398131709,0.9932937051471162,0.9932937051471162,0.0024961601868290773,0.006706294852883765,-0.921759
1137,4.7375,walk,0.296671,-1.552124,0.923018,0.014422,0.008873,-0.331371,-0.03263738900887345,0.044876409887196,-0.0002399808015427889,-0.06087388589179669,-0.15392672986132602,0.049618632333232826,0.0009599232061445124,-0.0004799616030855778,0.0014398848092153115,0.0007199424046017234,-0.0007199424046017234,-0.0019198464122871513,-0.09648200000000001,0.1455360000000001,-0.921752,0.07778799999999997,-0.07850399999999991,-0.9217690000000001,0.17426999999999998,0.22404000000000002,1.7000000000044757e-05,0.9968369135374907,0.9963781356938959,0.9963781356938959,0.0031630864625092903,0.0036218643061041167,-0.921752
1138,4.741667,walk,0.296547,-1.551936,0.923011,0.014502,0.009055,-0.331436,-0.029757619390453238,0.04511639068876544,-0.001679865610746236,-0.0077252789077659235,-0.09478448752663889,0.034325358244053056,0.004079673626107516,-0.001679865610772879,-0.0004799616030717878,-0.0014398848092167685,0.0004799616030855778,0.00023998080153591993,-0.09634100000000001,0.14534099999999994,-0.921747,0.07790599999999998,-0.07868999999999993,-0.921761,0.17424699999999999,0.22403099999999987,1.4000000000069512e-05,0.9924632949328326,0.9974389551886023,0.9924632949328326,0.007536705067167415,0.002561044811397739,-0.921747
1139,4.745833,walk,0.296424,-1.551718,0.923015,0.014524,0.009274,-0.331524,-0.029524723955825193,0.05232837253961169,0.0009601536245807644,0.024270731353045447,-0.10220922010682736,0.046532148829393064,0.002400384061451911,-0.0007201152184289109,-0.0007201152184348446,0.003600576092184529,-0.000960153624607414,-0.0045607297167540506,-0.09620800000000002,0.14511999999999992,-0.9217540000000001,0.078044,-0.0789120000000001,-0.921784,0.17425200000000002,0.224032,2.999999999997449e-05,0.9953541924743154,0.9901841541475387,0.9901841541475387,0.004645807525684553,0.009815845852461313,-0.9217540000000001
1140,4.75,walk,0.296279,-1.551491,0.923008,0.014506,0.009562,-0.331597,-0.03479721622270527,0.05447564194864113,-0.001679865610746236,0.05344846970028795,-0.12714598958066115,0.03975242369159362,0.0009599232061445124,-0.0007199424046017234,-0.0007199424046076558,-0.004799616030722562,-0.0026397888168907483,0.00023998080153586791,-0.096059,0.14488999999999996,-0.9217500000000001,0.07816899999999999,-0.07915000000000005,-0.921776,0.174228,0.22404000000000002,2.599999999997049e-05,0.9974078058176004,0.9908618033286929,0.9908618033286929,0.002592194182399643,0.009138196671307108,-0.9217500000000001
1141,4.754167,walk,0.296136,-1.551257,0.922972,0.014373,0.009613,-0.331658,-0.03431725461963301,0.056155507559360725,-0.008639308855300612,0.06791063346220878,-0.0015888097409879134,0.03176502754947208,0.0004799616030722562,-0.00023998080151614568,0.0004799616030717878,0.00023998080152946727,-0.0004799616030855778,-0.0007199424046076558,-0.095914,0.1446550000000002,-0.921712,0.07831299999999997,-0.07938599999999996,-0.921743,0.17422699999999997,0.22404100000000016,3.100000000000325e-05,0.9984900959923311,0.9985034567687394,0.9984900959923311,0.0015099040076689274,0.001496543231260583,-0.921712
1142,4.758333,walk,0.29598,-1.551039,0.922963,0.014225,0.009707,-0.331815,-0.037445991358609834,0.05232837253961169,-0.0021603456553133823,0.0808882453173882,-0.018166984405872225,0.08102363568254488,0.0031204992798808217,-0.0031204992798941466,0.001440230436869689,0.001200192030732618,0.000960153624607414,-0.001920307249159603,-0.09574500000000002,0.1444240000000001,-0.921697,0.07847399999999999,-0.0795999999999999,-0.921742,0.174219,0.224024,4.499999999996174e-05,0.9918131302585099,0.9959005637837978,0.9918131302585099,0.008186869741490077,0.004099436216202235,-0.921697
