frame_id,timestamp,gait_type,root_position_x,root_position_y,root_position_z,root_orientation_x,root_orientation_y,root_orientation_z,root_linear_velocity_x,root_linear_velocity_y,root_linear_velocity_z,root_angular_velocity_x,root_angular_velocity_y,root_angular_velocity_z,left_linear_velocity_x,left_linear_velocity_y,left_linear_velocity_z,right_linear_velocity_x,right_linear_velocity_y,right_linear_velocity_z,left_pos_rel_x,left_pos_rel_y,left_pos_rel_z,right_pos_rel_x,right_pos_rel_y,right_pos_rel_z,step_length,step_width,step_height,left_contact_prob,right_contact_prob,support_type,left_swing_phase,right_swing_phase,max_foot_height
1,0.004167,walk,1.574525,1.170144,0.973238,0.007539,-0.001888,-0.094504,-0.08015358771299652,0.0921526277898157,0.0069594432445540585,0.017629500495616207,-0.012651573445252055,0.018370186789919658,0.010559155267562511,0.010559155267562511,-0.002159827213821724,-0.00023998080151613473,0.00047996160303226946,-0.0014398848092150376,-0.02620599999999995,0.13998999999999984,-0.922655,0.005237000000000158,-0.15909000000000018,-0.9231240000000001,0.03144300000000011,0.29908,0.0004690000000000527,0.9701628567161115,0.9974389551886378,0.9701628567161115,0.029837143283888534,0.002561044811362212,-0.922655
2,0.008333,walk,1.574184,1.170536,0.97327,0.007503,-0.001868,-0.094493,-0.08185309649542119,0.0940950552088209,0.007681228996620494,0.018109534635722208,-0.007966603516805693,-0.005308029806011393,0.006961113778218136,0.009361497839683694,-0.009361497839655378,0.00024003840612523602,-0.00048007681225047203,-0.0007201152184340041,-0.02583599999999997,0.139637,-0.9227259999999999,0.005579000000000001,-0.15948399999999996,-0.923159,0.03141499999999997,0.29912099999999997,0.0004330000000000167,0.9707405223214246,0.9985030975409421,0.9707405223214246,0.029259477678575396,0.0014969024590578695,-0.9227259999999999
3,0.0125,walk,1.573832,1.170929,0.973312,0.007553,-0.001791,-0.094474,-0.08447324214065993,0.09431245500362075,0.010079193664503596,-0.02041123572541161,-0.03912754105730433,-0.008801429364254806,0.006239500839899079,0.008879289656842993,-0.00527957763378958,0.0007199424046016905,0.00047996160303226935,0.000479961603070569,-0.02545799999999998,0.139281,-0.92279,0.005934000000000106,-0.1598750000000002,-0.923199,0.031392000000000087,0.2991560000000002,0.0004089999999999927,0.9757959435874346,0.9983508896786187,0.9757959435874346,0.0242040564125654,0.0016491103213812641,-0.92279
4,0.016667,walk,1.573483,1.171329,0.973338,0.007647,-0.001688,-0.094494,-0.08375329973600495,0.09599232061434027,0.006239500839952367,-0.04023285666924336,-0.05340152226789473,0.010100885380813185,0.006239500839952367,0.005999520038382945,-0.0002399808015344519,0.00047996160308555583,0.0009599232061711117,0.0009599232061444684,-0.025082999999999966,0.13890599999999997,-0.922817,0.006285000000000096,-0.16027100000000005,-0.9232210000000001,0.03136800000000006,0.299177,0.00040400000000007097,0.9815278597290793,0.9976001919846018,0.9815278597290793,0.0184721402709207,0.002399808015398186,-0.922817
5,0.020833,walk,1.573098,1.171743,0.97337,0.007634,-0.001712,-0.094565,-0.09241478636578437,0.09937590014400252,0.007681228996620495,0.00515597382720124,0.012325993374606702,0.034150792642943247,0.003120499279894565,0.008401344215076153,-0.0028804608737410136,0.0007201152184290074,0.0007201152184290074,-0.00024003840614522328,-0.024685000000000068,0.13852700000000007,-0.9228609999999999,0.006672999999999929,-0.160682,-0.9232539999999999,0.031358,0.29920900000000006,0.0003929999999999767,0.9803805524474809,0.9982561614084227,0.9803805524474809,0.019619447552519098,0.0017438385915773402,-0.9228609999999999
6,0.025,walk,1.572801,1.172147,0.973414,0.007583,-0.001769,-0.094626,-0.0712742980562068,0.09695224382051137,0.010559155267589153,0.021812295337237407,0.029776734933388664,0.02912172117325547,0.0009599232061178252,0.004079673626094008,0.0,0.00023998080151613468,-0.0007199424046016905,-0.0014398848092150374,-0.02438399999999996,0.13813999999999993,-0.922905,0.0069710000000000605,-0.16108900000000004,-0.923304,0.03135500000000002,0.29922899999999997,0.0003990000000000382,0.9890248591326758,0.9972872850239576,0.9890248591326758,0.010975140867324207,0.0027127149760424185,-0.922905
7,0.029167,walk,1.572449,1.172566,0.973433,0.007605,-0.001766,-0.094706,-0.08447324214060671,0.10055195584351992,0.004559635229179568,-0.010336392105681989,-0.002134593264406312,0.038616387731256224,0.004079673626147298,0.0040796736260940115,-0.0016798656107511558,0.00023998080156942131,0.0009599232061178259,0.000959923206142804,-0.024014999999999898,0.13773799999999992,-0.922931,0.007324000000000108,-0.1615040000000001,-0.923319,0.031339000000000006,0.299242,0.00038800000000005497,0.9861048139944171,0.9977023587527054,0.9861048139944171,0.013895186005582927,0.0022976412472945906,-0.922931
8,0.033333,walk,1.572061,1.172997,0.973464,0.007527,-0.001798,-0.094774,-0.09313490158426661,0.10345655304850454,0.007441190590495253,0.03585735565982825,0.01909264545665443,0.032587320147222466,-0.001440230436911313,0.0024003840614655555,-0.0007201152184340036,0.0012001920306794786,0.0002400384061785351,0.0009601536245808924,-0.023633000000000015,0.1373169999999999,-0.922965,0.007716999999999974,-0.16193400000000002,-0.923346,0.03134999999999999,0.29925099999999993,0.0003809999999999647,0.9913725913830487,0.9974072888869076,0.9913725913830487,0.008627408616951326,0.0025927111130924496,-0.922965
9,0.0375,walk,1.571729,1.173434,0.973477,0.007467,-0.001795,-0.094795,-0.07967362610991101,0.10487161027118334,0.003119750419976186,0.028814572404141096,0.0013735040990917897,0.010083559616822302,0.0016798656107728034,0.004799616030748989,0.011279097672185857,-0.0002399808015161349,0.0011999040076872472,-0.0007199424046083519,-0.023293999999999926,0.13690000000000002,-0.9229310000000001,0.008048000000000055,-0.162366,-0.923362,0.03134199999999998,0.29926600000000003,0.0004309999999999592,0.9750693316460033,0.9976337573861631,0.9750693316460033,0.02493066835399671,0.0023662426138368886,-0.9229310000000001
10,0.041667,walk,1.571306,1.173881,0.97351,0.007514,-0.001767,-0.094759,-0.10151187904963757,0.10727141828650438,0.007919366450671875,-0.02120227038480564,-0.01564802231470282,-0.017195955903135537,0.031677465802740785,0.01367890568753868,0.15718742500600005,0.0011999040076872453,-0.0004799616030855554,-0.0011999040076789193,-0.022739000000000065,0.13651000000000013,-0.9223089999999999,0.008475999999999928,-0.16281499999999993,-0.9234,0.031214999999999993,0.29932500000000006,0.0010910000000000641,0.720873354147201,0.9970608474408502,0.720873354147201,0.279126645852799,0.0029391525591497825,-0.9223089999999999
11,0.045833,walk,1.570903,1.174306,0.973547,0.007592,-0.001647,-0.094786,-0.0967354776764651,0.1020163226116467,0.00888142102737993,-0.03180530856485331,-0.06079669156160645,0.013538882402864572,-0.01440230436868676,-0.006240998559789135,0.01560249639942287,-0.00024003840612523626,0.0007201152184290081,-0.0007201152184356705,-0.02239599999999986,0.13605899999999993,-0.922281,0.008878000000000164,-0.16323700000000008,-0.92344,0.031274000000000024,0.299296,0.0011590000000000211,0.9515237511302357,0.9982561614084227,0.9515237511302357,0.048476248869764316,0.0017438385915773402,-0.922281
12,0.05,walk,1.570532,1.174761,0.973556,0.007657,-0.001666,-0.094868,-0.08903287736978614,0.10919126469879331,0.0021598272138050696,-0.031884807341235694,0.00642596979009625,0.039524559687292515,-0.017998560115202105,0.005759539236866806,0.011999040076794188,0.00047996160303226897,0.0021598272138050696,0.0009599232061444676,-0.02210000000000001,0.13562800000000008,-0.92224,0.009250999999999898,-0.16368300000000002,-0.923445,0.03135099999999991,0.2993110000000001,0.0012050000000000116,0.9506413243182238,0.9959803713218849,0.9506413243182238,0.04935867568177621,0.004019628678115117,-0.92224
13,0.054167,walk,1.570117,1.1752,0.973617,0.007632,-0.001748,-0.094879,-0.09959203263740209,0.1053515718742689,0.014638828893683172,0.008215967698838833,0.04035768391700319,0.004979790460573784,-0.020398368130576633,0.0028797696184067645,0.009359251259898584,0.0016798656107728034,-0.0002399808015161349,-0.0004799616030722346,-0.021770000000000067,0.1352009999999999,-0.9222619999999999,0.009673000000000043,-0.16412300000000002,-0.923508,0.03144300000000011,0.2993239999999999,0.0012460000000000804,0.9498282983238648,0.9970608474408348,0.9498282983238648,0.05017170167613516,0.0029391525591652146,-0.9222619999999999
14,0.058333,walk,1.569742,1.175667,0.973642,0.007653,-0.001776,-0.094879,-0.09001440230437205,0.11209793566970593,0.00600096015363724,-0.011311198303543733,0.012424561055729408,-8.496782066757688e-05,-0.028084493518944462,-0.00048007681225047176,0.013202112337973944,-0.0007201152184290069,0.0014402304368580138,0.0,-0.021511999999999976,0.13473200000000007,-0.922232,0.010045000000000082,-0.16458400000000006,-0.923533,0.03155700000000006,0.29931600000000014,0.0013009999999999966,0.9352624815299284,0.9973162890332677,0.9352624815299284,0.06473751847007159,0.0026837109667322556,-0.922232
15,0.0625,walk,1.569329,1.176134,0.97367,0.007688,-0.001737,-0.094888,-0.09911207103431653,0.11207103431725354,0.006719462443011285,-0.014942358751202648,-0.020193403263377097,0.004518657981688823,-0.02135829133669446,-0.0004799616030855562,0.010799136069115287,0.0007199424046016911,0.0019198464122889385,0.0023998080153578424,-0.021187999999999985,0.13426300000000002,-0.922215,0.010461000000000054,-0.16504300000000005,-0.923551,0.03164900000000004,0.29930600000000007,0.0013360000000000039,0.946743317048113,0.9947392422854323,0.946743317048113,0.05325668295188701,0.005260757714567688,-0.922215
16,0.066667,walk,1.568883,1.176606,0.97371,0.007705,-0.001826,-0.094937,-0.10703143748498824,0.1132709383249406,0.009599232061418033,-0.012153163657172705,0.04193325377991064,0.02332474580748469,-0.020158387329007176,-0.00023998080156942094,0.007199424046076847,0.00023998080151613449,0.0007199424046016899,0.0007199424046083507,-0.02082600000000001,0.13378999999999985,-0.922225,0.010907999999999918,-0.1655120000000001,-0.923588,0.03173399999999993,0.29930199999999996,0.001363000000000003,0.9506920470704857,0.9982565798962055,0.9506920470704857,0.04930795292951429,0.0017434201037944685,-0.922225
17,0.070833,walk,1.568489,1.177082,0.973731,0.007861,-0.001761,-0.09489,-0.09457513202112494,0.11425828132499331,0.005040806529056364,-0.07161896707370262,-0.03834957369618936,-0.022220533973615366,-0.012481997119524992,0.0016802688430365544,0.004560729716754257,0.00048007681230377255,0.0007201152184290093,0.00048007681229044776,-0.020483999999999947,0.13332100000000002,-0.922227,0.01130399999999998,-0.16598500000000005,-0.9236070000000001,0.03178799999999993,0.29930600000000007,0.0013800000000000479,0.9638751377367696,0.9983504938287612,0.9638751377367696,0.03612486226323042,0.0016495061712388237,-0.922227
18,0.075,walk,1.568058,1.177574,0.973744,0.007971,-0.001807,-0.094984,-0.10343172546197979,0.11807055435563629,0.0031197504199761807,-0.05460912566313461,0.017331216231151903,0.04528620745896905,-0.010559155267615786,0.006239500839952361,-0.00191984641228727,-0.00023998080151613449,0.0019198464122889352,0.0004799616030705686,-0.02009700000000003,0.13285500000000017,-0.9222480000000001,0.011734000000000133,-0.16646899999999998,-0.923618,0.031831000000000165,0.29932400000000015,0.0013699999999999823,0.9656096277795043,0.9966776162455344,0.9656096277795043,0.03439037222049568,0.0033223837544655854,-0.9222480000000001
19,0.079167,walk,1.567635,1.178067,0.973768,0.008034,-0.001797,-0.094916,-0.10151187904969086,0.11831053515720572,0.005759539236840162,-0.029679997710657886,-0.007915200413688041,-0.032669376661846994,-0.009359251259875256,0.0038396928245778704,0.002399808015359504,-0.00023998080156942094,0.0016798656107728006,0.0,-0.01971299999999987,0.1323780000000001,-0.9222619999999999,0.012156000000000056,-0.16695499999999996,-0.923642,0.031868999999999925,0.29933300000000007,0.0013800000000000479,0.9688716430506417,0.9971717991312796,0.9688716430506417,0.031128356949358338,0.0028282008687203763,-0.9222619999999999
20,0.083333,walk,1.567144,1.178579,0.973796,0.008,-0.001955,-0.094937,-0.11785885741713797,0.12289966394624761,0.006721075372066247,0.009059185665420473,0.07713911878559389,0.009488162340370896,0.000480076812303771,0.004800768122877812,0.0002400384061435575,0.000960153624607542,0.000480076812303771,0.0028804608737410115,-0.019220000000000015,0.13188599999999995,-0.922289,0.012650999999999968,-0.16746499999999997,-0.923658,0.03187099999999998,0.2993509999999999,0.0013689999999999536,0.9782588670997707,0.9948766808789745,0.9782588670997707,0.021741132900229276,0.0051233191210254825,-0.922289
21,0.0875,walk,1.566724,1.179076,0.973818,0.007985,-0.002058,-0.094992,-0.10079193664508951,0.11927045836332394,0.005279577633781268,0.002505759315167984,0.05011043324312959,0.026096021383487506,0.002159827213805077,0.0055195584353506895,-0.0038396928245728874,0.0,0.0019198464122889415,-0.0002399808015361177,-0.018791000000000002,0.13141200000000008,-0.922327,0.013071000000000055,-0.16795399999999994,-0.923681,0.03186200000000006,0.299366,0.0013539999999999663,0.9746897904410918,0.9967753548722875,0.9746897904410918,0.02531020955890817,0.0032246451277124777,-0.922327
22,0.091667,walk,1.566234,1.17958,0.973854,0.00802,-0.002103,-0.094921,-0.11759059275260403,0.12095032397409634,0.00863930885530021,-0.01882092365521346,0.019626102093094466,-0.03433346903767836,-0.0004799616030855554,0.0088792896567897,0.0009599232061428024,0.00023998080151613449,0.0016798656107195142,0.0,-0.018302999999999958,0.13094499999999987,-0.922359,0.013562000000000074,-0.16845100000000013,-0.923717,0.03186500000000003,0.299396,0.0013579999999999703,0.971513476399082,0.9971717991313802,0.971513476399082,0.028486523600917968,0.00282820086861979,-0.922359
23,0.095833,walk,1.56579,1.1801,0.97385,0.008016,-0.002128,-0.09498,-0.1065770523283458,0.12481997119535611,-0.0009601536245808924,0.0008126509136862115,0.012361798736001229,0.028323205897248946,0.004800768122931111,0.005520883341360118,-0.0048007681228994644,-0.00024003840612523588,0.000960153624607542,0.0002400384061452231,-0.017838999999999938,0.13044800000000012,-0.922375,0.014005000000000045,-0.16896699999999987,-0.923712,0.03184399999999998,0.299415,0.0013370000000000326,0.9720454855707894,0.998302672152661,0.9720454855707894,0.027954514429210597,0.001697327847339003,-0.922375
24,0.1,walk,1.565363,1.180607,0.97386,0.008173,-0.00207,-0.094953,-0.10247180225580868,0.12167026637869803,0.0023998080153478474,-0.07239040961715151,-0.03497298176377353,-0.012562017240177524,0.00815934725218801,0.0016798656107195142,-0.00575953923686181,0.0,0.0016798656107195142,0.0004799616030705686,-0.017378000000000116,0.12994799999999995,-0.9224089999999999,0.014432,-0.16946700000000003,-0.92372,0.031810000000000116,0.299415,0.0013110000000000621,0.9700105920758773,0.9970881889892198,0.9700105920758773,0.029989407924122746,0.0029118110107801964,-0.9224089999999999
25,0.104167,walk,1.564846,1.18114,0.973898,0.008151,-0.002287,-0.094944,-0.12407007439407294,0.12790976721865083,0.009119270458385793,0.0006165363997236574,0.10464365308948391,-0.005218643877910993,0.013918886489108148,0.009359251259928572,-0.0031197504199661995,0.0016798656107195199,0.005279577633781268,0.002159827213823394,-0.0168029999999999,0.12945399999999996,-0.9224600000000001,0.01495599999999997,-0.16997800000000018,-0.923749,0.03175899999999987,0.29943200000000014,0.0012889999999999846,0.9586756786061656,0.9900891835106544,0.9586756786061656,0.04132432139383435,0.009910816489345553,-0.9224600000000001
26,0.108333,walk,1.56438,1.181668,0.973931,0.008262,-0.002381,-0.09487,-0.11185789726352738,0.12674027844451788,0.007921267402772374,-0.05738818285034593,0.039566139688253676,-0.03588334920588435,0.006240998559735826,0.0019203072491617847,0.010081613058089375,0.0012001920307327777,0.001440230436911313,-0.0002400384061452231,-0.016311000000000186,0.1289340000000001,-0.922451,0.015426999999999857,-0.17049999999999987,-0.923783,0.031738000000000044,0.299434,0.0013319999999999999,0.9666608033234454,0.9968498928331877,0.9666608033234454,0.033339196676554606,0.0031501071668122993,-0.922451
27,0.1125,walk,1.563888,1.182213,0.973961,0.008272,-0.002533,-0.094894,-0.11807055435568958,0.13078953683705716,0.007199424046070185,-0.011683415317889865,0.07226565245477026,0.01101197635949778,0.003599712023061736,0.009359251259875256,-0.010079193664506918,0.0009599232061711108,0.0019198464122889352,0.0011999040076805846,-0.01580399999999993,0.128428,-0.922523,0.01592300000000013,-0.17103699999999988,-0.923808,0.03172700000000006,0.29946499999999987,0.0012849999999999806,0.963453794506698,0.9959015475697892,0.963453794506698,0.03654620549330201,0.004098452430210786,-0.922523
28,0.116667,walk,1.563374,1.182765,0.973965,0.008374,-0.002547,-0.094799,-0.12335013198941755,0.13246940244782995,0.0009599232061444676,-0.049454691247773935,0.0016563509173946876,-0.045684818901040175,-0.0007199424046016899,0.004799616030748981,-0.003119750419966189,0.0,0.002639788816890625,0.0002399808015344517,-0.015293000000000001,0.127896,-0.9225399999999999,0.016437000000000035,-0.171578,-0.9238109999999999,0.031730000000000036,0.299474,0.0012710000000000221,0.9776741170464571,0.9955822090164107,0.9776741170464571,0.022325882953542875,0.004417790983589298,-0.9225399999999999
29,0.120833,walk,1.562829,1.183316,0.973962,0.008415,-0.002594,-0.094831,-0.13082093134902043,0.13226116178587846,-0.0007201152184290093,-0.021709717110699696,0.020728727767596985,0.015335916242342594,0.004560729716752592,0.009841574651934191,-0.009121459433508514,0.0009601536245542459,0.0012001920307327819,0.00048007681229044776,-0.014728999999999992,0.127386,-0.922575,0.016985999999999946,-0.17212399999999994,-0.923806,0.03171499999999994,0.29950999999999994,0.0012309999999999821,0.9640692776138311,0.9973162890332611,0.9640692776138311,0.0359307223861689,0.002683710966738917,-0.922575
30,0.125,walk,1.562325,1.183864,0.973973,0.008409,-0.002649,-0.094791,-0.12095032397409634,0.13150947924165884,0.002639788816890625,0.00032969493958294433,0.02638445526302802,-0.019522868767927287,0.0014398848092033799,0.006479481641468495,-0.00575953923686181,0.002879769618460046,0.0016798656107195142,0.0002399808015361169,-0.014218999999999982,0.126865,-0.9226099999999999,0.01750200000000013,-0.17266500000000007,-0.923816,0.03172100000000011,0.2995300000000001,0.0012060000000000404,0.9732933049967225,0.9944290903618815,0.9732933049967225,0.026706695003277492,0.00557090963811846,-0.9226099999999999
31,0.129167,walk,1.561792,1.184421,0.973991,0.00843,-0.002787,-0.094852,-0.12790976721859712,0.1336693064554639,0.0043196544276634255,-0.01625852616331666,0.0652322673500835,0.02888738560628672,0.0004799616030855554,0.0035997120230084494,0.005999520038397927,0.00047996160303226897,0.0014398848092033799,-0.0002399808015361169,-0.01368400000000003,0.12632299999999996,-0.9226030000000001,0.01803699999999986,-0.17321600000000004,-0.9238350000000001,0.03172099999999989,0.299539,0.0012320000000000109,0.9759916237131634,0.9974389551886509,0.9759916237131634,0.024008376286836608,0.0025610448113491113,-0.9226030000000001
32,0.133333,walk,1.561257,1.184986,0.974006,0.008565,-0.00291,-0.094827,-0.12842054728760774,0.1356216994719511,0.0036005760921716838,-0.07014593512110923,0.052530955583483245,-0.012310025581668391,-0.0026404224675907915,0.004560729716752576,0.0007201152184340036,0.00216034565534032,0.0019203072491617847,0.0002400384061452231,-0.013159999999999838,0.1257769999999998,-0.9226150000000001,0.01858100000000018,-0.17377300000000018,-0.923849,0.03174100000000002,0.29955,0.0012339999999999574,0.9787951737053353,0.9951660081718234,0.9787951737053353,0.02120482629466469,0.004833991828176565,-0.9226150000000001
33,0.1375,walk,1.560668,1.185573,0.974021,0.00864,-0.003035,-0.094781,-0.14134869210461964,0.1408687305015341,0.0035997120230350926,-0.04157450873698651,0.05611559627717739,-0.02252348446795761,-0.004799616030748981,0.005759539236866806,-0.003119750419966189,0.0019198464122889352,0.0033597312215456012,-0.0004799616030722338,-0.012591000000000019,0.12521399999999994,-0.922643,0.01917800000000014,-0.1743459999999999,-0.9238660000000001,0.03176900000000016,0.2995599999999998,0.0012230000000000851,0.9742359432719496,0.9935012891730934,0.9742359432719496,0.025764056728050377,0.006498710826906562,-0.922643
34,0.141667,walk,1.560092,1.186143,0.974023,0.008753,-0.00301,-0.094745,-0.1382289416846444,0.13678905687544102,0.0004799616030589154,-0.05289191073653237,-0.01723867659611629,-0.01706829317944171,-0.0033597312214923374,0.004799616030749013,-0.005759539236861848,0.0016798656107195255,0.001919846412288948,0.0002399808015361185,-0.012029000000000067,0.12466400000000011,-0.922669,0.019760999999999918,-0.17490799999999984,-0.923867,0.031789999999999985,0.29957199999999995,0.0011980000000000324,0.9743273012009801,0.9957295103383925,0.9743273012009801,0.0256726987990199,0.0042704896616074794,-0.922669
35,0.145833,walk,1.559546,1.186707,0.974043,0.008839,-0.003146,-0.094754,-0.13106096975514522,0.13538166106577257,0.004800768122904461,-0.04728042107115093,0.061122914493471035,0.003944822490732335,-0.00024003840612523588,0.0038406144983235695,0.0043206913106106845,0.000960153624607542,0.0033605376860197985,0.0024003840614505653,-0.01148400000000005,0.12411600000000012,-0.922671,0.020310999999999968,-0.1754579999999999,-0.923877,0.03179500000000002,0.299574,0.0012059999999999294,0.9782968804663154,0.9929334606606455,0.9782968804663154,0.021703119533684645,0.007066539339354527,-0.922671
36,0.15,walk,1.558983,1.187291,0.974062,0.008841,-0.003306,-0.094834,-0.13510919126472057,0.1401487880969857,0.00455963522917956,-0.008149470921344219,0.07670699496914285,0.037956029336695084,-0.002639788816890625,0.0009599232061178244,0.005039596832253459,0.0016798656107195142,0.0021598272138050696,-0.0009599232061444676,-0.010931999999999942,0.12353599999999987,-0.922669,0.020880999999999927,-0.1760330000000001,-0.9238999999999999,0.03181299999999987,0.299569,0.0012309999999999821,0.9780741170465093,0.9951671682371553,0.9780741170465093,0.02192588295349074,0.004832831762844658,-0.922669
37,0.154167,walk,1.558353,1.187899,0.974074,0.008952,-0.00339,-0.094693,-0.15118790496758047,0.14590832733379921,0.002879769618433403,-0.057025188412251425,0.0344619576485788,-0.0681385494384308,-0.007439404847639606,0.008639308855273566,-0.009359251259900232,0.0031197504199761807,0.0014398848092033799,0.001679865610751153,-0.010333000000000148,0.12296399999999985,-0.92272,0.021523999999999877,-0.1766350000000001,-0.923905,0.031857000000000024,0.29959899999999995,0.0011849999999999916,0.9635657917596459,0.9936255589750724,0.9635657917596459,0.03643420824035415,0.0063744410249275685,-0.92272
38,0.158333,walk,1.557671,1.188496,0.974098,0.008912,-0.003565,-0.094614,-0.16370619299089556,0.14330292846854495,0.005760921747485354,0.011061930925584834,0.08509953294602693,-0.038889299399733034,-0.003600576092145034,0.012722035525703486,-0.020163226116177085,0.0014402304368580138,0.000960153624607542,0.0,-0.009665999999999952,0.12241999999999997,-0.922828,0.0222119999999999,-0.17722799999999994,-0.923929,0.03187799999999985,0.2996479999999999,0.0011010000000000186,0.9488039734234275,0.997115097395203,0.9488039734234275,0.05119602657657252,0.0028849026047970128,-0.922828
39,0.1625,walk,1.557092,1.189083,0.974087,0.009054,-0.003599,-0.094564,-0.13894888408929845,0.1408687305015341,-0.002639788816890625,-0.06946235996659482,0.009577358473236167,-0.023928012215832163,0.0007199424046016899,-0.0007199424046016899,0.026877849772016783,0.0019198464122889352,0.002399808015321204,0.0,-0.00908399999999987,0.1218300000000001,-0.922705,0.022799000000000014,-0.177805,-0.923918,0.031882999999999884,0.2996350000000001,0.0012130000000000196,0.9430414549490386,0.9948779103772705,0.9430414549490386,0.05695854505096143,0.005122089622729531,-0.922705
40,0.166667,walk,1.556516,1.189663,0.974096,0.009113,-0.00371,-0.094679,-0.13822894168464347,0.13918886489081458,0.0021598272138050696,-0.033080959576868386,0.05087710045653607,0.055109824228308596,0.04895608351328792,-0.02591792656587398,0.039356851451884875,0.0014398848092566662,0.003599712023061736,0.0004799616030722338,-0.008304000000000089,0.12114200000000008,-0.92255,0.023381000000000096,-0.17836999999999992,-0.923925,0.031685000000000185,0.299512,0.001375000000000015,0.8729975927820248,0.993488992642087,0.8729975927820248,0.12700240721797518,0.00651100735791299,-0.92255
41,0.170833,walk,1.555855,1.190263,0.974135,0.009194,-0.003929,-0.09461,-0.15866538646183923,0.14402304368702726,0.009361497839657038,-0.04876493026892586,0.1006669550548085,-0.034016002983916264,-0.00600096015361059,0.006240998559789125,-0.0024003840614505653,0.0024003840614122566,0.0019203072491617847,0.0031204992798845687,-0.007668000000000008,0.12056800000000001,-0.922599,0.024051999999999962,-0.17896200000000007,-0.923951,0.03171999999999997,0.2995300000000001,0.0013520000000000199,0.9715056302830676,0.9926995168863771,0.9715056302830676,0.02849436971693242,0.007300483113622858,-0.922599
42,0.175,walk,1.555132,1.190891,0.974172,0.009192,-0.004189,-0.094414,-0.17350611951044714,0.15070794336449592,0.008879289656843046,-0.011140995357198822,0.12341594052339258,-0.09561421670885188,0.0023998080153745066,0.012479001679851519,0.0021598272138234013,0.004079673626147319,0.0026397888168906425,0.0021598272138234013,-0.0069349999999999135,0.1199920000000001,-0.9226270000000001,0.024792000000000147,-0.17957899999999993,-0.923979,0.03172700000000006,0.29957100000000003,0.0013519999999999088,0.9649968402496045,0.9911373010934035,0.9649968402496045,0.035003159750395474,0.008862698906596522,-0.9226270000000001
43,0.179167,walk,1.554482,1.191495,0.974173,0.009348,-0.004204,-0.094322,-0.15598752099832944,0.1449484041276814,0.00023998080151613449,-0.07536952594518809,-0.00032221782317220983,-0.04402669325536779,0.020878329733608866,-0.00671946244298463,0.014878809695224262,0.0021598272138050696,0.0023998080153744905,0.0014398848092150361,-0.006197999999999926,0.11936000000000013,-0.922566,0.025451000000000112,-0.18017299999999992,-0.923974,0.03164900000000004,0.29953300000000005,0.0014079999999999648,0.9417475222082461,0.9941081034066654,0.9417475222082461,0.05825247779175391,0.005891896593334556,-0.922566
44,0.183333,walk,1.553879,1.192088,0.974189,0.009436,-0.004282,-0.094309,-0.14474315890540296,0.14234277484399072,0.0038406144983235695,-0.04561440337445213,0.03323393356889204,-0.006385285315428718,0.023763802208370422,-0.01200192030727448,0.013442150744119167,0.0040806529044488055,0.0028804608737160275,0.0007201152184340036,-0.005495999999999945,0.11871699999999996,-0.922526,0.026070999999999955,-0.18075400000000008,-0.923987,0.0315669999999999,0.29947100000000004,0.0014610000000000456,0.9356837572921239,0.9915891358451281,0.9356837572921239,0.06431624270787606,0.008410864154871911,-0.922526
45,0.1875,walk,1.553168,1.192724,0.974213,0.009523,-0.004498,-0.094226,-0.17062634989198594,0.15262778977678385,0.005759539236866806,-0.05148888702836965,0.09887780068367512,-0.040728148849024474,0.02519798416127229,-0.007919366450671875,0.015118790496760378,0.0038396928245778704,0.002879769618460046,0.003359731221502306,-0.0046800000000000175,0.11804800000000015,-0.922487,0.026797999999999877,-0.18137799999999982,-0.923997,0.031477999999999895,0.29942599999999997,0.0015100000000000113,0.9341765505451185,0.9902355366644515,0.9341765505451185,0.0658234494548815,0.009764463335548479,-0.922487
46,0.191667,walk,1.5524,1.193359,0.974257,0.009561,-0.004683,-0.093984,-0.18430525557957791,0.152387808975321,0.010559155267589144,-0.026944864724899202,0.08552073492066237,-0.1173859246786536,0.01271898248136757,0.0014398848092033799,0.007679385649147415,0.002879769618460046,0.0035997120230084494,0.0014398848092167015,-0.003859000000000057,0.11741899999999994,-0.9224990000000001,0.027578000000000102,-0.1819980000000001,-0.924035,0.03143700000000016,0.29941700000000004,0.0015359999999999818,0.959761475817851,0.9919507992170702,0.959761475817851,0.040238524182149016,0.00804920078292981,-0.9224990000000001
47,0.195833,walk,1.551705,1.193973,0.974266,0.009694,-0.004694,-0.093828,-0.16682669227079014,0.14738358137299376,0.0021603456552870205,-0.06435133618367847,-0.0014889965647100513,-0.07489427180417994,0.013922227556436264,0.006961113778218132,0.003840614498320238,0.0019203072491084854,0.0036005760921983335,0.003360537686029792,-0.003105999999999831,0.1168340000000001,-0.922492,0.028281,-0.1825969999999999,-0.9240299999999999,0.03138699999999983,0.299431,0.0015379999999999283,0.957899437542763,0.9911895041024426,0.957899437542763,0.042100562457237034,0.008810495897557447,-0.922492
48,0.2,walk,1.551016,1.194557,0.974298,0.009748,-0.004743,-0.093799,-0.1653467722582047,0.1401487880969857,0.007679385649155741,-0.028064769432538147,0.020841735881160284,-0.0140530667477603,0.007679385649155741,0.009599232061444677,-0.00383969282457454,0.006239500839952361,0.005039596832265116,0.005279577633787911,-0.0023849999999998595,0.11629,-0.92254,0.028996000000000022,-0.18316,-0.92404,0.03138099999999988,0.29945,0.0014999999999999458,0.9635354645788159,0.9839962810784895,0.9635354645788159,0.03646453542118411,0.016003718921510535,-0.92254
49,0.204167,walk,1.550265,1.195181,0.974337,0.009718,-0.004951,-0.093692,-0.18022558195343183,0.14974802015837807,0.00935925125990196,0.004773574924447895,0.10021314301952167,-0.0526180695094322,0.009359251259875318,0.008159347252188065,-0.005279577633789612,0.0050395968322651495,0.004799616030695727,0.003599712023038447,-0.001595000000000013,0.11569999999999991,-0.922601,0.029768000000000017,-0.18376400000000004,-0.924064,0.03136300000000003,0.29946399999999995,0.001462999999999992,0.9628826905098258,0.9869411825315553,0.9628826905098258,0.03711730949017422,0.013058817468444728,-0.922601
50,0.208333,walk,1.549433,1.195797,0.974407,0.009744,-0.005133,-0.093383,-0.1997119539126124,0.1478636581852975,0.016802688430152292,-0.021221076669906226,0.08430921170633349,-0.1496841419042925,0.005760921747485354,0.00816130580895091,-0.008641382621218037,0.0038406144983235695,0.0040806529044488055,0.003600576092175015,-0.0007390000000000452,0.11511800000000005,-0.922707,0.030615999999999977,-0.18436300000000005,-0.924119,0.03135500000000002,0.2994810000000001,0.0014119999999999688,0.9638655713038676,0.9888986742474826,0.9638655713038676,0.03613442869613237,0.011101325752517432,-0.922707
51,0.2125,walk,1.548684,1.1964,0.974444,0.009846,-0.005221,-0.093273,-0.17974562035039837,0.14470842332611197,0.008879289656816343,-0.05291228031761993,0.03694120994419138,-0.05312551153526112,0.0,0.011039116870648055,-0.014398848092153693,0.0028797696184067597,0.003359731221492315,0.0009599232061444676,1.0000000000065512e-05,0.11456100000000013,-0.922804,0.03137699999999999,-0.184952,-0.924152,0.03136699999999992,0.29951300000000014,0.0013480000000000159,0.9562807260676183,0.9924534188208862,0.9562807260676183,0.04371927393238173,0.007546581179113776,-0.922804
52,0.216667,walk,1.547909,1.196995,0.974475,0.009868,-0.005242,-0.093073,-0.18598512119029745,0.1427885769138763,0.0074394048476129635,-0.011863964384490703,0.008056985584483447,-0.09646251436541128,0.0007199424046016899,0.00911927045835912,-0.013438924886009224,0.0038396928245778704,0.003599712023061736,0.005039596832251794,0.0007880000000000109,0.114004,-0.922891,0.032167999999999974,-0.18553200000000003,-0.9241619999999999,0.031379999999999963,0.299536,0.001270999999999911,0.9601953042885573,0.9878551904241939,0.9601953042885573,0.03980469571144274,0.012144809575806104,-0.922891
53,0.220833,walk,1.547082,1.197606,0.974526,0.009842,-0.005361,-0.092795,-0.19851176188187963,0.14666346615456474,0.012241958713399715,0.0065286873465904855,0.056659413698307154,-0.1346199269517028,-0.007441190590468603,0.018242918867010304,-0.01680268843014896,0.004080652904502104,0.0036005760921983335,0.003840614498320238,0.0015840000000000298,0.11346900000000004,-0.923012,0.03301200000000004,-0.18612799999999985,-0.924197,0.03142800000000001,0.2995969999999999,0.0011849999999999916,0.9449931238685647,0.9888986742474104,0.9449931238685647,0.05500687613143529,0.011101325752589597,-0.923012
54,0.225,walk,1.546257,1.198212,0.974586,0.009803,-0.005521,-0.092567,-0.1979841612671166,0.14542836573076695,0.01439884809214037,0.011023006231277829,0.07706358452937606,-0.11074361646160834,0.0016798656107195142,0.02063834893209273,-0.01031917446604137,0.002399808015321204,0.00527957763378125,0.00383969282457454,0.0024159999999999737,0.11294899999999997,-0.9231149999999999,0.03384699999999996,-0.186712,-0.924241,0.03143099999999999,0.29966099999999996,0.0011260000000000714,0.950180927109841,0.9884078259770016,0.950180927109841,0.049819072890158966,0.011592174022998392,-0.9231149999999999
55,0.229167,walk,1.545421,1.1988,0.974656,0.009823,-0.005651,-0.092264,-0.2006239500840072,0.1411087113031035,0.01679865610751486,-0.016009000269587004,0.059737400638432456,-0.14655296787362612,0.014638828893709791,0.029277657787366296,-0.015598752099832611,0.004079673626147291,0.006479481641468495,0.006239500839932378,0.0033130000000001214,0.11248299999999989,-0.92325,0.034700000000000175,-0.18727300000000002,-0.924285,0.031387000000000054,0.2997559999999999,0.0010350000000000081,0.9292164362946689,0.9835380244562131,0.9292164362946689,0.07078356370533112,0.016461975543786922,-0.92325
56,0.233333,walk,1.544556,1.199389,0.974709,0.009844,-0.005812,-0.091972,-0.20763322131538478,0.14138262121938316,0.012722035525703486,-0.017838824286147782,0.07457997911297366,-0.14142936134889336,0.02184349495915534,0.03504560729716259,-0.018482957273163857,0.004320691310574041,0.005280844935181583,0.0048007681228994644,0.004268999999999856,0.11203999999999992,-0.9233800000000001,0.03558299999999992,-0.18784,-0.9243180000000001,0.031314000000000064,0.2998799999999999,0.0009379999999999944,0.9152145667220786,0.9860952574836506,0.9152145667220786,0.08478543327792143,0.013904742516349433,-0.9233800000000001
57,0.2375,walk,1.54366,1.199978,0.974775,0.009958,-0.006017,-0.091709,-0.21502279817614903,0.1413486921046206,0.015838732901343855,-0.06415914316483089,0.09163235488933459,-0.1273083032583967,0.04967602591794323,0.016318694504429413,-0.01607871370290329,0.003839692824577896,0.003839692824577896,0.0043196544276468025,0.005371999999999932,0.11151899999999992,-0.9235129999999999,0.036494999999999944,-0.18841299999999994,-0.9243659999999999,0.031123000000000012,0.29993199999999987,0.0008529999999999927,0.9002965941602823,0.9884354593274048,0.9002965941602823,0.09970340583971771,0.011564540672595158,-0.9235129999999999
58,0.241667,walk,1.542812,1.200547,0.974847,0.009871,-0.006236,-0.091429,-0.203503719702414,0.13654907607392397,0.01727861771060042,0.031249046347720386,0.1070805234002416,-0.13621217152012005,0.027597792176646783,0.012718982481420857,-0.020158387329013837,0.004799616030748981,0.006479481641468495,0.006959443244539064,0.0063349999999999795,0.11100299999999996,-0.9236690000000001,0.037363000000000035,-0.18895499999999998,-0.924409,0.031028000000000056,0.29995799999999995,0.0007399999999999629,0.9318232859811464,0.98224754737925,0.9318232859811464,0.06817671401885361,0.01775245262074998,-0.9236690000000001
59,0.245833,walk,1.54191,1.201117,0.974901,0.00992,-0.006417,-0.091014,-0.216514642342818,0.13682189150263058,0.012962073931828721,-0.032435309369201526,0.08229583068219246,-0.20071876323043464,0.02016322611617209,0.014882381180990506,-0.018963034085454303,0.004800768122877812,0.005520883341306819,0.007441190590495253,0.007321000000000133,0.11049500000000001,-0.923802,0.038285000000000124,-0.18950200000000006,-0.924432,0.03096399999999999,0.29999700000000007,0.0006300000000000194,0.9413221627988229,0.9826075651150314,0.9413221627988229,0.05867783720117714,0.017392434884968555,-0.923802
60,0.25,walk,1.540994,1.201686,0.974943,0.009983,-0.006592,-0.090699,-0.2198224142068433,0.13654907607392397,0.010079193664503588,-0.03859612602833823,0.07930376864857462,-0.15236837307996304,0.01823854091671824,0.019198464122889353,-0.013438924886009224,0.0028797696184067597,0.002639788816890625,0.003359731221502306,0.008313000000000015,0.11000600000000005,-0.9239,0.03921299999999994,-0.19006000000000012,-0.9244600000000001,0.030899999999999928,0.30006600000000017,0.0005600000000000049,0.9449072928621333,0.9914123227927686,0.9449072928621333,0.05509270713786674,0.008587677207231414,-0.9239
61,0.254167,walk,1.540099,1.202218,0.975014,0.010083,-0.006765,-0.09032,-0.2147828173745796,0.12766978641708182,0.017038636909057752,-0.0563717097592773,0.07641473445118688,-0.1830481471816871,0.004319654427663454,0.023518118550499647,-0.01271898248140096,0.004319654427663454,0.0050395968322651495,0.00623950083993242,0.009225999999999956,0.109572,-0.9240240000000001,0.040125999999999884,-0.19057100000000005,-0.924505,0.030899999999999928,0.30014300000000005,0.0004809999999999537,0.9500502838741519,0.984817012322108,0.9500502838741519,0.04994971612584809,0.015182987677891946,-0.9240240000000001
62,0.258333,walk,1.539201,1.202765,0.975095,0.01015,-0.007136,-0.089838,-0.21555448871821045,0.13130100816132376,0.01944311089774308,-0.0494898401206027,0.17199913684460025,-0.23374685910958348,0.0012001920307327777,0.021603456553030104,-0.012001920307249494,0.004800768122877812,0.0040806529044488055,0.00912145943351015,0.010129000000000055,0.10911499999999985,-0.9241550000000001,0.04104399999999986,-0.1911010000000002,-0.924548,0.030914999999999804,0.30021600000000004,0.0003929999999999767,0.9548323457191643,0.9815232785425825,0.9548323457191643,0.04516765428083569,0.018476721457417522,-0.9241550000000001
63,0.2625,walk,1.538271,1.203297,0.975146,0.010238,-0.007418,-0.0894,-0.2231821454283874,0.12766978641708013,0.012239020878308577,-0.055541949737494045,0.12873641652916681,-0.21202457944355899,-0.004799616030748949,0.020638348932092595,-0.007199424046076798,0.004319654427663397,0.004319654427663397,0.008879289656826274,0.011039000000000021,0.1086689999999999,-0.924236,0.04199200000000003,-0.1916150000000001,-0.924562,0.03095300000000001,0.300284,0.0003260000000000485,0.9594420455103374,0.9820370277794472,0.9594420455103374,0.040557954489662595,0.017962972220552764,-0.924236
64,0.266667,walk,1.537318,1.203818,0.975196,0.010418,-0.007709,-0.088919,-0.2287017038636878,0.12502999760019118,0.011999040076792603,-0.10004745904866097,0.12887235444562994,-0.23238099705239418,-0.008879289656843046,0.024238060955154628,-0.0057595392368601835,0.0045596352291795905,0.004079673626094032,0.013198944084474862,0.011954999999999938,0.10824900000000004,-0.92431,0.042964,-0.19211900000000015,-0.924557,0.031009000000000064,0.3003680000000002,0.0002469999999999972,0.9534499693771267,0.9757532284357668,0.9534499693771267,0.04655003062287333,0.02424677156423316,-0.92431
65,0.270833,walk,1.536418,1.204321,0.975279,0.010474,-0.008131,-0.088388,-0.21603456553046094,0.1207393182909073,0.019923187710046853,-0.04653996783882581,0.19656739791342606,-0.2576284384368082,-0.011281805088792172,0.011761881901095944,-0.006961113778204807,0.0026404224675907915,0.0031204992798945625,0.013202112337973944,0.01280799999999993,0.10779500000000009,-0.924422,0.043874999999999886,-0.19260900000000003,-0.924585,0.031066999999999956,0.3004040000000001,0.00016300000000002424,0.9688329189290095,0.9769658998712015,0.9688329189290095,0.031167081070990532,0.023034100128798474,-0.924422
66,0.275,walk,1.535492,1.204805,0.975356,0.010619,-0.008428,-0.087792,-0.2222222222222163,0.11615070794334659,0.018478521718260896,-0.08399506162559338,0.1326393513851438,-0.28791807597018126,-0.01367890568753859,0.013438924885969171,-0.003599712023038399,0.0016798656107727896,0.0026397888168906074,0.018958483321333125,0.01367699999999994,0.10736699999999999,-0.9245140000000001,0.04480799999999996,-0.19308199999999998,-0.924583,0.03113100000000002,0.30044899999999997,6.899999999998574e-05,0.9667918388542605,0.9679750738003581,0.9667918388542605,0.033208161145739545,0.03202492619964192,-0.9245140000000001
67,0.279167,walk,1.534494,1.20529,0.975425,0.010844,-0.008759,-0.087208,-0.2395008399328198,0.11639068874491756,0.016558675305972194,-0.12363955447617761,0.1455958461403345,-0.28190450126358263,-0.01703863690903111,0.011519078473733688,-0.0028797696184300918,0.004079673626094032,-0.0026397888168906425,0.019678425725941733,0.014604000000000061,0.10692999999999997,-0.924595,0.04582299999999995,-0.19357800000000003,-0.92457,0.031218999999999886,0.300508,2.4999999999941735e-05,0.9653871656086509,0.9659674987380615,0.9653871656086509,0.0346128343913491,0.034032501261938464,-0.92457
68,0.283333,walk,1.53349,1.205757,0.975493,0.010964,-0.009178,-0.086709,-0.24099855976956414,0.11209793566970593,0.01632261161787517,-0.07682666277679957,0.1925846868094322,-0.2418899344166269,-0.01728276524245606,0.0064810369659143606,-0.003360537686029792,0.005520883341360118,-0.0021603456552870205,0.018482957273163857,0.015535999999999994,0.10648999999999997,-0.9246770000000001,0.04685000000000006,-0.19405399999999995,-0.9245610000000001,0.031314000000000064,0.3005439999999999,0.00011600000000000499,0.96873096010612,0.9664891904711959,0.9664891904711959,0.03126903989387997,0.03351080952880414,-0.9245610000000001
69,0.2875,walk,1.53256,1.206192,0.975616,0.011082,-0.009684,-0.086046,-0.22318214542839038,0.10439164866809832,0.02951763858890927,-0.08012144921538118,0.23329208806803986,-0.32129026454188,-0.01751859851211667,0.006239500839952402,-0.0019198464122872829,0.007919366450671927,-0.001919846412288948,0.020878329733622327,0.016393000000000102,0.10608100000000009,-0.9248080000000001,0.047813000000000105,-0.19449699999999992,-0.924597,0.031420000000000003,0.300578,0.00021100000000007224,0.9688409779960534,0.9605363289141383,0.9605363289141383,0.0311590220039466,0.039463671085861685,-0.924597
70,0.291667,walk,1.531526,1.206656,0.975704,0.01133,-0.010165,-0.085362,-0.2481401487880901,0.11135109191265093,0.021118310535151504,-0.14134868361709138,0.21586289176644471,-0.3305523668588267,-0.01583873290139693,0.0035997120230084256,0.002639788816895603,0.008879289656842928,0.003599712023061712,0.030957523398127237,0.01736099999999996,0.10563199999999995,-0.924885,0.04888400000000015,-0.19494599999999984,-0.924556,0.03152300000000019,0.3005779999999998,0.0003289999999999127,0.9725737417199324,0.942699508056184,0.942699508056184,0.027426258280067617,0.057300491943816034,-0.924556
71,0.295833,walk,1.530007,1.207011,0.975833,0.010993,-0.01072,-0.084061,-0.3646183389342408,0.08521363418149423,0.03096495439268714,0.13267116093625336,0.2716461495249219,-0.6313172279112677,-0.014402304368686735,0.005280844935234882,0.001680268843014896,0.00984157465193416,0.01200192030722118,0.0420067210753724,0.01882000000000006,0.10529900000000003,-0.9250069999999999,0.050444000000000155,-0.19525100000000006,-0.9245099999999999,0.031624000000000096,0.3005500000000001,0.0004969999999999697,0.9742805198264528,0.9203925931922534,0.9203925931922534,0.025719480173547193,0.07960740680774658,-0.9245099999999999
72,0.3,walk,1.529057,1.207435,0.975936,0.011086,-0.011467,-0.083345,-0.22798176145903282,0.10175185985120767,0.024718022558213544,-0.07802656362341313,0.3494276553038559,-0.34791611182109256,-0.011759059275249823,-0.00023998080156942253,0.002639788816893973,0.014398848092140466,0.002879769618406779,0.04775617950563929,0.019720999999999878,0.10487399999999991,-0.925099,0.05145399999999989,-0.19566300000000014,-0.9244140000000001,0.03173300000000001,0.30053700000000005,0.0006849999999999357,0.9799098178467857,0.9098788134998653,0.9098788134998653,0.020090182153214342,0.09012118650013468,-0.9244140000000001
73,0.304167,walk,1.527995,1.20785,0.976021,0.011334,-0.012022,-0.082481,-0.254859611231128,0.09959203263740125,0.020398368130549818,-0.14522246064374353,0.2505533039919022,-0.4172993356385667,-0.011279097672164114,0.0021598272138583416,-0.001679865610751142,0.008399328053757375,0.007199424046123424,0.04511639068874471,0.020736000000000088,0.104468,-0.925191,0.052551000000000014,-0.196048,-0.924311,0.03181499999999993,0.300516,0.0008799999999999919,0.9806562638359679,0.9137785500736753,0.9137785500736753,0.019343736164032066,0.08622144992632474,-0.924311
74,0.308333,walk,1.52695,1.208263,0.976064,0.011576,-0.012592,-0.081782,-0.2508401344214983,0.0991358617378772,0.01032165146423793,-0.1421158339519991,0.25901688143468626,-0.33795035887160274,-0.008881421027379916,0.0040806529044488055,0.003360537686029792,-0.013202112337953957,0.019203072491564548,0.02664426308209311,0.021743999999999986,0.10407199999999994,-0.92522,0.05354100000000006,-0.19638100000000014,-0.924243,0.031797000000000075,0.3004530000000001,0.0009770000000000056,0.9827740037272958,0.9312344606561924,0.9312344606561924,0.017225996272704158,0.06876553934380758,-0.924243
75,0.3125,walk,1.525976,1.208651,0.976119,0.011839,-0.013235,-0.081032,-0.23374130069595295,0.09311255099588076,0.013198944084453214,-0.15528275366065747,0.2927438122460777,-0.3626583767222222,-0.005759539236866844,0.0014398848092033894,-0.0007199424046083555,-0.010559155267615857,0.01103911687064813,0.03839692824574066,0.022693999999999992,0.10369000000000006,-0.9252779999999999,0.054470999999999936,-0.19672299999999998,-0.9241379999999999,0.031776999999999944,0.30041300000000004,0.0011400000000000299,0.9900328487365947,0.9197264854978102,0.9197264854978102,0.009967151263405305,0.08027351450218978,-0.9241379999999999
76,0.316667,walk,1.524932,1.208998,0.976213,0.011994,-0.013952,-0.080025,-0.2505399568034679,0.08327333813297318,0.022558195344381818,-0.10802241886641542,0.33075144397497197,-0.48746765606137205,-0.0050395968322651495,0.0069594432445540975,0.001439884809216711,-0.006959443244500811,0.012239020878335383,0.04079673626110018,0.023716999999999988,0.10337200000000002,-0.925366,0.055486000000000146,-0.19701900000000006,-0.9240619999999999,0.03176900000000016,0.3003910000000001,0.0013040000000000829,0.9854794537551326,0.9150302276929565,0.9150302276929565,0.014520546244867427,0.0849697723070435,-0.9240619999999999
77,0.320833,walk,1.523844,1.209327,0.976276,0.012112,-0.014543,-0.079162,-0.26116178588573624,0.0789726356217051,0.015122419587142392,-0.08460358794363382,0.2728696252420312,-0.417786611642568,-0.0021603456552870205,0.0028804608737160275,-0.0002400384061452231,-0.010561689870416465,0.013922227556436264,0.04656745079212664,0.02479600000000004,0.1030549999999999,-0.92543,0.05652999999999997,-0.19728999999999997,-0.9239310000000001,0.03173399999999993,0.30034499999999986,0.001498999999999917,0.9939857191637664,0.9021127210886002,0.9021127210886002,0.006014280836233565,0.09788727891139981,-0.9239310000000001
78,0.325,walk,1.522898,1.209684,0.976308,0.012336,-0.015287,-0.078353,-0.22702183825291197,0.08567314614829324,0.007679385649129046,-0.14077902919669733,0.34234397136871636,-0.3916620493893916,-0.0023998080153744745,0.00455963522917953,-0.003599712023038399,-0.01703863690903088,0.0179985601151487,0.049676025917925914,0.025731999999999866,0.10271699999999995,-0.925477,0.05740499999999993,-0.19757200000000008,-0.9237559999999999,0.03167300000000006,0.30028900000000003,0.0017210000000000836,0.9895241973812348,0.8902641647950444,0.8902641647950444,0.01047580261876524,0.10973583520495556,-0.9237559999999999
79,0.329167,walk,1.521838,1.210042,0.976382,0.012566,-0.016104,-0.077324,-0.2543796496280458,0.08591312694986382,0.017758579313659446,-0.14791998936676998,0.37562831376807543,-0.49786074213136317,0.0004799616030855586,0.004079673626147319,-0.0021598272138234013,-0.020878329733609004,0.021598272138263985,0.0590352771778252,0.026793999999999984,0.10237600000000002,-0.9255599999999999,0.05837800000000004,-0.19784000000000002,-0.923584,0.031584000000000056,0.30021600000000004,0.0019759999999999778,0.9922649869586602,0.8698423102686567,0.8698423102686567,0.007735013041339833,0.13015768973134334,-0.923584
80,0.333333,walk,1.520775,1.210356,0.976441,0.0129,-0.016649,-0.076397,-0.2551608257321256,0.07537205952950678,0.0141622659625615,-0.18688014598963335,0.24236457847741172,-0.4464643839576287,-0.00024003840612523588,0.005520883341306819,-0.0021603456553053423,-0.025684109457532207,0.0141622659625615,0.05880940950552136,0.027856000000000103,0.10208499999999998,-0.925628,0.059334,-0.1980949999999999,-0.923398,0.031477999999999895,0.3001799999999999,0.0022299999999999542,0.9901110520929324,0.8681708321165224,0.8681708321165224,0.009888947907067624,0.13182916788347765,-0.923398
81,0.3375,walk,1.519741,1.210655,0.976498,0.013171,-0.017231,-0.075518,-0.2481401487880901,0.07175425965923853,0.01367890568753859,-0.15769068762970512,0.2626483032794054,-0.4239772894935126,0.0019198464122889224,0.003839692824577845,-0.0038396928245728493,-0.03335733141346008,-0.008879289656842928,0.04607631389488751,0.02889800000000009,0.10180199999999995,-0.925701,0.06022900000000009,-0.19843100000000002,-0.923263,0.031331,0.30023299999999997,0.0024380000000000512,0.9904007679385609,0.8796660173083859,0.8796660173083859,0.00959923206143909,0.1203339826916141,-0.923263
82,0.341667,walk,1.518642,1.210974,0.976575,0.013412,-0.017882,-0.074398,-0.2637389008879211,0.07655387568993521,0.018478521718261143,-0.14773562862213352,0.29510314880375815,-0.5405185398277044,0.001199904007633967,0.005519558435350708,-0.004079673626110684,-0.024958003359756325,0.002879769618406779,0.07511399088073016,0.030001999999999862,0.1015060000000001,-0.9257949999999999,0.061223999999999945,-0.19873800000000008,-0.9230269999999999,0.031222000000000083,0.3002440000000002,0.0027679999999999927,0.988387144115683,0.840312985973481,0.840312985973481,0.011612855884317042,0.15968701402651897,-0.9230269999999999
83,0.345833,walk,1.517553,1.211288,0.976587,0.01347,-0.018337,-0.073472,-0.2614018242919148,0.07537205952950678,0.002880460873742677,-0.0515745663454389,0.209225855278912,-0.4477824170163816,0.0016802688430365487,0.004560729716752576,-0.003840614498320238,-0.04344695151223874,-0.00768122899659384,0.07057129140662563,0.03109800000000007,0.10121100000000016,-0.925823,0.062132000000000076,-0.19908399999999982,-0.9227449999999999,0.031034000000000006,0.300295,0.003078000000000025,0.9896755577687841,0.8305062054704422,0.8305062054704422,0.010324442231215869,0.16949379452955782,-0.9227449999999999
84,0.35,walk,1.51666,1.211567,0.97663,0.013982,-0.018766,-0.072518,-0.21430285577154734,0.06695464362854375,0.010319174466046434,-0.26818108060104734,0.1805867597173446,-0.4567337504576068,0.0016798656107728119,0.003839692824577896,-0.0009599232061428088,-0.05495560355172451,-0.017038636909084397,0.08039356851451977,0.03199800000000019,0.10094800000000004,-0.92587,0.06279600000000007,-0.1994340000000001,-0.922453,0.03079799999999988,0.30038200000000015,0.0034170000000000034,0.9928339841343821,0.8010611436524157,0.8010611436524157,0.007166015865617936,0.19893885634758435,-0.922453
85,0.354167,walk,1.51555,1.21185,0.976698,0.014436,-0.019162,-0.071339,-0.2663786897048082,0.06791456683466068,0.016318694504429198,-0.24119482858405308,0.1651587593839496,-0.5652689181206183,0.002399808015321188,0.002399808015321188,-0.00431965442764508,-0.07367410607152745,-0.03047756179505334,0.08663306935445103,0.03311799999999998,0.10067499999999985,-0.925956,0.06359899999999996,-0.19984400000000013,-0.92216,0.03048099999999998,0.300519,0.0037960000000000216,0.9908443139411327,0.7658113607931986,0.7658113607931986,0.009155686058867296,0.23418863920680144,-0.92216
86,0.358333,walk,1.51448,1.212121,0.97675,0.0147,-0.019494,-0.070424,-0.2568410945751089,0.06505040806526885,0.012481997119551601,-0.1457943072126849,0.14305390096010395,-0.43974622465931545,0.000480076812303771,0.0028804608737693265,-0.001920307249160119,-0.0890542486797645,-0.03096495439271379,0.09001440230436705,0.03418999999999994,0.10041600000000006,-0.926016,0.06429799999999997,-0.2002440000000001,-0.921837,0.030108000000000024,0.30066000000000015,0.004178999999999933,0.9941749800853452,0.7409538772715956,0.7409538772715956,0.005825019914654783,0.25904612272840444,-0.921837
87,0.3625,walk,1.513432,1.212375,0.976815,0.014949,-0.019719,-0.069552,-0.25149988000958573,0.06095512359010749,0.01559875209982772,-0.13456807471853457,0.09262637525545672,-0.41841170557599205,-0.0004799616030855586,0.002159827213805084,-0.003599712023038447,-0.12550995920327673,0.008639308855326908,0.11159107271418353,0.03523599999999982,0.10017100000000001,-0.926096,0.06482299999999985,-0.20046199999999992,-0.921437,0.02958700000000003,0.30063299999999993,0.00465900000000008,0.9929578366284183,0.6731325827356833,0.6731325827356833,0.0070421633715817,0.3268674172643167,-0.921437
88,0.366667,walk,1.512356,1.212645,0.97686,0.01534,-0.019844,-0.068454,-0.2582193424526203,0.06479481641468453,0.010799136069105207,-0.20122971887058816,0.038257351762705144,-0.5250262469731601,-0.00047996160303226577,0.004319654427663397,-0.000959923206142796,-0.1612670986321096,0.010319174466046297,0.10727141828653697,0.036310000000000064,0.09991900000000009,-0.926145,0.06522699999999992,-0.2006889999999999,-0.9210349999999999,0.02891699999999986,0.300608,0.005110000000000059,0.992581698667689,0.6256323105979416,0.6256323105979416,0.007418301332311028,0.37436768940205845,-0.9210349999999999
89,0.370833,walk,1.511379,1.212858,0.97689,0.015679,-0.019823,-0.067551,-0.23451752280364976,0.05112818050888588,0.007201152184370017,-0.1698055914365911,-0.02838844820593778,-0.43084469777949735,0.0014402304368580138,0.00024003840612523588,-0.0004800768122904462,-0.1963514162265926,0.017282765242402763,0.10945751320211179,0.03729300000000002,0.09970699999999999,-0.926177,0.06538599999999994,-0.20083000000000006,-0.920609,0.028092999999999924,0.30053700000000005,0.005568000000000017,0.9974383404395206,0.5685484979723454,0.5685484979723454,0.002561659560479379,0.4314515020276546,-0.920609
90,0.375,walk,1.510254,1.213059,0.976973,0.015841,-0.019751,-0.066771,-0.2699784017278735,0.04823614110873983,0.01991840652746453,-0.08225426246829416,-0.04607456074504794,-0.37296549442360294,0.0,-0.00023998080151613608,-0.0002399808015361185,-0.26133909287254664,-0.027357811375077545,0.09815214782817422,0.03841800000000006,0.09950499999999995,-0.926261,0.06542200000000009,-0.20114500000000013,-0.920283,0.027004000000000028,0.3006500000000001,0.005978000000000039,0.9994343598262876,0.4727195085268072,0.4727195085268072,0.0005656401737124117,0.5272804914731928,-0.920283
91,0.379167,walk,1.509313,1.213287,0.977008,0.015928,-0.019882,-0.065917,-0.22582193424528102,0.05471562275015509,0.008399328053757487,-0.05354099967699303,0.05293086863747989,-0.41071055868247125,-0.0026397888168906425,0.004319654427610168,0.0,-0.30261579073678563,0.013678905687538772,0.13462922966162927,0.03934800000000016,0.09929499999999991,-0.926296,0.065102,-0.20131600000000005,-0.9197569999999999,0.025753999999999833,0.30061099999999996,0.0065390000000000725,0.9915626657429031,0.43460999999999994,0.43460999999999994,0.008437334257096918,0.5653900000000001,-0.9197569999999999
92,0.383333,walk,1.508331,1.213469,0.977093,0.016236,-0.019854,-0.06514,-0.23571771483432924,0.04368698991836398,0.020403264522323973,-0.15367263330888092,-0.02953580984349053,-0.3703890503722978,0.00024003840612523588,0.000480076812303771,-0.0014402304368696728,-0.3454152664426229,0.012962073931828721,0.13346135381660912,0.040330999999999895,0.09911500000000006,-0.926387,0.06464499999999984,-0.20144399999999996,-0.919286,0.024313999999999947,0.300559,0.007100999999999913,0.9974383404394955,0.42899000000000004,0.42899000000000004,0.00256165956050447,0.57101,-0.919286
93,0.3875,walk,1.507298,1.213636,0.977176,0.016419,-0.019709,-0.064367,-0.24790016798657397,0.04007679385649795,0.019918406527490908,-0.09005267565078372,-0.08165480936886542,-0.3688206389885102,-0.02423806095510102,0.012718982481420772,-0.06599472042236676,-0.4053275737940525,0.0059995200383829005,0.14278857691384705,0.04126300000000005,0.09900100000000012,-0.926745,0.06398900000000007,-0.20158600000000004,-0.9187740000000001,0.022726000000000024,0.30058700000000016,0.00797099999999995,0.8809230029927854,0.42028999999999994,0.42028999999999994,0.11907699700721464,0.5797100000000001,-0.9187740000000001
94,0.391667,walk,1.506327,1.213831,0.977239,0.016543,-0.019594,-0.063741,-0.23302135829135126,0.046796256299536446,0.015118790496742161,-0.061425889852950846,-0.06420530789427978,-0.2988903436458858,-0.024238060955154628,0.030237580993484323,-0.008879289656826394,-0.47444204463646,0.011999040076819246,0.1591072714182867,0.042132999999999976,0.0989319999999998,-0.9268449999999999,0.06298300000000001,-0.2017310000000001,-0.9181739999999999,0.020850000000000035,0.3006629999999999,0.008670999999999984,0.9337379636088419,0.41329000000000005,0.41329000000000005,0.06626203639115813,0.58671,-0.9181739999999999
95,0.395833,walk,1.505353,1.214015,0.977333,0.016656,-0.019425,-0.063058,-0.23379740758522077,0.044167066730667746,0.022563610177637645,-0.055016321774133105,-0.09024673594408178,-0.32608948825949735,-0.007681228996647139,0.010801728276541701,-0.011281805088813825,-0.5232837253960799,0.012722035525703486,0.18170907345175233,0.043074999999999974,0.09879299999999991,-0.926986,0.06177699999999997,-0.20186199999999999,-0.917511,0.018701999999999996,0.3006549999999999,0.009475000000000011,0.9709905313005316,0.40525,0.40525,0.02900946869946841,0.59475,-0.917511
96,0.4,walk,1.504504,1.214185,0.977386,0.016708,-0.019279,-0.062598,-0.20374370050392876,0.040796736261099635,0.012718982481394128,-0.024522263545666848,-0.07545209957020252,-0.21955672089816103,0.0023998080153744745,-0.000959923206117818,0.0021598272138217073,-0.5788336933044973,0.025197984161272124,0.1723062155027576,0.04393399999999992,0.09861900000000001,-0.92703,0.06021399999999999,-0.20192699999999997,-0.9168459999999999,0.016280000000000072,0.300546,0.010184000000000082,0.9943861815664222,0.39816,0.39816,0.005613818433577777,0.6018399999999999,-0.9168459999999999
97,0.404167,walk,1.503548,1.214308,0.977497,0.016844,-0.018897,-0.062004,-0.2294216462682895,0.02951763858888263,0.026637868970475848,-0.05880800365741139,-0.1921640568500304,-0.2813851769049756,0.030477561795053745,-0.03383729301659937,0.02279817614590961,-0.6421886249100404,0.020398368130523446,0.21718262538997077,0.04501699999999986,0.09835499999999997,-0.9270459999999999,0.058493999999999824,-0.20196499999999995,-0.916052,0.013476999999999961,0.3003199999999999,0.010993999999999948,0.9151209846761867,0.39006,0.39006,0.08487901532381326,0.6099399999999999,-0.916052
98,0.408333,walk,1.502552,1.214456,0.977629,0.016982,-0.018599,-0.061641,-0.23907825252040235,0.03552568410946637,0.0316850696111428,-0.06031425568454079,-0.15002067252532308,-0.17098880047656184,-0.0014402304368580138,-0.0007201152184290069,-0.001680268843014896,-0.6889102256360841,0.009121459433505152,0.21411425828132413,0.04600699999999991,0.09820399999999996,-0.9271849999999999,0.05661999999999989,-0.202075,-0.915292,0.010612999999999984,0.30027899999999996,0.011892999999999931,0.9961212355117641,0.3810700000000001,0.3810700000000001,0.003878764488235875,0.61893,-0.915292
99,0.4125,walk,1.501691,1.214577,0.977751,0.01706,-0.018304,-0.061104,-0.20662347012239154,0.029037676985850355,0.029277657787393135,-0.033118362619663326,-0.1482892706058517,-0.255161203260113,-0.0004799616030855586,0.0009599232061711172,0.0033597312215023285,-0.752099832013436,0.03023758099353761,0.25197984161267295,0.04686599999999985,0.09808700000000004,-0.927293,0.05434699999999992,-0.20206999999999997,-0.9143640000000001,0.007481000000000071,0.300157,0.012928999999999968,0.9941216948817141,0.37071000000000004,0.37071000000000004,0.005878305118285909,0.6292899999999999,-0.9143640000000001
100,0.416667,walk,1.500781,1.214676,0.977915,0.017293,-0.017884,-0.060669,-0.21838252939769173,0.023758099352068754,0.03935685145186962,-0.102845349190972,-0.2118026733767873,-0.20372151735021254,-0.0007199424046016851,0.0,0.0007199424046066807,-0.8149748020158216,-0.008399328053757375,0.2558195344372425,0.047773000000000065,0.09798799999999996,-0.927454,0.05186100000000016,-0.20220400000000005,-0.913462,0.0040880000000000916,0.300192,0.013992000000000004,0.9983030794788021,0.36008000000000007,0.36008000000000007,0.0016969205211978533,0.6399199999999999,-0.913462
101,0.420833,walk,1.49992,1.214761,0.978059,0.017444,-0.017353,-0.060321,-0.20667306769083055,0.020403264522297324,0.034565530484885476,-0.05962515423327916,-0.26189958909602373,-0.16181788692098625,-0.0019203072491617847,0.0014402304368580138,-0.0014402304368696728,-0.8523763802208544,0.015362457993294278,0.23571771483437254,0.04862600000000006,0.09790900000000002,-0.927604,0.049171000000000076,-0.20222499999999988,-0.912624,0.0005450000000000177,0.3001339999999999,0.014979999999999993,0.9953344920028524,0.35020000000000007,0.35020000000000007,0.0046655079971476,0.6497999999999999,-0.912624
102,0.425,walk,1.499076,1.214829,0.978222,0.017609,-0.016802,-0.06015,-0.2025437964962442,0.016318694504429413,0.03911687065035401,-0.06435488273647297,-0.2702472789151442,-0.07640377351283995,-0.0016798656107195255,0.0016798656107728119,0.004559635229181256,-0.8972882169426345,0.00023998080151613608,0.30213582913367343,0.049463000000000035,0.09784800000000016,-0.927748,0.046275999999999984,-0.20229199999999992,-0.911528,0.003187000000000051,0.3001400000000001,0.016220000000000012,0.991430971408042,0.3378,0.3378,0.008569028591957961,0.6622,-0.911528
103,0.429167,walk,1.498256,1.214913,0.978386,0.017966,-0.016285,-0.059859,-0.19678425725942805,0.020158387329007044,0.03935685145186962,-0.15824576027821313,-0.260536431156231,-0.13267459987802802,-0.0004799616030855522,-0.0004799616030855522,0.0007199424046083459,-0.9421646268298695,-0.014398848092140275,0.3078953683705262,0.05028100000000002,0.09776200000000013,-0.927909,0.04316999999999993,-0.20243599999999984,-0.910409,0.0071110000000000895,0.30019799999999996,0.01749999999999996,0.9983508896785555,0.32500000000000007,0.32500000000000007,0.0016491103214445468,0.6749999999999999,-0.910409
104,0.433333,walk,1.497344,1.214997,0.978583,0.018368,-0.015777,-0.059616,-0.21891502640423025,0.02016322611622539,0.04728756601056231,-0.17975135043451146,-0.2571430288537416,-0.10935048932923414,-0.000480076812303771,-0.0002400384061785351,0.0021603456553053423,-0.9827172347575706,-0.02136341814690487,0.3156505040806552,0.051190999999999987,0.09767699999999979,-0.928097,0.03998799999999991,-0.20260900000000004,-0.909291,0.011203000000000074,0.30028599999999983,0.01880599999999999,0.9962899589952292,0.31194,0.31194,0.003710041004770792,0.68806,-0.909291
105,0.4375,walk,1.496551,1.215081,0.978759,0.018788,-0.015295,-0.059527,-0.19030477561796214,0.02015838732900731,0.042236621070330216,-0.1880042859032569,-0.2437021133423566,-0.03534145069156168,-0.0016798656107728119,0.003119750419976201,0.0004799616030705718,-1.0151187904967556,-0.02327813774898351,0.33069354451643823,0.05197699999999994,0.09760599999999986,-0.9282710000000001,0.036551,-0.20279000000000003,-0.908089,0.01542599999999994,0.3003959999999999,0.020182000000000033,0.99404061098079,0.29818,0.29818,0.005959389019210004,0.70182,-0.908089
106,0.441667,walk,1.495726,1.21517,0.97888,0.018903,-0.014867,-0.059481,-0.19798416126706464,0.021358291336694563,0.029037676985823713,-0.043127784968594346,-0.20875065292932304,-0.01752886798722508,-0.0007199424046016947,-0.00047996160303227217,0.0014398848092150459,-1.0316774658027543,-0.001919846412288948,0.3738900887928996,0.05279899999999982,0.09751500000000002,-0.9283859999999999,0.0330769999999998,-0.20288700000000004,-0.906652,0.019722000000000017,0.30040200000000006,0.02173399999999992,0.9972002239821047,0.28265999999999997,0.28265999999999997,0.0027997760178952724,0.7173400000000001,-0.906652
107,0.445833,walk,1.494993,1.215235,0.97902,0.01933,-0.014356,-0.059582,-0.17594815170429529,0.015602496399419514,0.033605376860304584,-0.18932129216203045,-0.2560404855274448,0.0562726460993673,-0.00048007681225047176,0.005280844935181583,0.006240998559770804,-1.145943350936109,-0.0012001920307327777,0.4195871339414302,0.05353000000000008,0.097472,-0.9285,0.029036000000000062,-0.20295700000000005,-0.905044,0.024494000000000016,0.30042900000000006,0.023456000000000032,0.9863508384467768,0.26544,0.26544,0.013649161553223155,0.73456,-0.905044
108,0.45,walk,1.494152,1.21529,0.979172,0.019589,-0.013845,-0.05949,-0.20182385409169312,0.013198944084453037,0.036477081833462884,-0.10999965667250422,-0.2530686549612746,-0.03776848244199131,0.00047996160303226577,0.000959923206117818,0.0,-1.1096712263019315,-0.018958483321319806,0.3676505879529623,0.054373000000000005,0.09742099999999998,-0.928652,0.02525299999999997,-0.2030909999999999,-0.903664,0.029120000000000035,0.3005119999999999,0.02498800000000001,0.9982112887149708,0.25012,0.25012,0.0017887112850292208,0.74988,-0.903664
109,0.454167,walk,1.493272,1.215359,0.979322,0.0199,-0.013425,-0.059573,-0.21118310535157114,0.016558675305998836,0.03599712023037781,-0.13647335760304533,-0.20922852821529406,0.04594154779178113,-0.0011999040076872533,0.0026397888168906425,-0.000479961603072237,-1.1423086153107518,-0.009599232061444739,0.3786897048236153,0.055247999999999964,0.09736299999999987,-0.9288040000000001,0.021373000000000086,-0.20320000000000005,-0.902236,0.03387499999999988,0.3005629999999999,0.026568000000000036,0.9951014124014421,0.23432000000000003,0.23432000000000003,0.00489858759855788,0.7656799999999999,-0.902236
110,0.458333,walk,1.49242,1.215375,0.979479,0.020122,-0.012885,-0.059363,-0.20451272203549023,0.0038406144983235695,0.03768602976475339,-0.09212340519440038,-0.2671583892264367,-0.09444731247240844,0.000960153624607542,0.00216034565534032,0.004320691310609018,-1.1488238118098784,0.0033605376860197985,0.39414306289006323,0.05610399999999993,0.097356,-0.928943,0.017438999999999982,-0.2032020000000001,-0.900751,0.03866499999999995,0.3005580000000001,0.028191999999999995,0.9917913728081421,0.21807999999999994,0.21807999999999994,0.008208627191857887,0.7819200000000001,-0.900751
111,0.4625,walk,1.491641,1.215419,0.979625,0.020543,-0.012571,-0.059627,-0.1869450443964673,0.01055915526756243,0.03503719702423287,-0.19126375378521598,-0.15972087095565327,0.13265617250720949,0.0,0.004799616030695663,-0.0002399808015361153,-1.2867770578353848,-0.09599232061433954,0.47156227501799364,0.05688300000000002,0.09733199999999997,-0.92909,0.012855999999999979,-0.203646,-0.898932,0.04402700000000004,0.30097799999999997,0.030158000000000018,0.9919906469904769,0.19841999999999999,0.19841999999999999,0.008009353009523101,0.80158,-0.898932
112,0.466667,walk,1.490829,1.215422,0.979755,0.020854,-0.012043,-0.059504,-0.1948644108471417,0.0007199424046016947,0.031197504199682084,-0.1345116370430961,-0.26305652149766856,-0.0520595608273562,0.0023998080153745066,0.0014398848092033894,0.0,-1.2025437964962575,-0.07463402927764626,0.4238060955123623,0.05770500000000012,0.09733499999999995,-0.92922,0.008657000000000137,-0.20395999999999992,-0.8972960000000001,0.04904799999999998,0.30129499999999987,0.03192399999999995,0.9953356116351806,0.18075999999999992,0.18075999999999992,0.004664388364819416,0.8192400000000001,-0.8972960000000001
113,0.470833,walk,1.489875,1.215343,0.979926,0.02082,-0.011496,-0.05935,-0.22899663946228965,-0.018963034085439312,0.04104656745077319,0.0311846320132906,-0.2627234141299466,-0.06895668069486921,-0.08353336533845768,-0.052568410945743896,0.04344695151224207,-1.2215554488718476,-0.07393182909264875,0.47431589054248446,0.058311,0.09719499999999992,-0.92921,0.004521999999999915,-0.20418899999999995,-0.8954909999999999,0.05378900000000009,0.3013839999999999,0.033719000000000054,0.8202710485988232,0.16281,0.16281,0.17972895140117684,0.83719,-0.8954909999999999
114,0.475,walk,1.489067,1.215338,0.980017,0.020963,-0.011131,-0.059304,-0.1939044876410239,-0.0011999040076872533,0.021838252939780124,-0.0583106155190891,-0.17938269220335357,-0.017710604117567707,-0.057595392368615154,-0.019678425725921753,0.038156947444204545,-1.238540916726662,-0.06143508519319305,0.5017998560115242,0.058879000000000126,0.09711800000000004,-0.929142,0.00016900000000008575,-0.20443999999999996,-0.893491,0.05871000000000004,0.301558,0.03565099999999999,0.8802732010482344,0.14348999999999995,0.14348999999999995,0.11972679895176563,0.8565100000000001,-0.893491
115,0.479167,walk,1.488133,1.215281,0.980115,0.020952,-0.010743,-0.059212,-0.22414206863450523,-0.01367890568753859,0.023518118550499335,0.015921790808177863,-0.1865107120722392,-0.04050584599461852,-0.05063594912406038,-0.0026397888168906074,0.03887688984881238,-1.233981281497466,-0.03743700503960734,0.5092392608591271,0.059602000000000155,0.09716400000000003,-0.929078,-0.004038999999999904,-0.20453900000000003,-0.891467,0.06364100000000006,0.30170300000000005,0.03761099999999995,0.8935108196287724,0.12388999999999994,0.12388999999999994,0.10648918037122757,0.87611,-0.891467
116,0.483333,walk,1.487345,1.215154,0.980268,0.021092,-0.010252,-0.059182,-0.18915026404224924,-0.03048487758041002,0.03672587614019914,-0.053231324566051716,-0.23954067490168318,-0.008825936580787236,0.0016802688429832496,0.04224675948150596,-0.0007201152184340036,-1.2443590974556107,-0.07681228996641809,0.5220835333653372,0.060397000000000034,0.09746699999999997,-0.929234,-0.00843499999999997,-0.20473200000000014,-0.889445,0.068832,0.3021990000000001,0.03978899999999996,0.9295228453878546,0.10211000000000003,0.10211000000000003,0.07047715461214543,0.89789,-0.889445
117,0.4875,walk,1.486422,1.215098,0.980354,0.021093,-0.009979,-0.059187,-0.22150227981761755,-0.013438924886022635,0.020638348932066227,0.0073204492019694,-0.13075140134934982,0.005106725482895835,0.004079673626147319,0.055915526757842345,0.00695944324453911,-1.2769378449723876,-0.06887449004077942,0.5286777057835396,0.0613370000000002,0.09775599999999995,-0.929291,-0.012832999999999872,-0.204963,-0.8873279999999999,0.07417000000000007,0.30271899999999996,0.041963000000000084,0.9058425709578659,0.08037,0.08037,0.09415742904213409,0.91963,-0.8873279999999999
118,0.491667,walk,1.485699,1.215038,0.98043,0.021408,-0.009655,-0.059249,-0.17350611951039155,-0.014398848092140275,0.018238540916744764,-0.14145150698050682,-0.16347967746146766,0.034685012602728646,0.12550995920322178,-0.0033597312214922927,-0.1497480201583861,-1.2896568274537914,-0.06743460523157513,0.5315574754019659,0.06258299999999983,0.09780199999999994,-0.929991,-0.017484000000000055,-0.20518400000000003,-0.885189,0.08006699999999989,0.302986,0.04480200000000001,0.6743020008486411,0.051979999999999915,0.051979999999999915,0.3256979991513589,0.9480200000000001,-0.885189
119,0.495833,walk,1.484855,1.214918,0.980528,0.021388,-0.00939,-0.059403,-0.20259241478638174,-0.02880460873742677,0.02352376380219189,0.017771837081333487,-0.12478225648668603,0.07658299921177618,-0.18987037926067823,-0.04944791166584933,0.0643302928468565,-1.2743638982237169,-0.09097455592897959,0.5398463754200638,0.06263599999999991,0.09771600000000014,-0.929821,-0.021948999999999996,-0.20544300000000004,-0.883038,0.08458499999999991,0.3031590000000002,0.04678300000000002,0.6558656453163575,0.03217000000000009,0.03217000000000009,0.3441343546836425,0.96783,-0.883038
120,0.5,walk,1.484057,1.214787,0.98061,0.021563,-0.008976,-0.059364,-0.19150467962564938,-0.03143748500117158,0.019678425725948395,-0.07217362740788225,-0.20369774449383296,-0.013698776235485106,0.0007199424046016947,0.004319654427610168,0.0023998080153578545,-1.276937844972441,-0.07847372210222416,0.5212383009359298,0.06343699999999997,0.09786499999999987,-0.929893,-0.02647200000000005,-0.20563900000000013,-0.880948,0.08990900000000002,0.303504,0.048945000000000016,0.9916772050049791,0.010550000000000004,0.010550000000000004,0.008322794995020866,0.9894499999999999,-0.880948
121,0.504167,walk,1.483228,1.214678,0.980667,0.021651,-0.008763,-0.05955,-0.1989440844732331,-0.02615790736744323,0.01367890568753859,-0.03539423108739717,-0.10255854583021462,0.09198798119104222,-0.0011999040076872372,0.004079673626147264,-0.0004799616030705654,-1.2066234701223355,-0.053035757139434855,0.5149988000959872,0.0642609999999999,0.09799100000000016,-0.929952,-0.030670999999999893,-0.20575100000000002,-0.878859,0.0949319999999998,0.3037420000000002,0.051093000000000055,0.9928675487959827,0.0,0.0,0.007132451204017287,1.0,-0.878859
122,0.508333,walk,1.482454,1.21449,0.980765,0.02176,-0.008369,-0.059666,-0.18578972635622945,-0.04512722035522199,0.023523763802218538,-0.04053167521577549,-0.19064810723934827,0.06030024630166182,0.0019203072491617847,0.00600096015361059,0.0007201152184340036,-1.367738838214162,-0.08401344215070816,0.5292846855496872,0.06504299999999996,0.09820399999999996,-0.930047,-0.03559500000000004,-0.205913,-0.876752,0.100638,0.30411699999999997,0.05329499999999998,0.9894304330184058,0.0,0.0,0.01056956698159417,1.0,-0.876752
123,0.5125,walk,1.481594,1.214322,0.980822,0.021737,-0.008064,-0.059801,-0.20638348932082487,-0.04031677465806845,0.013678905687538954,0.020240897454456744,-0.14399895162310772,0.06789794862782417,0.0028797696184601033,0.008399328053757598,0.005999520038398046,-1.2783777297816081,-0.07343412527001328,0.5286777057835499,0.06591499999999995,0.09840700000000013,-0.930079,-0.04006200000000004,-0.20605099999999998,-0.874606,0.10597699999999999,0.3044580000000001,0.055472999999999995,0.9821397379715326,0.0,0.0,0.017860262028467355,1.0,-0.874606
124,0.516667,walk,1.480823,1.214123,0.980895,0.021745,-0.007767,-0.059967,-0.18502519798417838,-0.047756179505600356,0.017518598512116436,0.005251788069803467,-0.14072192141445744,0.08286876377945133,0.000959923206117818,0.005279577633781215,-0.0014398848092166917,-1.2622990160787142,-0.08231341492680096,0.5154787616990595,0.06668999999999992,0.09862799999999994,-0.9301579999999999,-0.04455100000000001,-0.20619500000000013,-0.872531,0.11124099999999992,0.30482300000000007,0.057626999999999984,0.9907400712720856,0.0,0.0,0.009259928727914368,1.0,-0.872531
125,0.520833,walk,1.480023,1.213971,0.980942,0.021836,-0.007613,-0.06032,-0.19203072491596526,-0.036485837734073906,0.011281805088818823,-0.03807664953404558,-0.0726317285351581,0.17169722359553913,0.0031204992798945625,0.0033605376860197985,0.0014402304368713384,-1.2493999039846135,-0.09889582333169866,0.4853576572251547,0.06750299999999987,0.09879400000000005,-0.930199,-0.048956,-0.20645499999999983,-0.870556,0.11645899999999987,0.3052489999999999,0.059643,0.99198872443811,0.0,0.0,0.008011275561889963,1.0,-0.870556
126,0.525,walk,1.47926,1.213777,0.98099,0.022018,-0.007332,-0.06032,-0.18310535157188945,-0.046556275497913115,0.011519078473733534,-0.07905622005029678,-0.13984936278320584,0.0036679269180367883,0.0004799616030855522,0.00023998080156941934,0.0031197504199661683,-1.2123830093592556,-0.07895368370530867,0.45284377249819663,0.068268,0.098989,-0.930234,-0.05324499999999999,-0.20659000000000005,-0.8687170000000001,0.12151299999999998,0.30557900000000005,0.06151699999999993,0.9947240596919081,0.0,0.0,0.005275940308091864,1.0,-0.8687170000000001
127,0.529167,walk,1.478412,1.213547,0.981089,0.022016,-0.007154,-0.060611,-0.20350371970241263,-0.0551955843532932,0.023758099352042112,0.006966213742147375,-0.08206511304541483,0.14171407109255058,-0.0016798656107727896,0.0033597312214922927,-0.003599712023038399,-1.2447804175665977,-0.020878329733608727,0.582433405327569,0.06910899999999986,0.09923300000000013,-0.930348,-0.05758400000000008,-0.20644699999999983,-0.866389,0.12669299999999994,0.30567999999999995,0.06395899999999999,0.9913289003325008,0.0,0.0,0.008671099667499238,1.0,-0.866389
128,0.533333,walk,1.477627,1.213339,0.981141,0.0222,-0.006915,-0.060698,-0.18843014882382525,-0.04992798847815443,0.012481997119551932,-0.08097938878969255,-0.1189036514966183,0.04506950022559096,-0.0120019203072215,0.021123379740726894,0.008641382621219933,-1.201152184349529,-0.09625540086416373,0.5189630340854665,0.06984400000000002,0.09952899999999998,-0.9303640000000001,-0.06180300000000005,-0.20663999999999993,-0.864279,0.13164700000000007,0.3061689999999999,0.06608500000000006,0.957023366932387,0.0,0.0,0.04297663306761301,1.0,-0.864279
129,0.5375,walk,1.476769,1.213097,0.981218,0.022147,-0.006731,-0.06098,-0.2059035277177871,-0.05807535397164665,0.018478521718260896,0.031531346059510613,-0.0835308932906981,0.1372553944890216,-0.06575473962085562,0.0758339332853325,-0.02087832973362205,-1.1876649868010156,-0.10343172546197911,0.5142788576913823,0.07042799999999994,0.10008699999999982,-0.930528,-0.0658939999999999,-0.20682900000000015,-0.862213,0.13632199999999983,0.30691599999999997,0.06831500000000001,0.829133126279578,0.0,0.0,0.17086687372042197,1.0,-0.862213
130,0.541667,walk,1.475977,1.212846,0.981252,0.022228,-0.006471,-0.061033,-0.19006479481639016,-0.06023518118550499,0.008159347252214599,-0.031055715442934166,-0.1263187293652631,0.02852627894118773,-0.03215742740577284,0.03071754259662276,-0.04463642908567249,-1.1478281737461404,-0.12239020878329891,0.5065994720422332,0.07108599999999998,0.10046599999999994,-0.930748,-0.0698850000000002,-0.20708800000000016,-0.860136,0.14097100000000018,0.3075540000000001,0.07061200000000001,0.894985736920418,0.0,0.0,0.10501426307958195,1.0,-0.860136
131,0.545833,walk,1.475201,1.212544,0.981326,0.022229,-0.006201,-0.0613,-0.18626980316853323,-0.07249159865579075,0.017762842054733184,0.008112148295691594,-0.1264808471747664,0.13120159954920554,-0.0067210753720928955,0.0038406144983235695,0.0014402304368696728,-1.192750840134421,-0.009121459433505152,0.5196831493038883,0.07183399999999995,0.10078399999999998,-0.9308160000000001,-0.07407800000000009,-0.20682400000000012,-0.8580450000000001,0.14591200000000004,0.3076080000000001,0.07277100000000003,0.9868769247344216,0.0,0.0,0.013123075265578432,1.0,-0.8580450000000001
132,0.55,walk,1.474374,1.212274,0.981368,0.02227,-0.006004,-0.061532,-0.19846412287014756,-0.06479481641468453,0.010079193664503522,-0.013298979291342813,-0.09303874901405475,0.11374765910676476,-0.00023998080151613289,0.00311975041997616,0.0011999040076789112,-1.1454283657307127,-0.06551475881928621,0.4101271898248114,0.07265999999999995,0.10106700000000002,-0.930853,-0.0780240000000001,-0.2068270000000001,-0.856378,0.15068400000000004,0.3078940000000001,0.07447500000000007,0.9944147508024157,0.0,0.0,0.005585249197584297,1.0,-0.856378
133,0.554167,walk,1.473584,1.211951,0.981431,0.022225,-0.005702,-0.061778,-0.18958483321336295,-0.07751379889610736,0.015118790496769006,0.03104049736713947,-0.14063925614301978,0.121297626398882,0.006479481641468625,-0.0019198464122889736,0.011759059275258306,-1.1159107271418602,-0.08207343412528702,0.3638108951283975,0.07347700000000001,0.10138200000000008,-0.9308670000000001,-0.08188400000000007,-0.20684600000000009,-0.854925,0.15536100000000008,0.30822800000000017,0.07594200000000007,0.9773956145093268,0.0,0.0,0.02260438549067323,1.0,-0.854925
134,0.558333,walk,1.472713,1.211655,0.981463,0.02227,-0.005461,-0.062072,-0.2090734517522961,-0.07105136821893274,0.007681228996620489,-0.013796133387867842,-0.11359548129910081,0.14406422789724388,0.0038406144983235695,0.0007201152184290069,0.017282765242439407,-1.1274603936629735,-0.15266442630817534,0.4755160825732072,0.0743640000000001,0.10168100000000013,-0.930827,-0.08570999999999995,-0.20718599999999987,-0.852976,0.16007400000000005,0.308867,0.077851,0.9704683380797539,0.0,0.0,0.029531661920246144,1.0,-0.852976
135,0.5625,walk,1.471903,1.211297,0.981524,0.022178,-0.005144,-0.062263,-0.19438444924405357,-0.08591312694980939,0.01463882889368305,0.05391892955409065,-0.1470109717240369,0.09485728347920187,-0.005519558435350634,0.00887928965678964,0.033117350611950605,-1.0496760259178892,-0.1773458123350227,0.3474922006239486,0.07515099999999997,0.10207599999999983,-0.93075,-0.08927399999999985,-0.20756700000000006,-0.8515889999999999,0.16442499999999982,0.3096429999999999,0.07916100000000004,0.9421192264294456,0.0,0.0,0.057880773570554434,1.0,-0.8515889999999999
136,0.566667,walk,1.471022,1.211,0.981535,0.022255,-0.004955,-0.062663,-0.21142308615308444,-0.07127429805615297,0.0026397888169172505,-0.030516892603024606,-0.08849223841415332,0.19454126503677405,0.007439404847639557,-0.0014398848092033701,0.029277657787376093,-1.0371970242380912,-0.11039116870647982,0.33501319894408393,0.07606299999999999,0.10236699999999987,-0.930639,-0.0927150000000001,-0.20772999999999997,-0.8502040000000001,0.1687780000000001,0.31009699999999984,0.08043499999999992,0.9495960964291246,0.0,0.0,0.05040390357087543,1.0,-0.8502040000000001
137,0.570833,walk,1.470186,1.210603,0.981588,0.022181,-0.004602,-0.062758,-0.20067210753721995,-0.09529524723955363,0.012722035525676837,0.0462705353022545,-0.16584397849394208,0.049161399771666045,0.037926068170878624,-0.06937109937589618,0.001920307249160119,-1.0504080652904302,-0.1289006240998582,0.3461353816610652,0.07705699999999993,0.10247499999999987,-0.9306840000000001,-0.09625499999999998,-0.20787,-0.848815,0.1733119999999999,0.31034499999999987,0.08186900000000008,0.868191809651573,0.0,0.0,0.13180819034842695,1.0,-0.848815
138,0.575,walk,1.46932,1.210235,0.981631,0.022238,-0.004325,-0.063096,-0.20782337413008156,-0.0883129349652395,0.010319174466046572,-0.018440865456139745,-0.13072312079292112,0.1656030984482961,0.010799136069132137,-0.006479481641468625,0.015358771298296802,-1.0799136069114552,-0.13942884569238678,0.34173266138709757,0.07796800000000004,0.10281600000000002,-0.930663,-0.0998889999999999,-0.20808300000000002,-0.847434,0.17785699999999993,0.31089900000000004,0.083229,0.9668967575448859,0.0,0.0,0.03310324245511409,1.0,-0.847434
139,0.579167,walk,1.468541,1.20982,0.981676,0.022157,-0.004,-0.06327,-0.18694504439641402,-0.09959203263740125,0.010799136069105207,0.04891807527753921,-0.1513118369433037,0.0868380869273501,0.0059995200383829005,-0.0035997120230084256,0.01007919366450685,-1.0124790016798513,-0.19702423806094418,0.48884089272857395,0.07877199999999984,0.1032160000000002,-0.930666,-0.103329,-0.20848899999999992,-0.845442,0.18210099999999985,0.3117050000000001,0.08522399999999997,0.9795507190926358,0.0,0.0,0.020449280907364198,1.0,-0.845442
140,0.583333,walk,1.467631,1.209445,0.981689,0.022171,-0.003826,-0.063717,-0.2184349495919798,-0.09001440230431874,0.0031204992798945625,-0.0008708471979976437,-0.07895960490479047,0.21686855383333276,0.007921267402825673,0.0021603456552870205,0.0021603456553053423,-1.0643302928468665,-0.1922707633221438,0.3005280844935195,0.0797150000000002,0.10359999999999991,-0.93067,-0.10685299999999986,-0.20891500000000018,-0.844203,0.18656800000000007,0.3125150000000001,0.08646699999999996,0.9858499446440243,0.0,0.0,0.014150055355975688,1.0,-0.844203
141,0.5875,walk,1.466779,1.209016,0.981725,0.022128,-0.003543,-0.063902,-0.20446364290853045,-0.10295176385889356,0.008639308855273508,0.029489742655648337,-0.13221844914274433,0.09179764909278752,0.010799136069078563,0.0016798656107727896,0.0011999040076789112,-1.0635949124069972,-0.1756659467242499,0.2822174226061918,0.0806119999999999,0.10403600000000002,-0.930701,-0.110433,-0.20921800000000013,-0.8430629999999999,0.1910449999999999,0.31325400000000014,0.0876380000000001,0.9816755280554804,0.0,0.0,0.018324471944519583,1.0,-0.8430629999999999
142,0.591667,walk,1.465896,1.208634,0.981722,0.022107,-0.003359,-0.064384,-0.21190304775617,-0.09167266618672944,-0.0007199424046016851,0.016200447710823008,-0.0822959726113198,0.2336489758642147,0.005039596832265082,0.0038396928245245585,-0.006959443244540683,-1.0218382529397798,-0.1859851211902962,0.281737461003113,0.08151599999999992,0.10443399999999992,-0.930727,-0.11380800000000013,-0.209611,-0.841886,0.19532400000000005,0.3140449999999999,0.08884099999999995,0.9843143176137118,0.0,0.0,0.015685682386288202,1.0,-0.841886
143,0.595833,walk,1.465029,1.208126,0.981762,0.021963,-0.002978,-0.064458,-0.2081132981277474,-0.12193951032164332,0.00960153624580918,0.08085547361125013,-0.17724607626553374,0.03928535738268103,0.007681228996647344,0.0024003840614656197,-0.007921267402784244,-1.0441670667306688,-0.20163226116177957,0.24531925108018468,0.08241500000000013,0.10495199999999993,-0.9308000000000001,-0.11729099999999981,-0.209943,-0.840904,0.19970599999999994,0.3148949999999999,0.08989600000000009,0.981179975217878,0.0,0.0,0.01882002478212197,1.0,-0.840904
144,0.6,walk,1.464066,1.207746,0.981735,0.02196,-0.002871,-0.065017,-0.23110151187900593,-0.09119270458364388,-0.006479481641468453,0.005166339937637881,-0.04519955964352001,0.2699120423793788,0.00311975041997616,0.00767938564915569,-0.008639308855291825,-1.028077753779732,-0.18934485241181512,0.2267818574514025,0.08339099999999999,0.10536400000000001,-0.930809,-0.12061200000000016,-0.21035199999999998,-0.839932,0.20400300000000016,0.315716,0.09087699999999999,0.9800456448551726,0.0,0.0,0.01995435514482735,1.0,-0.839932
145,0.604167,walk,1.463227,1.207241,0.98175,0.021844,-0.002448,-0.06507,-0.20134389248860757,-0.12119030477561167,0.0035997120230350688,0.06882760694829682,-0.19836711522678294,0.029645231457122112,0.00023998080151613289,0.0021598272138050553,-0.005759539236860106,-0.9978401727861417,-0.22462203023759078,0.19702423806095085,0.08423099999999994,0.10587799999999992,-0.930848,-0.12393100000000001,-0.21078300000000005,-0.839126,0.20816199999999996,0.31666099999999997,0.09172199999999997,0.9897402165119877,0.0,0.0,0.010259783488012264,1.0,-0.839126
146,0.608333,walk,1.462232,1.206803,0.981718,0.021816,-0.002262,-0.065538,-0.2388382141142771,-0.10513682189148779,-0.007681228996647139,0.019456188594873802,-0.08326567313196527,0.22700019930915366,0.0031204992798945625,0.004560729716752576,-0.004800768122901131,-1.0045607297167791,-0.21843494959192647,0.14570331253000385,0.08523900000000006,0.10633499999999985,-0.930836,-0.12712100000000004,-0.21125500000000008,-0.838487,0.2123600000000001,0.31758999999999993,0.09234900000000001,0.9877996874043968,0.0,0.0,0.012200312595603169,1.0,-0.838487
147,0.6125,walk,1.461404,1.206281,0.981716,0.021652,-0.002021,-0.065702,-0.19870410367171698,-0.12526997840175894,-0.000479961603058909,0.08621110988930532,-0.10851065577904151,0.08109113704930479,-0.0016798656107727896,0.0023998080153744745,-0.0038396928245728493,-0.9928005759538766,-0.3326133909287228,0.20158387329013702,0.08606000000000003,0.10686700000000005,-0.9308500000000001,-0.13042999999999982,-0.21211899999999995,-0.837645,0.21648999999999985,0.318986,0.0932050000000001,0.9919507992170393,0.0,0.0,0.008049200782960675,1.0,-0.837645
148,0.616667,walk,1.460421,1.205828,0.981667,0.021537,-0.001907,-0.066229,-0.23590112790976117,-0.10871130309576321,-0.011759059275276623,0.05883682494766519,-0.04545028618555499,0.25441560200799634,-0.003839692824577947,0.004799616030695791,-0.005279577633789682,-1.0299976001920486,-0.23566114710824504,0.13438924886009493,0.08702699999999997,0.10733999999999999,-0.930823,-0.13373900000000005,-0.21264799999999995,-0.8370359999999999,0.22076600000000002,0.31998799999999994,0.09378700000000006,0.986495525945035,0.0,0.0,0.013504474054965021,1.0,-0.8370359999999999
149,0.620833,walk,1.459506,1.205262,0.98167,0.021387,-0.001658,-0.066264,-0.21963514162265926,-0.13586173787802305,0.0007201152184556565,0.07980618819642761,-0.11411931230006357,0.019135450318993122,-0.007921267402772374,0.002640422467644091,-0.0007201152184356692,-1.003360537685993,-0.23427748439749788,0.13082093134901332,0.08790900000000001,0.10791700000000004,-0.930829,-0.1370039999999999,-0.21305800000000008,-0.8364940000000001,0.22491299999999992,0.3209750000000001,0.09433499999999995,0.9860320929347857,0.0,0.0,0.013967907065214336,1.0,-0.8364940000000001
150,0.625,walk,1.458441,1.204685,0.981705,0.021164,-0.00147,-0.066485,-0.25557955363567636,-0.13846892248621198,0.008399328053757375,0.11282389990482934,-0.08064480755374151,0.10788430026644145,-0.009359251259875193,0.009839212862960744,-0.005039596832253425,-0.9865610751139775,-0.1934245260379091,0.08951283897288442,0.08893499999999999,0.10853500000000005,-0.9308850000000001,-0.14005,-0.213287,-0.836156,0.228985,0.32182200000000005,0.09472900000000006,0.9758590234168479,0.0,0.0,0.024140976583152063,1.0,-0.836156
151,0.629167,walk,1.457508,1.20414,0.981644,0.021127,-0.001164,-0.066651,-0.2239020878329891,-0.1307895368370563,-0.014638828893709694,0.02749535673857541,-0.14363621789263528,0.08288068690966095,-0.012718982481420772,0.007919366450671823,-0.011279097672185762,-0.8908087353012074,-0.20998320134388107,0.10559155267578416,0.08981499999999998,0.10911300000000002,-0.930871,-0.1428290000000001,-0.21361699999999995,-0.8356549999999999,0.23264400000000007,0.32272999999999996,0.09521600000000008,0.9687435817861434,0.0,0.0,0.03125641821385661,1.0,-0.8356549999999999
152,0.633333,walk,1.456536,1.203569,0.981623,0.020831,-0.000993,-0.066981,-0.233317330772917,-0.13706192990875582,-0.005040806529029698,0.14724862692176868,-0.06906490815506647,0.1601185048709523,-0.018722995679314076,0.011521843494970707,-0.020403264522323973,-0.9167066730676942,-0.19611137782046736,0.04656745079212664,0.09070899999999993,0.10973199999999994,-0.9309350000000001,-0.14567600000000014,-0.21386300000000014,-0.83544,0.23638500000000007,0.3235950000000001,0.09549500000000011,0.9500112054806797,0.0,0.0,0.049988794519320257,1.0,-0.83544
153,0.6375,walk,1.456481,1.202608,0.981833,0.021744,0.00051,-0.067393,-0.013198944084506675,-0.2306215502760331,0.05039596832251895,-0.3890803283869298,-0.7448155166021807,0.21423042506017714,-0.02735781137507791,0.009119270458359302,-0.023278137748980493,-0.8994480441564516,-0.19486441084711767,0.03167746580273476,0.09065000000000012,0.11073100000000013,-0.9312419999999999,-0.14936899999999986,-0.21371399999999985,-0.835518,0.24001899999999998,0.324445,0.09572399999999992,0.9382324556190362,0.0,0.0,0.06176754438096377,1.0,-0.835518
154,0.641667,walk,1.455449,1.202105,0.981789,0.02153,0.000927,-0.067917,-0.24766018718500457,-0.12071034317252612,-0.01055915526756243,0.11549046870924166,-0.18725847770553147,0.2562755848468341,0.06431485481159897,0.04007679385649795,0.015598752099832507,-0.9028077753779732,-0.18358531317494836,0.001679865610752807,0.09194999999999998,0.11140100000000008,-0.931133,-0.15209899999999998,-0.21397599999999994,-0.835467,0.24404899999999996,0.325377,0.09566600000000003,0.8710526483154493,0.0,0.0,0.12894735168455074,1.0,-0.835467
155,0.645833,walk,1.454348,1.201573,0.981769,0.021284,0.001423,-0.068244,-0.2642822851656308,-0.12770043206912543,-0.004800768122904461,0.13364969928780224,-0.2261195255648191,0.16237649139761484,0.12097935669708583,-0.10489678348536255,0.12433989438310064,-0.8821411425828354,-0.1788286125780113,0.009361497839650375,0.09355500000000005,0.11149600000000004,-0.9305950000000001,-0.15467300000000006,-0.21418899999999996,-0.835408,0.24822800000000012,0.325685,0.09518700000000002,0.662115448432718,0.0,0.0,0.33788455156728203,1.0,-0.835408
156,0.65,walk,1.453279,1.201056,0.981745,0.021188,0.001871,-0.068839,-0.25653947684184747,-0.1240700743940717,-0.005759539236866767,0.059817405149941806,-0.2052771532961221,0.2907985618453344,0.014398848092140275,-0.008399328053757375,0.017518598512119767,-0.8920086393088413,-0.19126469882410405,-0.04487640988720694,0.09468399999999999,0.11197800000000013,-0.9304979999999999,-0.15732100000000004,-0.2144689999999999,-0.835571,0.25200500000000003,0.32644700000000004,0.09492699999999998,0.9596964010442128,0.0,0.0,0.04030359895578717,1.0,-0.835571
157,0.654167,walk,1.452252,1.200472,0.981756,0.020871,0.002479,-0.069025,-0.24646028317731733,-0.1401487880969315,0.0026397888168906074,0.17159247917595363,-0.27870035435361934,0.09577289511424299,0.023038156947467067,-0.019198464122889225,0.03335733141348672,-0.8406527477801793,-0.17398608111350375,-0.01823854091672478,0.09580699999999998,0.11248199999999997,-0.9303699999999999,-0.1597970000000002,-0.21460999999999997,-0.835658,0.25560400000000016,0.32709199999999994,0.09471199999999991,0.9252402132151252,0.0,0.0,0.07475978678487483,1.0,-0.835658
158,0.658333,walk,1.45109,1.1999,0.981772,0.020501,0.002928,-0.069521,-0.2789246279405035,-0.13730196831493802,0.003840614498323672,0.19118318783670324,-0.197794129555262,0.24333123902208253,0.022323571771459706,-0.02160345655303068,0.020643302928468082,-0.8413346135381565,-0.1802688430149008,-0.0818530964954433,0.09706199999999998,0.11296400000000006,-0.9303,-0.16213999999999995,-0.214789,-0.836015,0.25920199999999993,0.32775300000000007,0.09428500000000006,0.937835407821237,0.0,0.0,0.06216459217876302,1.0,-0.836015
159,0.6625,walk,1.450046,1.199311,0.98177,0.02018,0.003459,-0.069686,-0.2505399568034646,-0.1413486921046187,-0.000479961603058909,0.171079100545749,-0.24186352175483194,0.08489457871978234,0.00911927045835906,-0.0026397888168906074,0.023518118550515988,-0.806095512359032,-0.18142548596111666,-0.08639308855291492,0.09814400000000001,0.11354200000000003,-0.9302,-0.16445500000000002,-0.21495600000000004,-0.836373,0.262599,0.32849800000000007,0.093827,0.9577299857120057,0.0,0.0,0.04227001428799426,1.0,-0.836373
160,0.666667,walk,1.448906,1.19874,0.981768,0.019688,0.003815,-0.069995,-0.27357811375087837,-0.1370290376770086,-0.0004799616030855522,0.24678545739392943,-0.1509880170142304,0.1526161028610514,0.010079193664530164,-0.0004799616030855522,0.0247180225581949,-0.9126469882409339,-0.2140628749700017,-0.09599232061435287,0.09932600000000003,0.11411100000000007,-0.930095,-0.1671180000000001,-0.21527699999999994,-0.8367709999999999,0.2664440000000001,0.329388,0.09332400000000007,0.9555027732682208,0.0,0.0,0.04449722673177925,1.0,-0.8367709999999999
161,0.670833,walk,1.447751,1.198091,0.981794,0.019138,0.004208,-0.070057,-0.2772443590974595,-0.1557849255880699,0.006240998559762475,0.27647179437729735,-0.1690945408678603,0.03427322594282093,-0.0007201152184290069,0.000480076812303771,0.01944311089774475,-0.8000480076812357,-0.2141142582813258,-0.11425828132500626,0.10047800000000007,0.11476200000000003,-0.93004,-0.1692960000000001,-0.21552000000000004,-0.8372729999999999,0.2697740000000002,0.3302820000000001,0.09276700000000004,0.9675627271553436,0.0,0.0,0.03243727284465636,1.0,-0.8372729999999999
162,0.675,walk,1.446596,1.197427,0.981824,0.018461,0.004408,-0.070373,-0.27717782577394007,-0.1593472522198207,0.00719942404609678,0.33006804648293464,-0.07009167081971741,0.15480673669936681,-0.003839692824577845,0.004079673626093978,0.016078713702903074,-0.7722582193424331,-0.2071034317254477,-0.10895128389728978,0.10161700000000007,0.11544299999999996,-0.930003,-0.17135900000000004,-0.215719,-0.8377570000000001,0.2729760000000001,0.33116199999999996,0.09224599999999994,0.9716219954002672,0.0,0.0,0.02837800459973283,1.0,-0.8377570000000001
163,0.679167,walk,1.445521,1.196749,0.981805,0.017935,0.004644,-0.070397,-0.2579793616510577,-0.16270698344131732,-0.004559635229179651,0.2597707796725688,-0.09497584092870014,0.014455944074958194,-0.009839212862961006,0.005039596832265216,0.003359731221502373,-0.7089032877369708,-0.24958003359732678,-0.1579073674106082,0.10265100000000005,0.11614199999999997,-0.9299700000000001,-0.173238,-0.21608100000000008,-0.838396,0.27588900000000005,0.33222300000000005,0.09157400000000004,0.9807432955488244,0.0,0.0,0.019256704451175555,1.0,-0.838396
164,0.683333,walk,1.444315,1.196045,0.981818,0.017274,0.004829,-0.070558,-0.2894863178108592,-0.16898703792607717,0.003120499279867913,0.32237374930013807,-0.06485547419317403,0.08018771209158373,-0.0050408065290563474,0.004800768122877812,0.0026404224675957884,-0.7227556409025672,-0.2313970235237552,-0.1711473835813775,0.10383600000000004,0.11686599999999991,-0.929972,-0.17504300000000006,-0.216341,-0.8391219999999999,0.2788790000000001,0.3332069999999999,0.0908500000000001,0.9875915647149474,0.0,0.0,0.012408435285052644,1.0,-0.8391219999999999
165,0.6875,walk,1.443092,1.195349,0.981783,0.016708,0.004972,-0.070923,-0.29349652027836926,-0.1670266378689764,-0.008399328053757375,0.2747933417858379,-0.04629797172241823,0.1777943469072227,-0.00623950083995232,0.005039596832265082,-0.006479481641470118,-0.7972162227021891,-0.31437485001200466,-0.133669306455483,0.10503299999999993,0.117583,-0.929964,-0.17714200000000013,-0.216955,-0.839644,0.28217500000000006,0.334538,0.09032000000000007,0.9828153339261025,0.0,0.0,0.01718466607389746,1.0,-0.839644
166,0.691667,walk,1.441892,1.194581,0.981767,0.016313,0.005376,-0.070838,-0.2879769618430719,-0.1843052555795767,-0.003839692824577845,0.20312188522486474,-0.18059610774062268,-0.036879856499997914,-0.0067194624429845855,0.008879289656842928,-0.006239500839932337,-0.712023038156928,-0.19438444924405357,-0.19510439164866192,0.1062050000000001,0.11838800000000016,-0.929974,-0.17890899999999998,-0.21699699999999988,-0.840441,0.2851140000000001,0.33538500000000004,0.08953299999999997,0.97872636405572,0.0,0.0,0.02127363594428,1.0,-0.840441
167,0.695833,walk,1.440633,1.193862,0.981698,0.015854,0.005459,-0.071074,-0.3022083533365094,-0.17258761401822217,-0.016562650024000404,0.2219043643232891,-0.02230843701936873,0.11517148596165593,-0.012962073931828721,0.00984157465193416,-0.003600576092175015,-0.6850696111377604,-0.18362938070091578,-0.2153144503120519,0.10741,0.11914800000000003,-0.92992,-0.180504,-0.21704299999999999,-0.8412689999999999,0.287914,0.336191,0.08865100000000004,0.9722193062421975,0.0,0.0,0.027780693757802455,1.0,-0.8412689999999999
168,0.7,walk,1.439417,1.193032,0.981681,0.015446,0.005696,-0.071089,-0.29181665466765755,-0.19918406527475455,-0.004079673626094086,0.20337740149590486,-0.09940457130139466,0.009916164731399,-0.009839212862961006,0.010079193664530433,-0.004799616030717439,-0.6671466282697522,-0.19078473722102357,-0.23926085913127354,0.10858500000000015,0.12002000000000002,-0.929923,-0.1820679999999999,-0.2170080000000001,-0.842249,0.29065300000000005,0.3370280000000001,0.08767400000000003,0.9751987585026202,0.0,0.0,0.024801241497379833,1.0,-0.842249
169,0.704167,walk,1.438083,1.192263,0.981589,0.015156,0.00575,-0.071471,-0.3201343892488448,-0.18454523638109283,-0.022078233741295965,0.139445435564039,-0.013184960279247714,0.18483446001263648,-0.003599712023061712,0.0035997120230084256,-0.0021598272138217073,-0.6402687784977428,-0.19750419966402974,-0.28245740340772796,0.109904,0.12080399999999991,-0.92984,-0.18340200000000006,-0.2170620000000001,-0.843334,0.29330600000000007,0.337866,0.08650599999999997,0.9907833624335705,0.0,0.0,0.009216637566429542,1.0,-0.843334
170,0.708333,walk,1.436789,1.191387,0.981549,0.014747,0.006002,-0.071513,-0.3106096975515856,-0.21027364378302887,-0.009601536245808923,0.2043684694470492,-0.10630945116309241,0.023002958046724975,-0.00600096015361059,0.0012001920307327777,-0.0014402304368713384,-0.6361017762842149,-0.1999519923187643,-0.2851656265002385,0.11117299999999997,0.12168500000000004,-0.929806,-0.1847580000000002,-0.21701899999999996,-0.844482,0.29593100000000017,0.338704,0.08532400000000007,0.989521682786298,0.0,0.0,0.01047831721370196,1.0,-0.844482
171,0.7125,walk,1.435403,1.190542,0.981424,0.014497,0.006119,-0.071701,-0.3326133909287494,-0.20278377729781094,-0.02999760019199443,0.12306435674116924,-0.04612475305702402,0.09191615945974722,-0.0019198464122889224,0.0,0.0038396928245745146,-0.6270698344132365,-0.18166546676265943,-0.3071754259659212,0.11255100000000007,0.12253000000000003,-0.929665,-0.18598500000000007,-0.21693099999999998,-0.845637,0.29853600000000013,0.339461,0.08402799999999999,0.9928451548596098,0.0,0.0,0.00715484514039022,1.0,-0.845637
172,0.716667,walk,1.434039,1.189669,0.981321,0.014245,0.006346,-0.071937,-0.3273338132949149,-0.20950323974079552,-0.024718022558186573,0.1276384828946561,-0.09838707086510307,0.11580113896435987,0.0004799616030855522,0.0035997120230084256,0.001679865610751142,-0.602591792656566,-0.1852651787856945,-0.291576673866087,0.11391700000000005,0.1234179999999998,-0.929555,-0.18713200000000008,-0.21683000000000008,-0.846749,0.3010490000000001,0.3402479999999999,0.08280600000000005,0.9933312007037722,0.0,0.0,0.006668799296227768,1.0,-0.846749
173,0.720833,walk,1.432716,1.18877,0.9812,0.014097,0.006561,-0.072012,-0.31757081132981213,-0.21579452712434144,-0.02904464714355278,0.0780278315982206,-0.09732453353275196,0.03796742317913431,-0.002640422467644161,0.002640422467644161,0.005760921747480511,-0.5712914066250865,-0.1831493038886169,-0.3158905424868022,0.1152289999999998,0.124328,-0.92941,-0.18818900000000016,-0.21669400000000005,-0.8479439999999999,0.30341799999999997,0.34102200000000005,0.08146600000000004,0.9885578895454026,0.0,0.0,0.01144211045459742,1.0,-0.8479439999999999
174,0.725,walk,1.431282,1.187847,0.981051,0.013932,0.00651,-0.072367,-0.34413246940248293,-0.2215022798176146,-0.03575713942883455,0.07594219078385508,0.032443908865168555,0.1708927469777001,-0.01703863690903088,0.0016798656107195032,0.0004799616030705654,-0.5601151907846936,-0.16030717542596515,-0.3510919126469903,0.11659200000000003,0.12525799999999987,-0.9292590000000001,-0.18908899999999984,-0.21643900000000005,-0.8492580000000001,0.30568099999999987,0.3416969999999999,0.08000099999999999,0.9714533783216779,0.0,0.0,0.028546621678322115,1.0,-0.8492580000000001
175,0.729167,walk,1.429925,1.186855,0.980937,0.013785,0.006779,-0.072405,-0.3256539476841954,-0.23806095512361322,-0.027357811375103822,0.07956548598604864,-0.12340532068839506,0.020550822714291917,0.01223902087833522,0.0023998080153744745,0.010799136069115197,-0.5442764578834033,-0.19630429565636914,-0.3249340052795737,0.1180000000000001,0.12626000000000004,-0.9290999999999999,-0.18999999999999995,-0.21626500000000004,-0.850498,0.30800000000000005,0.3425250000000001,0.07860199999999995,0.9725038361054246,0.0,0.0,0.02749616389457543,1.0,-0.850498
176,0.733333,walk,1.428432,1.185841,0.980784,0.013563,0.006956,-0.072508,-0.3583773403744516,-0.2433989438310297,-0.036725876140172496,0.11206235121780835,-0.07636171690860859,0.051414701520671784,0.0036005760921983335,-0.0036005760921983335,0.003840614498320238,-0.49951992318770955,-0.15266442630820198,-0.38070091214594404,0.11950800000000017,0.127259,-0.928931,-0.19058799999999998,-0.21588699999999994,-0.851931,0.31009600000000015,0.34314599999999995,0.07699999999999996,0.9893700350010861,0.0,0.0,0.010629964998913888,1.0,-0.851931
177,0.7375,walk,1.426963,1.184866,0.980603,0.013196,0.006981,-0.07291,-0.352531797456187,-0.23398128149746597,-0.04343652507799024,0.175033385896797,0.0033427138326345323,0.19463743458886085,0.0,-0.00455963522917953,0.004559635229181195,-0.47828173746097824,-0.11663066954643214,-0.3904487640988666,0.12097700000000011,0.12821499999999997,-0.928731,-0.19111199999999995,-0.21539799999999998,-0.853377,0.31208900000000006,0.34361299999999995,0.07535399999999992,0.9892528366990316,0.0,0.0,0.010747163300968365,1.0,-0.853377
178,0.741667,walk,1.425658,1.183156,0.979927,0.011007,0.003148,-0.070964,-0.3131749460042991,-0.4103671706263285,-0.1622270218382584,0.921292412495761,1.899498612994703,-0.9548699383929735,-0.0007199424046549907,0.0040796736261473725,0.005279577633789682,-0.5169186465082866,-0.17350611951044947,-0.4113270938324996,0.1222789999999998,0.129942,-0.928033,-0.19196100000000005,-0.21441100000000013,-0.8544149999999999,0.31423999999999985,0.34435300000000013,0.07361800000000007,0.9888151896214956,0.0,0.0,0.011184810378504384,1.0,-0.8544149999999999
179,0.745833,walk,1.424123,1.182014,0.979656,0.01091,0.002841,-0.071017,-0.36845895343256435,-0.2741238598176182,-0.0650504080652955,0.035897407037047364,0.15058404127613872,0.02397074089610663,-0.0012001920306794786,-0.0028804608737693265,0.0076812289966388106,-0.5055208833413202,-0.14666346615456474,-0.45391262602016713,0.12380900000000006,0.13107200000000008,-0.9277299999999999,-0.19253199999999993,-0.21387999999999985,-0.856035,0.316341,0.3449519999999999,0.07169499999999995,0.986181856265661,0.0,0.0,0.013818143734338983,1.0,-0.856035
180,0.75,walk,1.422565,1.180844,0.979339,0.010916,0.002227,-0.071287,-0.3738900887928813,-0.28077753779694853,-0.07607391408687528,-0.02425795475547447,0.29511961247013874,0.12661027007595396,-0.0019198464122889224,0.0011999040076872372,-0.0004799616030722306,-0.4845212383009306,-0.17422606191504653,-0.4672426205903469,0.125359,0.132247,-0.927415,-0.19299299999999997,-0.21343599999999996,-0.8576649999999999,0.31835199999999997,0.34568299999999996,0.06975000000000009,0.9961428482677318,0.0,0.0,0.0038571517322681936,1.0,-0.8576649999999999
181,0.754167,walk,1.421077,1.179671,0.978954,0.011047,0.001715,-0.07141,-0.3570914326854199,-0.2814974802016035,-0.09239260859130448,-0.08041307942357616,0.24125153104818514,0.056401061388047694,-0.0011999040076872372,-0.0004799616030855522,0.0045596352291828604,-0.48956083513319565,-0.14710823134151213,-0.5279577633789274,0.12684200000000012,0.13341800000000004,-0.927011,-0.19354499999999986,-0.21287599999999995,-0.85948,0.320387,0.346294,0.06753100000000001,0.9921012648355529,0.0,0.0,0.007898735164447057,1.0,-0.85948
182,0.758333,walk,1.419535,1.178487,0.978513,0.01118,0.001309,-0.071781,-0.3701392222755476,-0.2842054728756243,-0.10585693710994344,-0.07805046686057346,0.19178715542996,0.17630556147837276,0.0007201152184290069,0.0033605376860197985,0.0038406144983185726,-0.41598655784925187,-0.20187229956792607,-0.47431589054248446,0.12838700000000003,0.13461599999999985,-0.926554,-0.1937359999999999,-0.21253300000000008,-0.861015,0.32212299999999994,0.34714899999999993,0.06553900000000001,0.9914102614204073,0.0,0.0,0.008589738579592665,1.0,-0.861015
183,0.7625,walk,1.417874,1.177271,0.978067,0.011555,0.000982,-0.072319,-0.3986081113510785,-0.29181665466765755,-0.10703143748499039,-0.19134451267704483,0.14647298001832296,0.25702806752847907,-0.004559635229179651,-0.0023998080153212523,0.0023998080153595515,-0.37197024238065557,-0.14254859611230974,-0.4996400287977058,0.13002899999999995,0.1358220000000001,-0.926098,-0.19362500000000016,-0.21191099999999996,-0.8626510000000001,0.3236540000000001,0.34773300000000007,0.06344699999999992,0.9905265824475711,0.0,0.0,0.00947341755242892,1.0,-0.8626510000000001
184,0.766667,walk,1.41617,1.176057,0.977636,0.01198,0.000643,-0.072858,-0.4089272858171675,-0.2913366930645642,-0.10343172546197911,-0.2157007370794051,0.15048664808288192,0.25745140288344165,-0.006719462443037872,0.0,0.005759539236860106,-0.40364770818333295,-0.18238540916726112,-0.5049196064314837,0.13170499999999996,0.13703600000000016,-0.925643,-0.19360299999999997,-0.2114569999999999,-0.864324,0.32530799999999993,0.34849300000000005,0.06131900000000001,0.9852499088755802,0.0,0.0,0.014750091124419829,1.0,-0.864324
185,0.770833,walk,1.414511,1.174823,0.977214,0.012328,0.000324,-0.073277,-0.39822371579449206,-0.2962073931828988,-0.10129620739316422,-0.17809918550375442,0.14295335627494105,0.19988527501426148,0.0012001920307327777,0.0028804608737160275,0.009601536245800596,-0.32141142582812726,-0.1797887662025922,-0.4887181949111845,0.13336899999999985,0.13828200000000002,-0.925181,-0.1932830000000001,-0.21097199999999994,-0.865938,0.32665199999999994,0.34925399999999995,0.059243000000000046,0.9831735150865711,0.0,0.0,0.016826484913428863,1.0,-0.865938
186,0.775,walk,1.41289,1.173554,0.976811,0.012136,-4.5e-05,-0.07388,-0.38900887928967653,-0.30453563714901727,-0.09671226301896788,0.07857781753490624,0.1869303429763017,0.2879404697754159,-0.011039116870647982,0.0071994240460701376,0.008159347252219595,-0.2524598032157535,-0.13414926805854857,-0.49148068154547125,0.13494399999999995,0.13958099999999996,-0.924744,-0.19271400000000005,-0.21026199999999995,-0.867583,0.327658,0.3498429999999999,0.05716100000000002,0.9741656583282132,0.0,0.0,0.025834341671786776,1.0,-0.867583
187,0.779167,walk,1.411149,1.172289,0.976434,0.0123,0.000216,-0.074394,-0.4178065754739571,-0.30357571394289945,-0.09047276217901555,-0.06945972611795069,-0.12773894624407137,0.24895007612562003,0.0033597312214922927,0.0172786177106003,0.005519558435323991,-0.24406047516194285,-0.15910727141830458,-0.4888408927285806,0.1366989999999999,0.1409180000000001,-0.924344,-0.19198999999999988,-0.20965999999999996,-0.869243,0.3286889999999998,0.35057800000000006,0.05510100000000007,0.9692544515782864,0.0,0.0,0.03074554842171362,1.0,-0.869243
188,0.783333,walk,1.408788,1.170784,0.976439,0.013383,0.002669,-0.073476,-0.5667306769083338,-0.3612578012481773,0.0012001920307061602,-0.4304385626172756,-1.2183715476702257,-0.42690516830006414,0.007921267402825885,0.0062409985597892915,0.0002400384061452295,-0.24843975036009266,-0.17978876620259698,-0.47839654344696264,0.13909300000000013,0.14244900000000005,-0.924348,-0.19066399999999994,-0.2089040000000001,-0.8712409999999999,0.3297570000000001,0.35135300000000014,0.053107000000000015,0.9831877889345944,0.0,0.0,0.016812211065405647,1.0,-0.8712409999999999
189,0.7875,walk,1.407242,1.16946,0.976177,0.01332,0.002736,-0.074078,-0.3710103191744213,-0.3177345812335236,-0.0628749700023956,0.03146201858391835,-0.02603528597187175,0.29019160399261335,0.0033597312214922927,-0.00455963522917953,0.001679865610751142,-0.16774658027357808,-0.19582433405325694,-0.4240460763138928,0.14065299999999992,0.14375400000000016,-0.924079,-0.18981700000000012,-0.20839599999999991,-0.872746,0.33047000000000004,0.3521500000000001,0.05133299999999996,0.9901539607830766,0.0,0.0,0.009846039216923397,1.0,-0.872746
190,0.791667,walk,1.405041,1.168369,0.97557,0.012333,0.001691,-0.074638,-0.5281977441804903,-0.2618190544756287,-0.14566834653225547,0.4343142433928803,0.5387725740507971,0.26359050082456065,0.0033597312214922927,-0.0009599232061711044,0.0,-0.2135829133669428,-0.19774418046557252,-0.46412287017038073,0.142868,0.144841,-0.9234720000000001,-0.18850600000000006,-0.208129,-0.8740730000000001,0.33137400000000006,0.35297,0.04939899999999997,0.9941763779783407,0.00600999999999996,0.00600999999999996,0.005823622021659314,0.99399,-0.8740730000000001
191,0.795833,walk,1.403254,1.167072,0.975204,0.011756,0.001528,-0.075235,-0.4289486317810806,-0.31132981277001454,-0.08785405664908502,0.26966002446814064,0.1022071283861832,0.2866492341145895,-0.000480076812303771,-0.0033605376860197985,0.007681228996640476,-0.2561209793566799,-0.20331253000478408,-0.4450312049928005,0.14465299999999992,0.14612399999999992,-0.923074,-0.187786,-0.20767900000000006,-0.8755609999999999,0.33243899999999993,0.353803,0.04751300000000003,0.9860034760085364,0.024870000000000114,0.024870000000000114,0.01399652399146356,0.9751299999999998,-0.8755609999999999
192,0.8,walk,1.401407,1.165803,0.974814,0.011349,0.001366,-0.076009,-0.4432445404367454,-0.30453563714907056,-0.09359251259899172,0.18806042422512825,0.0965530189383262,0.37170937645030927,-0.005519558435297348,0.004079673626093978,0.005519558435323991,-0.2308615310774898,-0.18574514038878007,-0.41684665226781265,0.14647699999999997,0.14741000000000004,-0.922661,-0.18690099999999998,-0.20718399999999992,-0.8769079999999999,0.33337799999999995,0.35459399999999996,0.045753000000000044,0.9853205749112477,0.04246999999999995,0.04246999999999995,0.014679425088752307,0.95753,-0.8769079999999999
193,0.804167,walk,1.399595,1.164536,0.974427,0.010768,0.000958,-0.076868,-0.43484521238305285,-0.3040556755459398,-0.09287257019436586,0.262263721717571,0.22108102965787801,0.4113781725674097,-0.0021598272138583993,0.006479481641468625,0.008399328053755933,-0.2718982481401661,-0.09503239740819762,-0.4307655387569088,0.14827999999999997,0.14870399999999995,-0.922239,-0.1862219999999999,-0.20631299999999997,-0.8783160000000001,0.33450199999999986,0.3550169999999999,0.043922999999999934,0.981957053725866,0.06076999999999999,0.06076999999999999,0.018042946274134053,0.93923,-0.8783160000000001
194,0.808333,walk,1.397805,1.163248,0.974018,0.010152,0.000559,-0.07778,-0.4296687469995096,-0.30916946711472754,-0.0981757081132963,0.2793605933323989,0.21838973958956368,0.4370913974416553,0.0,0.0024003840614655555,0.006240998559770804,-0.22227556409025007,-0.10681709073452433,-0.4159865578492552,0.15006999999999993,0.15000199999999997,-0.9218040000000001,-0.1853579999999999,-0.20547000000000004,-0.8796400000000001,0.33542799999999984,0.355472,0.04216399999999998,0.9888555062592428,0.07836000000000004,0.07836000000000004,0.011144493740757211,0.92164,-0.8796400000000001
195,0.8125,walk,1.395975,1.161931,0.973622,0.009311,2.1e-05,-0.078804,-0.43916486681065137,-0.3160547156227508,-0.09503239740822172,0.3816940880510758,0.29378959070510696,0.49025833565159394,-0.0014398848092033701,0.0033597312214922927,0.007679385649147364,-0.38396928245741146,-0.029277657787392747,-0.5116390688744883,0.15189399999999997,0.15133299999999994,-0.921376,-0.18512799999999996,-0.2042750000000001,-0.8813759999999999,0.33702199999999993,0.35560800000000004,0.040000000000000036,0.9858250978748455,0.10000000000000009,0.10000000000000009,0.014174902125154487,0.8999999999999999,-0.8813759999999999
196,0.816667,walk,1.394185,1.160626,0.973184,0.008389,-0.000708,-0.079867,-0.4295656347492068,-0.31317494600434403,-0.1051115910726986,0.41320162446841036,0.388411212567932,0.508254359008759,-0.0033597312214922927,0.008159347252241243,0.007199424046076798,-0.3014158867290411,-0.17758579313653883,-0.3326133909287228,0.15366999999999997,0.15267200000000014,-0.9209080000000001,-0.18459399999999992,-0.20370999999999995,-0.8823240000000001,0.3382639999999999,0.3563820000000001,0.03858399999999995,0.9810194216179219,0.1141600000000001,0.1141600000000001,0.018980578382078117,0.88584,-0.8823240000000001
197,0.820833,walk,1.392572,1.159333,0.972756,0.007315,-0.001916,-0.081358,-0.3871819491118784,-0.31036965914546033,-0.10273643783007554,0.4676677581598112,0.6252834301840263,0.7126241716236933,-0.012241958713399715,0.01248199711952495,0.014642342774843617,-0.3398943831013161,-0.21867498799807836,-0.15866538646183256,0.15523200000000004,0.15401700000000007,-0.920419,-0.18439699999999992,-0.20332799999999995,-0.8825569999999999,0.33962899999999996,0.357345,0.03786200000000006,0.9619918134853224,0.12138000000000004,0.12138000000000004,0.03800818651467763,0.87862,-0.8825569999999999
198,0.825,walk,1.390865,1.157974,0.972383,0.006519,-0.00272,-0.082485,-0.4096472282217268,-0.32613390928723635,-0.08951283897287347,0.3501009538784819,0.41972054518364516,0.5390289657851332,-0.004799616030695791,0.013678905687538954,0.01295896328293725,-0.38684905207582854,-0.1312694984401187,-0.2212622990160844,0.15691900000000003,0.15543299999999993,-0.919992,-0.18430199999999997,-0.20251600000000003,-0.883106,0.341221,0.35794899999999996,0.036886000000000085,0.9675927175442851,0.1311400000000001,0.1311400000000001,0.03240728245571489,0.86886,-0.883106
199,0.829167,walk,1.388754,1.156598,0.971987,0.005961,-0.002701,-0.083242,-0.5065994720422266,-0.33021358291337494,-0.09503239740819508,0.2684550918643533,0.015448634236536982,0.36375049535872156,-0.007919366450671823,0.015838732901343647,0.0038396928245745146,-0.40100791936644237,-0.10823134149267477,-0.23062155027597367,0.15899700000000005,0.15687499999999988,-0.9195800000000001,-0.18386199999999997,-0.20159099999999996,-0.8836710000000001,0.342859,0.35846599999999984,0.03590899999999997,0.9698004292760816,0.14090999999999998,0.14090999999999998,0.030199570723918434,0.85909,-0.8836710000000001
200,0.833333,walk,1.386708,1.155202,0.971603,0.005164,-0.00291,-0.084309,-0.4911185789726334,-0.33509361497838497,-0.09217474795968572,0.3740704650941524,0.13500085293716352,0.5122585313589505,-0.010801728276541701,0.010561689870416465,-0.001920307249160119,-0.4150264042246976,-0.0789726356217051,-0.22515602496399606,0.16099799999999997,0.15831499999999998,-0.919204,-0.18354500000000007,-0.20052400000000004,-0.884225,0.34454300000000004,0.358839,0.03497899999999998,0.9746187839244652,0.15021000000000007,0.15021000000000007,0.025381216075534785,0.8497899999999999,-0.884225
201,0.8375,walk,1.384693,1.153785,0.97121,0.004805,-0.003116,-0.085456,-0.48356131509481276,-0.3400527957763357,-0.0943124550035934,0.16471560708685615,0.11602372215154143,0.5514597590778716,-0.008639308855273508,0.02423806095510102,0.01631869450443919,-0.370530357571389,-0.1307895368370563,-0.20110391168706146,0.16297700000000015,0.1598329999999999,-0.918743,-0.18307399999999996,-0.19965200000000005,-0.8846700000000001,0.3460510000000001,0.35948499999999994,0.03407299999999991,0.9492166626548187,0.15926999999999997,0.15926999999999997,0.050783337345181256,0.84073,-0.8846700000000001
202,0.841667,walk,1.382641,1.152403,0.970777,0.004498,-0.003365,-0.086628,-0.4924406047516024,-0.3316534677225783,-0.10391168706503802,0.13811608598747618,0.13451555287080932,0.5635162880708052,0.0028797696184067402,0.023998080153584886,0.0237580993520521,-0.31629469642426694,-0.10151187904969018,-0.15286777057835557,0.165041,0.16131499999999988,-0.918211,-0.18233999999999995,-0.19869300000000012,-0.884874,0.34738099999999994,0.360008,0.03333699999999995,0.9435138116946826,0.1666300000000001,0.1666300000000001,0.056486188305317375,0.8333699999999999,-0.884874
203,0.845833,walk,1.380526,1.150953,0.970335,0.003949,-0.00353,-0.087749,-0.507681228996674,-0.3480556889102763,-0.10609697551609816,0.2573087364485559,0.10432123308602326,0.5388836363803827,-0.0045607297167526975,0.014882381180990903,0.004320691310609134,-0.3886221795487468,-0.017522803648581765,-0.23787806048968257,0.1671370000000001,0.16282700000000006,-0.917751,-0.1818439999999999,-0.19731599999999994,-0.885423,0.348981,0.360143,0.03232800000000002,0.9730765540752242,0.17672,0.17672,0.026923445924775802,0.82328,-0.885423
204,0.85,walk,1.378419,1.14949,0.969912,0.003376,-0.003857,-0.088902,-0.5056395488360554,-0.35109191264698364,-0.10151187904966354,0.2619415872433062,0.18283063340185463,0.5539587930445556,0.023518118550499335,-0.007919366450671823,0.02567794576433936,-0.368370530357584,0.019438444924405357,-0.2934965202783759,0.16934199999999988,0.1642570000000001,-0.917221,-0.1812720000000001,-0.19577199999999995,-0.886223,0.350614,0.36002900000000004,0.03099799999999997,0.9404840085959216,0.19002000000000002,0.19002000000000002,0.05951599140407837,0.8099799999999999,-0.886223
205,0.854167,walk,1.376281,1.148015,0.96948,0.003078,-0.004229,-0.090053,-0.5130789536836949,-0.3539716822653904,-0.10367170626349524,0.12854955072530935,0.19260956064169643,0.5535245591625504,-0.005039596832265082,-0.010079193664530164,0.011279097672185762,-0.31509479241657967,-0.037197024238037925,-0.2793376529877585,0.1714589999999998,0.1656899999999999,-0.9167420000000001,-0.18044700000000002,-0.19445199999999996,-0.886955,0.35190599999999983,0.36014199999999985,0.029787000000000008,0.9734269494570162,0.20213000000000003,0.20213000000000003,0.026573050542983756,0.79787,-0.886955
206,0.858333,walk,1.374119,1.1465,0.969,0.002663,-0.004516,-0.091183,-0.5189630340854526,-0.36365818530963323,-0.11521843494960048,0.18815405750152248,0.1570407584795927,0.5434618273147861,-0.007441190590468603,-0.005280844935181583,0.01944311089774308,-0.2911665866538958,0.0873739798367546,-0.31901104176668166,0.1735899999999999,0.16718299999999986,-0.916181,-0.17949800000000016,-0.1925730000000001,-0.8878039999999999,0.35308800000000007,0.35975599999999996,0.028377000000000097,0.9642037710701623,0.21622999999999998,0.21622999999999998,0.03579622892983769,0.7837700000000001,-0.8878039999999999
207,0.8625,walk,1.371928,1.144987,0.968531,0.002202,-0.005034,-0.092439,-0.5257979361651157,-0.36309095272380276,-0.11255099592031152,0.200240518474174,0.26961541644701786,0.6037716027583749,-0.014638828893709694,0.00767938564915569,0.028797696184305527,-0.2764578833693384,0.16030717542596515,-0.4062874970002369,0.17571999999999988,0.168728,-0.9155920000000001,-0.17845900000000015,-0.190392,-0.889028,0.354179,0.35912,0.026564000000000032,0.9446582440935485,0.23435999999999996,0.23435999999999996,0.05534175590645152,0.7656400000000001,-0.889028
208,0.866667,walk,1.369957,1.143107,0.967867,0.000972,-0.007265,-0.092807,-0.4730021598272096,-0.4511639068874292,-0.15934725221982496,0.4896740869582182,1.1212664287287823,0.17257832026171688,-0.0175185985121169,0.010079193664530433,0.02831773458123405,-0.22510199184062904,0.11759059275257974,-0.29565634749220887,0.17761799999999983,0.17064999999999997,-0.91481,-0.17742600000000008,-0.18802200000000013,-0.889596,0.3550439999999999,0.3586720000000001,0.02521399999999996,0.9420156742786592,0.24786000000000008,0.24786000000000008,0.057984325721340824,0.7521399999999999,-0.889596
209,0.870833,walk,1.367705,1.141524,0.967374,0.000751,-0.007924,-0.094,-0.540566490638536,-0.37998079692753506,-0.11833893422949504,0.08038115444144604,0.3258081983921955,0.5743793112168646,-0.02016322611617209,0.012241958713399715,0.03216514642342825,-0.2037926068171145,0.1248199711954094,-0.29116658665386247,0.179786,0.1722840000000001,-0.914183,-0.17602300000000004,-0.18591899999999995,-0.890316,0.35580900000000004,0.35820300000000005,0.02386699999999997,0.9335207240940405,0.26133,0.26133,0.06647927590595948,0.7386699999999999,-0.890316
210,0.875,walk,1.365479,1.139912,0.966866,0.000514,-0.008803,-0.095309,-0.5341972642188199,-0.3868490520758182,-0.12191024718021336,0.07851749180643851,0.4316674817867533,0.6301600088633623,-0.023518118550499335,0.01607871370285978,0.037916966642667915,-0.19750419966402974,0.13630909527238028,-0.27885769138468625,0.1819139999999999,0.17396299999999987,-0.913517,-0.17462000000000022,-0.18373899999999999,-0.89097,0.35653400000000013,0.35770199999999985,0.022546999999999984,0.9209549479046027,0.27452999999999994,0.27452999999999994,0.07904505209539725,0.7254700000000001,-0.89097
211,0.879167,walk,1.363248,1.138264,0.9664,0.000563,-0.009819,-0.096473,-0.5353971682265604,-0.39548836093114503,-0.11183105351570984,-0.06499880642208052,0.4839634056596946,0.5616477092630378,-0.011999040076819087,0.019678425725974776,0.03599712023038066,-0.25533957283416026,0.12287017038635782,-0.26445884329253594,0.1840949999999999,0.1756930000000001,-0.9129010000000001,-0.17345300000000008,-0.18157899999999993,-0.891606,0.357548,0.35727200000000003,0.021295000000000064,0.9287607694942539,0.28705,0.28705,0.0712392305057461,0.71295,-0.891606
212,0.883333,walk,1.360933,1.136625,0.965882,0.000708,-0.010685,-0.097603,-0.5556889102256518,-0.39342294767161423,-0.12433989438310564,-0.10409687805643993,0.4079379514947904,0.5458910167960831,-0.023283725396066653,0.015842534805544747,0.04344695151224207,-0.22299567930867906,0.10993759001439225,-0.2930868939030242,0.18631299999999995,0.17739799999999994,-0.9122020000000001,-0.17206699999999997,-0.17948200000000003,-0.892309,0.3583799999999999,0.35688,0.01989300000000005,0.913706647399514,0.30107,0.30107,0.08629335260048598,0.69893,-0.892309
213,0.8875,walk,1.35842,1.135036,0.965277,0.000693,-0.011186,-0.099155,-0.6030717542596676,-0.38132949364053104,-0.14518838492920041,-0.008399826073138113,0.24134438174956982,0.7485024544121972,-0.020878329733609282,0.029997600192021873,0.04439644828413922,-0.21622270218383915,0.10079193664509119,-0.29157667386609476,0.188739,0.17911200000000016,-0.911412,-0.17045500000000002,-0.17747299999999988,-0.892919,0.359194,0.35658500000000004,0.01849299999999998,0.9041586193235007,0.31506999999999996,0.31506999999999996,0.09584138067649928,0.68493,-0.892919
214,0.891667,walk,1.356011,1.133415,0.964744,0.001054,-0.011991,-0.100654,-0.5781137508998956,-0.3890088792896233,-0.1279097672186229,-0.20271711906059436,0.36861814596579745,0.7251565493626244,-0.026157907367389942,0.029517638588882233,0.05375569954403488,-0.10103191744660463,0.00455963522917953,-0.3158147348212147,0.19103899999999996,0.1808559999999999,-0.910655,-0.16846700000000014,-0.17583300000000002,-0.893702,0.3595060000000001,0.3566889999999999,0.016952999999999996,0.8888794156086209,0.33047000000000004,0.33047000000000004,0.11112058439137906,0.66953,-0.893702
215,0.895833,walk,1.353583,1.13177,0.964179,0.001459,-0.012438,-0.102007,-0.582813250120042,-0.39486317810852556,-0.13562169947192446,-0.20731353319169843,0.1954322397001116,0.6552616147207603,-0.022563610177637645,0.03504560729716259,0.060489678348536254,-0.15266442630817534,0.07561209793565866,-0.22971675468074865,0.19337300000000002,0.182647,-0.909838,-0.1666749999999999,-0.17387299999999994,-0.894094,0.3600479999999999,0.35651999999999995,0.01574399999999998,0.877567339576848,0.3659008980923952,0.3659008980923952,0.12243266042315204,0.6340991019076048,-0.894094
216,0.9,walk,1.351028,1.130036,0.963538,0.001863,-0.01211,-0.103583,-0.6131509479241818,-0.41612670986318434,-0.1538276937844967,-0.16752287249900769,-0.17431477904010267,0.762889726987112,-0.02879769618428055,0.037916966642692895,0.06695464362850956,-0.19606431485482637,0.1250299976001895,-0.22990160787136865,0.1958080000000002,0.184539,-0.908918,-0.1649369999999999,-0.17161800000000005,-0.8944110000000001,0.3607450000000001,0.35615700000000006,0.014506999999999937,0.8630700912436714,0.3549300000000001,0.3549300000000001,0.1369299087563286,0.6450699999999999,-0.8944110000000001
217,0.904167,walk,1.34864,1.128312,0.963033,0.002275,-0.012439,-0.105023,-0.5730741540676305,-0.41372690184786315,-0.12119030477561167,-0.2047919636661812,0.13875753064819765,0.697231475700132,-0.030477561795106627,0.05183585313174762,0.0777537796976231,-0.1653467722582036,0.10895128389727646,-0.23494120470362043,0.19806899999999983,0.18647900000000006,-0.908089,-0.163238,-0.16944000000000004,-0.894885,0.3613069999999998,0.3559190000000001,0.013203999999999994,0.836178555024947,0.36796,0.36796,0.16382144497505302,0.6320399999999999,-0.894885
218,0.908333,walk,1.346214,1.126604,0.962472,0.003014,-0.01225,-0.106456,-0.5823331733077538,-0.4099855976956522,-0.13466154584734716,-0.3348659069594842,-0.1250124970121645,0.6963740234262441,-0.033125300048001696,0.058809409505534586,0.0907345175228068,-0.158905424868022,0.11257801248201268,-0.23955832933269916,0.2003569999999999,0.18843200000000015,-0.90715,-0.16147400000000012,-0.16726299999999994,-0.895322,0.361831,0.3556950000000001,0.01182800000000006,0.8115222911813034,0.38172,0.38172,0.18847770881869663,0.6182799999999999,-0.895322
219,0.9125,walk,1.343649,1.124776,0.962187,0.003815,-0.011882,-0.107499,-0.6155507559395029,-0.4386849052075658,-0.06839452843771959,-0.35745775733135027,-0.2143794676882691,0.5085775609713113,-0.03935685145184298,0.07391408687304359,0.09671226301895622,-0.144708423326111,0.10631149508038584,-0.2246220302375808,0.202758,0.19056800000000007,-0.906462,-0.1595120000000001,-0.16499200000000003,-0.895973,0.3622700000000001,0.3555600000000001,0.01048899999999997,0.7867870403881105,0.4158231506202606,0.4158231506202606,0.21321295961188946,0.5841768493797395,-0.895973
220,0.916667,walk,1.341291,1.122991,0.961788,0.005242,-0.011138,-0.109169,-0.5658747300216137,-0.4283657307415195,-0.09575233981282341,-0.6333020018915692,-0.42453679542628814,0.8156165857206324,-0.03767698584117676,0.10031197504200294,0.13870890328773644,-0.13966882649389922,0.11231101511879539,-0.21070314374849608,0.2049589999999999,0.19277100000000003,-0.905485,-0.1577360000000001,-0.16273900000000008,-0.896452,0.362695,0.3555100000000001,0.009032999999999958,0.7078708074508515,0.4486416808026484,0.4486416808026484,0.2921291925491485,0.5513583191973517,-0.896452
221,0.920833,walk,1.339146,1.121118,0.961658,0.006383,-0.011349,-0.11052,-0.5148823811810038,-0.44959193470955644,-0.031204992798839027,-0.5486841657346243,0.045128538145749214,0.6585087157424709,-0.051848295727314885,0.10129620739316422,0.1214594335093613,-0.11497839654342194,0.09385501680269562,-0.2004320691310614,0.20688799999999996,0.19506599999999996,-0.904849,-0.15606999999999993,-0.16047500000000003,-0.897157,0.3629579999999999,0.355541,0.007692000000000032,0.7226035659201349,0.5074084877758732,0.5074084877758732,0.27739643407986514,0.4925915122241268,-0.897157
222,0.925,walk,1.336876,1.119289,0.961449,0.007975,-0.010767,-0.112038,-0.5447564194864355,-0.43892488600913526,-0.05015598752100147,-0.7207481562583145,-0.35644713932218247,0.7437942459918274,-0.03743700503955406,-0.008399328053757375,0.36573074154067503,-0.11231101511876874,0.10367170626349524,-0.20086393088552867,0.20900200000000013,0.19686000000000003,-0.903116,-0.15426799999999985,-0.15821399999999997,-0.897785,0.36327,0.355074,0.005330999999999975,0.5,0.5260162496390821,0.5,0.5,0.4739837503609179,-0.897785
223,0.929167,walk,1.334579,1.117438,0.961189,0.008975,-0.009757,-0.113455,-0.5512359011279186,-0.4442044636429283,-0.062395008399338356,-0.4158707772569682,-0.5291939328452673,0.6933461774267646,-0.16846652267818424,0.07343412526995999,-0.09623230141588988,-0.11447084233263013,0.09239260859130694,-0.1833453323734138,0.21059700000000015,0.199017,-0.903257,-0.15244799999999992,-0.15597799999999995,-0.898289,0.36304500000000006,0.35499499999999995,0.0049679999999999724,0.6542552488819645,0.5585452674978547,0.5585452674978547,0.3457447511180355,0.4414547325021453,-0.898289
224,0.933333,walk,1.331739,1.115712,0.960216,0.013855,-0.006376,-0.115454,-0.6817090734517407,-0.4143062890062153,-0.23355736917906889,-2.1350532342327173,-1.8685006773943147,1.0049316016687178,-0.14378300528084872,0.1476236197791723,-0.01488238118098884,-0.15290446471435387,0.1473835813730204,-0.23499759961593855,0.21283800000000008,0.20135799999999993,-0.902346,-0.15024499999999996,-0.15363800000000005,-0.898295,0.36308300000000004,0.354996,0.004051000000000027,0.6556496817922737,0.45949,0.45949,0.3443503182077263,0.54051,-0.898295
225,0.9375,walk,1.329826,1.11363,0.960614,0.010235,-0.007915,-0.115782,-0.4590832733381423,-0.4996400287977258,0.09551235901128063,1.6413262585788315,0.9364339314440386,0.1353769185294793,-0.08231341492680096,0.13150947924165796,0.16606671466282694,-0.09719222462202678,0.08975281977441388,-0.17830573554115384,0.21440800000000015,0.20398800000000006,-0.902052,-0.1487369999999999,-0.15118199999999993,-0.899436,0.36314500000000005,0.35517,0.0026159999999999517,0.6212286121688655,0.6037993396541521,0.6037993396541521,0.3787713878311345,0.3962006603458479,-0.899436
226,0.941667,walk,1.326696,1.112079,0.959534,0.015552,-0.004606,-0.118311,-0.7511399088072549,-0.3722102231821085,-0.2591792656587381,-2.3428041466108196,-1.8591250787654048,1.2612484069269678,-0.10511159107275189,0.12958963282936906,0.18022558195344107,-0.0731941444684419,0.05975521958244608,-0.157187425005999,0.21709999999999985,0.2060789999999999,-0.900221,-0.14591200000000004,-0.14938200000000001,-0.899011,0.3630119999999999,0.3554609999999999,0.0012100000000000444,0.5906537057387427,0.6822315356658184,0.5906537057387427,0.40934629426125735,0.3177684643341816,-0.899011
227,0.945833,walk,1.324197,1.110189,0.959203,0.01602,-0.004175,-0.119541,-0.5998559769563195,-0.45367258761400525,-0.07945271243398223,-0.19701070495949174,-0.2224925302631274,0.599212217264502,-0.10369659145462977,0.1361017762842016,0.18242918867018798,-0.06961113778207471,0.05760921747480024,-0.15026404224675974,0.2191669999999999,0.20853599999999983,-0.89913,-0.14370300000000014,-0.14725200000000005,-0.899306,0.36287,0.3557879999999999,0.000176000000000065,0.5813830918772196,0.7077680961133881,0.5813830918772196,0.4186169081227804,0.2922319038866119,-0.89913
228,0.95,walk,1.32164,1.108421,0.958731,0.017601,-0.003992,-0.120879,-0.6136309095272837,-0.4242860571154369,-0.11327093832494287,-0.7415386652248551,-0.16723662317517402,0.6528572714107761,-0.057355411567046495,0.2270218382529713,0.4922006239500927,-0.06791456683466249,0.038396928245726186,-0.12838972882169689,0.22148500000000015,0.21124999999999994,-0.896607,-0.14142900000000003,-0.14532400000000012,-0.899369,0.3629140000000002,0.35657400000000006,0.002761999999999931,0.47238,0.7496078910879302,0.47238,0.52762,0.25039210891206976,-0.896607
229,0.954167,walk,1.319086,1.106439,0.958247,0.019461,-0.003952,-0.122397,-0.6129109671226124,-0.4756419486441409,-0.11615070794337323,-0.8826657156159705,-0.11372145958699038,0.7397855189130343,-0.09791216702668176,0.14374850011999318,0.23086153107751312,-0.06959443244538019,0.0395968322534124,-0.1271898248140129,0.2236309999999999,0.2138310000000001,-0.895161,-0.13916499999999998,-0.143177,-0.899415,0.3627959999999999,0.3570080000000001,0.00425399999999998,0.4757170121883163,0.7495085625320212,0.4757170121883163,0.5242829878116837,0.25049143746797875,-0.895161
230,0.958333,walk,1.316535,1.104507,0.957781,0.02104,-0.004337,-0.12375,-0.6123379740758444,-0.463754200672118,-0.11185789726355404,-0.7741344314907901,0.10364530141411515,0.6557998224449745,-0.10273643783002223,0.1106577052328479,0.1898703792606816,-0.058569371099354485,0.026404224675961215,-0.1353816610657709,0.225754,0.2162240000000002,-0.893904,-0.13685799999999992,-0.1411349999999999,-0.899513,0.36261199999999993,0.3573590000000001,0.005608999999999975,0.5395907356597287,0.7502459628585678,0.5395907356597287,0.4604092643402713,0.24975403714143218,-0.893904
231,0.9625,walk,1.313831,1.102624,0.957483,0.021731,-0.004775,-0.125502,-0.6489080873530163,-0.45188384929201886,-0.07151427885769575,-0.35378871218525854,0.1857020929989473,0.8453259505149033,-0.14926805855534384,0.09551235901125399,0.2123830093592489,-0.054955603551723776,0.018478521718260896,-0.12766978641708512,0.22783599999999993,0.21850499999999995,-0.892721,-0.13438299999999992,-0.13917500000000005,-0.899747,0.36221899999999985,0.35768,0.007025999999999977,0.4687323274521735,0.7663029710025142,0.4687323274521735,0.5312676725478265,0.2336970289974858,-0.892721
232,0.966667,walk,1.311146,1.100781,0.957163,0.022872,-0.005421,-0.127007,-0.6443484521238368,-0.44228461723062756,-0.07679385649147696,-0.5809385267451468,0.2550008583292578,0.7256406986909286,-0.1497480201583761,0.20710343172547435,0.21190304775617666,-0.05903527717781776,0.007919366450671823,-0.11855051595872274,0.22989700000000002,0.22121100000000005,-0.891518,-0.13194399999999984,-0.13729900000000006,-0.899921,0.36184099999999986,0.3585100000000001,0.008402999999999938,0.41597000000000006,0.7788784575641137,0.41597000000000006,0.5840299999999999,0.22112154243588633,-0.891518
233,0.970833,walk,1.308396,1.098959,0.956882,0.023902,-0.005858,-0.128802,-0.6601056168987282,-0.43734997599616837,-0.0674507921267362,-0.5151440481691575,0.1656150876974306,0.86813316364179,-0.0897743638981959,0.028324531925070454,0.3941430628900737,-0.05352856457035286,-0.0026404224675908618,-0.10681709073452052,0.23227300000000017,0.22315099999999988,-0.889595,-0.1294169999999999,-0.13548800000000005,-0.900085,0.36169000000000007,0.35863899999999993,0.01049,0.3951,0.8008199451587934,0.3951,0.6049,0.1991800548412066,-0.889595
234,0.975,walk,1.305621,1.097125,0.956548,0.025029,-0.005713,-0.130662,-0.6659467242620473,-0.4401247900168225,-0.0801535877129959,-0.5251499928679746,-0.116567536497536,0.9065436468565254,-0.14014878809698475,0.13678905687549248,0.24262059035276945,-0.04583633309336472,-0.006239500839925676,-0.10655147588192862,0.234464,0.22555500000000017,-0.88825,-0.12683299999999997,-0.1336799999999999,-0.900195,0.361297,0.3592350000000001,0.011944999999999983,0.38055000000000005,0.8064001993315238,0.38055000000000005,0.61945,0.19359980066847615,-0.88825
235,0.979167,walk,1.302883,1.095295,0.956313,0.025922,-0.005773,-0.132498,-0.6570674346052043,-0.43916486681065137,-0.05639548836092715,-0.42673714841813715,-0.004670575692104619,0.8918977862048073,-0.15286777057835224,0.17110631149507036,0.25149988000959905,-0.04343652507799024,-0.016078713702913066,-0.10799136069114365,0.23656499999999991,0.22809800000000013,-0.886967,-0.12427600000000005,-0.13191699999999995,-0.9004099999999999,0.36084099999999997,0.3600150000000001,0.013442999999999983,0.36556999999999995,0.8041585765563557,0.36556999999999995,0.63443,0.1958414234436443,-0.886967
236,0.983333,walk,1.300027,1.093431,0.95619,0.02694,-0.005656,-0.134485,-0.6855496879500642,-0.44743158905421615,-0.029524723955829127,-0.4749453678438114,-0.09486593349212712,0.9681423109483609,-0.15434469515121188,0.18098895823329833,0.2806048967834826,-0.03768602976475339,-0.03384541526642982,-0.08737397983677458,0.23877799999999993,0.23071599999999992,-0.885675,-0.12157700000000005,-0.13019400000000003,-0.900651,0.360355,0.36090999999999995,0.01497599999999999,0.35024000000000005,0.8316752367981595,0.35024000000000005,0.6497599999999999,0.16832476320184053,-0.885675
237,0.9875,walk,1.297099,1.091379,0.955783,0.02816,-0.006714,-0.135971,-0.7026637868970529,-0.4924406047516024,-0.0976721862250857,-0.6474096730619322,0.4441181612822895,0.7117882688811024,-0.15406767458603948,0.2411807055435894,0.31389488840892577,-0.03575713942883455,-0.030237580993510562,-0.08591312694984268,0.24106399999999994,0.233773,-0.8839600000000001,-0.11879799999999996,-0.12826800000000005,-0.900602,0.3598619999999999,0.36204100000000006,0.016641999999999935,0.33358000000000004,0.8369223965682799,0.33358000000000004,0.66642,0.16307760343172006,-0.8839600000000001
238,0.991667,walk,1.294409,1.089617,0.955689,0.028575,-0.006324,-0.138187,-0.6455483561315413,-0.42284617230623345,-0.022558195344382116,-0.16892829675386617,-0.18148164122019467,1.0804986279891107,-0.14230861531074032,0.3040556755459398,0.2200623950084038,-0.03695704343652278,-0.03383729301657318,-0.09023278137749184,0.24316100000000018,0.23680199999999996,-0.882949,-0.11626199999999987,-0.12664700000000007,-0.900884,0.35942300000000005,0.363449,0.017935000000000034,0.32065,0.827979811477316,0.32065,0.67935,0.17202018852268397,-0.882949
239,0.995833,walk,1.291632,1.087834,0.955663,0.029148,-0.005971,-0.140401,-0.6665866538646249,-0.42798847815652635,-0.006240998559762475,-0.24665831648667988,-0.17441927376655145,1.0804427863277952,-0.08281325012002867,0.22827652424386063,0.20019203072491618,-0.035765722515591604,-0.03912626020163805,-0.08857417186749904,0.24559300000000017,0.23953599999999997,-0.882089,-0.11363399999999979,-0.125027,-0.901227,0.35922699999999996,0.36456299999999997,0.01913799999999999,0.30862,0.827958055288496,0.30862,0.69138,0.17204194471150402,-0.882089
240,1.0,walk,1.288638,1.086184,0.955659,0.029365,-0.005837,-0.14303,-0.7185025197983965,-0.3959683225341773,-0.0009599232061444612,-0.09185346353542392,-0.04039781578845223,1.2769953259989106,-0.1353491720662358,0.10799136069115864,0.15598752099831842,-0.03167746580274058,-0.04199664026876023,-0.0861531077513788,0.2480230000000001,0.24163599999999996,-0.8814350000000001,-0.11077199999999987,-0.123552,-0.901582,0.358795,0.36518799999999996,0.020146999999999915,0.41010855409453817,0.8317612674338426,0.41010855409453817,0.5898914459054618,0.1682387325661574,-0.8814350000000001
241,1.004167,walk,1.285788,1.0845,0.955625,0.029405,-0.005416,-0.145666,-0.6839452843772492,-0.4041276697864185,-0.008159347252241243,0.011881533599912727,-0.1644131612308771,1.284005890798009,-0.22990160787137198,0.16102711783059348,0.16198704103671463,-0.022798176145950935,-0.041996640268786876,-0.08591312694984268,0.2499150000000001,0.24399100000000007,-0.8807259999999999,-0.10801700000000003,-0.12204300000000001,-0.901906,0.35793200000000014,0.3660340000000001,0.021180000000000088,0.2882000000000001,0.8361526793716896,0.2882000000000001,0.7117999999999999,0.16384732062831042,-0.8807259999999999
242,1.008333,walk,1.283392,1.082854,0.956178,0.029309,-0.006788,-0.147394,-0.5751320211233569,-0.3951032165146613,0.13274123859818532,-0.04957582283890557,0.6831311609446169,0.8190545339041437,-0.1452232357177106,0.14954392702828476,0.2388382141142668,-0.022563610177584948,-0.04752760441671546,-0.08209313490158687,0.251706,0.24625999999999992,-0.880284,-0.105715,-0.12059500000000001,-0.902801,0.357421,0.36685499999999993,0.02251700000000001,0.27483,0.8374912610571362,0.27483,0.72517,0.16250873894286377,-0.880284
243,1.0125,walk,1.280533,1.081146,0.956345,0.029535,-0.006344,-0.149927,-0.6861051115911075,-0.4098872090232853,0.04007679385649795,-0.07297622233196625,-0.18978274800564282,1.2360562165690272,-0.3052555795536722,-0.038156947444155744,0.22798176145907975,-0.021118310535178146,-0.03719702423806457,-0.06719462443004567,0.253293,0.24780900000000017,-0.879501,-0.10294399999999992,-0.11904199999999998,-0.903248,0.3562369999999999,0.36685100000000015,0.023747000000000074,0.26253000000000004,0.8672437571637164,0.26253000000000004,0.73747,0.13275624283628362,-0.879501
244,1.016667,walk,1.277837,1.079492,0.956521,0.029726,-0.006112,-0.152524,-0.6469882409407274,-0.3969282457403484,0.04223662107030301,-0.07169079250623936,-0.08574715066905042,1.2645952918417118,-0.29589632829369045,0.17686585073193714,0.3714902807775368,-0.027117830573561045,-0.043676505879506375,-0.08039356851451702,0.2547560000000002,0.2502000000000002,-0.8781289999999999,-0.10036099999999992,-0.11756999999999984,-0.903759,0.3551170000000001,0.36777000000000004,0.02563000000000004,0.24370000000000003,0.8409565070023886,0.24370000000000003,0.7563,0.15904349299761145,-0.8781289999999999
245,1.020833,walk,1.275263,1.077812,0.9565,0.030146,-0.004865,-0.154783,-0.6178588574171349,-0.40326452232353766,-0.005040806529029563,-0.10633610318834971,-0.5888413279243326,1.1164686720308787,-0.26740278444551824,0.05976956313008567,0.3082093134901484,-0.03168506961114195,-0.04680748919828394,-0.07969275084013365,0.256216,0.25212900000000005,-0.876824,-0.09791900000000009,-0.116085,-0.90407,0.3541350000000001,0.36821400000000004,0.027245999999999992,0.22754000000000002,0.8371621527597845,0.22754000000000002,0.7724599999999999,0.16283784724021555,-0.876824
246,1.025,walk,1.272276,1.076284,0.956585,0.029391,-0.004433,-0.157651,-0.7168226541877152,-0.3666906647468307,0.020398368130550903,0.39040202145563946,-0.1061572076092923,1.3957259151090116,-0.30789536837057924,0.09407247420205564,0.37293016558677006,-0.03887688984881279,-0.05519558435324285,-0.07535397168226762,0.2579199999999999,0.25404899999999997,-0.875355,-0.09509400000000001,-0.11478699999999997,-0.904469,0.35301399999999994,0.36883599999999994,0.029113999999999973,0.2088600000000001,0.831376601855029,0.2088600000000001,0.79114,0.16862339814497096,-0.875355
247,1.029167,walk,1.269655,1.074586,0.956664,0.029878,-0.003515,-0.159824,-0.6289896808255254,-0.4074874010079108,0.018958483321319806,-0.16170703485029225,-0.44032828459621365,1.0706745917706257,-0.4156467482600988,-0.023998080153584886,0.28893688504919307,-0.03743700503960734,-0.05351571874252041,-0.07967362610991202,0.25880900000000007,0.25564699999999996,-0.87423,-0.09262900000000007,-0.11331200000000008,-0.9048799999999999,0.35143800000000014,0.36895900000000004,0.030649999999999955,0.19350000000000006,0.828298157355013,0.19350000000000006,0.8065,0.171701842644987,-0.87423
248,1.033333,walk,1.267007,1.072968,0.956603,0.030546,-0.001999,-0.162094,-0.6356216994718942,-0.38838214114260083,-0.014642342774838231,-0.20182342713935253,-0.7361494115874802,1.1278341476181786,-0.29548727796446195,0.0052808449351814425,0.2813250120019141,-0.036725876140144866,-0.05400864138260047,-0.08281325012001647,0.26022600000000007,0.25728700000000004,-0.872997,-0.09013399999999994,-0.11191899999999988,-0.905164,0.35036,0.3692059999999999,0.032166999999999946,0.17833,0.8242179559977754,0.17833,0.82167,0.17578204400222464,-0.872997
249,1.0375,walk,1.264251,1.071411,0.956691,0.030479,-0.001737,-0.164605,-0.6613870890328677,-0.37365010799136517,0.021118310535151504,0.04845446156166368,-0.08160497452636797,1.2245822289292838,-0.30717542596596115,0.0014398848092033701,0.2704583633309322,-0.042716582673388556,-0.046556275497966405,-0.07031437485001185,0.2617019999999999,0.25885,-0.871958,-0.08755599999999997,-0.11055599999999988,-0.9055449999999999,0.34925799999999985,0.3694059999999999,0.03358699999999992,0.16412999999999994,0.8424466180933254,0.16412999999999994,0.8358700000000001,0.15755338190667456,-0.871958
250,1.041667,walk,1.261524,1.069867,0.956784,0.030745,-0.001611,-0.167279,-0.6544276457883486,-0.3705303575714088,0.02231821454283993,-0.12038426562487313,-0.04113769586543231,1.30355466994541,-0.3028557715382606,0.020158387329061403,0.2399808015358883,-0.03911687065038222,-0.0256779457643324,-0.06863450923926269,0.26316699999999993,0.2604780000000002,-0.871051,-0.08499200000000018,-0.10911899999999985,-0.905924,0.3481590000000001,0.36959700000000006,0.03487299999999993,0.15127000000000002,0.8615544398341479,0.15127000000000002,0.84873,0.13844556016585208,-0.871051
251,1.045833,walk,1.258709,1.06843,0.956693,0.030347,-0.002741,-0.169884,-0.6757081132981121,-0.34493518963030995,-0.021843494959181406,0.0931193060048561,0.6053318681124842,1.25040611909567,-0.3192510801728317,0.01464234277481158,0.2311569851176105,-0.03624579932789441,-0.01488238118099011,-0.045127220355255765,0.2646519999999999,0.261976,-0.869997,-0.08232800000000018,-0.10774399999999995,-0.906021,0.34698000000000007,0.36971999999999994,0.036023999999999945,0.1397600000000001,0.9003937020129571,0.1397600000000001,0.8602399999999999,0.0996062979870429,-0.869997
252,1.05,walk,1.25609,1.066836,0.95699,0.031449,-0.002993,-0.172444,-0.6285097192224932,-0.3825293976482081,0.07127429805615297,-0.5451517176622246,0.06719951287413312,1.2471810467034252,-0.258219342452567,0.04007679385649795,0.17662586993040436,-0.03503719702423287,0.0014398848092033701,-0.03575713942884621,0.2661950000000002,0.2637370000000001,-0.869558,-0.07985500000000001,-0.1061439999999999,-0.906467,0.3460500000000002,0.369881,0.03690899999999997,0.13091000000000003,0.9165292555623257,0.13091000000000003,0.8690899999999999,0.08347074443767433,-0.869558
253,1.054167,walk,1.253381,1.065107,0.957704,0.036353,-0.001427,-0.174491,-0.6501079913606503,-0.41492680585549707,0.17134629229661313,-2.1926926715732638,-1.1142171367565497,1.0415714910206482,-0.3962083033357467,0.13558915286775194,0.26061915046796147,-0.03191744660425671,0.012718982481394128,-0.04079673626109797,0.26725299999999996,0.2660309999999999,-0.869186,-0.0772790000000001,-0.10436200000000007,-0.907351,0.34453200000000006,0.370393,0.038165000000000004,0.11835000000000007,0.9111044682622853,0.11835000000000007,0.8816499999999999,0.0888955317377147,-0.869186
254,1.058333,walk,1.250792,1.0636,0.957812,0.036747,-0.000883,-0.176369,-0.6214594335094195,-0.3617378780604811,0.025924147863658133,-0.1453377463120666,-0.256971039366371,0.9260624909175248,-0.37998079692754516,0.04680748919831309,0.1709073451752335,-0.026884301488212404,0.019683149303895493,-0.030244839174268935,0.268259,0.267733,-0.868582,-0.07480199999999981,-0.10277300000000011,-0.907585,0.34306099999999984,0.3705060000000001,0.03900300000000001,0.10997000000000001,0.9250010679760124,0.10997000000000001,0.89003,0.07499893202398755,-0.868582
255,1.0625,walk,1.248255,1.062207,0.957775,0.037211,-0.000574,-0.178766,-0.6088312934965184,-0.3342932565395222,-0.008879289656816284,-0.19982225812374765,-0.1426923423441485,1.1753833703709522,-0.39572834173266114,0.013918886489054722,0.1593472522198207,-0.022798176145950935,0.021598272138237055,-0.023518118550515988,0.269147,0.2691840000000001,-0.867881,-0.07235999999999998,-0.10128999999999988,-0.9076460000000001,0.341507,0.37047399999999997,0.03976500000000005,0.10235,0.9346092069194056,0.10235,0.8976500000000001,0.06539079308059437,-0.867881
256,1.066667,walk,1.245832,1.060768,0.957819,0.037508,-0.000538,-0.181015,-0.5814734821213879,-0.3453323734101169,0.01055915526756243,-0.14399837963335246,-0.0021876311790694812,1.098304864865784,-0.46364290856726853,0.03215742740582613,0.1922246220302352,-0.020398368130523176,0.022078233741295965,-0.021358291336692613,0.26963800000000004,0.27075700000000014,-0.867124,-0.07002200000000003,-0.09975899999999993,-0.907779,0.3396600000000001,0.37051600000000007,0.040655,0.09345000000000003,0.9385427330861633,0.09345000000000003,0.90655,0.06145726691383668,-0.867124
257,1.070833,walk,1.243571,1.059647,0.957787,0.037326,0.000893,-0.183882,-0.5427268362938376,-0.2690830532885158,-0.007681228996620694,0.20149281276641248,-0.607573383644638,1.424090921409585,-0.5451272203553031,-0.047287566010563574,-0.04200672107537185,-0.015842534805598472,0.02064330292847641,-0.016082573211715384,0.269628,0.27168100000000006,-0.867267,-0.06782700000000008,-0.09855199999999997,-0.907814,0.33745500000000006,0.37023300000000003,0.040547,0.09452999999999995,0.9490157697045878,0.09452999999999995,0.90547,0.050984230295412214,-0.867267
258,1.075,walk,1.240988,1.05805,0.9581,0.038352,2e-05,-0.184743,-0.6198704103671664,-0.3832493400528098,0.07511399088070418,-0.5647124401423049,0.33635246779314293,0.4075674589657324,-0.54427645788335,-0.045356371490279164,0.03959683225341906,-0.014878809695225826,0.017518598512116436,-0.010079193664505185,0.26994300000000004,0.27308900000000014,-0.8674149999999999,-0.06530600000000009,-0.09688199999999991,-0.908169,0.33524900000000013,0.36997100000000005,0.04075400000000007,0.09246000000000004,0.9581713011630214,0.09246000000000004,0.90754,0.041828698836978595,-0.8674149999999999
259,1.079167,walk,1.238516,1.056716,0.958228,0.038885,0.000195,-0.186026,-0.5932325413966909,-0.3201343892488448,0.030717542596596117,-0.24056097305245755,-0.10613124800443204,0.6312665941470207,-0.6109911207103235,-0.04943604511642643,-0.0004799616030722306,-0.012958963282936905,0.014158867290624141,-0.007199424046076798,0.26986900000000014,0.27421699999999993,-0.867545,-0.06288800000000005,-0.09548899999999994,-0.908327,0.3327570000000002,0.36970599999999987,0.040781999999999985,0.09218000000000004,0.9658337415098673,0.09218000000000004,0.90782,0.03416625849013266,-0.867545
260,1.083333,walk,1.236216,1.055719,0.958107,0.038084,0.000878,-0.18856,-0.5520883341334387,-0.2393182909265212,-0.02904464714352458,0.4298551090619728,-0.2031202262897084,1.247536534043014,-0.6877100336053862,-0.02616418626978198,0.032885261641861376,-0.01800288046083129,0.00912145943350491,0.0014402304368696345,0.269304,0.27510499999999993,-0.867287,-0.06066299999999991,-0.09445400000000004,-0.9082,0.3299669999999999,0.36955899999999997,0.04091299999999998,0.09087000000000006,0.966278139681797,0.09087000000000006,0.90913,0.03372186031820301,-0.867287
261,1.0875,walk,1.233224,1.054724,0.957971,0.034617,-0.002533,-0.190095,-0.7180225581953492,-0.23878089752822765,-0.032637389008886776,1.3204795712065918,1.9483343961873756,0.6775711571513874,-0.7021838252940047,-0.022318214542813287,-0.056395488360933485,-0.0035997120230619037,-0.0038396928245780495,0.0021598272138234876,0.2693699999999999,0.2760070000000001,-0.867386,-0.057686000000000126,-0.09347499999999997,-0.9080550000000001,0.327056,0.3694820000000001,0.040669000000000066,0.09331000000000006,0.9905181428756362,0.09331000000000006,0.90669,0.00948185712436378,-0.867386
262,1.091667,walk,1.230703,1.053536,0.958117,0.034542,-0.002941,-0.191529,-0.6049916006719406,-0.2850971922246119,0.03503719702423287,-0.004782132211468852,0.2231401429686531,0.6937873264919397,-1.1288696904247673,-0.25797936165110413,0.2961363090952699,0.014638828893709694,-0.014878809695225826,0.0021598272138217073,0.26718699999999984,0.2761199999999999,-0.866298,-0.05510400000000004,-0.09234900000000001,-0.908192,0.3222909999999999,0.36846899999999994,0.04189399999999999,0.08106000000000002,0.9650262343193097,0.08106000000000002,0.91894,0.03497376568069033,-0.866298
263,1.095833,walk,1.228278,1.052292,0.958302,0.034888,-0.003274,-0.192582,-0.5820931349015975,-0.2986077772443564,0.04440710513681845,-0.19569356829296908,0.14276478352494953,0.5109558809627006,-0.9241478636581382,-0.1274603936629968,0.02400384061449835,-0.0031204992798944792,-0.007681228996646934,0.0004800768122904334,0.26576200000000005,0.2768329999999999,-0.866383,-0.05269199999999996,-0.09113700000000002,-0.9083749999999999,0.318454,0.3679699999999999,0.04199199999999992,0.08007999999999998,0.9861587102800222,0.08007999999999998,0.9199200000000001,0.013841289719977778,-0.866383
264,1.1,walk,1.225829,1.051074,0.958532,0.035007,-0.003641,-0.193477,-0.5877129829613402,-0.29229661627068204,0.055195584353266554,-0.09157428293736504,0.17701172821410951,0.4321201344886719,-1.09431245500362,-0.1075113990880198,0.10583153347732027,0.0,-0.01055915526756243,0.0038396928245745146,0.26365099999999986,0.27760300000000004,-0.866172,-0.05024300000000004,-0.08996300000000002,-0.9085890000000001,0.3138939999999999,0.36756600000000006,0.04241700000000004,0.07583000000000006,0.9812739782246156,0.07583000000000006,0.9241699999999999,0.018726021775384405,-0.866172
265,1.104167,walk,1.223392,1.049868,0.958927,0.034467,-0.0038,-0.194322,-0.5848332133429647,-0.2894168466522907,0.09479241660665737,0.2383433084570022,0.13942530685975035,0.40777643112375417,-1.0767938564915076,-0.22006239500842298,0.0285577153827726,0.0038396928245780495,-0.01247900167987866,0.0016798656107512315,0.261601,0.27789200000000003,-0.866448,-0.04779,-0.08880900000000003,-0.9089769999999999,0.30939099999999997,0.36670100000000005,0.04252899999999993,0.07471,0.9780600141558009,0.07471,0.92529,0.021939985844199095,-0.866448
266,1.108333,walk,1.220924,1.048685,0.959355,0.033693,-0.004056,-0.195186,-0.5924147863658351,-0.2839654344694915,0.10273643783004614,0.3395468391737893,0.20725044324207112,0.4145976834020755,-1.1096975516082375,-0.2712433989438417,0.012481997119537944,0.004800768122877684,-0.013922227556409242,0.0002400384061452167,0.25944600000000007,0.2779449999999999,-0.8668239999999999,-0.04530199999999995,-0.0876840000000001,-0.909404,0.304748,0.365629,0.04258000000000006,0.07420000000000004,0.9754522340268279,0.07420000000000004,0.9258,0.024547765973172098,-0.8668239999999999
267,1.1125,walk,1.218461,1.047557,0.959906,0.032664,-0.00439,-0.195893,-0.5910727141828326,-0.2706983441324716,0.1322294216462863,0.45243162361185263,0.26517180518695715,0.33532032897187514,-1.1281497480201657,-0.34725221982240584,-0.03599712023038066,0.005039596832265082,-0.014398848092140275,0.0038396928245728493,0.2572079999999999,0.27762599999999993,-0.867525,-0.04281800000000002,-0.08661600000000003,-0.909939,0.3000259999999999,0.36424199999999995,0.04241400000000006,0.07585999999999993,0.9737814948939058,0.07585999999999993,0.9241400000000001,0.026218505106094248,-0.867525
268,1.116667,walk,1.216019,1.046401,0.960375,0.032246,-0.004086,-0.196704,-0.5860331173506207,-0.2774178065755095,0.11255099592031152,0.2246124474831682,-0.09067557364083143,0.39919800700648755,-1.1984641228701476,-0.31653467722583634,-0.0494360451163898,0.004799616030695663,-0.014638828893709694,0.0055195584353256565,0.254656,0.277463,-0.8682,-0.04035600000000006,-0.08552099999999996,-0.910385,0.29501200000000005,0.362984,0.04218500000000003,0.07814999999999994,0.9727258185405239,0.07814999999999994,0.9218500000000001,0.027274181459476132,-0.8682
269,1.120833,walk,1.213537,1.045209,0.960907,0.031692,-0.003301,-0.197191,-0.5957753240518333,-0.2861257801247937,0.12770043206912884,0.33451642249836266,-0.30928858116312097,0.24744063065628902,-1.2894863178108669,-0.2830052808448991,-0.052328372539610056,0.006721075372093075,-0.012481997119525284,0.0074411905904954515,0.25176599999999993,0.27747600000000006,-0.86895,-0.037846000000000046,-0.08438100000000004,-0.910886,0.289612,0.3618570000000001,0.04193599999999997,0.0806400000000001,0.973315400631051,0.0806400000000001,0.91936,0.026684599368948958,-0.86895
270,1.125,walk,1.211161,1.044012,0.961565,0.031074,-0.003263,-0.197842,-0.5701943844492771,-0.28725701943847026,0.15790736741061734,0.29357807252587526,0.05069727251231416,0.31626251624768326,-1.2824574034077212,-0.38876889848816043,-0.020638348932085934,0.015598752099827513,-0.010559155267589073,0.0059995200383962215,0.24879800000000007,0.277053,-0.869694,-0.03540499999999991,-0.08322799999999997,-0.911519,0.284203,0.36028099999999996,0.041825,0.0817500000000001,0.9670517633363397,0.0817500000000001,0.9182499999999999,0.03294823666366031,-0.869694
271,1.129167,walk,1.208736,1.042823,0.962364,0.030145,-0.003654,-0.198782,-0.5819534437244734,-0.28533717302612804,0.19174466042716296,0.39876216423340527,0.28635163458639523,0.4502131756622559,-1.3105351571874002,-0.381569474442037,-0.09983201343892405,0.011999040076765801,-0.008639308855273508,0.006479481641468453,0.24576200000000004,0.2766519999999999,-0.870909,-0.032930000000000126,-0.08207500000000001,-0.912291,0.27869200000000016,0.3587269999999999,0.04138199999999992,0.08618000000000009,0.9730949043135585,0.08618000000000009,0.9138199999999999,0.026905095686441505,-0.870909
272,1.133333,walk,1.206387,1.041617,0.962914,0.029738,-0.0026,-0.199221,-0.5638502160345644,-0.2894863178108669,0.1320211233797563,0.29169760641754683,-0.45034349928714734,0.22795458736358118,-1.3686989918387527,-0.3972635621699484,-0.13250120019203343,0.009121459433505395,-0.010561689870390098,0.008401344215074704,0.24240899999999987,0.276203,-0.8720110000000001,-0.03054300000000021,-0.08091300000000001,-0.912806,0.2729520000000001,0.357116,0.040794999999999915,0.09205000000000002,0.9728515961316551,0.09205000000000002,0.90795,0.02714840386834494,-0.8720110000000001
273,1.1375,walk,1.203982,1.040455,0.963547,0.028781,-0.00168,-0.200067,-0.5771538276937778,-0.2788576913847129,0.15190784737220778,0.5369051350923327,-0.32875358423266066,0.4232384542060054,-1.4130069594432082,-0.41372690184786315,-0.14686825053995603,0.00623950083995232,-0.006959443244554005,0.00479961603071731,0.23892599999999997,0.275641,-0.873256,-0.028112000000000137,-0.07977999999999996,-0.9134190000000001,0.2670380000000001,0.355421,0.04016300000000006,0.09837000000000007,0.9824879775385711,0.09837000000000007,0.9016299999999999,0.01751202246142891,-0.873256
274,1.141667,walk,1.201672,1.039302,0.964248,0.028,-0.001471,-0.200451,-0.5543556515478801,-0.2766978641708545,0.168226541876637,0.38671773428960454,-0.017896582758490834,0.18813562495758857,-1.44852411807058,-0.43964482841368363,-0.17326613870890206,0.007919366450671823,-0.0059995200383829005,0.005999520038397887,0.23519999999999985,0.27496200000000015,-0.874679,-0.025769000000000153,-0.07865199999999994,-0.914095,0.260969,0.3536140000000001,0.03941600000000001,0.1058400000000001,0.9806562638359682,0.1058400000000001,0.8941599999999998,0.019343736164031844,-0.874679
275,1.145833,walk,1.199176,1.038171,0.964976,0.026602,-0.000779,-0.20095,-0.5991358617378746,-0.27148343734996694,0.1747479596735312,0.723367977914404,-0.18405356912734255,0.2488812329967164,-1.5012001920306794,-0.44359097455593405,-0.13562169947191086,0.005520883341359971,-0.003600576092171588,0.006961113778202956,0.23144199999999993,0.27424500000000007,-0.875972,-0.023249999999999993,-0.07753599999999994,-0.914794,0.2546919999999999,0.351781,0.03882200000000002,0.11177999999999999,0.9840224631559118,0.11177999999999999,0.88822,0.015977536844088203,-0.875972
276,1.15,walk,1.196855,1.037052,0.965728,0.025482,-0.000618,-0.201497,-0.5569954403648004,-0.26853851691862757,0.18046556275500847,0.5410705867555802,0.03936758329017452,0.26673093474354864,-1.5867530597552537,-0.42260619150472856,-0.30357571394289895,0.007439404847586667,-0.004559635229179773,0.006719462443004926,0.2271510000000001,0.2736029999999998,-0.877989,-0.020898000000000083,-0.07643600000000006,-0.915518,0.24804900000000019,0.3500389999999999,0.037529000000000035,0.12471000000000004,0.9816449981512436,0.12471000000000004,0.8752899999999999,0.01835500184875638,-0.877989
277,1.154167,walk,1.194384,1.035901,0.966472,0.02399,-0.000269,-0.202197,-0.5929925605951747,-0.27621790256782225,0.1785457163426833,0.7338408890442796,-0.011130012250814489,0.3430479221425686,-1.6301895848332126,-0.5169186465082728,-0.2531797456203485,0.006959443244554005,0.0,0.006239500839934002,0.22282900000000017,0.27259999999999995,-0.879788,-0.018397999999999914,-0.07528499999999994,-0.916236,0.24122700000000008,0.3478849999999999,0.036448000000000036,0.13552000000000008,0.9844217725828548,0.13552000000000008,0.8644799999999999,0.015578227417145207,-0.879788
278,1.158333,walk,1.192047,1.034784,0.967274,0.022701,-0.000313,-0.20279,-0.5609697551607651,-0.2681228996639472,0.1925108017282639,0.6006014962949469,0.15264575078924703,0.2869790020759225,-1.6677868458952867,-0.5405664906384683,-0.18386941910705276,0.0062409985597889584,-0.0021603456553136125,0.00456072971675412,0.21821800000000002,0.27146500000000007,-0.881356,-0.01603500000000002,-0.07417699999999994,-0.9170189999999999,0.23425300000000004,0.345642,0.03566299999999989,0.1433700000000001,0.9866232569232388,0.1433700000000001,0.8566299999999999,0.013376743076761177,-0.881356
279,1.1625,walk,1.189683,1.033693,0.967658,0.022275,-1.7e-05,-0.203098,-0.567314614830817,-0.2618190544756287,0.09215262778978835,0.2284295529824863,-0.0942522363722275,0.15313473639406044,-1.6789056875449841,-0.5224382049436235,-0.12023038156947054,0.0059995200383829005,-0.0007199424046016851,0.0059995200383962215,0.21358600000000005,0.2703789999999999,-0.882241,-0.013646000000000047,-0.07308899999999996,-0.917378,0.2272320000000001,0.3434679999999999,0.035136999999999974,0.14862999999999993,0.9858081793463023,0.14862999999999993,0.8513700000000001,0.014191820653697729,-0.882241
280,1.166667,walk,1.18737,1.032719,0.968076,0.021292,0.000541,-0.203056,-0.5550755939525114,-0.2337413006959623,0.10031197504200828,0.5165637415480271,-0.16679623165410307,-0.016699896469126136,-1.7261819054476442,-0.5315574754019575,-0.1127909767218703,0.005519558435350929,-0.0004799616030855778,0.0019198464122873594,0.20870600000000006,0.2691380000000001,-0.883129,-0.011309999999999931,-0.07211699999999999,-0.917788,0.220016,0.3412550000000001,0.034658999999999995,0.15341000000000005,0.9902273484337863,0.15341000000000005,0.84659,0.009772651566213653,-0.883129
281,1.170833,walk,1.185112,1.031807,0.968639,0.020604,0.000498,-0.20365,-0.5420067210753796,-0.21891502640422442,0.13514162265961707,0.3178853759176764,0.09332012873905411,0.28942598325217833,-1.8835813730196698,-0.5326452232356962,-0.18867018722995044,0.012722035525649848,-0.0019203072491617336,0.00528084493518977,0.203117,0.26783100000000015,-0.884478,-0.00899899999999998,-0.07121299999999997,-0.9183290000000001,0.21211599999999997,0.3390440000000001,0.033851000000000075,0.16149000000000002,0.9768204417717417,0.16149000000000002,0.83851,0.023179558228258346,-0.884478
282,1.175,walk,1.182785,1.030812,0.969196,0.019607,0.000629,-0.204014,-0.5584353251739741,-0.23878089752816165,0.13366930645546302,0.48055385775184556,0.039493502769737523,0.17801449595945912,-1.657787377009806,-0.7504199664027065,-0.267338612910966,0.0011999040076872372,0.0028797696184333834,0.014878809695224161,0.19853600000000005,0.2656989999999999,-0.886149,-0.0066669999999999785,-0.0702060000000001,-0.918824,0.20520300000000002,0.335905,0.03267500000000001,0.17325000000000007,0.9746627294381044,0.17325000000000007,0.8267499999999999,0.02533727056189561,-0.886149
283,1.179167,walk,1.179912,1.029741,0.969429,0.015783,0.000674,-0.202639,-0.6894648428125466,-0.257019438444933,0.05591552675786824,1.804578110231113,0.34047075235381563,-0.6791226660730791,-1.971922246220268,-0.4878809695224228,0.007199424046076798,-0.014398848092140275,0.00623950083995232,0.01271898248140079,0.19319200000000003,0.264737,-0.886352,-0.003854000000000024,-0.06910899999999998,-0.9190039999999999,0.19704600000000005,0.333846,0.0326519999999999,0.17348000000000002,0.9663337164842563,0.17348000000000002,0.8265199999999999,0.033666283515743745,-0.886352
284,1.183333,walk,1.177494,1.028804,0.970046,0.014515,0.000789,-0.203026,-0.5804128660585919,-0.22491598655784684,0.14810369659145337,0.6066381244922998,0.07221042564200202,0.1890301055799911,-1.85357657225161,-0.6056168987038211,-0.16298607777244759,-0.022563610177638246,0.02160345655303068,-0.020403264522322852,0.18788800000000005,0.2631509999999999,-0.887648,-0.0015300000000000313,-0.06808200000000009,-0.9197059999999999,0.1894180000000001,0.331233,0.03205799999999992,0.17942000000000008,0.9378148141423319,0.17942000000000008,0.8205799999999999,0.06218518585766808,-0.887648
285,1.1875,walk,1.175077,1.027916,0.970443,0.013204,0.00141,-0.203217,-0.5800335973122378,-0.21310295176385724,0.09527237820973786,0.6763445761974037,-0.16274428611177805,0.09672007163551495,-1.9505639548836269,-0.7660187185024807,0.10655147588192862,0.008639308855273508,-0.0067194624429845855,0.009839212862970736,0.18217700000000003,0.26084700000000005,-0.887601,0.0009230000000000071,-0.067222,-0.9200619999999999,0.18125400000000003,0.32806900000000006,0.03246099999999996,0.17539000000000005,0.975471165336467,0.17539000000000005,0.82461,0.02452883466353295,-0.887601
286,1.191667,walk,1.172711,1.027058,0.970956,0.011148,0.002317,-0.203286,-0.5677945764338493,-0.2059035277177871,0.12311015118792724,1.0545982226505188,-0.22522453796296793,0.03868496688923993,-1.9114470842332467,-0.6561075113990865,-0.21118310535157164,0.00455963522917953,-0.004559635229206173,0.006719462443004568,0.1765779999999999,0.25897100000000006,-0.8889940000000001,0.0033079999999998666,-0.06638300000000008,-0.920547,0.17327000000000004,0.32535400000000014,0.03155299999999994,0.18447000000000013,0.9844783554020038,0.18447000000000013,0.8155299999999999,0.01552164459799621,-0.8889940000000001
287,1.195833,walk,1.170337,1.026169,0.971342,0.010353,0.00281,-0.203511,-0.5698511761882284,-0.21339414306287582,0.09265482477196531,0.4213208071928627,-0.1529730660443193,0.11308358767414133,-2.102496399423953,-0.6382621219395722,0.029044647143546116,-0.0014402304368580521,-0.003360537686019888,0.006481036965914533,0.17019300000000004,0.2572009999999998,-0.889259,0.005676000000000014,-0.06550800000000012,-0.920906,0.16451700000000002,0.3227089999999999,0.03164699999999998,0.18353000000000003,0.9875980156825205,0.18353000000000003,0.81647,0.01240198431747952,-0.889259
288,1.2,walk,1.168007,1.025396,0.971736,0.009466,0.003083,-0.203584,-0.5591552675785758,-0.18550515958726393,0.09455243580513618,0.44332432502849844,-0.04128651678897111,0.037538483552004426,-2.052555795536349,-0.6985841132709056,-0.0045596352291828604,0.00023998080151613289,-0.0023998080153478313,0.005759539236860106,0.16396999999999995,0.25506300000000004,-0.889672,0.008006999999999875,-0.06474499999999994,-0.9212760000000001,0.15596300000000007,0.319808,0.031604000000000076,0.18396,0.989593143083557,0.18396,0.81604,0.010406856916443052,-0.889672
289,1.204167,walk,1.165688,1.024633,0.972164,0.008252,0.003294,-0.203575,-0.5565154787616852,-0.18310535157188945,0.10271178305735078,0.5911265925890126,0.01945395123888971,-0.0026465005382507218,-2.006239500839899,-0.675785937125008,-0.15022798176145832,-0.000959923206117818,-0.0023998080153744745,0.005999520038397887,0.15792899999999999,0.2530100000000002,-0.890726,0.010321999999999942,-0.06399199999999994,-0.921679,0.14760700000000004,0.3170020000000001,0.03095300000000001,0.19047000000000008,0.9891123449413469,0.19047000000000008,0.8095299999999999,0.010887655058653078,-0.890726
290,1.208333,walk,1.163354,1.023816,0.972498,0.007518,0.003317,-0.20355,-0.5602496399423894,-0.19611137782040886,0.0801728276524091,0.34731417773337014,0.060843289192814745,-0.01157331379697189,-2.1137782045126863,-0.7201152184349572,-0.023523763802207918,-0.012241958713399389,0.0004800768123037582,-0.003600576092174919,0.15145699999999995,0.2508269999999999,-0.891158,0.012604999999999977,-0.06317300000000003,-0.922028,0.13885199999999998,0.31399999999999995,0.030869999999999953,0.19130000000000008,0.97871749707429,0.19130000000000008,0.8087,0.02128250292570999,-0.891158
291,1.2125,walk,1.161059,1.023094,0.972873,0.006168,0.003726,-0.203445,-0.5507559395248478,-0.17326613870893795,0.08999280057596144,0.6745940205943665,-0.06062907750221053,-0.04864500333949028,-2.045356371490388,-0.5994720422366219,-0.08879289656827748,-0.01823854091671909,-0.004079673626120838,0.00623950083993267,0.14522899999999983,0.24905100000000013,-0.891903,0.014823999999999948,-0.06246799999999997,-0.922377,0.13040499999999988,0.3115190000000001,0.030474,0.19526,0.9671611898646492,0.19526,0.80474,0.03283881013535084,-0.891903
292,1.216667,walk,1.158756,1.022336,0.973216,0.005686,0.003737,-0.20325,-0.5526757859371606,-0.1819054475642022,0.08231341492680096,0.22804735920313104,0.041395872137882705,-0.09493692421486595,-2.30045596352287,-0.8596112311014991,0.21430285577153782,-0.005519558435350634,-0.0026397888168906074,0.002879769618430053,0.13794600000000012,0.2462270000000002,-0.891353,0.017104000000000008,-0.061720999999999915,-0.922708,0.12084200000000012,0.3079480000000001,0.03135500000000002,0.18644999999999995,0.9887296993811335,0.18644999999999995,0.81355,0.011270300618866469,-0.891353
293,1.220833,walk,1.156479,1.021628,0.973536,0.004945,0.003787,-0.203006,-0.5465674507920788,-0.16994719155062687,0.07681228996638939,0.35376975354744733,0.04823391893053719,-0.1185916803853358,-2.098175708113267,-0.6613058089294257,-0.044167066730676566,0.00264042246764402,0.0,0.0,0.13148199999999988,0.24418000000000006,-0.8918569999999999,0.019392000000000076,-0.061012999999999984,-0.923028,0.1120899999999998,0.30519300000000005,0.03117100000000006,0.18828999999999996,0.9955992958872599,0.18828999999999996,0.81171,0.0044007041127400726,-0.8918569999999999
294,1.225,walk,1.154239,1.020911,0.973816,0.004476,0.003661,-0.202767,-0.5375569954403654,-0.17206623470124147,0.067194624430059,0.20869135595789673,0.10443903120087467,-0.11683319570916495,-2.110871130309512,-0.6654667626590149,-0.008879289656826274,-0.002639788816943894,-0.00455963522917953,0.0011999040076805766,0.12492600000000009,0.242124,-0.892174,0.02162099999999989,-0.060314999999999896,-0.923303,0.1033050000000002,0.3024389999999999,0.031128999999999962,0.18871,0.9909940562761022,0.18871,0.8112900000000001,0.009005943723897847,-0.892174
295,1.229167,walk,1.151975,1.02024,0.974084,0.003984,0.003668,-0.202344,-0.5433165346772612,-0.1610271178305488,0.0643148548116024,0.23284757199356518,0.04383941636589798,-0.20658496755242362,-2.117830573554232,-0.6810655147588255,-0.014398848092154365,-0.0057595392368137875,-0.004559635229179773,0.0023998080153579504,0.11836500000000005,0.23995699999999998,-0.8925019999999999,0.023861000000000132,-0.05966300000000002,-0.923561,0.09450399999999992,0.29962,0.03105900000000006,0.18940999999999997,0.9871200366466455,0.18940999999999997,0.81059,0.012879963353354507,-0.8925019999999999
296,1.233333,walk,1.149814,1.019529,0.974362,0.002778,0.003744,-0.201897,-0.5187229956793136,-0.17066730676910916,0.06673067690830362,0.5753429423287935,0.0807369983428357,-0.21730573360818187,-2.152664426308171,-0.6608257321171219,0.018722995679306915,-0.004560729716805754,-0.004080652904475346,0.003600576092174919,0.11155800000000005,0.2379150000000001,-0.892702,0.026003,-0.05896899999999994,-0.923824,0.08555500000000005,0.29688400000000004,0.031121999999999983,0.18878000000000006,0.9881659469852534,0.18878000000000006,0.8112199999999999,0.011834053014746604,-0.892702
297,1.2375,walk,1.147628,1.018848,0.974518,0.001903,0.004026,-0.20144,-0.5245980321573752,-0.16342692584591467,0.03743700503960734,0.439587709831692,-0.04820908158537883,-0.22208044144372313,-2.1984641228701474,-0.66762658987282,0.027597792176626616,-0.0059995200383829005,-0.004079673626093978,0.004079673626110629,0.10458299999999987,0.23581399999999997,-0.892743,0.028163999999999856,-0.05830499999999994,-0.923963,0.07641900000000001,0.2941189999999999,0.031220000000000026,0.18780000000000002,0.9861273936517174,0.18780000000000002,0.8122,0.013872606348282579,-0.892743
298,1.241667,walk,1.145373,1.018218,0.974616,0.001859,0.003951,-0.200922,-0.5411567074634271,-0.15118790496757945,0.023518118550525977,0.01453170083607391,0.03924464145606216,-0.25375316092123573,-2.1982241420686313,-0.6702663786897106,0.06815454763619014,0.0007199424046016851,-0.004079673626120621,-0.0031197504199678336,0.09767799999999993,0.23365099999999983,-0.892557,0.03042199999999995,-0.05769200000000008,-0.9240740000000001,0.06725599999999998,0.2913429999999999,0.03151700000000002,0.18482999999999994,0.9913566183565277,0.18482999999999994,0.8151700000000001,0.008643381643472337,-0.892557
299,1.245833,walk,1.143151,1.017598,0.974766,0.001317,0.003952,-0.20052,-0.5333653384541536,-0.14882381180990903,0.03600576092174445,0.2558267559420327,0.0516105276218379,-0.19612687371227439,-2.1802688430149275,-0.6997119539126444,0.029284685549688015,-0.0045607297167526975,-0.0036005760921717796,-0.006000960153624075,0.09081699999999993,0.2313559999999999,-0.892585,0.032624999999999904,-0.057087,-0.924249,0.05819200000000002,0.2884429999999999,0.031664000000000025,0.18335999999999997,0.986078002367339,0.18335999999999997,0.81664,0.013921997632660998,-0.892585
300,1.25,walk,1.141035,1.017055,0.975032,0.000199,0.004137,-0.200169,-0.5077993760499138,-0.13030957523397074,0.06383489320854006,0.5442097986932035,0.02052442343150091,-0.1697352337397991,-2.2205423566114435,-0.6906647468202338,0.019438444924405357,-0.00911927045835906,-0.00311975041997616,-0.000959923206142796,0.08367999999999998,0.22902099999999992,-0.8927700000000001,0.03470299999999993,-0.05655700000000008,-0.924519,0.04897700000000005,0.285578,0.031748999999999916,0.18251,0.9838569425881061,0.18251,0.81749,0.016143057411893924,-0.8927700000000001
301,1.254167,walk,1.138834,1.016468,0.975289,-0.00052,0.003797,-0.199817,-0.5281977441804903,-0.14086873050158644,0.061675065994708365,0.30614609311729807,0.2290709142347561,-0.1711439285001544,-2.292536597072198,-0.6268298536117204,-0.017518598512119767,-0.0035997120230084256,-0.006239500839925676,-0.004079673626110629,0.07632800000000017,0.22699599999999998,-0.8931,0.03688900000000017,-0.055995999999999935,-0.924793,0.039439,0.2829919999999999,0.03169299999999997,0.18307,0.9862025531472498,0.18307,0.8169299999999999,0.013797446852750195,-0.8931
302,1.258333,walk,1.136645,1.015851,0.975469,-0.000933,0.003425,-0.199436,-0.525444071051381,-0.1481036965914267,0.04320691310611466,0.15926142318288763,0.2148427477001256,-0.18595168515502403,-2.2352376380221384,-0.6814690350455803,0.07345175228036693,-0.0007201152184290261,-0.005760921747485507,-0.0033605376860298816,0.06920500000000018,0.22477400000000003,-0.892974,0.03907500000000019,-0.05540300000000009,-0.924987,0.03012999999999999,0.2801770000000001,0.03201299999999996,0.17987000000000003,0.9888196602556477,0.17987000000000003,0.82013,0.011180339744352286,-0.892974
303,1.2625,walk,1.134477,1.015213,0.975556,-0.001117,0.002958,-0.199098,-0.5202783777297652,-0.15310775137992166,0.020878329733608727,0.04236052749029859,0.23751690142548623,-0.1651558205457448,-2.2546196304295587,-0.6647468202544132,0.15766738660907123,-0.008639308855326794,0.003359731221518936,0.002879769618430053,0.06197800000000009,0.222642,-0.892404,0.041206999999999994,-0.05475099999999988,-0.9250619999999999,0.020771000000000095,0.2773929999999999,0.032657999999999965,0.17341999999999996,0.9838222954833744,0.17341999999999996,0.8265800000000001,0.01617770451662559,-0.892404
304,1.266667,walk,1.132307,1.014602,0.975676,-0.001281,0.002644,-0.198797,-0.5207583393328507,-0.14662826973839993,0.028797696184307192,0.04752643640732169,0.16360970120910553,-0.14700338133862995,-2.2296616270698024,-0.6666666666666489,0.1651067914566808,-0.002399808015321188,0.003839692824577845,-0.003599712023036734,0.054857000000000156,0.22047499999999998,-0.891836,0.043367000000000155,-0.05412399999999995,-0.9251969999999999,0.01149,0.2745989999999999,0.033360999999999974,0.1663900000000001,0.9903591946298977,0.1663900000000001,0.83361,0.009640805370102257,-0.891836
305,1.270833,walk,1.130188,1.013983,0.975728,-0.001097,0.002273,-0.198415,-0.5086413826212012,-0.14858377340372256,0.012481997119551268,-0.12154179026766916,0.15732740614658985,-0.1872731793637698,-2.263082093134891,-0.6953912626019798,0.0979356697071518,-0.005040806529056213,-0.003840614498323467,0.004320691310608904,0.047547999999999924,0.21819699999999997,-0.89148,0.04546500000000009,-0.05352100000000004,-0.925231,0.002082999999999835,0.271718,0.033750999999999975,0.16248999999999997,0.9872167184279971,0.16248999999999997,0.83751,0.012783281572002925,-0.89148
306,1.275,walk,1.128099,1.013367,0.975803,-0.001192,0.002,-0.198255,-0.501319894408472,-0.14782817374614832,0.017998560115176303,0.018848616641483868,0.13759118336581946,-0.07816204065633152,-2.254139668826593,-0.7053035757139811,0.1677465802735837,-0.010799136069132425,-0.0026397888168907483,-0.0074394048476133096,0.040243999999999946,0.21587400000000012,-0.890856,0.04750900000000002,-0.05291599999999985,-0.925337,0.007265000000000077,0.26879,0.034480999999999984,0.15519000000000005,0.9777055955373383,0.15519000000000005,0.84481,0.022294404462661732,-0.890856
307,1.279167,walk,1.125917,1.012803,0.975848,-0.001251,0.001382,-0.198139,-0.5236381089512574,-0.1353491720662358,0.010799136069131849,-0.030952465587115435,0.2964313622165264,-0.05644378440040216,-2.2795776337892613,-0.7041036717062562,0.1298296136309085,-0.005519558435297348,-0.004559635229206173,0.005759539236861772,0.03292699999999993,0.21350400000000014,-0.89036,0.049668000000000045,-0.052370999999999945,-0.925358,0.016741000000000117,0.2658750000000001,0.034997999999999974,0.1500200000000001,0.9846858733548771,0.1500200000000001,0.84998,0.015314126645122883,-0.89036
308,1.283333,walk,1.12379,1.012207,0.975842,-0.00115,0.000965,-0.197766,-0.5105616898703629,-0.14306289006236259,-0.0014402304368846249,-0.08699039011441059,0.18688980497622584,-0.1825639730680516,-2.270043206913056,-0.6889102256360656,0.16226596255400658,-0.006000960153663729,-0.0016802688430098544,0.0021603456553052846,0.02559699999999987,0.21123000000000003,-0.889678,0.05176999999999987,-0.051782000000000106,-0.925343,0.026173000000000002,0.26301200000000013,0.03566500000000006,0.14334999999999998,0.98900733584245,0.14334999999999998,0.85665,0.010992664157549958,-0.889678
309,1.2875,walk,1.121688,1.011615,0.975854,-0.001196,0.000856,-0.197524,-0.5044396448284215,-0.14206863450927368,0.0028797696184333834,0.011380895428391108,0.055805068859267434,-0.1184261228268855,-2.2817374610030665,-0.7093832493400908,0.17662586993040436,-0.005519558435297348,-0.0021598272138050553,0.0011999040076789112,0.018191000000000068,0.208866,-0.888954,0.053849000000000036,-0.051198999999999883,-0.92535,0.03565799999999997,0.2600649999999999,0.036395999999999984,0.13604,0.9899211237754677,0.13604,0.8639600000000001,0.010078876224532296,-0.888954
310,1.291667,walk,1.119507,1.01102,0.975826,-0.000957,0.00043,-0.197618,-0.5233981281497692,-0.14278857691382968,-0.0067194624430115864,-0.1528653697085469,0.1777155196456529,0.046080258328157264,-2.2649388048957255,-0.7237820974322163,0.16654667626590638,-0.004799616030749205,-0.0011999040076873012,0.0021598272138234876,0.010934,0.206445,-0.8882319999999999,0.05600999999999989,-0.050609000000000015,-0.9253129999999999,0.045075999999999894,0.257054,0.03708100000000003,0.12918999999999997,0.9910029422612072,0.12918999999999997,0.8708100000000001,0.00899705773879278,-0.8882319999999999
311,1.295833,walk,1.117355,1.010455,0.975831,-0.001096,0.000297,-0.197286,-0.5165626500239733,-0.1356216994718942,0.0012001920307327459,0.05283493667854203,0.0759443571277425,-0.16241398388087352,-2.27316370619295,-0.7241958713394059,0.18386941910704943,0.030484877580409207,-0.01776284205473271,0.028324531925107255,0.0036159999999998416,0.20399299999999987,-0.887471,0.05828899999999981,-0.05011800000000011,-0.9252,0.05467299999999997,0.254111,0.03772900000000001,0.1227100000000001,0.9245913829759943,0.1227100000000001,0.8772899999999999,0.0754086170240057,-0.887471
312,1.3,walk,1.115275,1.009878,0.975822,-0.000603,-9.7e-05,-0.197285,-0.49916006719464023,-0.13846892248621198,-0.0021598272138316985,-0.26927850926743013,0.13870671041126223,-0.0004282353384550481,-2.256059515238762,-0.7295416366690445,0.21358291336692947,0.027357811375130468,-0.0071994240460701376,-0.017038636909047535,-0.0037050000000000693,0.20153,-0.8865719999999999,0.060483000000000064,-0.04957100000000003,-0.9252619999999999,0.06418800000000013,0.251101,0.03869,0.11310000000000009,0.9449596941235407,0.11310000000000009,0.8868999999999999,0.05504030587645925,-0.8865719999999999
313,1.304167,walk,1.113148,1.009282,0.975781,-0.001123,-0.000157,-0.197289,-0.5104391648668044,-0.1430285577153915,-0.009839212862960744,0.2389938515789116,0.07746897321910898,0.001969958243667027,-2.255099592032591,-0.7427405807535509,0.19678425725941806,-0.010799136069131849,-0.005759539236866767,0.011279097672185762,-0.010974999999999957,0.19903099999999996,-0.885711,0.06256499999999998,-0.048999000000000015,-0.925174,0.07353999999999994,0.24802999999999997,0.039463000000000026,0.10537000000000002,0.9722605537406397,0.10537000000000002,0.89463,0.027739446259360312,-0.885711
314,1.308333,walk,1.111037,1.00871,0.975727,-0.000946,-0.000395,-0.197294,-0.5067210753720665,-0.13730196831493802,-0.012962073931829066,-0.10584438048948375,0.09524551801080426,0.0025895701821675283,-2.2537205952953276,-0.7383581373020064,0.22803648583774147,-0.00480076812287794,0.0,0.0012001920307244819,-0.018253000000000075,0.1965269999999999,-0.884707,0.06465600000000005,-0.048427,-0.925115,0.08290900000000012,0.2449539999999999,0.040408,0.09591999999999995,0.9917524691438631,0.09591999999999995,0.90408,0.008247530856136942,-0.884707
315,1.3125,walk,1.108947,1.008163,0.975693,-0.000564,-0.000681,-0.197323,-0.5015598752100148,-0.13126949844014182,-0.008159347252214599,-0.20681562824236854,0.09838589498955176,0.014415736035936934,-2.2363810895128404,-0.7497000239980516,0.24022078233741162,-0.00023998080156941934,-0.004079673626120621,0.006719462443004568,-0.025482000000000005,0.19395000000000007,-0.883672,0.06674500000000005,-0.04789699999999997,-0.925053,0.09222700000000006,0.24184700000000003,0.041381,0.08618999999999993,0.9868922729316154,0.08618999999999993,0.91381,0.01310772706838459,-0.883672
316,1.316667,walk,1.106791,1.00761,0.975573,-0.000529,-0.000581,-0.197465,-0.5173986081113051,-0.1327093832493452,-0.028797696184307192,-0.006943620153532655,-0.0503964964000641,0.06945065557559717,-2.234221262298982,-0.761219102471785,0.2438204943604467,-0.00455963522917953,-0.004799616030695663,0.0011999040076805766,-0.03263600000000011,0.19133100000000014,-0.882536,0.06888199999999989,-0.04736399999999985,-0.924928,0.101518,0.238695,0.042391999999999985,0.07608000000000009,0.9887866204552906,0.07608000000000009,0.9239199999999999,0.011213379544709356,-0.882536
317,1.320833,walk,1.104713,1.007004,0.97553,0.000229,-0.000778,-0.197721,-0.49879980796929385,-0.14546327412383583,-0.010321651464238205,-0.37532363964769555,0.020805269771881754,0.1256707077113536,-2.2196351416227182,-0.7534805568891225,0.24699951992319463,0.0016802688430365936,0.004320691310600806,0.009121459433508727,-0.03980500000000009,0.18879800000000002,-0.881464,0.070967,-0.046740000000000004,-0.924847,0.11077200000000009,0.23553800000000003,0.04338299999999995,0.06617000000000006,0.9829467582925704,0.06617000000000006,0.9338299999999999,0.01705324170742961,-0.881464
318,1.325,walk,1.102544,1.006472,0.975495,0.000697,-0.000902,-0.198016,-0.5205183585313345,-0.12766978641708013,-0.008399328053757375,-0.23185143452142307,0.013982627394291191,0.14464849126234994,-2.197984161267062,-0.7674586033117374,0.2798176145908307,0.00023998080151613289,0.007919366450671823,-0.00431965442764508,-0.04679499999999992,0.18613199999999996,-0.880263,0.07313700000000001,-0.04617500000000008,-0.92483,0.11993199999999993,0.23230700000000004,0.04456700000000002,0.054330000000000045,0.9849599266643154,0.054330000000000045,0.94567,0.015040073335684578,-0.880263
319,1.329167,walk,1.100425,1.005895,0.975382,0.001066,-0.001035,-0.198107,-0.5085193184545155,-0.13846892248621198,-0.027117830573561045,-0.18620614984889367,0.02753972593748088,0.044732660411835275,-2.209743220542365,-0.7708183345332297,0.2562994960403147,0.009839212862960744,0.006479481641468453,0.01271898248140079,-0.05388400000000004,0.18349700000000002,-0.8790819999999999,0.07529699999999995,-0.04557100000000003,-0.9246639999999999,0.129181,0.22906800000000005,0.04558200000000001,0.04418000000000005,0.971105252905927,0.04418000000000005,0.9558199999999999,0.028894747094073026,-0.8790819999999999
320,1.333333,walk,1.098307,1.005328,0.975285,0.001144,-0.000918,-0.198082,-0.5084013442150759,-0.13610177628419795,-0.023283725396066032,-0.0255861838864371,-0.062489291734361775,-0.012140937914406003,-2.2210753720594583,-0.7522803648583496,0.21699471915505936,0.007921267402825463,0.0,0.00528084493518977,-0.061018999999999934,0.18093000000000004,-0.878081,0.07744800000000018,-0.045004000000000044,-0.924545,0.13846700000000012,0.22593400000000008,0.04646399999999995,0.03536000000000006,0.9841330356736092,0.03536000000000006,0.9646399999999999,0.015866964326390787,-0.878081
321,1.3375,walk,1.096192,1.004786,0.975313,0.001506,-0.001081,-0.19852,-0.5075593952483713,-0.13006959443246152,0.0067194624430115864,-0.18565581730636277,0.0425472164125801,0.21458889026532127,-2.165106791456803,-0.7672186225102622,0.27957763378930944,-0.006239500839952652,-0.0026397888168907483,0.006479481641468798,-0.06792600000000015,0.17827499999999996,-0.876944,0.07953699999999997,-0.044472999999999985,-0.924546,0.14746300000000012,0.22274799999999995,0.04760200000000003,0.023980000000000057,0.9843756299618831,0.023980000000000057,0.9760199999999999,0.015624370038116897,-0.876944
322,1.341667,walk,1.094027,1.004173,0.975248,0.001953,-0.001406,-0.198714,-0.5195584353251634,-0.14710823134148548,-0.015598752099827513,-0.24116719368720954,0.11045249509426275,0.09506740131916033,-2.166786657067407,-0.7938564914806435,0.2491000719942379,0.0007199424046016851,-0.001199904007660594,0.0059995200383962215,-0.07479000000000013,0.17558000000000007,-0.875841,0.08170499999999992,-0.04386499999999993,-0.924456,0.15649500000000005,0.219445,0.048615000000000075,0.013850000000000029,0.989732423283751,0.013850000000000029,0.98615,0.010267576716249005,-0.875841
323,1.345833,walk,1.091885,1.003617,0.975199,0.002375,-0.001213,-0.198957,-0.5141622659625611,-0.13346135381660723,-0.01176188190109563,-0.180022615633709,-0.13080308790215966,0.1195675143071096,-2.159865578492461,-0.7688430148823762,0.2609217474795907,0.004560729716752455,0.0,0.01584253480556931,-0.08164599999999989,0.172933,-0.8747050000000001,0.083866,-0.04330899999999993,-0.9243410000000001,0.16551199999999988,0.21624199999999993,0.04963600000000001,0.003640000000000032,0.9725234360158544,0.003640000000000032,0.9963599999999999,0.027476563984145552,-0.8747050000000001
324,1.35,walk,1.089694,1.003065,0.975146,0.002557,-0.00067,-0.199207,-0.5257979361651157,-0.13246940244777577,-0.012718982481420772,-0.033666955358408274,-0.2724727683631177,0.12318614304985111,-2.1622270218382806,-0.7931365490760418,0.29901607871369995,0.0,-0.0014398848092300135,-0.00431965442764508,-0.08846500000000002,0.17018,-0.8734059999999999,0.08605700000000005,-0.042763000000000106,-0.924306,0.17452200000000007,0.2129430000000001,0.050900000000000056,0.0,0.9924111407243312,0.0,1.0,0.007588859275668769,-0.8734059999999999
325,1.354167,walk,1.087562,1.002492,0.975123,0.00297,-0.00105,-0.199631,-0.5116390688745188,-0.1375089992801015,-0.005519558435324285,-0.23055465095304406,0.13979033715647757,0.2075045728509781,-2.114950803935772,-0.7852171826254651,0.26997840172787435,0.00023998080151614568,-0.0019198464122890248,0.003839692824573054,-0.09514599999999995,0.167481,-0.872258,0.08818999999999999,-0.04219799999999996,-0.924267,0.18333599999999994,0.20967899999999995,0.05200899999999997,0.0,0.9928339841344035,0.0,1.0,0.007166015865596509,-0.872258
326,1.358333,walk,1.085379,1.001934,0.975212,0.002799,-0.000948,-0.199899,-0.5240038406144417,-0.1339414306288577,0.021363418146904296,0.09027388208856191,-0.031184244266546493,0.1313046535258526,-2.119299087853993,-0.7957273163705871,0.25660105616898016,0.005280844935234742,0.0052808449351814425,0.004800768122899337,-0.1017920000000001,0.16472399999999987,-0.871278,0.090395,-0.041618000000000155,-0.9243359999999999,0.1921870000000001,0.20634200000000003,0.05305799999999994,0.0,0.9852030388790588,0.0,1.0,0.014796961120941199,-0.871278
327,1.3625,walk,1.083092,1.001412,0.975195,0.003046,-0.000661,-0.200473,-0.5488360931125829,-0.12526997840175894,-0.004079673626093978,-0.08851872040350046,-0.1578414864887484,0.2817556377414885,-2.09863210943123,-0.7897768178545495,0.26061915046796147,0.0067194624429845855,-0.001199904007660594,0.005999520038397887,-0.10824999999999996,0.16195500000000007,-0.870175,0.09271000000000007,-0.04110099999999994,-0.9242940000000001,0.20096000000000003,0.20305600000000001,0.05411900000000003,0.0,0.9848539347022423,0.0,1.0,0.01514606529775775,-0.870175
328,1.366667,walk,1.080901,1.000843,0.975184,0.003104,-0.000382,-0.200711,-0.5257979361651157,-0.13654907607392305,-0.0026397888168906074,-0.0004219701585643912,-0.13640764461154667,0.1169560833204276,-2.0931125509959063,-0.7933765298776112,0.2522198224142041,0.0004799616030855522,-0.0007199424046016851,0.002639788816893938,-0.11478099999999991,0.15921800000000008,-0.869113,0.09490300000000018,-0.04053499999999988,-0.9242720000000001,0.2096840000000001,0.19975299999999996,0.05515900000000007,0.0,0.9953700356360328,0.0,1.0,0.004629964363967232,-0.869113
329,1.370833,walk,1.078677,1.000302,0.975184,0.003082,-0.000204,-0.20105,-0.533845415266404,-0.12986077772441593,0.0,0.027456057552677705,-0.08107647172018502,0.16643963036261022,-2.0681709073452184,-0.7974075852136662,0.22851656265002862,-0.006481036965914533,-0.003840614498323672,-0.0014402304368697112,-0.12117300000000009,0.15643699999999994,-0.8681610000000001,0.09709999999999996,-0.04000999999999999,-0.924278,0.21827300000000005,0.19644699999999993,0.05611699999999997,0.0,0.987216718428009,0.0,1.0,0.012783281571991045,-0.8681610000000001
330,1.375,walk,1.076415,0.99977,0.97514,0.003279,-0.00023,-0.2015,-0.5428365730741999,-0.12766978641708013,-0.010559155267589073,-0.09522372337438995,-0.006110873003498649,0.2205265057197158,-2.043916486681049,-0.7902567794576351,0.2781377489800812,0.0043196544276101105,0.0023998080153478313,0.0004799616030722306,-0.12742799999999987,0.15367599999999992,-0.866958,0.09938000000000002,-0.03946800000000006,-0.924232,0.2268079999999999,0.19314399999999998,0.05727400000000005,0.0,0.9917253976220198,0.0,1.0,0.008274602377980167,-0.866958
331,1.379167,walk,1.074241,0.999246,0.975157,0.003551,0.000345,-0.201885,-0.5217182625389685,-0.12574994000481785,0.004079673626120621,-0.07234491040899135,-0.29600662685075463,0.18966588626388475,-2.0763138948883912,-0.7912167026637529,0.22822174226061587,0.0,-0.005039596832238439,0.00431965442764508,-0.13390599999999997,0.15090300000000012,-0.866024,0.10155399999999992,-0.038964999999999916,-0.924231,0.2354599999999999,0.18986800000000004,0.05820700000000001,0.0,0.9889374316567356,0.0,1.0,0.011062568343264356,-0.866024
332,1.383333,walk,1.071887,0.99872,0.97513,0.003808,1.1e-05,-0.202462,-0.5650504080652973,-0.12626020163224413,-0.006481036965914533,-0.15350993861711168,0.13309820416136833,0.28231721912085483,-2.026404224676015,-0.793807009121521,0.2378780604896859,-0.0024003840614123203,0.0021603456552870782,-0.005280844935190052,-0.13999400000000006,0.14812199999999986,-0.865006,0.10389800000000005,-0.038430000000000075,-0.9242260000000001,0.2438920000000001,0.18655199999999994,0.05922000000000005,0.0,0.989683311763334,0.0,1.0,0.010316688236665983,-0.865006
333,1.3875,walk,1.069599,0.998219,0.975171,0.003908,0.000273,-0.203014,-0.549076073914099,-0.12023038156949385,0.009839212862960744,-0.021755333960098343,-0.13185386908863242,0.2711033459068331,-1.9978401727861683,-0.8048956083512915,0.22654187664986639,-0.0009599232061711044,-0.0014398848092033701,0.0028797696184317185,-0.14603100000000002,0.1452690000000001,-0.8641030000000001,0.106182,-0.03793499999999994,-0.924255,0.252213,0.18320400000000003,0.06015199999999998,0.0,0.9944004479641565,0.0,1.0,0.0055995520358435025,-0.8641030000000001
334,1.391667,walk,1.06733,0.9977,0.9752,0.004064,0.000351,-0.203633,-0.5445164386849194,-0.12455003599710396,0.006959443244527361,-0.0660370611996494,-0.05071343373366839,0.3036025684134014,-1.988000959923181,-0.8224142068634612,0.19174466042716296,0.0026397888168906074,-0.0011999040076872372,0.004559635229181195,-0.1520459999999999,0.14236099999999996,-0.8633329999999999,0.10846200000000006,-0.03742100000000004,-0.924265,0.26050799999999996,0.179782,0.0609320000000001,0.0,0.9909940562761408,0.0,1.0,0.009005943723859211,-0.8633329999999999
335,1.395833,walk,1.06499,0.99717,0.975143,0.004394,9.7e-05,-0.203924,-0.5616898703791942,-0.1272203552568449,-0.013682189150257365,-0.18010544856606273,0.08768018418250288,0.14228392741548498,-1.942390782525148,-0.8072491598655576,0.23931829092654452,-0.0007201152184289877,-0.006240998559762309,0.004800768122899337,-0.1577980000000001,0.13952799999999999,-0.862279,0.11079899999999987,-0.03691699999999998,-0.924188,0.268597,0.17644499999999996,0.06190899999999999,0.0,0.9868221562714137,0.0,1.0,0.013177843728586325,-0.862279
336,1.4,walk,1.062609,0.99669,0.975106,0.004592,0.000289,-0.204424,-0.5713942884569948,-0.11519078473723492,-0.008879289656816758,-0.07448708324976812,-0.10854505347833493,0.24560822223433149,-1.9364050875930792,-0.816654667626638,0.2087832973362216,-0.0009599232061178691,-0.0067194624430115864,-0.01367890568754598,-0.1634859999999999,0.13660499999999998,-0.861372,0.11317600000000017,-0.03646499999999997,-0.924208,0.2766620000000001,0.17306999999999995,0.062836,0.0,0.9745493348213174,0.0,1.0,0.025450665178682552,-0.861372
337,1.404167,walk,1.060331,0.9962,0.975108,0.004787,0.00055,-0.204896,-0.5466762658987244,-0.1175905927525766,0.000479961603058909,-0.06629274112722164,-0.14072936173219067,0.2321151612219361,-1.9412047036236983,-0.8048956083512915,0.212622990160785,0.0011999040076339509,0.00311975041997616,0.004559635229181195,-0.16929699999999992,0.1337410000000001,-0.8604879999999999,0.11545899999999998,-0.03596199999999994,-0.924191,0.2847559999999999,0.16970300000000005,0.06370300000000007,0.0,0.9905773786182065,0.0,1.0,0.009422621381793506,-0.8604879999999999
338,1.408333,walk,1.058007,0.995686,0.975093,0.004974,0.000478,-0.205366,-0.5578492558809239,-0.12337974075852146,-0.003600576092171588,-0.09530253326755452,0.01649133585408339,0.23036954333952586,-1.9128660585693196,-0.8151704272683831,0.18819011041766334,0.0,-0.004560729716752455,-0.0007201152184339845,-0.17494199999999993,0.13085899999999995,-0.8596889999999999,0.11778299999999997,-0.035466999999999915,-0.924179,0.2927249999999999,0.16632599999999986,0.06449000000000005,0.0,0.9923046151137536,0.0,1.0,0.007695384886246437,-0.8596889999999999
339,1.4125,walk,1.055531,0.995238,0.975058,0.004961,0.000695,-0.206025,-0.5941924646028087,-0.10751139908807308,-0.008399328053757375,0.02701260103522691,-0.0991076330901153,0.32377087040436386,-1.8845692344612284,-0.8272138228941568,0.18478521718262228,-0.0035997120230084256,-0.00455963522917953,0.003359731221502284,-0.180319,0.12785999999999997,-0.858884,0.12024400000000002,-0.0350379999999999,-0.92413,0.300563,0.16289799999999988,0.06524600000000003,0.0,0.9888151896215716,0.0,1.0,0.011184810378428445,-0.858884
340,1.416667,walk,1.053232,0.994734,0.975037,0.005215,0.000819,-0.206352,-0.5517158627310189,-0.12095032397407535,-0.005039596832238707,-0.10730739933897984,-0.08259893860309843,0.1607107489934734,-1.8696904247661021,-0.8507319414447015,0.14854811615071342,-0.004079673626094195,-0.004559635229206416,-0.0007199424046083842,-0.18581099999999995,0.12481900000000001,-0.858244,0.12252600000000013,-0.034553000000000056,-0.924112,0.3083370000000001,0.15937200000000007,0.06586800000000004,0.0,0.9897324232837292,0.0,1.0,0.010267576716270765,-0.858244
341,1.420833,walk,1.050884,0.994244,0.975001,0.00538,0.000532,-0.206823,-0.5636101776284091,-0.11761881901103625,-0.008641382621227801,-0.10637380405392784,0.11960884736694977,0.23036940599937006,-1.8410945751319598,-0.8394143062890033,0.17138742198751483,0.0031204992798411803,0.0024003840614654917,0.007441190590495055,-0.1911329999999999,0.12181199999999992,-0.857494,0.12488699999999997,-0.034053,-0.924045,0.31601999999999986,0.15586499999999992,0.06655100000000003,0.0,0.985969212740657,0.0,1.0,0.014030787259343036,-0.857494
342,1.425,walk,1.04846,0.993766,0.974926,0.005444,0.000246,-0.207299,-0.5817134629229573,-0.11471082313414321,-0.017998560115201987,-0.058828250380619236,0.12914904444398334,0.23288910819917732,-1.834173266138711,-0.8612910967122186,0.1281497480201557,0.0007199424046549715,-0.0004799616030855522,0.002879769618430053,-0.19635199999999997,0.11870100000000006,-0.856885,0.12731400000000015,-0.03357700000000008,-0.923958,0.3236660000000001,0.15227800000000014,0.06707299999999994,0.0,0.9949884152922981,0.0,1.0,0.0050115847077019104,-0.856885
343,1.429167,walk,1.046045,0.99328,0.974824,0.00554,5.9e-05,-0.207527,-0.5795536357091523,-0.11663066954643214,-0.024478041756643795,-0.06383272100378382,0.07884028095850824,0.11132827456931844,-1.7928965682745257,-0.857451403887694,0.15214782817374722,-0.0023998080153744745,-0.001199904007660594,0.0,-0.20140799999999992,0.115614,-0.856149,0.12971900000000014,-0.033096000000000014,-0.923856,0.33112700000000006,0.14871,0.06770699999999996,0.0,0.9955282217872481,0.0,1.0,0.004471778212751909,-0.856149
344,1.433333,walk,1.043533,0.992804,0.974824,0.005995,0.00036,-0.208218,-0.6029764762361769,-0.11425828132502264,0.0,-0.1841062960135171,-0.1848525257807743,0.340237848772303,-1.7952472395583792,-0.8461353816610878,0.12097935669707241,0.00480076812287794,0.004320691310600806,-0.0007201152184340228,-0.2063750000000001,0.11256500000000003,-0.855645,0.1322509999999999,-0.03260200000000002,-0.923859,0.338626,0.14516700000000005,0.068214,0.0,0.9891686778919548,0.0,1.0,0.01083132210804516,-0.855645
345,1.4375,walk,1.041083,0.992305,0.974751,0.006092,5.3e-05,-0.208619,-0.5879529637629096,-0.1197504199664083,-0.017518598512116436,-0.07653231297430856,0.13556110144378133,0.19593715037761378,-1.8000959923205957,-0.8382529397648049,0.11783057355411605,0.010079193664530164,0.008879289656816284,0.004079673626108965,-0.211426,0.10957100000000008,-0.855081,0.13474300000000006,-0.03206600000000004,-0.9237690000000001,0.34616900000000006,0.14163700000000012,0.06868800000000008,0.0,0.976602726498329,0.0,1.0,0.02339727350167098,-0.855081
346,1.441667,walk,1.038607,0.991781,0.974549,0.006125,-0.000408,-0.208724,-0.5941924646028087,-0.1257499400047912,-0.048476121910255326,-0.061719395754714496,0.21339190529890503,0.05024036683625559,-1.7420206383489225,-0.8188144948403995,0.10655147588192862,0.0023998080153744745,0.00311975041997616,0.0038396928245745146,-0.2162090000000001,0.10668300000000008,-0.8544350000000001,0.13722900000000005,-0.03152900000000003,-0.923551,0.35343800000000014,0.1382120000000001,0.06911599999999996,0.0,0.990835581763526,0.0,1.0,0.009164418236473959,-0.8544350000000001
347,1.445833,walk,1.036109,0.991345,0.974481,0.006458,-0.000367,-0.209204,-0.5996159385502102,-0.10465674507921345,-0.016322611617848953,-0.15244478786491467,-0.051185221177482025,0.23596384459218214,-1.71603456553052,-0.8595775324052206,0.08977436389822588,-0.0009601536246075675,-0.005520883341333616,0.008401344215074704,-0.22085999999999995,0.10353800000000002,-0.853993,0.13972300000000004,-0.031116000000000033,-0.923448,0.360583,0.13465400000000005,0.06945500000000004,0.0,0.9831687598271983,0.0,1.0,0.016831240172801687,-0.853993
348,1.45,walk,1.033611,0.990848,0.97434,0.006607,-0.000553,-0.209438,-0.5994720422365899,-0.11927045836334939,-0.033837293016572276,-0.08872651706911856,0.07306895140782027,0.11449448492523197,-1.6805855531557303,-0.8264938804895552,0.07775377969762476,-0.004319654427663397,-0.0026397888168906074,0.005519558435323991,-0.22536500000000004,0.1005910000000001,-0.853528,0.14220299999999986,-0.030629999999999935,-0.923284,0.3675679999999999,0.13122100000000003,0.06975600000000004,0.0,0.9875174093797747,0.0,1.0,0.012482590620225276,-0.853528
349,1.454167,walk,1.031081,0.990382,0.974231,0.006746,-0.000485,-0.209693,-0.6071514278857989,-0.11183105351570984,-0.026157907367416584,-0.05850477020722715,-0.04506217717265898,0.1254543160434293,-1.6925845932325227,-0.8651307895368497,0.023278137748979872,0.005759539236866767,0.006959443244527361,-0.005039596832253425,-0.22988799999999987,0.09745199999999998,-0.8533219999999999,0.14475700000000002,-0.030135000000000023,-0.9231959999999999,0.3746449999999999,0.127587,0.06987399999999999,0.0,0.9827595695846407,0.0,1.0,0.017240430415359276,-0.8533219999999999
350,1.458333,walk,1.028522,0.989854,0.974091,0.0071,-0.000873,-0.209956,-0.6142582813249899,-0.12674027844454117,-0.033605376860277036,-0.20535408327429433,0.14735287837315716,0.12821540993373154,-1.6766682669226662,-0.8475756120979007,0.025684109457511536,-0.0007201152184289877,-0.0012001920307060962,0.0016802688430148512,-0.2343139999999999,0.094449,-0.853075,0.14731300000000003,-0.02961199999999997,-0.923049,0.38162699999999994,0.12406099999999998,0.06997399999999998,0.0,0.996355243407308,0.0,1.0,0.0036447565926920333,-0.853075
351,1.4625,walk,1.025954,0.989394,0.973956,0.007289,-0.000961,-0.210263,-0.6162706983441375,-0.11039116870651235,-0.032397408207343985,-0.09765940148851199,0.023323088775003695,0.15069185058045143,-1.6786657067435309,-0.832973362131068,-0.009359251259899004,-0.003119750419976326,0.009839212862961268,-0.011279097672186364,-0.23874099999999998,0.09143800000000002,-0.852979,0.1498679999999999,-0.029110999999999998,-0.922961,0.38860899999999987,0.12054900000000002,0.06998199999999999,0.0,0.974517925868023,0.0,1.0,0.025482074131977006,-0.852979
352,1.466667,walk,1.023363,0.988939,0.97369,0.007794,-0.001284,-0.210542,-0.6217902567794553,-0.10919126469881923,-0.06383489320854006,-0.26964723532680634,0.10159954409011845,0.1364737151604949,-1.6426685865130906,-0.8276937844972424,-0.006959443244540683,0.00623950083995232,0.00767938564915569,0.006239500839932337,-0.24299500000000007,0.08844399999999997,-0.8527420000000001,0.15248499999999998,-0.028623999999999983,-0.9226690000000001,0.39548000000000005,0.11706799999999995,0.06992699999999996,0.0,0.9805038675194468,0.0,1.0,0.019496132480553152,-0.8527420000000001
353,1.470833,walk,1.02077,0.988455,0.973521,0.008083,-0.001589,-0.210905,-0.6224195871339406,-0.11617858857417827,-0.040566490638521635,-0.16653542144041966,0.1153337528541312,0.1775801615333673,-1.6178588574171349,-0.8310129620739274,-0.03648583773403629,0.0026404224675907213,0.0,0.0009601536245808668,-0.24714199999999997,0.08546599999999993,-0.852725,0.15508900000000003,-0.028139999999999943,-0.922496,0.402231,0.11360599999999987,0.06977100000000003,0.0,0.9953173708150485,0.0,1.0,0.004682629184951548,-0.852725
354,1.475,walk,1.018051,0.987971,0.973276,0.008346,-0.001926,-0.211075,-0.6525077993760248,-0.11615070794334659,-0.05879529637627498,-0.15752502241062977,0.13217076093684968,0.08269758311720053,-1.6328293736501032,-0.8017758579313153,-0.09071274298056166,0.0019198464122889224,0.0021598272138050553,-0.0011999040076789112,-0.2512270000000001,0.08260900000000004,-0.852858,0.15781599999999996,-0.027647000000000088,-0.9222560000000001,0.40904300000000005,0.11025600000000013,0.06939800000000007,0.0,0.994785055271435,0.0,1.0,0.005214944728564985,-0.852858
355,1.479167,walk,1.015408,0.987491,0.973033,0.008924,-0.00203,-0.211272,-0.6342692584593405,-0.11519078473723492,-0.05831533477321918,-0.2816991884835952,-0.008933878360702129,0.09729774248882252,-1.567794576433933,-0.8192944564435287,-0.05855531557475531,0.003119750419976326,0.005519558435324285,0.0079193664506839,-0.25511700000000004,0.07967500000000005,-0.852859,0.16047199999999995,-0.027144000000000057,-0.92198,0.415589,0.10681900000000011,0.06912099999999999,0.0,0.9830921835150359,0.0,1.0,0.01690781648496409,-0.852859
356,1.483333,walk,1.012719,0.987027,0.972841,0.008896,-0.002093,-0.211362,-0.6454632741238814,-0.11137782045127394,-0.046087373979854955,0.006750292039365831,0.03280585856262553,0.04396111425642531,-1.5775324051847917,-0.8108497359577558,-0.1430628900624059,0.003840614498323467,0.008401344215075922,0.0038406144983201356,-0.2589999999999999,0.07676099999999997,-0.853263,0.16317700000000013,-0.02664500000000003,-0.9217719999999999,0.422177,0.103406,0.06850899999999993,0.0,0.9833263994365653,0.0,1.0,0.0166736005634347,-0.853263
357,1.4875,walk,1.01001,0.986542,0.972488,0.009212,-0.002881,-0.211595,-0.6501079913606503,-0.11639068874488936,-0.0847132229421488,-0.22817481226729439,0.33864225212889726,0.11183215840535547,-1.5421166306695449,-0.7969762419006197,-0.14518838492920655,0.003839692824577845,0.006959443244554005,0.002639788816893938,-0.2627170000000001,0.07392500000000002,-0.853515,0.165902,-0.026131000000000015,-0.921408,0.4286190000000001,0.10005600000000003,0.06789299999999998,0.0,0.9860411740127655,0.0,1.0,0.013958825987234524,-0.853515
358,1.491667,walk,1.007353,0.986104,0.972234,0.009841,-0.003118,-0.211857,-0.6376289896808522,-0.10511159107272525,-0.06095512359010668,-0.31903564296487397,0.04853714648013238,0.12921824310189814,-1.524598032157402,-0.7715382769378314,-0.15382769378449337,0.006239500839899033,0.0059995200383829005,0.00431965442764508,-0.2664129999999999,0.0711480000000001,-0.853902,0.16858499999999998,-0.025668000000000024,-0.9211360000000001,0.4349979999999999,0.09681600000000012,0.06723400000000002,0.0,0.9838767743615053,0.0,1.0,0.016123225638494665,-0.853902
359,1.495833,walk,1.004595,0.985659,0.971965,0.010079,-0.003293,-0.212148,-0.66202592414789,-0.10681709073452718,-0.0645703312530201,-0.12933353105008444,0.05936900041740276,0.14276577859051487,-1.4810369659145868,-0.8312530004800969,-0.13346135381661434,0.0045607297167526975,0.006481036965914533,0.00408065290446557,-0.26982499999999987,0.06813000000000013,-0.854189,0.17136200000000001,-0.025195999999999996,-0.92085,0.4411869999999999,0.09332600000000013,0.06666099999999997,0.0,0.985143667284665,0.0,1.0,0.014856332715335041,-0.854189
360,1.5,walk,1.001788,0.985162,0.971636,0.010257,-0.00373,-0.212119,-0.6736261099112029,-0.11927045836332274,-0.07895368370528202,-0.12801150202340997,0.18668736701651026,-0.01573939600760422,-1.485001199904016,-0.7645788336933307,-0.18958483321334124,0.007439404847639557,0.00767938564915569,0.0038396928245745146,-0.27320599999999995,0.06544099999999997,-0.85465,0.17420000000000013,-0.024666999999999994,-0.920505,0.4474060000000001,0.09010799999999997,0.065855,0.0,0.9810658341275597,0.0,1.0,0.018934165872440345,-0.85465
361,1.504167,walk,0.998945,0.984753,0.971321,0.010705,-0.004076,-0.212428,-0.6822654187664764,-0.09815214782817125,-0.07559395248381637,-0.24514860747863454,0.11831898260233828,0.15145486575306458,-1.4326853851691563,-0.7537796976241988,-0.21958243340532901,0.008639308855273508,0.00767938564915569,0.008159347252219595,-0.27633299999999994,0.0627089999999999,-0.85525,0.177079,-0.02422599999999997,-0.920156,0.4534119999999999,0.08693499999999987,0.06490600000000002,0.0,0.976418841735899,0.0,1.0,0.02358115826410101,-0.85525
362,1.508333,walk,0.99615,0.984257,0.971003,0.01082,-0.004468,-0.21255,-0.6709073451752435,-0.11905904944790058,-0.07633221315411635,-0.09383737074318765,0.17284017192448023,0.058498608801352873,-1.4308689390302805,-0.7942870859337182,-0.2150744119059091,0.0055208833413602654,0.006481036965914533,0.006240998559769304,-0.27949899999999994,0.05989600000000006,-0.8558279999999999,0.17989700000000008,-0.02370300000000003,-0.919812,0.459396,0.08359900000000009,0.06398400000000004,0.0,0.9824062782626631,0.0,1.0,0.017593721737336865,-0.8558279999999999
363,1.5125,walk,0.993008,0.983813,0.97072,0.010438,-0.004731,-0.212736,-0.7540196784257149,-0.10655147588192862,-0.06791456683463404,0.15251955830394465,0.1633519795181636,0.08881628275786621,-1.3640508759299206,-0.783057355411565,-0.20590352771778045,0.0028797696184067402,0.005279577633781215,0.002879769618430053,-0.282041,0.057077000000000044,-0.856403,0.18305099999999996,-0.023237000000000063,-0.919517,0.46509199999999995,0.08031400000000011,0.063114,0.0,0.98888693385376,0.0,1.0,0.01111306614623997,-0.856403
364,1.516667,walk,0.990228,0.983375,0.970282,0.011135,-0.005276,-0.212816,-0.6671466282697345,-0.10511159107272525,-0.10511159107272525,-0.3824589793036732,0.1848709695346834,0.03922667833971412,-1.3261339092872544,-0.7669786417087051,-0.21022318214542718,0.008399328053757375,0.015598752099827513,0.00479961603071731,-0.284787,0.054318999999999895,-0.856841,0.18586599999999998,-0.022734000000000032,-0.919059,0.470653,0.07705299999999993,0.062217999999999996,0.0,0.9694083302520283,0.0,1.0,0.030591669747971673,-0.856841
365,1.520833,walk,0.987615,0.982882,0.970047,0.011581,-0.004785,-0.212861,-0.6272203552568183,-0.11833893422946525,-0.05640902544406596,-0.1589838254271135,-0.2755931506916479,0.026189464239784566,-1.27652424387897,-0.7378780604896099,-0.22083533365337948,0.004320691310627225,0.0026404224675907213,0.005040806529044554,-0.28749199999999997,0.05173800000000006,-0.857526,0.18849700000000003,-0.022230000000000083,-0.918803,0.475989,0.07396800000000014,0.061277000000000026,0.0,0.9880917938340886,0.0,1.0,0.011908206165911372,-0.857526
366,1.525,walk,0.984358,0.982524,0.969714,0.011032,-0.005729,-0.213148,-0.7816174706024032,-0.08591312694986725,-0.07991360691145738,0.16131520633784266,0.5004878372062194,0.13430512100849945,-1.2155027597792964,-0.695704343652536,-0.25437964962803933,0.006479481641468798,0.003359731221519115,0.003359731221502463,-0.2893,0.04919700000000016,-0.8582529999999999,0.1917810000000001,-0.021857999999999933,-0.9184559999999999,0.4810810000000001,0.07105500000000009,0.060203000000000007,0.0,0.9866085360828748,0.0,1.0,0.013391463917125201,-0.8582529999999999
367,1.529167,walk,0.981553,0.982154,0.969154,0.011966,-0.006433,-0.213569,-0.6731461483081174,-0.08879289656826941,-0.13438924886009135,-0.5093771085723694,0.23707392513782677,0.20719135791422214,-1.198944084473233,-0.6877849772018271,-0.25413966882649297,0.0016798656107195032,0.00767938564915569,0.0021598272138233727,-0.29149100000000006,0.046701000000000104,-0.858752,0.1945929999999999,-0.02145599999999992,-0.917887,0.48608399999999996,0.06815700000000002,0.05913500000000005,0.0,0.9864128567702866,0.0,1.0,0.013587143229713439,-0.858752
368,1.533333,walk,0.978656,0.981766,0.968737,0.012939,-0.005988,-0.213569,-0.6953912626020065,-0.09313490158423747,-0.10009601536245542,-0.41072522474552076,-0.3084153703038569,0.006586588712235271,-1.1591454632740854,-0.674267882861254,-0.30028804608736626,0.003840614498323467,0.008161305808924043,0.002880460873739269,-0.293423,0.044279999999999986,-0.859586,0.19750599999999996,-0.021033999999999997,-0.917458,0.49092899999999995,0.06531399999999998,0.057872000000000035,0.0,0.9842190087027451,0.0,1.0,0.015780991297254854,-0.859586
369,1.5375,walk,0.975714,0.98129,0.968316,0.013244,-0.006147,-0.213478,-0.7060235181185451,-0.1142308615310843,-0.10103191744660463,-0.15946221357780996,0.04267299130186398,-0.04431267311318828,-1.1192704583633228,-0.6429085673146334,-0.3167746580273558,0.003839692824577845,0.011999040076792443,0.005279577633789541,-0.295145,0.04207699999999992,-0.8604849999999999,0.20046399999999998,-0.02050799999999997,-0.9170149999999999,0.49560899999999997,0.06258499999999989,0.05652999999999997,0.0,0.9772334221730139,0.0,1.0,0.0227665778269861,-0.8604849999999999
370,1.541667,walk,0.972681,0.980857,0.967797,0.013642,-0.006658,-0.213502,-0.7278617710583372,-0.10391168706504356,-0.1245500359971106,-0.23897616040207675,0.19899409694427428,0.010612737911869312,-1.0734341252700152,-0.6138708903287629,-0.3460523158147503,0.009119270458359545,0.012479001679852017,0.0079193664506839,-0.296585,0.0399520000000001,-0.8614080000000001,0.2035349999999999,-0.020023000000000013,-0.916463,0.5001199999999999,0.05997500000000011,0.055054999999999965,0.0,0.971055467720393,0.0,1.0,0.028944532279607027,-0.8614080000000001
371,1.545833,walk,0.96919,0.980528,0.967727,0.012605,-0.006445,-0.213836,-0.8379740758521187,-0.07897263562170301,-0.016802688430151844,0.5088218249392924,0.008776014802112143,0.160654837410931,-1.0393662986077623,-0.5832933269323303,-0.4138262121939405,0.012962073931828376,0.016802688430151844,0.011761881901103959,-0.297424,0.03785099999999997,-0.863062,0.20707999999999993,-0.019623999999999975,-0.916344,0.504504,0.05747499999999994,0.05328200000000005,0.0,0.9595618591429638,0.0,1.0,0.04043814085703623,-0.863062
372,1.55,walk,0.966208,0.980106,0.967208,0.013191,-0.006654,-0.21371,-0.7156227501799898,-0.10127189824812076,-0.1245500359971306,-0.2964543564034953,0.037020495637566354,-0.06036929356953778,-0.9553635709143226,-0.5317974562034986,-0.4581233501319845,0.007439404847639557,0.011759059275249667,0.005999520038397887,-0.298423,0.036056999999999895,-0.864452,0.21009300000000009,-0.019153000000000087,-0.9158,0.5085160000000001,0.05520999999999998,0.05134799999999995,0.0,0.9747449421887936,0.0,1.0,0.025255057811206405,-0.864452
373,1.554167,walk,0.963191,0.97964,0.966578,0.014074,-0.007214,-0.21359,-0.7240220782337206,-0.11183105351573648,-0.15118790496757945,-0.471728468576269,0.17117569034567418,-0.05800954811867618,-0.8862491000719745,-0.49748020158386747,-0.4874010079193639,0.0035997120230084256,0.010079193664530164,0.008159347252219595,-0.299099,0.03444999999999998,-0.8658530000000001,0.2131249999999999,-0.01864499999999991,-0.9151360000000001,0.5122239999999999,0.05309499999999989,0.049282999999999966,0.007170000000000065,0.9775696745975206,0.007170000000000065,0.9928299999999999,0.022430325402479356,-0.8658530000000001
374,1.558333,walk,0.959698,0.979258,0.966513,0.013029,-0.006688,-0.213608,-0.8384541526644405,-0.09169467114738439,-0.015602496399446579,0.5441384457524943,-0.13943714656070047,0.0068376177815257936,-0.8365338454152786,-0.44287085933747533,-0.5103216514642449,-0.00048007681225048455,0.01224195871337339,0.004320691310609134,-0.299091,0.0329870000000001,-0.867914,0.21661600000000003,-0.018212000000000006,-0.915053,0.515707,0.051199000000000106,0.04713900000000004,0.02860999999999997,0.9783484411462431,0.02860999999999997,0.97139,0.021651558853756914,-0.867914
375,1.5625,walk,0.956595,0.978772,0.965742,0.01393,-0.007792,-0.213261,-0.7446604271658398,-0.11663066954643214,-0.18502519798415173,-0.5363729744338267,0.422869430016986,-0.17233482545563567,-0.7708183345332563,-0.4168466522678393,-0.5454763618910472,-0.003599712023061712,0.008399328053757375,0.002879769618430053,-0.2992,0.031735999999999986,-0.869416,0.219704,-0.017691000000000012,-0.91427,0.518904,0.049427,0.04485400000000006,0.05146000000000006,0.9840313056733875,0.05146000000000006,0.9485399999999999,0.01596869432661252,-0.869416
376,1.566667,walk,0.953214,0.978315,0.965409,0.013482,-0.007668,-0.212966,-0.8113750899927865,-0.10967122630187814,-0.07991360691145313,0.22211852388405642,-0.014523968818109766,-0.14652905774851196,-0.6832253419726209,-0.36141108711302994,-0.5757139428845645,-0.0023998080153744745,0.006479481641468453,0.0031197504199678336,-0.298666,0.03068699999999991,-0.871482,0.2230749999999999,-0.017207000000000083,-0.913924,0.5217409999999999,0.04789399999999999,0.04244199999999998,0.07558000000000009,0.987364555636395,0.07558000000000009,0.9244199999999999,0.012635444363604975,-0.871482
377,1.570833,walk,0.950081,0.977884,0.964858,0.014054,-0.008047,-0.212614,-0.7520403264522645,-0.10345655304850729,-0.13226116178588154,-0.3078947040140372,0.11675391515484013,-0.17208260947440976,-0.647383581373051,-0.31253000480075566,-0.5679308689390433,0.0012001920307328098,0.006961113778218318,0.008881421027363497,-0.29823,0.029816000000000065,-0.873297,0.226213,-0.016746999999999956,-0.913336,0.524443,0.04656300000000002,0.04003900000000005,0.09960999999999998,0.9810866592197443,0.09960999999999998,0.90039,0.01891334078025575,-0.873297
378,1.575,walk,0.946685,0.977457,0.964406,0.013952,-0.008242,-0.212543,-0.8149748020158216,-0.102471802255808,-0.10847132229421755,0.027758084930817772,0.10131200517188436,-0.036533576294615656,-0.5562754979601424,-0.2817374610031196,-0.5677945764338826,0.0019198464122889224,0.006719462443011228,0.011039116870651313,-0.29715199999999997,0.02906900000000001,-0.875211,0.22961699999999996,-0.016291999999999973,-0.912838,0.5267689999999999,0.045360999999999985,0.03762700000000008,0.12373000000000006,0.9782246898826958,0.12373000000000006,0.8762699999999999,0.02177531011730416,-0.875211
379,1.579167,walk,0.943374,0.97702,0.963859,0.014334,-0.008659,-0.212329,-0.7945764338852718,-0.10487161027118247,-0.1312694984401152,-0.22226282665752997,0.15499197622876254,-0.10550892325102594,-0.43748500119990524,-0.187664986801069,-0.49364050875929627,0.0014398848092033701,0.005039596832238439,0.009839212862970736,-0.29566400000000004,0.028723999999999972,-0.8767210000000001,0.23293399999999986,-0.015834000000000015,-0.91225,0.5285979999999999,0.044557999999999987,0.03552899999999992,0.14471000000000012,0.9814197749790767,0.14471000000000012,0.8552899999999999,0.01858022502092327,-0.8767210000000001
380,1.583333,walk,0.940118,0.97655,0.963204,0.014547,-0.009373,-0.211484,-0.7815650504080527,-0.11281805088813192,-0.15722515602497703,-0.17501333019379597,0.3066639863424981,-0.4180195270608436,-0.37061929908784147,-0.05784925588092393,-0.366058569371089,0.0,0.006721075372066067,0.011041766682668309,-0.293952,0.028953000000000007,-0.877591,0.2361899999999999,-0.015336000000000016,-0.9115489999999999,0.5301419999999999,0.04428900000000002,0.03395799999999993,0.16042000000000006,0.978455893714452,0.16042000000000006,0.83958,0.021544106285548037,-0.877591
381,1.5875,walk,0.936671,0.976138,0.962721,0.014435,-0.009683,-0.211219,-0.8272138228942009,-0.09887209023280484,-0.11591072714180999,0.020264124171730822,0.1546662805138844,-0.13264602785247598,-0.3064554835613225,-0.1499880009599535,-0.3424526037917118,0.0002399808015694321,0.004079673626094195,0.013198944084473724,-0.291782,0.028739999999999988,-0.8785350000000001,0.23963800000000002,-0.014907000000000004,-0.911011,0.53142,0.04364699999999999,0.03247599999999995,0.17524000000000006,0.9769714276130212,0.17524000000000006,0.8247599999999999,0.023028572386978752,-0.8785350000000001
382,1.591667,walk,0.933467,0.975667,0.96221,0.01458,-0.009779,-0.210389,-0.7688984881209407,-0.11303095752339708,-0.12263018958484169,-0.08038377976520837,0.023761589646916655,-0.4071525554768046,-0.2910967122630215,-0.21838252939763847,-0.29421646268298096,0.0,0.005759539236866767,0.01991840652747759,-0.289791,0.02830100000000002,-0.87925,0.242842,-0.01441199999999998,-0.910417,0.532633,0.042713,0.031167000000000056,0.18832999999999994,0.9654426719937697,0.18832999999999994,0.8116700000000001,0.03455732800623035,-0.87925
383,1.595833,walk,0.929772,0.975278,0.961564,0.014824,-0.010707,-0.210188,-0.8869419107056895,-0.09337493999038936,-0.1550648103696634,-0.2089627979442666,0.40927710236021414,-0.10270059612638882,-0.31517042726835637,-0.27292366778682486,-0.29476716274603293,0.0012001920307327459,-0.0019203072491617336,0.01416226596255446,-0.287409,0.02755300000000005,-0.879832,0.24654200000000004,-0.014031000000000016,-0.909712,0.5339510000000001,0.041584000000000065,0.029880000000000018,0.20120000000000005,0.9760963846274747,0.20120000000000005,0.7988,0.023903615372525278,-0.879832
384,1.6,walk,0.926423,0.974795,0.960987,0.014829,-0.011146,-0.209482,-0.8036957043436576,-0.11591072714183046,-0.13846892248618534,-0.04921524133736668,0.1996771451779246,-0.34915262224394766,-0.3606911447084283,-0.3066954643628756,-0.33789296856251066,-0.0026397888168906074,-0.004079673626093978,0.012958963282936905,-0.285563,0.02675799999999995,-0.880663,0.2498800000000001,-0.013564999999999938,-0.909081,0.5354430000000001,0.04032299999999989,0.028418000000000054,0.21581999999999996,0.9769332519713783,0.21581999999999996,0.7841800000000001,0.023066748028621742,-0.880663
385,1.604167,walk,0.922868,0.974421,0.960424,0.015102,-0.011507,-0.209043,-0.8531317494600761,-0.08975281977441865,-0.13510919126470022,-0.16613891636962735,0.13836378542419706,-0.21564621767875397,-0.36549076073914344,-0.29829613630908086,-0.35733141348693837,-0.004079673626147482,-0.003359731221519115,0.01967842572594252,-0.283531,0.02588900000000005,-0.8815890000000001,0.2534179999999999,-0.013205000000000022,-0.908436,0.5369489999999999,0.03909400000000007,0.026846999999999954,0.23153,0.9660403846938026,0.23153,0.76847,0.0339596153061974,-0.8815890000000001
386,1.608333,walk,0.919515,0.973923,0.959789,0.015107,-0.012154,-0.208041,-0.8048487758041187,-0.11953912626019798,-0.1524243879020727,-0.07131947855708917,0.29478561775389356,-0.49565724665946004,-0.3307729236677755,-0.2801248199711947,-0.35981757081132004,-0.008881421027326381,-0.007921267402772164,0.02400384061449835,-0.2815559999999999,0.02522000000000002,-0.882453,0.25673400000000013,-0.012739999999999974,-0.907701,0.53829,0.037959999999999994,0.025247999999999937,0.24752000000000002,0.9553466910216706,0.24752000000000002,0.75248,0.04465330897832942,-0.882453
387,1.6125,walk,0.915889,0.973532,0.95919,0.014911,-0.013025,-0.207319,-0.8701703863690882,-0.0938324934005345,-0.14374850011999318,0.0018648930314295647,0.4223095190247804,-0.3608209570835289,-0.27717782577394007,-0.2620590352771715,-0.32829373650107935,-0.009839212863014032,-0.014878809695225826,0.024958003359731012,-0.2790849999999999,0.02451900000000007,-0.883222,0.26031899999999997,-0.01241099999999995,-0.906998,0.5394039999999999,0.03693000000000002,0.02377600000000002,0.2622400000000001,0.9488713219357605,0.2622400000000001,0.73776,0.051128678064239486,-0.883222
388,1.616667,walk,0.91236,0.973101,0.958659,0.014661,-0.013289,-0.206561,-0.8468922486201049,-0.10343172546195246,-0.12742980561553735,0.0875035822779238,0.14237647792756797,-0.375306104996442,-0.24910007199423456,-0.24334053275739445,-0.33621310295176116,-0.01511879049674196,-0.009599232061444612,0.029997600191984438,-0.2765939999999999,0.023935999999999957,-0.8840920000000001,0.26378500000000005,-0.01202000000000003,-0.906342,0.5403789999999999,0.03595599999999999,0.02224999999999988,0.2775000000000001,0.9417720213411116,0.2775000000000001,0.7224999999999999,0.0582279786588884,-0.8840920000000001
389,1.620833,walk,0.908894,0.972641,0.958176,0.014661,-0.013698,-0.205704,-0.831973115698526,-0.11041766682669896,-0.11593855016803258,-0.04480131421743739,0.18493570083287758,-0.42260431080651684,-0.20427268362939707,-0.23163706192991326,-0.32141142582813914,-0.01680268843015274,-0.010081613058086313,0.03168506961113864,-0.273979,0.02343099999999998,-0.8849480000000001,0.267181,-0.011602000000000001,-0.9057270000000001,0.54116,0.03503299999999998,0.020778999999999992,0.29221,0.9379088283114512,0.29221,0.7077899999999999,0.06209117168854883,-0.8849480000000001
390,1.625,walk,0.905325,0.972204,0.957692,0.013371,-0.014032,-0.204482,-0.8564914806815229,-0.10487161027118247,-0.11615070794337323,0.5666726476409859,0.2738339726953584,-0.6113384940485864,-0.18094552435805775,-0.22654187664985306,-0.2975761939044866,-0.01847852171823425,-0.013918886489081366,0.03911687065034683,-0.27116400000000007,0.022924000000000055,-0.885704,0.27067300000000005,-0.011222999999999983,-0.90508,0.5418370000000001,0.03414700000000004,0.01937599999999995,0.30624000000000007,0.9242570000399166,0.30624000000000007,0.6937599999999999,0.07574299996008338,-0.885704
391,1.629167,walk,0.901672,0.971714,0.957007,0.013351,-0.0151,-0.204011,-0.8766498680105567,-0.1175905927525766,-0.16438684905205914,-0.09806222212785955,0.5000509169182725,-0.23637655917685146,-0.16942644588432423,-0.23230141588671982,-0.2666186705063577,-0.022558195344381516,-0.01727861771057366,0.05111591072714094,-0.26821700000000004,0.022446000000000077,-0.8861300000000001,0.27423200000000003,-0.010804999999999954,-0.904182,0.5424490000000001,0.03325100000000003,0.018051999999999957,0.31948,0.9025283640025288,0.31948,0.68052,0.09747163599747122,-0.8861300000000001
392,1.633333,walk,0.898135,0.971216,0.956474,0.013144,-0.015999,-0.20299,-0.8490158425348305,-0.11953912626020435,-0.12794047047528073,0.003103260066802419,0.4346952404286457,-0.5066969379262896,-0.1509841574651961,-0.22515602496399872,-0.33797407585214334,-0.028564570331248994,-0.03384541526645737,0.056889102256362754,-0.265309,0.02200600000000008,-0.887005,0.27765000000000006,-0.010448000000000013,-0.9034120000000001,0.5429590000000001,0.032454000000000094,0.01640700000000006,0.33592999999999995,0.8798401901135326,0.33592999999999995,0.66407,0.12015980988646735,-0.887005
393,1.6375,walk,0.894499,0.970701,0.955971,0.012098,-0.016556,-0.202183,-0.8725701943844361,-0.12359011279095951,-0.12071034317255276,0.4320928760324936,0.35721936508916885,-0.4073866213958531,-0.16030717542596515,-0.20014398848092033,-0.29325653947683983,-0.02903767698584997,-0.03623710103189346,0.06599472042236676,-0.26234100000000005,0.021687000000000012,-0.887724,0.281165,-0.010083999999999982,-0.902634,0.543506,0.031770999999999994,0.01491000000000009,0.3509,0.8655090120784981,0.3509,0.6491,0.13449098792150194,-0.887724
394,1.641667,walk,0.890948,0.970202,0.955687,0.010401,-0.017036,-0.201163,-0.8521718262539129,-0.1197504199664083,-0.06815454763620346,0.7441035662168537,0.38256450425133026,-0.5171600935137821,-0.14470842332613765,-0.19318454523639297,-0.2870170386369075,-0.033357331413513366,-0.03695704343654844,0.07631389488840806,-0.259393,0.021380999999999983,-0.888636,0.28457699999999997,-0.009739000000000053,-0.902032,0.54397,0.031120000000000037,0.013395999999999963,0.36604000000000003,0.8481379905268447,0.36604000000000003,0.63396,0.1518620094731553,-0.888636
395,1.645833,walk,0.887403,0.969619,0.95521,0.008652,-0.017738,-0.200187,-0.8509361497839204,-0.1399423907825214,-0.11449831973114177,0.7475613418891075,0.4924218281340829,-0.49639236185170643,-0.1272203552568449,-0.16994719155065352,-0.27580412866057746,-0.039126260201610356,-0.04872779644741902,0.07609217474795707,-0.2563780000000001,0.02125599999999994,-0.889308,0.28795899999999996,-0.009359000000000006,-0.901238,0.5443370000000001,0.030614999999999948,0.011929999999999996,0.3807,0.8358922995758675,0.3807,0.6193,0.16410770042413247,-0.889308
396,1.65,walk,0.884019,0.968955,0.954687,0.008488,-0.017921,-0.199287,-0.8120950323974582,-0.1593472522198292,-0.12550995920328176,0.052615250697902856,0.09650816797726329,-0.4427785506522249,-0.09695224382048917,-0.16366690664746616,-0.24094072474203282,-0.043916486681078136,-0.04343652507799256,0.08207343412527421,-0.253398,0.02123799999999998,-0.8897889999999999,0.29116,-0.008875999999999995,-0.900373,0.544558,0.030113999999999974,0.010584000000000038,0.39416000000000007,0.8287996779080773,0.39416000000000007,0.6058399999999999,0.1712003220919227,-0.8897889999999999
397,1.654167,walk,0.880572,0.968251,0.954249,0.009268,-0.018579,-0.199169,-0.8272138228941568,-0.16894648428126532,-0.1051115910726986,-0.43072207922510697,0.23429440635464696,-0.05184223564758401,-0.06407487401008284,-0.1797456203503705,-0.24142068634508887,-0.044636429085677484,-0.04319654427647411,0.09623230141588565,-0.25021800000000005,0.021193000000000017,-0.8903570000000001,0.29442099999999993,-0.008352000000000026,-0.8995340000000001,0.544639,0.029545000000000043,0.00917699999999999,0.40823,0.8091029358619621,0.40823,0.59177,0.19089706413803786,-0.8903570000000001
398,1.658333,walk,0.876858,0.967641,0.953812,0.008312,-0.018655,-0.198634,-0.891502640422442,-0.14642342774843561,-0.10489678348535976,0.43813489556841806,0.12374110488306714,-0.27159541517957386,-0.06865098415746534,-0.16202592414785472,-0.20403264522323097,-0.04968795007197324,-0.0403264522323431,0.11329812770042902,-0.24679000000000006,0.021128000000000036,-0.89077,0.2979280000000001,-0.007909999999999973,-0.898625,0.5447180000000001,0.029038000000000008,0.007855000000000056,0.4723933405010016,0.7831309863302973,0.4723933405010016,0.5276066594989983,0.21686901366970268,-0.89077
399,1.6625,walk,0.873141,0.967012,0.953538,0.006088,-0.018526,-0.19784,-0.892008639308868,-0.1509479241660633,-0.06575473962082898,1.0518421139827094,0.1465905153095693,-0.40987886325111855,-0.06311495080393838,-0.18958483321333128,-0.23950083993280327,-0.05735541156709825,-0.0417566594672441,0.1295896328293724,-0.243336,0.02096700000000007,-0.891494,0.30140600000000006,-0.007454999999999989,-0.897811,0.5447420000000001,0.02842200000000006,0.006317000000000017,0.43682999999999994,0.7537687695661626,0.43682999999999994,0.5631700000000001,0.24623123043383743,-0.891494
400,1.666667,walk,0.869237,0.966549,0.95332,0.00458,-0.019038,-0.197483,-0.936885049196085,-0.11111111111111407,-0.05231581473483596,0.6577515730806363,0.38235413625468506,-0.18957301883596078,-0.045836333093340516,-0.15262778977684424,-0.21382289416847697,-0.06455483561317182,-0.05471562275018392,0.14974802015839406,-0.23962300000000003,0.02079399999999998,-0.8921669999999999,0.3050409999999999,-0.007220000000000004,-0.8969689999999999,0.5446639999999999,0.028013999999999983,0.004801999999999973,0.5075188977330964,0.7133256022585956,0.5075188977330964,0.49248110226690356,0.28667439774140435,-0.8921669999999999
401,1.670833,walk,0.865588,0.965904,0.95317,0.001782,-0.019319,-0.196727,-0.875900144023023,-0.15482477196351152,-0.03600576092174253,1.2833312465377291,0.394410212144619,-0.3966060051234061,-0.026164186269808633,-0.1519443110897689,-0.21795487277963857,-0.07081132981275232,-0.05640902544406596,0.16802688430148346,-0.23608300000000004,0.02080599999999999,-0.892925,0.308395,-0.006809999999999983,-0.896119,0.544478,0.027615999999999974,0.00319400000000003,0.5231006857422738,0.681892504063905,0.5231006857422738,0.47689931425772625,0.318107495936095,-0.892925
402,1.675,walk,0.862215,0.965424,0.952769,0.001524,-0.019323,-0.195116,-0.8094552435805242,-0.11519078473722877,-0.09623230141588232,0.10634724735524148,0.021869839259515456,-0.7908535961554886,-0.03551715862729178,-0.11495080393568599,-0.1972642188624903,-0.0758339332853325,-0.059995200383962215,0.17758579313654882,-0.2328579999999999,0.02080700000000002,-0.893346,0.31145200000000006,-0.006579999999999919,-0.8949779999999999,0.54431,0.02738699999999994,0.0016319999999999668,0.598581427027929,0.662991413600265,0.598581427027929,0.40141857297207095,0.33700858639973497,-0.893346
403,1.679167,walk,0.858429,0.964744,0.952776,0.0006,-0.0197,-0.19528,-0.9085673146148133,-0.1631869450443719,0.0016798656107461464,0.40106250904644625,0.2644551183675843,0.0720865254762752,-0.05135589152868871,-0.11255099592031152,-0.2133429325653917,-0.08159347252219927,-0.07031437485000852,0.19534437245020136,-0.229286,0.02101799999999998,-0.894242,0.314898,-0.006193000000000004,-0.8941709999999999,0.544184,0.027210999999999985,7.100000000004325e-05,0.5889702594128792,0.6275036593390508,0.5889702594128792,0.41102974058712083,0.37249634066094917,-0.8941709999999999
404,1.683333,walk,0.854695,0.963957,0.952531,0.000513,-0.019625,-0.195208,-0.8963034085453941,-0.18891022563612905,-0.058809409505507934,0.047309190737368466,-0.027321297145746683,-0.036194416804600664,-0.043206913106088006,-0.10465674507921345,-0.17282765242439366,-0.08929428708594542,-0.07585213634183921,0.20307249159866095,-0.22573199999999993,0.021369000000000082,-0.894717,0.31826,-0.005722000000000005,-0.89308,0.5439919999999999,0.027091000000000087,0.0016369999999999996,0.6556436395515883,0.5928847962265762,0.5928847962265762,0.34435636044841167,0.4071152037734238,-0.89308
405,1.6875,walk,0.851105,0.963179,0.952124,0.000911,-0.01833,-0.195145,-0.861531077513788,-0.18670506359489789,-0.09767218622511234,-0.06656464560401476,-0.6471336672799458,-0.029142517430060896,-0.03311735061197059,-0.10583153347732693,-0.14230861531077316,-0.09479241660665232,-0.07991360691142649,0.21622270218382508,-0.22228000000000003,0.021706000000000003,-0.894903,0.32145500000000005,-0.005276999999999976,-0.891772,0.5437350000000001,0.02698299999999998,0.003130999999999995,0.6993118338184318,0.5532784110795179,0.5532784110795179,0.30068816618156824,0.4467215889204821,-0.891772
406,1.691667,walk,0.847466,0.962459,0.952009,-0.000412,-0.018369,-0.194601,-0.8732901367890377,-0.17278617710584315,-0.027597792176619954,0.6142805803606308,0.1410912296705801,-0.2777129350933611,-0.03047756179505334,-0.0938324934005345,-0.15862730981521403,-0.10175185985120631,-0.08327333813294542,0.23470122390208598,-0.21876800000000007,0.022035000000000027,-0.8954489999999999,0.32467,-0.004903999999999908,-0.890679,0.5434380000000001,0.026938999999999935,0.004769999999999941,0.6886586278253022,0.5039308740182169,0.5039308740182169,0.3113413721746978,0.4960691259817831,-0.890679
407,1.695833,walk,0.843902,0.961773,0.951866,-0.001662,-0.018266,-0.193698,-0.855496879500745,-0.1646663466154542,-0.034325492078734504,0.5901443494036539,0.0668765285443079,-0.45300695640908367,-0.03720595295247726,-0.08041286605856526,-0.15506481036966335,-0.10945751320211805,-0.07393182909267738,0.2566010561689938,-0.21535900000000008,0.022386000000000017,-0.895952,0.327778,-0.00452600000000003,-0.889467,0.5431370000000001,0.026912000000000047,0.006484999999999963,0.7023443106828408,0.4541470992914219,0.4541470992914219,0.29765568931715924,0.5458529007085782,-0.889467
408,1.7,walk,0.840299,0.960968,0.951822,-0.0023,-0.018492,-0.192896,-0.8646508279337641,-0.19318454523636633,-0.010559155267589073,0.27220072615310414,0.16501896557182671,-0.39711740505259463,-0.024478041756643795,-0.06527477801777007,-0.14038876889848592,-0.12047036237100998,-0.06191504679625114,0.27453803695704115,-0.211858,0.02291899999999991,-0.896493,0.33087900000000003,-0.003979000000000066,-0.8882789999999999,0.542737,0.026897999999999977,0.008214000000000055,0.7387584259394847,0.41786,0.41786,0.2612415740605153,0.58214,-0.8882789999999999
409,1.704167,walk,0.836733,0.960272,0.951621,-0.003567,-0.017835,-0.19211,-0.8557715382769479,-0.1670266378689764,-0.048236141108685904,0.6502538966133282,-0.19263353548118867,-0.39715956971961175,-0.026157907367416584,-0.053515718742493765,-0.14518838492920488,-0.13246940244782907,-0.059275257979360535,0.31053515718742347,-0.20840099999999995,0.02339199999999997,-0.896897,0.333893,-0.003530000000000033,-0.886784,0.5422939999999999,0.026922,0.010113000000000039,0.7384456961593773,0.39886999999999995,0.39886999999999995,0.2615543038406227,0.60113,-0.886784
410,1.708333,walk,0.833195,0.959468,0.951631,-0.004063,-0.018212,-0.19119,-0.8492558809409105,-0.19299087854056768,0.002400384061438842,0.1907028056479351,0.2234433857318191,-0.4527415038969887,-0.03480556889100978,-0.03600576092174253,-0.13826212193950657,-0.14522323571770285,-0.06577052328372275,0.31325012001919467,-0.20500799999999997,0.024046000000000012,-0.897483,0.33682599999999996,-0.0030000000000000027,-0.885489,0.5418339999999999,0.027046000000000014,0.01199400000000006,0.7549135254162801,0.38005999999999995,0.38005999999999995,0.2450864745837199,0.61994,-0.885489
411,1.7125,walk,0.82968,0.958776,0.95149,-0.004953,-0.017393,-0.190253,-0.8435325173986576,-0.1660667146628408,-0.03383729301657408,0.4857979524723006,-0.3039575092758506,-0.4684352583334418,-0.032637389008886776,-0.0256779457643324,-0.13630909527238422,-0.1641468682505251,-0.07535397168227762,0.3196544276458029,-0.20162899999999995,0.02463100000000007,-0.89791,0.3396570000000001,-0.002622000000000013,-0.8840159999999999,0.541286,0.027253000000000083,0.013894000000000073,0.7625089152903178,0.36105999999999994,0.36105999999999994,0.23749108470968217,0.6389400000000001,-0.8840159999999999
412,1.716667,walk,0.82616,0.957947,0.951431,-0.005584,-0.018729,-0.18911,-0.8447324214062732,-0.1989440844732331,-0.0141588672905975,0.16528007205572395,0.6881441684583449,-0.5581090981457472,-0.03407727381808841,-0.028557715382764418,-0.11735061195104382,-0.17302615790735928,-0.0806335493160548,0.3186945044396414,-0.19825099999999996,0.025341000000000058,-0.89834,0.3424560000000001,-0.0021290000000000475,-0.882629,0.540707,0.027470000000000105,0.01571100000000003,0.7908484744919738,0.34289,0.34289,0.20915152550802618,0.6571100000000001,-0.882629
413,1.720833,walk,0.82265,0.957131,0.951309,-0.005868,-0.017904,-0.188034,-0.8425348055688711,-0.19587133941431026,-0.02928468554970311,0.1984875747125118,-0.3621587599825311,-0.531970499531247,-0.02928468554970311,-0.023283725396066032,-0.11233797407584815,-0.19635141622664068,-0.09433509361497022,0.321411425828122,-0.194863,0.026060000000000083,-0.898686,0.3451479999999999,-0.0017059999999999853,-0.881168,0.5400109999999999,0.02776600000000007,0.017518000000000034,0.802659733402132,0.3248200000000001,0.3248200000000001,0.19734026659786796,0.6751799999999999,-0.881168
414,1.725,walk,0.819092,0.956335,0.951349,-0.006372,-0.018597,-0.18691,-0.8538516918646324,-0.19102471802253462,0.009599232061444612,0.16478308701227587,0.3735702688662026,-0.5500053333279967,-0.021118310535151504,-0.029277657787392747,-0.12023038156947387,-0.2111831053515683,-0.11639068874488936,0.3167746580273558,-0.19139300000000004,0.026733999999999924,-0.899227,0.34782599999999986,-0.001395000000000035,-0.879888,0.5392189999999999,0.02812899999999996,0.019338999999999995,0.7907785002966947,0.30661000000000005,0.30661000000000005,0.20922149970330528,0.69339,-0.879888
415,1.729167,walk,0.81559,0.955526,0.951304,-0.006628,-0.018218,-0.18574,-0.8404127669786813,-0.1941444684425478,-0.010799136069105781,0.1435400742793717,-0.1541551345013196,-0.5754462317100006,-0.05423566114712498,-0.054955603551700066,-0.05159587233021592,-0.21406287496998647,-0.11687065034798115,0.33477321814256567,-0.1881170000000001,0.02731400000000006,-0.899397,0.35043599999999997,-0.0010729999999999906,-0.878448,0.5385530000000001,0.02838700000000005,0.020948999999999995,0.8452263360104205,0.29051,0.29051,0.15477366398957948,0.70949,-0.878448
416,1.733333,walk,0.812111,0.954677,0.951162,-0.006848,-0.018498,-0.184496,-0.8350936149783761,-0.20379260681708244,-0.034085453672607444,0.06718907798159043,0.1536470819046305,-0.6079841530243778,-0.044167066730666574,-0.012481997119551268,-0.11593855016802473,-0.22803648583772934,-0.12313970235236957,0.32717234757560054,-0.18482200000000004,0.028110999999999997,-0.8997379999999999,0.352965,-0.0007369999999999877,-0.8769429999999999,0.537787,0.028847999999999985,0.02279500000000001,0.7921787797519008,0.27205,0.27205,0.20782122024809924,0.72795,-0.8769429999999999
417,1.7375,walk,0.808787,0.953822,0.951223,-0.008347,-0.020359,-0.182639,-0.7976961843052479,-0.20518358531318542,0.014638828893709694,0.5247066302446359,1.0138865072337262,-0.9094816323646676,0.023038156947440425,-0.01727861771057366,-0.034077273818093404,-0.2428605711543089,-0.12718982481402122,0.3453323734101269,-0.18140200000000006,0.028894000000000086,-0.899941,0.35527699999999995,-0.00041199999999996795,-0.875565,0.536679,0.029306000000000054,0.024375999999999953,0.9256403653332826,0.25624,0.25624,0.07435963466671736,0.74376,-0.875565
418,1.741667,walk,0.805396,0.952926,0.951055,-0.008252,-0.019433,-0.18122,-0.813774898008161,-0.21502279817611952,-0.040316774658040726,0.021359116338273223,-0.4422580459788577,-0.696944124662694,-0.04151667866570132,0.007439404847612913,-0.09623230141588565,-0.25533957283416026,-0.1382289416846692,0.32661387089032656,-0.178184,0.029820999999999986,-0.900174,0.35760400000000003,-9.200000000009201e-05,-0.874036,0.535788,0.02991300000000008,0.026137999999999995,0.8248838862377018,0.23862,0.23862,0.1751161137622982,0.76138,-0.874036
419,1.745833,walk,0.802125,0.952082,0.950768,-0.007232,-0.018656,-0.179427,-0.7851656265002661,-0.20259241478638712,-0.0688910225636209,-0.4319831778726704,-0.45167947268510084,-0.8705169912137638,-0.05208833413346816,0.001920307249161836,-0.09937590014402674,-0.28060489678348677,-0.13706192990878613,0.31925108017283543,-0.17513,0.03067300000000006,-0.9003009999999999,0.3597060000000001,0.00018099999999998673,-0.872419,0.5348360000000001,0.030492000000000075,0.027881999999999962,0.8129731773383637,0.22118,0.22118,0.18702682266163628,0.7788200000000001,-0.872419
420,1.75,walk,0.7988,0.95118,0.950554,-0.006961,-0.018444,-0.177928,-0.7979361651067908,-0.21646268298534954,-0.051355891528662066,-0.1240625397572746,-0.12070400241199937,-0.7298905134545497,-0.051355891528662066,0.008639308855273508,-0.11063114950803758,-0.2846172306215796,-0.13966882649387258,0.3162946964242836,-0.17201899999999992,0.031610999999999945,-0.900548,0.36184499999999997,0.0005009999999999737,-0.870887,0.5338639999999999,0.03110999999999997,0.02966100000000005,0.7962073732819569,0.20339000000000002,0.20339000000000002,0.2037926267180431,0.79661,-0.870887
421,1.754167,walk,0.795454,0.950255,0.950486,-0.006264,-0.018333,-0.176299,-0.8029757619390292,-0.22198224142070017,-0.016318694504429198,-0.3350730081490487,-0.10915122514698714,-0.7890480622419813,-0.06023518118550499,0.025677945764357675,-0.12191024718022501,-0.2946964242860565,-0.1907847372210185,0.26997840172786,-0.16892399999999996,0.03264300000000009,-0.900988,0.3639629999999999,0.0006310000000000482,-0.8696940000000001,0.5328869999999999,0.03201200000000004,0.03129399999999993,0.7693623433543944,0.18706,0.18706,0.23063765664560565,0.81294,-0.8696940000000001
422,1.758333,walk,0.792006,0.949351,0.950523,-0.005533,-0.019342,-0.174986,-0.8276524243879251,-0.21699471915507426,0.008881421027353504,-0.4429862191418272,0.4168695311537178,-0.6294155366374333,-0.06721075372061096,0.004320691310600806,-0.17738838214114802,-0.3077292366778777,-0.18963034085453143,0.27484397503601127,-0.16575600000000001,0.03356500000000007,-0.901764,0.3661289999999999,0.0007450000000001067,-0.868586,0.5318849999999999,0.03281999999999996,0.03317800000000004,0.6837608503936543,0.16822000000000004,0.16822000000000004,0.3162391496063457,0.83178,-0.868586
423,1.7625,walk,0.788588,0.948425,0.95048,-0.005335,-0.019666,-0.173587,-0.8202543796496294,-0.2222222222222163,-0.010319174466046297,-0.13439108816580222,0.13790627183270152,-0.6786783955027722,-0.07775377969762143,-0.024958003359729346,-0.1631869450443952,-0.3273338132949149,-0.16102711783059348,0.26421886249099985,-0.16266199999999997,0.034387000000000056,-0.902401,0.36818300000000004,0.0010000000000000009,-0.867442,0.530845,0.033387000000000056,0.03495899999999996,0.6958685809377567,0.15041,0.15041,0.3041314190622433,0.8495900000000001,-0.867442
424,1.766667,walk,0.785197,0.947449,0.950413,-0.005102,-0.020077,-0.172487,-0.8137748980081344,-0.23422126229900875,-0.016078713702913066,-0.1552113273297506,0.17587650896547924,-0.5320763208133422,-0.0791936645068248,-0.01631869450445584,-0.1631869450443952,-0.33477321814255445,-0.20254379649626816,0.22750179985601085,-0.159601,0.035294999999999965,-0.903014,0.3701789999999999,0.0011320000000000219,-0.866427,0.5297799999999999,0.03416299999999994,0.036587000000000036,0.6964656557905782,0.13412999999999992,0.13412999999999992,0.3035343442094218,0.8658700000000001,-0.866427
425,1.770833,walk,0.781799,0.946504,0.950423,-0.004722,-0.020433,-0.171234,-0.8156505040806334,-0.22683629380699658,0.0024003840614654917,-0.22173331477509295,0.13785795998929337,-0.6054928350162596,-0.06505040806529376,-0.01800288046085794,-0.13418146903504122,-0.32261161785885145,-0.22491598655783485,0.19227076332212537,-0.156474,0.036165,-0.903583,0.3722329999999999,0.0011400000000000299,-0.8656360000000001,0.5287069999999999,0.03502499999999997,0.03794699999999995,0.7496650803048993,0.12053000000000003,0.12053000000000003,0.2503349196951007,0.87947,-0.8656360000000001
426,1.775,walk,0.778422,0.945544,0.950436,-0.004694,-0.021135,-0.170036,-0.8104151667867119,-0.2303815694744432,0.003119750419949683,-0.0831181321766369,0.3304027283218731,-0.5803696516681595,-0.05567554595632843,-0.03527717782577752,-0.06791456683465598,-0.37700983921287756,-0.19798416126712584,0.17350611951044742,-0.15332899999999994,0.036977999999999955,-0.903879,0.374039,0.001274999999999915,-0.864926,0.527368,0.03570300000000004,0.038953000000000015,0.8422675077401112,0.11047000000000001,0.11047000000000001,0.15773249225988883,0.8895299999999999,-0.864926
427,1.779167,walk,0.775052,0.944671,0.950303,-0.004547,-0.02138,-0.168829,-0.808735301175896,-0.20950323974082216,-0.03191744660425671,-0.10220594857878572,0.10451356319750138,-0.5852637875486268,-0.05231581473483317,-0.034317254619631185,-0.06575473962083064,-0.3686105111591001,-0.2613390928725698,0.11663066954643547,-0.150177,0.037707999999999964,-0.90402,0.375873,0.0010589999999999211,-0.864307,0.52605,0.03664900000000004,0.039713,0.8487248256156901,0.10286999999999996,0.10286999999999996,0.15127517438430993,0.89713,-0.864307
428,1.783333,walk,0.771783,0.94369,0.950246,-0.004276,-0.02183,-0.167882,-0.7846855496879205,-0.2354776764282244,-0.013682189150257365,-0.1747287098815717,0.1914131815417641,-0.45663349964653455,-0.024723955832924006,-0.0328852616418747,-0.06216994719154783,-0.38214114258281184,-0.28756601056166314,0.07441190590494055,-0.147011,0.03855199999999992,-0.9042220000000001,0.37754999999999994,0.0008420000000000094,-0.86394,0.5245609999999999,0.03770999999999991,0.04028200000000004,0.8757487227979485,0.0971800000000001,0.0971800000000001,0.12425127720205154,0.90282,-0.86394
429,1.7875,walk,0.768503,0.942714,0.950158,-0.004035,-0.021879,-0.166867,-0.7871370290376589,-0.23422126229900875,-0.021118310535178146,-0.1289360734198299,0.004040349133768852,-0.49135836293096924,-0.011039116870647982,-0.0395968322534124,-0.03479721622270175,-0.41060715142788695,-0.3030957523398139,0.061195104391649456,-0.14377700000000004,0.039362999999999926,-0.9042789999999999,0.3791189999999999,0.0005549999999999722,-0.863597,0.5228959999999999,0.038807999999999954,0.040681999999999996,0.910237698419069,0.09318000000000004,0.09318000000000004,0.08976230158093101,0.90682,-0.863597
430,1.791667,walk,0.765268,0.941783,0.950079,-0.003654,-0.02262,-0.166108,-0.7763378929686217,-0.22342212622991545,-0.018958483321320815,-0.24779140772471422,0.32034507450494926,-0.362706202335474,0.04271658267339083,-0.00959923206141848,0.09239260859131607,-0.4691624670026442,-0.31845452363814225,0.05879529637629143,-0.14036399999999993,0.04025400000000001,-0.903815,0.38039900000000004,0.00015899999999990921,-0.863273,0.520763,0.0400950000000001,0.04054200000000008,0.8295981398953106,0.09458000000000005,0.09458000000000005,0.17040186010468938,0.9054199999999999,-0.863273
431,1.795833,walk,0.762118,0.940875,0.949961,-0.003303,-0.022723,-0.165219,-0.756120979356673,-0.21795487277964357,-0.028324531925095594,-0.18425010199280775,0.020698868655702345,-0.42863504988149487,0.014162265962561121,-0.0760921747479604,0.015122419587133661,-0.519203072491564,-0.3226116178588248,0.06433029284685478,-0.13715499999999992,0.04084500000000002,-0.903634,0.3813860000000001,-0.0002769999999999717,-0.8628870000000001,0.518541,0.04112199999999999,0.04074699999999998,0.8685626848895707,0.09253000000000006,0.09253000000000006,0.13143731511042933,0.90747,-0.8628870000000001
432,1.8,walk,0.759,0.93999,0.949743,-0.003413,-0.022785,-0.16435,-0.7482601391888482,-0.21238300935925555,-0.05231581473483317,0.03743541282049551,0.03788162434975934,-0.4236842362827516,0.0014398848092033701,-0.05327573794097763,-0.020878329733620384,-0.5740340772738549,-0.32181425485961757,0.06575473962082898,-0.134031,0.04150799999999999,-0.903503,0.3821119999999999,-0.0007329999999999837,-0.862395,0.5161429999999999,0.04224099999999997,0.04110799999999992,0.9046019716328058,0.08892000000000011,0.08892000000000011,0.09539802836719424,0.9110799999999999,-0.862395
433,1.804167,walk,0.75605,0.939021,0.949673,-0.002566,-0.023244,-0.163999,-0.7079433645308341,-0.2325413966882626,-0.01679865610751475,-0.4410174661441079,0.15046289804474583,-0.16005993178937675,-0.004799616030722306,-0.03047756179505334,-0.020398368130549818,-0.6277897768178382,-0.3208543316534731,0.04679625629949586,-0.13110100000000002,0.04235,-0.903518,0.38244599999999995,-0.0011010000000000186,-0.86213,0.513547,0.04345100000000002,0.04138800000000009,0.9383556006553382,0.08612000000000009,0.08612000000000009,0.061644399344661815,0.9138799999999999,-0.86213
434,1.808333,walk,0.753048,0.938137,0.949577,-0.002276,-0.023379,-0.163133,-0.7205952952472461,-0.21219395103216968,-0.02304368698991538,-0.15776491608225116,0.04057600469481177,-0.41770134211371795,-0.013682189150258093,-0.010081613058086313,-0.014402304368700445,-0.6809889582333298,-0.3600576092174711,0.029284685549691346,-0.12815600000000005,0.04319200000000001,-0.903482,0.3826109999999999,-0.0017169999999999686,-0.861912,0.510767,0.04490899999999998,0.041569999999999996,0.962871559533713,0.08429999999999993,0.08429999999999993,0.03712844046628705,0.9157000000000001,-0.861912
435,1.8125,walk,0.750078,0.937215,0.949555,-0.002195,-0.023563,-0.16242,-0.7127429805615564,-0.22126229901607183,-0.005279577633781215,-0.06087710965180616,0.08026277522777175,-0.34534868254738665,-0.024958003359729346,-0.006479481641468453,-0.049676025917925914,-0.7537796976241988,-0.359491240700741,-0.016318694504442517,-0.12529,0.04408699999999999,-0.903667,0.3824399999999999,-0.0022929999999999895,-0.861958,0.5077299999999999,0.04637999999999998,0.041708999999999996,0.906717377391713,0.08291000000000004,0.08291000000000004,0.09328262260828701,0.91709,-0.861958
436,1.816667,walk,0.747179,0.936366,0.949515,-0.00226,-0.023926,-0.161827,-0.6957043436524989,-0.2037437005039554,-0.009599232061444612,-0.004322540376065436,0.17655989595371052,-0.2879701281770804,-0.019678425725948134,-0.032637389008885034,-0.051835853131749286,-0.8188144948403995,-0.3962083033357467,-0.047756179505636986,-0.12247300000000005,0.04479999999999995,-0.903843,0.3819269999999999,-0.00309500000000007,-0.862117,0.5044,0.04789500000000002,0.04172599999999993,0.8927697794687468,0.08273999999999998,0.08273999999999998,0.1072302205312532,0.91726,-0.862117
437,1.820833,walk,0.744293,0.935513,0.949669,-0.002086,-0.024818,-0.161264,-0.6927508401344528,-0.2047527604416742,0.03696591454632536,-0.15825070523366744,0.4087361873016333,-0.26919115378057945,-0.029764762361981806,-0.03720595295247726,-0.0348055688910233,-0.8696591454632803,-0.47383581373018996,-0.09721555448872134,-0.11971100000000001,0.04549799999999993,-0.904142,0.38119000000000003,-0.0042159999999999975,-0.862676,0.500901,0.049713999999999925,0.041466,0.9016574631511118,0.08533999999999997,0.08533999999999997,0.09834253684888816,0.91466,-0.862676
438,1.825,walk,0.741416,0.934597,0.949809,-0.00259,-0.025002,-0.16078,-0.6904247660187176,-0.21982241420686846,0.0335973122150295,0.21857846341142695,0.1257541997996459,-0.2406574443375248,-0.021838252939753187,-0.008879289656816284,-0.01319894408447302,-0.9541636669066352,-0.46292296616272016,-0.10127189824814074,-0.11692499999999995,0.046377,-0.9043370000000001,0.38009100000000007,-0.005229000000000039,-0.8632380000000001,0.497016,0.05160600000000004,0.041099,0.9549702813807207,0.08901000000000003,0.08901000000000003,0.04502971861927929,0.91099,-0.8632380000000001
439,1.829167,walk,0.738582,0.933662,0.950076,-0.003026,-0.025341,-0.160258,-0.6801055915526714,-0.224382049436048,0.06407487401008284,0.173956591805207,0.19393242649315817,-0.2577985739286029,-0.021838252939779833,0.008159347252214599,-0.002639788816893938,-1.004079673626094,-0.4804415646748099,-0.13462922966162413,-0.114182,0.047346,-0.9046150000000001,0.3787410000000001,-0.006295999999999968,-0.864066,0.4929230000000001,0.05364199999999997,0.04054900000000006,0.9608971184621822,0.09450999999999998,0.09450999999999998,0.039102881537817824,0.90549,-0.864066
440,1.833333,walk,0.735835,0.932728,0.950372,-0.003385,-0.025772,-0.159671,-0.6593855016802374,-0.22419587133940586,0.07105136821890419,0.12964186852100584,0.23163361457920087,-0.2881968891642919,-0.021843494959181406,0.013442150744132134,0.002400384061448836,-1.0624099855976763,-0.509601536245782,-0.1279404704752739,-0.11152600000000001,0.048336000000000046,-0.904901,0.377062,-0.007484999999999964,-0.864895,0.488588,0.05582100000000001,0.040005999999999986,0.9570662159604981,0.09994000000000003,0.09994000000000003,0.04293378403950188,0.90006,-0.864895
441,1.8375,walk,0.733206,0.932172,0.950328,-0.001642,-0.024113,-0.158271,-0.630909527237848,-0.133429325653954,-0.010559155267589635,-0.7161748521548048,-0.9204355474608439,-0.6650763015188421,-0.013198944084480383,0.012958963282937596,0.004079673626110847,-1.1243100551956478,-0.5128389728822061,-0.14422846172306977,-0.10895200000000005,0.048946000000000045,-0.90484,0.37500599999999995,-0.009066000000000018,-0.865452,0.483958,0.058012000000000064,0.03938799999999998,0.9684303859520411,0.1061200000000001,0.1061200000000001,0.03156961404795888,0.8938799999999999,-0.865452
442,1.841667,walk,0.730518,0.931251,0.950748,-0.001395,-0.024573,-0.15753,-0.6450683945284384,-0.22102231821452906,0.1007919366450885,-0.16062487887085672,0.19851685964541457,-0.3559708155864709,-0.004079673626093978,0.022318214542838742,0.018238540916726446,-1.189824814014874,-0.5272378209743191,-0.1483081353491694,-0.10628099999999996,0.049960000000000004,-0.905184,0.37273599999999996,-0.010342000000000073,-0.86649,0.4790169999999999,0.06030200000000008,0.038694000000000006,0.9514833702036459,0.11306000000000005,0.11306000000000005,0.04851662979635407,0.88694,-0.86649
443,1.845833,walk,0.72782,0.930278,0.9512,-0.001214,-0.024257,-0.157121,-0.6476236197791417,-0.23355736917906264,0.10849735957753134,-0.06675880708291364,-0.16405100383219667,-0.19751226720368784,-0.0014402304368846249,0.02112337974075242,0.019443110897742564,-1.2666826692270359,-0.5393662986077622,-0.1610657705232805,-0.10358900000000004,0.05102099999999998,-0.905555,0.37015699999999996,-0.01161600000000007,-0.8676130000000001,0.473746,0.06263700000000005,0.03794199999999992,0.9520907687865992,0.12058000000000008,0.12058000000000008,0.04790923121340085,0.8794199999999999,-0.8676130000000001
444,1.85,walk,0.72508,0.929261,0.951855,-0.001442,-0.024454,-0.156677,-0.6575473962083165,-0.24406047516199614,0.157187425005989,0.08797608463913334,0.11004569481502716,-0.21783391712859992,-0.003839692824577845,0.024718022558186573,0.018238540916726446,-1.3170146388288686,-0.5404367650587988,-0.18334533237340891,-0.10086499999999998,0.05214099999999999,-0.906134,0.3674090000000001,-0.012851000000000057,-0.869032,0.4682740000000001,0.06499200000000005,0.03710199999999997,0.9484041276697975,0.12898000000000004,0.12898000000000004,0.051595872330202464,0.8710199999999999,-0.869032
445,1.854167,walk,0.722295,0.928223,0.952547,-0.001152,-0.024751,-0.15647,-0.6683465322774307,-0.24910007199424786,0.1660667146628408,-0.1622091988599233,0.11877519191387194,-0.09644074018077822,0.0,0.012718982481394806,0.013918886489082108,-1.3813294936405944,-0.5737940964722894,-0.1771058315334827,-0.09808000000000006,0.053231999999999946,-0.906768,0.36443799999999993,-0.014203999999999994,-0.8704620000000001,0.462518,0.06743599999999994,0.03630599999999995,0.9685751373883503,0.13693999999999995,0.13693999999999995,0.03142486261164967,0.86306,-0.8704620000000001
446,1.858333,walk,0.719608,0.927189,0.95322,-0.001276,-0.024516,-0.156065,-0.644983197311551,-0.2481997119539009,0.16154584733555094,0.07157931859528106,-0.1026865389009593,-0.19883736474117902,0.0012001920307327459,0.008161305808924043,0.010801728276523091,-1.4337493999039468,-0.5964954392702838,-0.18026884301487783,-0.09538800000000003,0.054299999999999904,-0.907396,0.3611519999999999,-0.015655000000000086,-0.8718859999999999,0.45653999999999995,0.06995499999999999,0.03551000000000004,0.9773477553738383,0.14489999999999997,0.14489999999999997,0.022652244626161666,0.8551,-0.8718859999999999
447,1.8625,walk,0.716897,0.926142,0.953982,-0.0006,-0.024453,-0.155998,-0.6505879529637625,-0.2512598992080663,0.18286537077034667,-0.3164566084409708,-0.08060564974916484,-0.024811610633044972,0.0028797696184333834,0.004319654427663397,0.0019198464122872573,-1.487161027117821,-0.5908327333813164,-0.1924646028317713,-0.092665,0.055365,-0.90815,0.35766599999999993,-0.01707000000000003,-0.87345,0.4503309999999999,0.07243500000000003,0.034700000000000064,0.9907746879492019,0.1529999999999999,0.1529999999999999,0.009225312050798129,0.8470000000000001,-0.87345
448,1.866667,walk,0.714229,0.925049,0.954712,-0.00036,-0.023684,-0.155503,-0.6402687784977162,-0.26229901607871425,0.175185985121191,-0.06200555511535935,-0.38341392354012904,-0.2391930488011596,0.0011999040076872372,0.006719462443011228,-0.0004799616030705654,-1.5329973602111326,-0.6198704103671664,-0.1991840652747792,-0.08999199999999996,0.056486000000000036,-0.908882,0.3539460000000001,-0.01856000000000002,-0.8750100000000001,0.44393800000000005,0.07504600000000006,0.0338719999999999,0.988595650404448,0.1612800000000001,0.1612800000000001,0.011404349595552032,0.8387199999999999,-0.8750100000000001
449,1.870833,walk,0.711543,0.923995,0.955384,-0.000361,-0.02308,-0.155381,-0.6447431589054334,-0.2530004800768187,0.1613058089294343,0.044171726951156925,-0.2866475497902678,-0.06049423531083271,0.000960153624580918,0.000960153624580918,-0.0002400384061452295,-1.6032165146424087,-0.6192990878540792,-0.19707153144503353,-0.08730199999999999,0.05754400000000004,-0.909555,0.34995299999999996,-0.020086000000000048,-0.876503,0.43725499999999995,0.07763000000000009,0.03305199999999997,0.9977018072305393,0.16947999999999996,0.16947999999999996,0.0022981927694607496,0.83052,-0.876503
450,1.875,walk,0.708776,0.922927,0.956249,3.6e-05,-0.022681,-0.15534,-0.664026877849785,-0.2562994960403047,0.20758339332853326,-0.15887984318590606,-0.218904235011728,-0.016298702565398004,0.0033597312214922927,-0.005519558435323991,-0.0019198464122872573,-1.6390688744900024,-0.6385889128869434,-0.20038396928245644,-0.08452099999999996,0.058589,-0.910428,0.34589000000000014,-0.021679000000000004,-0.8782030000000001,0.4304110000000001,0.080268,0.03222499999999995,0.9887652412565587,0.17774999999999996,0.17774999999999996,0.011234758743441264,0.82225,-0.8782030000000001
451,1.879167,walk,0.706092,0.921914,0.957036,0.000479,-0.022171,-0.155055,-0.6441084713222673,-0.24310055195585167,0.1888648908087296,-0.17506397267996499,-0.2753886870599911,-0.13443685436486574,0.010559155267589073,-0.014398848092166919,-0.007919366450683479,-1.6990640748740444,-0.6450683945284384,-0.19366450683945188,-0.081793,0.059541999999999984,-0.911248,0.34149399999999985,-0.023353999999999986,-0.8797969999999999,0.42328699999999986,0.08289599999999997,0.03145100000000001,0.967444963210717,0.18549000000000004,0.18549000000000004,0.032555036789282954,0.81451,-0.8797969999999999
452,1.883333,walk,0.703511,0.920805,0.957881,0.000893,-0.021733,-0.154631,-0.619539126260231,-0.26620259241479965,0.20283245319251236,-0.16819008494163343,-0.2394020840507524,-0.20219014814625688,0.006721075372039776,-0.012481997119525284,0.002640422467594193,-1.7388382141142569,-0.6709073451752435,-0.17762842054729325,-0.07918400000000003,0.06059900000000007,-0.912082,0.3368310000000001,-0.02503999999999995,-0.881382,0.41601500000000013,0.08563900000000002,0.03069999999999995,0.9759661733143649,0.19300000000000006,0.19300000000000006,0.02403382668563514,0.8069999999999999,-0.881382
453,1.8875,walk,0.700906,0.919786,0.958614,0.001362,-0.020783,-0.15422,-0.6251499880009476,-0.24454043676505505,0.17590592752579268,-0.1560857156249318,-0.48623034159982137,-0.19577929118114606,0.008879289656842928,-0.008879289656842928,0.0011999040076789112,-1.786177105831541,-0.6762658987280935,-0.18046556275497885,-0.076542,0.061581,-0.91281,0.331993,-0.026838999999999946,-0.882867,0.408535,0.08841999999999994,0.029943000000000053,0.9789759833597727,0.20057000000000003,0.20057000000000003,0.02102401664022735,0.79943,-0.882867
454,1.891667,walk,0.698248,0.918772,0.959333,0.001861,-0.019843,-0.153809,-0.6378689704823683,-0.2433405327573678,0.17254619630430038,-0.1710499527359425,-0.48369969917271755,-0.19541251070811919,0.013198944084453037,-0.009599232061444612,0.0004799616030722306,-1.8308135349172185,-0.7014638828893657,-0.15646748260139065,-0.07382900000000003,0.06255499999999992,-0.913527,0.3270219999999999,-0.028747999999999996,-0.884238,0.40085099999999996,0.09130299999999991,0.02928900000000001,0.972787475092932,0.20711000000000007,0.20711000000000007,0.027212524907068047,0.7928899999999999,-0.884238
455,1.895833,walk,0.695742,0.917701,0.959987,0.002539,-0.018941,-0.153705,-0.6015362457993134,-0.25708113298128055,0.15698511761882514,-0.25591189476855203,-0.47825088239573255,-0.04442212686885299,0.010321651464237655,-0.007201152184343176,0.006721075372059405,-1.8843014882380456,-0.7311569851175972,-0.16106577052327717,-0.07128000000000001,0.06359599999999999,-0.914153,0.321678,-0.030722999999999945,-0.885563,0.39295800000000003,0.09431899999999993,0.028590000000000004,0.9762205775296644,0.21409999999999996,0.21409999999999996,0.0237794224703356,0.7859,-0.885563
456,1.9,walk,0.693287,0.916397,0.960985,0.000916,-0.018844,-0.153594,-0.5891528677706016,-0.3129349652027913,0.23950083993280272,0.7757508796240267,0.07340308621115876,-0.06889223376090244,0.013198944084480383,-0.0038396928245780495,0.005039596832253694,-1.9133669306456376,-0.7458603311735401,-0.1435085193184614,-0.06877,0.06488399999999994,-0.91513,0.31616,-0.03252699999999997,-0.887159,0.38493,0.09741099999999991,0.027970999999999968,0.9755986736378248,0.22028999999999999,0.22028999999999999,0.02440132636217518,0.77971,-0.887159
457,1.904167,walk,0.690742,0.915371,0.961633,0.001208,-0.017966,-0.153138,-0.6107511399088074,-0.2462203023758012,0.15550755939524286,-0.07782106239253046,-0.4388433145246571,-0.21961264067478675,0.014158867290624141,-0.00455963522917953,0.0019198464122872573,-1.9587233021358148,-0.7528197744180544,-0.12550995920326508,-0.06616599999999995,0.06589099999999992,-0.91577,0.310543,-0.03463800000000006,-0.88833,0.37670899999999996,0.10052899999999998,0.02744000000000002,0.9750027997888067,0.22560000000000008,0.22560000000000008,0.024997200211193338,0.7744,-0.88833
458,1.908333,walk,0.688227,0.91434,0.962299,0.001539,-0.017086,-0.152895,-0.6036965914546003,-0.2474795967354719,0.15986557849256774,-0.09437433266856864,-0.44234756801327374,-0.11579469801730065,0.007921267402772164,-0.0009601536245808668,-0.0014402304368696345,-1.9925588094094517,-0.7753240518482637,-0.1003360537685973,-0.06361800000000006,0.06691799999999992,-0.916442,0.30475699999999994,-0.03683700000000001,-0.889414,0.368375,0.10375499999999993,0.02702799999999994,0.9864863612145706,0.22971999999999998,0.22971999999999998,0.013513638785429438,0.7702800000000001,-0.889414
459,1.9125,walk,0.685776,0.913297,0.962875,0.001822,-0.016256,-0.152402,-0.5881929445644258,-0.25029997600192183,0.1382289416846692,-0.0772806164335535,-0.4154867325073992,-0.2374011250123754,0.013918886489081366,0.005759539236866767,0.006959443244540683,-2.016318694504429,-0.8183345332373405,-0.10247180225582132,-0.06110900000000008,0.06798499999999996,-0.916989,0.2988059999999999,-0.03920400000000002,-0.890417,0.359915,0.10718899999999998,0.02657200000000004,0.9723443021949202,0.2342800000000001,0.2342800000000001,0.027655697805079815,0.76572,-0.890417
460,1.916667,walk,0.683345,0.912197,0.963547,0.002746,-0.015099,-0.152222,-0.5833933285337612,-0.2639788816894745,0.16126709863211822,-0.35497885387102296,-0.6168425064908962,-0.0803696448215563,0.01103911687064857,-0.016558675305972857,0.008399328053754491,-2.0537556995441193,-0.8032157427406148,-0.07271418286537354,-0.05863200000000002,0.06901599999999997,-0.917626,0.292679,-0.041451000000000016,-0.8913920000000001,0.35131100000000004,0.11046699999999998,0.02623399999999998,0.9639984359549993,0.23766000000000004,0.23766000000000004,0.036001564045000656,0.76234,-0.8913920000000001
461,1.920833,walk,0.68089,0.911108,0.964195,0.003423,-0.014521,-0.152205,-0.589294287085914,-0.26140182429188114,0.1555448871819405,-0.27905794622893604,-0.3237794058040163,-0.003053600599471322,0.0002400384061518791,-0.01824291886700982,0.01344215074411881,-2.0976956313009634,-0.8355736917906798,-0.07393182909265346,-0.056176000000000004,0.07002900000000001,-0.918218,0.28639499999999996,-0.043843000000000076,-0.892348,0.34257099999999996,0.11387200000000008,0.02586999999999995,0.9622304824607806,0.24130000000000007,0.24130000000000007,0.03776951753921942,0.7586999999999999,-0.892348
462,1.925,walk,0.678499,0.910017,0.964666,0.004297,-0.0137,-0.152033,-0.5737940964722855,-0.26181905447565534,0.11303095752339708,-0.35571695983333185,-0.453787655447293,-0.07669894028361338,0.05447564194863823,0.011759059275249667,0.06167506599472002,-2.1223902087832722,-0.8653707703383658,-0.04367650587952636,-0.053557999999999995,0.07116900000000004,-0.918432,0.279942,-0.04635800000000001,-0.893001,0.3335,0.11752700000000005,0.02543099999999998,0.8614591435491548,0.2456899999999999,0.2456899999999999,0.13854085645084524,0.75431,-0.893001
463,1.929167,walk,0.676095,0.908913,0.965163,0.00446,-0.012985,-0.151773,-0.576913846892235,-0.26493880489560484,0.11927045836332274,-0.02675115830278341,-0.3519000908421166,-0.12435549984991953,0.020398368130549818,-0.00455963522917953,-0.001919846412285592,-2.146388288936857,-0.8797696184305062,-0.03287736981041782,-0.05106900000000003,0.07225400000000004,-0.918937,0.27340200000000003,-0.048919999999999964,-0.893635,0.32447100000000006,0.121174,0.025302000000000047,0.9650170872639476,0.2469800000000001,0.2469800000000001,0.03498291273605236,0.7530199999999999,-0.893635
464,1.933333,walk,0.673649,0.907772,0.965672,0.005279,-0.012328,-0.151773,-0.5871339414306317,-0.27388382141142037,0.12217954872779523,-0.34071137669230517,-0.3714261754157302,0.006220763631204547,-0.0014402304368580521,-0.0026404224675908618,-0.015602496399424926,-2.1800288046088023,-0.9116658665386621,-0.009121459433508727,-0.04862900000000003,0.073384,-0.919511,0.26676599999999995,-0.051576999999999984,-0.894182,0.315395,0.12496099999999999,0.025328999999999935,0.9735170920732363,0.24671000000000004,0.24671000000000004,0.026482907926763666,0.75329,-0.894182
465,1.9375,walk,0.671338,0.906618,0.966088,0.005973,-0.011614,-0.151698,-0.5545956323494229,-0.2769378449723973,0.09983201343891739,-0.2775934187500178,-0.38953656590752384,-0.030899742641487184,-0.0011999040076872372,-0.0011999040076872372,-0.015358771298296393,-2.1814254859611166,-0.9224862011039213,-0.004799616030715645,-0.046323,0.07453299999999996,-0.919991,0.25998699999999997,-0.054267000000000065,-0.8946179999999999,0.30630999999999997,0.12880000000000003,0.02537300000000009,0.9742462842460495,0.24626999999999993,0.24626999999999993,0.025753715753950468,0.75373,-0.8946179999999999
466,1.941667,walk,0.668994,0.905488,0.966474,0.006482,-0.010898,-0.151825,-0.5625149988000948,-0.2711783057355572,0.0926325893928739,-0.18865578948592598,-0.37625797755604573,0.06622651437664195,0.0,-0.005759539236866767,-0.01007919366450685,-2.199904007679351,-0.9121670266378484,0.007439404847609583,-0.04397899999999999,0.07563900000000001,-0.9204190000000001,0.25316400000000006,-0.05693799999999993,-0.894973,0.29714300000000005,0.13257699999999994,0.02544600000000008,0.98065212923374,0.24554000000000004,0.24554000000000004,0.01934787076625999,0.7544599999999999,-0.894973
467,1.945833,walk,0.666736,0.904282,0.966918,0.007286,-0.0103,-0.151941,-0.5420067210753818,-0.2894863178108403,0.10657705232837529,-0.3373350758516137,-0.34188634443970245,0.062345224590148476,0.011761881901096257,0.005040806529056482,0.01656265002400418,-2.248919827172423,-0.9690350456073387,0.04056649063850381,-0.04167200000000004,0.07686599999999999,-0.9207940000000001,0.24605299999999997,-0.05976900000000007,-0.895248,0.287725,0.13663500000000006,0.02554600000000007,0.9651163452739618,0.24454000000000004,0.24454000000000004,0.03488365472603816,0.75546,-0.895248
468,1.95,walk,0.66444,0.903095,0.967384,0.008028,-0.009666,-0.151961,-0.5509959203263612,-0.2848572114230958,0.11183105351570984,-0.3056410569995216,-0.35476922293060276,0.015518109059318825,0.004799616030722306,0.01703863690903088,0.0237580993520521,-2.253419726421871,-0.9762419006479313,0.04151667866570798,-0.03935600000000006,0.07812399999999997,-0.921161,0.23895899999999992,-0.06264999999999998,-0.895541,0.278315,0.14077399999999995,0.025619999999999976,0.9506205523358449,0.24379999999999996,0.24379999999999996,0.04937944766415514,0.7562,-0.895541
469,1.954167,walk,0.662141,0.901946,0.967686,0.008372,-0.009279,-0.152129,-0.5517158627309896,-0.27573794096471005,0.07247420206384021,-0.13426701172284014,-0.20789956251154265,0.08460111289359303,-0.012958963282936905,-0.018958483321319806,-0.012958963282936905,-2.267578593712469,-1.0004799616030589,0.05975521958243276,-0.037111000000000005,0.07919399999999999,-0.921517,0.23180900000000004,-0.06567,-0.895594,0.26892000000000005,0.144864,0.02592300000000003,0.956052634114401,0.24076999999999998,0.24076999999999998,0.043947365885599,0.7592300000000001,-0.895594
470,1.958333,walk,0.659991,0.900688,0.968064,0.008562,-0.008656,-0.152297,-0.5160825732116963,-0.3019683149303761,0.09073451752279864,-0.04398582727239501,-0.3086861419219126,0.08466485354515221,0.008641382621227801,-0.016802688430151844,0.01440230436869801,-2.2825252040325803,-1.0235237638021912,0.09049447911665674,-0.034924999999999984,0.08038199999999995,-0.9218350000000001,0.22445000000000004,-0.06867600000000007,-0.895595,0.259375,0.14905800000000002,0.02624000000000004,0.960403766901389,0.23759999999999998,0.23759999999999998,0.039596233098611044,0.7624,-0.895595
471,1.9625,walk,0.657759,0.899515,0.968351,0.008692,-0.008329,-0.152596,-0.535637149028105,-0.28149748020161847,0.06887449004078217,-0.036702585987639404,-0.16319180249019666,0.14699697752648488,0.005759539236867074,-0.004799616030722562,0.0009599232061445124,-2.293256539476949,-1.0419966402688157,0.10631149508039817,-0.03266899999999995,0.08153500000000002,-0.922118,0.21712600000000004,-0.07184499999999994,-0.895439,0.249795,0.15337999999999996,0.026679000000000008,0.9874025951939525,0.23321000000000003,0.23321000000000003,0.01259740480604754,0.76679,-0.895439
472,1.966667,walk,0.655639,0.898324,0.96871,0.009891,-0.007956,-0.153052,-0.5087592992560582,-0.2858171346292136,0.0861531077513788,-0.5398760235508833,-0.26251678155829794,0.22834520160107757,-0.0009599232061444612,0.0021598272138316985,0.010559155267577417,-2.3086153107751377,-1.0379169666426662,0.11351091912646931,-0.03055299999999994,0.082735,-0.922433,0.20962599999999998,-0.07497900000000002,-0.8953249999999999,0.24017899999999992,0.15771400000000002,0.02710800000000002,0.9819659222180686,0.22891999999999996,0.22891999999999996,0.018034077781931446,0.77108,-0.8953249999999999
473,1.970833,walk,0.653471,0.897122,0.969036,0.010191,-0.007395,-0.153271,-0.5204032645222968,-0.28852616418627064,0.07825252040327402,-0.10041425626566171,-0.2870050775320866,0.11012399995999989,0.004320691310600575,-0.010561689870389534,0.0004800768122904334,-2.3113298127699795,-1.075852136341782,0.13898223715794056,-0.02836700000000003,0.083893,-0.922757,0.20216499999999993,-0.07825899999999997,-0.895072,0.23053199999999996,0.16215199999999996,0.02768500000000007,0.9809643506907079,0.22315000000000002,0.22315000000000002,0.019035649309292135,0.77685,-0.895072
474,1.975,walk,0.651263,0.895981,0.969239,0.010245,-0.007175,-0.153679,-0.5298776097912097,-0.2738180945524211,0.04871610271177146,-0.008280620289257627,-0.10609216409984808,0.19932346942360357,0.0033597312214922927,-0.004319654427636754,0.000959923206142796,-2.318454523638072,-1.0530357571394349,0.15166786657067166,-0.026145000000000085,0.08501599999999998,-0.922956,0.194712,-0.08150600000000008,-0.894643,0.22085700000000008,0.16652200000000006,0.028313000000000033,0.990740071272088,0.21687000000000006,0.21687000000000006,0.009259928727912037,0.7831299999999999,-0.894643
475,1.979167,walk,0.649253,0.894738,0.969457,0.010634,-0.006762,-0.154048,-0.4823614110871512,-0.29829613630910745,0.05231581473483596,-0.15302889782204943,-0.22252873875444693,0.18271020908681013,-0.011999040076793083,-0.014158867290624896,-0.0021598272138218222,-2.341252699784121,-1.1055915526758164,0.18526517878570772,-0.024185000000000012,0.08619999999999994,-0.923183,0.18696600000000008,-0.08487,-0.894089,0.2111510000000001,0.17106999999999994,0.029093999999999953,0.9688589526280658,0.20906000000000002,0.20906000000000002,0.03114104737193424,0.79094,-0.894089
476,1.983333,walk,0.647167,0.893561,0.969635,0.010609,-0.006638,-0.154555,-0.5007201152184023,-0.28252520403263354,0.04272683629380859,0.02227575978316053,-0.05412377084360027,0.24679437148495537,0.020403264522323432,0.004320691310627225,0.011521843494958741,-2.355016802688369,-1.1077772443590757,0.1850696111377755,-0.02201400000000009,0.087395,-0.923313,0.17924099999999998,-0.08830800000000005,-0.8934960000000001,0.20125500000000007,0.17570300000000005,0.029816999999999982,0.9602887346625687,0.20183000000000006,0.20183000000000006,0.0397112653374313,0.7981699999999999,-0.8934960000000001
477,1.9875,walk,0.645133,0.892361,0.969873,0.010945,-0.006281,-0.155011,-0.4881209503239923,-0.2879769618430719,0.057115430765528837,-0.13175306611014326,-0.19164403363476193,0.22451885906851254,0.004079673626120621,-0.004079673626120621,-0.0004799616030722306,-2.3078953683705095,-1.0880729541636678,0.22174226061915073,-0.019962999999999953,0.08857800000000005,-0.923553,0.1716580000000001,-0.091642,-0.89281,0.19162100000000004,0.18022000000000005,0.030742999999999965,0.9903509014624059,0.19256999999999996,0.19256999999999996,0.009649098537594103,0.8074300000000001,-0.89281
478,1.991667,walk,0.64303,0.89116,0.969943,0.010464,-0.00648,-0.15537,-0.5046796256299376,-0.2882169426445881,0.01679865610751475,0.21405600693852786,0.1321788788922538,0.17158291465500944,0.0014398848092033701,-0.0023998080153478313,0.000959923206142796,-2.3496520278377537,-1.1382289416846425,0.21142308615310443,-0.017854000000000037,0.0897690000000001,-0.923619,0.16397000000000006,-0.09518399999999994,-0.891999,0.1818240000000001,0.18495300000000003,0.03161999999999998,0.9950688632885866,0.18380000000000002,0.18380000000000002,0.004931136711413431,0.8162,-0.891999
479,1.995833,walk,0.641075,0.889974,0.970144,0.010862,-0.006177,-0.155853,-0.4692750840134639,-0.2846855496879357,0.04824771963514449,-0.16502935072272912,-0.17070022048260544,0.2376963945449219,0.0024003840614656197,-0.005040806529056482,-0.0012001920307244819,-2.319731156985179,-1.1092174747959929,0.2597215554488785,-0.01588899999999993,0.09093399999999996,-0.923825,0.1562610000000001,-0.09861900000000001,-0.891118,0.17215000000000003,0.18955299999999997,0.03270700000000004,0.9904821753453307,0.17293000000000003,0.17293000000000003,0.009517824654669327,0.82707,-0.891118
480,2.0,walk,0.639096,0.888788,0.970313,0.011537,-0.005888,-0.156583,-0.47492200623948594,-0.284617230621553,0.04055675545955686,-0.29683797276515184,-0.1833308325807042,0.3586219039408833,0.004319654427636754,-0.006959443244554005,0.0011999040076789112,-2.337892968562504,-1.1339092872570058,0.24502039836812728,-0.013892000000000015,0.09209099999999992,-0.923989,0.14849800000000002,-0.10215799999999997,-0.890266,0.16239000000000003,0.1942489999999999,0.03372299999999995,0.986202553147209,0.16277000000000008,0.16277000000000008,0.013797446852791051,0.8372299999999999,-0.890266
481,2.004167,walk,0.637083,0.887589,0.970367,0.011369,-0.005812,-0.156952,-0.4830813534917529,-0.2877369810415445,0.012958963282937596,0.08607644563787671,-0.021196657977931216,0.1790607838125121,-0.02375809935204338,-0.021838252939754353,0.01535877129829721,-2.3479721622271326,-1.1550275977922455,0.27021838252941044,-0.011977999999999933,0.09319900000000003,-0.923979,0.14072700000000005,-0.10577199999999998,-0.889194,0.15270499999999998,0.198971,0.034784999999999955,0.9404356456316258,0.15215000000000006,0.15215000000000006,0.05956435436837415,0.84785,-0.889194
482,2.008333,walk,0.635169,0.886374,0.970464,0.011682,-0.005782,-0.157531,-0.45943350936147836,-0.2916466634661385,0.023283725396066032,-0.14503728361810045,-0.03437881771615866,0.2827671074841862,-0.0033605376860463584,-0.0019203072491617336,0.002880460873739269,-2.3350936149783226,-1.1579452712433527,0.2674027844455049,-0.010078000000000031,0.09440599999999999,-0.924064,0.13291300000000006,-0.10938099999999995,-0.888177,0.1429910000000001,0.20378699999999994,0.035887,0.9919588129131494,0.14112999999999998,0.14112999999999998,0.008041187086850643,0.85887,-0.888177
483,2.0125,walk,0.633305,0.885159,0.970625,0.012211,-0.005428,-0.15821,-0.4473242140628422,-0.29157667386606484,0.038636909047265876,-0.22269144573343164,-0.2036467768332953,0.3337935553960419,0.009119270458385217,0.011759059275249041,-0.004799616030717054,-2.3306935445163095,-1.1281497480201055,0.27645788336931365,-0.008175999999999961,0.09566999999999992,-0.924245,0.12506499999999998,-0.11286700000000005,-0.8871859999999999,0.13324099999999994,0.20853699999999997,0.037059000000000064,0.9739406189436557,0.12941000000000003,0.12941000000000003,0.02605938105634431,0.87059,-0.8871859999999999
484,2.016667,walk,0.631331,0.883961,0.970534,0.011918,-0.005679,-0.15859,-0.4737221022318506,-0.2874970002400017,-0.021838252939754353,0.12042950186812948,0.14357193936005566,0.1823176688168263,0.00215982721380517,0.0023998080153746024,0.0021598272138234876,-2.335253179745711,-1.1663066954644101,0.29613630909528565,-0.006193000000000004,0.09687800000000002,-0.924145,0.11730800000000008,-0.116529,-0.885861,0.12350100000000008,0.213407,0.038283999999999985,0.99352595230132,0.11716000000000004,0.11716000000000004,0.0064740476986799855,0.88284,-0.885861
485,2.020833,walk,0.629469,0.882749,0.970677,0.012088,-0.005468,-0.159151,-0.44695151224195373,-0.29092654824770947,0.03432549207873267,-0.06349961837675636,-0.10949045880697825,0.2744900030782127,-0.007921267402772164,-0.0014402304368846249,-0.004320691310608904,-2.3094095055208443,-1.154824771963485,0.30484877580412206,-0.0043639999999999235,0.09808399999999995,-0.924306,0.10954900000000001,-0.12012800000000001,-0.884734,0.11391299999999993,0.21821199999999996,0.03957199999999994,0.9847712703547318,0.10427999999999998,0.10427999999999998,0.015228729645268224,0.8957200000000001,-0.884734
486,2.025,walk,0.627556,0.881557,0.970668,0.011673,-0.005701,-0.159503,-0.45908327333814014,-0.2860571154307716,-0.002159827213831814,0.1794458417602464,0.1442773832666089,0.1683856027797673,0.004079673626094195,0.0,-0.004799616030717566,-2.309575233981379,-1.1413486921046796,0.342932565394784,-0.0024340000000000472,0.09927599999999992,-0.9243169999999999,0.10183799999999998,-0.12369200000000002,-0.883296,0.10427200000000003,0.22296799999999994,0.041020999999999974,0.9895013160960039,0.08978999999999998,0.08978999999999998,0.010498683903996109,0.91021,-0.883296
487,2.029167,walk,0.625795,0.880319,0.970838,0.012577,-0.005586,-0.160296,-0.4226061915046569,-0.29709623230141513,0.04079673626109746,-0.41809853034886973,-0.11886706487595881,0.38946342556379815,-0.003839692824550997,0.00383969282457764,-0.0021598272138232573,-2.2942164626828485,-1.1684665226781175,0.3141348692104418,-0.0006889999999999397,0.10053000000000001,-0.924496,0.09403899999999998,-0.12732299999999996,-0.882157,0.09472799999999992,0.22785299999999997,0.042339000000000016,0.9902601426590996,0.07661000000000007,0.07661000000000007,0.009739857340900437,0.9233899999999999,-0.882157
488,2.033333,walk,0.623862,0.879097,0.970828,0.011872,-0.005574,-0.160616,-0.4639942390782803,-0.2933269323091796,-0.002400384061439098,0.33556707377428235,0.05061442164730885,0.15311419915081928,-0.004320691310627686,0.0019203072491619383,0.00048007681229048457,-2.2868458953434248,-1.152184349496017,0.328372539606365,0.0012259999999999494,0.10175999999999996,-0.924484,0.086445,-0.13090100000000005,-0.880779,0.08521900000000004,0.232661,0.043704999999999994,0.9920791367125559,0.06295,0.06295,0.007920863287444124,0.9370499999999999,-0.880779
489,2.0375,walk,0.622116,0.87784,0.970885,0.012523,-0.005575,-0.16114,-0.419006479481622,-0.3016558675305944,0.013678905687537862,-0.30758216008334865,-0.04647431297863703,0.257195194141344,-0.0033597312214921136,0.003359731221518757,0.0011999040076788473,-2.290376769858271,-1.1735061195103558,0.32661387089030913,0.002958000000000016,0.1030310000000001,-0.924536,0.07864700000000002,-0.13453399999999993,-0.879475,0.075689,0.23756500000000003,0.04506100000000002,0.9918324222635471,0.04938999999999999,0.04938999999999999,0.008167577736452936,0.95061,-0.879475
490,2.041667,walk,0.620217,0.876706,0.970984,0.011056,-0.005759,-0.161056,-0.4557235421166477,-0.2721382289416895,0.02375809935204338,0.6805658437885309,0.20002186508361286,-0.04721494922300673,-0.005759539236867074,0.007679385649129455,0.003359731221502463,-2.2606191504680617,-1.160307175426027,0.3460523158147503,0.004832999999999976,0.10419699999999998,-0.9246209999999999,0.07112600000000002,-0.138235,-0.8781319999999999,0.06629300000000005,0.24243199999999998,0.046489,0.9830496599468882,0.035109999999999975,0.035109999999999975,0.0169503400531118,0.96489,-0.8781319999999999
491,2.045833,walk,0.61849,0.875464,0.971018,0.011464,-0.005832,-0.161573,-0.4145463274123828,-0.29812770043205267,0.008161305808950692,-0.1979914927611655,0.006032020867988057,0.252639285311517,0.0031204992798944792,-0.00024003840612522948,-0.0038406144983201356,-2.2825252040325803,-1.1653864618338479,0.326212193951023,0.006573000000000051,0.10543800000000003,-0.924671,0.06334400000000007,-0.14184799999999997,-0.876807,0.056771000000000016,0.247286,0.04786400000000002,0.9917427718672696,0.02135999999999999,0.02135999999999999,0.008257228132730443,0.97864,-0.876807
492,2.05,walk,0.616623,0.874188,0.970969,0.011348,-0.00589,-0.162123,-0.44804415646749157,-0.30621550275980636,-0.011759059275276937,0.051491323385396595,0.03974070509106812,0.2667462294237524,-0.008399328053757822,0.008159347252215033,0.003599712023038591,-2.2443004559636317,-1.1653467722582924,0.35613150947925776,0.008404999999999996,0.10674800000000007,-0.924607,0.05585899999999999,-0.145428,-0.875274,0.047453999999999996,0.25217600000000007,0.04933299999999996,0.9795820350082416,0.006670000000000009,0.006670000000000009,0.02041796499175841,0.99333,-0.875274
493,2.054167,walk,0.614773,0.872978,0.970904,0.010686,-0.006196,-0.162414,-0.44396448284135004,-0.2903767698583776,-0.01559875209982668,0.2902826828928922,0.19813178683442023,0.13761741715519007,-0.003359731221518757,0.00479961603072205,0.0016798656107510524,-2.2301415886727693,-1.1785457163426205,0.35373170146386207,0.010240999999999945,0.10797800000000002,-0.924535,0.048416000000000015,-0.14912900000000007,-0.8737349999999999,0.03817500000000007,0.2571070000000001,0.05080000000000007,0.9898420725548144,0.0,0.0,0.010157927445185622,1.0,-0.8737349999999999
494,2.058333,walk,0.613003,0.871685,0.971016,0.010019,-0.005861,-0.162687,-0.4248679788766205,-0.31036965914545206,0.02688430148823762,0.34268764337994884,-0.10516648399422407,0.13177418958778836,-0.0014402304368579754,-0.0009601536245808668,-0.0019203072491600678,-2.213874219875115,-1.1711473835813329,0.36725876140181174,0.012005000000000043,0.109267,-0.924655,0.04096300000000008,-0.15271500000000005,-0.872317,0.02895800000000004,0.26198200000000005,0.052337999999999996,0.9956911787429015,0.0,0.0,0.004308821257098527,1.0,-0.872317
495,2.0625,walk,0.611136,0.870399,0.970984,0.010238,-0.006074,-0.163373,-0.44804415646749157,-0.3086153107751543,-0.007679385649156099,-0.11896869580182076,0.0873904901258166,0.3335722262141166,-0.002159827213831814,0.007679385649129455,-0.0002399808015361281,-2.2186225101992996,-1.186945044396504,0.34677225821935875,0.013862999999999959,0.11058499999999993,-0.924624,0.033584999999999976,-0.15637500000000004,-0.87084,0.019722000000000017,0.26696,0.053784000000000054,0.9866984328067485,0.0,0.0,0.013301567193251485,1.0,-0.87084
496,2.066667,walk,0.609364,0.869119,0.970968,0.009953,-0.006194,-0.163513,-0.42524598032159266,-0.3071754259659509,-0.0038396928245514063,0.12583675219337132,0.07991417831494384,0.06651311707146403,-0.006719462442984944,0.008399328053757822,0.005759539236862079,-2.1953443724502884,-1.1595872330213985,0.3407727381809622,0.015607000000000038,0.1119,-0.9245840000000001,0.026209000000000038,-0.15992699999999993,-0.8694040000000001,0.010602,0.27182699999999993,0.05518000000000001,0.9796644687322984,0.0,0.0,0.0203355312677016,1.0,-0.8694040000000001
497,2.070833,walk,0.607561,0.867825,0.970966,0.009643,-0.005855,-0.163968,-0.43278924627939264,-0.31060969755160395,-0.0004800768123037582,0.1744353062740386,-0.13382454112436024,0.22175131746347088,-0.0031204992798944792,0.006000960153637079,0.0,-2.1814690350455708,-1.1581853096495311,0.3521363418146798,0.017396999999999996,0.11321900000000007,-0.924582,0.01892399999999994,-0.163458,-0.867935,0.001526999999999945,0.27667700000000006,0.056647,0.988726994076142,0.0,0.0,0.011273005923858048,1.0,-0.867935
498,2.075,walk,0.605645,0.866564,0.970812,0.008681,-0.006271,-0.164123,-0.4598032157427195,-0.3026157907367122,-0.03695704343651982,0.4230532558533896,0.2734274017225824,0.07024888971187102,0.007439404847612517,0.01943844492440432,-0.0055195584353253625,-2.138228941684529,-1.142548596112245,0.344132469402428,0.019344000000000028,0.11456100000000002,-0.924451,0.011929999999999996,-0.16695800000000005,-0.866347,0.007414000000000032,0.2815190000000001,0.058104000000000045,0.9641119251125131,0.0,0.0,0.03588807488748691,1.0,-0.866347
499,2.079167,walk,0.60391,0.865181,0.970922,0.008285,-0.005941,-0.164571,-0.41636669066477594,-0.33189344852413877,0.026397888168934125,0.21452832627010943,-0.12295915054812703,0.217791855212976,0.00047996160305893454,0.0074394048476133096,0.0026397888168940785,-2.125269978401819,-1.142308615310824,0.35085193184546626,0.021081000000000016,0.11597500000000005,-0.92455,0.004809000000000063,-0.17033500000000001,-0.864995,0.016271999999999953,0.28631000000000006,0.059555000000000025,0.9868192488174672,0.0,0.0,0.013180751182532813,1.0,-0.864995
500,2.083333,walk,0.601996,0.863917,0.970732,0.008409,-0.006441,-0.164963,-0.45943350936147836,-0.3034085453672341,-0.04560729716752455,-0.0973744987488837,0.22871199214094634,0.1894306679461976,-0.002400384061438842,0.0060009601536104296,0.0012001920307260835,-2.1195391262601446,-1.1464234277484089,0.34853576572250816,0.022985000000000033,0.11726399999999992,-0.924355,-0.00210699999999997,-0.17384700000000008,-0.863353,0.025092000000000003,0.291111,0.061002,0.9890437958572618,0.0,0.0,0.010956204142738235,1.0,-0.863353
501,2.0875,walk,0.600229,0.862569,0.970719,0.007826,-0.006502,-0.165225,-0.4240460763139054,-0.32349412047038095,-0.003119750419976326,0.27178704586553754,0.07621555395376442,0.12513857789039437,-0.002879769618433537,0.003359731221519115,-0.0009599232061445124,-2.1003119750420884,-1.1444684425246292,0.33429325653949005,0.024739999999999984,0.11862600000000001,-0.924346,-0.009091999999999989,-0.17726799999999998,-0.861947,0.03383199999999997,0.295894,0.06239899999999998,0.9924534188208247,0.0,0.0,0.007546581179175282,1.0,-0.861947
502,2.091667,walk,0.598433,0.861158,0.970797,0.006722,-0.005971,-0.165438,-0.4310055195584138,-0.33861291096711427,0.018718502519802675,0.5652511239783146,-0.16291946399813836,0.10127392423740986,-0.00023998080154276333,0.00503959683223817,0.0011999040076805126,-2.082793376529749,-1.1346292296615736,0.32661387089030913,0.026534999999999975,0.120058,-0.924419,-0.01597499999999996,-0.180585,-0.860664,0.04250999999999994,0.300643,0.063755,0.9913566183565654,0.0,0.0,0.008643381643434589,1.0,-0.860664
503,2.095833,walk,0.596526,0.859793,0.970615,0.006919,-0.006462,-0.165769,-0.4577532405185173,-0.3276524243879159,-0.04368698991839412,-0.1315095337572301,0.21805378876973852,0.1604548530810493,-0.002160345655287193,0.00504080652905675,0.0031204992798848185,-2.048247719635307,-1.1058569371100317,0.3610177628420846,0.02843300000000004,0.121444,-0.924224,-0.022600999999999982,-0.18382700000000007,-0.858978,0.051034000000000024,0.30527100000000007,0.06524600000000003,0.9894835658280505,0.0,0.0,0.010516434171949474,1.0,-0.858978
504,2.1,walk,0.5947,0.858442,0.970595,0.006086,-0.006437,-0.165866,-0.4382049436044836,-0.32421406287494814,-0.00479961603072205,0.39651197752389566,0.05479957599226635,0.044284714850713475,-0.00095992320614441,0.00479961603072205,0.00047996160307053984,-2.0235181185503914,-1.1360691144707502,0.33549316054713496,0.030255000000000032,0.12281500000000001,-0.924202,-0.029206999999999983,-0.18721,-0.85756,0.059462000000000015,0.310025,0.06664199999999998,0.9918030951396137,0.0,0.0,0.008196904860386267,1.0,-0.85756
505,2.104167,walk,0.592747,0.857073,0.970412,0.005428,-0.006824,-0.165977,-0.4686825053995852,-0.3285337173026463,-0.04391648668105149,0.2809121010324571,0.23592461298893305,0.05072567958606742,0.0019198464122890248,0.006959443244527732,0.0009599232061445124,-2.017518598512224,-1.1053515718743003,0.3299736021118464,0.03221600000000002,0.12421300000000002,-0.924015,-0.035661000000000054,-0.19044699999999992,-0.856002,0.06787700000000008,0.31465999999999994,0.06801299999999999,0.9878617783333576,0.0,0.0,0.012138221666642357,1.0,-0.856002
506,2.108333,walk,0.590833,0.855683,0.970325,0.004256,-0.006929,-0.165976,-0.45943350936147836,-0.33365338454151805,-0.02088334133462719,0.5464676068717902,0.1430749971756698,-0.0049849495234817786,0.0009601536245808668,0.0052808449351814425,0.0026404224675940524,-1.992798847815577,-1.0964954392702573,0.30820931349015174,0.034134,0.125625,-0.923917,-0.042049,-0.19362499999999994,-0.854631,0.076183,0.3192499999999999,0.06928599999999996,0.9900304562375086,0.0,0.0,0.009969543762491373,1.0,-0.854631
507,2.1125,walk,0.58904,0.85421,0.970366,0.004049,-0.007008,-0.16606,-0.430285577153858,-0.35349172066235035,0.009839212862961268,0.0919281756834765,0.05409801050059278,0.0400217227520833,0.0009599232061445124,0.00143988480923009,0.008159347252220029,-1.9733621310296297,-1.0883129349652685,0.32589392848573556,0.035931000000000046,0.127104,-0.923924,-0.04847900000000005,-0.19668700000000006,-0.8533139999999999,0.0844100000000001,0.32379100000000005,0.07061000000000006,0.9860985943548606,0.0,0.0,0.01390140564513942,1.0,-0.8533139999999999
508,2.116667,walk,0.58706,0.852813,0.970266,0.003579,-0.007266,-0.166083,-0.4751619870410034,-0.3352531797455955,-0.02399808015358361,0.20194886568698905,0.15962507413753607,0.009122026726656842,0.0019198464122621769,0.006479481641468107,0.006479481641469772,-1.951523878089614,-1.0988720902327145,0.2982961363090757,0.037918999999999925,0.12852799999999998,-0.923797,-0.054630999999999985,-0.19986900000000007,-0.8519709999999999,0.09254999999999991,0.32839700000000005,0.07182600000000006,0.9843961209478271,0.0,0.0,0.015603879052172864,1.0,-0.8519709999999999
509,2.120833,walk,0.585243,0.851332,0.970213,0.003434,-0.007336,-0.166171,-0.43614978396543896,-0.3554968795007261,-0.012722035525676497,0.06334365260256153,0.044898794859432926,0.0421487967101786,0.006000960153637079,0.013922227556409242,0.0033605376860280367,-1.9308689390302043,-1.0525684109457158,0.2887662025924059,0.039761000000000046,0.13006700000000004,-0.9237299999999999,-0.06085799999999997,-0.20277299999999998,-0.850715,0.10061900000000001,0.33284,0.07301499999999994,0.9741192286931657,0.0,0.0,0.025880771306834305,1.0,-0.850715
510,2.125,walk,0.583329,0.849834,0.970118,0.002995,-0.007498,-0.166151,-0.4593232541396829,-0.3594912407007602,-0.022798176145898866,0.19478088379027034,0.1116394270939894,-0.011517448872900514,0.004079673626120838,0.006239500839926008,0.0011999040076806405,-1.9400047996161145,-1.0321574274058545,0.2733381329493768,0.04169200000000006,0.131591,-0.9236300000000001,-0.06702799999999998,-0.20557599999999998,-0.849481,0.10872000000000004,0.337167,0.07414900000000002,0.9874153005979096,0.0,0.0,0.012584699402090394,1.0,-0.849481
511,2.129167,walk,0.581404,0.848369,0.9701,0.002226,-0.007766,-0.166129,-0.46196304295657364,-0.3515718742500613,-0.004319654427663628,0.34250266395893897,0.18811630169378632,-0.013883709610262347,0.00599952003838322,-0.00047996160305893454,-0.0023998080153596157,-1.8785697144229456,-1.0482361411087684,0.26901847852173316,0.04364199999999996,0.133054,-0.9236219999999999,-0.07293100000000008,-0.20847900000000008,-0.8483419999999999,0.11657300000000004,0.3415330000000001,0.07528000000000001,0.9892008639309078,0.0,0.0,0.010799136069092219,1.0,-0.8483419999999999
512,2.133333,walk,0.579497,0.846843,0.970077,0.001855,-0.007841,-0.166055,-0.4577532405184685,-0.3662986077772409,-0.005520883341333322,0.16938394527409995,0.06496564564026942,-0.037530979887866904,0.0012001920307327459,0.0028804608737159508,0.0004800768122904334,-1.8506961113777685,-1.0458473355736497,0.25204032645222435,0.04555399999999998,0.13459199999999993,-0.923597,-0.07873400000000008,-0.21131,-0.8472689999999999,0.12428800000000007,0.34590199999999993,0.07632800000000006,0.9947379795015651,0.0,0.0,0.005262020498434938,1.0,-0.8472689999999999
513,2.1375,walk,0.577614,0.845276,0.969944,0.001995,-0.008196,-0.166138,-0.45188384929204806,-0.37604991600669296,-0.03191744660425501,-0.09425672107262782,0.15699891220778536,0.04092785205632749,-0.002639788816890467,0.0069594432445536335,0.008879289656827468,-1.8233741300694686,-0.9817614590832295,0.2380609551235739,0.04742600000000008,0.13618799999999998,-0.923427,-0.08444899999999994,-0.21383400000000008,-0.846144,0.13187500000000002,0.35002200000000006,0.07728299999999999,0.9806893725228693,0.0,0.0,0.01931062747713075,1.0,-0.846144
514,2.141667,walk,0.575621,0.843705,0.969893,0.001909,-0.008257,-0.166371,-0.4782817374610037,-0.37700983921287756,-0.012239020878335873,0.036716649923649376,0.03610385975372473,0.11298596967809003,-0.0011999040076873012,0.005279577633781497,0.0028797696184302067,-1.8104151667867385,-0.972642188624948,0.23182145428366993,0.04941399999999996,0.13778099999999993,-0.923364,-0.09000000000000002,-0.21631600000000006,-0.845127,0.13941399999999998,0.354097,0.078237,0.9897792717869214,0.0,0.0,0.010220728213078623,1.0,-0.845127
515,2.145833,walk,0.57372,0.842084,0.969833,0.001809,-0.008649,-0.166455,-0.4563130100816105,-0.38910225636100315,-0.014402304368713,0.016343976956807827,0.1936960079329714,0.040445003719949454,0.0028804608737426,0.003600576092171588,0.0009601536245792011,-1.8655784925587586,-0.9879980796927258,0.3002880460873629,0.05132700000000001,0.1394169999999999,-0.9232999999999999,-0.09587099999999998,-0.2188110000000001,-0.8438159999999999,0.147198,0.358228,0.079484,0.9921501772802268,0.0,0.0,0.007849822719773192,1.0,-0.8438159999999999
516,2.15,walk,0.571775,0.840417,0.96968,0.001898,-0.009013,-0.166461,-0.46676265898729624,-0.40004799616034586,-0.03671706263498097,-0.07117822732164936,0.1651732190306225,0.0032124609181024026,0.004319654427636984,0.002879769618433537,0.0007199424046083842,-1.7041036717063471,-0.8934485241180924,0.1629469642428711,0.05328999999999995,0.141096,-0.923144,-0.10102700000000003,-0.22086699999999992,-0.842984,0.15431699999999998,0.3619629999999999,0.08016000000000001,0.9912645669675151,0.0,0.0,0.008735433032484918,1.0,-0.842984
517,2.154167,walk,0.569752,0.838833,0.969484,0.002122,-0.009411,-0.166651,-0.4854811615070491,-0.38012958963278676,-0.0470362371010228,-0.13701579201359623,0.17078365611453772,0.0933990965395414,0.002639788816890467,0.002639788816890467,0.0016798656107510524,-1.7355411567073615,-0.922726181905415,0.18790496760258177,0.05532399999999993,0.1426909999999999,-0.922941,-0.10623600000000005,-0.2231280000000001,-0.842005,0.16155999999999998,0.365819,0.08093600000000001,0.9931770569917568,0.0,0.0,0.006822943008243154,1.0,-0.842005
518,2.158333,walk,0.567781,0.837178,0.969394,0.001676,-0.009817,-0.166589,-0.4731156985118128,-0.3972635621699962,-0.02160345655305848,0.17835488110481623,0.22776394146148682,-0.032335798795964786,0.01056168987039066,-0.0016802688430100335,-0.010081613058090182,-1.7294767162747318,-0.951512241958781,0.12433989438310891,0.05733900000000003,0.144339,-0.922893,-0.11146999999999996,-0.225437,-0.841397,0.168809,0.369776,0.08149600000000001,0.9755044494881577,0.0,0.0,0.024495550511842268,1.0,-0.841397
519,2.1625,walk,0.56577,0.835534,0.969251,0.000772,-0.010303,-0.166062,-0.4826013918886159,-0.3945284377249529,-0.03431725461962935,0.38652718010949233,0.30144633039672,-0.2608393618132914,-0.004079673626120404,0.006479481641468107,0.011519078473721264,-1.6940244780416625,-0.9140868730500886,0.13198944084472317,0.05933299999999997,0.14600999999999997,-0.922702,-0.11651800000000001,-0.22760199999999997,-0.840704,0.17585099999999998,0.37361199999999994,0.08199800000000002,0.9769471267082765,0.0,0.0,0.023052873291723452,1.0,-0.840704
520,2.166667,walk,0.563702,0.833905,0.969038,0.000942,-0.010852,-0.166378,-0.4962802975762067,-0.3909287257019597,-0.051115910727148654,-0.1226725430300363,0.24668531278759262,0.15489352565490616,-0.0009599232061445124,0.0023998080153746024,0.0007199424046083842,-1.6717062634989897,-0.881449484041326,0.11495080393569213,0.061396999999999924,0.14764900000000003,-0.9224859999999999,-0.12141600000000002,-0.22964600000000002,-0.840012,0.18281299999999995,0.37729500000000005,0.08247399999999994,0.9955282217872329,0.0,0.0,0.004471778212767119,1.0,-0.840012
521,2.170833,walk,0.561642,0.832229,0.968785,0.000553,-0.011335,-0.166189,-0.4944791166586667,-0.4023043686989834,-0.060729716754666534,0.14458400433982524,0.25947610876768246,-0.09386601741585428,0.012722035525703147,-0.003840614498323467,-0.008401344215074257,-1.7035525684109039,-0.8977436389822043,0.07993278924627721,0.06351000000000007,0.14930900000000003,-0.922268,-0.12645299999999998,-0.23170999999999997,-0.839426,0.18996300000000005,0.381019,0.08284199999999997,0.9737965708212039,0.0,0.0,0.026203429178796145,1.0,-0.839426
522,2.175,walk,0.559656,0.830489,0.968685,-0.000102,-0.0116,-0.166062,-0.4766018718502575,-0.41756659467243656,-0.023998080153586166,0.2881589579900875,0.17752682452293314,-0.0651730384408769,0.004559635229179773,0.0019198464122890248,-0.0004799616030722562,-1.66714662826981,-0.9114470842333219,0.03455723542116914,0.06551499999999999,0.151057,-0.92217,-0.13141400000000003,-0.2337680000000001,-0.839182,0.19692900000000002,0.3848250000000001,0.08298800000000006,0.9917157366701848,0.0,0.0,0.008284263329815245,1.0,-0.839182
523,2.179167,walk,0.557571,0.828798,0.968437,-0.000466,-0.012377,-0.165936,-0.5003599712022742,-0.40580753539714304,-0.059515238780900134,0.10963671591058283,0.3966780389413544,-0.06257634025553213,0.003599712023034877,-0.0011999040076871733,0.004079673626108747,-1.6337892968561607,-0.8718502519797878,0.030237580993515614,0.06761499999999998,0.15274299999999996,-0.921905,-0.13613700000000006,-0.23571000000000009,-0.838808,0.20375200000000004,0.38845300000000005,0.08309699999999998,0.9907141934515309,0.0,0.0,0.009285806548469111,1.0,-0.838808
524,2.183333,walk,0.55553,0.827027,0.968186,-0.00048,-0.012799,-0.16614,-0.4899183869419142,-0.42510801728277237,-0.060249639942389424,-0.02576889381708681,0.20107533507772185,0.0997680282511848,-0.0026404224675907213,0.002400384061438842,0.013202112337975259,-1.5789726356216498,-0.8514162265962242,-0.013202112337973592,0.06964500000000007,0.154524,-0.921599,-0.14067399999999997,-0.23748599999999997,-0.838612,0.21031900000000003,0.39200999999999997,0.08298699999999992,0.9772068818479077,0.0,0.0,0.022793118152092284,1.0,-0.838612
525,2.1875,walk,0.553493,0.825242,0.968026,-0.000909,-0.01301,-0.166018,-0.4888408927285934,-0.4283657307415424,-0.038396928245727206,0.18544620523158667,0.1339885708302844,-0.061679027624750964,0.01127909767219136,-0.005759539236840431,-0.006479481641470463,-1.5459563234941918,-0.8365730741541032,-0.05399568034557553,0.07172900000000004,0.156285,-0.921466,-0.145079,-0.23918700000000004,-0.8386770000000001,0.21680800000000006,0.39547200000000005,0.08278899999999989,0.9762902962398603,0.0,0.0,0.0237097037601397,1.0,-0.8386770000000001
526,2.191667,walk,0.55149,0.823404,0.967777,-0.001089,-0.013533,-0.166146,-0.4806815454763783,-0.44108471322296383,-0.05975521958244927,0.044324367159900666,0.26197653947068544,0.061912526182709725,-0.010559155267589635,-0.0019198464122890248,0.0,-1.5286777057836038,-0.8327333813295252,-0.0967122630189597,0.07368799999999998,0.158115,-0.921217,-0.14944600000000002,-0.240819,-0.838831,0.223134,0.398934,0.08238599999999996,0.982112887149011,0.0,0.0,0.017887112850988984,1.0,-0.838831
527,2.195833,walk,0.549301,0.821572,0.967515,-0.001215,-0.014031,-0.166498,-0.525444071051353,-0.4397503600576106,-0.06289006240998014,0.022243340283959263,0.24603444544110137,0.17140842671208567,0.0019203072491617336,-0.0007201152184289877,0.0004800768122904334,-1.488478156505003,-0.8749399903984421,-0.12914066250599998,0.07588499999999998,0.15994400000000009,-0.920953,-0.15345800000000004,-0.24263199999999996,-0.839107,0.22934300000000002,0.40257600000000004,0.08184599999999997,0.9964894525574528,0.0,0.0,0.003510547442547196,1.0,-0.839107
528,2.2,walk,0.547256,0.819685,0.967276,-0.001449,-0.0146,-0.166612,-0.4907607391408567,-0.4528437724981658,-0.057355411567068554,0.06604582403145662,0.28808049169795674,0.054939943609213567,0.0059995200383825805,-0.00095992320614441,0.0021598272138232573,-1.4905207583392472,-0.8065754739620479,-0.1891048716102556,0.077955,0.16182700000000005,-0.920705,-0.157624,-0.24410600000000005,-0.839656,0.23557899999999998,0.4059330000000001,0.08104900000000004,0.9892528366990504,0.0,0.0,0.010747163300949603,1.0,-0.839656
529,2.204167,walk,0.545148,0.817765,0.967015,-0.001648,-0.015007,-0.166792,-0.5058795296376518,-0.460763138948913,-0.06263498920088281,0.06290653128367844,0.20863313122981159,0.0869434617056188,0.0026397888169173915,-0.0004799616030855778,0.0021598272138234876,-1.4374850011999685,-0.7844972402208101,-0.19822414206864863,0.08007400000000009,0.16374500000000003,-0.920435,-0.16150599999999998,-0.24545499999999998,-0.840221,0.24158000000000007,0.4092,0.08021400000000001,0.9942593792118672,0.0,0.0,0.005740620788132755,1.0,-0.840221
530,2.208333,walk,0.543019,0.815873,0.96682,-0.002336,-0.015229,-0.167057,-0.51104176668264,-0.4541526644262969,-0.04680748919825729,0.3098005124495,0.1603125512644356,0.12464613940339797,0.0012001920307060962,0.0019203072491617336,0.0033605376860280367,-1.3917426788285672,-0.7664426308209107,-0.18122899663945205,0.08220799999999995,0.16564500000000004,-0.920226,-0.16517500000000002,-0.24675599999999998,-0.840781,0.24738299999999996,0.412401,0.07944499999999999,0.9932461421763048,0.0,0.0,0.006753857823695197,1.0,-0.840781
531,2.2125,walk,0.540914,0.813906,0.966489,-0.002039,-0.015953,-0.167457,-0.5051595872330501,-0.4720422366210777,-0.07943364530837181,-0.195566984818176,0.31888246888630606,0.19858058600686768,-0.00047996160305893454,0.006479481641468798,-0.0033597312215007977,-1.3633309335253783,-0.7415406767459031,-0.22678185745141458,0.08431100000000002,0.16763899999999998,-0.9199090000000001,-0.16875099999999998,-0.24787900000000007,-0.841395,0.253062,0.41551800000000005,0.07851400000000008,0.9878091747427205,0.0,0.0,0.012190825257279547,1.0,-0.841395
532,2.216667,walk,0.538777,0.811914,0.966296,-0.002631,-0.016082,-0.167828,-0.5128389728821515,-0.47804175665943666,-0.04631629469642116,0.2726248762050922,0.10875566926102455,0.17642595604714728,0.0023998080153477034,0.007199424046069754,-0.00239980801535936,-1.3774898008158563,-0.6405087592991981,-0.2123830093592409,0.08645800000000003,0.16966099999999995,-0.919726,-0.17235399999999995,-0.248556,-0.842087,0.258812,0.41821699999999995,0.07763900000000001,0.9867345620736276,0.0,0.0,0.013265437926372359,1.0,-0.842087
533,2.220833,walk,0.536591,0.809918,0.965905,-0.002657,-0.016828,-0.168347,-0.5247239558329533,-0.4791166586654239,-0.09385501680270311,-0.043667596896010005,0.35522831647918085,0.2544713465282751,0.008401344215076817,0.0,0.004800768122899849,-1.258521363418246,-0.7604416706673813,-0.3334133461354084,0.08867899999999995,0.17165699999999995,-0.919315,-0.17541100000000004,-0.24972800000000006,-0.843085,0.26409,0.421385,0.07623000000000002,0.9838729041680662,0.0,0.0,0.016127095831933835,1.0,-0.843085
534,2.225,walk,0.534367,0.807889,0.965682,-0.003388,-0.017192,-0.168755,-0.5337173026157591,-0.4869210463162791,-0.05351571874249091,0.31977782949447753,0.23136956126838026,0.1939440016829861,0.01343892488602174,-0.005279577633780934,0.012239020878329572,-1.2104631629468887,-0.7926565874729407,-0.38036957043434283,0.09095900000000001,0.17366400000000004,-0.919041,-0.17823100000000003,-0.25100199999999995,-0.8444470000000001,0.26919000000000004,0.424666,0.07459399999999994,0.9684531972854686,0.0,0.0,0.03154680271453136,1.0,-0.8444470000000001
535,2.229167,walk,0.53219,0.805793,0.965273,-0.003311,-0.01762,-0.169366,-0.5224382049436247,-0.5029997600192182,-0.09815214782817648,-0.06586373582311571,0.19613936082195632,0.29940793724203024,0.012479001679852017,-0.004079673626120838,0.007439404847611645,-1.1687065034797715,-0.8212143028558178,-0.42884569234463127,0.09318799999999994,0.17574299999999998,-0.918601,-0.18092400000000003,-0.252328,-0.845825,0.27411199999999997,0.428071,0.07277599999999995,0.9748496761503023,0.0,0.0,0.02515032384969773,1.0,-0.845825
536,2.233333,walk,0.529944,0.803684,0.965044,-0.003936,-0.018162,-0.17003,-0.539126260201637,-0.5062409985597623,-0.054968795007207985,0.2574120176733159,0.30722838821345355,0.3199333288989511,0.016322611617848086,-0.00048007681227710855,0.003600576092174919,-1.113298127700409,-0.7275564090254256,-0.4227076332213035,0.09550199999999998,0.17785000000000006,-0.918357,-0.18331599999999998,-0.25325,-0.847357,0.27881799999999995,0.43110000000000004,0.07099999999999995,0.9721301501036446,0.0,0.0,0.027869849896355436,1.0,-0.847357
537,2.2375,walk,0.527658,0.801578,0.964622,-0.004155,-0.018772,-0.170705,-0.5485961123110427,-0.5053995680345662,-0.1012718982481528,0.05990954346623308,0.30618349825804375,0.3289705465044008,0.005759539236867074,0.0023998080153479593,0.002639788816895744,-1.1005519558435777,-0.6277897768178716,-0.39452843772500157,0.09781200000000001,0.17996599999999996,-0.917924,-0.18561599999999995,-0.25376,-0.848579,0.28342799999999996,0.43372599999999994,0.06934499999999999,0.9887084279549663,0.0,0.0,0.011291572045033726,1.0,-0.848579
538,2.241667,walk,0.525422,0.799402,0.964326,-0.00453,-0.01909,-0.171455,-0.5365970722341924,-0.5221982241420529,-0.07103431725460642,0.15828826221843878,0.18083097071342535,0.3631820497948825,0.004079673626120404,0.0011999040076871733,0.0007199424046066424,-1.0136789056874846,-0.6304295656347219,-0.42740580753536894,0.10006500000000007,0.18214700000000006,-0.917625,-0.18760399999999994,-0.25421099999999996,-0.850064,0.287669,0.436358,0.06756099999999998,0.9928116947621546,0.0,0.0,0.007188305237845416,1.0,-0.850064
539,2.245833,walk,0.52308,0.797188,0.963852,-0.004535,-0.020031,-0.172261,-0.5621699471915245,-0.5314450312049634,-0.11377820451271278,-0.06735613835670072,0.44509971817127925,0.3963071043983115,0.003600576092171588,0.003840614498323467,0.00528084493518977,-0.8307729236677621,-0.7940470475275773,-0.771483437349957,0.10242200000000001,0.184377,-0.9171290000000001,-0.18872299999999997,-0.255305,-0.852804,0.291145,0.439682,0.06432500000000008,0.9875722319034965,0.0,0.0,0.012427768096503478,1.0,-0.852804
540,2.25,walk,0.520754,0.794913,0.963426,-0.00421,-0.020476,-0.173402,-0.5581953443724611,-0.5459563234941519,-0.10223182145429731,-0.17899198059738675,0.1829901279880786,0.56062313834159,0.006239500839926008,0.005039596832238707,0.003119750419966335,-0.8507319414447282,-0.6297096232301607,-0.6201103911687322,0.10477399999999992,0.18667299999999998,-0.91669,-0.18994200000000006,-0.25565399999999994,-0.854962,0.294716,0.4423269999999999,0.061728000000000005,0.9856568105935423,0.0,0.0,0.014343189406457735,1.0,-0.854962
541,2.254167,walk,0.518435,0.792605,0.962948,-0.004022,-0.021001,-0.174452,-0.5565154787617416,-0.5538756899448242,-0.11471082313414933,-0.12182651596130568,0.23225483924723628,0.5153508771977315,0.0088792896568434,0.0038396928245780495,0.006719462443004926,-0.8104151667866986,-0.5721142308615699,-0.5651547876170188,0.10713000000000006,0.18899699999999997,-0.916184,-0.191,-0.25573,-0.856839,0.29813000000000006,0.444727,0.05934499999999998,0.9803689445775183,0.0,0.0,0.01963105542248167,1.0,-0.856839
542,2.258333,walk,0.516071,0.790277,0.962551,-0.004299,-0.021806,-0.175542,-0.5674507921267326,-0.5588094095055048,-0.09529524723955109,0.07489299521655692,0.40368779281789213,0.5317386422260199,0.004560729716752455,0.005520883341333322,-0.0002400384061452167,-0.6577052328372275,-0.5823331733077227,-0.6104176668266731,0.10951300000000008,0.19134799999999996,-0.915788,-0.19137599999999994,-0.25582800000000006,-0.858985,0.300889,0.447176,0.05680300000000005,0.9880582400731363,0.0,0.0,0.011941759926863749,1.0,-0.858985
543,2.2625,walk,0.513664,0.787895,0.962102,-0.004347,-0.02215,-0.176703,-0.577633789296806,-0.5716342692584233,-0.10775137988961012,0.006288225648152099,0.1664109490574504,0.5668493182575576,0.005279577633780934,-0.0007199424046016468,0.007439404847612517,-0.5262778977681466,-0.6229901607870827,-0.7360211183104904,0.11194199999999999,0.19372699999999998,-0.915308,-0.191162,-0.256042,-0.861603,0.303104,0.449769,0.053705,0.9847486793337116,0.0,0.0,0.015251320666288426,1.0,-0.861603
544,2.266667,walk,0.511231,0.785482,0.961535,-0.004341,-0.022954,-0.177773,-0.5838732901368201,-0.5790736741060976,-0.13606911447084474,-0.05920596580602767,0.3792190223067859,0.5249812814411147,0.0026397888168907483,0.002879769618433537,0.006479481641468798,-0.5413966882649721,-0.4919606431485697,-0.5970722342212905,0.11438599999999999,0.196152,-0.914714,-0.19098500000000002,-0.255679,-0.8635240000000001,0.305371,0.451831,0.05118999999999996,0.9873899025914453,0.0,0.0,0.012610097408554677,1.0,-0.8635240000000001
545,2.270833,walk,0.508794,0.78306,0.961085,-0.004699,-0.023702,-0.178875,-0.5849735957753134,-0.5813730196831418,-0.10801728276525424,0.11784453873300627,0.3839482685856614,0.536775537667452,0.005040806529056213,0.0026404224675907213,0.008641382621219473,-0.5040806529044487,-0.5410465674507721,-0.6721075372059339,0.11684400000000006,0.198585,-0.9142279999999999,-0.19064799999999998,-0.25551099999999993,-0.8658739999999999,0.30749200000000004,0.45409599999999994,0.04835400000000001,0.9827554312191855,0.01646000000000003,0.01646000000000003,0.017244568780814484,0.98354,-0.8658739999999999
546,2.275,walk,0.506273,0.780611,0.960524,-0.004458,-0.024246,-0.180192,-0.6049916006719728,-0.5877129829613715,-0.13462922966161467,-0.1449243390549418,0.23601641129995218,0.6473304859514805,0.003359731221492472,0.002159827213831814,0.006479481641468798,-0.5087592992560853,-0.39692824574036956,-0.6885049196064654,0.11937900000000001,0.20104299999999997,-0.91364,-0.190247,-0.25471600000000005,-0.868182,0.309626,0.455759,0.045458,0.9873140136571873,0.04542000000000013,0.04542000000000013,0.012685986342812705,0.9545799999999999,-0.868182
547,2.279167,walk,0.503821,0.778099,0.959991,-0.004215,-0.025015,-0.181326,-0.5884329253659372,-0.6028317734581033,-0.12790976721861608,-0.16751047663994414,0.3421343593395571,0.5593047350821555,0.004559635229179287,0.009599232061417457,0.005759539236859799,-0.57307415406764,-0.33597312215019715,-0.778017758579265,0.12185000000000001,0.20359499999999997,-0.9130830000000001,-0.190183,-0.25360399999999994,-0.8708910000000001,0.312033,0.4571989999999999,0.04219200000000001,0.9798541552524648,0.07808000000000004,0.07808000000000004,0.020145844747535224,0.92192,-0.8708910000000001
548,2.283333,walk,0.501302,0.775601,0.959486,-0.004479,-0.025885,-0.182604,-0.6046567450792457,-0.5996159385502156,-0.12121939510324742,0.0647377644100755,0.4341241036498039,0.6243899383462145,0.008161305808924912,0.009121459433532531,0.0069611137782053635,-0.4342294767162969,-0.3562169947191931,-0.6435429668747517,0.12440299999999993,0.20613100000000006,-0.9125489999999999,-0.189473,-0.25259,-0.8730669999999999,0.31387599999999993,0.45872100000000005,0.03948200000000002,0.9765322301551036,0.10518000000000005,0.10518000000000005,0.023467769844896402,0.89482,-0.8730669999999999
549,2.2875,walk,0.498663,0.77302,0.958865,-0.004196,-0.026449,-0.183846,-0.6333093352531417,-0.6193904487640478,-0.14902807775376647,-0.16696916876061263,0.2416354199416498,0.612169230496594,0.00767938564915528,0.006479481641468107,0.012718982481400111,-0.444684425245965,-0.2630189584833019,-0.5670746340292407,0.12707399999999996,0.208739,-0.911875,-0.18868700000000005,-0.251105,-0.874809,0.315761,0.45984400000000003,0.03706600000000004,0.9729851295244053,0.12933999999999996,0.12933999999999996,0.0270148704755947,0.87066,-0.874809
550,2.291667,walk,0.496088,0.770429,0.958295,-0.004218,-0.027128,-0.185011,-0.6179505639549236,-0.6217902567794884,-0.13678905687544649,-0.03427259210564666,0.3228238852329794,0.5714214234279328,0.010799136069105781,0.0023998080153479593,0.011999040076794748,-0.3825293976482019,-0.24862011039118892,-0.5891528677706049,0.12969399999999998,0.21133999999999997,-0.911255,-0.18770599999999998,-0.24955000000000005,-0.876694,0.31739999999999996,0.46089,0.034561000000000064,0.9727992350437368,0.15438999999999992,0.15438999999999992,0.027200764956263224,0.8456100000000001,-0.876694
551,2.295833,walk,0.493439,0.767886,0.9577,-0.003988,-0.027956,-0.186279,-0.6358617378780328,-0.6104176668266931,-0.14282285165626402,-0.16496734224516102,0.3709049839700734,0.6259379711291838,0.008401344215075922,0.0021603456553136125,0.01344215074411881,-0.35861737878059397,-0.2366778684589305,-0.42606817090733656,0.13237799999999994,0.21389200000000008,-0.910604,-0.18655100000000002,-0.2479929999999999,-0.877874,0.31892899999999996,0.461885,0.032729999999999926,0.9733364014995144,0.17270000000000008,0.17270000000000008,0.026663598500485608,0.8272999999999999,-0.877874
552,2.3,walk,0.490768,0.765253,0.957081,-0.003591,-0.028564,-0.187392,-0.6409887209023654,-0.6318694504439925,-0.1485481161507234,-0.2261212938577286,0.2520250377964438,0.5515059936181098,0.0035997120230619037,-0.002159827213831814,0.006959443244541054,-0.3570914326853989,-0.1475881929445789,-0.5507559395248611,0.13506400000000007,0.21651600000000004,-0.909956,-0.18536799999999998,-0.24597499999999994,-0.8795499999999999,0.32043200000000005,0.462491,0.030406000000000044,0.9864541282922135,0.19594,0.19594,0.013545871707786539,0.80406,-0.8795499999999999
553,2.304167,walk,0.488122,0.762653,0.956515,-0.003612,-0.029392,-0.188597,-0.6349892008638878,-0.623950083993227,-0.13582913366928748,-0.0476151606620371,0.39350849559631873,0.5919386203251118,0.0043196544276365234,0.00023998080154276333,0.013198944084472317,-0.31413486921044514,-0.136309095272373,-0.4912407007439123,0.13772800000000002,0.219117,-0.909335,-0.184031,-0.24394300000000002,-0.881031,0.321759,0.46306,0.028303999999999996,0.9768501781801713,0.21696000000000004,0.21696000000000004,0.02314982181982872,0.78304,-0.881031
554,2.308333,walk,0.485464,0.760054,0.95594,-0.003288,-0.030025,-0.189797,-0.6380220835333463,-0.6238598175707986,-0.13802208353335968,-0.1926323057217329,0.2703968444074495,0.59371081106822,0.0028804608737426,0.0019203072491617336,0.02136341814690263,-0.3300528084493465,-0.10777724435910235,-0.4591934709553398,0.14039800000000002,0.22172400000000003,-0.908671,-0.18274800000000002,-0.24179300000000004,-0.882369,0.32314600000000004,0.46351700000000007,0.026302000000000048,0.9639298419089903,0.23698000000000002,0.23698000000000002,0.03607015809100966,0.76302,-0.882369
555,2.3125,walk,0.482703,0.757411,0.955275,-0.002722,-0.03046,-0.190923,-0.6625869930405902,-0.6342692584593671,-0.15958723302137198,-0.2896310017516023,0.15486890373103857,0.5601571300886158,-0.0004799616030855778,-0.0011999040076873012,0.026637868970483574,-0.37652987760980533,-0.05159587233020759,-0.39596832253421504,0.14315699999999998,0.22436200000000006,-0.907895,-0.181556,-0.23936499999999994,-0.883354,0.324713,0.463727,0.024541000000000035,0.9555513343514631,0.25459,0.25459,0.04444866564853689,0.74541,-0.883354
556,2.316667,walk,0.479878,0.754844,0.954603,-0.002328,-0.030885,-0.192221,-0.6779457643388758,-0.6160307175426214,-0.16126709863211822,-0.20515758370487083,0.16622282258420923,0.6419239747851622,-0.0023998080153479593,0.0,0.028797696184307064,-0.374130069594444,-0.004079673626120838,-0.36741060715144575,0.145972,0.22692900000000005,-0.907103,-0.18029,-0.236815,-0.884213,0.326262,0.46374400000000005,0.022889999999999966,0.9518374746868543,0.27110000000000006,0.27110000000000006,0.04816252531314569,0.7288999999999999,-0.884213
557,2.320833,walk,0.477104,0.752233,0.953948,-0.001832,-0.031123,-0.193387,-0.6658665386461782,-0.6267402784445145,-0.15722515602495038,-0.2379718674353077,0.06849650056937691,0.5784558870351797,-0.004560729716752455,-0.0004800768123037582,0.037445991358615496,-0.33677388382141255,-0.03000480076810545,-0.3341334613538052,0.14872700000000005,0.2295379999999999,-0.906292,-0.178919,-0.234329,-0.88495,0.32764600000000005,0.4638669999999999,0.021341999999999972,0.9371237326585758,0.28657999999999995,0.28657999999999995,0.06287626734142415,0.71342,-0.88495
558,2.325,walk,0.474079,0.749915,0.95287,0.000528,-0.029904,-0.194186,-0.7259419246459841,-0.5562754979601394,-0.2586993040556654,-0.9855817938230247,-0.7917305576569678,0.42119444745942003,-0.014158867290623387,0.00095992320614441,0.054715622750178085,-0.2776577873769842,-0.037197024238062586,-0.3172546196304111,0.15169300000000002,0.23185999999999996,-0.904986,-0.17705099999999996,-0.23216599999999998,-0.885194,0.328744,0.46402599999999994,0.01979199999999992,0.9057899163739921,0.30208,0.30208,0.09421008362600791,0.69792,-0.885194
559,2.329167,walk,0.471311,0.747353,0.952182,0.001748,-0.030584,-0.195326,-0.6642668586513365,-0.6148308135349341,-0.16510679145669627,-0.6212183596163404,0.21016906318866466,0.5770369515490535,-0.012718982481394806,-0.004319654427636984,0.05759539236861246,-0.2517398608111519,-0.05615550755941401,-0.3170146388289088,0.15440800000000005,0.23440399999999995,-0.904058,-0.175332,-0.2298380000000001,-0.8858269999999999,0.32974000000000003,0.46424200000000004,0.018231000000000108,0.901431620578647,0.31769000000000003,0.31769000000000003,0.09856837942135299,0.68231,-0.8858269999999999
560,2.333333,walk,0.468444,0.744775,0.951453,0.003086,-0.030728,-0.196212,-0.6881901104176367,-0.618819011041769,-0.17498799807968307,-0.6303126255675326,-0.05424004611664234,0.453824124685804,-0.01200192030724751,-0.011281805088818523,0.05808929428708414,-0.21315410465673923,-0.05448871819490422,-0.3139702352376303,0.157225,0.236935,-0.903087,-0.17335300000000003,-0.227487,-0.886406,0.33057800000000004,0.464422,0.016680999999999946,0.8993673991429014,0.3331900000000001,0.3331900000000001,0.10063260085709858,0.6668099999999999,-0.886406
561,2.3375,walk,0.465614,0.742333,0.950703,0.004429,-0.03057,-0.197235,-0.6791456683465764,-0.5860331173506254,-0.17998560115192289,-0.602083744331427,-0.19624575824871973,0.5206588894489087,-0.014878809695226619,-0.016798656107515644,0.08135349172066583,-0.20422366210703852,-0.03167746580274226,-0.3059755219582569,0.15999300000000005,0.23930699999999994,-0.901998,-0.17137399999999997,-0.22517700000000007,-0.8869309999999999,0.331367,0.464484,0.015067000000000053,0.8593471132331066,0.34933000000000003,0.34933000000000003,0.14065288676689336,0.65067,-0.8869309999999999
562,2.341667,walk,0.462902,0.739774,0.950159,0.00529,-0.031135,-0.198314,-0.6508279337652573,-0.6141108711302669,-0.13054955603550655,-0.44309043948129845,0.19001294077972478,0.541510317086523,-0.012479001679877331,-0.03407727381808659,0.08255339572833767,-0.19294456443483993,-0.01847852171825991,-0.274778017758561,0.162653,0.24172399999999994,-0.90111,-0.169466,-0.2226950000000001,-0.887532,0.332119,0.464419,0.013577999999999979,0.8497035409221831,0.36422,0.36422,0.15029645907781686,0.63578,-0.887532
563,2.345833,walk,0.460006,0.737261,0.949648,0.005512,-0.03196,-0.199284,-0.6951512241959155,-0.6032165146423876,-0.12265962554007889,-0.16902360189405874,0.3726863239589239,0.47883309463778856,-0.025684109457507612,-0.04248679788766124,0.10081613058090015,-0.19587133941431784,-0.010561689870364011,-0.26812289966396746,0.16544199999999998,0.24405999999999994,-0.9001790000000001,-0.16738600000000003,-0.22022600000000003,-0.8881380000000001,0.332828,0.464286,0.012040999999999968,0.8127042322756945,0.37959,0.37959,0.18729576772430545,0.62041,-0.8881380000000001
564,2.35,walk,0.457017,0.734822,0.948989,0.007927,-0.031472,-0.200358,-0.7173026157906978,-0.5853131749459879,-0.15814734821215168,-1.0726675229437836,-0.4541735328252294,0.5642419615078331,-0.032397408207340536,-0.04439644828413234,0.12670986321093558,-0.1804655627549626,-0.00095992320614441,-0.24310055195582872,0.168296,0.24631400000000003,-0.898992,-0.165149,-0.21779099999999996,-0.888492,0.333445,0.464105,0.010500000000000065,0.7698066868324901,0.39499999999999996,0.39499999999999996,0.2301933131675099,0.605,-0.888492
565,2.354167,walk,0.454221,0.732312,0.948484,0.009777,-0.03184,-0.201892,-0.6709863210943481,-0.602351811855082,-0.12119030477561812,-0.8829734858649476,0.006078321423202031,0.7805621063959719,-0.036237101031922035,-0.051115910727148654,0.15190784737221755,-0.1660667146628408,-0.002879769618433537,-0.23446124310056235,0.170941,0.24861100000000003,-0.897854,-0.163045,-0.21529299999999996,-0.888964,0.333986,0.463904,0.008890000000000065,0.7261287918568469,0.4322166886848297,0.4322166886848297,0.27387120814315313,0.5677833113151702,-0.888964
566,2.358333,walk,0.451413,0.729772,0.948071,0.010927,-0.031835,-0.203088,-0.6740278444550889,-0.6096975516082375,-0.09913586173787456,-0.5228564179244081,-0.1042392115746619,0.6047285033542653,-0.04392702832454134,-0.04800768122899004,0.16490638502159896,-0.15938550168026397,0.00048007681227710855,-0.2186749879980742,0.17356599999999994,0.25095100000000004,-0.896754,-0.16090100000000002,-0.21275100000000002,-0.889462,0.33446699999999996,0.46370200000000006,0.007292000000000076,0.7045322113095668,0.47608505362657394,0.47608505362657394,0.2954677886904332,0.5239149463734261,-0.889462
567,2.3625,walk,0.448466,0.727241,0.947567,0.012131,-0.031819,-0.204271,-0.7072234221262701,-0.6073914086873208,-0.12095032397407535,-0.5472252425322207,-0.11469718120356799,0.5994575667982818,-0.05207583393326653,-0.05807535397167639,0.15334773218143266,-0.1559875209983234,-0.02111831053515263,-0.21430285577154756,0.17629600000000006,0.25324,-0.895611,-0.15860399999999997,-0.21030800000000005,-0.8898510000000001,0.33490000000000003,0.46354800000000007,0.005759999999999987,0.7132550194957922,0.4992302189563418,0.4992302189563418,0.2867449805042078,0.5007697810436582,-0.8898510000000001
568,2.366667,walk,0.445561,0.724673,0.947098,0.013401,-0.031661,-0.205239,-0.6971442284616785,-0.6162706983440984,-0.11255099592033217,-0.5673096160481701,-0.18979939810416643,0.49582755516456994,-0.06359491240702055,-0.06887449004080147,0.21214302855770148,-0.12862970962321774,-0.03167746580273889,-0.1951043916486565,0.17893599999999998,0.255521,-0.894258,-0.15623499999999996,-0.20787200000000006,-0.890195,0.33517099999999994,0.46339300000000005,0.004063000000000039,0.6134458754726764,0.5663235379527513,0.5663235379527513,0.38655412452732363,0.43367646204724875,-0.890195
569,2.370833,walk,0.442972,0.722139,0.946991,0.013494,-0.033303,-0.206151,-0.6214594335093464,-0.6082573211713794,-0.025684109457504874,-0.19319028251734746,0.771503019317415,0.44353067547974323,-0.06913106096974246,-0.049927988478151775,0.2842054728756534,-0.11857897263563044,-0.0460873739798283,-0.17570811329812372,0.18123700000000004,0.25784700000000005,-0.8929670000000001,-0.15414,-0.20553,-0.8908200000000001,0.33537700000000004,0.46337700000000004,0.00214700000000001,0.505461330472894,0.6169810181084094,0.505461330472894,0.494538669527106,0.38301898189159056,-0.8908200000000001
570,2.375,walk,0.440135,0.719605,0.946671,0.014835,-0.033261,-0.207495,-0.6808255339573093,-0.6081113510919225,-0.07679385649148106,-0.6056965631259509,-0.13886507263745065,0.6823751111794945,-0.058795296376304755,-0.07079433645309784,0.3558915286777216,-0.09119270458363542,-0.05591552675787122,-0.16918646508280044,0.18382899999999996,0.26008599999999993,-0.8911640000000001,-0.151683,-0.2032290000000001,-0.891205,0.335512,0.46331500000000003,4.099999999995774e-05,0.49959,0.6663888013591017,0.49959,0.50041,0.3336111986408983,-0.8911640000000001
571,2.379167,walk,0.43722,0.717071,0.946312,0.016455,-0.033019,-0.208837,-0.6995440364771139,-0.6081113510919491,-0.08615310775138339,-0.7167291922721706,-0.2604711187341178,0.6875141194980869,-0.07079433645307119,-0.08183345332371976,0.34773218142550155,-0.08375329973602211,-0.047276217902543965,-0.16510679145669127,0.18644900000000003,0.26227900000000004,-0.889356,-0.149117,-0.20089199999999996,-0.891534,0.33556600000000003,0.463171,0.0021780000000000133,0.47822,0.6815405634544639,0.47822,0.52178,0.3184594365455361,-0.889356
572,2.383333,walk,0.434394,0.714541,0.946188,0.017264,-0.033533,-0.210177,-0.6783485357657028,-0.6072971675467986,-0.02976476236198022,-0.4123515529431014,0.1756645772610987,0.6693161768487369,-0.094095055208845,-0.10777724435910235,0.3667786845895247,-0.05976956313009899,-0.04176668266922773,-0.15698511761881515,0.18888299999999997,0.26436000000000004,-0.887704,-0.14654,-0.19853599999999993,-0.8920640000000001,0.33542299999999997,0.462896,0.0043600000000000305,0.4564,0.7115116812891142,0.4564,0.5436000000000001,0.28848831871088576,-0.887704
573,2.3875,walk,0.431419,0.711994,0.945934,0.018267,-0.033017,-0.211573,-0.7139428845691923,-0.6112311015118337,-0.06095512359010343,-0.3982802367996579,-0.3266996791805382,0.705455948077271,-0.1137508999279927,-0.12455003599712397,0.3762898968082324,-0.06047516198703123,-0.03767698584114811,-0.15046796256298475,0.191384,0.26638799999999996,-0.8858820000000001,-0.14381699999999997,-0.19614600000000004,-0.892437,0.33520099999999997,0.462534,0.0065549999999999775,0.43445,0.7225242341047924,0.43445,0.56555,0.2774757658952076,-0.8858820000000001
574,2.391667,walk,0.428506,0.709432,0.945745,0.01893,-0.032947,-0.212883,-0.6990640748740418,-0.6148308135349607,-0.045356371490308224,-0.28549768281841215,-0.08397763586782456,0.655134550737891,-0.11663066954643836,-0.13006959443243488,0.3760499160067364,-0.06599472042237528,-0.03671706263498097,-0.1430285577153908,0.193811,0.2684080000000001,-0.884126,-0.141179,-0.19373699999999994,-0.892844,0.33499,0.46214500000000003,0.008718000000000004,0.41281999999999996,0.7304292809014392,0.41281999999999996,0.58718,0.2695707190985608,-0.884126
575,2.395833,walk,0.425586,0.706872,0.945627,0.019558,-0.03273,-0.214288,-0.7009121459433265,-0.6144983197311418,-0.028324531925095594,-0.2527987824332965,-0.14817428818990588,0.7024422838553057,-0.14162265962553128,-0.13370139222275912,0.371579452712424,-0.0674507921267326,-0.03696591454632339,-0.13346135381660557,0.196141,0.27041100000000007,-0.88246,-0.13854,-0.19133099999999992,-0.893282,0.334681,0.461742,0.010821999999999998,0.39178,0.7432682920108418,0.39178,0.60822,0.25673170798915823,-0.88246
576,2.4,walk,0.422759,0.704359,0.945596,0.020377,-0.032606,-0.215804,-0.6784257259419614,-0.6030717542596837,-0.0074394048476133096,-0.3503538408385533,-0.12264079808943228,0.7598972550661478,-0.1624670026398055,-0.14326853851691526,0.36741060715144575,-0.05687544996401573,-0.04343652507799256,-0.13270938324934728,0.198291,0.2723270000000001,-0.880898,-0.13595000000000002,-0.18899899999999992,-0.893804,0.334241,0.461326,0.012906000000000084,0.37093999999999994,0.7487070715397706,0.37093999999999994,0.6290600000000001,0.25129292846022944,-0.880898
577,2.404167,walk,0.419827,0.701805,0.945605,0.020722,-0.032779,-0.217354,-0.7036237101031465,-0.6129109671225798,0.0021598272138315835,-0.15871320798262303,0.06602587831077503,0.7665322459646422,-0.16726661867048362,-0.1473482121430204,0.369090472762156,-0.05879529637628517,-0.04871610271179551,-0.13390928725701032,0.20052600000000004,0.27426700000000004,-0.8793690000000001,-0.13326300000000002,-0.18664800000000004,-0.894371,0.33378900000000006,0.4609150000000001,0.01500199999999996,0.34997999999999996,0.7430853862495149,0.34997999999999996,0.65002,0.2569146137504851,-0.8793690000000001
578,2.408333,walk,0.417048,0.699237,0.945665,0.020738,-0.032859,-0.218904,-0.6670667306769686,-0.6164186269803692,0.014402304368687887,0.005080173142771318,0.056700467751348974,0.7616286358172172,-0.17786845895344464,-0.16106577052331766,0.3706192990878843,-0.034325492078736336,-0.034805568891013494,-0.11521843494960136,0.20256400000000008,0.27616399999999997,-0.877885,-0.130627,-0.18422499999999997,-0.894911,0.33319100000000007,0.46038899999999994,0.017025999999999986,0.3297399999999999,0.7914004715002799,0.3297399999999999,0.6702600000000001,0.20859952849972008,-0.877885
579,2.4125,walk,0.414225,0.69671,0.945724,0.02108,-0.032903,-0.220674,-0.6774658027357313,-0.6064314854811116,0.014158867290623387,-0.14081790790444654,0.0087253394458268,0.8761988143158925,-0.19846412287016363,-0.1423086153107556,0.3954883609311006,-0.03407727381808659,-0.029757619390450067,-0.11591072714182095,0.20456000000000002,0.27809799999999996,-0.876296,-0.127946,-0.18182200000000004,-0.895453,0.332506,0.45992,0.01915700000000009,0.30843,0.7926217012237097,0.30843,0.69157,0.20737829877629033,-0.876296
580,2.416667,walk,0.411476,0.694178,0.945796,0.021674,-0.032761,-0.222435,-0.6597072234221567,-0.6076313894888902,0.017278617710574578,-0.2391237102749177,-0.10507432362517642,0.8777450058026611,-0.20062395008401657,-0.14878809695223955,0.39548836093114276,-0.03479721622270527,-0.020398368130550903,-0.1060715142788637,0.20647299999999996,0.2800100000000001,-0.8747199999999999,-0.125342,-0.17937499999999995,-0.895967,0.33181499999999997,0.45938500000000004,0.021247000000000016,0.28752999999999995,0.8108637629419649,0.28752999999999995,0.71247,0.18913623705803506,-0.8747199999999999
581,2.420833,walk,0.408675,0.691672,0.945854,0.021973,-0.032983,-0.224271,-0.672347575612079,-0.6015362457993134,0.013922227556409242,-0.13920028400644044,0.09785503822967136,0.9075938576642829,-0.21555448871817806,-0.15314450312050168,0.3855016802688316,-0.03648583773403296,-0.028084493518970365,-0.10345655304848513,0.208376,0.2818780000000001,-0.873172,-0.122693,-0.17698599999999998,-0.8964559999999999,0.331069,0.45886400000000005,0.02328399999999997,0.26716,0.8112672855593769,0.26716,0.7328399999999999,0.18873271444062312,-0.873172
582,2.425,walk,0.406038,0.689212,0.946074,0.022025,-0.032827,-0.226187,-0.632829373650137,-0.5903527717782623,0.052795776337894895,0.018191590938541415,-0.05134762852647257,0.9451637397211565,-0.24742020638350162,-0.16750659947204422,0.3705303575714121,-0.03215742740581452,-0.010559155267562993,-0.09863210943124873,0.209982,0.28364,-0.871848,-0.12019000000000002,-0.17457,-0.897087,0.330172,0.45821,0.02523900000000001,0.24761000000000005,0.8262034322341958,0.24761000000000005,0.7523899999999999,0.1737965677658042,-0.871848
583,2.429167,walk,0.403269,0.686739,0.946285,0.021493,-0.032695,-0.227951,-0.6645068394528084,-0.593472522198202,0.050635949124084326,0.28646499037655127,0.02096338212077433,0.8599265282493415,-0.2673386129109651,-0.16030717542595663,0.3700503959683004,-0.029277657787377863,-0.00191984641228882,-0.09863210943123989,0.21163699999999996,0.28544500000000006,-0.870517,-0.11754300000000001,-0.17210499999999995,-0.8977090000000001,0.32918,0.45755,0.027192000000000105,0.22808,0.8284939257099551,0.22808,0.7719199999999999,0.17150607429004494,-0.870517
584,2.433333,walk,0.400606,0.684283,0.946451,0.022032,-0.032712,-0.22985,-0.6392222755640657,-0.5895343254920659,0.03984637542006599,-0.22853500049043027,-0.024245960892542853,0.94546235569459,-0.28228516562648165,-0.16610657705233006,0.35621699471914514,-0.02688430148823762,0.00912145943350491,-0.08521363418146698,0.21312399999999998,0.28720900000000005,-0.869199,-0.11499200000000004,-0.16961099999999996,-0.8982300000000001,0.328116,0.45682,0.02903100000000003,0.20969,0.8503028043467561,0.20969,0.7903100000000001,0.1496971956532439,-0.869199
585,2.4375,walk,0.397957,0.68189,0.946849,0.021176,-0.032808,-0.231789,-0.6357091432685705,-0.574274058075375,0.09551235901128573,0.4146659988068039,0.16672984313555694,0.9396225073401504,-0.31149508039358786,-0.17902567794577837,0.34749220062396713,-0.026637868970476913,0.01343892488599653,-0.07007439404847947,0.21447499999999997,0.288856,-0.8681490000000001,-0.112454,-0.16716200000000003,-0.89892,0.32692899999999997,0.45601800000000003,0.030770999999999993,0.19228999999999996,0.8730638670362868,0.19228999999999996,0.80771,0.1269361329637132,-0.8681490000000001
586,2.441667,walk,0.395343,0.679503,0.94699,0.021872,-0.032917,-0.233677,-0.6273098152148127,-0.5728341732661716,0.033837293016547434,-0.31187770314225566,2.579794924860858e-05,0.9430294289920135,-0.3400527957763538,-0.17422606191505582,0.3088552915766871,-0.023758099352056698,0.017998560115202945,-0.08735301175906236,0.21567199999999997,0.290517,-0.867003,-0.10993900000000001,-0.16469999999999996,-0.899425,0.325611,0.455217,0.03242200000000006,0.17578000000000005,0.8461697895367387,0.17578000000000005,0.82422,0.15383021046326129,-0.867003
587,2.445833,walk,0.392768,0.677235,0.947353,0.021752,-0.032972,-0.23565,-0.6180988958233133,-0.5444071051367918,0.08713394143062704,0.07597854530999776,0.06735302090102244,0.9711325824527052,-0.35021603456551803,-0.17450792126740597,0.30388862217954116,-0.021843494959194732,0.016802688430151844,-0.08665386461833662,0.21678799999999998,0.29205799999999993,-0.8661,-0.10745500000000002,-0.162362,-0.900149,0.324243,0.45441999999999994,0.034048999999999996,0.15950999999999999,0.848449120536606,0.15950999999999999,0.84049,0.15155087946339396,-0.8661
588,2.45,walk,0.390098,0.674883,0.947349,0.022771,-0.033052,-0.237424,-0.6407487401007542,-0.5644348452123537,-0.00095992320614441,-0.4606704913072355,-0.052198392336900046,0.8938816973475436,-0.39884809215258943,-0.19222462203021162,0.2786177105831353,-0.02327813774896864,0.017758579313658266,-0.07535397168226125,0.21779600000000005,0.293609,-0.864935,-0.10488199999999998,-0.15993599999999997,-0.900459,0.322678,0.453545,0.035524,0.14476,0.86526301459891,0.14476,0.85524,0.13473698540109003,-0.864935
589,2.454167,walk,0.387562,0.672636,0.947704,0.022588,-0.032599,-0.239309,-0.608591312695008,-0.5392368610511403,0.08519318454523889,0.16192056021977855,-0.1625267553145809,0.930751804666298,-0.4271658267338817,-0.17662586993043042,0.24694024478042936,-0.02855771538277926,0.02087832973360984,-0.07391408687305419,0.21855200000000002,0.29511999999999994,-0.864261,-0.10246500000000003,-0.15760200000000002,-0.901122,0.32101700000000005,0.45272199999999996,0.03686100000000003,0.13138999999999995,0.8634274714602513,0.13138999999999995,0.8686100000000001,0.13657252853974866,-0.864261
590,2.458333,walk,0.384967,0.670408,0.947834,0.023202,-0.032528,-0.241073,-0.6228996639462177,-0.5348055688910098,0.031204992798838194,-0.2550689318092995,-0.07745229647746024,0.8835264379738594,-0.4639942390782575,-0.1653864618338744,0.20691310609697025,-0.023523763802204587,0.02400384061449502,-0.07345175228036302,0.21921399999999996,0.296659,-0.863529,-0.099968,-0.15527400000000002,-0.901558,0.31918199999999997,0.45193300000000003,0.03802899999999998,0.11970999999999993,0.8653738536546918,0.11970999999999993,0.88029,0.13462614634530823,-0.863529
591,2.4625,walk,0.382399,0.668205,0.947967,0.023484,-0.032089,-0.242552,-0.6162706983441641,-0.5286777057835507,0.031917446604285055,-0.06138082268313438,-0.21483840735276022,0.7394046959547171,-0.5101991840652887,-0.20926325893929054,0.1725461963043029,-0.021598272138224885,0.023518118550527232,-0.06719462443004759,0.21965600000000002,0.29799,-0.862943,-0.09748999999999997,-0.15297300000000003,-0.901971,0.317146,0.450963,0.03902799999999995,0.10972000000000004,0.8760073387945814,0.10972000000000004,0.89028,0.12399266120541863,-0.862943
592,2.466667,walk,0.37983,0.666089,0.94803,0.023952,-0.031558,-0.243962,-0.6165106791456278,-0.5077993760498867,0.015118790496767797,-0.1381210512501821,-0.28027159868931134,0.7096915254549725,-0.5497960163186714,-0.20014398848090967,0.17518598512117833,-0.02039836813054873,0.020158387329005968,-0.06623470122389935,0.21993399999999996,0.299272,-0.862276,-0.09500599999999998,-0.15077300000000005,-0.9023100000000001,0.31493999999999994,0.45004500000000003,0.040034000000000014,0.09966000000000003,0.8797053426845053,0.09966000000000003,0.9003399999999999,0.12029465731549471,-0.862276
593,2.470833,walk,0.377219,0.663961,0.948175,0.024078,-0.031417,-0.245209,-0.6267402784445947,-0.5108017282765692,0.034805568891013494,-0.02680574943389166,-0.06126688924743013,0.6202716702588942,-0.6140182429189035,-0.24003840614500244,0.1397023523763911,-0.02160345655305848,0.020403264522325607,-0.063370139222279,0.219987,0.3004,-0.861839,-0.09248500000000004,-0.14856000000000003,-0.9027189999999999,0.312472,0.44896,0.040879999999999916,0.09120000000000011,0.8833478927744397,0.09120000000000011,0.9087999999999998,0.1166521072255603,-0.861839
594,2.475,walk,0.374604,0.661869,0.948326,0.024394,-0.031393,-0.246334,-0.6275497960162886,-0.5020398368130202,0.03623710103191818,-0.13051259481185531,-0.030929215958412002,0.5625615564898391,-0.6642668586512657,-0.2526997840172562,0.12479001679865008,-0.019678425725933764,0.022798176145896434,-0.06383489320854,0.21983400000000003,0.301439,-0.86147,-0.08995199999999998,-0.1463730000000001,-0.903136,0.309786,0.4478120000000001,0.04166600000000009,0.08334000000000003,0.8823624815897945,0.08334000000000003,0.91666,0.11763751841020553,-0.86147
595,2.479167,walk,0.372074,0.659818,0.948517,0.024596,-0.031209,-0.24738,-0.6071514278857912,-0.4922006239501125,0.04583633309336716,-0.05948495716672405,-0.09314752051465032,0.5228075743450968,-0.7449004079673955,-0.29469642428607223,0.07871370290377008,-0.017758579313660157,0.02111831053517927,-0.0587952963762931,0.21926,0.30226200000000003,-0.861333,-0.08749600000000002,-0.14423399999999997,-0.903572,0.30675600000000003,0.446496,0.042239000000000027,0.07761000000000001,0.8917534058134446,0.07761000000000001,0.92239,0.10824659418655536,-0.861333
596,2.483333,walk,0.369496,0.657792,0.948679,0.024998,-0.031493,-0.24845,-0.6188190110417556,-0.486317810849716,0.03888622179548513,-0.2079916114445349,0.10127534693664572,0.5347641982727395,-0.8110897743638811,-0.2938070091214521,0.046807489198270616,-0.01776284205473271,0.019683149303867793,-0.05184829572731517,0.21845900000000001,0.303064,-0.8613000000000001,-0.08499200000000001,-0.14212600000000009,-0.90395,0.303451,0.4451900000000001,0.042649999999999966,0.07350000000000001,0.9029434486983253,0.07350000000000001,0.9265,0.09705655130167468,-0.8613000000000001
597,2.4875,walk,0.366954,0.655827,0.948845,0.025075,-0.031701,-0.249278,-0.6100311975042249,-0.4715622750180188,0.0398368130549573,-0.05071866177531595,0.10072648883141744,0.40975667686390255,-0.8620110391169196,-0.34845212383011165,0.0047996160307192315,-0.017998560115189625,0.01919846412289025,-0.05135589152867979,0.21740899999999996,0.303577,-0.861446,-0.08252500000000002,-0.140081,-0.9043300000000001,0.299934,0.443658,0.04288400000000003,0.07115999999999995,0.903823703751861,0.07115999999999995,0.9288400000000001,0.09617629624813895,-0.861446
598,2.491667,walk,0.364468,0.653911,0.94907,0.025258,-0.031736,-0.250077,-0.5965922726181514,-0.4598032157427195,0.053995680345549794,-0.07956811923349318,0.007200982360841414,0.3987874315372478,-0.9368850491960117,-0.36501079913604556,-0.038156947444203664,-0.019198464122861556,0.02135829133669314,-0.05063594912406601,0.21599099999999993,0.303972,-0.86183,-0.080119,-0.13807599999999998,-0.904766,0.29610999999999993,0.442048,0.042935999999999974,0.07064000000000009,0.9029782816811551,0.07064000000000009,0.92936,0.09702171831884487,-0.86183
599,2.495833,walk,0.362053,0.652024,0.949341,0.025035,-0.031819,-0.250666,-0.5796927508401186,-0.4529524723955642,0.06505040806529376,0.1007669044848529,0.07473113910636137,0.2870245956604001,-0.9853576572251085,-0.4169467114738217,-0.04728756601056105,-0.01656265002401329,0.02112337974075242,-0.0489678348535759,0.21430100000000002,0.304122,-0.862298,-0.07777300000000004,-0.13610100000000003,-0.905241,0.29207400000000006,0.44022300000000003,0.04294299999999995,0.07057000000000008,0.9069294264529292,0.07057000000000008,0.92943,0.09307057354707082,-0.862298
600,2.5,walk,0.359561,0.650121,0.949567,0.024816,-0.031993,-0.25119,-0.5980321574274318,-0.4566834653228188,0.05423566114712498,0.08710107921733197,0.11549743620079085,0.2541841631788846,-1.0597552195825026,-0.4562035037197332,-0.0751139908807315,-0.019438444924406394,0.02327813774898444,-0.04607631389488997,0.21237699999999993,0.30412400000000006,-0.8628370000000001,-0.07536200000000004,-0.13410099999999991,-0.905659,0.28773899999999997,0.438225,0.042821999999999916,0.07178000000000001,0.9080647640352746,0.07178000000000001,0.92822,0.09193523596472541,-0.8628370000000001
601,2.504167,walk,0.357178,0.648292,0.949843,0.024533,-0.032357,-0.251714,-0.5718742500600271,-0.438924886009132,0.06623470122389143,0.09382964915030093,0.2114972552654938,0.25166195216554454,-1.1183105351572378,-0.5118790496760617,-0.10223182145428732,-0.021598272138224885,0.02591792656587519,-0.03263738900888178,0.21009999999999995,0.30382,-0.863539,-0.073069,-0.13216399999999995,-0.906071,0.28316899999999995,0.4359839999999999,0.042532000000000014,0.07467999999999997,0.9217656043576599,0.07467999999999997,0.92532,0.07823439564234014,-0.863539
602,2.508333,walk,0.354818,0.6465,0.950155,0.023912,-0.032499,-0.252325,-0.5664906385021384,-0.4301488238118019,0.07489198271722766,0.2788629354325687,0.15045598585142325,0.29019800822242164,-1.1665866538645806,-0.541286605856924,-0.13370139222275246,-0.018722995679313577,0.024243879020646897,-0.03600576092174586,0.20759999999999995,0.303357,-0.864408,-0.07078700000000004,-0.13027099999999991,-0.9065329999999999,0.278387,0.4336279999999999,0.04212499999999997,0.07874999999999999,0.92121176313248,0.07874999999999999,0.92125,0.07878823686752001,-0.864408
603,2.5125,walk,0.352425,0.64473,0.950461,0.023543,-0.03267,-0.252757,-0.5742740580753272,-0.4247660187184618,0.07343412526998076,0.1559929854513475,0.13071077032926393,0.20606330124698036,-1.2265418766497878,-0.5601151907846904,-0.1437485001199822,-0.016078713702898886,0.030237580993508952,-0.03647708183345095,0.204882,0.302793,-0.865313,-0.068461,-0.12837500000000002,-0.906991,0.273343,0.431168,0.04167799999999999,0.08322000000000002,0.9166097887811785,0.08322000000000002,0.9167799999999999,0.08339021121882151,-0.865313
604,2.516667,walk,0.350112,0.642961,0.950791,0.022738,-0.032598,-0.25301,-0.5550755939525114,-0.42452603791699095,0.07919366450685567,0.3857042217676688,0.06780012328923032,0.1109143187549655,-1.263738900887985,-0.6114710823134416,-0.16414686825054842,-0.014158867290611575,0.02951763858891045,-0.038876889848814454,0.20192900000000003,0.302014,-0.8663270000000001,-0.06620699999999996,-0.126483,-0.907483,0.268136,0.428497,0.04115599999999997,0.08844000000000002,0.9152917248707277,0.08844000000000002,0.9115599999999999,0.08470827512927226,-0.8663270000000001
605,2.520833,walk,0.347771,0.641266,0.951086,0.022252,-0.032964,-0.253351,-0.561929908785386,-0.40686509841573587,0.07081132981275232,0.18542282317895192,0.2340259187519375,0.15769849734755575,-1.314930388862178,-0.644983197311551,-0.17546807489197686,-0.015362457993280542,0.02688430148823762,-0.03120499279884652,0.19879200000000002,0.301022,-0.867353,-0.06392999999999999,-0.12467600000000001,-0.9079079999999999,0.262722,0.425698,0.0405549999999999,0.09445000000000003,0.9267325607092256,0.09445000000000003,0.90555,0.0732674392907744,-0.867353
606,2.525,walk,0.3455,0.639553,0.951482,0.021529,-0.033213,-0.25359,-0.5449964002880073,-0.4110871130309678,0.09503239740822679,0.30833336717914445,0.20683639587986896,0.1033425403697714,-1.376289896808329,-0.6702663786897464,-0.2008639308855394,-0.021358291336695416,0.02111831053515263,-0.02783777297816255,0.195328,0.29994199999999993,-0.8685860000000001,-0.06174799999999997,-0.12287500000000007,-0.90842,0.25707599999999997,0.422817,0.039833999999999925,0.10166000000000008,0.9317459554909012,0.10166000000000008,0.8983399999999999,0.06825404450909878,-0.8685860000000001
607,2.529167,walk,0.343146,0.637882,0.951804,0.020668,-0.033371,-0.253826,-0.5649148068154125,-0.40100791936644764,0.07727381809453175,0.38342898254954666,0.18130864257452722,0.10008274073999265,-1.4233261339092051,-0.7007439404847,-0.2068634509239139,-0.02039836813054873,0.01943844492440432,-0.024238060955123042,0.19175099999999995,0.2986930000000001,-0.8697699999999999,-0.059479000000000004,-0.12112299999999998,-0.908843,0.25122999999999995,0.4198160000000001,0.039073000000000024,0.10927000000000003,0.9380540073412343,0.10927000000000003,0.89073,0.06194599265876566,-0.8697699999999999
608,2.533333,walk,0.340869,0.636293,0.95209,0.020163,-0.033654,-0.253763,-0.5465674507921771,-0.38142102736439687,0.06865098415747267,0.19898968370768524,0.19192771261364738,-0.042322023413376667,-1.4615938550169212,-0.7493999039847136,-0.22107537205954494,-0.009601536245796367,0.01104176668266782,-0.026884301488240486,0.18793899999999997,0.29716,-0.870977,-0.05724199999999996,-0.11948800000000004,-0.909241,0.24518099999999993,0.416648,0.038263999999999965,0.11735999999999996,0.9489859557391729,0.11735999999999996,0.8826400000000001,0.05101404426082712,-0.870977
609,2.5375,walk,0.338601,0.634637,0.952532,0.01953,-0.033801,-0.253846,-0.5442764578833343,-0.3974082073433861,0.10607151427886406,0.27692992124775767,0.14631516272573747,0.028559050326937317,-1.5065994720421196,-0.7691384689224425,-0.22246220302374722,-0.011519078473719599,0.015118790496767797,-0.02063834893208317,0.18392900000000006,0.29561099999999996,-0.8723460000000001,-0.05502199999999996,-0.11776900000000001,-0.909769,0.23895100000000002,0.41337999999999997,0.037422999999999984,0.1257700000000001,0.9532379414954077,0.1257700000000001,0.8742299999999998,0.04676205850459225,-0.8723460000000001
610,2.541667,walk,0.336292,0.633041,0.952954,0.018732,-0.034002,-0.25381,-0.5541156707463669,-0.38300935925128743,0.10127189824812616,0.34525747593689254,0.18983213390000722,-0.033722279637997045,-1.5509959203264438,-0.8312934965202952,-0.23086153107752208,-0.008159347252228355,0.015118790496769409,-0.023758099352053367,0.17977500000000007,0.2937430000000001,-0.87373,-0.05274699999999999,-0.11610999999999994,-0.9102899999999999,0.23252200000000006,0.409853,0.036559999999999926,0.13440000000000002,0.9511351052364876,0.13440000000000002,0.8655999999999999,0.04886489476351241,-0.87373
611,2.545833,walk,0.334066,0.631447,0.953308,0.018284,-0.034255,-0.253729,-0.5343254920787194,-0.382621219395089,0.08497359577534008,0.17590297422446186,0.17090424462698262,-0.04972948861556233,-1.5849735957752868,-0.8612578012481846,-0.21363418146902965,-0.004320691310613901,0.012241958713399389,-0.01800288046087293,0.17539800000000005,0.29174900000000004,-0.874974,-0.050539,-0.11446499999999993,-0.9107190000000001,0.22593700000000005,0.40621399999999996,0.03574500000000003,0.14255,0.9630075971977327,0.14255,0.85745,0.03699240280226734,-0.874974
612,2.55,walk,0.331822,0.629957,0.953762,0.017653,-0.03466,-0.253704,-0.5385169186465253,-0.3575713942884712,0.10895128389728226,0.24301183005514723,0.2644297502252489,-0.026012576994891935,-1.6105111591073504,-0.8620110391169196,-0.21382289416847697,-0.008879289656816758,0.007919366450672245,-0.005999520038398207,0.170931,0.289647,-0.876319,-0.048331999999999986,-0.11294199999999999,-0.911198,0.21926299999999999,0.402589,0.03487899999999999,0.15121,0.9777918689514635,0.15121,0.8487899999999999,0.022208131048536472,-0.876319
613,2.554167,walk,0.329619,0.628416,0.954199,0.017353,-0.034956,-0.253589,-0.5286777057835076,-0.3698104151667676,0.10487161027117689,0.1014201320001109,0.1724493744995783,-0.06388925584085797,-1.6671466282696323,-0.886969042476529,-0.18910487161025893,-0.007919366450684723,0.006959443244526991,-0.005999520038395902,0.16618700000000003,0.2874920000000001,-0.877544,-0.04616199999999998,-0.11137200000000003,-0.91166,0.212349,0.3988640000000001,0.034116000000000035,0.15884000000000004,0.979782814245113,0.15884000000000004,0.8411599999999999,0.020217185754886957,-0.877544
614,2.558333,walk,0.327358,0.626869,0.954655,0.016725,-0.034883,-0.253255,-0.5427268362937953,-0.37133941430627043,0.10945751320211221,0.2955192731833442,0.03810420423875782,-0.17720460785853104,-1.7198751800287653,-0.9282285165626402,-0.18266922707632668,-0.004320691310613901,0.0031204992798944792,-0.008641382621219473,0.161283,0.285172,-0.878761,-0.043918999999999986,-0.10981200000000002,-0.9121520000000001,0.205202,0.394984,0.03339100000000006,0.16608999999999996,0.9830786638001547,0.16608999999999996,0.83391,0.01692133619984526,-0.878761
615,2.5625,walk,0.325116,0.625417,0.955078,0.016342,-0.034944,-0.252926,-0.538036957043453,-0.34845212383011165,0.10151187904966895,0.16548978238395898,0.07070739748691393,-0.1704791620193046,-1.7413006959444002,-0.9299256059515572,-0.16726661867051476,-0.0035997120230352605,0.0019198464122890248,-0.005759539236860413,0.156269,0.28274900000000003,-0.879881,-0.04169200000000001,-0.108352,-0.9125989999999999,0.197961,0.39110100000000003,0.032717999999999914,0.17282000000000003,0.9882365881370693,0.17282000000000003,0.82718,0.011763411862930728,-0.879881
616,2.566667,walk,0.322889,0.623982,0.955445,0.016305,-0.035159,-0.252431,-0.534437245020431,-0.34437245020399077,0.08807295416367242,-0.01627750340757012,0.09832008211084117,-0.246790601956461,-1.7806575473962853,-0.9428845692345215,-0.14326853851692525,-0.004079673626107516,0.003359731221492472,-0.006959443244541054,0.15107600000000004,0.2802549999999999,-0.880845,-0.03948199999999996,-0.10690300000000008,-0.912995,0.190558,0.387158,0.03215000000000001,0.17850000000000005,0.9854354519990209,0.17850000000000005,0.8214999999999999,0.01456454800097906,-0.880845
617,2.570833,walk,0.320619,0.622542,0.95598,0.015741,-0.035325,-0.252087,-0.5448871819490956,-0.34565530484876555,0.12842054728757765,0.23659676882476624,0.14111969834069504,-0.18188050853279608,-1.849495919347049,-0.9671147383580987,-0.12337974075851812,-0.006000960153623755,0.0036005760921982376,-0.008401344215074257,0.14564100000000002,0.27766599999999997,-0.8818940000000001,-0.037236999999999965,-0.10544799999999999,-0.9135650000000001,0.18287799999999999,0.38311399999999995,0.031671000000000005,0.18329000000000006,0.9817762170364253,0.18329000000000006,0.8167099999999999,0.01822378296357474,-0.8818940000000001
618,2.575,walk,0.318416,0.621099,0.956514,0.015393,-0.035284,-0.251656,-0.5286777057835076,-0.34629229661626953,0.1281497480201322,0.16005558612370246,0.017803694023096124,-0.22001127827011382,-1.8644108471321221,-0.9630429565634269,-0.09599232061434443,-0.0028797696184332303,0.0009599232061177668,-0.0040796736261104125,0.140075,0.275096,-0.882828,-0.035045999999999966,-0.10400100000000001,-0.9141159999999999,0.17512099999999997,0.379097,0.03128799999999998,0.18712,0.9915248299734402,0.18712,0.81288,0.008475170026559842,-0.882828
619,2.579167,walk,0.316214,0.619682,0.957021,0.015152,-0.035375,-0.25121,-0.5284377249820212,-0.3400527957763538,0.1216702663787037,0.09417209254751575,0.0660871322962884,-0.2257744827856031,-1.9172066234702023,-0.9860811135109445,-0.07295416366690967,-0.0033597312215057932,-0.0009599232061178691,-0.0009599232061428472,0.13428800000000002,0.2724040000000001,-0.8836390000000001,-0.032858,-0.1025879999999999,-0.914627,0.16714600000000002,0.374992,0.030987999999999905,0.19012,0.9939606156025413,0.19012,0.8098799999999999,0.006039384397458658,-0.8836390000000001
620,2.583333,walk,0.313988,0.618297,0.957525,0.014735,-0.035529,-0.250595,-0.5343254920787194,-0.3324531925107853,0.12097935669705596,0.16577347492916547,0.11458686249362961,-0.31317201262719147,-1.9455112818050424,-0.9985597695631154,-0.049207873259719453,-0.003840614498323467,0.0014402304368579754,0.0014402304368696345,0.128409,0.269629,-0.8843479999999999,-0.03064800000000001,-0.10119699999999998,-0.915125,0.159057,0.370826,0.030777000000000054,0.19222999999999996,0.9927545326147096,0.19222999999999996,0.8077700000000001,0.007245467385290416,-0.8843479999999999
621,2.5875,walk,0.311902,0.616882,0.958207,0.013721,-0.03598,-0.249794,-0.500599952003857,-0.3395728341732682,0.1636669066474928,0.4043264503429274,0.3221896093773009,-0.41702594635503537,-1.971442284617314,-0.9872810175186318,-0.01607871370290726,-0.002159827213818492,0.0023998080153479593,-0.0019198464122873594,0.12228,0.26693,-0.885097,-0.028571000000000013,-0.09977200000000008,-0.915815,0.150851,0.3667020000000001,0.030718000000000023,0.19282000000000005,0.9937395105021758,0.19282000000000005,0.80718,0.0062604894978242065,-0.885097
622,2.591667,walk,0.309513,0.615614,0.958638,0.013482,-0.03553,-0.249355,-0.5733141348691827,-0.3042956563474849,0.10343172546194696,0.1582325242910374,-0.1855042310281246,-0.22097168454007052,-2.0141588672905035,-1.0167986561074607,-0.004559635229179287,-0.00095992320614441,0.00263978881691711,0.0,0.11627599999999999,0.263961,-0.885547,-0.026185999999999987,-0.09849299999999994,-0.916246,0.14246199999999998,0.36245399999999994,0.030699000000000032,0.19300999999999996,0.995318494556112,0.19300999999999996,0.8069900000000001,0.004681505443888012,-0.885547
623,2.595833,walk,0.307318,0.614301,0.95914,0.013471,-0.035686,-0.248593,-0.5268843014882805,-0.31517042726838995,0.1204992798847917,-0.025325901794574137,0.06559735512475215,-0.3780520117461104,-2.038166106577207,-1.0098415746520149,0.035285645703313974,-0.0016802688430100335,0.003360537686020067,0.0016802688430150303,0.10998000000000002,0.26106700000000005,-0.885902,-0.023997999999999964,-0.09716599999999997,-0.916741,0.13397799999999999,0.358233,0.03083900000000006,0.19161000000000006,0.9931403311732112,0.19161000000000006,0.8083899999999999,0.0068596688267887895,-0.885902
624,2.6,walk,0.30508,0.613013,0.959756,0.012743,-0.035813,-0.248121,-0.5370770338372512,-0.3090952723781803,0.14782817374610593,0.31575809930091897,0.14064734007108817,-0.24758403548232316,-2.057835373170021,-1.0103191744659925,0.0671946244300421,-0.00023998080154276333,0.006959443244526991,-0.0007199424046066424,0.10364299999999999,0.25814499999999996,-0.8862380000000001,-0.02176100000000003,-0.09584900000000007,-0.9173600000000001,0.12540400000000002,0.35399400000000003,0.031121999999999983,0.18878000000000006,0.9883321717096334,0.18878000000000006,0.8112199999999999,0.01166782829036661,-0.8862380000000001
625,2.604167,walk,0.302839,0.611738,0.960315,0.012157,-0.035801,-0.247405,-0.5377969762419236,-0.30597552195826355,0.13414926805855573,0.26254257578937,0.05654853555028626,-0.3653950880668126,-2.0871130309576214,-1.0237580993520967,0.08183345332373641,-0.0009599232061445124,0.0071994240460971646,-0.0002399808015361281,0.09718699999999997,0.255154,-0.886456,-0.01952400000000004,-0.09454399999999996,-0.9179200000000001,0.11671100000000001,0.34969799999999995,0.03146400000000005,0.18536000000000008,0.9878881658029197,0.18536000000000008,0.8146399999999999,0.012111834197080285,-0.886456
626,2.608333,walk,0.300584,0.61049,0.960851,0.01157,-0.03589,-0.246657,-0.541286605856924,-0.2995679308689373,0.1286605856937029,0.2505476229685045,0.10336996985163358,-0.38143806916618644,-2.0979356697070886,-1.035045607297135,0.1192990878540561,-0.0004800768122904334,0.007921267402772164,-0.0002400384061452167,0.090702,0.25209000000000004,-0.886495,-0.017271000000000036,-0.09326299999999998,-0.918457,0.10797300000000004,0.345353,0.031961999999999935,0.18037999999999998,0.9867676144915061,0.18037999999999998,0.81962,0.013232385508493927,-0.886495
627,2.6125,walk,0.298304,0.609259,0.96142,0.010859,-0.036104,-0.246118,-0.5471562275018259,-0.29541636669067395,0.13654907607393033,0.2966001346706247,0.1782822543854055,-0.2801712965276911,-2.1195104391649653,-1.0287976961843621,0.15262778977682426,0.006959443244541054,0.0026397888168907483,-0.0011999040076789752,0.08415,0.24903399999999998,-0.886428,-0.01496200000000003,-0.09202100000000002,-0.919031,0.09911200000000003,0.341055,0.03260300000000005,0.17397,0.9874343827914541,0.17397,0.82603,0.012565617208545876,-0.886428
628,2.616667,walk,0.296147,0.608016,0.962023,0.010203,-0.036373,-0.245529,-0.5176385889128602,-0.2982961363090757,0.14470842332610329,0.26372229727862206,0.19691789243466726,-0.30392843780510104,-2.1288696904246405,-1.0304775617949984,0.17206623470121232,0.01535877129829724,0.0031197504199759933,-0.011039116870650725,0.077436,0.24598299999999995,-0.8863139999999999,-0.012741000000000002,-0.09076499999999998,-0.9196799999999999,0.09017700000000001,0.33674799999999994,0.03336600000000001,0.16634000000000004,0.9680500912990252,0.16634000000000004,0.83366,0.031949908700974805,-0.8863139999999999
629,2.620833,walk,0.293898,0.606833,0.96256,0.009455,-0.036167,-0.244903,-0.5398463754200526,-0.28396543446951816,0.12890062409985478,0.3620437011670383,-0.013731540058332476,-0.32366962076387307,-2.1572251560249103,-1.043446951512211,0.1829092654824719,0.008161305808937367,0.004320691310600575,-0.008401344215074257,0.07069799999999998,0.242819,-0.886089,-0.010457999999999967,-0.08956399999999998,-0.920252,0.08115599999999995,0.332383,0.03416299999999994,0.15837,0.9791928250536921,0.15837,0.84163,0.020807174946307905,-0.886089
630,2.625,walk,0.29159,0.605649,0.963096,0.008495,-0.036281,-0.244393,-0.5538756899448242,-0.2841372690184826,0.12862970962323145,0.4247502976015203,0.16122911802848644,-0.26996496734241787,-2.1641468682506315,-1.0407967362611286,0.22750179985602295,-0.004799616030722562,0.010559155267589635,0.002879769618431872,0.06398799999999999,0.23966600000000005,-0.8856769999999999,-0.00817000000000001,-0.08833599999999997,-0.9207759999999999,0.072158,0.328002,0.03509899999999999,0.14901000000000003,0.9800817541028697,0.14901000000000003,0.8509899999999999,0.019918245897130316,-0.8856769999999999
631,2.629167,walk,0.289344,0.604463,0.963633,0.007754,-0.036495,-0.243973,-0.5389968802496108,-0.2846172306215682,0.12886969042477422,0.3126205322672584,0.18291894561608865,-0.22130181759334785,-2.16342692584603,-1.0465562754980222,0.2491000719942512,-0.004079673626107516,0.01127909767219136,0.005039596832252029,0.05721900000000002,0.236491,-0.885176,-0.005940999999999974,-0.08710299999999993,-0.921292,0.06316,0.32359399999999994,0.03611600000000004,0.13884000000000002,0.9783167167931637,0.13884000000000002,0.8611599999999999,0.021683283206836323,-0.885176
632,2.633333,walk,0.287135,0.603315,0.964156,0.007244,-0.036713,-0.243508,-0.5302448391742574,-0.2755640902544156,0.12554008641383507,0.20400504434134387,0.1574424396444183,-0.23931179907090655,-2.1958713394142437,-1.0465674507921054,0.26548247719634316,-0.0004800768122904334,0.0052808449351814425,0.00072011521843565,0.05028000000000005,0.2332789999999999,-0.884593,-0.0037339999999999596,-0.08593300000000004,-0.921812,0.054014000000000006,0.31921199999999994,0.037219,0.1278100000000001,0.9910811742640523,0.1278100000000001,0.8721899999999999,0.00891882573594771,-0.884593
633,2.6375,walk,0.28483,0.602177,0.964591,0.006688,-0.037157,-0.242981,-0.5531557475401502,-0.27309815214783156,0.10439164866809136,0.19786854713362523,0.267587503922657,-0.27039234847108407,-2.207343412526873,-1.0415166786656191,0.2759779217662415,-0.0011999040076871733,0.00503959683223817,0.0,0.04338699999999995,0.2300770000000001,-0.8838779999999999,-0.0014340000000000463,-0.08477400000000002,-0.9222469999999999,0.044821,0.3148510000000001,0.038368999999999986,0.11631000000000008,0.9913658774718548,0.11631000000000008,0.8836899999999999,0.008634122528145216,-0.8838779999999999
634,2.641667,walk,0.28252,0.601069,0.965044,0.005893,-0.037295,-0.242619,-0.5543556515479097,-0.2658987281017635,0.10871130309576611,0.3475961482172711,0.15413023153068417,-0.1936448780147826,-2.2032637389009873,-1.0451163906887921,0.2860571154307816,-0.0014398848092167685,0.002159827213831814,-0.0016798656107512315,0.03651599999999999,0.2268300000000001,-0.883139,0.0008699999999999819,-0.08365699999999998,-0.922707,0.03564600000000001,0.31048700000000007,0.03956800000000005,0.10431999999999997,0.9948467727674769,0.10431999999999997,0.89568,0.005153227232523094,-0.883139
635,2.645833,walk,0.280249,0.599978,0.965444,0.005696,-0.037451,-0.24237,-0.5451272203552341,-0.26188190110415827,0.09601536245798008,0.0692127098147756,0.09382000961482052,-0.12648727033186757,-2.220355256841029,-1.0333653384541253,0.33989438310128706,-0.001200192030719421,0.0012001920307327459,-0.00072011521843565,0.02953699999999998,0.22361600000000004,-0.882123,0.003135999999999972,-0.082561,-0.92311,0.026401000000000008,0.30617700000000003,0.040986999999999996,0.09012999999999993,0.9969270500288542,0.09012999999999993,0.9098700000000001,0.003072949971145822,-0.882123
636,2.65,walk,0.277932,0.598841,0.965869,0.005025,-0.037839,-0.24212,-0.556035517158656,-0.27285817134631785,0.10199184065275453,0.2627239168812127,0.2569909806068966,-0.13537875067084731,-2.2092632589393837,-1.0386369090473233,0.3328533717302766,-0.002399808015361281,-0.001679865610746236,-0.0014398848092151033,0.022648,0.2204250000000001,-0.881161,0.005442999999999976,-0.08143099999999992,-0.923541,0.017205000000000026,0.301856,0.04237999999999997,0.07619999999999993,0.9945598470087464,0.07619999999999993,0.9238000000000001,0.005440152991253555,-0.881161
637,2.654167,walk,0.275649,0.597736,0.966115,0.005233,-0.038117,-0.241876,-0.5478761699063825,-0.26517878569710684,0.05903527717781461,-0.1334057510790636,0.10370938060255047,-0.11612534683372537,-2.2025437964961507,-1.0412766978641297,0.3496520278377517,-0.00095992320614441,-0.003599712023034877,-0.0009599232061427448,0.015753000000000017,0.2171909999999999,-0.8799499999999999,0.007722000000000007,-0.080341,-0.9237909999999999,0.00803100000000001,0.2975319999999999,0.04384100000000002,0.06158999999999998,0.9935880251412412,0.06158999999999998,0.93841,0.006411974858758773,-0.8799499999999999
638,2.658333,walk,0.273382,0.596721,0.966537,0.00462,-0.038295,-0.241669,-0.5441670667307112,-0.24363898223720104,0.10129620739319896,0.26098774802446806,0.15263368004513098,-0.11358753624681649,-2.215074411906084,-1.0446471435430285,0.36269803168509795,0.00048007681229048457,-0.0033605376860467166,0.00048007681229048457,0.008791999999999967,0.2138540000000001,-0.878861,0.009990999999999972,-0.07933999999999997,-0.924211,0.0011990000000000056,0.29319400000000007,0.04535,0.046499999999999986,0.9942859430080191,0.046499999999999986,0.9535,0.005714056991980909,-0.878861
639,2.6625,walk,0.270998,0.595694,0.966822,0.004434,-0.038592,-0.241527,-0.5721142308614956,-0.24646028317733082,0.06839452843771594,0.04955191619047669,0.15903247655581823,-0.07294319286780647,-2.2145428365729294,-1.0335973122149744,0.384689224861986,0.002399808015361025,-0.00311975041994935,-0.0021598272138232573,0.0019480000000000053,0.21057400000000004,-0.877543,0.01238499999999998,-0.0783259999999999,-0.9245049999999999,0.010436999999999974,0.28889999999999993,0.04696199999999995,0.030380000000000074,0.9925172838437621,0.030380000000000074,0.9696199999999999,0.007482716156237856,-0.877543
640,2.666667,walk,0.268756,0.594675,0.967148,0.004289,-0.038902,-0.241377,-0.5380369570434663,-0.24454043676506806,0.07823374130071115,0.028820467573014704,0.16027546899892994,-0.07616631097943481,-2.1840652747781237,-1.0290376769858782,0.41156707463405,0.006479481641468798,-0.007919366450698889,0.008639308855292285,-0.004910999999999999,0.20730500000000007,-0.876154,0.014654,-0.07733999999999996,-0.924795,0.019565,0.28464500000000004,0.048641000000000045,0.013589999999999991,0.9776804952750765,0.013589999999999991,0.98641,0.0223195047249235,-0.876154
641,2.670833,walk,0.266483,0.593662,0.967535,0.00339,-0.03923,-0.241185,-0.5456072971675245,-0.24315890542484467,0.09289486317811224,0.37697087837225574,0.25575552659630557,-0.11124497921296238,-2.199471915506415,-1.018722995679287,0.40662506000959064,0.011761881901108955,0.006240998559762309,0.007681228996638606,-0.011801000000000006,0.20407399999999998,-0.874847,0.01697599999999999,-0.07630100000000006,-0.92515,0.028776999999999997,0.28037500000000004,0.05030299999999999,0.0,0.9743802806103605,0.0,1.0,0.025619719389639473,-0.874847
642,2.675,walk,0.264085,0.592646,0.967764,0.003183,-0.039792,-0.24095,-0.5754739620830623,-0.24382049436046635,0.054955603551700066,0.026916628995522565,0.2844620587976958,-0.11835052680723648,-2.1833453323735155,-1.0309575233981672,0.4228461723062347,0.0019198464122890248,-0.00023998080151614568,-0.0026397888168940785,-0.018501000000000017,0.20079400000000003,-0.8733139999999999,0.01938200000000001,-0.07528599999999996,-0.9253899999999999,0.03788300000000003,0.27608,0.05207600000000001,0.0,0.9945451637081102,0.0,1.0,0.0054548362918898086,-0.8733139999999999
643,2.679167,walk,0.261838,0.591694,0.968013,0.003242,-0.039938,-0.240935,-0.5392368610510828,-0.2284617230621298,0.0597552195824429,-0.044634120024109956,0.061144383837920015,-0.005846330635082804,-2.176625869930272,-1.0167986561074607,0.42020638348929257,0.0014398848092032936,-0.00671946244301087,0.0014398848092149498,-0.025324000000000013,0.19750899999999993,-0.871812,0.02163499999999996,-0.07436200000000004,-0.925633,0.04695899999999997,0.271871,0.05382100000000001,0.0,0.9882979450937244,0.0,1.0,0.011702054906275627,-0.871812
644,2.683333,walk,0.259595,0.590743,0.968292,0.003283,-0.040235,-0.241034,-0.5384061449831814,-0.2282765242438812,0.06697071531445549,-0.051599620880047214,0.1343856240707959,0.0506917019612547,-2.173547767642765,-1.009601536245782,0.4320691310609603,-0.0004800768122904334,-0.008641382621227801,-0.003120499279884486,-0.032136000000000026,0.19425399999999993,-0.870291,0.023875999999999953,-0.07344700000000004,-0.925925,0.05601199999999998,0.26770099999999997,0.05563399999999996,0.0,0.9846665323277699,0.0,1.0,0.015333467672230094,-0.870291
645,2.6875,walk,0.257301,0.589769,0.968568,0.002961,-0.040756,-0.240926,-0.5505159587233317,-0.2337413006959623,0.06623470122389143,0.08751213741177354,0.2794425247701505,-0.057997309063135584,-2.15886729061685,-1.0129589632829643,0.43004559635231193,-0.0007199424046017234,-0.008879289656816758,-0.0014398848092151033,-0.03883800000000001,0.19100700000000004,-0.868775,0.026166999999999996,-0.07250999999999996,-0.926207,0.06500500000000001,0.263517,0.05743200000000004,0.0,0.9849599266643148,0.0,1.0,0.015040073335685245,-0.868775
646,2.691667,walk,0.254958,0.588809,0.968806,0.002978,-0.041456,-0.240976,-0.5622750179985819,-0.2303815694744432,0.057115430765531876,-0.08793823398983852,0.32471414892392847,0.027464926558926066,-2.140628749700118,-0.9896808255340065,0.4331653467722749,-0.0004799616030722562,-0.013678905687539319,0.00047996160307059096,-0.04541500000000001,0.18784299999999998,-0.867208,0.028507999999999978,-0.07160699999999998,-0.9264429999999999,0.07392299999999999,0.25944999999999996,0.05923499999999993,0.0,0.9771737731807466,0.0,1.0,0.022826226819253392,-0.867208
647,2.695833,walk,0.252684,0.587931,0.96886,0.003865,-0.041512,-0.241071,-0.5458473355736764,-0.21075372059530037,0.012962073931855026,-0.4175294128584713,-0.07583321725806738,0.06515066024500951,-2.1406625060009037,-1.0093614978396301,0.4318290926548151,0.01344215074411881,0.0016802688430098544,0.0021603456553052846,-0.05205900000000002,0.184516,-0.8654630000000001,0.030837999999999977,-0.07072199999999995,-0.9264880000000001,0.082897,0.25523799999999996,0.061024999999999996,0.0,0.9771367705837275,0.0,1.0,0.0228632294162725,-0.8654630000000001
648,2.7,walk,0.250361,0.586921,0.969201,0.003006,-0.041807,-0.241034,-0.5574754019678133,-0.24238060955121044,0.08183345332371104,0.3648864107571179,0.23662777058037768,-0.03476532029504006,-2.120950323973949,-0.9908807295415881,0.4372450203983392,0.00095992320614441,-0.005999520038409223,-0.006479481641468107,-0.05857399999999999,0.18139699999999992,-0.863982,0.033165,-0.06973700000000005,-0.926856,0.09173899999999999,0.25113399999999997,0.06287399999999999,0.0,0.9851957799189358,0.0,1.0,0.01480422008106419,-0.863982
649,2.704167,walk,0.248058,0.586025,0.969343,0.003078,-0.042294,-0.241061,-0.5526757859371502,-0.21502279817615763,0.034077273818090226,-0.08934531989075545,0.21890951631300326,0.016546503159326553,-2.0926325893929456,-0.9803215742740775,0.4307655387569203,-0.001679865610746236,-0.009839212862961268,-0.0002399808015361281,-0.064991,0.17820800000000003,-0.8623289999999999,0.03546100000000002,-0.068882,-0.9269989999999999,0.10045200000000001,0.24709000000000003,0.06467,0.0,0.9833592160125645,0.0,1.0,0.016640783987435515,-0.8623289999999999
650,2.708333,walk,0.245715,0.58509,0.969553,0.002676,-0.042508,-0.241066,-0.5624099855976831,-0.22443590974555774,0.05040806529045553,0.16244311390483132,0.14632417358640343,-0.005109656111675544,-2.083773403744541,-0.9985597695631154,0.42990878540565336,0.0052808449351814425,-0.0052808449351814425,-0.0002400384061452167,-0.07132899999999998,0.174983,-0.860748,0.037826,-0.06796899999999995,-0.92721,0.10915499999999997,0.24295199999999995,0.06646200000000002,0.0,0.9875465015072418,0.0,1.0,0.01245349849275823,-0.860748
651,2.7125,walk,0.243416,0.584189,0.969582,0.003076,-0.042539,-0.241128,-0.5517158627310056,-0.21622270218384493,0.006959443244554375,-0.18848816315742176,-0.03140797296117418,0.03905590224615887,-2.070314374850112,-0.9697624190065145,0.4122870170386551,0.0011999040076873012,-0.0038396928245780495,-0.0026397888168940785,-0.077657,0.17184300000000008,-0.859059,0.04013000000000003,-0.06708399999999992,-0.92725,0.11778700000000003,0.238927,0.068191,0.0,0.9919806664843678,0.0,1.0,0.008019333515632221,-0.859059
652,2.716667,walk,0.241145,0.583272,0.969829,0.002832,-0.043101,-0.24135,-0.5449964002879426,-0.22006239500837288,0.05927525797935737,0.05291974673623457,0.29170562164184793,0.10663889383021803,-2.0523158147346905,-0.9733621310294727,0.41540676745858046,-0.019678425725947083,-0.007919366450698044,-0.01631869450443832,-0.08393799999999998,0.16870399999999997,-0.8575750000000001,0.042318999999999996,-0.06620000000000004,-0.9275650000000001,0.12625699999999998,0.234904,0.06999,0.0,0.955395049030366,0.0,1.0,0.044604950969634016,-0.8575750000000001
653,2.720833,walk,0.238852,0.582361,0.970049,0.002416,-0.043866,-0.241472,-0.5504080652904876,-0.21867498799809584,0.0528084493519,0.10741556021948809,0.40573928412559096,0.05454921979841116,-2.04656745079229,-0.9627940470476007,0.4131060969755489,-0.01896303408545415,-0.02064330292847751,-0.004800768122901514,-0.090171,0.16560399999999997,-0.856074,0.04453299999999999,-0.06537500000000007,-0.9278050000000001,0.134704,0.23097900000000005,0.0717310000000001,0.0,0.9526012777922802,0.0,1.0,0.04739872220771979,-0.856074
654,2.725,walk,0.236548,0.581427,0.970266,0.001952,-0.044237,-0.241726,-0.5529157667386273,-0.2241420686344933,0.05207583393326098,0.17814853460900953,0.22835330890775773,0.11713795660769555,-2.0215982721381094,-0.9716822654187,0.4014878809694965,-0.0016798656107460568,-0.006479481641468107,-0.009359251259898007,-0.09629100000000002,0.162489,-0.854618,0.04683000000000001,-0.06446800000000008,-0.9280609999999999,0.14312100000000003,0.22695700000000008,0.07344299999999993,0.0,0.9808223788581159,0.0,1.0,0.01917762114188415,-0.854618
655,2.729167,walk,0.23425,0.580575,0.970274,0.002423,-0.044313,-0.241928,-0.5514758819294695,-0.20446364290859462,0.0019198464122890248,-0.22370950605911355,-0.017929544208144778,0.11028920781260335,-1.9997600191985505,-0.9714422846172873,0.3966882649388234,-0.002159827213831814,-0.007199424046070521,-0.0026397888168940785,-0.102326,0.15929300000000002,-0.852973,0.04911899999999997,-0.06364599999999998,-0.92808,0.15144499999999997,0.222939,0.07510700000000003,0.0,0.9867225080612019,0.0,1.0,0.013277491938798125,-0.852973
656,2.733333,walk,0.231879,0.579689,0.970393,0.002027,-0.044831,-0.242077,-0.5691310609697424,-0.21267402784443545,0.028564570331247475,0.12720734919997856,0.28848272939112524,0.06727562216952009,-1.9817570811329301,-0.9589534325491746,0.3977436389822243,-0.0031204992798811544,-0.007921267402772164,-0.003120499279884486,-0.108211,0.156184,-0.8514349999999999,0.051476999999999995,-0.06279299999999999,-0.9282119999999999,0.159688,0.21897699999999998,0.07677699999999998,0.0,0.98488732055729,0.0,1.0,0.015112679442709998,-0.8514349999999999
657,2.7375,walk,0.229576,0.578818,0.970328,0.002633,-0.045304,-0.242387,-0.5526757859371502,-0.20902327813774776,-0.015598752099828344,-0.3302884161057843,0.1520989060668612,0.16852234702712368,-1.939764818814585,-0.9690424766019128,0.37772978161748927,-0.0035997120230352605,-0.005279577633808139,-0.002639788816895744,-0.11399100000000001,0.15301699999999996,-0.849796,0.05376500000000001,-0.06194400000000011,-0.9281579999999999,0.16775600000000002,0.21496100000000007,0.07836199999999993,0.0,0.9884770336045792,0.0,1.0,0.01152296639542083,-0.849796
658,2.741667,walk,0.227221,0.577924,0.970276,0.003199,-0.045519,-0.242781,-0.5651547876169553,-0.21454283657307582,-0.012479001679850688,-0.2798543562351018,0.037070066442712095,0.20821380896813751,-1.9424046076312689,-0.9527237820973812,0.3674106071514066,-0.0016798656107593784,0.00023998080154276333,-0.008399328053755262,-0.11973,0.149941,-0.848213,0.05611299999999997,-0.06104900000000002,-0.928141,0.17584299999999997,0.21099,0.079928,0.0,0.9857182856800576,0.0,1.0,0.014281714319942407,-0.848213
659,2.745833,walk,0.224869,0.577099,0.97029,0.003405,-0.045864,-0.243114,-0.5645703312529834,-0.19803168506959723,0.0033605376860197087,-0.1289183941012806,0.13917991132207022,0.17053805215599127,-1.9116658665385935,-0.953912626020145,0.36365818530963684,-0.012481997119537944,-0.006721075372066067,-0.0021603456553052846,-0.125342,0.14679199999999992,-0.846712,0.058412999999999965,-0.06025200000000008,-0.928164,0.18375499999999997,0.207044,0.08145199999999997,0.0,0.9760997327072395,0.0,1.0,0.023900267292760513,-0.846712
660,2.75,walk,0.222538,0.576236,0.970306,0.00384,-0.046263,-0.243457,-0.5593952483801551,-0.20710343172548537,0.0038396928245780495,-0.24147350156543615,0.13770803029473894,0.18091699729447766,-1.8857691384690096,-0.9539236861051433,0.35997120230383245,-0.005279577633781497,-0.008879289656816758,-0.005519558435324285,-0.130869,0.14368000000000003,-0.845228,0.060722,-0.05942599999999998,-0.928203,0.191591,0.203106,0.08297500000000002,0.0,0.9804792667116233,0.0,1.0,0.019520733288376668,-0.845228
661,2.754167,walk,0.220161,0.575375,0.970196,0.004117,-0.046574,-0.243886,-0.5704343652508103,-0.2066234701223998,-0.026397888168960767,-0.15584457590344275,0.1157875054572532,0.21954626323470167,-1.8884089272859035,-0.9164866810655606,0.33333333333334886,-0.004319654427650306,0.0,-0.005759539236862079,-0.136361,0.140722,-0.843729,0.063081,-0.05856499999999998,-0.928117,0.199442,0.199287,0.08438800000000002,0.0,0.9880009599232003,0.0,1.0,0.01199904007679975,-0.843729
662,2.758333,walk,0.217773,0.574559,0.970161,0.004544,-0.046865,-0.244385,-0.5732117138742044,-0.1958713394142836,-0.008401344215049272,-0.22176667800888047,0.08949275845727783,0.2576526950403904,-1.851176188190059,-0.9366298607776894,0.322131541046561,-0.01320211233796693,-0.0057609217474852,-0.002160345655303619,-0.141685,0.13763599999999998,-0.842352,0.06541400000000003,-0.057773000000000074,-0.928091,0.20709900000000003,0.19540900000000005,0.08573900000000001,0.0,0.9757243215614123,0.0,1.0,0.02427567843858769,-0.842352
663,2.7625,walk,0.215528,0.573712,0.970301,0.004628,-0.047466,-0.244867,-0.5387568994480106,-0.20326373890088567,0.03359731221500106,-0.09903027403099943,0.27397540273596777,0.24235254858653899,-1.8334533237339914,-0.9488840892728035,0.32781377489798963,-0.006479481641468107,0.005039596832264814,-0.011279097672186827,-0.14708,0.134529,-0.8411259999999999,0.06763200000000003,-0.05690499999999998,-0.9282779999999999,0.21471200000000001,0.191434,0.08715200000000001,0.0,0.9767501933775888,0.0,1.0,0.023249806622411162,-0.8411259999999999
664,2.766667,walk,0.213067,0.572871,0.970141,0.004908,-0.047567,-0.245288,-0.5905927525798185,-0.20182385409167725,-0.038396928245727206,-0.1326703381642598,0.017545465581308543,0.21511032910266856,-1.8070554355652362,-0.9224862011039439,0.2903767698584219,0.00023998080152946727,-0.010799136069105781,-0.0011999040076789752,-0.152149,0.13152600000000003,-0.8397560000000001,0.07009399999999999,-0.056108999999999964,-0.928123,0.222243,0.187635,0.08836699999999997,0.0,0.981886262100288,0.0,1.0,0.018113737899712046,-0.8397560000000001
665,2.770833,walk,0.210704,0.572073,0.97002,0.005633,-0.047646,-0.24587,-0.5672107537205807,-0.19155064810368305,-0.029044647143551233,-0.33338946340050885,-0.04374034064298096,0.3051613667317862,-1.7820451272203064,-0.9311089774363828,0.2798847815650428,-0.0021603456553002877,-0.0036005760921982376,-0.0021603456553052846,-0.15721000000000002,0.12844499999999992,-0.838469,0.07244800000000001,-0.0553260000000001,-0.928011,0.22965800000000003,0.18377100000000002,0.08954200000000001,0.0,0.9921298145411375,0.0,1.0,0.007870185458862533,-0.838469
666,2.775,walk,0.208358,0.571258,0.970039,0.005942,-0.048138,-0.246491,-0.562994960403197,-0.19558435325175122,0.004559635229179773,-0.18793552109138636,0.19803382396059743,0.31600206305025497,-1.7736981041517492,-0.9090472762179473,0.2507799376050007,0.006239500839926008,-0.0028797696184068937,-0.00431965442764531,-0.16225499999999998,0.12547199999999992,-0.8374429999999999,0.07482,-0.05452299999999999,-0.928048,0.23707499999999998,0.1799949999999999,0.09060500000000005,0.0,0.9864718546314224,0.0,1.0,0.013528145368577604,-0.8374429999999999
667,2.779167,walk,0.205983,0.570457,0.969854,0.006542,-0.047973,-0.246929,-0.5699544036476707,-0.19222462203023827,-0.04439644828413234,-0.2494095746996579,-0.1438933039503018,0.23059179745998667,-1.741060715142682,-0.897048236141032,0.25437964962801557,-0.0038396928245643188,-0.0095992320614441,0.004799616030717054,-0.167135,0.12253500000000006,-0.836198,0.07717900000000003,-0.053761999999999976,-0.927843,0.24431400000000003,0.17629700000000004,0.09164499999999998,0.0,0.981002572454936,0.0,1.0,0.01899742754506395,-0.836198
668,2.783333,walk,0.203579,0.569665,0.969792,0.006569,-0.048849,-0.247418,-0.5770523283725828,-0.19011041766684533,-0.014882381180991696,-0.10565914336127939,0.4092429174193262,0.2451086512188934,-1.6997119539127616,-0.8936629860778509,0.21987518002882206,-0.010321651464238754,-0.009361497839657786,0.0019203072491602725,-0.17181200000000002,0.11960400000000004,-0.83522,0.07954,-0.05300899999999997,-0.927773,0.251352,0.17261300000000002,0.092553,0.0,0.9765561124596104,0.0,1.0,0.02344388754038962,-0.83522
669,2.7875,walk,0.201177,0.568907,0.969744,0.007098,-0.048539,-0.248003,-0.5764338852891454,-0.18190544756416588,-0.011519078473706278,-0.19559376756807986,-0.20171500761295183,0.3014635747227342,-1.7086633069353405,-0.9068874490040189,0.19486441084712208,0.0021598272138182617,-0.0007199424046016468,-0.00239980801535936,-0.17653,0.11658299999999999,-0.83436,0.081951,-0.05225400000000002,-0.9277350000000001,0.258481,0.16883700000000001,0.0933750000000001,0.0,0.9944868215534461,0.0,1.0,0.005513178446553857,-0.83436
670,2.791667,walk,0.198783,0.568129,0.969661,0.007481,-0.048645,-0.24851,-0.5745140388769178,-0.18670506359493447,-0.01991840652749197,-0.17913004184669523,0.008576254734300676,0.2604240131798828,-1.6640268778498477,-0.8893688504920247,0.1919846412287093,-0.005039596832252029,-0.0074394048476133096,0.003359731221502463,-0.18106999999999998,0.11365499999999995,-0.833477,0.08432400000000001,-0.05150699999999997,-0.927638,0.265394,0.16516199999999992,0.09416099999999994,0.0,0.9840112822243764,0.0,1.0,0.015988717775623607,-0.833477
671,2.795833,walk,0.196348,0.567352,0.969506,0.007576,-0.049932,-0.249023,-0.5844935189630164,-0.18650984157465347,-0.03720595295247527,-0.18639451519272132,0.5928357902558196,0.2594639077627994,-1.6853096495438808,-0.8855016802688049,0.14738358137301646,-0.003840614498323467,-0.008401344215075922,0.00072011521843565,-0.185656,0.11074300000000004,-0.832708,0.08674299999999999,-0.05076499999999995,-0.92748,0.272399,0.16150799999999998,0.09477199999999997,0.0,0.9845573219190071,0.0,1.0,0.015442678080992867,-0.832708
672,2.8,walk,0.193874,0.566613,0.969433,0.007601,-0.049753,-0.249406,-0.5937125029997881,-0.1773458123350055,-0.01751859851211737,0.01864062336789967,-0.0825319571020993,0.1897991230734366,-1.648908087353087,-0.873530117590627,0.14686825053996386,-0.0023998080153479593,-0.004559635229179773,0.0009599232061428472,-0.190053,0.107842,-0.832023,0.08920700000000004,-0.050045000000000006,-0.927403,0.27926,0.157887,0.09538000000000002,0.0,0.9912645669675172,0.0,1.0,0.008735433032482809,-0.832023
673,2.804167,walk,0.19145,0.56584,0.969249,0.007986,-0.050433,-0.249908,-0.5817134629229264,-0.1855051595872274,-0.04415646748258958,-0.24872907720865386,0.27538971578930677,0.25983487811932054,-1.6261099112070045,-0.873050155987475,0.10967122630188561,-0.0035997120230481985,-0.003599712023034877,-0.0002399808015361025,-0.19440500000000002,0.10497699999999999,-0.8313820000000001,0.09161599999999998,-0.04928699999999997,-0.92722,0.28602099999999997,0.15426399999999996,0.09583799999999998,0.0,0.9915059752893307,0.0,1.0,0.00849402471066929,-0.8313820000000001
674,2.808333,walk,0.188977,0.565088,0.969162,0.008497,-0.050415,-0.250574,-0.5936149783965279,-0.1805088814210164,-0.02088334133462719,-0.21959094437129456,-0.06287235889941847,0.34259189232410264,-1.6065770523283287,-0.8600576092174519,0.08905424867978878,-0.002400384061452167,-0.004320691310627225,0.0004800768122904334,-0.198625,0.10214599999999996,-0.830924,0.09407899999999997,-0.04855300000000007,-0.9271309999999999,0.29270399999999996,0.15069900000000003,0.09620699999999993,0.0,0.9917234113995657,0.0,1.0,0.008276588600434343,-0.830924
675,2.8125,walk,0.186481,0.564331,0.968855,0.009607,-0.050573,-0.251016,-0.5989920806335762,-0.18166546676266912,-0.07367410607150474,-0.5238948715329294,-0.05513790407585112,0.24741885444037398,-1.594912407007512,-0.8514518838493299,0.07175425965922903,-0.0009599232061311908,-0.003359731221492472,0.0009599232061445124,-0.202775,0.09935499999999997,-0.830318,0.09657100000000002,-0.04781000000000002,-0.92682,0.299346,0.147165,0.09650199999999998,0.0,0.9939606156025553,0.0,1.0,0.006039384397444669,-0.830318
676,2.816667,walk,0.184012,0.563588,0.968724,0.00978,-0.051122,-0.251498,-0.5925125989921074,-0.17830573554117665,-0.03143748500119947,-0.13542332097685408,0.2398680091860066,0.24408021061318277,-1.563954883609383,-0.8464122870170645,0.03767698584113881,-0.0026397888169040697,-0.0019198464122890248,0.0021598272138218222,-0.206823,0.09657100000000007,-0.83003,0.09902899999999998,-0.04707499999999998,-0.9266800000000001,0.305852,0.14364600000000005,0.09665000000000001,0.0,0.9934767192903255,0.0,1.0,0.0065232807096744505,-0.83003
677,2.820833,walk,0.181375,0.562865,0.968611,0.010833,-0.049319,-0.252187,-0.6329812770043035,-0.1735477676428251,-0.027124339894389497,-0.25441890840317116,-0.9580674920009966,0.3656984779915269,-1.570331253000437,-0.8382141142582705,-0.0019203072491617336,-0.0021603456553002877,-0.0031204992798944792,0.0004800768122904334,-0.210728,0.09380200000000005,-0.829925,0.101657,-0.04636499999999999,-0.926565,0.312385,0.14016700000000004,0.09663999999999995,0.0,0.9936240288644056,0.0,1.0,0.006375971135594405,-0.829925
678,2.825,walk,0.17857,0.56204,0.968439,0.009878,-0.048761,-0.252571,-0.6731461483080948,-0.1979841612670781,-0.041276697864156345,0.5192568674010942,-0.1397753418580202,0.16578390662818074,-1.5190784737220093,-0.8226541876649335,-0.000479961603072205,0.0014398848092166152,-0.00119990400766053,-0.005039596832253157,-0.214253,0.09119900000000003,-0.829755,0.104468,-0.04554499999999995,-0.9264140000000001,0.31872100000000003,0.13674399999999998,0.09665900000000005,0.0,0.9910385743130985,0.0,1.0,0.008961425686901503,-0.829755
679,2.829167,walk,0.175987,0.561242,0.968104,0.012671,-0.048181,-0.253669,-0.6198704103671994,-0.1915046796256304,-0.08039356851454296,-1.200734340328119,-0.5955371204082585,0.612751340194265,-1.5317974562035737,-0.8346532277418143,-0.032397408207343985,-0.005519558435324285,-0.010559155267589635,0.0079193664506839,-0.218053,0.08851900000000001,-0.8295549999999999,0.10702800000000001,-0.044791000000000025,-0.9260459999999999,0.325081,0.13331000000000004,0.096491,0.0,0.9761557338440173,0.0,1.0,0.023844266155982674,-0.8295549999999999
680,2.833333,walk,0.173603,0.560555,0.968113,0.013535,-0.047915,-0.254438,-0.5722515602496236,-0.1649063850215973,0.0021603456553136125,-0.3517221094492395,-0.2192739844154211,0.4025886265322763,-1.4891982717234353,-0.8122899663946138,-0.0480076812289967,-0.007681228996646934,-0.003600576092171588,0.004560729716755786,-0.22187300000000001,0.08582199999999995,-0.829764,0.10937999999999998,-0.04411900000000002,-0.926036,0.33125299999999996,0.12994099999999997,0.09627200000000002,0.0,0.9839475094833174,0.0,1.0,0.01605249051668256,-0.829764
681,2.8375,walk,0.171055,0.559844,0.96794,0.013826,-0.04823,-0.254745,-0.6114710823134416,-0.17062634989202055,-0.041516678665703535,-0.1669569139379506,0.11479830323918054,0.15928991105682583,-1.4674826013919562,-0.8104151667866852,-0.07367410607151806,-0.004079673626107516,-0.0038396928245780495,0.005759539236860413,-0.22544000000000003,0.08315600000000001,-0.829898,0.11191099999999998,-0.04342400000000002,-0.9258390000000001,0.337351,0.12658000000000003,0.09594100000000005,0.0,0.9866085360828865,0.0,1.0,0.013391463917113544,-0.829898
682,2.841667,walk,0.168469,0.559113,0.967775,0.014312,-0.048809,-0.255213,-0.6205903527717417,-0.17542596592272441,-0.03959683225341029,-0.28628317046009416,0.21575477224417255,0.24388967096005976,-1.4662826973841192,-0.8072954163666496,-0.11759059275257033,0.002399808015361025,-0.0023998080153477034,0.005039596832253157,-0.228964,0.08052300000000001,-0.830223,0.114507,-0.042702999999999935,-0.9256530000000001,0.343471,0.12322599999999995,0.09543000000000001,0.0,0.9898736189895493,0.0,1.0,0.010126381010450713,-0.830223
683,2.845833,walk,0.165927,0.558427,0.967689,0.014572,-0.048921,-0.255583,-0.6101776284205995,-0.16466634661546298,-0.02064330292847751,-0.12630715080410382,0.025109822426720694,0.1899409958726441,-1.463274123859933,-0.7954872779645201,-0.13610177628421913,0.0,-0.00048007681230380936,0.0016802688430150303,-0.232518,0.07789500000000005,-0.830704,0.11704900000000001,-0.04201900000000003,-0.92556,0.349567,0.11991400000000008,0.09485600000000005,0.0,0.997087490042688,0.0,1.0,0.0029125099573119595,-0.830704
684,2.85,walk,0.163384,0.557774,0.9676,0.014979,-0.04891,-0.256135,-0.6102711783056959,-0.15670746340292174,-0.02135829133669314,-0.1753456112273346,-0.04759410189463892,0.28406129530379304,-1.4000479961602232,-0.7806575473961754,-0.14470842332612327,0.0,-0.0004799616030588834,0.0033597312215021048,-0.235809,0.075295,-0.831218,0.119592,-0.04136799999999996,-0.925457,0.355401,0.11666299999999996,0.09423899999999996,0.0,0.99434359826265,0.0,1.0,0.0056564017373500475,-0.831218
685,2.854167,walk,0.160764,0.557075,0.967361,0.015647,-0.049271,-0.256344,-0.6287497000240295,-0.16774658027358702,-0.05735541156707467,-0.3495692077054258,0.08862893206203909,0.120365206656664,-1.376769858411388,-0.766258699304091,-0.15982721382290144,-0.0009599232061445124,-0.002159827213831814,0.0016798656107512315,-0.23892599999999997,0.072801,-0.831645,0.12220800000000001,-0.04067799999999999,-0.925211,0.361134,0.113479,0.09356600000000004,0.0,0.9951671682370915,0.0,1.0,0.004832831762908496,-0.831645
686,2.858333,walk,0.158205,0.556417,0.967238,0.015773,-0.049486,-0.256667,-0.6142582813249899,-0.15794527124337934,-0.02952472395582834,-0.07794719984059006,0.08888669862452045,0.16321772517854902,-1.3780604896783133,-0.7508401344214916,-0.20139222275563692,-0.0002400384061518791,-0.0002400384061518791,0.0021603456553052846,-0.24210800000000002,0.07033099999999992,-0.832361,0.12476599999999996,-0.040021000000000084,-0.925079,0.366874,0.110352,0.09271799999999997,0.0,0.9963552434072842,0.0,1.0,0.003644756592715792,-0.832361
687,2.8625,walk,0.155574,0.55575,0.96712,0.0165,-0.049375,-0.257231,-0.6313894888409269,-0.16006719462445756,-0.028317734581249792,-0.31086652735381415,-0.13300100262650283,0.29857708063845173,-1.3366930645548947,-0.770578353731728,-0.22918166546676919,0.0,0.0,0.0016798656107512315,-0.245047,0.06778700000000004,-0.833198,0.12739699999999998,-0.039354,-0.9249539999999999,0.372444,0.10714100000000004,0.09175599999999995,0.0,0.9972002239820813,0.0,1.0,0.002799776017918698,-0.833198
688,2.866667,walk,0.15296,0.555058,0.966868,0.017414,-0.050027,-0.257786,-0.6273098152147392,-0.16606671466279643,-0.06047516198704455,-0.49221976825803476,0.1982097415130303,0.2979831905204016,-1.3330933525317172,-0.7413006959442813,-0.24094072474200715,-0.0002399808015294417,0.0011999040076871733,0.002639788816893797,-0.24798800000000001,0.06538999999999995,-0.83395,0.13001,-0.03865700000000005,-0.9246909999999999,0.377998,0.104047,0.09074099999999996,0.0,0.9951506456871491,0.0,1.0,0.00484935431285094,-0.83395
689,2.870833,walk,0.150347,0.554418,0.966681,0.018201,-0.050069,-0.258177,-0.627220355256825,-0.15362457993280543,-0.04488718194909556,-0.3613205773096587,-0.0717695311803583,0.21461770418770748,-1.293326932309135,-0.7306769083053201,-0.2791646663466072,0.0,0.0009601536245808668,0.003120499279884486,-0.250763,0.06298599999999999,-0.8349260000000001,0.132623,-0.038012999999999963,-0.9244910000000001,0.383386,0.10099899999999995,0.089565,0.0,0.994558541163092,0.0,1.0,0.005441458836908053,-0.8349260000000001
690,2.875,walk,0.147728,0.553753,0.966501,0.018657,-0.050417,-0.258506,-0.6285097192224933,-0.15958723302134534,-0.04319654427644977,-0.24734152453256295,0.11025090333095945,0.17449016709969584,-1.2766978641709226,-0.7211423086153256,-0.2831773458123514,0.00023998080152946727,-0.0002399808015427889,0.0021598272138234876,-0.253464,0.06064599999999998,-0.8359260000000001,0.13524299999999997,-0.03734900000000008,-0.9243020000000001,0.38870699999999997,0.09799500000000005,0.08837600000000001,0.0,0.9963561180788949,0.0,1.0,0.0036438819211050966,-0.8359260000000001
691,2.879167,walk,0.14505,0.553134,0.966279,0.019004,-0.050603,-0.25875,-0.6426685865131049,-0.1485481161507234,-0.05327573794098047,-0.1785438201850815,0.04722067873328913,0.12985985739560554,-1.2483801295896895,-0.7029037676986332,-0.3052555795536485,0.0004799616030722562,-0.0007199424046017234,0.004799616030717566,-0.255988,0.05833599999999994,-0.8369759999999999,0.13792299999999996,-0.036733000000000016,-0.92406,0.39391099999999996,0.09506899999999996,0.08708400000000005,0.0,0.9918716896916654,0.0,1.0,0.008128310308334608,-0.8369759999999999
692,2.883333,walk,0.142335,0.552464,0.966028,0.019713,-0.050836,-0.259148,-0.6517042726836171,-0.1608257321171486,-0.060249639942389424,-0.34875531417720257,0.02666942972982706,0.21589368412515442,-1.2354776764281945,-0.6982717234757224,-0.3374939990398349,-0.0007201152184289877,-0.0002400384061518791,0.006721075372059405,-0.25842,0.056097000000000063,-0.838131,0.140635,-0.036063999999999985,-0.923781,0.399055,0.09216100000000005,0.08565,0.0,0.9887269940761687,0.0,1.0,0.011273005923831292,-0.838131
693,2.8875,walk,0.139663,0.551889,0.965869,0.020198,-0.051054,-0.259441,-0.6412287017038198,-0.13798896088311907,-0.038156947444206994,-0.2453921719680415,0.0458077652222059,0.15794149990590173,-1.2027837772977434,-0.6856251499879589,-0.35301175905925375,0.0014398848092166152,0.0,0.006239500839932004,-0.26076,0.05381500000000006,-0.8394429999999999,0.143313,-0.03548899999999999,-0.923596,0.404073,0.08930400000000005,0.08415300000000003,0.0,0.989327522546896,0.0,1.0,0.010672477453103957,-0.8394429999999999
694,2.891667,walk,0.136962,0.551262,0.965631,0.020441,-0.051308,-0.259592,-0.6481881449484359,-0.15046796256298578,-0.057115430765531876,-0.14095529768877754,0.09019626917951007,0.08071829479978919,-1.1665466762659498,-0.6707463402928052,-0.3902087832973579,0.0033597312215057932,0.0009599232061445124,0.005039596832253694,-0.26292,0.051647,-0.840831,0.14602800000000002,-0.034858000000000056,-0.9233370000000001,0.408948,0.08650500000000005,0.08250600000000008,0.0,0.9897792717869087,0.0,1.0,0.010220728213091279,-0.840831
695,2.895833,walk,0.134287,0.550685,0.965476,0.020397,-0.051393,-0.259694,-0.642102736437815,-0.13850216034566346,-0.03720595295247527,0.011981029612126232,0.04659109942329436,0.04915714856481314,-1.150984157465168,-0.6409025444071023,-0.41190590494477874,0.0028804608737292756,0.0009601536245808668,0.006240998559770637,-0.26504,0.04955399999999999,-0.842392,0.14871499999999999,-0.034277,-0.923156,0.413755,0.08383099999999999,0.08076399999999995,0.0,0.9884326833935076,0.0,1.0,0.01156731660649235,-0.842392
696,2.9,walk,0.131572,0.550065,0.965199,0.021126,-0.051735,-0.260035,-0.651547876169935,-0.14878809695223955,-0.06647468202543422,-0.3727833421379362,0.07383657796207015,0.18813127882307934,-1.1034317254620112,-0.6292296616271017,-0.4204463642908768,0.000719942404615045,0.0,0.005039596832252029,-0.266923,0.04755199999999993,-0.843867,0.151433,-0.03365700000000005,-0.9228580000000001,0.418356,0.08120899999999998,0.07899100000000003,0.0,0.9915153973939704,0.0,1.0,0.008484602606029568,-0.843867
697,2.904167,walk,0.128802,0.549464,0.964845,0.021807,-0.052139,-0.260228,-0.6647468202543378,-0.14422846172307105,-0.08495320374371368,-0.36161283419988727,0.10609366809235547,0.11321718749107983,-1.0875929925605308,-0.6169906407487001,-0.4564434845212107,-0.000479961603072205,-0.0011999040076871733,0.00383969282457431,-0.268685,0.04558200000000001,-0.8454149999999999,0.154201,-0.03306100000000001,-0.922488,0.422886,0.07864300000000002,0.07707300000000006,0.0,0.9932477629725042,0.0,1.0,0.006752237027495833,-0.8454149999999999
698,2.908333,walk,0.126076,0.548899,0.964626,0.021986,-0.052223,-0.26039,-0.6543446951512775,-0.13562169947190864,-0.052568410945748094,-0.08982482526840001,0.01953059302435625,0.08518661405192425,-1.0547287566011352,-0.6209793566971221,-0.4966394623140099,-0.0007201152184423892,0.00024003840615190468,0.005280844935190333,-0.27035299999999995,0.04355999999999993,-0.8472649999999999,0.15692399999999998,-0.03249500000000005,-0.922247,0.42727699999999996,0.07605499999999998,0.0749820000000001,0.0,0.9911081329929183,0.0,1.0,0.008891867007081666,-0.8472649999999999
699,2.9125,walk,0.123369,0.548343,0.964355,0.022251,-0.052185,-0.260304,-0.6496280297575767,-0.13342932565393978,-0.06503479721622384,-0.11978593045600257,-0.05210678843326322,-0.03524041029781591,-1.033597312214961,-0.6090712742980021,-0.525077993760466,0.00095992320614441,-0.0016798656107460568,0.006239500839932004,-0.271953,0.041578000000000004,-0.849182,0.15963499999999997,-0.03194600000000003,-0.9219499999999999,0.43158799999999997,0.07352400000000003,0.07276799999999994,0.0,0.989112344941355,0.0,1.0,0.010887655058644974,-0.849182
700,2.916667,walk,0.120644,0.547786,0.964078,0.022602,-0.052253,-0.260413,-0.6539476841852963,-0.1336693064554968,-0.06647468202543422,-0.1685920566955881,-0.010178623721893704,0.06373758724401404,-1.0131989440845204,-0.5752339812815196,-0.5543556515478997,0.002399808015361281,-0.0002399808015427889,0.005999520038398207,-0.27344999999999997,0.03973800000000005,-0.8512149999999999,0.16237,-0.03139000000000003,-0.921648,0.43582,0.07112800000000008,0.07043300000000008,0.0,0.9892231072831674,0.0,1.0,0.010776892716832576,-0.8512149999999999
701,2.920833,walk,0.117898,0.547228,0.963758,0.023221,-0.052311,-0.260486,-0.6591454632741054,-0.13394143062888433,-0.07681228996638939,-0.29223646782897833,-0.04882907702760055,0.05330178957290522,-0.9810369659145212,-0.557129140662495,-0.5801728276524091,0.003600576092171588,0.0009601536245808668,0.009361497839653458,-0.274791,0.03797499999999998,-0.853312,0.16513099999999997,-0.030828000000000078,-0.921289,0.439922,0.06880300000000006,0.06797700000000007,0.0,0.9832068396048876,0.0,1.0,0.01679316039511236,-0.853312
702,2.925,walk,0.115096,0.54667,0.963407,0.024207,-0.052307,-0.260689,-0.6724262059035582,-0.13390928725703957,-0.08423326133909437,-0.45138479056236136,-0.12087728189143092,0.12858036598973804,-0.9532037437005483,-0.5428365730741755,-0.6184305255579826,0.005039596832265351,0.0004799616030855778,0.005759539236862079,-0.275961,0.03627100000000005,-0.855538,0.16795400000000002,-0.03026799999999996,-0.920914,0.44391500000000006,0.06653900000000001,0.06537599999999999,0.0,0.9872197861701542,0.0,1.0,0.012780213829845843,-0.855538
703,2.929167,walk,0.11233,0.546172,0.963202,0.02437,-0.051887,-0.260612,-0.6637868970481968,-0.11951043916485916,-0.04919606431485439,-0.02432323132906213,-0.21653499876548046,-0.03152333645427532,-0.9462443004559064,-0.51067914566832,-0.6501079913606522,0.0023998080153477034,-0.00191984641228882,0.0023998080153576945,-0.277138,0.03464100000000003,-0.858042,0.17073,-0.02977799999999997,-0.920699,0.447868,0.064419,0.06265700000000007,0.0,0.9935012891731684,0.0,1.0,0.006498710826831622,-0.858042
704,2.933333,walk,0.10958,0.545659,0.962859,0.024734,-0.051927,-0.260512,-0.6601056168986863,-0.12313970235236957,-0.08233317330772272,-0.17571994812427244,-0.02860315180007223,-0.03966957811387909,-0.9104656745078942,-0.4891982717234586,-0.6617858857417028,0.0004800768122904334,-0.0031204992798944792,0.005040806529044554,-0.278181,0.033116000000000034,-0.860456,0.17348199999999997,-0.029278000000000026,-0.920335,0.451663,0.06239400000000006,0.059879000000000016,0.0,0.9900868045340259,0.0,1.0,0.009913195465974134,-0.860456
705,2.9375,walk,0.106798,0.545155,0.962513,0.024811,-0.051797,-0.260347,-0.667626589872839,-0.12095032397410198,-0.08303335733143372,-0.022893522498501365,-0.07294133852638686,-0.0789877966337525,-0.8572114230861902,-0.4425245980321939,-0.6798656107511681,0.0002399808015427889,-0.00599952003838322,0.004319654427646975,-0.27897099999999997,0.031776000000000026,-0.8629429999999999,0.176265,-0.028798999999999908,-0.919971,0.455236,0.060574999999999934,0.05702800000000008,0.0,0.9876721582214214,0.0,1.0,0.012327841778578597,-0.8629429999999999
706,2.941667,walk,0.103969,0.544656,0.96212,0.025255,-0.05181,-0.26029,-0.678905687545027,-0.11975041996638804,-0.09431245500359843,-0.20838356060299273,-0.05024527278153429,-0.015984137506182567,-0.8269738420926714,-0.4173266138708938,-0.685145188384963,-0.0002399808015427889,-0.002159827213831814,0.005039596832252029,-0.279588,0.030536000000000008,-0.865405,0.17909299999999997,-0.02830900000000003,-0.919557,0.458681,0.058845000000000036,0.05415199999999998,0.0,0.990853054454816,0.0,1.0,0.009146945545184026,-0.865405
707,2.945833,walk,0.101155,0.544186,0.961745,0.025677,-0.051568,-0.260223,-0.6754680748919668,-0.11281805088815856,-0.09001440230436965,-0.16644412407293635,-0.1660164023798284,-0.02006982214706047,-0.7729236677868249,-0.39990398463754456,-0.6905904944790955,0.0031204992798944792,-0.0019203072491617336,0.006721075372059405,-0.27999399999999997,0.029340000000000033,-0.867907,0.18192000000000003,-0.027846999999999955,-0.9191539999999999,0.46191400000000005,0.05718699999999999,0.05124699999999993,0.0,0.9872417837101048,0.0,1.0,0.012758216289895152,-0.867907
708,2.95,walk,0.09827,0.543716,0.961427,0.026164,-0.051327,-0.260124,-0.692344612430963,-0.11279097672184829,-0.07631389488838734,-0.19731626972591348,-0.17417520421223887,-0.034021150978377324,-0.7014638828893283,-0.35949124070072186,-0.6697864170865927,0.005039596832251492,-0.002639788816890467,0.005759539236861465,-0.280032,0.028312000000000004,-0.87038,0.18482600000000002,-0.027387999999999968,-0.9188120000000001,0.464858,0.05569999999999997,0.04843200000000003,0.015679999999999972,0.9865073771750834,0.015679999999999972,0.9843200000000001,0.01349262282491659,-0.87038
709,2.954167,walk,0.095444,0.543229,0.96101,0.026416,-0.051253,-0.259852,-0.6781857451404186,-0.11687065034798115,-0.1000719942404655,-0.11314877221636692,-0.07086022062553961,-0.12755780753646295,-0.6321094312455287,-0.28125749940004907,-0.6587473002160121,0.0038396928245647277,-0.0011999040076873012,0.004079673626110847,-0.27984,0.027627000000000068,-0.872708,0.18766799999999997,-0.026905999999999985,-0.918378,0.467508,0.054533000000000054,0.04566999999999999,0.043300000000000005,0.9904508948193703,0.043300000000000005,0.9567,0.00954910518062968,-0.872708
710,2.958333,walk,0.092643,0.542777,0.960564,0.026729,-0.051216,-0.259739,-0.672347575612079,-0.10849735957753134,-0.10705712914067336,-0.1427163944901649,-0.0581674173035828,-0.04699021839753856,-0.565290446471419,-0.23571771483437626,-0.6505040806528877,0.004320691310613901,-0.0012001920307060962,0.007681228996638606,-0.27939400000000003,0.027097000000000038,-0.874972,0.190487,-0.0264589999999999,-0.9178999999999999,0.469881,0.05355599999999994,0.042927999999999966,0.07072,0.9851760223126529,0.07072,0.92928,0.014823977687347112,-0.874972
711,2.9625,walk,0.089803,0.542347,0.960244,0.026959,-0.050661,-0.259538,-0.6815454763619244,-0.10319174466041518,-0.07679385649148106,-0.041175645841171164,-0.2899199322427607,-0.08981976784698137,-0.5113990880729761,-0.21142308615312236,-0.6532277417806879,0.0019198464122890248,-0.0011999040076873012,0.007679385649147773,-0.27868499999999996,0.026645999999999948,-0.877374,0.193335,-0.026034,-0.917548,0.47202,0.05267999999999995,0.04017400000000004,0.09826000000000001,0.9866564056334572,0.09826000000000001,0.90174,0.013343594366542755,-0.877374
712,2.966667,walk,0.086901,0.541882,0.959764,0.027529,-0.050622,-0.259474,-0.6964242860570701,-0.11159107271418775,-0.11519078473722263,-0.26039582142115636,-0.08995017094712202,-0.015621853963419436,-0.48476121910244085,-0.21022318214541266,-0.6714662826973421,0.00191984641228882,-0.004319654427663167,0.0052795776337892595,-0.277803,0.02623500000000001,-0.8796919999999999,0.196245,-0.025587000000000026,-0.9170459999999999,0.474048,0.051822000000000035,0.037354,0.12645999999999996,0.9881890864248808,0.12645999999999996,0.87354,0.011810913575119208,-0.8796919999999999
713,2.970833,walk,0.083957,0.541453,0.959336,0.027969,-0.050333,-0.259322,-0.706673067690887,-0.102976476236209,-0.10273643783005709,-0.17074803734605776,-0.1916393909978873,-0.061315288534328154,-0.4219875180029162,-0.15482477196352804,-0.638262121939563,-0.00024003840615190468,-0.002880460873716258,0.006240998559769637,-0.276617,0.026019000000000014,-0.881923,0.19918799999999998,-0.025169999999999915,-0.916592,0.475805,0.05118899999999993,0.03466899999999995,0.15331000000000006,0.9885369268828017,0.15331000000000006,0.8466899999999999,0.011463073117198297,-0.881923
714,2.975,walk,0.081053,0.541032,0.958885,0.028479,-0.050164,-0.259168,-0.6969042476601457,-0.10103191744659924,-0.108231341492669,-0.2182021509967849,-0.1445891239376278,-0.06102564037802675,-0.3698104151667676,-0.13342932565393978,-0.6311495080393168,-0.000479961603072205,0.0004799616030588834,0.006959443244540312,-0.275254,0.025884000000000018,-0.8841019999999999,0.20209,-0.024746999999999963,-0.916112,0.477344,0.05063099999999998,0.032010000000000094,0.1799,0.9883458905012947,0.1799,0.8201,0.011654109498705267,-0.8841019999999999
715,2.979167,walk,0.078041,0.54056,0.958362,0.029033,-0.050373,-0.258992,-0.7228221742260951,-0.11327093832491925,-0.1255099592032551,-0.2863169339704659,0.02491189106912709,-0.07344739604509376,-0.33693304535638413,-0.1495080393568413,-0.5805135589153143,-0.00023998080152946727,0.0009599232061445124,0.009119270458364541,-0.273646,0.025733000000000006,-0.8859980000000001,0.205101,-0.024271000000000043,-0.915551,0.47874700000000003,0.05000400000000005,0.02955299999999994,0.20447000000000004,0.9847120111562124,0.20447000000000004,0.79553,0.01528798884378757,-0.8859980000000001
716,2.983333,walk,0.075062,0.540158,0.957932,0.029562,-0.049918,-0.258801,-0.7150744119058843,-0.09649543927028384,-0.1032165146423499,-0.19207423502512383,-0.28046197503160203,-0.07660664303507028,-0.3298127700431946,-0.1176188190110629,-0.4805568891022441,-0.0002400384061518791,-0.0002400384061518791,0.006481036965914188,-0.272041,0.025644999999999918,-0.88757,0.20807899999999996,-0.023870000000000058,-0.915094,0.48012,0.049514999999999976,0.027523999999999993,0.22476000000000007,0.9891834646866731,0.22476000000000007,0.7752399999999999,0.010816535313326936,-0.88757
717,2.9875,walk,0.072049,0.539721,0.957474,0.030189,-0.049793,-0.2587,-0.7230621550276313,-0.10487161027118806,-0.10991120710342676,-0.2768528676075887,-0.1374975780714489,-0.031683351194897194,-0.32997360211184973,-0.16846652267818873,-0.3700503959683365,0.0004799616030722562,-0.0014398848092034469,0.009359251259899004,-0.270403,0.025379999999999958,-0.888654,0.21109399999999998,-0.023438999999999988,-0.9145970000000001,0.48149699999999995,0.048818999999999946,0.02594300000000005,0.24056999999999995,0.9841974671905174,0.24056999999999995,0.75943,0.015802532809482628,-0.888654
718,2.991667,walk,0.068976,0.539296,0.956981,0.030624,-0.049885,-0.25856,-0.737461003119707,-0.10199184065274365,-0.11831053515719862,-0.21580289172990594,-0.013919145154425501,-0.05808538008014641,-0.34293256539474415,-0.23374130069591073,-0.26973842092630945,0.000479961603072205,-0.0011999040076871733,0.010079193664506315,-0.26875899999999997,0.024831000000000047,-0.889285,0.214169,-0.02301900000000001,-0.9140619999999999,0.48292799999999997,0.04785000000000006,0.024776999999999938,0.25222999999999995,0.9830638226063987,0.25222999999999995,0.74777,0.016936177393601315,-0.889285
719,2.995833,walk,0.065876,0.538867,0.956445,0.03137,-0.050146,-0.258486,-0.7441190590494255,-0.10297647623619802,-0.1286605856937029,-0.3797427178774649,0.027536009355936517,-0.018115890469328794,-0.3833413346135313,-0.2688430148823762,-0.25468074891982173,-0.0014402304368713,-0.002400384061438842,0.008161305808929039,-0.267256,0.02414000000000005,-0.88981,0.21726299999999998,-0.022599999999999953,-0.913492,0.484519,0.046740000000000004,0.02368199999999998,0.26317999999999997,0.9856199385856899,0.26317999999999997,0.73682,0.014380061414310141,-0.88981
720,3.0,walk,0.062788,0.538423,0.955995,0.031918,-0.050062,-0.258431,-0.7410607151428242,-0.1065514758819343,-0.10799136069113774,-0.24449080317054525,-0.10771233953651653,-0.011122889673765035,-0.3880489560835328,-0.2414206863451184,-0.29301655867531934,-0.0014398848092034469,-0.0035997120230352605,0.010319174466043517,-0.265785,0.023577999999999988,-0.8905810000000001,0.220345,-0.02217099999999994,-0.912999,0.48613000000000006,0.04574899999999993,0.022417999999999938,0.27582,0.9816275752694119,0.27582,0.72418,0.01837242473058809,-0.8905810000000001
721,3.004167,walk,0.05963,0.537999,0.955529,0.032159,-0.050078,-0.258202,-0.7578593712503332,-0.10175185985121174,-0.11183105351574243,-0.11822050717492633,-0.02724599521776479,-0.1068811076746129,-0.37868970482363046,-0.23566114710822467,-0.3314134869210599,-0.005039596832265351,-0.003119750419976326,0.00983921286297126,-0.264205,0.02302000000000004,-0.891496,0.22348199999999996,-0.02176,-0.912492,0.487687,0.04478000000000004,0.020996000000000015,0.29003999999999996,0.9808557748279612,0.29003999999999996,0.70996,0.019144225172038842,-0.891496
722,3.008333,walk,0.056416,0.537563,0.954925,0.033065,-0.050439,-0.258169,-0.7714834373499553,-0.10465674507920787,-0.144983197311551,-0.4655777925437016,0.05528440958324123,0.006013975339588285,-0.3514162265962441,-0.23643783005280525,-0.3960633701392128,-0.005760921747471876,-0.006721075372066067,0.011761881901103959,-0.262455,0.02247100000000002,-0.8925420000000001,0.226672,-0.021352000000000038,-0.9118390000000001,0.489127,0.043823000000000056,0.01929700000000001,0.30703,0.9754652774740571,0.30703,0.69297,0.02453472252594291,-0.8925420000000001
723,3.0125,walk,0.053236,0.537104,0.954496,0.033368,-0.050705,-0.258167,-0.7631389488840433,-0.11015118790495781,-0.10295176385888806,-0.17359802179399295,0.08608109103786804,0.005038245349627533,-0.282697384209249,-0.23302135829133575,-0.3606911447084024,-0.00671946244301087,-0.007439404847612517,0.013918886489080623,-0.260453,0.02195899999999995,-0.893616,0.22982399999999997,-0.020924000000000054,-0.911352,0.49027699999999996,0.042883000000000004,0.017736000000000085,0.32264000000000004,0.9714113794440269,0.32264000000000004,0.67736,0.02858862055597311,-0.893616
724,3.016667,walk,0.049975,0.536672,0.95404,0.033661,-0.051002,-0.258015,-0.7825773938085311,-0.10367170626350077,-0.10943124550036784,-0.17586938600811564,0.09836346942015547,-0.06970254575909286,-0.22942164626830533,-0.25437964962802934,-0.31269498440126187,-0.006719462442998265,-0.011999040076793083,0.012958963282937596,-0.258148,0.02133099999999999,-0.894463,0.23305700000000001,-0.02054200000000006,-0.910842,0.491205,0.04187300000000005,0.016379000000000032,0.33621,0.9685064879849182,0.33621,0.66379,0.03149351201508177,-0.894463
725,3.020833,walk,0.046718,0.536232,0.953577,0.033774,-0.051346,-0.257924,-0.7818050888141879,-0.10561689870378874,-0.11113778204512206,-0.0971130522565754,0.14371881659244137,-0.04516323681783133,-0.18939030244838942,-0.22179548727796702,-0.2950072011521765,-0.0040806529044620215,-0.01800288046085794,0.01272203552568316,-0.25568,0.02084699999999995,-0.895229,0.236297,-0.020177,-0.910326,0.491977,0.04102399999999995,0.015096999999999916,0.34903,0.9626352207980646,0.34903,0.65097,0.03736477920193537,-0.895229
726,3.025,walk,0.04337,0.535731,0.953131,0.034,-0.051646,-0.257844,-0.8034557235421542,-0.12023038156950026,-0.10703143748501988,-0.14373102620812916,0.10961001574696165,-0.0360685555193459,-0.13870890328774216,-0.20062395008398995,-0.2764578833693431,-0.004079673626107516,-0.02231821454283993,0.014638828893690491,-0.25291,0.020512000000000086,-0.8959349999999999,0.23962800000000004,-0.019768999999999926,-0.9098189999999999,0.49253800000000003,0.04028100000000001,0.013884000000000007,0.36116000000000004,0.9549987114797274,0.36116000000000004,0.63884,0.04500128852027263,-0.8959349999999999
727,3.029167,walk,0.040042,0.535241,0.952733,0.03394,-0.052247,-0.25771,-0.7986561075113499,-0.11759059275257033,-0.09551235901124891,-0.049833647960995785,0.2832216599999741,-0.0740500911385163,-0.11855051595871474,-0.16534677225822142,-0.28293736501078176,-0.008879289656829133,-0.01439884809216615,0.021118310535155373,-0.250076,0.020313000000000025,-0.8967160000000001,0.24291900000000002,-0.019338999999999995,-0.9093330000000001,0.492995,0.03965200000000002,0.01261699999999999,0.37383000000000005,0.954902831726913,0.37383000000000005,0.6261699999999999,0.04509716827308696,-0.8967160000000001
728,3.033333,walk,0.036674,0.534785,0.952348,0.033513,-0.052536,-0.257526,-0.8084493518963681,-0.10945751320212388,-0.09241478636584499,0.15806809967569962,0.1824034776080642,-0.10653053910614767,-0.1000960153624661,-0.1380220835333744,-0.29452712433991746,-0.015602496399434085,-0.014882381180991696,0.017762842054729607,-0.24712499999999998,0.020194000000000045,-0.897558,0.246222,-0.01894499999999999,-0.908874,0.493347,0.039139000000000035,0.011315999999999993,0.38684,0.953439354917724,0.38684,0.6131599999999999,0.046560645082275975,-0.897558
729,3.0375,walk,0.032739,0.534515,0.952502,0.030169,-0.052057,-0.256927,-0.9443244540436192,-0.06479481641468107,0.03695704343651982,1.596495200524758,0.17454388267097454,-0.3904241421931153,-0.09479241660666723,-0.11831053515717198,-0.267098632109414,-0.018718502519789352,-0.01463882889368227,0.01895848332133378,-0.243585,0.019971000000000072,-0.898825,0.250079,-0.018735999999999975,-0.908949,0.493664,0.03870700000000005,0.010124000000000022,0.39876,0.9493349304580903,0.39876,0.60124,0.050665069541909746,-0.898825
730,3.041667,walk,0.029275,0.533967,0.952106,0.029902,-0.052952,-0.256645,-0.8312934965203159,-0.13150947924166498,-0.09503239740820014,0.006701525184608106,0.4423073950855106,-0.1544985383220828,-0.06695464362851312,-0.11183105351574243,-0.2682985361171231,-0.020398368130550903,-0.015118790496769409,0.02327813774898111,-0.2404,0.020052999999999988,-0.899547,0.253458,-0.018251000000000017,-0.908456,0.493858,0.038304000000000005,0.008909000000000056,0.4137703669310545,0.942589612207487,0.4137703669310545,0.5862296330689455,0.05741038779251295,-0.899547
731,3.045833,walk,0.025936,0.533481,0.951856,0.029268,-0.053103,-0.256805,-0.8014882381180766,-0.11665866538645539,-0.06000960153623755,0.27859473046861943,0.15114978022088937,0.05975057355039014,-0.07489198271723432,-0.13802208353335968,-0.24651944311089102,-0.020163226116184877,-0.01752280364858083,0.03456553048487623,-0.237373,0.019963999999999982,-0.900324,0.25671299999999997,-0.01783800000000002,-0.908062,0.494086,0.037802,0.007738000000000023,0.43547770830191007,0.9271916474415343,0.43547770830191007,0.5645222916980899,0.07280835255846574,-0.900324
732,3.05,walk,0.022585,0.53299,0.951702,0.028627,-0.053026,-0.256963,-0.8041756659467609,-0.11783057355412566,-0.036957043436523764,0.3100167029954674,0.04603847705005015,0.06010915961261784,-0.07775377969762558,-0.15430765538756383,-0.20638348932086367,-0.026157907367404656,-0.020398368130550903,0.03767698584113381,-0.234346,0.019812000000000052,-0.90103,0.259955,-0.017432000000000003,-0.9077510000000001,0.494301,0.037244000000000055,0.006721000000000088,0.48417903443601884,0.916335909695972,0.48417903443601884,0.5158209655639812,0.083664090304028,-0.90103
733,3.054167,walk,0.019165,0.532403,0.951389,0.028097,-0.053991,-0.257046,-0.8207343412526497,-0.1408687305015523,-0.07511399088072682,0.12763179948575332,0.5147730151011229,0.01907647240117233,-0.013918886489080623,-0.16726661867051026,-0.24094072474200715,-0.0271178305735596,-0.013438924885995098,0.04343652507799126,-0.23098400000000002,0.019701999999999997,-0.901721,0.263262,-0.016900999999999944,-0.9072570000000001,0.49424599999999996,0.03660299999999994,0.005536000000000096,0.4552404530442845,0.9117655719127438,0.4552404530442845,0.5447595469557155,0.08823442808725623,-0.901721
734,3.058333,walk,0.015785,0.531877,0.951171,0.027283,-0.054563,-0.257106,-0.8113298127700213,-0.1262602016322374,-0.052328372539617266,0.30753433541286557,0.3667565478414401,0.002052256564035986,-0.034805568891023105,-0.15314450312047503,-0.1961113778204455,-0.0340854536725808,-0.022563610177637045,0.04944791166586633,-0.227749,0.019589999999999996,-0.90232,0.2665,-0.016469000000000067,-0.906833,0.49424900000000005,0.03605900000000006,0.004512999999999989,0.5361273749489284,0.8930728359994871,0.5361273749489284,0.46387262505107163,0.10692716400051294,-0.90232
735,3.0625,walk,0.012301,0.531327,0.950889,0.026722,-0.055207,-0.257134,-0.8360931125510344,-0.13198944084475056,-0.06767458603312151,0.180571267931595,0.36846299095245344,-0.006584716898499001,-0.008159347252215033,-0.14662826973843437,-0.19030477561795975,-0.040316774658029554,-0.02711783057356249,0.05015598752100082,-0.224299,0.01952900000000002,-0.9028309999999999,0.269816,-0.016032000000000046,-0.906342,0.49411499999999997,0.035561000000000065,0.003511000000000042,0.5642574028036296,0.8836141219662229,0.5642574028036296,0.43574259719637043,0.11638587803377709,-0.9028309999999999
736,3.066667,walk,0.008953,0.530757,0.950703,0.026011,-0.055873,-0.257332,-0.8034557235421533,-0.13678905687544649,-0.04463642908567986,0.25125519980003136,0.4004518929863373,0.07303291063392948,-0.009359251259902335,-0.13462922966164131,-0.22294216462683986,-0.04247660187184805,-0.0362371010318954,0.0700743940484778,-0.22099,0.019537999999999944,-0.903574,0.27298700000000004,-0.015612999999999988,-0.905864,0.493977,0.03515099999999993,0.0022900000000000142,0.5427555583668715,0.8506699228495197,0.5427555583668715,0.4572444416331285,0.1493300771504803,-0.903574
737,3.070833,walk,0.005488,0.530144,0.950326,0.024901,-0.057012,-0.257135,-0.8317330772923438,-0.14714354296689125,-0.09049447911664675,0.3680831431746801,0.6615831619021456,-0.13705408916734635,-0.035045607297168324,-0.10681709073452149,-0.17570811329812205,-0.03456553048488455,-0.04512722035527409,0.0813730196831485,-0.217671,0.019706,-0.903929,0.276308,-0.01518799999999998,-0.905148,0.493979,0.03489399999999998,0.00121899999999997,0.6401534543555314,0.8345644616386372,0.6401534543555314,0.3598465456444686,0.16543553836136282,-0.903929
738,3.075,walk,0.002279,0.529309,0.949789,0.027283,-0.057969,-0.257956,-0.7700983921285827,-0.2003839692824258,-0.12886969042476049,-1.202254464618166,0.16812704175383605,0.47583637596175926,0.0014398848092166152,-0.10127189824811536,-0.16750659947203303,-0.04343652507798793,-0.06407487401007943,0.09239260859130621,-0.214456,0.020118999999999998,-0.90409,0.27933600000000003,-0.014620000000000077,-0.904226,0.493792,0.034739000000000075,0.000136000000000025,0.6723965176907976,0.7991081322330307,0.6723965176907976,0.32760348230920244,0.20089186776696932,-0.90409
739,3.079167,walk,-0.001123,0.528739,0.949557,0.026992,-0.058724,-0.258223,-0.8164146868250914,-0.1367890568754731,-0.05567554595632843,0.04717055349387944,0.391894030465808,0.11905237630971195,-0.03599712023037925,-0.09143268538519153,-0.17566594672426925,-0.048956083513316845,-0.07559395248379376,0.11423086153108207,-0.21120399999999998,0.020307999999999993,-0.90459,0.282534,-0.014364999999999961,-0.903518,0.493738,0.034672999999999954,0.0010719999999999619,0.6645307868896263,0.7468396666117955,0.6645307868896263,0.3354692131103737,0.25316033338820454,-0.903518
740,3.083333,walk,-0.004588,0.528169,0.949378,0.026109,-0.059312,-0.258363,-0.831733077292344,-0.13682189150262694,-0.04296687469993383,0.33903310217078053,0.38475895569960783,0.038347233865417434,-0.012001920307254171,-0.07081132981275232,-0.16178588574171449,-0.05736917906866015,-0.07585213634180853,0.14930388862217653,-0.207789,0.020583000000000018,-0.905085,0.28575999999999996,-0.014110999999999985,-0.9027170000000001,0.493549,0.034694,0.0023679999999999257,0.7049813407683472,0.681285065852215,0.681285065852215,0.2950186592316528,0.31871493414778496,-0.9027170000000001
741,3.0875,walk,-0.008012,0.527581,0.949162,0.025133,-0.059717,-0.258299,-0.8216942644588808,-0.1411087113031101,-0.05183585313177702,0.39970053143883194,0.3070755271436545,-0.06469930406153722,-0.015358771298292216,-0.07943364530837181,-0.15238780897528814,-0.052795776337894895,-0.08039356851451632,0.16342692584594004,-0.204429,0.02084000000000008,-0.905504,0.288964,-0.013857999999999926,-0.90182,0.49339299999999997,0.03469800000000001,0.0036840000000000206,0.7124449802064039,0.6471128869989229,0.6471128869989229,0.2875550197935961,0.3528871130010771,-0.90182
742,3.091667,walk,-0.011448,0.527024,0.948903,0.025136,-0.05991,-0.258441,-0.8245740340772235,-0.1336693064554559,-0.06215502759776396,-0.021847950077949405,0.09206170915441482,0.06965000396847688,-0.021838252939765348,-0.07175425965923471,-0.13174946004318872,-0.061195104391646195,-0.09887209023279431,0.1869450443964357,-0.20108399999999998,0.02109799999999995,-0.9057940000000001,0.292145,-0.013713000000000086,-0.9007820000000001,0.493229,0.034811000000000036,0.0050120000000000164,0.7473281481821739,0.5829521360142523,0.5829521360142523,0.25267185181782614,0.41704786398574767,-0.9007820000000001
743,3.095833,walk,-0.014917,0.526466,0.94868,0.02473,-0.060147,-0.258485,-0.8326932309170126,-0.13394143062892527,-0.053528564570355715,0.15953061634810312,0.16102811127748953,0.0078076420847438795,-0.02832453192511194,-0.07081132981278651,-0.11785885741719569,-0.06048967834853443,-0.0931349015842474,0.1850696111377969,-0.197733,0.021360999999999963,-0.9060619999999999,0.295362,-0.013542999999999972,-0.8997879999999999,0.493095,0.034903999999999935,0.006274000000000002,0.7660292408445568,0.5775383790572989,0.5775383790572989,0.2339707591554432,0.4224616209427011,-0.8997879999999999
744,3.1,walk,-0.01837,0.525888,0.948555,0.023987,-0.060591,-0.258595,-0.8286537077033336,-0.1387089032877207,-0.02999760019196619,0.2913394171940892,0.3000039981828101,0.029005146309276628,-0.024958003359728018,-0.05495560355169421,-0.11975041996639693,-0.07535397168225626,-0.11015118790495781,0.20494360451162671,-0.194384,0.021710000000000007,-0.906436,0.298501,-0.013423999999999991,-0.8988090000000001,0.492885,0.035134,0.007626999999999939,0.776497679756242,0.5161170767389808,0.5161170767389808,0.22350232024375805,0.4838829232610192,-0.8988090000000001
745,3.104167,walk,-0.021906,0.525265,0.948329,0.023731,-0.061217,-0.258649,-0.8485721142308996,-0.14950803935686793,-0.05423566114712498,0.04174182783828909,0.3233664221789007,0.01628501052412245,-0.03143748500119947,-0.045356371490281586,-0.12814974802016418,-0.07823374130069782,-0.12455003599713725,0.2037437005039696,-0.19097899999999998,0.022144000000000053,-0.906744,0.301711,-0.013319999999999999,-0.897734,0.49269,0.03546400000000005,0.009009999999999962,0.7674544619530483,0.49108976307267493,0.49108976307267493,0.23254553804695166,0.5089102369273251,-0.897734
746,3.108333,walk,-0.025367,0.524628,0.948107,0.023522,-0.061669,-0.259052,-0.8307729236677647,-0.1529044647143498,-0.05328852616417148,0.05092337636306222,0.2435189010591808,0.1914298283873279,-0.020163226116178216,-0.0357657225156173,-0.11497839654344387,-0.1060969755160925,-0.1257801248199603,0.22659625540085804,-0.187602,0.022631999999999985,-0.9070010000000001,0.30472999999999995,-0.013206999999999969,-0.896568,0.492332,0.035838999999999954,0.010433000000000026,0.7965179896964838,0.42893467476774255,0.42893467476774255,0.2034820103035162,0.5710653252322575,-0.896568
747,3.1125,walk,-0.028758,0.524036,0.947919,0.023366,-0.061802,-0.259253,-0.813774898008196,-0.1420686345092546,-0.04511639068876544,0.060895712099994455,0.08492344546710137,0.09417805051926982,-0.02351811855052057,-0.03575713942883646,-0.1130309575234031,-0.10799136069113774,-0.10727141828653602,0.23734101271899255,-0.184309,0.023075000000000068,-0.907284,0.30767100000000003,-0.013061999999999907,-0.8953909999999999,0.49198000000000003,0.036136999999999975,0.011893000000000042,0.7985629938627976,0.41114078699847023,0.41114078699847023,0.2014370061372024,0.5888592130015298,-0.8953909999999999
748,3.116667,walk,-0.032297,0.523393,0.94773,0.023528,-0.062329,-0.259288,-0.8492920566354175,-0.1543076553875474,-0.04535637149027675,-0.13998362854156607,0.2253479654769015,0.020929709647494667,-0.0232781377489753,-0.03743700503960535,-0.11975041996639527,-0.11663066954643925,-0.12502999760018285,0.23182145428364356,-0.180867,0.023561999999999972,-0.907594,0.310724,-0.012939999999999952,-0.8942359999999999,0.491591,0.03650199999999992,0.013358000000000092,0.7873215512307388,0.38632625902348827,0.38632625902348827,0.21267844876926123,0.6136737409765117,-0.8942359999999999
749,3.120833,walk,-0.03567,0.522788,0.947528,0.02361,-0.062265,-0.259285,-0.8096495439270064,-0.14522323571770285,-0.04848775804126715,-0.03003000188958968,-0.03990439331295526,0.001539939385669287,-0.02352376380221125,-0.03840614498318137,-0.09913586173787456,-0.12265962554007914,-0.11353816610658755,0.2506000960153564,-0.177592,0.024007,-0.9078050000000001,0.313586,-0.012808000000000042,-0.8929900000000001,0.491178,0.03681500000000004,0.014815000000000023,0.8185221277767639,0.35185,0.35185,0.18147787222323608,0.64815,-0.8929900000000001
750,3.125,walk,-0.039114,0.522115,0.947232,0.023582,-0.062262,-0.259194,-0.8264938804895992,-0.161507079433661,-0.07103431725464063,0.010896885428094529,0.00028897246316389577,-0.04612080742556174,-0.023998080153586166,-0.035517158627320314,-0.09527237820974793,-0.1247900167986667,-0.11519078473723492,0.2548596112311116,-0.174248,0.024531999999999998,-0.907906,0.31650999999999996,-0.012615000000000043,-0.891632,0.49075799999999997,0.03714700000000004,0.01627400000000001,0.8258815660266662,0.33726,0.33726,0.17411843397333382,0.66274,-0.891632
751,3.129167,walk,-0.042615,0.521461,0.946982,0.024027,-0.062187,-0.259171,-0.8401727861771435,-0.15694744420448123,-0.059995200383965414,-0.19715013127301903,-0.09030393713556976,0.0035104840661349355,-0.028077753779700343,-0.023518118550527232,-0.08855291576674301,-0.12095032397407535,-0.1041516678665597,0.25629949604033003,-0.17086400000000002,0.025088,-0.908025,0.31950700000000004,-0.012394999999999934,-0.8903139999999999,0.490371,0.03748299999999993,0.017711000000000032,0.8402860104205192,0.32288999999999995,0.32288999999999995,0.1597139895794808,0.6771100000000001,-0.8903139999999999
752,3.133333,walk,-0.046153,0.520712,0.946918,0.023905,-0.062961,-0.259148,-0.8492558809409272,-0.1797887662025874,-0.015362457993267218,-0.041028959433334795,0.37416532198148916,-0.01810793789162537,-0.040566490638501644,-0.02688430148823762,-0.10057609217474418,-0.16538646183390107,-0.10585693710994062,0.25564090254439925,-0.167495,0.025724999999999998,-0.9083800000000001,0.322356,-0.012086999999999959,-0.889185,0.489851,0.03781199999999996,0.019195000000000073,0.8137806240957789,0.30805000000000005,0.30805000000000005,0.1862193759042211,0.69195,-0.889185
753,3.1375,walk,-0.049631,0.519963,0.946743,0.024295,-0.063104,-0.259229,-0.8346532277417302,-0.17974562035036093,-0.041996640268784635,-0.196159460960989,0.019788152044592906,0.052701635453647304,-0.032157427405804434,-0.01943844492440432,-0.07247420206383136,-0.16750659947202637,-0.12023038156946081,0.26325893928484134,-0.164151,0.026393,-0.908507,0.325136,-0.011838999999999933,-0.887913,0.489287,0.03823199999999993,0.020594,0.8639397269668518,0.29406,0.29406,0.13606027303314816,0.70594,-0.887913
754,3.141667,walk,-0.052999,0.519247,0.946516,0.024411,-0.062887,-0.259197,-0.8082553395728701,-0.1718262538996812,-0.05447564194864113,-0.02737722631640738,-0.11575607466477374,-0.011242027741625422,-0.029277657787380982,-0.016318694504430065,-0.07823374130069949,-0.17254619630430956,-0.12023038156947362,0.2658987281017635,-0.16090500000000002,0.02704099999999998,-0.908606,0.327785,-0.011623999999999968,-0.886578,0.48868999999999996,0.03866499999999995,0.022028000000000048,0.8581471878461038,0.27972,0.27972,0.14185281215389622,0.72028,-0.886578
755,3.145833,walk,-0.056442,0.518533,0.946396,0.024714,-0.063208,-0.258969,-0.8264522323571549,-0.1713874219875115,-0.028804608737399352,-0.18660084586579168,0.10713289853681876,-0.1040546067901541,-0.03936629860777556,-0.02400384061449502,-0.0897743638982211,-0.1685069611137689,-0.09601536245800672,0.24699951992318145,-0.15762600000000002,0.027654999999999985,-0.90886,0.330526,-0.011310000000000042,-0.885429,0.48815200000000003,0.03896500000000003,0.02343099999999998,0.8317960378022096,0.26569,0.26569,0.16820396219779044,0.73431,-0.885429
756,3.15,walk,-0.059782,0.517858,0.9461,0.025507,-0.0631,-0.258534,-0.8015358771298668,-0.16198704103671993,-0.07103431725461398,-0.36525582149913993,-0.15682478078643258,-0.18875035245981514,-0.03503719702423474,-0.032637389008886776,-0.08591312694984726,-0.1874250059995229,-0.11375089992800481,0.27669786417087927,-0.15443199999999999,0.02819399999999994,-0.908922,0.333085,-0.011109000000000036,-0.8839800000000001,0.487517,0.03930299999999998,0.02494199999999991,0.8360736130747417,0.25058,0.25058,0.1639263869252583,0.74942,-0.8839800000000001
757,3.154167,walk,-0.063349,0.517026,0.945925,0.02592,-0.063167,-0.258395,-0.8560115190784218,-0.1996640268778508,-0.041996640268784635,-0.20327557594536624,-0.022598407299965474,-0.055204493635139934,-0.038156947444206994,-0.022798176145896434,-0.0736741060715102,-0.20086393088552465,-0.14254859611229836,0.28893688504917936,-0.151024,0.02893100000000004,-0.909054,0.335815,-0.010870999999999964,-0.882601,0.486839,0.039802000000000004,0.02645300000000006,0.8565932031357084,0.23546999999999996,0.23546999999999996,0.14340679686429159,0.76453,-0.882601
758,3.158333,walk,-0.066838,0.516117,0.945794,0.025885,-0.063535,-0.258378,-0.8374939990399108,-0.21819491118579204,-0.03144503120499342,-0.030198254939016792,0.1749176759171272,-0.011272150801784817,-0.041286605856941695,-0.03120499279886817,-0.07801248199712546,-0.21507441190592388,-0.12746039366301037,0.2702832453192696,-0.14770700000000003,0.029709999999999903,-0.9092480000000001,0.338408,-0.010493000000000086,-0.881344,0.48611499999999996,0.04020299999999999,0.02790400000000004,0.8439704199508267,0.2209600000000001,0.2209600000000001,0.15602958004917333,0.77904,-0.881344
759,3.1625,walk,-0.070215,0.515235,0.945606,0.026149,-0.063394,-0.258431,-0.8104151667866089,-0.2116630669546426,-0.04511639068876063,-0.10314546106040186,-0.09692616284492911,0.0358025364701998,-0.03263738900887664,-0.03695704343651982,-0.0705543556515442,-0.2205423566114584,-0.11879049676023087,0.25197984161265785,-0.144466,0.030437999999999965,-0.909354,0.340866,-0.010105999999999948,-0.8801059999999999,0.485332,0.04054399999999991,0.02924800000000005,0.8565413404274196,0.20751999999999998,0.20751999999999998,0.14345865957258042,0.7924800000000001,-0.8801059999999999
760,3.166667,walk,-0.073571,0.514443,0.945508,0.026485,-0.063881,-0.258064,-0.8053755699544399,-0.19006479481642694,-0.023518118550500587,-0.2262529414066916,0.17721461044621972,-0.17269171528387225,-0.02975761939044658,-0.03863690904727,-0.06551475881929802,-0.23110151187905822,-0.09095272378210595,0.2167026637869072,-0.141234,0.031069000000000013,-0.909529,0.343259,-0.009692999999999952,-0.879105,0.48449299999999995,0.040761999999999965,0.030424000000000007,0.8638780134945896,0.19575999999999993,0.19575999999999993,0.1361219865054104,0.8042400000000001,-0.879105
761,3.170833,walk,-0.076962,0.513561,0.945351,0.026784,-0.063934,-0.257939,-0.8139702352376169,-0.2117138742198546,-0.03768602976475238,-0.1484449964702323,-0.014788125860315216,-0.05205801706244952,-0.027124339894382836,-0.03600576092174253,-0.05904944791166334,-0.25636101776282494,-0.15722515602497703,0.2592414786365742,-0.137956,0.03180099999999997,-0.909618,0.34558200000000006,-0.009466000000000085,-0.8778680000000001,0.483538,0.041267000000000054,0.031749999999999945,0.8761835819882704,0.1825,0.1825,0.1238164180117296,0.8175,-0.8778680000000001
762,3.175,walk,-0.080257,0.512668,0.945232,0.026985,-0.063662,-0.25786,-0.7907367410607494,-0.2143028557715559,-0.028557715382792583,-0.0612937341940322,-0.15271901832461787,-0.0309604277288508,-0.02111831053515929,-0.03863690904727,-0.0523158147348243,-0.2658987281017635,-0.13270938324932563,0.21118310535157958,-0.134749,0.032533000000000034,-0.909717,0.347769,-0.009125999999999967,-0.876869,0.482518,0.041659,0.03284799999999999,0.8860343832071014,0.17152000000000006,0.17152000000000006,0.11396561679289863,0.8284799999999999,-0.876869
763,3.179167,walk,-0.083588,0.51176,0.945165,0.027215,-0.063962,-0.257821,-0.7993760499159582,-0.21790256779456793,-0.016078713702885564,-0.14491227288583577,0.11028071578413251,-0.012916714344390864,-0.006479481641468107,-0.03887688984880864,-0.04007679385648916,-0.27741780657546805,-0.10895128389729729,0.16462682985360313,-0.131445,0.03327900000000006,-0.909817,0.349944,-0.008672000000000013,-0.876116,0.48138899999999996,0.04195100000000007,0.03370099999999998,0.9063169401582292,0.16299000000000002,0.16299000000000002,0.09368305984177083,0.83701,-0.876116
764,3.183333,walk,-0.086843,0.510973,0.945047,0.027635,-0.064745,-0.25725,-0.7813250120019009,-0.18891022563609233,-0.028324531925122243,-0.3076096844145855,0.3001035068001305,-0.272395726140246,-0.003600576092171588,-0.04416706673069322,-0.03336533845415181,-0.2962073931828909,-0.15506481036963676,0.17594815170426728,-0.12820499999999999,0.03388199999999997,-0.9098379999999999,0.35196500000000003,-0.008530999999999955,-0.875265,0.48017,0.04241299999999992,0.034572999999999965,0.9075497169352761,0.15427000000000002,0.15427000000000002,0.09245028306472391,0.84573,-0.875265
765,3.1875,walk,-0.09005,0.510095,0.944999,0.027692,-0.064779,-0.257184,-0.7696184305255934,-0.21070314374852064,-0.011519078473707506,-0.03243009264672378,0.007379330264234688,-0.03093829358965241,-0.004799616030722562,-0.03287736981040292,-0.023038156947444984,-0.324214062874996,-0.18502519798418823,0.15046796256300243,-0.12501800000000002,0.03462300000000007,-0.9098860000000001,0.353821,-0.008423999999999987,-0.87459,0.478839,0.04304700000000006,0.035296000000000105,0.932613996770936,0.14704,0.14704,0.06738600322906396,0.8529599999999999,-0.87459
766,3.191667,walk,-0.093259,0.509207,0.945046,0.027701,-0.065225,-0.257177,-0.7700983921286624,-0.2131029517638686,0.01127909767219136,-0.05980656400455149,0.20597838942627994,-0.005429806931136816,0.004319654427650306,-0.032397408207343985,-0.0158387329013678,-0.3472522198224243,-0.1593472522198292,0.11039116870650902,-0.121791,0.035376000000000074,-0.909999,0.355583,-0.008199999999999985,-0.8741770000000001,0.47737399999999997,0.04357600000000006,0.03582199999999991,0.9394672509928976,0.14178000000000002,0.14178000000000002,0.06053274900710237,0.85822,-0.8741770000000001
767,3.195833,walk,-0.096494,0.508281,0.945015,0.027538,-0.066238,-0.257014,-0.7765242438789998,-0.22227556409024413,-0.007441190590495055,-0.05503613382427205,0.4873095005873607,-0.09139958631339344,0.010321651464230993,-0.04008641382621787,-0.017762842054729378,-0.3989438310129504,-0.18867018722994044,0.1377820451272178,-0.11851300000000001,0.03613500000000003,-0.910042,0.35715600000000003,-0.008059999999999956,-0.873572,0.475669,0.044194999999999984,0.03647,0.9249264135024635,0.13529999999999992,0.13529999999999992,0.07507358649753648,0.8647,-0.873572
768,3.2,walk,-0.099609,0.507418,0.945059,0.027838,-0.066444,-0.25708,-0.7475401967842134,-0.20710343172543666,0.010559155267561867,-0.1626229015533725,0.06045592084487998,0.042401302206275256,-0.0014398848092166152,-0.018718502519802675,-0.015118790496759472,-0.41972642188622367,-0.20782337413006496,0.10583153347731464,-0.115404,0.03691999999999995,-0.910149,0.358522,-0.008063000000000042,-0.873175,0.473926,0.044982999999999995,0.03697399999999995,0.9598256082486556,0.13025999999999993,0.13025999999999993,0.04017439175134441,0.8697400000000001,-0.873175
769,3.204167,walk,-0.102634,0.506512,0.945136,0.02715,-0.066372,-0.25708,-0.7259419246460614,-0.21742260619153223,0.018478521718261882,0.3274452227234702,0.050791210541594405,-0.02406342456398732,-0.0043196544276436445,-0.015358771298285554,-0.008399328053754491,-0.4475641948644326,-0.17278617710583904,0.09959203263739325,-0.112397,0.03776200000000007,-0.910261,0.359682,-0.007876999999999967,-0.872837,0.472079,0.04563900000000004,0.03742400000000001,0.9699491180605531,0.12576000000000004,0.12576000000000004,0.03005088193944694,0.8742399999999999,-0.872837
770,3.208333,walk,-0.105697,0.505656,0.945181,0.026792,-0.067034,-0.256965,-0.7352376380220625,-0.20547287566009229,0.010801728276541413,0.08020084684964177,0.34912656115056273,-0.07262482817568415,-0.0033605376860263714,-0.008161305808950692,-0.007441190590495055,-0.5141622659625344,-0.21771483437349168,0.1281805088814158,-0.10934799999999999,0.03858399999999995,-0.9103370000000001,0.360603,-0.00792799999999999,-0.872348,0.469951,0.04651199999999994,0.03798900000000005,0.9807594580630083,0.12011000000000005,0.12011000000000005,0.01924054193699165,0.87989,-0.872348
771,3.2125,walk,-0.108738,0.50472,0.945375,0.025694,-0.067676,-0.256794,-0.7297816174706362,-0.22462203023760274,0.046556275497942244,0.42358308289907454,0.429212518805409,-0.1263782674858763,-0.005519558435330946,-0.005279577633781497,-0.004559635229181438,-0.5675545956323768,-0.22078233741301137,0.09095272378210262,-0.10633000000000001,0.03949800000000003,-0.91055,0.361279,-0.007911999999999919,-0.872163,0.46760900000000005,0.04740999999999995,0.03838699999999995,0.9851741836710277,0.11613000000000007,0.11613000000000007,0.014825816328972286,0.8838699999999999,-0.872163
772,3.216667,walk,-0.111675,0.503835,0.945661,0.025537,-0.067867,-0.256804,-0.7048236141108271,-0.21238300935921758,0.0686345092392587,0.04925834327659202,0.10821325262605193,-0.0013504439679783284,-0.007919366450678061,-0.0033597312214921136,0.0016798656107510524,-0.6205903527717417,-0.22822174226061367,0.06575473962082548,-0.10342599999999999,0.04036899999999999,-0.910829,0.36163,-0.00797800000000004,-0.8721749999999999,0.465056,0.04834700000000003,0.03865400000000008,0.9853915827791933,0.11346000000000006,0.11346000000000006,0.014608417220806746,0.8865399999999999,-0.8721749999999999
773,3.220833,walk,-0.114489,0.502958,0.946061,0.025271,-0.067833,-0.256769,-0.6754680748920355,-0.21051368218917094,0.09601536245801696,0.12635425231844244,0.016015116510497956,-0.026785662308781103,-0.011761881901110209,0.010561689870364011,-0.00024003840614524228,-0.7090734517523395,-0.24003840614500244,0.046327412385985124,-0.10066100000000001,0.04128999999999994,-0.91123,0.36149,-0.008101000000000025,-0.872382,0.462151,0.04939099999999996,0.038847999999999994,0.9736503859816463,0.11152000000000006,0.11152000000000006,0.026349614018353673,0.8884799999999999,-0.872382
774,3.225,walk,-0.117329,0.502036,0.946534,0.024724,-0.067858,-0.256869,-0.6815454763618517,-0.22126229901606004,0.11351091912644994,0.25302901797039656,0.08064476676486766,0.029870000543143628,-0.01847852171825991,0.016558675305997736,0.0002399808015361025,-0.7674586033116898,-0.2764578833693103,-0.019198464122868217,-0.097898,0.04228100000000001,-0.911702,0.361132,-0.008331000000000033,-0.872935,0.45903,0.050612000000000046,0.038766999999999996,0.9586443916349787,0.11233000000000004,0.11233000000000004,0.04135560836502128,0.88767,-0.872935
775,3.229167,walk,-0.12018,0.501127,0.946865,0.025209,-0.067783,-0.256823,-0.6841852651788152,-0.21814254859613394,0.07943364530837181,-0.21653393091941744,-0.09519502238354423,-0.005208129285411817,-0.018238540916725752,0.015598752099828344,0.0,-0.8545716342692928,-0.29109671226303696,-0.0023998080153579504,-0.095123,0.04325500000000004,-0.912033,0.360422,-0.008635000000000004,-0.8732759999999999,0.455545,0.05189000000000005,0.03875700000000004,0.9600011999540063,0.11243000000000003,0.11243000000000003,0.039998800045993654,0.88757,-0.8732759999999999
776,3.233333,walk,-0.122929,0.500201,0.947406,0.024768,-0.067594,-0.256805,-0.6598655784925411,-0.22227556409024413,0.12986077772443563,0.22710704211058308,-0.03423384971921428,-0.023966954574018044,-0.016082573211716193,0.013922227556409242,0.002400384061448836,-0.9287085933749173,-0.3026884301488184,-0.012962073931828376,-0.09244100000000001,0.04423900000000003,-0.9125639999999999,0.359302,-0.008970000000000034,-0.873871,0.451743,0.05320900000000006,0.03869299999999998,0.9643224539612444,0.11306999999999995,0.11306999999999995,0.035677546038755614,0.88693,-0.873871
777,3.2375,walk,-0.125662,0.499268,0.947983,0.024789,-0.067371,-0.25685,-0.655867530597582,-0.2239020878329877,0.13846892248621936,0.01927956525309077,-0.10533774360477949,0.02365515820328359,-0.011759059275256955,0.019438444924406394,0.007919366450685566,-0.9779217662587428,-0.3225341972642231,-0.03359731221502463,-0.089757,0.04525300000000004,-0.913108,0.35796,-0.009380999999999973,-0.874588,0.44771700000000003,0.054634000000000016,0.03852,0.9599013376124164,0.11480000000000001,0.11480000000000001,0.04009866238758364,0.8852,-0.874588
778,3.241667,walk,-0.128363,0.498413,0.948451,0.025327,-0.067331,-0.25669,-0.6481881449483667,-0.20518358531316117,0.11231101511878941,-0.24874074233644905,-0.08773276799674319,-0.05996172038421703,-0.005999520038395902,0.014158867290596745,0.004559635229180952,-1.0496760259178666,-0.34557235421164123,-0.032157427405804434,-0.08708099999999999,0.04616699999999996,-0.9135570000000001,0.356287,-0.009965999999999975,-0.87519,0.443368,0.05613299999999993,0.03836700000000004,0.9732678908703496,0.11632999999999999,0.11632999999999999,0.026732109129650405,0.88367,-0.87519
779,3.245833,walk,-0.131132,0.497424,0.949024,0.0247,-0.066898,-0.256673,-0.6646663466154388,-0.23739798367738613,0.13754200672105593,0.3435451178670383,-0.12494037738511339,-0.029153120173617385,-0.0026404224675973835,0.00888142102737968,0.0002400384061452167,-1.0928948631780788,-0.3492558809409505,-0.06313010081613203,-0.08432300000000001,0.04719300000000004,-0.914129,0.354503,-0.010431999999999997,-0.876026,0.438826,0.05762500000000004,0.038103,0.984552140681437,0.11897000000000013,0.11897000000000013,0.015447859318562962,0.8810299999999999,-0.876026
780,3.25,walk,-0.13381,0.496506,0.94961,0.025018,-0.06637,-0.256526,-0.6426685865131115,-0.2203023758099391,0.14062874970002454,-0.08599210561969273,-0.28733160507224964,-0.05978879839762281,-0.0007199424046083842,0.0026397888168907483,0.003359731221502463,-1.15598752099837,-0.3734101271898423,-0.06647468202544088,-0.081648,0.048122,-0.914701,0.352364,-0.011070000000000024,-0.8768889999999999,0.434012,0.05919200000000002,0.03781200000000007,0.9927783896947209,0.1218800000000001,0.1218800000000001,0.007221610305279125,0.8781199999999999,-0.8768889999999999
781,3.254167,walk,-0.136529,0.495562,0.950214,0.025122,-0.066019,-0.256485,-0.6525077993760795,-0.22654187664987846,0.14494840412768814,-0.005809346293474237,-0.17673837420292685,-0.015504069276570671,-0.0038396928245713886,0.008159347252215033,0.0021598272138218222,-1.2248620110391721,-0.3909287257019597,-0.08135349172066417,-0.07894499999999999,0.04909999999999998,-0.915296,0.34997900000000004,-0.011755000000000015,-0.877832,0.42892399999999997,0.06085499999999999,0.03746400000000005,0.9845454930914725,0.12535999999999997,0.12535999999999997,0.015454506908527454,0.8746400000000001,-0.877832
782,3.258333,walk,-0.139266,0.494607,0.950808,0.024986,-0.065336,-0.256356,-0.6569851176187985,-0.22923667786844876,0.14258281325011213,0.1439616226549969,-0.3035485278732812,-0.06611440706078373,0.004560729716752455,0.016562650023999963,0.0016802688430148512,-1.2844455112817685,-0.418386941910693,-0.07849255880940924,-0.076189,0.050123999999999946,-0.915883,0.34736500000000003,-0.012543000000000026,-0.878753,0.423554,0.06266699999999997,0.037129999999999996,0.9712315308235842,0.12870000000000004,0.12870000000000004,0.028768469176415845,0.8713,-0.878753
783,3.2625,walk,-0.141929,0.493681,0.951401,0.025316,-0.064841,-0.256245,-0.6390688744900016,-0.22222222222221777,0.14230861531078223,-0.09462094427065303,-0.27266763543425016,-0.04172000519829431,0.010319174466045748,0.00767938564915528,0.002879769618431565,-1.3575713942883731,-0.42836573074151,-0.08975281977441242,-0.07348299999999999,0.051082000000000016,-0.9164640000000001,0.344371,-0.01340199999999997,-0.8797200000000001,0.417854,0.06448399999999999,0.036744,0.9780308676987977,0.13256000000000012,0.13256000000000012,0.021969132301202343,0.8674399999999999,-0.8797200000000001
784,3.266667,walk,-0.144573,0.492732,0.952001,0.025635,-0.064157,-0.256106,-0.6345092392608899,-0.22774178065755243,0.143988480921517,-0.0669146161225496,-0.359733994827235,-0.05518214156557758,-0.0014398848092167685,0.005759539236867074,0.005039596832253694,-1.3719702423806721,-0.4499640028797939,-0.09911207103432099,-0.07084499999999999,0.05205500000000002,-0.9170429999999999,0.341298,-0.014328000000000007,-0.880733,0.41214300000000004,0.06638300000000003,0.03630999999999995,0.9870210537240236,0.13690000000000008,0.13690000000000008,0.0129789462759764,0.8631,-0.880733
785,3.270833,walk,-0.147262,0.491801,0.952557,0.026383,-0.063554,-0.256066,-0.6454632741238414,-0.22347575612097687,0.13346135381660723,-0.27294464229909343,-0.3725300917178251,0.00813299369817146,0.0019203072491617336,0.0002400384061518791,0.002400384061448836,-1.442390782525168,-0.4486317810849636,-0.10105616898703629,-0.06814799999999999,0.05298700000000006,-0.917589,0.337978,-0.015266000000000002,-0.88171,0.406126,0.06825300000000006,0.035878999999999994,0.9948610847420911,0.14121000000000006,0.14121000000000006,0.005138915257908883,0.8587899999999999,-0.88171
786,3.275,walk,-0.149975,0.490805,0.953079,0.026177,-0.062781,-0.255704,-0.6510679145668627,-0.23902087832974378,0.12526997840173898,0.18121883884346512,-0.3416335494941819,-0.18270369797742356,0.0059995200383965415,0.0035997120230352605,0.003119750419966335,-1.5020398368131205,-0.4929205663547142,-0.08495320374370276,-0.06541,0.053998000000000046,-0.918098,0.334432,-0.016324000000000005,-0.882586,0.39984200000000003,0.07032200000000005,0.03551199999999999,0.9872323096556205,0.14488,0.14488,0.012767690344379523,0.85512,-0.882586
787,3.279167,walk,-0.152553,0.489868,0.953798,0.026887,-0.061279,-0.25578,-0.6186705063594529,-0.22486201103909492,0.1725461963042912,-0.1412835594987854,-0.7831089799786121,0.068446674144693,0.007199424046076415,0.0007199424046016468,0.0040796736261104125,-1.5320374370049465,-0.5087592992560311,-0.10943124550035284,-0.062802,0.05493799999999999,-0.9188000000000001,0.330626,-0.01750700000000005,-0.883761,0.393428,0.07244500000000004,0.03503900000000004,0.9861562528598701,0.14961000000000002,0.14961000000000002,0.013843747140129925,0.85039,-0.883761
788,3.283333,walk,-0.155131,0.488926,0.954426,0.027621,-0.060208,-0.255579,-0.618819011041815,-0.2261161785885917,0.15074411905905225,-0.2129474904021148,-0.5915338547417882,-0.06992364127671234,0.009121459433505882,0.002400384061439098,-0.002400384061450757,-1.583293326932439,-0.5292846855497195,-0.09313490158426073,-0.06018600000000002,0.05588999999999994,-0.919438,0.326608,-0.01877000000000001,-0.884777,0.38679399999999997,0.07465999999999995,0.03466099999999994,0.9837788966773072,0.15338999999999997,0.15338999999999997,0.016221103322692776,0.8466100000000001,-0.884777
789,3.2875,walk,-0.157735,0.48795,0.955042,0.027973,-0.058908,-0.255473,-0.6249100071993848,-0.23422126229900958,0.1478281737460793,-0.0052337411424002896,-0.6492550328938301,-0.033808731658138434,0.00383969282457764,-0.006239500839925344,0.000479961603072205,-1.6441084713221932,-0.5413966882649144,-0.09527237820973945,-0.057566000000000006,0.05684,-0.920052,0.322361,-0.020050000000000012,-0.88579,0.379927,0.07689000000000001,0.034262000000000015,0.9877633321008166,0.15738000000000008,0.15738000000000008,0.012236667899183429,0.8426199999999999,-0.88579
790,3.291667,walk,-0.160316,0.486992,0.955532,0.028595,-0.05781,-0.255288,-0.6193904487641272,-0.22990160787138425,0.11759059275260951,-0.15726687082022914,-0.5898438304197725,-0.06521690543528302,0.00983921286296793,0.008399328053757822,0.00983921286297126,-1.6534677225822707,-0.5646748260139433,-0.09119270458363542,-0.05494400000000002,0.05783300000000002,-0.920501,0.318052,-0.021444999999999992,-0.88666,0.372996,0.07927800000000002,0.03384100000000001,0.9729112092021495,0.16159,0.16159,0.027088790797850537,0.83841,-0.88666
791,3.295833,walk,-0.162853,0.486039,0.956161,0.029219,-0.056727,-0.255122,-0.6089774363898085,-0.2287566010561583,0.15098415746518806,-0.15965187103357426,-0.5828010158454211,-0.05560296903447274,0.005760921747478538,0.015842534805570976,0.006961113778204621,-1.703312530004752,-0.5981757081132804,-0.08641382621219139,-0.05238300000000001,0.058852000000000015,-0.9211010000000001,0.313493,-0.022984000000000004,-0.887649,0.365876,0.08183600000000002,0.03345200000000004,0.9696030322473784,0.16548000000000002,0.16548000000000002,0.030396967752621573,0.8345199999999999,-0.887649
792,3.3,walk,-0.165507,0.484986,0.956549,0.029822,-0.056041,-0.254883,-0.6369090472762445,-0.2526997840172964,0.09311255099591112,-0.20054498300156584,-0.3971668988317573,-0.09504305492676861,0.012718982481401468,-0.008159347252215033,0.006959443244541054,-1.748020158387405,-0.6162706983441641,-0.06743460523158538,-0.049676000000000026,0.05987100000000006,-0.92146,0.308863,-0.024498999999999993,-0.8883179999999999,0.35853900000000005,0.08437000000000006,0.033142000000000005,0.9722720902128872,0.16858000000000006,0.16858000000000006,0.027727909787112814,0.8314199999999999,-0.8883179999999999
793,3.304167,walk,-0.167913,0.484046,0.957278,0.030363,-0.054318,-0.254828,-0.5773938084952899,-0.2255819534437099,0.1749460043196389,-0.03986527316743743,-0.8674879886724851,0.001998555717330315,0.005759539236866461,0.0016798656107460568,0.0016798656107510524,-1.7640988720901312,-0.6611471082312896,-0.07991360691144221,-0.04724599999999998,0.06081800000000004,-0.922182,0.303918,-0.02631399999999995,-0.88938,0.351164,0.08713199999999999,0.032802,0.9896162267132592,0.17198000000000002,0.17198000000000002,0.010383773286740783,0.82802,-0.88938
794,3.308333,walk,-0.170426,0.483047,0.957759,0.030607,-0.053615,-0.25448,-0.6032165146423233,-0.23979836773882496,0.11545847335574928,-0.03431569007545037,-0.3638061816628193,-0.15965386512002652,0.008161305808924043,-0.009841574651960547,-0.0009601536245808668,-1.805328852616369,-0.6670667306768976,-0.04200672107536962,-0.044699000000000016,0.06177599999999994,-0.922667,0.29891,-0.028094000000000008,-0.890036,0.343609,0.08986999999999995,0.032630999999999966,0.978631188412413,0.17368999999999996,0.17368999999999996,0.021368811587586967,0.8263100000000001,-0.890036
795,3.3125,walk,-0.173007,0.481985,0.958108,0.030853,-0.053253,-0.254277,-0.6193904487641272,-0.25485961123111495,0.08375329973600878,-0.0739899001712905,-0.20241045621619116,-0.09044545147028628,0.0033597312215057932,0.011039116870675214,0.006959443244541054,-1.8128149748020965,-0.6997840172786435,-0.028317734581236473,-0.042104,0.06288400000000005,-0.922987,0.293937,-0.029947999999999975,-0.8905029999999999,0.336041,0.09283200000000003,0.03248400000000007,0.9775411644806193,0.17516000000000004,0.17516000000000004,0.02245883551938066,0.82484,-0.8905029999999999
796,3.316667,walk,-0.175327,0.481024,0.958743,0.031804,-0.051432,-0.254239,-0.5567554595632643,-0.23062155027598596,0.15238780897530146,-0.21812177616319828,-0.9621895330503293,0.024150160952175117,0.004559635229179773,0.008639308855273968,-0.003599712023038591,-1.873530117590677,-0.7144228461723406,-0.03215742740580786,-0.039764999999999995,0.06388099999999997,-0.923637,0.28845,-0.03196399999999999,-0.8912720000000001,0.32821500000000003,0.09584499999999996,0.03236499999999998,0.982648578542955,0.17634999999999995,0.17634999999999995,0.017351421457045046,0.82365,-0.8912720000000001
797,3.320833,walk,-0.177725,0.480019,0.959208,0.032313,-0.050596,-0.25416,-0.5756120979356499,-0.24123859817570958,0.11161785885739918,-0.13504780782327688,-0.4519142762480727,-0.017134481538552945,0.011281805088818523,0.003840614498323467,-0.0019203072491600678,-1.8991838694190557,-0.7455592894862968,-0.017282765242438946,-0.03731999999999999,0.06490200000000002,-0.92411,0.28293599999999997,-0.034064999999999956,-0.891809,0.320256,0.09896699999999997,0.032301000000000024,0.9798811154413736,0.17698999999999998,0.17698999999999998,0.020118884558626426,0.82301,-0.891809
798,3.325,walk,-0.180118,0.47899,0.959571,0.032705,-0.049911,-0.254014,-0.5742740580753205,-0.24694024478038973,0.08711303095751863,-0.10065409752177502,-0.3689289454905303,-0.0549407826164091,0.003599712023034877,0.0043196544276365234,0.01199904007679347,-1.930645548356013,-0.7696184305255148,0.0002399808015361025,-0.034912,0.06594899999999992,-0.924423,0.277284,-0.036243000000000025,-0.8921709999999999,0.31219600000000003,0.10219199999999995,0.03225200000000006,0.9779146665190399,0.17747999999999997,0.17747999999999997,0.02208533348096009,0.82252,-0.8921709999999999
799,3.329167,walk,-0.182489,0.477982,0.959997,0.033729,-0.048879,-0.254042,-0.5689944804415935,-0.2419006479481773,0.10223182145429731,-0.3478089999151089,-0.6028048804772655,0.052483982825379714,0.0033597312214991323,0.002159827213831814,0.005999520038398207,-1.9407247420207263,-0.8096952243820835,0.004559635229183103,-0.032527,0.06696599999999997,-0.924824,0.27156800000000003,-0.038609000000000004,-0.892578,0.304095,0.10557499999999997,0.032246,0.9879876350550468,0.17753999999999998,0.17753999999999998,0.012012364944953169,0.82246,-0.892578
800,3.333333,walk,-0.18485,0.476926,0.960424,0.034401,-0.048179,-0.254064,-0.5667306769082836,-0.25348055688909565,0.10249639942392091,-0.22545383734503943,-0.40615715159948734,0.036567862611649266,0.0012001920307260835,0.0057609217474852,0.0033605376860297025,-1.9661545847335045,-0.8211713874219668,0.020643302928465317,-0.03016100000000002,0.068046,-0.9252370000000001,0.265738,-0.04097400000000001,-0.892919,0.295899,0.10902,0.03231800000000007,0.9887057175440044,0.1768200000000001,0.1768200000000001,0.011294282455995619,0.8231799999999999,-0.892919
801,3.3375,walk,-0.187128,0.475929,0.960781,0.035252,-0.047128,-0.254145,-0.5466762658987536,-0.23926085913128659,0.08567314614829781,-0.2642714365398338,-0.589407303713435,0.0745625541764257,0.0035997120230419214,0.004319654427636984,0.003119750419966335,-1.9942404607632296,-0.8420926325894276,0.04943604511639243,-0.027868000000000004,0.06906099999999998,-0.925581,0.259706,-0.04348599999999997,-0.89307,0.287574,0.11254699999999995,0.03251099999999996,0.9892826485825403,0.1748900000000001,0.1748900000000001,0.010717351417459664,0.8251099999999999,-0.89307
802,3.341667,walk,-0.189279,0.475031,0.960785,0.036692,-0.046725,-0.254127,-0.5161987041036437,-0.2155027597792069,0.00095992320614441,-0.6189528680888285,-0.36202644146191293,0.034588108767324675,-0.0016798656107527175,0.005279577633807577,0.003119750419966002,-2.002399808015238,-0.8572114230861055,0.06071514278857399,-0.025723999999999997,0.06998100000000007,-0.925572,0.253513,-0.04615999999999998,-0.892821,0.279237,0.11614100000000005,0.032750999999999975,0.9894027347416016,0.1724900000000001,0.1724900000000001,0.010597265258398436,0.82751,-0.892821
803,3.345833,walk,-0.191756,0.473881,0.961199,0.036429,-0.046134,-0.254133,-0.5945751320211722,-0.2760441670667488,0.09937590014403702,0.19475563132643137,-0.24250856933344714,0.002899565001970681,0.01224195871339403,0.007441190590495848,0.01824291886702009,-2.021123379740918,-0.8576572251560912,0.084493518963042,-0.023195999999999994,0.07116200000000006,-0.92591,0.24757,-0.04858299999999999,-0.892883,0.270766,0.11974500000000005,0.03302700000000003,0.9613404834436589,0.16973,0.16973,0.038659516556341145,0.8302700000000001,-0.892883
804,3.35,walk,-0.193981,0.472767,0.961698,0.037332,-0.044996,-0.254682,-0.5339572834172885,-0.2673386129109518,0.11975041996640191,-0.2696241971067915,-0.6250636065368941,0.3095158647117296,0.004079673626113743,-0.00047996160308552666,0.0023998080153576945,-2.0321574274056844,-0.8862491000719407,0.12742980561554387,-0.020954,0.072274,-0.9263990000000001,0.24132699999999999,-0.051161999999999985,-0.8928510000000001,0.262281,0.12343599999999999,0.03354800000000002,0.9920709432838908,0.16451999999999994,0.16451999999999994,0.007929056716109217,0.83548,-0.8928510000000001
805,3.354167,walk,-0.196193,0.471692,0.961885,0.037986,-0.044555,-0.254929,-0.5308375329973891,-0.25797936165107793,0.044876409887196,-0.2450201328929396,-0.27829347704397184,0.1451363490318756,-0.009839212862974591,0.0011999040076873012,0.0021598272138234876,-2.0518358531318435,-0.9097672186225491,0.12838972882169863,-0.018782999999999994,0.07335400000000003,-0.926577,0.234989,-0.05387799999999998,-0.892503,0.253772,0.127232,0.03407399999999994,0.9830921835150326,0.15926,0.15926,0.01690781648496742,0.84074,-0.892503
806,3.358333,walk,-0.198249,0.470849,0.962078,0.039558,-0.043376,-0.255346,-0.4935189630340725,-0.20235237638021114,0.046327412385980184,-0.5773651927377234,-0.728545797703699,0.2629117751405708,-0.006240998559768972,0.0,0.0019203072491600678,-2.091454632741181,-0.9354296687469833,0.16994719155064353,-0.01675299999999999,0.07419700000000001,-0.926762,0.228332,-0.05693200000000004,-0.891988,0.245085,0.13112900000000005,0.03477399999999997,0.9891170823261847,0.15226,0.15226,0.010882917673815329,0.8477399999999999,-0.891988
807,3.3625,walk,-0.200417,0.469743,0.962197,0.039924,-0.043542,-0.255581,-0.5202783777298061,-0.2654187664986912,0.028557715382765938,-0.18659498907668048,0.0382660952900319,0.12373597624293764,0.002399808015361281,0.010799136069105781,0.0019198464122873594,-2.0734341252700728,-0.9685625149988405,0.1725461963043029,-0.014574999999999977,0.07534799999999997,-0.926873,0.22186,-0.059862000000000026,-0.891388,0.23643499999999998,0.13521,0.03548499999999999,0.9812867969517934,0.14515000000000006,0.14515000000000006,0.01871320304820656,0.8548499999999999,-0.891388
808,3.366667,walk,-0.202797,0.468567,0.962362,0.039544,-0.043471,-0.255974,-0.5711543076553511,-0.2822174226061768,0.03959683225343693,0.19129228168778672,0.023037354267094544,0.18586538742200118,-0.002399808015361025,0.0043196544276365234,0.004559635229180952,-2.0851931845451097,-0.966402687784919,0.20614350851930557,-0.012204999999999994,0.07654199999999994,-0.927019,0.215551,-0.06271300000000002,-0.8906940000000001,0.227756,0.13925499999999996,0.03632499999999994,0.9887937559186384,0.13675000000000004,0.13675000000000004,0.011206244081361616,0.86325,-0.8906940000000001
809,3.370833,walk,-0.205028,0.467427,0.962648,0.039717,-0.04333,-0.256326,-0.5355256841094388,-0.2736437830052805,0.0686509841574387,-0.057268172959645945,-0.07790910346227964,0.18101643909025472,-0.00072011521843565,0.009841574651960547,-0.004800768122899337,-2.119779164666288,-0.9901584253480261,0.2210753720595247,-0.009977000000000014,0.07772300000000004,-0.927325,0.208951,-0.06569799999999998,-0.8900589999999999,0.218928,0.14342100000000002,0.03726600000000002,0.9817104665535645,0.12734,0.12734,0.01828953344643547,0.87266,-0.8900589999999999
810,3.375,walk,-0.207064,0.46636,0.962976,0.040493,-0.041822,-0.25717,-0.48860091192707056,-0.2560595152387889,0.07871370290379673,-0.15988583350696575,-0.773735177950903,0.45908932549066,-0.0038396928245713886,0.006239500839926008,-0.0004799616030722562,-2.0746340292777523,-1.0002399808015827,0.23758099352053036,-0.007956999999999992,0.078816,-0.927655,0.202342,-0.068799,-0.889397,0.21029899999999999,0.147615,0.038258000000000014,0.9877633321008211,0.11741999999999997,0.11741999999999997,0.012236667899178877,0.88258,-0.889397
811,3.379167,walk,-0.209226,0.465338,0.963099,0.040783,-0.041371,-0.257704,-0.5188384929205894,-0.24526037916968313,0.02951763858891045,-0.07050019945481326,-0.23150936195693242,0.2784790493544469,0.0028797696184268765,0.004319654427636984,-0.003119750419966335,-2.1432685385170167,-1.0287976961843488,0.2642188624910106,-0.00578300000000001,0.07985599999999998,-0.927791,0.195573,-0.07206399999999996,-0.8884190000000001,0.201356,0.15191999999999994,0.03937199999999996,0.9899052640075936,0.10628000000000004,0.10628000000000004,0.0100947359924064,0.89372,-0.8884190000000001
812,3.383333,walk,-0.211117,0.464388,0.962881,0.041412,-0.040537,-0.258173,-0.4539126260201517,-0.228036485837716,-0.052328372539617266,-0.18103647726863958,-0.452473077921173,0.2604542198571142,-0.0038406144983168045,0.012481997119551268,0.006481036965914188,-2.15746519443105,-1.054248679788739,0.3072491598655709,-0.003907999999999995,0.08085799999999999,-0.927546,0.188476,-0.07550600000000002,-0.886921,0.192384,0.156364,0.04062500000000002,0.9757012567785724,0.09375,0.09375,0.024298743221427554,0.90625,-0.886921
813,3.3875,walk,-0.213486,0.463124,0.962849,0.043038,-0.042353,-0.259047,-0.5685145188384607,-0.3033357331413405,-0.00767938564915528,-0.9682582717894889,0.6639065180087613,0.44765956848472793,-0.01055915526758185,-0.00047996160308552666,0.007919366450683057,-2.141588672906037,-1.0554355651547265,0.32229421646266265,-0.001583000000000001,0.08211999999999997,-0.927481,0.181921,-0.07863999999999999,-0.8855459999999999,0.183504,0.16075999999999996,0.041935000000000056,0.9779872203730586,0.08065,0.08065,0.02201277962694137,0.91935,-0.8855459999999999
814,3.391667,walk,-0.215701,0.461935,0.962865,0.04361,-0.041725,-0.259873,-0.5315574754019908,-0.2853371730261699,0.0038396928245780495,-0.1743206682237453,-0.34014131094666056,0.4341194308610998,-0.010559155267576314,-0.006239500839926008,0.0019198464122873594,-2.1187904967603552,-1.0710343172546672,0.32949364050877417,0.0005880000000000052,0.083283,-0.927489,0.175307,-0.08191399999999999,-0.884189,0.174719,0.16519699999999998,0.043300000000000005,0.9793096277795823,0.06700000000000006,0.06700000000000006,0.020690372220417697,0.9329999999999999,-0.884189
815,3.395833,walk,-0.217592,0.460893,0.963077,0.043186,-0.040756,-0.260521,-0.4539126260201517,-0.2501200192030626,0.05088814210273264,0.32763895792528275,-0.3795655634993214,0.3259556246342357,-0.0012001920307260835,0.0033605376860463584,0.0016802688430148512,-2.112337974075795,-1.0640902544406863,0.3043686989918316,0.002474000000000004,0.08433900000000005,-0.927694,0.168398,-0.08530500000000002,-0.883133,0.16592400000000002,0.16964400000000007,0.04456100000000007,0.9934262775143161,0.054389999999999994,0.054389999999999994,0.006573722485683886,0.9456100000000001,-0.883133
816,3.4,walk,-0.219556,0.459962,0.963391,0.043232,-0.038869,-0.261143,-0.47132229421648264,-0.22342212622991545,0.07535397168227762,0.22493555233084506,-0.8638171349363273,0.33919817506298494,0.0026397888168974088,0.011519078473707506,0.0021598272138234876,-2.1046316294697385,-1.0935925125990367,0.35421166306697205,0.0044490000000000085,0.085318,-0.927999,0.161592,-0.08893099999999998,-0.881971,0.15714299999999998,0.174249,0.04602800000000007,0.9799776161734741,0.03971999999999998,0.03971999999999998,0.02002238382652588,0.96028,-0.881971
817,3.404167,walk,-0.22139,0.459043,0.963113,0.04463,-0.037921,-0.261843,-0.4401247900167724,-0.2205423566114584,-0.06671466282696989,-0.5191297190265377,-0.5950870135312674,0.3965508063299038,-0.00383969282457764,0.005279577633780934,-0.01775857931365327,-2.1058315334771947,-1.105111591072653,0.36141108711300735,0.006266999999999995,0.08625899999999997,-0.927795,0.15465099999999998,-0.092617,-0.880187,0.14838400000000002,0.17887599999999998,0.047607999999999984,0.9684658773787317,0.023920000000000052,0.023920000000000052,0.03153412262126831,0.97608,-0.880187
818,3.408333,walk,-0.223457,0.457931,0.962982,0.044596,-0.038544,-0.262327,-0.4961593855017161,-0.2669227076332429,-0.03144503120499342,-0.0570997607561814,0.3055867745710102,0.22935410843284118,-0.004560729716752941,0.004080652904475781,-0.0012001920307262114,-2.084973595775489,-1.1041766682670084,0.4534325492079096,0.008314999999999989,0.08738800000000002,-0.927669,0.148032,-0.096105,-0.878167,0.13971699999999998,0.18349300000000002,0.049501999999999935,0.9896060321197155,0.0049799999999999844,0.0049799999999999844,0.01039396788028446,0.99502,-0.878167
819,3.4125,walk,-0.225419,0.45688,0.963311,0.045041,-0.036852,-0.263423,-0.4708423326133669,-0.25221982241418395,0.07895368370530446,0.02217661028527444,-0.8100804457307551,0.5829707532361347,-0.0002399808015361025,0.012479001679877331,0.0040796736261104125,-2.1360691144707102,-1.1211903047755387,0.4271658267338362,0.010276000000000007,0.08849100000000004,-0.9279810000000001,0.14109300000000002,-0.09972599999999998,-0.876716,0.13081700000000002,0.18821700000000002,0.051265000000000005,0.9781147683860232,0.0,0.0,0.02188523161397682,1.0,-0.876716
820,3.416667,walk,-0.227631,0.455666,0.963013,0.045381,-0.038764,-0.263623,-0.5308375329973825,-0.29133669306456644,-0.07151427885769956,-0.39849500388029735,0.8475810291036959,0.07557274374627924,-0.002879769618433537,0.006959443244527732,0.003599712023038591,-2.0671946244301393,-1.1034317254620245,0.43244540436766987,0.012475999999999987,0.08973399999999998,-0.927668,0.134691,-0.10311000000000003,-0.8746160000000001,0.12221500000000002,0.19284400000000002,0.05305199999999999,0.9860870913279685,0.0,0.0,0.013912908672031543,1.0,-0.8746160000000001
821,3.420833,walk,-0.229667,0.454535,0.963106,0.045647,-0.039504,-0.264282,-0.4887181949111748,-0.27148343734996694,0.022323571771485164,-0.20921743040322466,0.32689454093272863,0.321772274609482,-0.005040806529042888,0.0004800768123037582,0.0,-2.078492558809353,-1.1200192030724618,0.4375900144022903,0.014491000000000004,0.09086700000000003,-0.9277610000000001,0.12806800000000002,-0.10664500000000005,-0.872886,0.11357700000000001,0.19751200000000008,0.05487500000000001,0.9915606404585825,0.0,0.0,0.008439359541417502,1.0,-0.872886
822,3.425,walk,-0.231516,0.45348,0.963274,0.046237,-0.037936,-0.265292,-0.4437245020398546,-0.25317974562036866,0.04031677465801623,-0.059854104567770225,-0.7725030953324403,0.5429725895811828,-0.0035997120230352605,0.005519558435324285,0.0007199424046067191,-2.078473722102327,-1.1286297096232714,0.45092392608593507,0.016325000000000006,0.09194500000000005,-0.9279259999999999,0.121256,-0.11029299999999997,-0.8711749999999999,0.104931,0.20223800000000003,0.056750999999999996,0.9889519019942979,0.0,0.0,0.011048098005702056,1.0,-0.8711749999999999
823,3.429167,walk,-0.233422,0.452382,0.963272,0.046423,-0.037309,-0.26585,-0.4574034077273518,-0.2634989200863741,-0.0004799616030588834,0.001025111993748584,-0.2983816362860561,0.29259744106943547,-0.0035997120230415376,0.0059995200383825805,0.0026397888168954624,-2.067194624429919,-1.1346292296615603,0.46508279337650044,0.018215999999999982,0.09306799999999998,-0.927913,0.114548,-0.113923,-0.869235,0.09633200000000001,0.20699099999999998,0.05867800000000001,0.9875366479074771,0.0,0.0,0.012463352092522917,1.0,-0.869235
824,3.433333,walk,-0.235475,0.451185,0.963104,0.046861,-0.038004,-0.266617,-0.4927988478156368,-0.2873259721555379,-0.040326452232369754,-0.283100399382149,0.28689977710193804,0.3799573581594575,-0.004560729716752455,0.009361497839656788,0.0038406144983184703,-2.0511281805088277,-1.1010561689870095,0.4932789246279273,0.02024999999999999,0.094304,-0.9277289999999999,0.10805599999999999,-0.117313,-0.867012,0.087806,0.211617,0.06071699999999991,0.9815016354269521,0.0,0.0,0.018498364573047876,1.0,-0.867012
825,3.4375,walk,-0.237629,0.450024,0.962732,0.047347,-0.03894,-0.267074,-0.516918646508307,-0.27861771058317164,-0.08927285817133307,-0.3400457032931272,0.3836498651692449,0.22285870678544958,-0.002159827213825153,0.006239500839926008,0.005279577633789822,-2.0038396928246645,-1.1432685385169685,0.48764098872092604,0.022394999999999998,0.09549099999999999,-0.927335,0.10186,-0.12091599999999997,-0.864608,0.07946500000000001,0.21640699999999996,0.06272699999999998,0.985909995237341,0.0,0.0,0.01409000476265898,1.0,-0.864608
826,3.441667,walk,-0.239367,0.448968,0.963023,0.047593,-0.037285,-0.267833,-0.417086633069371,-0.25341972642189814,0.06983441324692669,0.10921306345620732,-0.7752838843123172,0.41267959020554945,-0.004559635229179773,0.0067194624430115864,0.003359731221502463,-2.0287976961843954,-1.15454763618916,0.49436045116392763,0.024113999999999997,0.09657500000000002,-0.927612,0.095144,-0.12467099999999998,-0.8628389999999999,0.07103000000000001,0.221246,0.06477300000000008,0.9853533049967124,0.0,0.0,0.014646695003287635,1.0,-0.8628389999999999
827,3.445833,walk,-0.241395,0.447923,0.962849,0.046866,-0.038066,-0.267667,-0.4867978876620131,-0.2508401344214916,-0.04176668266922773,0.23337464791562285,0.44930201799252334,-0.11404505343861351,-0.0028804608737426,0.008161305808924043,0.005040806529044554,-2.168026884301432,-1.304848775804092,0.1975516082573168,0.026129999999999987,0.09765399999999996,-0.9274169999999999,0.08814,-0.129062,-0.861842,0.06201000000000001,0.22671599999999997,0.06557499999999994,0.9833072123179569,0.0,0.0,0.016692787682043075,1.0,-0.861842
828,3.45,walk,-0.243235,0.446887,0.963097,0.046105,-0.036197,-0.268263,-0.441564674825989,-0.2486201103911624,0.059515238780900134,0.6009490578673671,-0.7504046749343986,0.31053799681055744,-0.0033597312214987745,0.0069594432445536335,0.005039596832253157,-2.0007199424044884,-1.143748500119919,0.48020158387326156,0.02795600000000001,0.09871900000000006,-0.927644,0.081643,-0.13279199999999997,-0.860089,0.053686999999999985,0.23151100000000002,0.06755500000000003,0.9846233239046805,0.0,0.0,0.015376676095319453,1.0,-0.860089
829,3.454167,walk,-0.24522,0.445634,0.962936,0.047239,-0.036635,-0.269057,-0.47636189104873466,-0.3006959443244688,-0.03863690904727,-0.5724618321503621,0.0788110487502439,0.41430403588288556,-0.002879769618433537,0.007919366450672245,0.004319654427646975,-1.9764818814495726,-1.1588672906168103,0.4866810655147815,0.029928999999999983,0.10000500000000001,-0.927465,0.07539199999999999,-0.136368,-0.8579,0.045463,0.236373,0.06956499999999999,0.9842177268563063,0.0,0.0,0.015782273143693737,1.0,-0.8579
830,3.458333,walk,-0.247179,0.444511,0.962859,0.04693,-0.03643,-0.269308,-0.4702352376380131,-0.2695631301008052,-0.018482957273161696,0.17242601287945317,-0.04817201177336814,0.12111738237565185,-0.0021603456553002877,0.0057609217474852,0.00456072971675412,-1.936149783965379,-1.1728276524243562,0.49543927028323087,0.03187900000000002,0.10115200000000002,-0.927369,0.06928500000000001,-0.140131,-0.855759,0.037405999999999995,0.24128300000000003,0.07160999999999995,0.9872355127752046,0.0,0.0,0.012764487224795396,1.0,-0.855759
831,3.4625,walk,-0.249228,0.443448,0.962733,0.046182,-0.037003,-0.269094,-0.49172066234703354,-0.2550995920326444,-0.030237580993538817,0.26894934777814056,0.3549233131251772,-0.13427907222577662,-0.0033597312215057932,0.00599952003838322,0.00623950083993267,-1.9647228221743158,-1.12766978641714,0.5053995680345795,0.033914,0.10223999999999994,-0.927217,0.06314700000000001,-0.14376700000000003,-0.8535269999999999,0.02923300000000001,0.24600699999999998,0.07369000000000003,0.9845248043179449,0.0,0.0,0.015475195682055132,1.0,-0.8535269999999999
832,3.466667,walk,-0.251155,0.44229,0.9627,0.046391,-0.03663,-0.269449,-0.46244300455960996,-0.27789776817852696,-0.0079193664506714,-0.044055492475194837,-0.18953369531102562,0.1880407265928301,-0.0028797696184265694,0.007199424046096397,0.0033597312215021048,-1.8872090232780252,-1.141348692104558,0.5572354211662739,0.03582900000000003,0.10342800000000002,-0.92717,0.05721000000000001,-0.14736500000000002,-0.851172,0.021380999999999983,0.25079300000000004,0.07599800000000001,0.9859156732567861,0.0,0.0,0.014084326743213915,1.0,-0.851172
833,3.470833,walk,-0.252918,0.441181,0.962921,0.046066,-0.034803,-0.269882,-0.4231877100336291,-0.26620259241481387,0.053048487758051904,0.3930731269095601,-0.7907158887556894,0.23969758803075333,-0.0019203072491619383,0.00552088334133391,0.0069611137782053635,-1.9275084013443633,-1.1526644263082941,0.4431108977436742,0.03758399999999998,0.10456000000000004,-0.927362,0.05094299999999999,-0.15105799999999997,-0.849547,0.01335900000000001,0.255618,0.07781499999999997,0.98485029906484,0.0,0.0,0.015149700935159993,1.0,-0.849547
834,3.475,walk,-0.254897,0.440048,0.962781,0.046045,-0.035336,-0.269994,-0.47492200623947395,-0.2718982481401311,-0.03359731221502771,-0.05858799930020407,0.25191548328716323,0.04600916578963523,-0.0035997120230415376,0.005759539236839817,0.005039596832253157,-1.8831293496519181,-1.182625389968741,0.4682025437964664,0.03954799999999997,0.10571699999999995,-0.9272009999999999,0.045074999999999976,-0.15485300000000002,-0.847456,0.005527000000000004,0.26056999999999997,0.07974499999999995,0.9859043195050967,0.0,0.0,0.014095680494903284,1.0,-0.847456
835,3.479167,walk,-0.25685,0.438883,0.962725,0.045525,-0.034781,-0.270017,-0.46868250539959855,-0.2795776337893028,-0.01343892488599653,0.3130466660926452,-0.1887874763813072,0.009002177995413332,-0.0019198464122823639,0.005759539236867074,0.004559635229181438,-1.8584113270939175,-1.1528677705784003,0.4710823134149498,0.04149300000000003,0.10690599999999995,-0.927126,0.03928400000000001,-0.15849200000000002,-0.845437,0.0022090000000000165,0.26539799999999997,0.08168900000000001,0.9873455787380505,0.0,0.0,0.012654421261949489,1.0,-0.845437
836,3.483333,walk,-0.258795,0.437672,0.962711,0.045651,-0.03457,-0.270156,-0.46687469995197345,-0.2906865098415709,-0.0033605376860463584,-0.029297500263415193,-0.11002165044374555,0.07577947607962181,0.0016802688430098544,0.008161305808924043,0.002880460873739269,-1.857417186749828,-1.1418626980316564,0.44335093614977217,0.043444999999999984,0.10815099999999994,-0.9271,0.03349099999999999,-0.16203800000000002,-0.843576,0.00995399999999999,0.27018899999999996,0.08352400000000004,0.9853061548470201,0.0,0.0,0.01469384515297989,1.0,-0.843576
837,3.4875,walk,-0.260836,0.436447,0.962516,0.04512,-0.035537,-0.269986,-0.48980081593475117,-0.2939764818814705,-0.04679625629948503,0.11757499269830797,0.5105706650366869,-0.11334590490701317,-0.004559635229179773,0.006959443244554375,0.004559635229183103,-1.8358531317495415,-1.1257499400048512,0.4468442524598209,0.04546700000000001,0.10940500000000003,-0.926886,0.027882000000000018,-0.16550399999999998,-0.841519,0.01758499999999999,0.274909,0.08536699999999997,0.9841873470915994,0.0,0.0,0.015812652908400615,1.0,-0.841519
838,3.491667,walk,-0.26276,0.435283,0.96248,0.04505,-0.0349,-0.269869,-0.461723062154995,-0.27933765298774355,-0.00863930885529969,0.11411847925254447,-0.2883269977435157,-0.049018421865220776,-0.0033597312214987745,0.00479961603072205,0.0052795776337892595,-1.8401727861769956,-1.14614830813528,0.41972642188622367,0.047377,0.11058900000000005,-0.926828,0.02213799999999999,-0.169116,-0.839734,0.02523900000000001,0.27970500000000004,0.087094,0.986855710163061,0.0,0.0,0.01314428983693905,1.0,-0.839734
839,3.495833,walk,-0.264632,0.434073,0.962556,0.045011,-0.033818,-0.269937,-0.4493518963033926,-0.290446471435419,0.01824291886700982,0.15979344281100108,-0.4931386206977969,0.05127609428174202,-0.0014402304368713,0.0052808449351814425,0.007201152184348173,-1.8038886221794979,-1.1293807009121053,0.4188670187229867,0.04924299999999998,0.111821,-0.926874,0.016494999999999982,-0.17261099999999996,-0.838065,0.032748,0.28443199999999996,0.08880900000000003,0.9849244329641502,0.0,0.0,0.01507556703584978,1.0,-0.838065
840,3.5,walk,-0.2666,0.432846,0.96244,0.043958,-0.033917,-0.269673,-0.4722822174226338,-0.29445644348452943,-0.027837772978164217,0.4712650336713291,0.17446519434285107,-0.15644534856806563,-0.005519558435324285,0.004319654427636984,0.004319654427646975,-1.7676985841133477,-1.0995920326374464,0.4223662107031625,0.05118800000000001,0.11306599999999994,-0.92674,0.011097000000000024,-0.175966,-0.836189,0.04009099999999999,0.28903199999999996,0.09055100000000005,0.986278124311336,0.0,0.0,0.01372187568866401,1.0,-0.836189
841,3.504167,walk,-0.268484,0.431609,0.962378,0.044148,-0.03335,-0.269428,-0.4521238300936124,-0.2968562514998907,-0.014878809695226619,-0.01658023993396736,-0.2926836177908637,-0.1083446830929246,-0.007679385649149438,0.006239500839952652,0.007439404847611645,-1.7664986801056737,-1.082793376529931,0.3988480921526452,0.053040000000000004,0.11432900000000001,-0.926647,0.005620000000000014,-0.17924100000000004,-0.834465,0.04741999999999999,0.29357000000000005,0.09218199999999999,0.9793676979816976,0.0,0.0,0.02063230201830235,1.0,-0.834465
842,3.508333,walk,-0.27047,0.430348,0.962266,0.043757,-0.033358,-0.269123,-0.47671627460392063,-0.3026884301488184,-0.02688430148823762,0.1767350401179203,0.046153417618586906,-0.16052816456279212,-0.0014402304368713,0.006481036965914188,0.006961113778204621,-1.7333173307728842,-1.1053768602976102,0.4164666346615379,0.055019999999999986,0.11561700000000003,-0.9265059999999999,0.0003849999999999687,-0.182585,-0.832618,0.05463500000000002,0.298202,0.09388799999999997,0.9839674628664474,0.0,0.0,0.01603253713355257,1.0,-0.832618
843,3.5125,walk,-0.27253,0.429056,0.962083,0.04316,-0.033985,-0.268652,-0.4943604511638783,-0.31005519558433803,-0.043916486681046814,0.18986225219202993,0.3543881518490792,-0.2577883513981056,-0.0011999040076805126,0.006959443244526991,0.006959443244540312,-1.7427405807534313,-1.0976721862250405,0.34389248860088856,0.05707499999999999,0.11693799999999999,-0.9262940000000001,-0.004817000000000016,-0.185867,-0.831002,0.061892,0.302805,0.09529200000000004,0.9834749793935733,0.0,0.0,0.016525020606426688,1.0,-0.831002
844,3.516667,walk,-0.274392,0.42779,0.962063,0.04294,-0.033481,-0.268323,-0.4468442524598309,-0.30381569474443176,-0.004799616030722562,0.16362987239011437,-0.21301747429789045,-0.16034698200687234,-0.0043196544276436445,0.005999520038409863,0.005279577633789822,-1.7024238060955874,-1.0880729541637124,0.33309335253181277,0.05891900000000003,0.11822900000000003,-0.926252,-0.010048999999999975,-0.189135,-0.8295939999999999,0.068968,0.307364,0.09665800000000002,0.9848592166780545,0.0,0.0,0.015140783321945461,1.0,-0.8295939999999999
845,3.520833,walk,-0.27632,0.426494,0.962036,0.042615,-0.033032,-0.268028,-0.4627940470475114,-0.31108977436389434,-0.006481036965914188,0.20546850835362632,-0.17333438002598173,-0.146606453682945,-0.0033605376860330336,0.005040806529029563,0.006481036965914188,-1.680028804608686,-1.0864138262121648,0.32693230916945865,0.060833,0.11954599999999999,-0.926198,-0.015119999999999967,-0.19236499999999998,-0.828205,0.07595299999999996,0.31191099999999994,0.097993,0.985213859327444,0.0,0.0,0.014786140672556014,1.0,-0.828205
846,3.525,walk,-0.278182,0.425235,0.961798,0.04272,-0.032079,-0.267259,-0.44684425245981757,-0.30213582913368553,-0.057115430765531876,0.06687896229107321,-0.47304986406243926,-0.3650032552998088,-0.005519558435324285,0.004799616030722562,0.003359731221502463,-1.672906167506677,-1.0611951043916994,0.2927765778737832,0.06267199999999998,0.12082500000000002,-0.925946,-0.020228999999999997,-0.19552799999999998,-0.826747,0.08290099999999997,0.316353,0.09919900000000004,0.9865846653617683,0.0,0.0,0.013415334638231746,1.0,-0.826747
847,3.529167,walk,-0.280169,0.423896,0.96172,0.042031,-0.031849,-0.266688,-0.47684185265176277,-0.3213342932565149,-0.018718502519802675,0.3429047635402351,-0.03255677458665159,-0.2947171679849322,-0.006959443244540312,0.00479961603072205,0.010799136069112958,-1.6690664746819344,-1.0566354691624003,0.2738180945524199,0.06462999999999999,0.12218400000000001,-0.9258230000000001,-0.025197000000000025,-0.198592,-0.825528,0.08982700000000002,0.320776,0.10029500000000002,0.9771422573198466,0.0,0.0,0.022857742680153392,1.0,-0.825528
848,3.533333,walk,-0.282188,0.422559,0.961518,0.040793,-0.032179,-0.266064,-0.4846375420067578,-0.32093134901586245,-0.04848775804129896,0.5244993370281653,0.2950826048126195,-0.3414004468328178,-0.01416226596255597,0.01056168987039066,-0.003600576092175303,-1.659145463274249,-1.0436869899184673,0.2580412866058756,0.06658999999999998,0.12356500000000004,-0.925636,-0.030090000000000006,-0.201603,-0.824251,0.09667999999999999,0.325168,0.10138500000000006,0.9699498928496998,0.0,0.0,0.03005010715030021,1.0,-0.824251
849,3.5375,walk,-0.284156,0.4212,0.961358,0.040012,-0.032292,-0.265548,-0.4722822174225835,-0.32613390928723696,-0.03839692824572311,0.34178130853145083,0.1391795354359112,-0.2746254789762083,-0.010079193664502984,0.005279577633780934,0.00383969282457431,-1.5855531557474374,-1.0676745860330543,0.22894168466521533,0.06851600000000002,0.124946,-0.9254600000000001,-0.034728999999999954,-0.204693,-0.823137,0.10324499999999998,0.329639,0.10232300000000005,0.9799856075462927,0.0,0.0,0.020014392453707286,1.0,-0.823137
850,3.541667,walk,-0.286254,0.419799,0.961141,0.038456,-0.03262,-0.265043,-0.5034797216222905,-0.3362131029517891,-0.05207583393329317,0.6730198783896999,0.33721769642141053,-0.28810494835467115,-0.009359251259902335,0.006479481641468798,0.006479481641468798,-1.5920326373890885,-1.0935925125990433,0.17662586993041043,0.070575,0.12637400000000004,-0.925216,-0.039264999999999994,-0.20784899999999998,-0.822184,0.10984,0.33422300000000005,0.10303200000000001,0.9781696599488079,0.0,0.0,0.02183034005119211,1.0,-0.822184
851,3.545833,walk,-0.288239,0.418387,0.960949,0.037915,-0.03263,-0.264715,-0.47647623619778207,-0.3389342294766995,-0.0460873739798283,0.24573076825735005,0.06566640250840163,-0.17440649001486613,-0.0014402304368646378,0.0014402304368579754,0.010321651464234324,-1.5818530964953923,-1.008161305808904,0.20643302928467983,0.07255400000000004,0.12779199999999996,-0.924981,-0.043869999999999965,-0.21063700000000002,-0.8211320000000001,0.116424,0.338429,0.10384899999999997,0.9824655088807759,0.0,0.0,0.017534491119224116,1.0,-0.8211320000000001
852,3.55,walk,-0.290224,0.416997,0.960785,0.037415,-0.032668,-0.264185,-0.476361891048728,-0.333573314134885,-0.039356851451898364,0.22096438596804688,0.06887755702374757,-0.274333694550071,0.005759539236860413,0.0007199424046017234,0.009599232061435132,-1.6001919846413035,-1.0067194624430449,0.17830573554116333,0.07456299999999999,0.12918499999999994,-0.924777,-0.04855300000000001,-0.213442,-0.820225,0.123116,0.3426269999999999,0.10455199999999998,0.9813039022597879,0.0,0.0,0.01869609774021208,1.0,-0.820225
853,3.554167,walk,-0.292258,0.415566,0.960631,0.03767,-0.032739,-0.263876,-0.4881209503239529,-0.343412526997823,-0.03695704343651982,-0.130421959229798,-0.0062042424518396,-0.1493822363046455,0.006479481641468107,0.0023998080153743466,0.00911927045836357,-1.5596352291815783,-0.9817614590832162,0.15646748260138563,0.07662400000000003,0.13062600000000002,-0.924585,-0.05301800000000001,-0.216102,-0.819419,0.12964200000000003,0.34672800000000004,0.10516599999999998,0.9809311296039301,0.0,0.0,0.01906887039606986,1.0,-0.819419
854,3.558333,walk,-0.294188,0.414154,0.960489,0.037695,-0.032733,-0.26331,-0.4632741238598018,-0.3389342294766995,-0.0340854536725808,-0.01691187590055962,-0.01859792988895171,-0.2807489081596827,0.005760921747478538,0.004320691310600575,0.007681228996638606,-1.5756120979356167,-0.9906385021603166,0.1385021603456501,0.07857800000000001,0.13205599999999995,-0.9244110000000001,-0.05765199999999998,-0.218817,-0.8187,0.13623,0.350873,0.10571100000000011,0.9824518225320443,0.0,0.0,0.017548177467955672,1.0,-0.8187
855,3.5625,walk,-0.296249,0.412666,0.960239,0.037528,-0.03324,-0.262805,-0.49460043196546044,-0.3570914326854122,-0.05999520038399206,0.007511348351225083,0.24441221673977076,-0.2613604213698155,-0.0074394048476133096,-0.001199904007660658,0.003119750419966335,-1.5481161507080237,-0.9510439164867298,0.10871130309575945,0.08060799999999999,0.13353900000000007,-0.924148,-0.06204200000000004,-0.221292,-0.817997,0.14265000000000003,0.35483100000000006,0.106151,0.9864069710679444,0.0,0.0,0.013593028932055606,1.0,-0.817997
856,3.566667,walk,-0.298186,0.411227,0.959977,0.037437,-0.033255,-0.262262,-0.4648428125750205,-0.3453323734101353,-0.06287497000239894,0.034231109807073785,0.006241778638114773,-0.2717610735115308,-0.008399328053757822,0.006719462442984944,0.008639308855292285,-1.5080393568515102,-0.9224862011039505,0.08951283897288252,0.08251,0.13500599999999996,-0.92385,-0.06638899999999998,-0.223697,-0.8173619999999999,0.14889899999999998,0.358703,0.10648800000000003,0.9770061877421059,0.0,0.0,0.022993812257894097,1.0,-0.8173619999999999
857,3.570833,walk,-0.300218,0.409671,0.959623,0.037053,-0.03398,-0.261737,-0.4877580412865873,-0.3734997599615841,-0.08497359577531344,0.0803839063826325,0.37220903011662704,-0.2787966379143318,-0.0009601536245808668,0.006961113778217946,0.00984157465194389,-1.5244839174267455,-0.9397503600575839,0.06361017762842246,0.08453799999999997,0.13659100000000002,-0.923455,-0.070708,-0.226056,-0.816743,0.15524599999999997,0.36264700000000005,0.10671200000000003,0.9798453485072527,0.0,0.0,0.02015465149274731,1.0,-0.816743
858,3.575,walk,-0.302254,0.408149,0.959347,0.036697,-0.034199,-0.261206,-0.48860091192702515,-0.36525077993758837,-0.06623470122391101,0.13118178334715955,0.13414194076286867,-0.27418533290936825,0.00191984641228882,0.00023998080154276333,0.008399328053755262,-1.5380369570433423,-0.8819294456442975,0.052315814734817064,0.08658200000000002,0.13811400000000007,-0.923144,-0.07508099999999995,-0.228209,-0.816249,0.16166299999999997,0.36632300000000007,0.10689499999999996,0.985634521241446,0.0,0.0,0.014365478758553984,1.0,-0.816249
859,3.579167,walk,-0.304246,0.406653,0.959057,0.036086,-0.034743,-0.260541,-0.47804175665948756,-0.35901127909768793,-0.0695944324453839,0.20681774685502824,0.3135612927525043,-0.3503557884905473,-0.004799616030715901,0.0035997120230352605,0.007679385649149438,-1.5147588192945352,-0.9296856251500277,-0.005519558435324285,0.08855400000000002,0.13962500000000005,-0.922822,-0.079401,-0.230587,-0.815982,0.16795500000000002,0.37021200000000004,0.10684000000000005,0.9837581469448482,0.0,0.0,0.0162418530551518,1.0,-0.815982
860,3.583333,walk,-0.306229,0.405117,0.958731,0.036056,-0.034697,-0.260006,-0.47599615938547835,-0.3686989918386797,-0.07825252040327402,0.013263027805096939,-0.029259933490072793,-0.2657266171117691,-0.0004800768122904334,0.002400384061438842,0.009601536245798674,-1.4908785405664418,-0.8605376860297423,0.005760921747478538,0.09053499999999998,0.141171,-0.9224559999999999,-0.08362900000000001,-0.232636,-0.815632,0.17416399999999999,0.373807,0.10682399999999992,0.9834855437345628,0.0,0.0,0.01651445626543724,1.0,-0.815632
861,3.5875,walk,-0.308337,0.403528,0.958372,0.035886,-0.035048,-0.259395,-0.5058795296376651,-0.3813294936405279,-0.08615310775138339,0.027438226042205163,0.17046378457073288,-0.3114125998064733,-0.0014398848092167685,0.003359731221492472,0.007439404847611645,-1.4910007199424784,-0.8075353971682651,-0.02231821454283993,0.09263700000000002,0.14277399999999996,-0.922066,-0.08773399999999998,-0.234412,-0.815366,0.180371,0.37718599999999997,0.10670000000000002,0.9861851723548822,0.0,0.0,0.013814827645117767,1.0,-0.815366
862,3.591667,walk,-0.31034,0.401921,0.958131,0.035388,-0.035604,-0.259014,-0.4806815454763271,-0.38564914806813705,-0.05783537317015408,0.15661952482300284,0.31113299717549614,-0.20677147091136233,-0.012958963282936215,0.009839212862986864,0.007919366450684723,-1.4842812574993087,-0.8204943604511086,-0.032397408207340536,0.094586,0.14442200000000005,-0.921792,-0.091916,-0.23622399999999996,-0.81526,0.186502,0.38064600000000004,0.10653199999999996,0.9698401847507921,0.0,0.0,0.030159815249207855,1.0,-0.81526
863,3.595833,walk,-0.31226,0.400381,0.957851,0.035493,-0.035486,-0.258538,-0.4608737397983988,-0.36965914546330003,-0.06721075372058789,-0.03991064660752271,-0.077972918628431,-0.23253684148655918,-0.0024003840614524228,0.00024003840615190468,0.006721075372058456,-1.4719155064811467,-0.7938070091215234,-0.07465194431109706,0.09649599999999997,0.14596300000000006,-0.921484,-0.09612799999999999,-0.23799099999999998,-0.815291,0.19262399999999996,0.383954,0.10619299999999998,0.9880985159380351,0.0,0.0,0.011901484061964895,1.0,-0.815291
864,3.6,walk,-0.314299,0.398787,0.957645,0.034733,-0.035291,-0.258094,-0.4893208543316268,-0.3825293976481611,-0.049436045116397154,0.3711516411319281,-0.006167786537264746,-0.23431167575689846,0.000479961603072205,0.009359251259874694,0.006479481641469772,-1.4732421406286613,-0.7933765298775622,-0.10535157187424243,0.09853699999999999,0.14759599999999995,-0.9212509999999999,-0.10022799999999998,-0.239703,-0.8155239999999999,0.19876499999999997,0.38729899999999995,0.10572700000000002,0.9810109951676683,0.0,0.0,0.01898900483233168,1.0,-0.8155239999999999
865,3.604167,walk,-0.316375,0.39711,0.95722,0.034486,-0.035425,-0.257595,-0.49820014398850904,-0.4024478041756805,-0.10199184065275453,0.09161586525641972,0.08201226969278551,-0.254471022285682,-0.0002399808015361281,0.0011999040076873012,0.00983921286297126,-1.4852411807056114,-0.7808975281977815,-0.14422846172306644,0.10061200000000001,0.14927799999999997,-0.920785,-0.10434099999999996,-0.24128000000000002,-0.8157,0.20495299999999997,0.39055799999999996,0.10508499999999998,0.9834749793935555,0.0,0.0,0.01652502060644445,1.0,-0.8157
866,3.608333,walk,-0.318496,0.395443,0.956866,0.034482,-0.035751,-0.257212,-0.5091214594334916,-0.40014402304368313,-0.08497359577531344,-0.04346883076010988,0.14363146446310823,-0.19415041647304962,0.0004800768122904334,0.003600576092171588,0.012241958713392726,-1.4536725876139798,-0.7566010561689634,-0.13922227556408576,0.10273499999999999,0.15095999999999998,-0.92038,-0.10827599999999998,-0.24276499999999998,-0.8159259999999999,0.21101099999999998,0.393725,0.10445400000000005,0.978717497074303,0.0,0.0,0.021282502925697,1.0,-0.8159259999999999
867,3.6125,walk,-0.320489,0.393807,0.95664,0.033724,-0.035823,-0.256846,-0.47828173746103037,-0.3926085913127059,-0.05423566114709834,0.3379396712014068,0.11879338858412312,-0.19866722126367029,-0.004799616030715901,-0.00023998080151614568,0.006719462443004926,-1.44876409887216,-0.7348212143028915,-0.16510679145669627,0.10470800000000002,0.15259500000000004,-0.920126,-0.11231999999999998,-0.24419100000000002,-0.8163880000000001,0.217028,0.3967860000000001,0.10373799999999989,0.9862315698919639,0.0,0.0,0.013768430108036078,1.0,-0.8163880000000001
868,3.616667,walk,-0.322523,0.392127,0.956305,0.033458,-0.035928,-0.256495,-0.4881209503239396,-0.40316774658025256,-0.0803935685145344,0.10585022459674426,0.07405008646403748,-0.1810811627051685,0.009359251259901337,-0.00047996160308552666,0.00911927045836357,-1.4154067674585205,-0.725701943844448,-0.1881449484041112,0.10678100000000001,0.154273,-0.9197529999999999,-0.11618400000000001,-0.245535,-0.8168369999999999,0.22296500000000002,0.399808,0.10291600000000001,0.9782063311321854,0.0,0.0,0.021793668867814642,1.0,-0.8168369999999999
869,3.620833,walk,-0.324569,0.390438,0.955866,0.033598,-0.03593,-0.256066,-0.49111857897262035,-0.40542486797886457,-0.10537686029763686,-0.07077334287584304,-0.02508321099631745,-0.20984527775699835,0.0004800768122904334,0.0014402304368579754,0.004800768122899337,-1.4267882861257422,-0.6932309169466929,-0.218434949591934,0.10882900000000001,0.15596799999999994,-0.919294,-0.12008200000000002,-0.246734,-0.817308,0.22891100000000003,0.40270199999999995,0.10198599999999991,0.9916081865244888,0.0,0.0,0.008391813475511212,1.0,-0.817308
870,3.625,walk,-0.326619,0.388698,0.955477,0.033454,-0.035878,-0.255557,-0.4919606431485697,-0.4175665946724499,-0.09335253179745391,0.06662660402369615,-0.017053557731778565,-0.25494607282918436,-0.023758099352056698,0.007919366450698889,0.013198944084473724,-1.3930885529158314,-0.6786657067434908,-0.22390208783298104,0.11077999999999999,0.15774100000000002,-0.9188500000000001,-0.12383700000000003,-0.247822,-0.817852,0.23461700000000002,0.405563,0.10099800000000003,0.9528190311805316,0.0,0.0,0.04718096881946843,1.0,-0.817852
871,3.629167,walk,-0.328731,0.386928,0.95517,0.032991,-0.036042,-0.255319,-0.5068394528437963,-0.42476601871852043,-0.07367410607153138,0.1915083391761477,0.12773107757841135,-0.12973303469127126,-0.004799616030715901,0.0035997120230352605,0.01175905927525862,-1.390208783297398,-0.6462682985361469,-0.2529397648188259,0.112872,0.159526,-0.9184939999999999,-0.12751800000000002,-0.248745,-0.818599,0.24039000000000002,0.408271,0.09989499999999996,0.9779981240869142,0.0,0.0,0.022001875913085778,1.0,-0.818599
872,3.633333,walk,-0.330821,0.38518,0.954803,0.032794,-0.036118,-0.25503,-0.5016802688429965,-0.4195871339414124,-0.08809409505520792,0.07829056653929269,0.05339954605797994,-0.14851317509315026,-0.0004800768122904334,0.0002400384061518791,0.014162265962552795,-1.3665386461833529,-0.6457033125299866,-0.2779644743158811,0.11495999999999998,0.161275,-0.918068,-0.13112100000000004,-0.24968700000000002,-0.81939,0.24608100000000002,0.41096200000000005,0.09867800000000004,0.9763792776138192,0.0,0.0,0.023620722386180848,1.0,-0.81939
873,3.6375,walk,-0.332874,0.383443,0.954466,0.032378,-0.036169,-0.254864,-0.4926805855531322,-0.41684665226780376,-0.08087353011756664,0.18457698030065373,0.07097517537249083,-0.09180977914543946,-0.004799616030715389,0.005279577633780934,0.015358771298295574,-1.3647708183344496,-0.619150467962525,-0.2997360211182923,0.11699300000000001,0.163034,-0.917667,-0.134755,-0.25053,-0.8203020000000001,0.251748,0.413564,0.09736499999999992,0.9717746120080418,0.0,0.0,0.028225387991958173,1.0,-0.8203020000000001
874,3.641667,walk,-0.334916,0.381649,0.954141,0.032072,-0.036039,-0.254679,-0.49004079673628065,-0.43052555795537417,-0.07799376049916835,0.15550893673946334,-0.026795652546261307,-0.09675078895394784,-0.004799616030722562,0.0067194624430115864,0.01367890568754598,-1.3266138708903839,-0.5761939044876707,-0.3165346772258399,0.11901499999999998,0.164856,-0.917285,-0.138241,-0.25113700000000005,-0.821296,0.257256,0.41599300000000006,0.09598899999999999,0.9733698192117065,0.0,0.0,0.02663018078829349,1.0,-0.821296
875,3.645833,walk,-0.337025,0.379823,0.953718,0.031918,-0.035817,-0.254329,-0.5062409985597623,-0.43831012962072596,-0.10153624579934005,0.09412447139942583,-0.09132844280487072,-0.17449043126263541,-0.006481036965914188,0.007921267402772164,0.016802688430148514,-1.3209313490158017,-0.5710513682188976,-0.3338934229476633,0.12109700000000001,0.16671499999999995,-0.9167919999999999,-0.14163499999999996,-0.25169,-0.822264,0.26273199999999997,0.41840499999999997,0.09452799999999995,0.9672093909149614,0.0,0.0,0.03279060908503861,1.0,-0.822264
876,3.65,walk,-0.339103,0.378015,0.953289,0.031935,-0.035798,-0.254177,-0.49868010559156795,-0.4338852891768933,-0.10295176385887239,-0.007562264033867828,-0.013899895080808746,-0.0747678346856356,-0.007199424046077182,0.009839212862987912,0.01727861771058457,-1.2802975761939712,-0.5476361891048981,-0.36621070314376514,0.12314499999999998,0.16856400000000005,-0.9162910000000001,-0.14489200000000002,-0.252164,-0.823361,0.26803699999999997,0.42072800000000005,0.09293000000000007,0.9647551246299177,0.0,0.0,0.03524487537008225,1.0,-0.823361
877,3.654167,walk,-0.341208,0.376184,0.952928,0.031606,-0.035777,-0.254026,-0.5051595872329963,-0.4394048476121574,-0.08663306935445973,0.1532826020728577,0.027209545554332876,-0.08156039662785881,-0.004559635229179287,0.011279097672163514,0.01775857931365327,-1.2522198224141308,-0.49916006719459033,-0.35061195104389276,0.125231,0.17044199999999993,-0.915856,-0.148005,-0.252413,-0.824461,0.27323600000000003,0.4228549999999999,0.091395,0.9641230708238144,0.0,0.0,0.03587692917618557,1.0,-0.824461
878,3.658333,walk,-0.343331,0.374318,0.952531,0.031144,-0.035462,-0.253797,-0.5096015362458364,-0.4479116658665824,-0.09529524723956125,0.2500603907629843,-0.09471253959920786,-0.11996721429532899,-0.007201152184350606,0.01104176668269447,0.018482957273165332,-1.2407585213635115,-0.4903984637542403,-0.4097455592895155,0.127324,0.17235400000000006,-0.915382,-0.151051,-0.25259,-0.825771,0.278375,0.42494400000000004,0.089611,0.9621627419870127,0.0,0.0,0.03783725801298732,1.0,-0.825771
879,3.6625,walk,-0.345392,0.37253,0.952197,0.031377,-0.035316,-0.25387,-0.4946004319654077,-0.429085673146125,-0.08015358771299164,-0.08932731884662609,-0.0946330160043291,0.04255584560029133,-0.00767938564914862,0.012718982481393451,0.018958483321332115,-1.201583873290073,-0.47492200623947395,-0.4235661147108013,0.12935299999999997,0.17419500000000004,-0.9149689999999999,-0.15399700000000005,-0.252781,-0.827202,0.28335,0.426976,0.08776699999999993,0.9598554843528626,0.0,0.0,0.04014451564713739,1.0,-0.827202
880,3.666667,walk,-0.347525,0.370704,0.951776,0.031662,-0.034735,-0.253773,-0.5118790496760484,-0.4382049436045303,-0.10103191744661001,-0.062443106657130154,-0.3062146435245728,-0.03590509423528311,-0.010559155267576314,0.01103911687064857,0.018718502519799674,-1.1691864650828305,-0.4504439644828595,-0.44444444444446296,0.13144199999999998,0.17606700000000003,-0.91447,-0.156736,-0.25283199999999995,-0.828633,0.28817799999999993,0.42889900000000003,0.08583700000000005,0.9597321399931116,0.0,0.0,0.04026786000688842,1.0,-0.828633
881,3.670833,walk,-0.349693,0.368786,0.951356,0.030864,-0.034495,-0.253409,-0.5204032645223101,-0.4603936629860592,-0.10081613058088441,0.39526791691713775,-0.021794877617664646,-0.1943247318817806,-0.011041766682666643,0.013202112337980255,0.020403264522323432,-1.1476236197791416,-0.42006721075370945,-0.4690350456072837,0.133564,0.17804000000000003,-0.913965,-0.15934900000000002,-0.252664,-0.830167,0.292913,0.43070400000000003,0.08379800000000004,0.9555118747171101,0.0,0.0,0.04448812528288992,1.0,-0.830167
882,3.675,walk,-0.351883,0.366848,0.950916,0.030394,-0.034316,-0.253202,-0.525557955363601,-0.46508279337654995,-0.10559155267578979,0.23743862563518772,-0.030173826041086003,-0.11037246622419623,-0.010319174466046847,0.012958963282937596,0.02351811855051724,-1.1082313414927338,-0.38108951283899173,-0.4960403167746805,0.135711,0.18003200000000003,-0.913427,-0.161777,-0.25231400000000004,-0.8317939999999999,0.297488,0.432346,0.08163300000000007,0.9520555300609415,0.0,0.0,0.04794446993905854,1.0,-0.8317939999999999
883,3.679167,walk,-0.354001,0.364941,0.950408,0.030663,-0.03386,-0.253091,-0.5082793376529589,-0.4576433885288879,-0.12191024718020686,-0.07063414159160766,-0.24641203495846817,-0.04489562270647136,-0.011519078473719599,0.011279097672190158,0.021598272138227577,-1.0727141828652993,-0.3705303575713726,-0.511639068874461,0.13778100000000001,0.18198600000000004,-0.912829,-0.16412899999999997,-0.25195100000000004,-0.833418,0.30191,0.4339370000000001,0.07941100000000001,0.9550805482452989,0.0,0.0,0.044919451754701134,1.0,-0.833418
884,3.683333,walk,-0.356135,0.363015,0.949999,0.030955,-0.03337,-0.253116,-0.5122419587133727,-0.4623139702352343,-0.0981757081132937,-0.07550954898761517,-0.26245209548620335,0.023436367817271656,-0.010081613058092439,0.012962073931828376,0.022083533365338283,-1.0158425348055444,-0.34637542006720123,-0.539126260201617,0.13987299999999997,0.18396600000000007,-0.912328,-0.166227,-0.25146799999999997,-0.8352550000000001,0.3061,0.43543400000000004,0.07707299999999995,0.9541337473260783,0.0,0.0,0.04586625267392175,1.0,-0.8352550000000001
885,3.6875,walk,-0.358312,0.361049,0.949545,0.030773,-0.033095,-0.252984,-0.522438204943638,-0.47180225581954827,-0.1089512838973089,0.11645213061850747,-0.10820139819811625,-0.0661274618417361,-0.009359251259895673,0.014878809695199977,0.025437964962802935,-0.9810415166787059,-0.3460523158147503,-0.5675545956323734,0.14201100000000003,0.18599399999999994,-0.911768,-0.16813799999999995,-0.250944,-0.837166,0.310149,0.43693799999999994,0.07460200000000006,0.9484661755214051,0.0,0.0,0.05153382447859489,1.0,-0.837166
886,3.691667,walk,-0.360365,0.359138,0.949071,0.031513,-0.033105,-0.252818,-0.4926805855531714,-0.4586033117350812,-0.11375089992800481,-0.3468132773777893,-0.08796783828358777,-0.06769805940445421,-0.008399328053757822,0.016798656107515644,0.025917926565876857,-0.9757619390449244,-0.3059755219582569,-0.6169906407487692,0.144029,0.18797499999999995,-0.911186,-0.170151,-0.25030800000000003,-0.839263,0.31418,0.438283,0.07192300000000007,0.9466541036607052,0.0,0.0,0.05334589633929476,1.0,-0.839263
887,3.695833,walk,-0.362544,0.35712,0.948716,0.031217,-0.032699,-0.253009,-0.5230436869899008,-0.4843975036005676,-0.08521363418146531,0.18923702197142475,-0.14912396126853789,0.09333180450599522,-0.010801728276521426,0.017042726836303722,0.024723955832932333,-0.9159865578492408,-0.2954872779644653,-0.6385021603456401,0.146163,0.190064,-0.910728,-0.17178800000000005,-0.249521,-0.841568,0.31795100000000004,0.439585,0.06916,0.9468125468062496,0.0,0.0,0.0531874531937504,1.0,-0.841568
888,3.7,walk,-0.364721,0.355107,0.948234,0.030933,-0.032485,-0.252869,-0.5224382049435823,-0.4830813534916881,-0.11567074634028152,0.15631400771422918,-0.06770338549622269,-0.07262422471900812,-0.012239020878334568,0.015118790496767797,0.024958003359729683,-0.8946484281256843,-0.32229421646266265,-0.6741060715142358,0.148289,0.19214000000000003,-0.910142,-0.17333899999999997,-0.248851,-0.8438950000000001,0.32162799999999997,0.440991,0.06624699999999994,0.9472618262374886,0.0,0.0,0.05273817376251144,1.0,-0.8438950000000001
889,3.704167,walk,-0.366989,0.353091,0.947707,0.030889,-0.031854,-0.252703,-0.5442764578833923,-0.4838012958963546,-0.12646988240942628,0.09538453091100363,-0.29085144353231046,-0.07632942141961374,-0.012958963282937596,0.014398848092141042,0.028317734581234807,-0.8464122870170911,-0.1713462922966256,-0.8852891768658906,0.150503,0.194216,-0.909497,-0.17459800000000003,-0.247549,-0.847057,0.32510100000000003,0.44176499999999996,0.06244000000000005,0.9428171634248153,0.0,0.0,0.05718283657518475,1.0,-0.847057
890,3.708333,walk,-0.36928,0.35102,0.94715,0.030426,-0.031659,-0.252472,-0.5499279884781384,-0.49711953912624407,-0.13370139222273245,0.23616060544462036,-0.03897582536030661,-0.12120095534837312,-0.01128180508881186,0.0115218434949704,0.03720595295247194,-0.8103696591454254,-0.2918867018722903,-0.6781084973595609,0.152747,0.19633500000000004,-0.9087850000000001,-0.17568299999999998,-0.246694,-0.8493250000000001,0.32843,0.443029,0.05945999999999996,0.9324164110426929,0.0,0.0,0.0675835889573071,1.0,-0.8493250000000001
891,3.7125,walk,-0.371517,0.348904,0.946509,0.030367,-0.031584,-0.252281,-0.536837053035779,-0.5077993760499409,-0.1538276937845049,0.034361301761302795,-0.031270595814645016,-0.09507742888113635,-0.016558675305972857,0.014158867290598252,0.030957523398128885,-0.6961843052556215,-0.2646988240940862,-0.711543076553907,0.154915,0.19850999999999996,-0.908015,-0.17634700000000003,-0.24568099999999998,-0.8516490000000001,0.33126200000000006,0.44419099999999995,0.056365999999999916,0.9369076623381979,0.0,0.0,0.06309233766180211,1.0,-0.8516490000000001
892,3.716667,walk,-0.373786,0.346796,0.94597,0.030046,-0.031231,-0.252078,-0.5445164386848771,-0.5058795296375979,-0.129349652027846,0.18967562529376025,-0.12899021344658934,-0.10286538008469835,-0.011039116870654056,0.01607871370291221,0.03191744660427,-0.6186705063594462,-0.3902087832973097,-0.7760979121669795,0.157138,0.200685,-0.907343,-0.17665599999999998,-0.245199,-0.854344,0.333794,0.445884,0.05299900000000002,0.9376588566978123,0.0,0.0,0.06234114330218765,1.0,-0.854344
893,3.720833,walk,-0.37604,0.344671,0.945469,0.029576,-0.031377,-0.252029,-0.5410465674508298,-0.5100816130581268,-0.1202592414786398,0.2000591090910705,0.12358591374815948,-0.034677445300386675,-0.010801728276522577,0.014642342774839792,0.03288526164186488,-0.6253000480077232,-0.21075372059531286,-0.7064330292847418,0.159347,0.20287099999999997,-0.906705,-0.17700699999999997,-0.243952,-0.856786,0.33635399999999993,0.44682299999999997,0.049918999999999936,0.9373609110115373,0.0008100000000000329,0.0008100000000000329,0.06263908898846271,0.99919,-0.856786
894,3.725,walk,-0.378365,0.342482,0.944849,0.029391,-0.031435,-0.251877,-0.5579553635708855,-0.5253179745620022,-0.1487880969522237,0.0771466867013763,0.04648551891179125,-0.07933990429698573,-0.01631869450444165,0.017038636909056618,0.03287736981041274,-0.6011519078473573,-0.19966402687783746,-0.7393808495319925,0.161604,0.205131,-0.9059480000000001,-0.17718700000000004,-0.242595,-0.8592470000000001,0.33879100000000006,0.447726,0.04670099999999999,0.9325558588390321,0.03299000000000002,0.03299000000000002,0.06744414116096786,0.9670099999999999,-0.8592470000000001
895,3.729167,walk,-0.3807,0.340273,0.94428,0.029152,-0.031437,-0.251772,-0.5603551715862929,-0.5301175905927807,-0.13654907607393033,0.10955633928563664,0.027826918567165144,-0.05646739685001158,-0.015358771298292216,0.01703863690903179,0.03623710103192037,-0.5706743460523398,-0.09719222462203529,-0.9716822654188102,0.163875,0.20741099999999996,-0.905228,-0.17723000000000005,-0.24079099999999998,-0.862727,0.34110500000000005,0.44820199999999993,0.04250100000000001,0.9285208947642609,0.07499000000000006,0.07499000000000006,0.07147910523573908,0.9250099999999999,-0.862727
896,3.733333,walk,-0.383015,0.338128,0.943676,0.02899,-0.031137,-0.251703,-0.5556889102256236,-0.5148823811809767,-0.14498319731157763,0.11087470107327937,-0.12112950660735332,-0.03426182773318618,-0.022083533365339948,0.016082573211722854,0.03648583773403629,-0.2167546807489108,-0.29500720115217816,-0.5468074891982573,0.166098,0.209623,-0.9044719999999999,-0.17581800000000003,-0.239875,-0.864401,0.341916,0.449498,0.04007099999999997,0.9240331219440755,0.09929000000000004,0.09929000000000004,0.0759668780559245,0.9007099999999999,-0.864401
897,3.7375,walk,-0.385427,0.335886,0.943015,0.028625,-0.030988,-0.251581,-0.5788336933045681,-0.538036957043453,-0.15862730981520082,0.186213062434452,-0.027450026255632514,-0.06567488029948226,-0.02231821454283993,0.01583873290137113,0.03743700503959768,-0.408927285817136,-0.1679865610751198,-0.7129829613631239,0.168417,0.21193099999999998,-0.9036550000000001,-0.17510999999999993,-0.23833300000000002,-0.866711,0.3435269999999999,0.450264,0.03694400000000009,0.9227109051346816,0.13056000000000006,0.13056000000000006,0.07728909486531843,0.86944,-0.866711
898,3.741667,walk,-0.387727,0.3336,0.942287,0.029142,-0.03143,-0.251375,-0.5519558435324763,-0.5485961123109842,-0.17470602351812278,-0.2960361744616344,0.13951008078225735,-0.09688228797378966,-0.023758099352047507,0.018958483321345438,0.04463642908567011,-0.41108711303095063,-0.17494600431964555,-0.5229181665466445,0.170618,0.21429600000000004,-0.902741,-0.17452300000000004,-0.23677600000000001,-0.868162,0.34514100000000003,0.45107200000000003,0.034579000000000026,0.9099956455345455,0.15421,0.15421,0.09000435446545452,0.84579,-0.868162
899,3.745833,walk,-0.390114,0.331261,0.941601,0.029331,-0.032349,-0.251242,-0.5729716754680659,-0.5614498319730955,-0.16466634661544544,-0.200659972553391,0.4019509078205473,-0.0716240570210013,-0.025684109457511536,0.01800288046085794,0.03912626020163201,-0.43470955352855434,-0.15938550168026397,-0.7097935669706962,0.17289800000000002,0.21670999999999996,-0.901892,-0.17394700000000002,-0.23510100000000003,-0.870433,0.34684500000000007,0.45181099999999996,0.031459000000000015,0.9164229992282701,0.18541000000000007,0.18541000000000007,0.08357700077172991,0.8145899999999999,-0.870433
900,3.75,walk,-0.392568,0.328943,0.940943,0.029085,-0.032359,-0.25103,-0.5889128869690589,-0.5562754979601987,-0.15790736741062575,0.1105423897553863,0.030358099978246112,-0.10982442875370478,-0.025437964962802935,0.022798176145925508,0.055915526757861225,-0.4331653467722649,-0.15838732901368469,-0.5670746340293011,0.17524599999999999,0.21912300000000007,-0.9010009999999999,-0.173298,-0.23344299999999998,-0.872138,0.34854399999999996,0.452566,0.028862999999999972,0.890793352999939,0.21136999999999995,0.21136999999999995,0.109206647000061,0.78863,-0.872138
901,3.754167,walk,-0.395066,0.326589,0.940316,0.028935,-0.032482,-0.250981,-0.5994720422366485,-0.5649148068154727,-0.15046796256298578,0.05421933331586526,0.07427396234187679,-0.028355050463998298,-0.02879769618430873,0.02063834893206705,0.05351571874250328,-0.47084233261341707,-0.19294456443485383,-0.42020638348934064,0.17762399999999998,0.22156299999999995,-0.900151,-0.17276200000000003,-0.23189300000000002,-0.873262,0.350386,0.45345599999999997,0.026889000000000052,0.8930319244835142,0.23110999999999998,0.23110999999999998,0.1069680755164858,0.7688900000000001,-0.873262
902,3.758333,walk,-0.397584,0.324191,0.939572,0.028746,-0.0327,-0.250874,-0.604416706673056,-0.5756120979356566,-0.17858857417188131,0.06016733124771817,0.12208542427428494,-0.05878202514045158,-0.032885261641861376,0.022803648583788923,0.05376860297647524,-0.5283245319250955,-0.21699471915505936,-0.25708113298127055,0.180005,0.22405600000000003,-0.899183,-0.17244500000000001,-0.23039900000000002,-0.873589,0.35245000000000004,0.45445500000000005,0.025594000000000006,0.8882896915128187,0.24406000000000005,0.24406000000000005,0.11171030848718133,0.75594,-0.873589
903,3.7625,walk,-0.400177,0.321739,0.938763,0.028133,-0.032224,-0.250652,-0.6222702183824944,-0.5884329253659372,-0.19414446844250044,0.33961926419819394,-0.1516272006569432,-0.11717076003355213,-0.03815694744420033,0.02399808015358361,0.06047516198703622,-0.6095512359010876,-0.15046796256298642,-0.1487880969522337,0.18243900000000002,0.22660800000000003,-0.898122,-0.172392,-0.228574,-0.8734,0.354831,0.45518200000000003,0.024722000000000022,0.8742897322911445,0.2527799999999999,0.2527799999999999,0.12571026770885552,0.7472200000000001,-0.8734
904,3.766667,walk,-0.402735,0.319353,0.938105,0.028044,-0.032691,-0.250627,-0.6138708903288028,-0.5725941924646288,-0.15790736741062575,-0.015350257583351512,0.2272526211494368,-0.018444817183301966,-0.05327573794096715,0.02207823374129714,0.057355411567078,-0.6580273578114104,-0.12215022798176597,-0.14758819294457223,0.18477500000000002,0.229086,-0.8972249999999999,-0.172576,-0.22669699999999998,-0.8733569999999999,0.35735100000000003,0.455783,0.023868,0.8644415266151124,0.26132,0.26132,0.13555847338488758,0.73868,-0.8733569999999999
905,3.770833,walk,-0.405292,0.31693,0.937508,0.027974,-0.033531,-0.250819,-0.6137782045126995,-0.5816130580892804,-0.14330292846854112,-0.06657828860789215,0.4022072452800343,0.08588107892059972,-0.06168987037926073,0.028324531925095594,0.07921267402784156,-0.6063370139222177,-0.11329812770042902,-0.2542006721075313,0.187075,0.23162699999999997,-0.896298,-0.17254500000000006,-0.224746,-0.873819,0.35962000000000005,0.456373,0.022479000000000027,0.8261340958699394,0.27521,0.27521,0.17386590413006064,0.72479,-0.873819
906,3.775,walk,-0.407906,0.314477,0.936894,0.02777,-0.034028,-0.250957,-0.6273098152148127,-0.5886729061675294,-0.14734821214303612,0.036431712905259137,0.2578643112378662,0.059874568522447096,-0.0619150467962611,0.0345572354211758,0.08759299256060016,-0.5332373410127305,-0.1250299976001995,-0.3530117590592897,0.189431,0.234224,-0.895319,-0.172153,-0.222814,-0.874676,0.361584,0.457038,0.020642999999999967,0.8121746682755853,0.29357,0.29357,0.18782533172441473,0.70643,-0.874676
907,3.779167,walk,-0.410517,0.312022,0.936237,0.027855,-0.034057,-0.251088,-0.6265898728101442,-0.5891528677705389,-0.15766738660906615,-0.041297177982176574,0.005571678134445021,0.06625851047140664,-0.0683945284377226,0.029517638588907304,0.10247180225581252,-0.4542836573073958,-0.05687544996399968,-0.40916726661864683,0.191757,0.23680199999999996,-0.894235,-0.171435,-0.22059600000000001,-0.875724,0.363192,0.45739799999999997,0.018511000000000055,0.7888551526292505,0.31489,0.31489,0.21114484737074946,0.68511,-0.875724
908,3.783333,walk,-0.413165,0.309553,0.935473,0.027527,-0.033513,-0.251127,-0.6356216994719619,-0.5926548247720103,-0.18338934229477855,0.21871611718321163,-0.21276919261932564,0.01784658454133888,-0.07969275084014049,0.03144503120499342,0.10945751320212221,-0.3857417186750246,-0.0016802688430133648,-0.44599135861741374,0.194073,0.23940199999999995,-0.893015,-0.17039400000000005,-0.21813400000000002,-0.876818,0.36446700000000004,0.45753599999999994,0.016197000000000017,0.7683353014451437,0.33803000000000005,0.33803000000000005,0.23166469855485627,0.66197,-0.876818
909,3.7875,walk,-0.41597,0.306934,0.934756,0.02814,-0.034229,-0.250922,-0.6731461483080948,-0.628509719222433,-0.17206623470120566,-0.3739544749747801,0.2555346785619156,-0.09606889361291505,-0.08783297336212027,0.03359731221502771,0.12766978641707832,-0.35157187425002384,0.01439884809215283,-0.4209263258939025,0.19651200000000002,0.24216100000000002,-0.8917660000000001,-0.16905399999999998,-0.21545499999999998,-0.877855,0.365566,0.457616,0.013911000000000007,0.7357243391967008,0.36089000000000004,0.36089000000000004,0.26427566080329923,0.63911,-0.877855
910,3.791667,walk,-0.418698,0.304406,0.934029,0.027989,-0.033566,-0.251014,-0.6546676265899046,-0.6066714662827191,-0.1744660427165986,0.15148102629031665,-0.28833258767867875,0.04881153415462603,-0.09431245500360509,0.029757619390453238,0.13870890328774382,-0.3186945044396584,0.023758099352053367,-0.4226061915046986,0.19884700000000002,0.244813,-0.890461,-0.16765399999999997,-0.21282800000000002,-0.878889,0.36650099999999997,0.457641,0.011571999999999916,0.7160765217924869,0.38428,0.38428,0.28392347820751307,0.61572,-0.878889
911,3.795833,walk,-0.421404,0.301869,0.933295,0.02814,-0.033585,-0.251087,-0.6495439270283034,-0.6089774363898085,-0.17618819011041584,-0.07153489100285772,-0.008008362922012445,0.03895908418147771,-0.10081613058089108,0.03936629860776224,0.14690350456072437,-0.30484877580411873,0.052568410945749156,-0.40110417666825565,0.201133,0.24751399999999996,-0.889115,-0.16621799999999998,-0.21007199999999998,-0.879826,0.367351,0.45758599999999994,0.009288999999999992,0.695888190775162,0.40710999999999997,0.40710999999999997,0.30411180922483805,0.59289,-0.879826
912,3.8,walk,-0.42412,0.299297,0.932763,0.028665,-0.034632,-0.251459,-0.6517878569714711,-0.6172306215503086,-0.12766978641708693,-0.36584991754115037,0.43008017593571196,0.18492701357713176,-0.11183105351572245,0.03167746580274226,0.14254859611231854,-0.29853611711065026,0.06599472042236862,-0.3527717782577569,0.203383,0.250218,-0.887989,-0.164746,-0.207225,-0.880764,0.36812900000000004,0.457443,0.007225000000000037,0.693452248491758,0.4277500000000001,0.4277500000000001,0.306547751508242,0.5722499999999999,-0.880764
913,3.804167,walk,-0.426914,0.296702,0.932203,0.028627,-0.03414,-0.251882,-0.6705063594912043,-0.6227501799855533,-0.1343892488600842,0.08279239610199718,-0.21638817210997469,0.21340827950916225,-0.1120710343172533,0.02807775377970401,0.15382769378448685,-0.28893688504917436,0.08999280057594852,-0.2954163666906458,0.20571,0.25293,-0.886788,-0.16315599999999997,-0.20425500000000002,-0.881435,0.36886599999999997,0.457185,0.005353000000000052,0.6793615900993314,0.44647,0.44647,0.3206384099006686,0.5535300000000001,-0.881435
914,3.808333,walk,-0.42973,0.294086,0.931467,0.02887,-0.03384,-0.25197,-0.6759481517042506,-0.6279404704752606,-0.17666826692269294,-0.07533341562855661,-0.16707871791441703,0.051365425813281324,-0.1286605856937029,0.022083533365333287,0.17090734517522438,-0.2918867018722903,0.07777244359097359,-0.2606817090734455,0.20799,0.255638,-0.88534,-0.16155599999999998,-0.20131500000000002,-0.881785,0.369546,0.456953,0.003554999999999975,0.6415676516962768,0.46445000000000003,0.46445000000000003,0.35843234830372317,0.53555,-0.881785
915,3.8125,walk,-0.432564,0.291498,0.931058,0.029563,-0.034976,-0.252293,-0.6801055915527076,-0.6210703143748867,-0.09815214782817648,-0.4556876754350874,0.4501087288092543,0.16291742923659705,-0.1317494600432011,0.017038636909058432,0.18238540916727417,-0.2433405327574074,0.030477561795054963,-0.26853851691865754,0.21027500000000002,0.25829700000000005,-0.884171,-0.15973600000000004,-0.1986,-0.882495,0.3700110000000001,0.45689700000000005,0.0016760000000000108,0.623936054320147,0.48323999999999995,0.48323999999999995,0.376063945679853,0.5167600000000001,-0.882495
916,3.816667,walk,-0.435375,0.288859,0.930449,0.030148,-0.034989,-0.252632,-0.6745860331173833,-0.6333093352532092,-0.14614830813537544,-0.2688061067127673,-0.0581842026266455,0.1799810660523608,-0.12646988240941295,0.014398848092141042,0.19270458363331935,-0.277417806575471,0.05351571874250328,-0.3054955603551863,0.21255900000000003,0.260996,-0.882759,-0.15808099999999997,-0.19573799999999997,-0.883159,0.37063999999999997,0.456734,0.00040000000000006697,0.6110865373723513,0.5,0.5,0.3889134626276487,0.5,-0.882759
917,3.820833,walk,-0.438221,0.286238,0.929785,0.03082,-0.034512,-0.252892,-0.6831493038886072,-0.62914066250598,-0.15938550168026397,-0.25061403439787694,-0.29784570005982336,0.1475575430653087,-0.15146423427748515,0.012241958713399389,0.22683629380700157,-0.2325972155544818,0.040806529044646864,-0.33317330772922765,0.21477400000000002,0.263668,-0.88115,-0.15620399999999995,-0.19294699999999998,-0.883883,0.370978,0.456615,0.0027329999999999854,0.5176181592215692,0.5,0.5,0.4823818407784308,0.5,-0.88115
918,3.825,walk,-0.441116,0.283549,0.929076,0.031339,-0.034215,-0.253104,-0.6947444204463173,-0.6453083753299336,-0.17014638828891684,-0.20206841108800416,-0.1966061631875272,0.11872608595598039,-0.1331893448524037,-0.00479961603072205,0.23254139668825188,-0.2075833933285222,0.03887688984880864,-0.3155747540196584,0.217114,0.266337,-0.879472,-0.15417399999999998,-0.190096,-0.884489,0.37128799999999995,0.456433,0.005016999999999938,0.5031199925567613,0.5,0.5,0.4968800074432387,0.5,-0.879472
919,3.829167,walk,-0.444,0.28088,0.928444,0.032189,-0.034044,-0.253377,-0.6921046316295006,-0.6405087592992798,-0.1516678665706731,-0.3703871936356272,-0.17691792623467842,0.15456711753013824,-0.13702903767698926,-0.015118790496769409,0.2378209743220648,-0.17854571634269278,0.0638348932085468,-0.2778977681785582,0.219427,0.26894299999999993,-0.8778490000000001,-0.15203399999999995,-0.18716100000000002,-0.885015,0.37146099999999993,0.45610399999999995,0.007165999999999895,0.47019048892230497,0.5,0.47019048892230497,0.529809511077695,0.5,-0.8778490000000001
920,3.833333,walk,-0.446906,0.27815,0.927829,0.032584,-0.033993,-0.253412,-0.6975516082573068,-0.6553048487757887,-0.14762361977916835,-0.17676029576622054,-0.07083738322846808,0.025911994870591613,-0.15386461833893067,-0.025204032645201116,0.272683629380693,-0.16250600096015846,0.05712914066250494,-0.25348055688909565,0.22169200000000003,0.27156800000000003,-0.876098,-0.14980499999999997,-0.184193,-0.885456,0.37149699999999997,0.455761,0.009357999999999977,0.40642,0.5,0.40642,0.59358,0.5,-0.876098
921,3.8375,walk,-0.449805,0.27547,0.927604,0.033958,-0.035376,-0.254162,-0.695704343652536,-0.6431485481161838,-0.05399568034558219,-0.7977582969426548,0.4907680752596133,0.3843556620548891,-0.1562275017998662,-0.03767698584115213,0.2889368850492101,-0.15430765538759048,0.05471562275018392,-0.23014158867291704,0.22394,0.274091,-0.874669,-0.14754900000000004,-0.18128499999999997,-0.88619,0.37148900000000007,0.45537599999999995,0.011521000000000003,0.38478999999999997,0.5292741930420111,0.38478999999999997,0.61521,0.47072580695798893,-0.874669
922,3.841667,walk,-0.452766,0.272698,0.927142,0.035036,-0.035709,-0.254691,-0.7105831533476868,-0.6652267818574101,-0.11087113030955947,-0.5345012093091007,0.034724864049363556,0.28129997954320407,-0.1459083273338038,-0.06287497000239226,0.289656827453786,-0.1531077513798602,0.051115910727136546,-0.21262299016077368,0.226293,0.276601,-0.873,-0.14522599999999997,-0.17830000000000001,-0.886614,0.37151899999999993,0.454901,0.013614000000000015,0.36385999999999996,0.5550800452547979,0.36385999999999996,0.63614,0.4449199547452021,-0.873
923,3.845833,walk,-0.455761,0.269933,0.926462,0.036003,-0.035816,-0.2548,-0.7189150264042877,-0.6637061929909354,-0.16322611617860486,-0.460699104072082,-0.06561232490370743,0.07374930429895057,-0.1819491118579071,-0.05424867978875813,0.307249159865602,-0.15410465674509896,0.04752760441671133,-0.22923667786847818,0.22853000000000004,0.27914000000000005,-0.87104,-0.14287299999999997,-0.17533699999999997,-0.886889,0.37140300000000004,0.454477,0.015849000000000002,0.34151,0.532867575008338,0.34151,0.65849,0.46713242499166197,-0.87104
924,3.85,walk,-0.458696,0.267147,0.925973,0.037415,-0.036232,-0.25546,-0.7043436525077482,-0.6685865130789022,-0.11735061195102757,-0.6981608978687726,0.03571003146209378,0.3526981832303344,-0.19270458363329715,-0.054715622750178085,0.3347732181425283,-0.1552675785936918,0.05903527717782127,-0.22750179985599706,0.230662,0.281698,-0.869156,-0.14058499999999996,-0.17230500000000004,-0.887348,0.371247,0.45400300000000005,0.018191999999999986,0.31808000000000003,0.5305137149928641,0.31808000000000003,0.68192,0.46948628500713585,-0.869156
925,3.854167,walk,-0.46165,0.264364,0.925494,0.038503,-0.036551,-0.25604,-0.7089032877370163,-0.667866570674385,-0.11495080393569213,-0.536918567751214,0.02846192876758719,0.307567857089901,-0.2215022798176264,-0.06215502759779723,0.3688504919606609,-0.13102951763860604,0.07631389488841213,-0.21646268298537105,0.232693,0.28422200000000003,-0.86714,-0.138177,-0.169204,-0.8877710000000001,0.37087000000000003,0.453426,0.020631000000000066,0.29369,0.559518451102563,0.29369,0.70631,0.44048154889743696,-0.86714
926,3.858333,walk,-0.464647,0.261659,0.924929,0.039779,-0.036278,-0.256359,-0.7193951032164883,-0.6493038886221649,-0.13562169947192085,-0.5544395669556698,-0.2752381486490033,0.1907406347462894,-0.2114738358137227,-0.08737397983677893,0.3336533845415164,-0.11305808929428379,0.08305328852616169,-0.20811329812769466,0.234809,0.286563,-0.865185,-0.13565100000000002,-0.166153,-0.888073,0.37046,0.452716,0.02288800000000002,0.27112,0.5816994529864162,0.27112,0.72888,0.41830054701358377,-0.865185
927,3.8625,walk,-0.467704,0.258845,0.92472,0.040453,-0.037321,-0.257082,-0.7336213102952175,-0.675305975521985,-0.05015598752100414,-0.4329066514249392,0.41852000523757266,0.35870848827966334,-0.22414206863452382,-0.1063114950803915,0.342932565394784,-0.08807295416367242,0.06935445164387441,-0.19750419966403526,0.236932,0.288934,-0.863547,-0.132961,-0.16304999999999997,-0.888687,0.369893,0.451984,0.02514000000000005,0.24860000000000004,0.6214985905542536,0.24860000000000004,0.7514,0.3785014094457464,-0.863547
928,3.866667,walk,-0.47081,0.256192,0.924331,0.041246,-0.03695,-0.257744,-0.7453803695703884,-0.6366690664746472,-0.09335253179744396,-0.3133900073431505,-0.2532853117256712,0.35214944732232417,-0.24646028317733082,-0.06959443244540311,0.3839692824573794,-0.09839212862970878,0.04127669786416634,-0.1787856971442182,0.239011,0.29129700000000003,-0.861558,-0.13026500000000002,-0.16022499999999998,-0.889043,0.36927600000000005,0.451522,0.02748499999999998,0.22515000000000007,0.6529925462448051,0.22515000000000007,0.7748499999999999,0.34700745375519493,-0.861558
929,3.870833,walk,-0.474444,0.253817,0.92356,0.044377,-0.033656,-0.258353,-0.872299567930838,-0.57009121459431,-0.18506961113776885,-1.0351426819121723,-1.8975887900904989,0.42518769842606,-0.2515602496399339,-0.10705712914067336,0.3362938070091121,-0.08833413346133315,0.03312530004800659,-0.16874699951991912,0.24159699999999998,0.29322599999999993,-0.8593860000000001,-0.12699899999999997,-0.15771200000000002,-0.8889750000000001,0.3685959999999999,0.45093799999999995,0.029588999999999976,0.20411000000000007,0.6777864989870386,0.20411000000000007,0.79589,0.3222135010129614,-0.8593860000000001
930,3.875,walk,-0.477541,0.251113,0.92325,0.04554,-0.033629,-0.25931,-0.7432205423566494,-0.6489080873530509,-0.0743940484761331,-0.5261437904215494,-0.13131859621926087,0.5007929586384837,-0.2416606671466412,-0.10367170626350077,0.3606911447084408,-0.09743220542357475,0.03815694744420773,-0.17950563954884396,0.243687,0.295498,-0.857573,-0.12430799999999997,-0.15484899999999996,-0.889413,0.36799499999999996,0.45034699999999994,0.03183999999999998,0.18160000000000004,0.6537050794409434,0.18160000000000004,0.8184,0.34629492055905664,-0.857573
931,3.879167,walk,-0.480698,0.248433,0.922902,0.046153,-0.033679,-0.2601,-0.7576193904488037,-0.6431485481161772,-0.08351331893449264,-0.2824690442445026,-0.03195019296564228,0.4047394938924795,-0.2678185745140525,-0.14302855771537248,0.3518118550516108,-0.09047276217904703,0.03887688984881279,-0.17086633069355167,0.245728,0.297582,-0.855759,-0.12152800000000002,-0.152007,-0.889777,0.367256,0.449589,0.03401799999999999,0.15982000000000007,0.671315601284195,0.15982000000000007,0.8401799999999999,0.328684398715805,-0.855759
932,3.883333,walk,-0.483901,0.245778,0.92249,0.047213,-0.03313,-0.260787,-0.7688430148823628,-0.6373019683149107,-0.09889582333172267,-0.4156756685241489,-0.3676584298201226,0.3744272683198724,-0.28252520403263354,-0.1286605856937029,0.36797887662025075,-0.07633221315408563,0.038646183389343246,-0.1761881901104125,0.24775400000000003,0.29970100000000005,-0.8538140000000001,-0.11864299999999994,-0.149191,-0.890099,0.366397,0.44889200000000007,0.0362849999999999,0.13715000000000005,0.673561250470635,0.13715000000000005,0.8628499999999999,0.326438749529365,-0.8538140000000001
933,3.8875,walk,-0.487106,0.243118,0.922122,0.047958,-0.032885,-0.261764,-0.7691384689224292,-0.6383489320853932,-0.0883129349652058,-0.30501945784555246,-0.17977041315263725,0.5059596186625829,-0.3189344852411605,-0.18526517878568463,0.35541156707461147,-0.07175425965923471,0.021598272138225915,-0.1439884809215183,0.24963,0.30158900000000005,-0.851965,-0.11573700000000003,-0.146441,-0.890331,0.365367,0.44803000000000004,0.03836600000000001,0.11634000000000005,0.7294663618333399,0.11634000000000005,0.8836599999999999,0.2705336381666601,-0.851965
934,3.891667,walk,-0.49031,0.240497,0.921907,0.049078,-0.03306,-0.262672,-0.768898488120995,-0.6289896808255656,-0.05159587233020759,-0.5326616017715088,-0.03400246341661152,0.47244223868211943,-0.2817374610031346,-0.17518598512120032,0.35613150947925776,-0.054955603551726705,0.003839692824574719,-0.16774658027358536,0.25166,0.3034800000000001,-0.8502660000000001,-0.11276200000000003,-0.143804,-0.890815,0.364422,0.447284,0.040548999999999946,0.0945100000000001,0.705731713509763,0.0945100000000001,0.9054899999999999,0.29426828649023695,-0.8502660000000001
935,3.895833,walk,-0.493473,0.238003,0.92163,0.049624,-0.033298,-0.263713,-0.7592414786365542,-0.5986557849255708,-0.06649063850217839,-0.27349516783649763,0.07080846464048467,0.5248407154272875,-0.2945271243398877,-0.16226596255400658,0.3389342294767095,-0.055208833413333214,0.001440230436867969,-0.14858377340374088,0.253596,0.30529800000000007,-0.8485769999999999,-0.10982900000000001,-0.14130399999999999,-0.891157,0.363425,0.44660200000000005,0.04258000000000006,0.07419999999999993,0.7358071660201657,0.07419999999999993,0.9258000000000001,0.2641928339798343,-0.8485769999999999
936,3.9,walk,-0.496761,0.235438,0.921393,0.049919,-0.032925,-0.264889,-0.7890568754500031,-0.6155507559395491,-0.05687544996398909,-0.07804901910543463,-0.17649187399108404,0.5981432966053372,-0.3107751379889728,-0.20230381569476283,0.3424526037917118,-0.06503479721623076,-0.0019198464122856943,-0.1384689224862077,0.255589,0.30701999999999996,-0.846913,-0.10681200000000002,-0.138747,-0.891497,0.36240100000000003,0.445767,0.04458399999999996,0.054159999999999986,0.7450116933307724,0.054159999999999986,0.94584,0.25498830666922756,-0.846913
937,3.904167,walk,-0.499974,0.232941,0.92127,0.049422,-0.033305,-0.265879,-0.771058315334718,-0.5992320614350485,-0.029517638588907304,0.1906568459048139,0.2665630614723413,0.4735312892962994,-0.3525317974561816,-0.19918406527476526,0.3105351571874036,-0.059515238780900134,-0.0035997120230382073,-0.12838972882168578,0.257333,0.308687,-0.845496,-0.10384700000000008,-0.13626500000000002,-0.8919090000000001,0.36118000000000006,0.444952,0.04641300000000004,0.03587000000000007,0.7640683712462538,0.03587000000000007,0.9641299999999999,0.23593162875374618,-0.845496
938,3.908333,walk,-0.50313,0.230465,0.921054,0.049386,-0.03308,-0.266992,-0.7575612097936251,-0.5943350936150269,-0.051848295727319034,0.0560736314900589,-0.06816289053445149,0.5569082083299798,-0.31373019683151854,-0.22851656265003079,0.24387902064332298,-0.06625060009600692,-0.014642342774843123,-0.15434469515123672,0.25918199999999997,0.310211,-0.844264,-0.10096700000000003,-0.13385,-0.892336,0.360149,0.44406100000000004,0.048072000000000004,0.019280000000000075,0.7190006665866683,0.019280000000000075,0.9807199999999999,0.2809993334133317,-0.844264
939,3.9125,walk,-0.506383,0.228007,0.920893,0.04976,-0.033365,-0.267957,-0.7806575473961754,-0.5898728101751538,-0.03863690904729252,-0.20092384079565442,0.11125108642916394,0.48286998721567426,-0.40748740100789577,-0.19318454523638268,0.32541396688262864,-0.08063354931605052,-0.041996640268777974,-0.12143028557714632,0.260737,0.31186400000000003,-0.8427469999999999,-0.09804999999999997,-0.131567,-0.892681,0.35878699999999997,0.443431,0.049934000000000034,0.000660000000000105,0.747178140644245,0.000660000000000105,0.9993399999999999,0.25282185935575496,-0.8427469999999999
940,3.916667,walk,-0.509604,0.225569,0.920796,0.049758,-0.03327,-0.269245,-0.7729781617470759,-0.5850731941444941,-0.02327813774898444,0.025264521639182143,-0.0071245705406835485,0.6424529762934953,-0.3681305495560541,-0.22846172306215415,0.23470122390210013,-0.09527237820974294,-0.06335493160547453,-0.11111111111111657,0.26242399999999994,0.31335,-0.841672,-0.09522600000000003,-0.12939299999999998,-0.8930469999999999,0.35764999999999997,0.44274300000000005,0.05137499999999995,0.0,0.7341870309742542,0.0,1.0,0.2658129690257458,-0.841672
941,3.920833,walk,-0.512812,0.223255,0.920609,0.049722,-0.03323,-0.269904,-0.7700432069131089,-0.5554488718194718,-0.04488718194909556,0.027960799289608637,0.004844015310544178,0.3280041805588939,-0.37926068170906263,-0.2503600576092145,0.21747479596734978,-0.10585693710994062,-0.03504560729716499,-0.1024963994239051,0.26405200000000006,0.31462100000000004,-0.840579,-0.09245899999999996,-0.127225,-0.893287,0.356511,0.441846,0.05270800000000009,0.0,0.747570705058989,0.0,1.0,0.25242929494101096,-0.840579
942,3.925,walk,-0.51594,0.220781,0.920503,0.049775,-0.033385,-0.271079,-0.750659947204236,-0.5937125029997881,-0.025437964962816254,-0.0338757728923365,0.0980767574220516,0.5830384846643728,-0.36693064554836685,-0.2802975761939312,0.13126949844012886,-0.1257499400047979,-0.008879289656830078,-0.071994240460766,0.26565099999999997,0.31592699999999996,-0.839926,-0.08985500000000002,-0.12478800000000001,-0.893481,0.355506,0.44071499999999997,0.05355500000000002,0.0,0.7580458040618778,0.0,1.0,0.24195419593812217,-0.839926
943,3.929167,walk,-0.519051,0.218511,0.920317,0.050081,-0.033588,-0.271755,-0.7465802735780889,-0.5447564194864065,-0.04463642908564846,-0.1617872524946122,0.07336794325974948,0.339596228380611,-0.43412526997837647,-0.24142068634506603,0.18190544756418586,-0.12119030477560522,0.005039596832254823,-0.04631629469642199,0.26695300000000005,0.317191,-0.838982,-0.08724899999999991,-0.12249700000000001,-0.8934880000000001,0.35420199999999996,0.439688,0.054506000000000054,0.0,0.7836047426695413,0.0,1.0,0.21639525733045872,-0.838982
944,3.933333,walk,-0.522121,0.216133,0.920282,0.050223,-0.033877,-0.272718,-0.7369179068650558,-0.570811329812759,-0.008401344215075922,-0.09462456371107106,0.14256202655408465,0.47721691853333986,-0.4395103216514587,-0.2892462794046996,0.15242438790205937,-0.10633701392224439,0.011521843494957076,-0.0403264522323556,0.26819199999999993,0.318364,-0.8383120000000001,-0.08462200000000009,-0.120071,-0.893621,0.352814,0.438435,0.05530899999999994,0.0,0.809485082553518,0.0,1.0,0.19051491744648197,-0.8383120000000001
945,3.9375,walk,-0.525041,0.213872,0.920071,0.050603,-0.033486,-0.273511,-0.7007439404848013,-0.5425965922726395,-0.050635949124089724,-0.1166425891227493,-0.2070452927530535,0.41142679383752867,-0.46316294696426097,-0.29829613630910745,0.1019918406527512,-0.07151427885769956,0.020638348932087033,-0.009119270458363709,0.269182,0.319382,-0.837676,-0.08200000000000007,-0.11772400000000001,-0.893448,0.35118200000000005,0.437106,0.055772000000000044,0.0,0.8750178388187585,0.0,1.0,0.1249821611812415,-0.837676
946,3.941667,walk,-0.527904,0.211718,0.919879,0.051744,-0.032899,-0.274325,-0.687065034797262,-0.516918646508307,-0.04607631389488331,-0.4421948335532501,-0.39608178261393195,0.4434759962421068,-0.5008399328053997,-0.32277417806577924,0.1286297096232381,-0.03575713942883646,0.0175185985121207,0.0016798656107512315,0.26995800000000003,0.320191,-0.836948,-0.07928599999999997,-0.11549699999999999,-0.893249,0.349244,0.43568799999999996,0.056300999999999934,0.0,0.9335776087278396,0.0,1.0,0.06642239127216043,-0.836948
947,3.945833,walk,-0.530787,0.209535,0.919915,0.052917,-0.033298,-0.274984,-0.6920307249159602,-0.5240038406144817,0.008641382621227801,-0.5891714566975134,0.04991817380472383,0.34726090105605834,-0.5468074891982573,-0.3521363418146798,0.09553528564569963,-0.009601536245808668,0.011521843494957076,0.006240998559768972,0.270563,0.32090699999999994,-0.836586,-0.07644300000000004,-0.113266,-0.893259,0.34700600000000004,0.434173,0.05667299999999997,0.0,0.972925389157157,0.0,1.0,0.027074610842843017,-0.836586
948,3.95,walk,-0.533613,0.20733,0.920045,0.05361,-0.033299,-0.275631,-0.6781857451403464,-0.5291576673865799,0.03119750419965336,-0.31459477565616484,-0.07099034577093731,0.3385455134637047,-0.60571154307651,-0.3623710103191551,0.0734341252699741,0.006239500839951987,0.005039596832254823,0.0016798656107510524,0.270865,0.32160199999999994,-0.83641,-0.07359099999999996,-0.11103999999999999,-0.893382,0.344456,0.43264199999999997,0.05697200000000002,0.0,0.9863423957451436,0.0,1.0,0.013657604254856404,-0.83641
949,3.954167,walk,-0.53639,0.2052,0.920033,0.055103,-0.032315,-0.276259,-0.6664266858651683,-0.51115910727144,-0.002879769618433537,-0.5530961026710158,-0.6306541114431486,0.36898752245914096,-0.6700263978882035,-0.41060715142788223,0.036237101031918705,0.006239500839926008,-0.008399328053757822,-0.00023998080153529548,0.27085000000000004,0.32202100000000006,-0.836247,-0.07078799999999996,-0.108945,-0.893371,0.341638,0.43096600000000007,0.057124000000000064,0.0,0.9825566254800804,0.0,1.0,0.01744337451991962,-0.836247
950,3.958333,walk,-0.539216,0.203125,0.920352,0.056261,-0.031858,-0.276763,-0.6783485357657028,-0.4980796927508249,0.07657225156023752,-0.4698950922551408,-0.3475821989631673,0.28820963147793627,-0.7033125300047787,-0.45247239558328706,0.044647143542967,0.0028804608737426,-0.016562650024003294,0.00456072971675412,0.27074600000000004,0.322211,-0.8363799999999999,-0.06794999999999995,-0.106939,-0.893671,0.338696,0.42915000000000003,0.05729100000000009,0.0,0.970968470864896,0.0,1.0,0.029031529135103984,-0.8363799999999999
951,3.9625,walk,-0.541648,0.201055,0.920158,0.060533,-0.031589,-0.276754,-0.5836333093352774,-0.49676025917928557,-0.046556275497942244,-1.936973475944861,-0.6876965585296845,0.10152017665369993,-0.7698584113271263,-0.4797216222702338,0.021358291336692085,0.0023998080153479593,-0.030477561795054963,0.008639308855292285,0.26997000000000004,0.32228200000000007,-0.8360970000000001,-0.06550800000000001,-0.104996,-0.893441,0.33547800000000005,0.42727800000000005,0.05734399999999995,0.0,0.9470514267063719,0.0,1.0,0.05294857329362812,-0.8360970000000001
952,3.966667,walk,-0.544238,0.198971,0.920603,0.061342,-0.032605,-0.276553,-0.6215502759778794,-0.5001199904007381,0.10679145668343906,-0.5109679675732921,0.35451872988227773,-0.10613607892401039,-0.8137748980081176,-0.5267578593712321,-0.0009599232061410797,0.005519558435323697,-0.03743700503959536,0.007439404847611684,0.269169,0.322171,-0.8365459999999999,-0.06289500000000003,-0.103068,-0.893855,0.332064,0.425239,0.057309000000000054,0.0,0.9357232628882841,0.0,1.0,0.06427673711171589,-0.8365459999999999
953,3.970833,walk,-0.54717,0.196968,0.920991,0.06383,-0.031738,-0.276356,-0.7037926068171575,-0.48079692750844055,0.09313490158427405,-1.0350874157599546,-0.7338670654623279,-0.01594922257924287,-0.8545367258762097,-0.5688910225636512,-0.01536245799328218,0.009601536245809691,-0.03288526164186488,0.004320691310610197,0.26854100000000003,0.321804,-0.836998,-0.05992299999999995,-0.101202,-0.894225,0.328464,0.423006,0.05722700000000003,0.0,0.9424505453029239,0.0,1.0,0.05754945469707606,-0.836998
954,3.975,walk,-0.549959,0.194902,0.921648,0.064685,-0.032243,-0.276043,-0.6693064554835039,-0.4958003359730949,0.15766738660906615,-0.4645603212064916,0.10905931574604816,-0.14854887950666087,-0.8994480441564063,-0.5898728101751405,-0.04823614110870665,0.009359251259901337,-0.030477561795055046,0.002399808015358527,0.267582,0.32141200000000003,-0.837856,-0.05709500000000001,-0.09926299999999999,-0.894872,0.324677,0.420675,0.057015999999999956,0.0,0.9467126126130951,0.0,1.0,0.05328738738690486,-0.837856
955,3.979167,walk,-0.552569,0.192951,0.922485,0.064982,-0.032143,-0.275655,-0.6263498920086682,-0.468202543796513,0.20086393088553273,-0.1264280373304038,-0.0988663400069023,-0.18336832023995456,-0.9404847612191468,-0.626589872810211,-0.055915526757864556,0.008399328053757822,-0.02495800335973401,0.005039596832253694,0.266273,0.32075200000000004,-0.8389260000000001,-0.05445,-0.09741600000000002,-0.895688,0.320723,0.41816800000000004,0.05676199999999998,0.0,0.9553144262749027,0.0,1.0,0.044685573725097294,-0.8389260000000001
956,3.983333,walk,-0.555274,0.190956,0.923288,0.066031,-0.032325,-0.275161,-0.6493038886221782,-0.4788766202592343,0.1927508401344158,-0.5124222816690441,-0.07146899749718526,-0.2252804134090298,-0.9702352376379931,-0.6620259241478547,-0.06553048487757752,0.011041766682666643,-0.026404224675947184,0.008161305808929039,0.26493600000000006,0.31998899999999997,-0.840002,-0.05169899999999994,-0.09553099999999999,-0.896457,0.316635,0.41552,0.05645499999999992,0.0,0.9503985157950781,0.0,1.0,0.04960148420492194,-0.840002
957,3.9875,walk,-0.557908,0.189014,0.924175,0.065731,-0.031858,-0.274724,-0.6321094312455087,-0.46604271658269447,0.21286297096232581,0.19805422497687122,-0.1916016583639334,-0.21230514139346057,-1.0115190784737742,-0.6769858411327313,-0.08879289656827748,0.008639308855300612,-0.018718502519798008,0.00887928965682758,0.26335499999999995,0.31911,-0.841259,-0.04902899999999999,-0.09366699999999999,-0.897307,0.31238399999999994,0.412777,0.05604799999999999,0.0,0.9625885571987065,0.0,1.0,0.03741144280129349,-0.841259
958,3.991667,walk,-0.560567,0.187054,0.925232,0.065291,-0.03185,-0.274253,-0.6381089512838771,-0.470362371010288,0.25365970722342723,0.20152909624991278,0.0369535345410926,-0.24496748897121715,-1.0542356611470394,-0.7089032877369408,-0.08855291576673524,0.009119270458358574,-0.010559155267578519,0.014158867290615895,0.26162100000000005,0.318116,-0.842685,-0.04633199999999993,-0.091751,-0.898305,0.307953,0.409867,0.05562,0.0,0.9668701889610818,0.0,1.0,0.03312981103891821,-0.842685
959,3.995833,walk,-0.56321,0.18507,0.926193,0.063951,-0.03142,-0.273737,-0.6344215074411614,-0.47623619779163023,0.23067690830532006,0.6734933813627407,-0.04154998710008454,-0.277730724901641,-1.0840134421507193,-0.7414786365818348,-0.08449351896302966,0.008401344215075922,-0.005040806529042888,0.012001920307249175,0.259748,0.317011,-0.843998,-0.04365399999999997,-0.089788,-0.899216,0.30340199999999995,0.406799,0.05521799999999999,0.0,0.9741780451862615,0.0,1.0,0.0258219548137385,-0.843998
960,4.0,walk,-0.565914,0.183082,0.927208,0.063731,-0.031658,-0.27336,-0.6489080873530509,-0.4770818334533497,0.24358051355892357,0.06782398324818101,0.12517936990627668,-0.19915657104296045,-1.128869690424814,-0.7309815214783135,-0.17998560115191622,0.00599952003838322,0.0059995200383965415,0.015358771298296377,0.25774800000000003,0.31595300000000004,-0.845763,-0.04092499999999999,-0.08777499999999999,-0.900167,0.298673,0.403728,0.05440400000000001,0.0,0.9707558012792159,0.0,1.0,0.029244198720784098,-0.845763
961,4.004167,walk,-0.568624,0.181086,0.928163,0.063109,-0.031637,-0.27286,-0.6503479721622544,-0.4790016798656321,0.22918166546675586,0.2871648124341769,0.05384909059778343,-0.2631578128665505,-1.1509479241661247,-0.8111351091913003,-0.05423566114711166,0.003119750419976326,0.011519078473720827,0.013198944084473724,0.255662,0.314569,-0.8469439999999999,-0.03820199999999996,-0.085731,-0.901067,0.29386399999999996,0.4003,0.05412300000000003,0.0,0.970342972703115,0.0,1.0,0.02965702729688502,-0.8469439999999999
962,4.008333,walk,-0.57124,0.179086,0.929163,0.062305,-0.031777,-0.272529,-0.6279404704751803,-0.4800768122899025,0.24003840614495126,0.35126997835871066,0.15761998986402004,-0.1875174963529301,-1.2592414786364066,-0.8641382621218219,-0.023043686989915026,0.0019203072491615289,0.00960153624579765,0.010561689870378414,0.253032,0.31296900000000005,-0.8480399999999999,-0.035578,-0.083691,-0.9020229999999999,0.28861,0.39666,0.053983,0.0,0.9759961593855042,0.0,1.0,0.024003840614495786,-0.8480399999999999
963,4.0125,walk,-0.573913,0.177125,0.930179,0.060619,-0.031583,-0.272272,-0.6414686825054376,-0.47060235181187426,0.24382049436046635,0.803602797185123,0.12063099201365204,-0.16287115635514646,-1.25557955363577,-0.8392128629710073,-0.10247180225582345,0.004559635229179773,0.006719462443004926,0.00983921286297126,0.250473,0.31143299999999996,-0.849483,-0.03288599999999997,-0.08170200000000001,-0.902998,0.28335899999999997,0.393135,0.05351499999999998,0.0,0.9787376468122522,0.0,1.0,0.02126235318774783,-0.849483
964,4.016667,walk,-0.576609,0.175151,0.931187,0.059105,-0.031491,-0.271766,-0.6469882409407619,-0.4737221022318439,0.2419006479481773,0.7087779869628196,0.13710873533342424,-0.28473186965873565,-1.3045356371490868,-0.8564914806815819,-0.1593472522198292,0.00215982721380517,0.010799136069115773,0.010079193664507389,0.24773300000000004,0.309838,-0.851155,-0.030181000000000013,-0.079683,-0.903964,0.27791400000000005,0.389521,0.052808999999999995,0.0,0.9751182609151356,0.0,1.0,0.02488173908486435,-0.851155
965,4.020833,walk,-0.579168,0.173313,0.932188,0.057375,-0.030928,-0.271695,-0.6142582813250553,-0.4411905904945156,0.24027844455115432,0.8738033049940603,-0.037961068976789594,-0.061689779275474824,-1.325972155544986,-0.8804608737398693,-0.12433989438311224,0.004320691310627686,0.010321651464235424,0.010561689870379833,0.24476800000000004,0.308008,-0.852674,-0.027603999999999962,-0.077802,-0.904921,0.272372,0.38581,0.05224699999999993,0.0,0.974355304031775,0.0,1.0,0.02564469596822505,-0.852674
966,4.025,walk,-0.58174,0.171373,0.933216,0.055632,-0.03124,-0.271601,-0.617230621550177,-0.465562754979523,0.2467002639788473,0.7644514620901997,0.3667218087195785,-0.09330287444837214,-1.3510919126467678,-0.9001679865609253,-0.14326853851689472,0.0016798656107458777,0.010559155267577395,0.01463882889368654,0.24171000000000004,0.306197,-0.854299,-0.025024999999999964,-0.075818,-0.905888,0.266735,0.382015,0.051588999999999996,0.0,0.9697871890760446,0.0,1.0,0.030212810923955447,-0.854299
967,4.029167,walk,-0.584442,0.169535,0.934289,0.05324,-0.030903,-0.271546,-0.6484281257499653,-0.44108471322296383,0.25749940004800564,1.14991387455346,0.15259435619417208,-0.0733350782525572,-1.3794096472282789,-0.9167266618670901,-0.152147828173752,0.0002399808015427889,0.011519078473720827,0.01703863690904761,0.23866400000000004,0.304215,-0.856006,-0.022321999999999953,-0.073932,-0.9068900000000001,0.260986,0.378147,0.05088400000000004,0.0,0.965719218722957,0.0,1.0,0.03428078127704304,-0.856006
968,4.033333,walk,-0.587132,0.167642,0.935167,0.051177,-0.030818,-0.271601,-0.6457033125300488,-0.4543927028324839,0.2107537205952962,0.9656608143003574,0.2296830332150001,-0.01597961313197105,-1.4344695151225422,-0.9548727796448144,-0.13106096975517237,0.0026404224675910027,0.010801728276525908,0.01488238118099003,0.23537799999999998,0.30213,-0.8574299999999999,-0.019621,-0.07199400000000002,-0.907706,0.254999,0.374124,0.0502760000000001,0.0,0.9690370098081442,0.0,1.0,0.030962990191855777,-0.8574299999999999
969,4.0375,walk,-0.589841,0.165945,0.93616,0.049623,-0.030428,-0.271675,-0.6501079913607116,-0.40724742020640303,0.23830093592514207,0.7701668509916858,0.023512985224271418,0.011193661491701161,-1.448524118070617,-0.9378449724022561,-0.15502759779218223,0.0019198464122890248,0.012718982481401468,0.016798656107512314,0.23205099999999995,0.299919,-0.859069,-0.01690400000000003,-0.07024400000000001,-0.908629,0.24895499999999998,0.370163,0.04956000000000005,0.0043999999999999595,0.9647369735406018,0.0043999999999999595,0.9956,0.03526302645939816,-0.859069
970,4.041667,walk,-0.592428,0.16412,0.937097,0.047298,-0.030388,-0.271948,-0.6208303335732116,-0.4379649628029075,0.22486201103907097,1.0821546634409727,0.2906261833352512,0.08752222944330841,-1.4761219102469372,-0.9738420926324277,-0.15166786657065076,0.00071994240460157,0.007679385649147801,0.01511879049675786,0.22848699999999994,0.297686,-0.860638,-0.014314000000000049,-0.06838699999999999,-0.909503,0.242801,0.366073,0.048864999999999936,0.011350000000000027,0.971712335477027,0.011350000000000027,0.98865,0.028287664522973044,-0.860638
971,4.045833,walk,-0.594988,0.162518,0.938199,0.044382,-0.030063,-0.272044,-0.6144983197312073,-0.3845415266442917,0.26452232357180383,1.3914690071275615,0.23119866789825844,-0.0069443371202016066,-1.5468074891983956,-0.950792126740352,-0.17906865098417085,-0.00024003840615190468,0.005280844935191999,0.012241958713394865,0.22460299999999994,0.295327,-0.862486,-0.011755000000000071,-0.06676299999999999,-0.910554,0.236358,0.36209,0.048068,0.019320000000000004,0.9777757330575565,0.019320000000000004,0.98068,0.022224266942443505,-0.862486
972,4.05,walk,-0.597507,0.160741,0.939147,0.041909,-0.030596,-0.272456,-0.6045116390689138,-0.42644588432927333,0.22750179985600963,1.0762675772159305,0.5777989567378089,0.1459571494515613,-1.5713942884569947,-0.9827213822894654,-0.15526757859372167,-0.0023998080153479593,0.004559635229179773,0.005999520038397374,0.220574,0.29300899999999996,-0.864081,-0.009245999999999976,-0.064967,-0.911477,0.22981999999999997,0.35797599999999996,0.047395999999999994,0.026040000000000063,0.9868192488174741,0.026040000000000063,0.9739599999999999,0.01318075118252593,-0.864081
973,4.054167,walk,-0.600008,0.159113,0.940057,0.040126,-0.030599,-0.272729,-0.6001919846412502,-0.39068874490042355,0.21838252939767674,0.8257946554350503,0.24004954079778057,0.09977622849680767,-1.6021118310535791,-0.9892008639309209,-0.1567074634029318,-0.002159827213831814,0.0047996160307192315,0.008639308855292285,0.216399,0.290515,-0.8656440000000001,-0.006754000000000038,-0.063319,-0.912351,0.22315300000000005,0.35383400000000004,0.04670699999999994,0.03292999999999996,0.9831395577086914,0.03292999999999996,0.9670700000000001,0.016860442291308564,-0.8656440000000001
974,4.058333,walk,-0.602603,0.15762,0.940809,0.037744,-0.02997,-0.272734,-0.6228996639461513,-0.35837734037441055,0.18050888142099716,1.1833228780490623,0.020163124875505364,-0.03562533850509326,-1.64426308209292,-1.0127220355255553,-0.14498319731155218,-0.0021603456552867326,0.005040806529042351,0.00888142102736291,0.212144,0.28778899999999996,-0.867,-0.0041679999999999495,-0.06180500000000001,-0.913066,0.21631199999999995,0.349594,0.04606600000000005,0.03934000000000004,0.9826029645502111,0.03934000000000004,0.96066,0.017397035449788878,-0.867
975,4.0625,walk,-0.605051,0.156067,0.941731,0.03556,-0.030102,-0.273106,-0.5874730021598554,-0.3726901847852339,0.22126229901608363,0.9948145438313526,0.3538938209634742,0.1412888739785906,-1.6868250539957592,-1.0011999040077273,-0.17398608111351968,-0.0009599232061445124,0.005759539236860413,0.009359251259899837,0.207563,0.28517,-0.868647,-0.0017239999999999478,-0.06022800000000002,-0.913949,0.20928699999999995,0.345398,0.045302000000000064,0.04698000000000008,0.9816145189431862,0.04698000000000008,0.95302,0.018385481056813813,-0.868647
976,4.066667,walk,-0.607736,0.154525,0.942173,0.036056,-0.030189,-0.273491,-0.6443484521238712,-0.37005039596834316,0.10607151427887536,-0.23681959334748393,-0.016430163190946555,0.20040466919102035,-1.7132229421647065,-1.005039596832292,-0.16918646508280044,-0.0035997120230619037,0.006959443244541054,0.009599232061435132,0.20310900000000004,0.282524,-0.8697940000000001,0.0009460000000000024,-0.058657,-0.914351,0.20216300000000004,0.341181,0.04455699999999996,0.054430000000000034,0.9793483231046586,0.054430000000000034,0.94557,0.02065167689534142,-0.8697940000000001
977,4.070833,walk,-0.610178,0.153086,0.94297,0.033714,-0.030388,-0.273782,-0.5861737878059571,-0.3454152664425835,0.19131060969751076,1.0582020824696687,0.40437556274830033,0.09735341635361723,-1.7414786365816226,-1.0232837253959304,-0.11977916466633043,-0.004800768122877172,0.0036005760921745352,0.00888142102736291,0.19829599999999997,0.2797,-0.8710899999999999,0.0033680000000000376,-0.057203000000000004,-0.915111,0.19492799999999993,0.336903,0.04402100000000009,0.059789999999999954,0.9821354508227377,0.059789999999999954,0.94021,0.017864549177262323,-0.8710899999999999
978,4.075,walk,-0.612743,0.151684,0.943652,0.032272,-0.030429,-0.27393,-0.6155507559395624,-0.3364530837533119,0.1636669066474928,0.6617873839162891,0.21069876038147242,0.045760583645175,-1.776337892968635,-1.0218382529398076,-0.142788576913853,-0.0009599232061445124,-0.0019198464122856943,-0.00431965442764531,0.19345900000000005,0.276844,-0.872367,0.005929000000000073,-0.05580900000000001,-0.915811,0.18752999999999997,0.33265300000000003,0.04344400000000004,0.06556000000000006,0.991960742643693,0.06556000000000006,0.9344399999999999,0.00803925735630695,-0.872367
979,4.079167,walk,-0.615239,0.150293,0.944114,0.031212,-0.03036,-0.274126,-0.5989920806335629,-0.33381329493642115,0.11087113030957128,0.5004338577798677,0.11084653010203963,0.07833216600131485,-1.8135349172067148,-1.0235181185505673,-0.13318934485241787,0.00215982721380517,0.0023998080153579504,0.009599232061435132,0.18839799999999995,0.27397,-0.873384,0.008433999999999942,-0.05440800000000001,-0.916233,0.179964,0.328378,0.042848999999999915,0.07151000000000002,0.9831205920758331,0.07151000000000002,0.92849,0.016879407924166867,-0.873384
980,4.083333,walk,-0.617627,0.148995,0.944951,0.028896,-0.030849,-0.274258,-0.5732117138742789,-0.311569851176218,0.20091214594336124,1.0060265292768042,0.5320237582813685,0.01729651670172191,-1.8571771483438806,-1.0079212674028664,-0.1301008161305914,-0.00024003840612525507,-0.00120019203072288,0.0024003840614499243,0.18304900000000002,0.271069,-0.874763,0.01082100000000008,-0.05311499999999998,-0.91706,0.17222799999999994,0.32418399999999997,0.04229700000000003,0.07702999999999999,0.9955092926226952,0.07702999999999999,0.9229700000000001,0.004490707377304837,-0.874763
981,4.0875,walk,-0.620005,0.147954,0.945171,0.029986,-0.030594,-0.274034,-0.5706743460522181,-0.24982001439880297,0.05279577633788364,-0.4718354516837408,-0.2647332819535748,-0.08861571216447796,-1.8905687544993224,-1.0249580033595522,-0.1159107271418086,-0.0026397888169168286,0.002879769618429593,0.005759539236860019,0.177549,0.26783900000000005,-0.875466,0.013187999999999978,-0.052062,-0.917256,0.16436100000000003,0.319901,0.041789999999999994,0.08209999999999995,0.988400927925754,0.08209999999999995,0.9179,0.011599072074246042,-0.875466
982,4.091667,walk,-0.622468,0.146641,0.945599,0.028896,-0.030744,-0.273968,-0.5910727141828906,-0.31509479241662314,0.10271178305735625,0.48262508505202456,0.21087805923152678,-0.0549121851843839,-1.9210463162947804,-1.0393568514519382,-0.12071034317255254,-0.010079193664504058,0.004079673626107516,0.0031197504199671675,0.17200700000000002,0.264821,-0.876397,0.015608999999999984,-0.050732,-0.917671,0.15639800000000004,0.315553,0.04127400000000003,0.08726000000000006,0.981146270299353,0.08726000000000006,0.9127399999999999,0.018853729700647026,-0.876397
983,4.095833,walk,-0.624955,0.145375,0.945895,0.028421,-0.030472,-0.273976,-0.5969755160826246,-0.30388862217957024,0.07105136821893841,0.2552846371019739,-0.0631880498626245,-0.002309413790160316,-1.9414306289007741,-1.0292846855497728,-0.09673547767643603,-0.007681228996621103,-0.0007201152184323957,0.0052808449351895,0.16640600000000005,0.261799,-0.8770960000000001,0.01806400000000008,-0.049469,-0.917945,0.14834199999999997,0.311268,0.04084899999999991,0.09151000000000004,0.9844180332100188,0.09151000000000004,0.90849,0.01558196678998125,-0.8770960000000001
984,4.1,walk,-0.62733,0.144174,0.946295,0.027654,-0.03042,-0.273756,-0.5699544036477381,-0.2882169426446034,0.09599232061434466,0.358505670729472,0.0726196137274129,-0.12327308306117034,-1.9731221502280736,-1.0299976001920226,-0.06839452843772657,-0.006479481641468798,0.0014398848092134382,0.0055195584353259506,0.16055900000000006,0.25870800000000005,-0.877781,0.020412000000000097,-0.048262,-0.918322,0.14014699999999997,0.30697,0.04054099999999994,0.09458999999999995,0.9856122664198019,0.09458999999999995,0.90541,0.01438773358019807,-0.877781
985,4.104167,walk,-0.629539,0.142976,0.946841,0.026458,-0.030678,-0.273436,-0.5301175905926411,-0.28749700023993374,0.13102951763857812,0.5145824569541566,0.2701805613228934,-0.18384495360155043,-1.989920806335165,-1.0263978881687819,-0.06623470122389395,-0.005519558435323109,-0.00023998080153607695,0.006479481641467416,0.15447599999999995,0.255629,-0.878603,0.022598000000000007,-0.047064999999999996,-0.918841,0.13187799999999994,0.302694,0.040237999999999996,0.09762000000000004,0.9858081793462881,0.09762000000000004,0.90238,0.01419182065371194,-0.878603
986,4.108333,walk,-0.631909,0.141679,0.947252,0.025925,-0.031402,-0.273531,-0.5688910225636779,-0.3113298127700661,0.09865578492558132,0.15181319637375515,0.4057368463356836,0.031509950130580215,-2.0192030724917527,-1.026164186269878,-0.04776764282285324,-0.006481036965914879,0.0019203072491619383,0.006961113778204531,0.14843400000000007,0.252651,-0.879213,0.024941000000000102,-0.045759999999999995,-0.919223,0.12349299999999996,0.298411,0.04000999999999999,0.09989999999999999,0.9838283061838622,0.09989999999999999,0.9001,0.01617169381613781,-0.879213
987,4.1125,walk,-0.634409,0.140467,0.947432,0.025126,-0.031218,-0.273122,-0.5999520038397075,-0.29085673146149416,0.043196544276476415,0.38830507857401203,0.012782953169264873,-0.21717518199399705,-2.041516678665797,-1.024958003359784,-0.024238060955125623,-0.0023998080153746024,0.0019198464122856943,0.004799616030718399,0.14242700000000003,0.24959199999999998,-0.879494,0.027430999999999983,-0.04454000000000001,-0.9193830000000001,0.11499600000000004,0.294132,0.03988900000000006,0.10111000000000009,0.9905012862274599,0.10111000000000009,0.89889,0.00949871377254008,-0.879494
988,4.116667,walk,-0.636645,0.139239,0.947719,0.024857,-0.03157,-0.272964,-0.5365970722342496,-0.29469642428607223,0.06887449004078217,0.07607705175581699,0.1951248955343756,-0.08653744878401212,-2.054475641948734,-1.0295176385889637,-0.004319654427646975,-0.012958963282937596,0.0011999040076806405,-0.001439884809215936,0.13610200000000006,0.24652999999999997,-0.879799,0.029613,-0.043307,-0.9196759999999999,0.10648900000000006,0.28983699999999996,0.03987699999999994,0.10123000000000004,0.9781769892557328,0.10123000000000004,0.89877,0.02182301074426718,-0.879799
989,4.120833,walk,-0.638976,0.138218,0.947883,0.024744,-0.031802,-0.273026,-0.5595295247238742,-0.2450792126739936,0.03936629860778469,0.022418005553324377,0.1229358236812854,0.027011233268358095,-2.066250600095753,-1.0172827652422938,-0.0064810369659134975,0.0,-0.0033605376860293443,0.00648103696591433,0.12982499999999997,0.243313,-0.87999,0.03194399999999997,-0.042300000000000004,-0.919813,0.097881,0.285613,0.03982299999999994,0.10177000000000003,0.9878325281439072,0.10177000000000003,0.89823,0.012167471856092793,-0.87999
990,4.125,walk,-0.641266,0.137049,0.948039,0.024116,-0.032014,-0.272928,-0.5495560355171871,-0.28053755699545396,0.037437005039582694,0.26086050161513114,0.178381076828614,-0.06203035758864758,-2.0890328773698967,-1.0218382529398076,0.015118790496762747,-0.010319174466046847,-0.0002399808015361281,0.009119270458363709,0.12341000000000002,0.24022400000000002,-0.880083,0.03419099999999997,-0.041132,-0.9199309999999999,0.08921900000000005,0.28135600000000005,0.039847999999999995,0.10152,0.9770444846775694,0.10152,0.89848,0.022955515322430564,-0.880083
991,4.129167,walk,-0.643626,0.135737,0.94825,0.024108,-0.033465,-0.272525,-0.5663546916247028,-0.314854811615087,0.050635949124089724,-0.1918230671813194,0.6647874406378858,-0.21135219596954108,-2.1036717062636074,-1.0194384449244598,0.04175665946724299,-0.005519558435324285,0.00119990400767731,0.004799616030717566,0.117004,0.237288,-0.88012,0.036528000000000005,-0.039815,-0.920122,0.08047599999999999,0.277103,0.04000199999999998,0.09998000000000007,0.9876462321322467,0.09998000000000007,0.9000199999999999,0.01235376786775333,-0.88012
992,4.133333,walk,-0.645908,0.134676,0.94842,0.02425,-0.033341,-0.272704,-0.5477676428227798,-0.2546807489197946,0.04080652904464251,-0.04700989188594556,-0.07292692479857418,0.09286319266558747,-2.12313970235209,-1.0338454152663055,0.027844455112815518,0.001200192030732618,-0.003600576092171204,0.0036005760921745352,0.11044100000000001,0.234042,-0.880174,0.038815000000000044,-0.038768999999999984,-0.920277,0.07162599999999997,0.27281099999999997,0.040103,0.09897,0.9912808070420467,0.09897,0.90103,0.008719192957953315,-0.880174
993,4.1375,walk,-0.648179,0.133546,0.948539,0.02396,-0.033657,-0.272579,-0.5449964002879807,-0.27117830573555163,0.028557715382765938,0.09080202451454819,0.18177572173799414,-0.07017528408069953,-2.125749940004878,-1.0316774658027823,0.07775377969762891,-0.005039596832265351,-0.002879769618433537,0.005519558435325118,0.103854,0.230873,-0.879969,0.04106499999999991,-0.037651000000000004,-0.920373,0.0627890000000001,0.268524,0.040403999999999995,0.09595999999999993,0.9866504125523586,0.09595999999999993,0.9040400000000001,0.013349587447641365,-0.879969
994,4.141667,walk,-0.650387,0.13234,0.948707,0.0235,-0.034464,-0.272384,-0.5298776097912646,-0.2894168466522774,0.04031677465801623,0.1039353488476373,0.4296428168710542,-0.111648159996052,-2.1312694984402287,-1.0297576193904932,0.09119270458363542,-0.006239500839926008,-0.005759539236860413,0.002399808015358783,0.09718100000000007,0.227788,-0.879757,0.043247000000000035,-0.036469000000000015,-0.920531,0.05393400000000004,0.264257,0.04077399999999998,0.09226000000000006,0.9852933554828899,0.09226000000000006,0.90774,0.014706644517110123,-0.879757
995,4.145833,walk,-0.652771,0.131213,0.948671,0.023614,-0.0344,-0.272286,-0.5722515602496713,-0.27052328372542156,-0.008641382621202072,-0.04555775196731843,-0.04599496187766937,-0.04614850200506971,-2.1406625060011253,-1.0196831493039764,0.12025924147864646,-0.008881421027353977,-0.0031204992798848185,-0.0016802688430150303,0.09064700000000003,0.22466699999999998,-0.87922,0.04559400000000002,-0.035355,-0.920502,0.04505300000000001,0.260022,0.04128200000000004,0.08718000000000004,0.9840625825835958,0.08718000000000004,0.91282,0.015937417416404198,-0.87922
996,4.15,walk,-0.655048,0.130163,0.948601,0.02399,-0.034093,-0.272348,-0.5464362850970943,-0.25197984161262765,-0.016798656107512064,-0.132520435812249,-0.18981895297574697,0.04038483696235228,-2.1540676745856953,-1.0225581953441913,0.14014878809692904,-0.0011999040076870456,0.0009599232061443078,0.0026397888168943487,0.08394799999999991,0.22145600000000001,-0.8785660000000001,0.047865999999999964,-0.034301,-0.920421,0.03608199999999995,0.255757,0.041854999999999976,0.08144999999999997,0.9949092384363769,0.08144999999999997,0.91855,0.005090761563623092,-0.8785660000000001
997,4.154167,walk,-0.657265,0.129022,0.948709,0.023806,-0.034695,-0.272047,-0.5320374370050698,-0.27381809455244904,0.02591792656587519,0.002072522700601522,0.2972105695690855,-0.15783868613230942,-2.1588672906168234,-1.0203983681306041,0.1545476361891133,-0.004079673626120838,-0.0002399808015361281,0.004559635229181438,0.07716900000000004,0.21834499999999998,-0.87803,0.050065999999999944,-0.033160999999999996,-0.92051,0.0271030000000001,0.251506,0.04248000000000007,0.07519999999999999,0.9897949357473899,0.07519999999999999,0.9248000000000001,0.010205064252610141,-0.87803
998,4.158333,walk,-0.659481,0.127792,0.948861,0.023406,-0.035545,-0.272304,-0.5319251080173238,-0.29524723955835486,0.03648583773402353,0.07680480204341167,0.44904325349458435,0.11451258731355891,-2.1677868458955176,-1.024243879020716,0.16946711473837114,0.000720115218455714,-0.005040806529046756,-0.002880460873739576,0.07035400000000003,0.21530800000000003,-0.8774759999999999,0.052285000000000026,-0.031951999999999994,-0.920674,0.018069,0.24726000000000004,0.04319800000000007,0.06802000000000002,0.9902495938494457,0.06802000000000002,0.93198,0.009750406150554336,-0.8774759999999999
999,4.1625,walk,-0.661816,0.12672,0.948671,0.024507,-0.035646,-0.272315,-0.5603551715862929,-0.25725941924646956,-0.04559635229179773,-0.521365423782883,-0.09659336072929688,0.02716740913251338,-2.159347252219936,-1.0213582913367487,0.18886489080874297,-0.005279577633808139,-0.004079673626107516,0.005279577633789822,0.06369099999999994,0.21212399999999998,-0.876499,0.054597999999999924,-0.030896999999999994,-0.920462,0.009093000000000018,0.243021,0.043962999999999974,0.06036999999999998,0.9858194561225034,0.06036999999999998,0.93963,0.014180543877496565,-0.876499
1000,4.166667,walk,-0.664024,0.125585,0.948629,0.024114,-0.03583,-0.272251,-0.529877609791125,-0.2723782097431742,-0.010079193664528552,0.15641600036595957,0.1351427400721569,-0.04115948729803924,-2.1641468682501706,-1.0218382529395897,0.20494360451160323,0.0,-0.004319654427646055,0.0043196544276443895,0.05688099999999996,0.209001,-0.8756029999999999,0.05680599999999991,-0.02978,-0.9204019999999999,7.500000000004725e-05,0.238781,0.04479900000000003,0.05201000000000011,0.9898184768727653,0.05201000000000011,0.9479899999999999,0.010181523127234748,-0.8756029999999999
1001,4.170833,walk,-0.666286,0.124372,0.948634,0.024898,-0.037244,-0.272347,-0.5429668747000184,-0.29116658665388906,0.0012001920307328738,-0.5461275969700348,0.5529073119939708,0.05461905993454038,-2.156985117619002,-1.0216034565531251,0.22875660105618936,-0.0016802688430100335,-0.004080652904465788,0.005760921747479985,0.05015700000000001,0.20595800000000003,-0.874655,0.05906100000000003,-0.028584,-0.920383,0.008904000000000023,0.23454200000000003,0.04572799999999999,0.04271999999999998,0.9879050916483993,0.04271999999999998,0.95728,0.012094908351600653,-0.874655
1002,4.175,walk,-0.668427,0.123435,0.948564,0.024574,-0.035887,-0.272479,-0.5137988960883241,-0.22486201103912556,-0.016798656107515644,0.3294712965121908,-0.5824723785969209,0.06844276473010188,-2.1593472522199093,-1.004559635229233,0.25173986081114524,-0.0014398848092034469,-0.005279577633788157,0.002639788816894911,0.043300000000000005,0.20270899999999997,-0.873536,0.06119600000000003,-0.027669,-0.920302,0.017896000000000023,0.23037799999999997,0.046765999999999974,0.03233999999999998,0.9898736189895492,0.03233999999999998,0.96766,0.010126381010450825,-0.873536
1003,4.179167,walk,-0.670747,0.122049,0.948698,0.024717,-0.038088,-0.272726,-0.5567554595632577,-0.3326133909287405,0.03215742740582784,-0.3514249335828738,1.0023180554341538,0.11111460390681392,-2.152867770578467,-1.0232781377490243,0.25125989920807634,0.015598752099828344,-0.006719462443004926,0.018958483321335803,0.03664899999999993,0.19983099999999998,-0.872623,0.063581,-0.026311,-0.9203570000000001,0.026932000000000067,0.226142,0.047734000000000054,0.022660000000000013,0.9575769869698513,0.022660000000000013,0.97734,0.042423013030148726,-0.872623
1004,4.183333,walk,-0.672946,0.120939,0.948698,0.024062,-0.037716,-0.272756,-0.5278444551127622,-0.26644263082089564,0.0,0.3517085026836025,-0.08591473403003808,0.0033978464592232687,-2.1766682669224076,-1.00816130580879,0.2539606337013557,-0.016322611617872993,-0.0045607297167552996,0.009121459433508101,0.02978000000000003,0.196741,-0.871565,0.06571199999999999,-0.025220000000000006,-0.920319,0.035931999999999964,0.22196100000000002,0.048753999999999964,0.012460000000000082,0.9679224495352647,0.012460000000000082,0.9875399999999999,0.03207755046473526,-0.871565
1005,4.1875,walk,-0.675225,0.119712,0.948631,0.024745,-0.038745,-0.272883,-0.5469162467002697,-0.2944564434845361,-0.01607871370291392,-0.44853868317100004,0.38839538070634,0.07136633631517357,-2.1600671946245376,-1.0170386369090985,0.2927765778737865,-0.015598752099828344,-0.003359731221502463,0.011039116870650236,0.023057999999999912,0.19373,-0.870278,0.06792599999999993,-0.024007,-0.920206,0.04486800000000002,0.217737,0.04992799999999997,0.0007199999999999429,0.9676619005988416,0.0007199999999999429,0.9992800000000001,0.03233809940115839,-0.870278
1006,4.191667,walk,-0.677519,0.11869,0.948532,0.024868,-0.037528,-0.27312,-0.5505159587233317,-0.24526037916967647,-0.02375809935204338,0.10681078293364771,-0.5741885398923536,0.12893136726127633,-2.165826733861378,-1.0184785217183152,0.28869690424767236,0.008399328053757822,-0.0016798656107495662,0.0019198464122873594,0.01632699999999998,0.19050799999999996,-0.8689760000000001,0.07025499999999996,-0.022992,-0.920099,0.053927999999999976,0.21349999999999997,0.05112299999999992,0.0,0.9853696974976597,0.0,1.0,0.01463030250234032,-0.8689760000000001
1007,4.195833,walk,-0.679739,0.117524,0.948492,0.024851,-0.037799,-0.273373,-0.5328852616417913,-0.279884781565013,-0.009601536245807644,-0.02411155113294021,0.13174404074830887,0.12392360431808754,-2.157225156024667,-1.015122419586994,0.2933269323091304,0.001200192030732618,-0.007441190590494261,0.004080652904464085,0.009560000000000013,0.18744499999999997,-0.867714,0.07247999999999999,-0.021857,-0.920042,0.06291999999999998,0.209302,0.05232800000000004,0.0,0.9857148575201166,0.0,1.0,0.01428514247988344,-0.867714
1008,4.2,walk,-0.682083,0.116339,0.948523,0.025632,-0.038586,-0.273638,-0.5625149988001248,-0.2843772498200287,0.0074394048476133096,-0.46014050070459916,0.2659302691988477,0.14365500931885167,-2.1399088072955292,-1.0134389248860498,0.3153347732181559,-0.0026397888168907483,0.0007199424046083842,-0.002399808015358783,0.002986999999999962,0.18440700000000002,-0.866431,0.07481300000000002,-0.020668999999999993,-0.920083,0.07182600000000006,0.205076,0.05365200000000003,0.0,0.9939341849099704,0.0,1.0,0.006065815090029569,-0.866431
1009,4.204167,walk,-0.684318,0.115124,0.94852,0.025132,-0.038862,-0.273948,-0.5363570914327067,-0.29157667386610253,-0.0007199424046017234,0.19897580211199783,0.1983584303881426,0.1417141065216285,-2.126949844012565,-0.9964002879770048,0.3218142548596247,0.001199904007660658,-0.006479481641468798,0.030237580993522164,-0.0036410000000000053,0.18147000000000002,-0.865087,0.07705299999999993,-0.019481,-0.919954,0.08069399999999993,0.20095100000000002,0.054867,0.0,0.9484211833881189,0.0,1.0,0.05157881661188113,-0.865087
1010,4.208333,walk,-0.686595,0.114089,0.948296,0.026955,-0.038553,-0.274184,-0.5465674507921636,-0.24843975036007923,-0.05376860297648097,-0.7969382440756062,-0.37746989364298744,0.1602548196462641,-2.1296207393184576,-0.9836773883822302,0.34565530484880574,0.007201152184370593,-0.015842534805572666,0.007201152184349773,-0.010236000000000023,0.17840699999999998,-0.863423,0.07935999999999999,-0.018512,-0.9197000000000001,0.08959600000000001,0.19691899999999998,0.05627700000000002,0.0,0.9686109053513445,0.0,1.0,0.03138909464865547,-0.863423
1011,4.2125,walk,-0.688746,0.112915,0.94856,0.026109,-0.038843,-0.274686,-0.5161987041035886,-0.28173746100307123,0.06335493160544438,0.35943725336413546,0.25396344946894656,0.22939465612856835,-2.100551955843183,-0.9880009599230363,0.3628509719221853,-0.0057595392368658465,-0.007439404847608394,0.005759539236860019,-0.01683800000000002,0.175464,-0.8621749999999999,0.08148699999999998,-0.017368999999999996,-0.91994,0.098325,0.19283299999999998,0.057765000000000066,0.0,0.9816145189431876,0.0,1.0,0.01838548105681237,-0.8621749999999999
1012,4.216667,walk,-0.690973,0.111822,0.948586,0.025683,-0.038603,-0.274852,-0.5344372450204178,-0.2622990160787249,0.006239500839952652,0.23077595455205166,-0.05190032996528103,0.07501143212384168,-2.0976721862251977,-0.9788816894648873,0.36189104871611816,0.01103911687064857,-0.0007199424046083842,-0.0011999040076789752,-0.02335200000000004,0.172478,-0.860693,0.08375999999999995,-0.016279000000000002,-0.9199710000000001,0.10711199999999999,0.188757,0.05927800000000005,0.0,0.9814542466692779,0.0,1.0,0.01854575333072206,-0.860693
1013,4.220833,walk,-0.693282,0.11062,0.948548,0.026587,-0.038884,-0.275261,-0.5542486797888114,-0.28852616418629473,-0.009121459433532531,-0.4481742329763678,0.018150650425956667,0.22204658798637428,-2.100816130581055,-0.9649543927029145,0.36965914546330336,0.003360537686020067,-0.008881421027367302,0.004800768122899849,-0.029795000000000016,0.16965999999999998,-0.859115,0.08608299999999991,-0.015114000000000002,-0.919913,0.11587799999999993,0.184774,0.06079800000000002,0.0,0.9822658343260519,0.0,1.0,0.017734165673948143,-0.859115
1014,4.225,walk,-0.69552,0.109415,0.948749,0.026307,-0.039365,-0.275832,-0.5370770338373351,-0.2891768658507446,0.04823614110871512,0.07390598407813669,0.26923987562757945,0.275043369045451,-2.0715142788578063,-0.965682745380407,0.36789056875451803,0.004079673626120838,-0.006719462443004926,0.002159827213822655,-0.03618900000000003,0.16684100000000002,-0.857783,0.08833800000000003,-0.013937000000000005,-0.920105,0.12452700000000005,0.180778,0.06232199999999999,0.0,0.9864128567702785,0.0,1.0,0.013587143229721543,-0.857783
1015,4.229167,walk,-0.697968,0.10834,0.948615,0.027265,-0.039118,-0.276069,-0.5874730021597302,-0.2579793616510229,-0.032157427405794345,-0.40532465994719186,-0.23604328539153435,0.14167728827881512,-2.0537556995436814,-0.9628029757617815,0.3717302615790102,0.004799616030721539,-0.009839212862969163,0.0009599232061434751,-0.042298999999999976,0.163904,-0.8561,0.09080600000000005,-0.012903000000000012,-0.919967,0.13310500000000003,0.176807,0.06386700000000001,0.0,0.9816842602322127,0.0,1.0,0.01831573976778733,-0.8561
1016,4.233333,walk,-0.700117,0.10718,0.948761,0.027355,-0.039968,-0.276895,-0.5158425348055993,-0.27844455112820454,0.035045607297165396,-0.14221844929032051,0.39577212871086276,0.40767483079754646,-2.0484877580414587,-0.9567930868939764,0.38286125780127833,0.012241958713400693,-0.007921267402783,0.002880460873740409,-0.04868400000000006,0.161078,-0.8546509999999999,0.09300600000000003,-0.011775999999999995,-0.920101,0.1416900000000001,0.172854,0.06545000000000001,0.0,0.975228315601828,0.0,1.0,0.02477168439817201,-0.8546509999999999
1017,4.2375,walk,-0.702496,0.106031,0.948722,0.028607,-0.040734,-0.277504,-0.5709143268538825,-0.27573794096473475,-0.009359251259902335,-0.670017617994571,0.19913275605731695,0.32703147026916285,-2.031917446604365,-0.9546436285097584,0.38612910967124375,-0.0023998080153746024,-0.017038636909048444,0.00983921286297126,-0.05477200000000004,0.15824900000000003,-0.853003,0.09537499999999999,-0.010698,-0.920021,0.15014700000000003,0.168947,0.06701800000000002,0.0,0.9669644830863011,0.0,1.0,0.03303551691369888,-0.853003
1018,4.241667,walk,-0.704823,0.104948,0.948618,0.02943,-0.040584,-0.27809,-0.5584353251740038,-0.25989920806336697,-0.02495800335973068,-0.3501304409185664,-0.16696870324456922,0.3130378624922666,-2.01631869450451,-0.9373650107991838,0.38036957043438335,0.006479481641468798,-0.008879289656826748,0.002399808015358783,-0.060846999999999984,0.155426,-0.8513139999999999,0.09772899999999995,-0.009651999999999994,-0.9199069999999999,0.15857599999999994,0.165078,0.06859300000000002,0.0,0.9812483670590664,0.0,1.0,0.018751632940933627,-0.8513139999999999
1019,4.245833,walk,-0.707168,0.103805,0.94872,0.029049,-0.041299,-0.278292,-0.5628900624099201,-0.2743638982236803,0.02448391742679617,0.0828469285726133,0.3844851792852937,0.08577800447588381,-2.011041766682399,-0.9414306289004934,0.3771003360537188,0.0038406144983230577,-0.015602496399424097,0.008641382621218552,-0.06687999999999994,0.15264700000000003,-0.849845,0.10009000000000001,-0.008573999999999998,-0.919973,0.16696999999999995,0.161221,0.07012800000000008,0.0,0.9695925033354771,0.0,1.0,0.030407496664522915,-0.849845
1020,4.25,walk,-0.709307,0.102806,0.949048,0.027968,-0.040881,-0.279129,-0.5133189344852651,-0.23974082073435218,0.07871370290377008,0.567372005174422,-0.032528425753777596,0.3956378273850267,-1.9985601151908765,-0.9380849532037855,0.3772498200144137,0.004559635229179773,-0.012958963282937596,0.003119750419966335,-0.07306899999999994,0.149737,-0.848601,0.102248,-0.007628999999999997,-0.920288,0.17531699999999995,0.157366,0.07168699999999995,0.0,0.9765208221399269,0.0,1.0,0.02347917786007314,-0.848601
1021,4.254167,walk,-0.711653,0.101658,0.94894,0.029573,-0.04267,-0.279832,-0.5629949604031836,-0.2754979601631986,-0.02591792656587519,-0.9690606211684811,0.6243337323766641,0.37539312280622034,-1.9839212862971927,-0.9330453563715402,0.36885049196066255,0.005039596832265351,-0.011999040076793083,0.0028797696184302067,-0.07899,0.146997,-0.846956,0.10461500000000001,-0.006530999999999995,-0.920168,0.18360500000000002,0.153528,0.07321199999999994,0.0,0.9777846667034593,0.0,1.0,0.022215333296540685,-0.846956
1022,4.258333,walk,-0.71398,0.100548,0.948946,0.029023,-0.042989,-0.280301,-0.5585693710992934,-0.26644263082089564,0.0014402304368578219,0.2179727722580501,0.23010206437642475,0.21805054326906695,-1.9527124339891775,-0.9373499759960319,0.3610177628420043,0.005760921747457937,-0.009841574651942842,0.0024003840614494126,-0.08479800000000004,0.144202,-0.8454579999999999,0.1069659999999999,-0.005461999999999995,-0.920164,0.19176399999999993,0.149664,0.07470600000000005,0.0,0.9805773146200578,0.0,1.0,0.019422685379942184,-0.8454579999999999
1023,4.2625,walk,-0.716373,0.099482,0.949113,0.02893,-0.043479,-0.28086,-0.5742740580754017,-0.2558195344372561,0.040076793856500086,-0.014152344149943673,0.249497758088303,0.2730418781209141,-1.9517638588913915,-0.9284857211423471,0.33765298776099584,0.013678905687565962,-0.011759059275260286,0.003359731221502463,-0.09053800000000001,0.141399,-0.844218,0.10941600000000007,-0.0044450000000000045,-0.9203169999999999,0.19995400000000008,0.14584400000000003,0.07609899999999992,0.0,0.9694187907309285,0.0,1.0,0.030581209269071485,-0.844218
1024,4.266667,walk,-0.718689,0.098409,0.948992,0.029531,-0.043565,-0.281537,-0.5557955363571131,-0.257499400048009,-0.029037676985851517,-0.2769698423607562,-0.027447210135197034,0.3525319184830929,-1.935685145188451,-0.9284857211423537,0.3534917206623637,-0.0088792896568434,-0.015358771298295546,0.008399328053756157,-0.09628799999999993,0.138603,-0.8426239999999999,0.11169499999999999,-0.0034359999999999946,-0.9201609999999999,0.20798299999999992,0.142039,0.07753699999999997,0.0,0.9672856490733769,0.0,1.0,0.032714350926623115,-0.8426239999999999
1025,4.270833,walk,-0.721021,0.097351,0.949087,0.029276,-0.043776,-0.28221,-0.5597695631301454,-0.25396063370141314,0.022803648583791355,0.10001238115791299,0.1452422927890269,0.32826341529104397,-1.9152664426309893,-0.9092654824772717,0.3238118098896054,-0.001440230436858129,-0.013682189150265485,0.003840614498320545,-0.101935,0.135873,-0.8413700000000001,0.11402100000000004,-0.0024349999999999927,-0.9202400000000001,0.21595600000000004,0.138308,0.07887,0.0,0.9761936701123184,0.0,1.0,0.02380632988768161,-0.8413700000000001
1026,4.275,walk,-0.72333,0.096263,0.94915,0.029273,-0.044916,-0.282957,-0.5541156707462488,-0.2610991120709886,0.015118790496766185,-0.14117469791323392,0.5407631241652215,0.36433571723389796,-1.8814494840409515,-0.8980081593471007,0.3477321814254291,-0.004079673626119969,-0.013438924886006986,0.0050395968322526205,-0.10746599999999995,0.13321899999999998,-0.8399840000000001,0.116313,-0.0014030000000000015,-0.920282,0.22377899999999995,0.134622,0.08029799999999998,0.0,0.9751311230194218,0.0,1.0,0.02486887698057816,-0.8399840000000001
1027,4.279167,walk,-0.725598,0.095256,0.949153,0.029251,-0.045208,-0.28355,-0.544276457883379,-0.2416606671466412,0.0007199424046017234,-0.019415863105306193,0.14960503298838543,0.29364998015493027,-1.8699304055676451,-0.8970482361411476,0.31461483081355085,-0.0023998080153479593,-0.00983921286297126,0.004799616030717566,-0.11299000000000003,0.130488,-0.838676,0.11857099999999998,-0.00043699999999999295,-0.920265,0.23156100000000002,0.130925,0.08158900000000002,0.0,0.9813210232320079,0.0,1.0,0.018678976767992128,-0.838676
1028,4.283333,walk,-0.727882,0.094381,0.949209,0.029467,-0.045259,-0.284138,-0.5482477196352004,-0.2100336053768738,0.013442150744106918,-0.0960344343197144,0.0062676454045772064,0.29915520720109473,-1.8763802208354734,-0.9116658665387174,0.30196831493041165,-0.0009601536245809691,-0.008401344215076817,0.0045607297167546065,-0.11852299999999993,0.12756499999999998,-0.8374739999999999,0.12085100000000004,0.0004029999999999867,-0.920302,0.23937399999999998,0.127162,0.08282800000000001,0.0,0.9839874411136229,0.0,1.0,0.016012558886377093,-0.8374739999999999
1029,4.2875,walk,-0.73015,0.093341,0.949216,0.028785,-0.045811,-0.284759,-0.544276457883379,-0.24958003359732675,0.001679865610746236,0.24886736889435646,0.3595338298628168,0.28860722030892844,-1.8454523638109999,-0.9044876409887609,0.28245740340773967,0.0035997120230352605,-0.009599232061435132,-0.00023998080153529548,-0.12394500000000008,0.12483600000000002,-0.8363039999999999,0.12313399999999997,0.0014030000000000015,-0.92031,0.24707900000000005,0.12343300000000001,0.08400600000000003,0.0,0.9829086788103196,0.0,1.0,0.017091321189680375,-0.8363039999999999
1030,4.291667,walk,-0.732499,0.092354,0.949227,0.029544,-0.046508,-0.285498,-0.5637149028076919,-0.23686105111586814,0.0026397888169168286,-0.43149195892405184,0.23273742292040878,0.38438278535038,-1.8296136309092121,-0.8932085433163858,0.2776577873769646,0.00863930885529877,-0.012239020878326602,-0.004799616030717376,-0.12922,0.122101,-0.8351580000000001,0.12551900000000005,0.002338999999999994,-0.9203410000000001,0.25473900000000005,0.11976200000000001,0.08518300000000001,0.0,0.9737814948938902,0.0,1.0,0.02621850510610979,-0.8351580000000001
1031,4.295833,walk,-0.734883,0.091432,0.948902,0.030112,-0.04673,-0.285746,-0.5722515602496713,-0.22131541046569353,-0.07801248199713046,-0.28723905362110475,0.029916524839341808,0.13742843714504283,-1.8086893903025818,-0.8941430628901347,0.2597215554488923,0.006481036965914879,-0.006481036965914879,-0.00024003840614440948,-0.13437100000000002,0.119298,-0.833751,0.12793,0.0032340000000000008,-0.920017,0.262301,0.116064,0.08626599999999995,0.0,0.9847188116060288,0.0,1.0,0.01528118839397119,-0.833751
1032,4.3,walk,-0.737185,0.090555,0.948885,0.030254,-0.046136,-0.286093,-0.5524358051356206,-0.2104631629469745,-0.004079673626120838,0.022888987661723186,-0.28541572524263903,0.1820753340705792,-1.7825773938085743,-0.8987281017519004,0.2550995920326477,0.003119750419949683,-0.003599712023038591,0.0009599232061436797,-0.13949699999999998,0.11643,-0.8326709999999999,0.13024499999999994,0.004096000000000002,-0.9199959999999999,0.2697419999999999,0.112334,0.08732499999999999,0.0,0.9919012652062742,0.0,1.0,0.008098734793725804,-0.8326709999999999
1033,4.304167,walk,-0.73937,0.089617,0.949016,0.02857,-0.04685,-0.286572,-0.5243580513559136,-0.22510199184066168,0.03143748500119947,0.6839224425332489,0.5688059832459624,0.1895708090469102,-1.7832973362132027,-0.8675305975522372,0.22030237580994577,0.0004799616030855778,-0.0016798656107495662,-0.001439884809215936,-0.14474300000000007,0.11375299999999999,-0.831884,0.132432,0.005027000000000004,-0.920133,0.27717500000000006,0.10872599999999999,0.08824900000000002,0.0,0.9962267094104209,0.0,1.0,0.0037732905895790925,-0.831884
1034,4.308333,walk,-0.741722,0.088755,0.948731,0.030605,-0.047169,-0.287228,-0.5645703312529298,-0.20691310609694819,-0.06841094575130617,-0.9673495374566868,-0.11830502740106472,0.3804552166755652,-1.7450792126737937,-0.8653384541525478,0.21795487277961698,0.0,-0.0045607297167552996,-0.0016802688430146721,-0.14966100000000004,0.11101,-0.830691,0.13478400000000001,0.00587,-0.919855,0.28444500000000006,0.10514,0.08916400000000002,0.0,0.9918993211988643,0.0,1.0,0.008100678801135741,-0.830691
1035,4.3125,walk,-0.744031,0.087735,0.948571,0.030374,-0.048359,-0.287725,-0.5541156707463669,-0.24478041756660754,-0.038396928245727206,-0.049750790777242794,0.5898628765904481,0.23323293699403339,-1.7240220782338125,-0.8617710583153767,0.21358291336693752,0.0007199424046017234,-0.004079673626110847,-0.0014398848092151033,-0.154536,0.108439,-0.8296410000000001,0.137096,0.006873000000000004,-0.9197010000000001,0.291632,0.10156599999999999,0.09006000000000003,0.0,0.9926903180215597,0.0,1.0,0.0073096819784402856,-0.8296410000000001
1036,4.316667,walk,-0.74636,0.086769,0.948484,0.030199,-0.0492,-0.288176,-0.5589152867770895,-0.2318214542836666,-0.020878329733636482,-0.02789533796946819,0.42064801026480236,0.2145087958925513,-1.6966642668587337,-0.8665706743460859,0.20230381569475617,-0.00047996160305893454,-0.0009599232061445124,-0.0007199424046075517,-0.159277,0.10579400000000001,-0.828711,0.13942300000000007,0.007834999999999995,-0.919617,0.2987000000000001,0.09795900000000002,0.09090600000000004,0.0,0.9978461063886419,0.0,1.0,0.002153893611358093,-0.828711
1037,4.320833,walk,-0.748651,0.085878,0.948271,0.030466,-0.049566,-0.288619,-0.5499279884780665,-0.21387421987515207,-0.051128180508879066,-0.16502491849043732,0.14123485479524336,0.22655546226273637,-1.696831493038657,-0.8403744599134746,0.16442630820928933,0.004560729716751968,0.0002400384061451911,-0.0038406144983188935,-0.16405500000000006,0.10318400000000001,-0.827813,0.141733,0.008726999999999999,-0.91942,0.30578800000000006,0.09445700000000001,0.091607,0.0,0.9900545664149059,0.0,1.0,0.009945433585094143,-0.827813
1038,4.325,walk,-0.750947,0.085112,0.948021,0.030625,-0.049932,-0.288792,-0.5509959203264172,-0.18382529397649094,-0.059995200383965414,-0.12064211415265311,0.15021542178419447,0.08845014511486725,-1.6709863210943747,-0.8548116150708357,0.15118790496761084,0.002879769618433537,0.003359731221502463,0.005759539236861246,-0.16872199999999993,0.100388,-0.826933,0.14404100000000009,0.009507000000000002,-0.919146,0.312763,0.090881,0.09221299999999999,0.0,0.9878947716579277,0.0,1.0,0.012105228342072283,-0.826933
1039,4.329167,walk,-0.753214,0.084175,0.947868,0.030719,-0.050571,-0.289601,-0.5440364770818629,-0.22486201103912556,-0.03671706263498097,-0.11642668698848799,0.298674038214853,0.40285759207589517,-1.6654667626590771,-0.8238540916727017,0.12215022798176597,0.005039596832238707,0.006719462443004926,0.004079673626110014,-0.17339499999999997,0.097892,-0.8262710000000001,0.14632900000000004,0.010471999999999995,-0.918976,0.319724,0.08742000000000001,0.09270499999999993,0.0,0.984437183858629,0.0,1.0,0.015562816141371005,-0.8262710000000001
1040,4.333333,walk,-0.755483,0.083353,0.947722,0.031004,-0.051519,-0.290026,-0.5446471435430017,-0.1973115698511926,-0.03504560729719205,-0.25497854152523175,0.4060094641617948,0.214131267939969,-1.63370139222288,-0.8252520403265168,0.11617858857418067,0.004320691310601036,-0.00024003840614524228,-0.0014402304368706209,-0.17793199999999998,0.09527600000000001,-0.825641,0.14861599999999997,0.011292999999999997,-0.918836,0.32654799999999995,0.08398300000000002,0.09319500000000003,0.0,0.9923987838054221,0.0,1.0,0.0076012161945778756,-0.825641
1041,4.3375,walk,-0.757756,0.082492,0.947474,0.030708,-0.051778,-0.290551,-0.5454763618909501,-0.20662347012235577,-0.059515238780867154,0.11018189538218297,0.1718032509721455,0.25232868625221594,-1.6225101991837976,-0.8190544756418113,0.11135109191262979,0.004079673626119969,0.0011999040076803847,0.0009599232061434751,-0.18242000000000003,0.09272400000000001,-0.824929,0.15090599999999998,0.012159000000000003,-0.9185840000000001,0.333326,0.08056500000000001,0.09365500000000004,0.0,0.9927342204125169,0.0,1.0,0.00726577958748309,-0.824929
1042,4.341667,walk,-0.76015,0.08162,0.947131,0.030991,-0.053011,-0.290734,-0.5745140388769178,-0.20926325893929387,-0.08231341492683199,-0.29907051316846195,0.5316781761431625,0.09128487449001985,-1.5939524838013774,-0.8130549556035893,0.06791456683465764,0.004319654427636984,0.004319654427646975,0.0004799616030722562,-0.18666800000000006,0.09020800000000001,-0.8243029999999999,0.15331799999999995,0.013049000000000005,-0.9182389999999999,0.339986,0.077159,0.09393600000000002,0.0,0.9897871007641048,0.0,1.0,0.01021289923589519,-0.8243029999999999
1043,4.345833,walk,-0.762401,0.080717,0.94685,0.030976,-0.053578,-0.29111,-0.5403264522324007,-0.21675468074893725,-0.0674507921267398,-0.06485132461931821,0.2712863915218878,0.1837762502960928,-1.5794527124340951,-0.8163706192991561,0.05832933269323391,0.006240998559789624,0.004560729716752941,0.0033605376860300607,-0.19099699999999997,0.08771,-0.8237789999999999,0.15559500000000004,0.013970999999999997,-0.917944,0.346592,0.073739,0.09416500000000005,0.0,0.9859521124451043,0.0,1.0,0.014047887554895722,-0.8237789999999999
1044,4.35,walk,-0.764672,0.079965,0.946513,0.032284,-0.053925,-0.291489,-0.5449964002880073,-0.18046556275498848,-0.08087353011757525,-0.6407408053309019,-0.013518348817899808,0.22714958791794423,-1.5392368610511935,-0.8080153587713307,0.03551715862731032,0.004079673626094195,-0.007919366450682235,-0.002399808015358783,-0.19513999999999998,0.08509500000000002,-0.8232940000000001,0.157883,0.014690000000000009,-0.917617,0.353023,0.07040500000000001,0.09432299999999993,0.0,0.9846233239047089,0.0,1.0,0.015376676095291142,-0.8232940000000001
1045,4.354167,walk,-0.766831,0.079279,0.946311,0.032424,-0.053709,-0.29184,-0.5181185505158772,-0.16462682985358226,-0.048476121910247576,-0.026383543689215028,-0.11051496193866998,0.1817633421460821,-1.5351571874247456,-0.7760979121669002,0.01775857931365304,-0.0057595392368658465,-0.0033597312215017465,-0.012479001679863511,-0.19937799999999994,0.082547,-0.823018,0.160018,0.015362,-0.917467,0.35939599999999994,0.067185,0.094449,0.0,0.9764188417358872,0.0,1.0,0.023581158264112778,-0.823018
1046,4.358333,walk,-0.769008,0.078499,0.946231,0.032109,-0.053852,-0.292531,-0.5225636101776661,-0.18722995679310242,-0.019203072491592733,0.13885820149036243,0.1257994184337021,0.33554269022101224,-1.514882381181125,-0.776284205472934,-0.0016802688430133648,0.006240998559789624,0.003600576092175303,0.00360057609217447,-0.20351200000000003,0.08009300000000001,-0.822945,0.16222100000000006,0.016157000000000005,-0.9173720000000001,0.3657330000000001,0.063936,0.09442700000000004,0.0,0.9865754826887541,0.0,1.0,0.013424517311245943,-0.822945
1047,4.3625,walk,-0.771518,0.077661,0.945818,0.032683,-0.054472,-0.292693,-0.602351811855082,-0.2011039116870755,-0.09911207103432099,-0.34734560912206514,0.2085397013261674,0.09407577361847813,-1.4970002399808617,-0.7811375089993177,-0.022798176145912185,0.011759059275250294,0.015358771298295546,0.013438924886009852,-0.20723999999999998,0.07767600000000001,-0.822627,0.16478000000000004,0.017059000000000005,-0.916903,0.37202,0.060617000000000004,0.09427600000000003,0.0,0.9607440014164852,0.0,1.0,0.039255998583514806,-0.822627
1048,4.366667,walk,-0.773831,0.076931,0.945284,0.033595,-0.054895,-0.293277,-0.5550755939525114,-0.17518598512119699,-0.1281497480201725,-0.4654724043834792,0.08088962961651376,0.3176517047452103,-1.486201103911756,-0.761219102471839,-0.04727621790256728,0.004559635229179773,0.005759539236860413,0.003599712023038591,-0.21111999999999997,0.075234,-0.82229,0.16711200000000004,0.017812999999999996,-0.916354,0.378232,0.057421,0.09406400000000004,0.0,0.9863658422933712,0.0,1.0,0.013634157706628791,-0.82229
1049,4.370833,walk,-0.776375,0.076119,0.944869,0.034807,-0.055877,-0.293767,-0.6106577052327532,-0.19491118578969863,-0.09961593855016769,-0.6844183607540041,0.29358295938836027,0.2759671341240686,-1.4755160825730174,-0.7498799807968242,-0.07849255880940087,0.004560729716751968,0.005760921747481255,0.001440230436869481,-0.214723,0.072922,-0.822202,0.16967500000000002,0.018649,-0.915933,0.384398,0.054273,0.09373100000000001,0.0,0.9875208241634812,0.0,1.0,0.012479175836518808,-0.822202
1050,4.375,walk,-0.778762,0.07528,0.944487,0.03502,-0.056566,-0.294547,-0.5728341732661449,-0.20134389248861165,-0.09167266618670768,-0.1785285006049558,0.30607387761977634,0.3918109815747212,-1.4365250779938108,-0.7429805615551132,-0.09143268538517155,0.004079673626120838,0.005519558435324285,0.0002399808015361281,-0.21832200000000002,0.07066499999999999,-0.822201,0.17207899999999998,0.019511,-0.91555,0.390401,0.05115399999999999,0.09334900000000002,0.0,0.9885536452913637,0.0,1.0,0.011446354708636308,-0.822201
1051,4.379167,walk,-0.781209,0.074511,0.944277,0.034495,-0.057213,-0.295002,-0.5872330213583392,-0.18454523638109932,-0.05039596832252029,0.15839683388102246,0.3822777147897385,0.20582050763241025,-1.4077273818095286,-0.7290616750660245,-0.12383009359251887,0.007199424046070521,0.0004799616030722562,-0.0004799616030722562,-0.22174099999999997,0.06839600000000001,-0.822507,0.17455600000000004,0.02028200000000001,-0.915342,0.396297,0.048114000000000004,0.092835,0.0,0.9879477488414468,0.0,1.0,0.01205225115855324,-0.822507
1052,4.383333,walk,-0.783668,0.073763,0.944027,0.034031,-0.057836,-0.295417,-0.590254440710432,-0.17954872779642306,-0.0600096015362578,0.1330209962549931,0.36175641066171227,0.1879398426568683,-1.3970235237635997,-0.7201152184348537,-0.13634181469033196,0.006961113778190554,-0.0007201152184355732,-0.0004800768122895494,-0.2251019999999999,0.06614400000000001,-0.8228249999999999,0.17704399999999998,0.021027000000000004,-0.915094,0.4021459999999999,0.045117000000000004,0.09226900000000005,0.0,0.9883088180539497,0.0,1.0,0.011691181946050344,-0.8228249999999999
1053,4.3875,walk,-0.78612,0.07297,0.943734,0.033837,-0.058764,-0.29613,-0.5884329253659999,-0.19030477561795975,-0.07031437485001227,-0.027477101078921085,0.47114975584275554,0.3440135278454432,-1.3887688984881812,-0.7225821934245623,-0.15598752099832672,0.006239500839952652,0.0011999040076806405,0.002159827213822655,-0.2284369999999999,0.063926,-0.823182,0.17952200000000007,0.02182500000000001,-0.9147919999999999,0.40795899999999996,0.042100999999999986,0.09160999999999997,0.0,0.9888151896215116,0.0,1.0,0.011184810378488397,-0.823182
1054,4.391667,walk,-0.788661,0.072307,0.943409,0.033662,-0.058907,-0.296341,-0.6097912167026687,-0.15910727141829306,-0.07799376049914172,0.06452939753661005,0.09563647245154139,0.09903445152930797,-1.354451643868548,-0.6966642668586804,-0.18790496760260178,0.005039596832238707,0.0009599232061411819,0.0009599232061436797,-0.23153999999999997,0.061686000000000005,-0.82364,0.1820839999999999,0.022491999999999998,-0.914463,0.4136239999999999,0.03919400000000001,0.09082299999999999,0.0,0.9913012706300013,0.0,1.0,0.008698729369998714,-0.82364
1055,4.395833,walk,-0.790906,0.071716,0.943253,0.033947,-0.058281,-0.297042,-0.5388862217955426,-0.14186269803169493,-0.037445991358631144,-0.024533468615760654,-0.31014840720126097,0.3658124383342582,-1.3490158425349557,-0.6961113778205097,-0.22083533365340302,0.006000960153637719,0.001680268843016696,0.004560729716755439,-0.2349150000000001,0.059376999999999985,-0.824404,0.18435400000000002,0.02309,-0.914288,0.4192690000000001,0.036286999999999986,0.08988399999999996,0.0,0.9871293743461607,0.0,1.0,0.01287062565383934,-0.824404
1056,4.4,walk,-0.793465,0.070918,0.942743,0.033762,-0.059197,-0.29703,-0.6141108711302015,-0.19150467962559956,-0.12239020878327934,-0.0471048048611711,0.44621922650513834,-0.019027252818016628,-1.3136549076071664,-0.7053035757138241,-0.22774178065750722,0.004559635229178801,0.0035997120230378235,0.0019198464122861178,-0.2378300000000001,0.057235999999999995,-0.824843,0.186932,0.023903000000000008,-0.91377,0.4247620000000001,0.03333299999999999,0.08892699999999998,0.0,0.9898027767506787,0.0,1.0,0.010197223249321263,-0.824843
1057,4.404167,walk,-0.795861,0.070302,0.942452,0.033828,-0.058802,-0.297331,-0.5749940004800034,-0.14782817374610505,-0.06983441324695333,0.03354329023222629,-0.18308113607297985,0.15599441018130214,-1.3117350611951573,-0.6609071274298307,-0.27165826733862725,0.0035997120230352605,0.004319654427646975,0.0016798656107512315,-0.2409,0.05509800000000001,-0.825684,0.18934300000000004,0.024537000000000003,-0.913472,0.43024300000000004,0.030561000000000005,0.08778799999999998,0.0,0.9902191670581268,0.0,1.0,0.009780832941873152,-0.825684
1058,4.408333,walk,-0.798129,0.069616,0.942021,0.034609,-0.059027,-0.29778,-0.5444071051368499,-0.16466634661547297,-0.10345655304848615,-0.37949227177421446,0.003848043571840692,0.24980078137124687,-1.2597215554489523,-0.6805088814210856,-0.2748439750360259,0.006721075372066784,0.007681228996637759,0.009841574651945772,-0.24387999999999999,0.052948999999999996,-0.826398,0.191639,0.025255,-0.913,0.435519,0.027693999999999996,0.08660200000000007,0.0,0.9763691159775547,0.0,1.0,0.023630884022445287,-0.826398
1059,4.4125,walk,-0.80063,0.068848,0.941581,0.035466,-0.059362,-0.298031,-0.6001919846412502,-0.18430525557955987,-0.10559155267578979,-0.43460146921513276,0.03849385236327503,0.15214705672029322,-1.2495800335973601,-0.6637868970482642,-0.3042956563475073,0.0038396928245780495,0.0026397888168940785,0.003119750419966335,-0.24658599999999997,0.050950999999999996,-0.827226,0.194156,0.026033999999999988,-0.912547,0.44074199999999997,0.02491700000000001,0.08532099999999998,0.0,0.9906540905163164,0.0,1.0,0.009345909483683634,-0.827226
1060,4.416667,walk,-0.802883,0.068299,0.941427,0.0356,-0.058015,-0.298634,-0.5406767458602552,-0.13174946004317636,-0.03695704343651588,0.14673969494786127,-0.621248270051969,0.3181637529013318,-1.2351811855049557,-0.6484281257498304,-0.32829373650102356,0.005999520038381941,0.005999520038398593,0.00311975041996567,-0.24947999999999992,0.04879800000000001,-0.8284400000000001,0.196434,0.026608000000000007,-0.91238,0.4459139999999999,0.02219,0.0839399999999999,0.0,0.9849333587698437,0.0,1.0,0.01506664123015633,-0.8284400000000001
1061,4.420833,walk,-0.805272,0.067687,0.941347,0.034754,-0.057444,-0.298794,-0.5734517522804041,-0.1469035045607417,-0.019203072491592733,0.4732170749745273,-0.13737111568487248,0.05702291904295432,-1.191790686509962,-0.6404224675948668,-0.3677388382141447,0.005760921747485814,0.004080652904462456,0.0038406144983197123,-0.25205600000000006,0.046742000000000006,-0.8298920000000001,0.198847,0.027236999999999997,-0.9122840000000001,0.45090300000000005,0.01950500000000001,0.08239200000000002,0.0,0.9866053216172267,0.0,1.0,0.013394678382773306,-0.8298920000000001
1062,4.425,walk,-0.80784,0.066966,0.940752,0.036145,-0.057666,-0.29915,-0.6162706983441641,-0.17302615790737516,-0.14278857691385632,-0.6605234886424495,-0.08723250746337378,0.2226883408038613,-1.180945524358094,-0.6445884329253972,-0.36477081833454833,0.006239500839926008,0.006959443244541054,0.002639788816894911,-0.254409,0.044777,-0.830817,0.20144099999999998,0.027986999999999998,-0.911678,0.45585,0.01679,0.08086099999999996,0.0,0.9838124099313335,0.0,1.0,0.016187590068666546,-0.830817
1063,4.429167,walk,-0.810371,0.06626,0.940236,0.036639,-0.058132,-0.299533,-0.6073914086873208,-0.16942644588433659,-0.12383009359253552,-0.284889700691985,0.1532416740887599,0.20467048755495584,-1.1492680585553519,-0.6186705063595188,-0.40964722822176103,0.005999520038409863,0.0019198464122890248,0.001439884809215936,-0.256667,0.042905,-0.832008,0.20399699999999998,0.028701000000000004,-0.911156,0.46066399999999996,0.014203999999999994,0.079148,0.0,0.9892305319431542,0.0,1.0,0.010769468056845755,-0.832008
1064,4.433333,walk,-0.812847,0.065642,0.939877,0.03737,-0.057899,-0.300055,-0.5943350936149069,-0.1483437349975782,-0.08617378780603699,-0.2890115523826583,-0.1974124868913585,0.2885682168335687,-1.111137782044977,-0.6159385501679441,-0.42342774843969405,0.004080652904448262,0.0009601536245774332,0.006000960153623115,-0.25881999999999994,0.04095699999999999,-0.833413,0.20648999999999995,0.029322999999999988,-0.9107719999999999,0.4653099999999999,0.011634000000000005,0.07735899999999996,0.0,0.987799687404421,0.0,1.0,0.012200312595578966,-0.833413
1065,4.4375,walk,-0.815557,0.064822,0.939118,0.037985,-0.059163,-0.300188,-0.6503479721622544,-0.19678425725942855,-0.18214542836572806,-0.46177940591396127,0.4950514152451397,0.0760357215529446,-1.121430285577241,-0.601151907847398,-0.4540436765059014,0.0071994240460971646,-0.004799616030715901,0.003839692824574719,-0.2607830000000001,0.039272,-0.834546,0.20923000000000003,0.030122999999999997,-0.9099970000000001,0.4700130000000001,0.009149000000000004,0.07545100000000005,0.0,0.9842227958376546,0.0,1.0,0.015777204162345404,-0.834546
1066,4.441667,walk,-0.818043,0.064165,0.938804,0.037575,-0.05954,-0.300576,-0.5965922726182149,-0.1576673866090796,-0.07535397168227762,0.14154606453820726,0.24193993561920152,0.17722378100829148,-1.0707943364531245,-0.5860331173506387,-0.4799616030717766,0.005039596832238707,0.0009599232061445124,0.00527957763378899,-0.2627590000000001,0.037487000000000006,-0.836232,0.21173699999999995,0.030784000000000006,-0.9096609999999999,0.47449600000000003,0.006703000000000001,0.07342899999999997,0.0,0.9877306922244966,0.0,1.0,0.01226930777550339,-0.836232
1067,4.445833,walk,-0.82062,0.063516,0.938313,0.038369,-0.059404,-0.300722,-0.6185789726355512,-0.15578492558807244,-0.11785885741717557,-0.34002739388972536,-0.17204074530591668,0.10191747143961244,-1.0381661065768921,-0.5753720595294501,-0.509601536245731,0.005520883341332733,0.005280844935187542,0.0026404224675946036,-0.26450699999999994,0.03573899999999999,-0.8378639999999999,0.214337,0.031455,-0.9091589999999999,0.47884399999999994,0.004283999999999996,0.071295,0.0,0.9865278778680773,0.0,1.0,0.013472122131922726,-0.8378639999999999
1068,4.45,walk,-0.823134,0.062944,0.937888,0.038357,-0.058966,-0.300856,-0.6033117350612266,-0.1372690184785287,-0.10199184065272789,0.07225930157023656,-0.19534146747033854,0.07091356971838897,-1.0208783297336632,-0.5629949604031936,-0.531797456203527,0.004559635229179773,0.004559635229183103,-0.0004799616030714236,-0.2662469999999999,0.033964999999999995,-0.839655,0.21687,0.032046000000000005,-0.9087360000000001,0.4831169999999999,0.0019189999999999902,0.06908100000000006,0.0,0.9892231072831719,0.0,1.0,0.010776892716828135,-0.839655
1069,4.454167,walk,-0.825693,0.062316,0.937601,0.038003,-0.058478,-0.30125,-0.6141108711303324,-0.1507079433645369,-0.06887449004080881,0.24171969158004228,-0.1620980359479683,0.19051404590576934,-0.9944804415647557,-0.5605951523878324,-0.5577153827694055,0.006479481641468798,0.0038396928245713886,-0.002399808015358783,-0.26783200000000007,0.032257,-0.841692,0.21945599999999998,0.03268999999999999,-0.908459,0.48728800000000005,0.00043299999999998895,0.06676700000000002,0.0,0.9868253187009054,0.0,1.0,0.013174681299094604,-0.841692
1070,4.458333,walk,-0.828169,0.061717,0.937376,0.03837,-0.057951,-0.301712,-0.5943350936150336,-0.14378300528085688,-0.05400864138263287,-0.08070209839697509,-0.2816554743648677,0.24935514869104267,-0.9786365818531467,-0.5508881421027814,-0.5880940950552539,0.0036005760921719717,0.00984157465194827,0.007441190590495015,-0.2694329999999999,0.030560999999999998,-0.843917,0.221947,0.033330000000000005,-0.908203,0.49137999999999993,0.0027690000000000076,0.06428599999999995,0.0,0.9785788229633058,0.0,1.0,0.021421177036694217,-0.843917
1071,4.4625,walk,-0.830533,0.061179,0.937212,0.038114,-0.056399,-0.302125,-0.5673146148306998,-0.12910967122628117,-0.03935685145186333,0.3525496371921426,-0.6628420045419727,0.2140000125515965,-0.9476841852650153,-0.5368370530356679,-0.6313894888407856,0.004559635229178801,0.0038396928245705703,0.004319654427645222,-0.271018,0.028862,-0.846384,0.22432999999999992,0.033884,-0.9080210000000001,0.4953479999999999,0.005021999999999999,0.06163700000000005,0.0,0.9877306922244862,0.0,1.0,0.012269307775513827,-0.846384
1072,4.466667,walk,-0.832973,0.060633,0.936893,0.037831,-0.055612,-0.302323,-0.5855531557475664,-0.13102951763859438,-0.07655387568996491,0.24854087663930977,-0.31436378963112827,0.09782130023808307,-0.9083273338133723,-0.5094792416606904,-0.6381089512839285,0.002159827213831814,0.011759059275260286,0.0038396928245738866,-0.27236300000000013,0.027284999999999997,-0.848724,0.22677899999999995,0.034479,-0.907686,0.4991420000000001,0.007194000000000006,0.05896199999999996,0.0,0.9790713135717863,0.0,1.0,0.02092868642821366,-0.848724
1073,4.470833,walk,-0.835572,0.059929,0.936386,0.038418,-0.056124,-0.30261,-0.6238598175708651,-0.16898703792608066,-0.12169947191549792,-0.33723045190335454,0.15760077119905305,0.1584251687065811,-0.8924627940470914,-0.5016802688430534,-0.6824291886702409,0.004320691310601036,0.005280844935188668,0.002160345655304682,-0.273482,0.025899,-0.85106,0.22939599999999993,0.03520499999999999,-0.90717,0.5028779999999999,0.009305999999999995,0.05610999999999999,0.0,0.9880716502513498,0.0,1.0,0.011928349748650202,-0.85106
1074,4.475,walk,-0.83811,0.059324,0.936073,0.038118,-0.055601,-0.30272,-0.6090712742980936,-0.14518838492921263,-0.07511399088073482,0.21595928432670397,-0.19325555947947526,0.05059265810050078,-0.8660907127430137,-0.47012239020880536,-0.6796256299496354,0.005519558435324285,0.00503959683225536,0.0031197504199671675,-0.27455299999999994,0.024544999999999997,-0.8535790000000001,0.23195699999999997,0.035831,-0.9068440000000001,0.5065099999999999,0.011286000000000004,0.05326500000000001,0.0,0.9865014502594288,0.0,1.0,0.013498549740571186,-0.8535790000000001
1075,4.479167,walk,-0.840776,0.058679,0.93538,0.038823,-0.05559,-0.302916,-0.6397888168945284,-0.15478761699061477,-0.16630669546434812,-0.31652478649261057,-0.10143716905145798,0.12167087895149714,-0.8382529397646709,-0.4646028317733787,-0.7170626349890818,0.005999520038408584,0.008399328053752701,0.005759539236860019,-0.27537999999999996,0.023254000000000004,-0.855874,0.23464799999999997,0.036510999999999995,-0.906127,0.5100279999999999,0.013256999999999991,0.05025299999999999,0.0,0.9802997994463992,0.0,1.0,0.019700200553600777,-0.855874
1076,4.483333,walk,-0.843529,0.057989,0.934556,0.039439,-0.056774,-0.302829,-0.6608257321171924,-0.16562650024005227,-0.19779164666346644,-0.45687029384769867,0.4509185868503812,-0.035588090282845736,-0.7866058569371661,-0.4435909745559647,-0.7292366778685165,0.006240998559762974,0.006240998559769637,0.0038406144983197123,-0.2759039999999999,0.022096000000000005,-0.8580880000000001,0.23742699999999994,0.037226999999999996,-0.9052870000000001,0.5133309999999999,0.015130999999999992,0.04719899999999999,0.02801000000000009,0.9839574830726879,0.02801000000000009,0.9719899999999999,0.016042516927312067,-0.8580880000000001
1077,4.4875,walk,-0.846275,0.057397,0.933858,0.04027,-0.056779,-0.303038,-0.658987281017555,-0.14206863450924628,-0.16750659947207086,-0.3760812613473448,-0.111765968815222,0.1327248470557997,-0.7209023278138094,-0.41900647948166003,-0.6973842092632888,0.0067194624430115864,0.006479481641468798,0.003359731221502463,-0.2761619999999999,0.02094200000000001,-0.860296,0.240201,0.037846,-0.904575,0.5163629999999999,0.01690399999999999,0.04427900000000007,0.05721000000000004,0.9834653014889971,0.05721000000000004,0.94279,0.016534698511002865,-0.860296
1078,4.491667,walk,-0.848951,0.056789,0.933258,0.040704,-0.057113,-0.303184,-0.6421886249100394,-0.14590832733381934,-0.143988480921517,-0.24422155021372371,0.09437565446120369,0.08433562492474034,-0.6791456683465897,-0.430285577153848,-0.7149028077754095,0.005999520038409863,0.008879289656830078,0.005759539236861246,-0.276316,0.019757000000000004,-0.8626750000000001,0.24290200000000006,0.038491000000000004,-0.9039510000000001,0.5192180000000001,0.018734,0.04127599999999998,0.08723999999999993,0.9797235551465557,0.08723999999999993,0.91276,0.020276444853444264,-0.8626750000000001
1079,4.495833,walk,-0.851691,0.056189,0.932421,0.041394,-0.057554,-0.3033,-0.6577052328371573,-0.14402304368696975,-0.2009121459433184,-0.3776502175562296,0.10561536913279963,0.07690695366942404,-0.6161785885740859,-0.39942390782519827,-0.7095535285644753,0.005760921747457937,0.0064810369659134975,0.0064810369659134975,-0.276143,0.018693,-0.8647940000000001,0.24566599999999994,0.039118,-0.9030870000000001,0.521809,0.020425,0.03829300000000002,0.11706999999999995,0.9819571574911724,0.11706999999999995,0.88293,0.018042842508827595,-0.8647940000000001
1080,4.5,walk,-0.854317,0.055644,0.932047,0.04089,-0.05718,-0.303363,-0.6301895848332463,-0.13078953683705993,-0.0897528197744453,0.2865480750099218,-0.09664641511038274,0.018602178311862953,-0.5524358051356206,-0.3160547156227643,-0.7463402927766124,0.006479481641468798,0.008399328053754491,0.005279577633789822,-0.27581900000000004,0.017921000000000006,-0.8675299999999999,0.24831899999999996,0.039698,-0.9026909999999999,0.524138,0.02177699999999999,0.035161,0.14838999999999997,0.9802511368760453,0.14838999999999997,0.85161,0.01974886312395474,-0.8675299999999999
1081,4.504167,walk,-0.857106,0.055031,0.931286,0.041468,-0.057467,-0.303367,-0.6693064554836018,-0.14710823134149997,-0.18262538996881364,-0.3061658826325591,0.04802769243538184,0.018461090438458935,-0.5137988960883241,-0.1423086153107841,-0.7765778737701345,0.004799616030722562,0.006719462443004926,0.00623950083993267,-0.27517099999999994,0.017941,-0.8700049999999999,0.251128,0.040339,-0.9019039999999999,0.526299,0.022398,0.03189900000000001,0.18101,0.9827502930542733,0.18101,0.81899,0.017249706945726695,-0.8700049999999999
1082,4.508333,walk,-0.859783,0.054503,0.930794,0.041495,-0.056942,-0.303277,-0.642582813250017,-0.12674027844453264,-0.11809889582330077,0.06283529459228453,-0.2468492477525309,-0.038452951541441675,-0.46735477676420073,-0.23955832933266086,-0.7059529524723008,0.00600096015363644,0.011281805088813988,0.0069611137782038795,-0.27444099999999993,0.017470999999999993,-0.8724540000000001,0.25383,0.040914,-0.901383,0.5282709999999999,0.023443000000000006,0.028928999999999983,0.21071,0.9757474082793531,0.21071,0.78929,0.024252591720646866,-0.8724540000000001
1083,4.5125,walk,-0.862493,0.053885,0.930118,0.042136,-0.056525,-0.303392,-0.6503479721622544,-0.14830813534917894,-0.16222702183826274,-0.22931774652873646,-0.28011695907674405,0.08409799246509611,-0.4098872090233071,-0.21406287497000978,-0.6568274538037265,0.006239500839926008,0.007919366450682235,0.005759539236861246,-0.273439,0.017197000000000004,-0.874515,0.25656599999999996,0.04156499999999999,-0.900683,0.530005,0.024367999999999987,0.02616799999999997,0.23832000000000003,0.980647995514922,0.23832000000000003,0.7616799999999999,0.01935200448507801,-0.874515
1084,4.516667,walk,-0.865121,0.053377,0.929688,0.041433,-0.055351,-0.303342,-0.6306695464363318,-0.12191024718023151,-0.10319174466044183,0.49257149552922025,-0.43723431164860976,-0.0350254919630278,-0.37868970482365044,-0.1435085193184614,-0.49412047036239315,0.004079673626120838,0.010319174466043517,0.010079193664507389,-0.272389,0.017107000000000004,-0.8761439999999999,0.2592110000000001,0.042115999999999994,-0.900211,0.5316000000000001,0.02500899999999999,0.02406700000000006,0.25933,0.975015602453011,0.25933,0.7406699999999999,0.024984397546989,-0.8761439999999999
1085,4.520833,walk,-0.867955,0.052657,0.928799,0.04286,-0.055984,-0.303298,-0.6802688430149371,-0.1728276524244012,-0.2133941430628872,-0.7461317428383952,0.08240630771638112,0.017777208953590796,-0.35213634181469067,-0.1713874219875331,-0.38238118098898954,0.004560729716752941,0.004800768122901514,0.010081613058090182,-0.2710219999999999,0.017112999999999996,-0.8768480000000001,0.2620640000000001,0.042856,-0.8992800000000001,0.533086,0.025743000000000002,0.022432000000000007,0.27568000000000004,0.9798970322829221,0.27568000000000004,0.72432,0.02010296771707787,-0.8768480000000001
1086,4.525,walk,-0.870693,0.052057,0.928166,0.042711,-0.055659,-0.302865,-0.6570674346051258,-0.14398848092150296,-0.1519078473721835,0.1069879302986433,-0.13982950465999003,-0.21853747200060022,-0.3462922966162326,-0.10007199424044418,-0.25653947684180983,0.003119750419949018,0.006479481641467416,0.011759059275256114,-0.26972699999999994,0.017296,-0.8772840000000001,0.264815,0.043483,-0.898598,0.534542,0.026187000000000002,0.021313999999999944,0.28686000000000006,0.9770270690652461,0.28686000000000006,0.7131399999999999,0.022972930934753943,-0.8772840000000001
1087,4.529167,walk,-0.873663,0.051037,0.927696,0.041495,-0.056693,-0.304097,-0.7127429805615677,-0.24478041756660587,-0.11279097672188695,0.42911911236654804,0.6843922484541212,0.5664763905484373,-0.3630909527238221,-0.2049436045116469,-0.26781857451405083,0.0023998080153746024,0.003839692824574719,0.011279097672186364,-0.2682700000000001,0.017462000000000005,-0.87793,0.267795,0.044519,-0.898081,0.5360650000000001,0.027056999999999998,0.02015100000000003,0.29849000000000003,0.9797432889175198,0.29849000000000003,0.70151,0.020256711082480172,-0.87793
1088,4.533333,walk,-0.876485,0.050393,0.927052,0.041458,-0.056568,-0.303984,-0.6773883821411941,-0.15458473355738112,-0.15458473355737612,0.03294518973899353,-0.05508612884226939,-0.056625272390341985,-0.4186269803168761,-0.23355736917908754,-0.3874219875180329,0.0012001920307062241,-0.0024003840614490917,0.01464234277484562,-0.2671920000000001,0.017133000000000002,-0.8789,0.2706219999999999,0.045153000000000006,-0.897376,0.537814,0.028020000000000003,0.018475999999999937,0.31524,0.9751895795587876,0.31524,0.68476,0.0248104204412124,-0.8789
1089,4.5375,walk,-0.879388,0.049732,0.926479,0.041193,-0.05636,-0.303636,-0.6966642668586804,-0.15862730981522247,-0.1375089992800482,0.14442732926128593,-0.06677585632114909,-0.1814433721699614,-0.4338852891768933,-0.2371010319174581,-0.45068394528439726,0.0009599232061445124,-0.006719462443004926,0.01607871370290393,-0.26609700000000014,0.016806,-0.880205,0.2735289999999999,0.04578600000000001,-0.8967360000000001,0.539626,0.028980000000000006,0.016531000000000073,0.33468999999999993,0.9709121224932773,0.33468999999999993,0.6653100000000001,0.029087877506722704,-0.880205
1090,4.541667,walk,-0.882439,0.049027,0.925706,0.04148,-0.056811,-0.303456,-0.7321814254858448,-0.1691864650827644,-0.18550515958720762,-0.2011320432624304,0.1598175494507919,-0.0858695270289707,-0.3928485721141383,-0.2195824334052906,-0.37389008879283486,0.0004799616030854755,-0.005759539236862516,0.017998560115188286,-0.264683,0.016596,-0.88099,0.276582,0.046466999999999994,-0.895888,0.541265,0.029870999999999995,0.014897999999999967,0.35102,0.9684937915473861,0.35102,0.64898,0.03150620845261387,-0.88099
1091,4.545833,walk,-0.885275,0.048436,0.925086,0.04138,-0.056513,-0.303153,-0.6807489198272408,-0.1418626980316966,-0.14882381180991697,0.0831382117486287,-0.13065604786367954,-0.1523551507628277,-0.3389342294767356,-0.17114738358138784,-0.39054248679791775,-0.0024003840614657476,-0.0033605376860300607,0.023523763802210423,-0.2632589999999999,0.016473999999999996,-0.8819969999999999,0.279408,0.047043999999999996,-0.8951699999999999,0.5426669999999999,0.03057,0.01317299999999999,0.36827,0.9601941335771014,0.36827,0.63173,0.03980586642289863,-0.8819969999999999
1092,4.55,walk,-0.888306,0.047789,0.924495,0.041154,-0.05645,-0.302847,-0.7273818094552782,-0.15526757859372,-0.14182865370771183,0.10615850518570251,-0.004941484781641508,-0.16060790863725152,-0.27621790256783696,-0.15790736741061243,-0.41204703623712063,0.0004799616030855778,-0.015598752099831675,0.028317734581234807,-0.26137900000000003,0.016463000000000005,-0.883123,0.28244100000000005,0.047626,-0.894461,0.5438200000000001,0.031162999999999996,0.01133799999999996,0.38662,0.9461110833384054,0.38662,0.61338,0.053888916661594566,-0.883123
1093,4.554167,walk,-0.891266,0.04717,0.923761,0.04144,-0.056345,-0.302358,-0.7103431725462198,-0.1485481161507151,-0.1761459083273182,-0.12549457011574552,-0.10319461582487788,-0.23505811833597404,-0.20398368130550906,-0.1713462922966256,-0.3640508759299416,-0.004079673626120838,-0.01367890568754598,0.018478521718262714,-0.2592690000000001,0.016368,-0.8839060000000001,0.28538399999999997,0.048188,-0.89365,0.544653,0.03182,0.009743999999999975,0.40256,0.9610837094023613,0.40256,0.59744,0.03891629059763868,-0.8839060000000001
1094,4.558333,walk,-0.894251,0.046536,0.923262,0.040901,-0.056162,-0.301892,-0.7165146423426826,-0.15218434949589793,-0.11977916466633709,0.26356396091385687,-0.01947155320850975,-0.2500273024298495,-0.15122419587129718,-0.1891502640422207,-0.31493038886217595,-0.010801728276513612,-0.016562650024001528,0.03648583773403324,-0.256914,0.016214,-0.884719,0.288324,0.048753,-0.892999,0.545238,0.032539,0.008279999999999954,0.4172,0.9308340348483086,0.4172,0.5828,0.06916596515169138,-0.884719
1095,4.5625,walk,-0.897381,0.045821,0.922673,0.040673,-0.056162,-0.301443,-0.7511399088073216,-0.17158627309816007,-0.1413486921046529,0.09492887083367718,0.020124896849025284,-0.23307179736915157,-0.09527237820974294,-0.16558675305976353,-0.29349652027839157,-0.013678905687539319,-0.024478041756661753,0.04559635229181854,-0.254181,0.016238999999999996,-0.885353,0.291397,0.04936599999999999,-0.89222,0.545578,0.033127,0.0068670000000000675,0.43133,0.9107856150835233,0.43133,0.56867,0.08921438491647671,-0.885353
1096,4.566667,walk,-0.900338,0.04522,0.922379,0.039212,-0.056035,-0.300769,-0.7096232301416181,-0.1442284617230681,-0.07055435565155505,0.6725664109019494,0.13262734718490277,-0.3854774296200804,-0.06815454763618045,-0.153347732181431,-0.2994960403167881,-0.012239020878335873,-0.033117350611952374,0.06407487401008209,-0.25150799999999995,0.016201,-0.886307,0.294303,0.04982899999999999,-0.891659,0.5458109999999999,0.03362799999999999,0.005352000000000023,0.44648,0.8780694411762806,0.44648,0.55352,0.12193055882371939,-0.886307
1097,4.570833,walk,-0.903468,0.044462,0.921957,0.038029,-0.056402,-0.300262,-0.7513202112337153,-0.1819491118578733,-0.10129620739315072,0.4771102676470669,0.3238658207299817,-0.29712093042899934,-0.08521363418148288,-0.13466154584731896,-0.31853096495435046,-0.017042726836301904,-0.034325492078725685,0.0547287566010486,-0.24873299999999998,0.016397999999999996,-0.887212,0.297362,0.050444,-0.891009,0.546095,0.03404600000000001,0.0037970000000000503,0.46203,0.8886455765539564,0.46203,0.5379700000000001,0.11135442344604363,-0.887212
1098,4.575,walk,-0.906534,0.04375,0.921523,0.037558,-0.055986,-0.299729,-0.7357811375090094,-0.17086633069355334,-0.10415166786658633,0.2644738307074002,-0.13755565365919445,-0.27910328641219306,-0.0683945284376966,-0.15478761699064775,-0.3021358291336822,-0.016318694504430065,-0.030237580993522164,0.059995200383972075,-0.24595199999999995,0.016465,-0.888037,0.30035999999999996,0.051030000000000006,-0.890325,0.5463119999999999,0.034565000000000005,0.0022880000000000678,0.47712,0.8847703360460114,0.47712,0.52288,0.11522966395398859,-0.888037
1099,4.579167,walk,-0.909637,0.043038,0.921219,0.035387,-0.057057,-0.298881,-0.7446604271658794,-0.17086633069355167,-0.07295416366690301,0.8198850403299891,0.7785527755308146,-0.5059682652369728,-0.07223422126232792,-0.1622270218382594,-0.2517398608111469,-0.024238060955128954,-0.03767698584113548,0.08855291576674218,-0.24314999999999998,0.016501000000000002,-0.888782,0.303362,0.051585,-0.889652,0.546512,0.035084,0.0008700000000000374,0.49129999999999996,0.8345993269551396,0.49129999999999996,0.5087,0.1654006730448604,-0.888782
1100,4.583333,walk,-0.912816,0.042265,0.920765,0.034929,-0.056935,-0.298521,-0.7630820931349457,-0.1855496879500874,-0.10897743638984672,0.21929344006166732,6.695250429935913e-05,-0.19479292526728922,-0.0679308689390436,-0.17066730676909736,-0.25780124819973205,-0.023523763802220418,-0.04800768122899848,0.10297647623620566,-0.24025400000000008,0.016563,-0.8894019999999999,0.3064429999999999,0.05215800000000001,-0.8887689999999999,0.546697,0.03559500000000001,0.0006329999999999947,0.5,0.8002917036592552,0.5,0.5,0.19970829634074483,-0.8887689999999999
1101,4.5875,walk,-0.915966,0.041541,0.920396,0.03388,-0.057283,-0.297835,-0.7559395248378831,-0.17374610031194485,-0.08855291576671248,0.4146266889011061,0.2914788120746468,-0.38121047357453325,-0.05615550755940204,-0.1838252939764501,-0.21790256779454056,-0.022798176145894005,-0.048476121910240914,0.11855051595870378,-0.23733800000000016,0.016521,-0.889941,0.30949799999999994,0.05268,-0.887906,0.5468360000000001,0.036159,0.002035000000000009,0.5157287583209962,0.7628300794238669,0.5157287583209962,0.4842712416790038,0.23716992057613306,-0.887906
1102,4.591667,walk,-0.919107,0.040807,0.920301,0.031787,-0.057668,-0.297248,-0.753779697624239,-0.1761459083273415,-0.022798176145898866,0.8892358301161972,0.4592394790257037,-0.365266308807936,-0.12502999760019617,-0.31653467722583656,-0.4662826973842306,-0.0345572354211758,-0.04703623710103448,0.133429325653954,-0.2347180000000001,0.015936,-0.891789,0.31249499999999997,0.053217999999999994,-0.887255,0.5472130000000001,0.037281999999999996,0.004534000000000038,0.5,0.711932471774487,0.5,0.5,0.28806752822551296,-0.887255
1103,4.595833,walk,-0.9223,0.040033,0.919807,0.031436,-0.05814,-0.29666,-0.7664426308209924,-0.18578972635623264,-0.11857897263562976,0.07940654196674904,0.2523587615373342,-0.3094931170231121,-0.027364378300517644,-0.1154584733557466,-0.21099375900145642,-0.04296687469993841,-0.057609217474801515,0.1387421987518118,-0.23163900000000004,0.016229,-0.892174,0.31550900000000004,0.053751999999999994,-0.886183,0.5471480000000001,0.037522999999999994,0.005990999999999969,0.5965501731352936,0.6796716828104229,0.5965501731352936,0.40344982686470643,0.3203283171895771,-0.886183
1104,4.6,walk,-0.925505,0.039324,0.919726,0.03036,-0.057732,-0.296301,-0.7691384689225246,-0.17014638828894496,-0.019438444924406394,0.5426780865447107,-0.04357004900302518,-0.2125150484161148,-0.0026397888168907483,-0.07895368370530788,-0.18526517878570606,-0.0398368130549573,-0.076073914086876,0.13870890328774382,-0.228445,0.016609,-0.892865,0.31854800000000005,0.054144,-0.8855240000000001,0.5469930000000001,0.037535,0.007340999999999931,0.6643255581580105,0.6546914694465676,0.6546914694465676,0.33567444184198947,0.34530853055343236,-0.8855240000000001
1105,4.604167,walk,-0.928673,0.038574,0.919442,0.028765,-0.058095,-0.295672,-0.7602591792655191,-0.17998560115187787,-0.06815454763619257,0.6636379547453388,0.3775270394596717,-0.36872308972247214,-0.014878809695223448,-0.07391408687303676,-0.18646508279334528,-0.059755219582436535,-0.06815454763617591,0.15982721382286738,-0.22533900000000007,0.017051000000000004,-0.893358,0.32146699999999995,0.054610000000000006,-0.884574,0.546806,0.037559,0.008784000000000014,0.6647807586512695,0.6059263069683113,0.6059263069683113,0.3352192413487305,0.3940736930316887,-0.884574
1106,4.608333,walk,-0.931924,0.03777,0.919339,0.027324,-0.058223,-0.29531,-0.7803648583774031,-0.19299087854058158,-0.024723955832926643,0.6331021162145147,0.25401157532543567,-0.22845826176285197,0.0028804608737695568,-0.05784925588094509,-0.13346135381662144,-0.06240998559768304,-0.06529044647144261,0.17450792126741624,-0.22207599999999994,0.017614000000000005,-0.893811,0.324458,0.055142,-0.883744,0.546534,0.03752799999999999,0.010067000000000048,0.7575199525769079,0.5718358809356772,0.5718358809356772,0.24248004742309215,0.42816411906432283,-0.883744
1107,4.6125,walk,-0.935143,0.037046,0.919139,0.026121,-0.058544,-0.294849,-0.772498200144017,-0.1737461003119819,-0.04799616030717233,0.4940703448312183,0.30693975696386355,-0.270995005897957,-0.006239500839952652,-0.08975281977442198,-0.1607871370290443,-0.07175425965924236,-0.06095512359011326,0.19222462203024543,-0.21888300000000005,0.017964,-0.894281,0.32737799999999995,0.055612,-0.882743,0.546261,0.037648,0.011537999999999937,0.6929214565629633,0.5278812760257373,0.5278812760257373,0.30707854343703667,0.4721187239742627,-0.882743
1108,4.616667,walk,-0.938449,0.036261,0.919204,0.02416,-0.058968,-0.294307,-0.7933765298776535,-0.18838492920567237,0.015598752099828344,0.824523881211864,0.4593140303546509,-0.3357448362999323,-0.01103911687064857,-0.08951283897288752,-0.1653467722582274,-0.07463402927764924,-0.06935445164387108,0.21382289416847697,-0.215623,0.018375999999999997,-0.895035,0.330373,0.056108000000000005,-0.8819170000000001,0.545996,0.03773200000000001,0.013117999999999963,0.6860911069076638,0.4740609020131436,0.4740609020131436,0.31390889309233616,0.5259390979868563,-0.8819170000000001
1109,4.620833,walk,-0.941684,0.035436,0.919029,0.024369,-0.05882,-0.294037,-0.7765242438789137,-0.19803168506958446,-0.04200672107537513,-0.08140234491902963,-0.10287760053814758,-0.12826329119103036,-0.005040806529055675,-0.09985597695629957,-0.14426308209311578,-0.08497359577533102,-0.06793086893902246,0.2313970235237327,-0.21240900000000007,0.018784999999999996,-0.895461,0.33325399999999994,0.05665,-0.880778,0.545663,0.037865,0.014683000000000002,0.7074610058311055,0.42701243449477344,0.42701243449477344,0.2925389941688945,0.5729875655052266,-0.880778
1110,4.625,walk,-0.945039,0.034796,0.919081,0.022254,-0.0595,-0.293563,-0.8051355891529037,-0.15358771298296878,0.01247900167987866,0.8605668533093966,0.5997881019550828,-0.3066404875095047,0.003359731221492472,-0.10079193664507222,-0.14470842332614037,-0.10463162946964527,-0.05399568034557553,0.23686105111592196,-0.20904000000000011,0.019005,-0.896116,0.33617299999999994,0.057065,-0.879843,0.5452130000000001,0.03806,0.016272999999999982,0.7060289599104361,0.39641707379017954,0.39641707379017954,0.2939710400895639,0.6035829262098205,-0.879843
1111,4.629167,walk,-0.948342,0.033972,0.919046,0.021467,-0.059561,-0.293296,-0.7926565874730518,-0.19774418046557138,-0.008399328053757822,0.3450944279920142,0.1332198955472214,-0.15888542465583033,0.010079193664530701,-0.09791216702664202,-0.13558915286777665,-0.11159107271417301,-0.05399568034557553,0.24598032157428484,-0.20569499999999996,0.019421,-0.896646,0.33901100000000006,0.05766399999999999,-0.878783,0.544706,0.03824299999999999,0.017863000000000073,0.7207510023285597,0.3622814718413658,0.3622814718413658,0.2792489976714403,0.6377185281586342,-0.878783
1112,4.633333,walk,-0.951612,0.033264,0.919008,0.020472,-0.059566,-0.292884,-0.7849255880939887,-0.1699471915506254,-0.009121459433503936,0.44470725414873313,0.13391252989877556,-0.2380195804213934,-0.00936149783968244,-0.07297167546806647,-0.12986077772441848,-0.11569851176188883,-0.10177628420545776,0.2640422467594454,-0.2024640000000001,0.019824999999999995,-0.8971490000000001,0.34179899999999996,0.057948,-0.877645,0.544263,0.038123000000000004,0.019504000000000077,0.7512457445723568,0.30496,0.30496,0.24875425542764318,0.69504,-0.877645
1113,4.6375,walk,-0.954889,0.032446,0.919222,0.019938,-0.059062,-0.292731,-0.7864170866330991,-0.1963042956563563,0.0513558915286648,0.3118868841392282,-0.1598007580715232,-0.0930274904471188,-0.03287736981037628,-0.0746340292776609,-0.142788576913853,-0.1267098632109424,-0.04463642908567653,0.2603791696664392,-0.19932399999999995,0.020331999999999996,-0.897958,0.34454799999999997,0.05857999999999999,-0.8767739999999999,0.5438719999999999,0.038248,0.02118400000000009,0.7259372665643954,0.2998377241506706,0.2998377241506706,0.2740627334356046,0.7001622758493293,-0.8767739999999999
1114,4.641667,walk,-0.958232,0.031692,0.919404,0.018738,-0.05942,-0.29209,-0.8022558195344702,-0.18094552435806074,0.043676505879535345,0.48297807316897495,0.32080274737386605,-0.35881468166040054,-0.04799616030717233,-0.0158387329013678,-0.11471082313415516,-0.13630909527238755,-0.06191504679625777,0.26517878569715675,-0.19618099999999994,0.021020000000000004,-0.898618,0.34732299999999994,0.059076000000000004,-0.875851,0.5435039999999999,0.038056,0.02276699999999998,0.7910803596258169,0.27232999999999996,0.27232999999999996,0.2089196403741831,0.72767,-0.875851
1115,4.645833,walk,-0.961507,0.030918,0.919557,0.018356,-0.059053,-0.291775,-0.786125780124889,-0.18578972635623098,0.03672587614017543,0.21863881351871395,-0.12103706826873803,-0.16972642887845735,-0.03864618338936402,0.021843494959195395,-0.08233317330773565,-0.13898223715795538,-0.11617858857418067,0.28276524243881224,-0.193067,0.021885,-0.899114,0.35001899999999997,0.059366,-0.874826,0.543086,0.037481,0.024287999999999976,0.8441028010593165,0.25712,0.25712,0.15589719894068355,0.74288,-0.874826
1116,4.65,walk,-0.964737,0.030067,0.919702,0.017666,-0.058966,-0.291382,-0.7751379889607425,-0.2042236621069975,0.034797216222711175,0.3183610122516673,0.04939825404191528,-0.21815580416076824,-0.03575713942882884,0.005519558435323109,-0.06695464362849803,-0.1545476361890737,-0.12574994000477777,0.304775617950513,-0.189986,0.022758999999999998,-0.8995380000000001,0.35260499999999995,0.05969300000000001,-0.8737010000000001,0.5425909999999999,0.03693400000000001,0.025837,0.8731584228601939,0.24163,0.24163,0.12684157713980615,0.75837,-0.8737010000000001
1117,4.654167,walk,-0.968021,0.029283,0.9198,0.016929,-0.059045,-0.290773,-0.788096952243872,-0.18814494840413626,0.023518118550500587,0.31104205338058843,0.12861340917176203,-0.3276929229130344,-0.06239500839936666,-0.04559635229181771,-0.012958963282938428,-0.16942644588433325,-0.07655387568994826,0.29757619390450074,-0.18696200000000007,0.023353000000000002,-0.89969,0.355183,0.060158,-0.872559,0.5421450000000001,0.036805000000000004,0.027131000000000016,0.8694020254448671,0.22869,0.22869,0.1305979745551329,0.7713099999999999,-0.872559
1118,4.658333,walk,-0.971246,0.028502,0.919919,0.016611,-0.058798,-0.290214,-0.7741238598176402,-0.18746999519924684,0.028564570331277166,0.16595323392844605,-0.07878792865831166,-0.28990695341620687,-0.056649063850197225,-0.03072491598656103,-0.006000960153625228,-0.17762842054729275,-0.051848295727322365,0.29356697071533816,-0.18397299999999994,0.024006,-0.899834,0.3576680000000001,0.060723,-0.8714550000000001,0.541641,0.036717,0.028378999999999932,0.8921272815324268,0.21621,0.21621,0.10787271846757318,0.78379,-0.8714550000000001
1119,4.6625,walk,-0.974519,0.027669,0.919943,0.01589,-0.05906,-0.289652,-0.7854571634269546,-0.19990400767939487,0.005759539236840431,0.2794601431215639,0.21132813777203252,-0.3033004470794531,-0.059515238780906476,-0.02951763858891378,-0.008639308855291452,-0.1864650827933917,-0.07919366450684234,0.3146148308135492,-0.180948,0.024716000000000002,-0.899894,0.36016400000000004,0.061226,-0.8701679999999999,0.541112,0.03651,0.02972600000000003,0.8883458677120482,0.20274000000000003,0.20274000000000003,0.11165413228795185,0.79726,-0.8701679999999999
1120,4.666667,walk,-0.977744,0.026755,0.919961,0.015204,-0.059185,-0.289041,-0.7739380849530555,-0.2193424526037545,0.0043196544276627065,0.2812316936168382,0.14268604430566093,-0.3266469470491504,-0.016558675305942683,-0.025437964962799178,0.012958963282934832,-0.19798416126705698,-0.10823134149266413,0.3254139668825956,-0.17779199999999995,0.025523999999999998,-0.899858,0.362564,0.061688999999999994,-0.86883,0.540356,0.036164999999999996,0.031028000000000056,0.9449945831277428,0.18972,0.18972,0.05500541687225724,0.81028,-0.86883
1121,4.670833,walk,-0.980512,0.025694,0.920069,0.014627,-0.059055,-0.288242,-0.664426308209391,-0.2546807489198472,0.025924147863659517,0.26186733722357847,0.007250328312632781,-0.4178449994514998,-0.06601056168988166,-0.027124339894385726,-0.042486797887665406,-0.21819491118581869,-0.15890542486799047,0.3192510801728524,-0.17529899999999987,0.026471999999999996,-0.900143,0.36442300000000005,0.062088,-0.867608,0.5397219999999999,0.035616,0.03253499999999998,0.8615738056252522,0.17465000000000003,0.17465000000000003,0.1384261943747478,0.82535,-0.867608
1122,4.675,walk,-0.983579,0.024831,0.920252,0.014674,-0.059064,-0.287709,-0.7360211183105522,-0.20710343172547205,0.04391648668105149,-0.036793421118262414,-0.010622849261196452,-0.26519495117378283,-0.05351571874252326,-0.014878809695224956,-0.03431725461963218,-0.2272618190544935,-0.133429325653954,0.3290136789057019,-0.17245500000000002,0.027273,-0.900469,0.36654299999999995,0.062395,-0.86642,0.538998,0.035122,0.034048999999999996,0.8911807679489583,0.15951000000000004,0.15951000000000004,0.10881923205104171,0.84049,-0.86642
1123,4.679167,walk,-0.986766,0.023916,0.920284,0.013891,-0.059123,-0.286971,-0.7648188144948875,-0.2195824334053374,0.007679385649156099,0.33174399826753326,0.12347169955221143,-0.39292224012391636,-0.039116870650328935,-0.00431965442764531,-0.02231821454283743,-0.24454043676506806,-0.13366930645549013,0.3146148308135492,-0.1694309999999999,0.02817,-0.900594,0.368711,0.062753,-0.8651409999999999,0.5381419999999999,0.034582999999999996,0.03545300000000007,0.9245956882269366,0.14547000000000004,0.14547000000000004,0.07540431177306339,0.85453,-0.8651409999999999
1124,4.683333,walk,-0.989807,0.023075,0.920304,0.013802,-0.058741,-0.286024,-0.7299567930867866,-0.20187229956790417,0.004800768122903822,0.06865618277754468,-0.17814687992454953,-0.47718338600256055,-0.022323571771509433,-0.013442150744117377,-0.01776284205472582,-0.2486797887661515,-0.10705712914064863,0.327172347575569,-0.16648300000000005,0.028955,-0.900688,0.37071600000000005,0.063148,-0.8637980000000001,0.5371990000000001,0.034192999999999994,0.03688999999999998,0.9474391402719549,0.13110000000000005,0.13110000000000005,0.05256085972804514,0.8689,-0.8637980000000001
1125,4.6875,walk,-0.992821,0.022212,0.920395,0.013026,-0.05866,-0.285126,-0.7233021358291574,-0.20710343172547122,0.021838252939754353,0.34386519427251877,0.05539522029290831,-0.47250865075409737,-0.020158387329008116,-0.01535877129829721,-0.01367890568754598,-0.2733381329493768,-0.1540676745860377,0.3170146388289088,-0.16355300000000006,0.029754,-0.900836,0.372591,0.06336900000000001,-0.862568,0.5361440000000001,0.033615000000000006,0.03826799999999997,0.9520021731884172,0.11731999999999998,0.11731999999999998,0.04799782681158282,0.88268,-0.862568
1126,4.691667,walk,-0.995797,0.021284,0.920665,0.012181,-0.058671,-0.284187,-0.7141828653708244,-0.22270218382530374,0.06479481641468797,0.3618383734361232,0.1066528421655439,-0.4946719897462113,-0.017278617710601223,-0.009119270458362876,-0.010079193664507389,-0.2958963282937595,-0.1900647948164236,0.31173506119511735,-0.16064900000000004,0.030644,-0.901148,0.37433400000000006,0.063505,-0.8615389999999999,0.5349830000000001,0.032861,0.039609000000000005,0.9633597872470803,0.10391000000000006,0.10391000000000006,0.03664021275291973,0.8960899999999999,-0.8615389999999999
1127,4.695833,walk,-0.998731,0.020443,0.920964,0.011407,-0.058395,-0.28312,-0.7042726836292844,-0.20187229956790417,0.07177148343735218,0.36516384111385863,-0.03706427767406029,-0.5570083091258473,-0.019203072491561987,-0.0031204992798841533,-0.0064810369659134975,-0.30292846855492467,-0.19251080172825005,0.31253000480072735,-0.1577949999999999,0.031472,-0.901474,0.37600600000000006,0.063544,-0.860536,0.533801,0.032072,0.04093800000000003,0.9658231986971718,0.09061999999999998,0.09061999999999998,0.034176801302828186,0.9093800000000001,-0.860536
1128,4.7,walk,-1.001615,0.019573,0.921301,0.010249,-0.058715,-0.281853,-0.692104631629474,-0.20878329733622245,0.0808735301176019,0.4550434625136283,0.2871542417901494,-0.6661855461848104,-0.02495800335975732,0.008159347252220029,-0.006719462443004926,-0.327333813294959,-0.23926085913128325,0.2810175185985246,-0.15501500000000012,0.032376,-0.9018390000000001,0.3775259999999999,0.063417,-0.8597020000000001,0.532541,0.031040999999999992,0.04213699999999998,0.9548266285784879,0.07863000000000003,0.07863000000000003,0.04517337142151212,0.92137,-0.8597020000000001
1129,4.704167,walk,-1.004415,0.018692,0.921607,0.009568,-0.058636,-0.280583,-0.6719462443005192,-0.21142308615311736,0.07343412526996194,0.289787954746214,0.0387183885523968,-0.6545943171920224,-0.016798656107515644,0.01175905927525862,-0.002159827213822655,-0.34797216222702604,-0.2150227981761543,0.2651787856971551,-0.152285,0.033306,-0.9021539999999999,0.3788760000000001,0.063402,-0.858903,0.5311610000000001,0.030095999999999998,0.04325099999999993,0.9656353227357579,0.06749000000000005,0.06749000000000005,0.03436467726424208,0.93251,-0.858903
1130,4.708333,walk,-1.007389,0.017983,0.92129,0.013158,-0.056999,-0.280049,-0.7138742198752444,-0.17018722995680688,-0.07609217474794186,-1.4446220568730588,-1.2448999554602587,-0.16570579101351132,-0.03072491598653771,0.02448391742678973,-0.007441190590495848,-0.36125780124824985,-0.3041286605857188,0.20067210753722267,-0.14943899999999988,0.034117,-0.901868,0.38034500000000004,0.062844,-0.85775,0.5297839999999999,0.028726999999999996,0.04411799999999999,0.9333572127695031,0.05881999999999998,0.05881999999999998,0.06664278723049688,0.94118,-0.85775
1131,4.7125,walk,-1.010096,0.017107,0.921704,0.012063,-0.0571,-0.278641,-0.6496280297575142,-0.21022318214539276,0.09935205183581595,0.45414191395681297,0.17327715185443895,-0.7344523781045386,-0.019918406527487727,0.01247900167986268,-0.003839692824573068,-0.36309095272371805,-0.24718022558190947,0.16750659947201518,-0.14681499999999992,0.03504499999999999,-0.9022979999999999,0.3815390000000001,0.06269000000000001,-0.857466,0.528354,0.02764500000000001,0.04483199999999998,0.9603063242335284,0.051680000000000004,0.051680000000000004,0.03969367576647165,0.94832,-0.857466
1132,4.716667,walk,-1.01276,0.016188,0.92225,0.011124,-0.057091,-0.277559,-0.6393088552916057,-0.22054235661148108,0.13102951763860604,0.40546736339579326,0.10626669893443477,-0.5669760998036708,-0.017998560115202945,0.008159347252221694,-0.0007199424046075517,-0.39668826493882675,-0.3184545236381256,0.13582913366931196,-0.14422599999999997,0.035998,-0.9028470000000001,0.38255000000000006,0.062282,-0.857446,0.526776,0.026283999999999995,0.045401000000000025,0.9670420541165267,0.04599000000000003,0.04599000000000003,0.03295794588347334,0.95401,-0.857446
1133,4.720833,walk,-1.015395,0.01522,0.922734,0.010272,-0.05705,-0.276531,-0.6325012001920671,-0.2323571771483626,0.11617858857419067,0.3711714757095436,0.08069467151637501,-0.5375652415975196,-0.01608257321172457,0.0009601536245793035,0.001440230436869788,-0.4193470955353052,-0.31877100336056197,0.11209793566971488,-0.14165800000000006,0.03697,-0.903325,0.38343800000000006,0.061922000000000005,-0.8574630000000001,0.5250960000000001,0.024952000000000002,0.04586199999999996,0.9730409096033885,0.04138000000000003,0.04138000000000003,0.026959090396611485,0.95862,-0.8574630000000001
1134,4.725,walk,-1.017984,0.014234,0.923231,0.008886,-0.057612,-0.27534,-0.6213102951764028,-0.23662107031438542,0.1192704583633291,0.532512144036627,0.4279878892354876,-0.631935328969592,-0.018478521718235236,0.006959443244541054,-0.003359731221502463,-0.46148308135351473,-0.3695704343652676,0.06983441324694334,-0.139146,0.037985000000000005,-0.903836,0.384104,0.061368000000000006,-0.857669,0.52325,0.023383,0.04616699999999996,0.9666176440047367,0.03833000000000003,0.03833000000000003,0.03338235599526329,0.96167,-0.857669
1135,4.729167,walk,-1.020527,0.013315,0.923757,0.008761,-0.057267,-0.274428,-0.6102711783056242,-0.22054235661143406,0.12622990160785658,0.07915149940202677,-0.15408934376858516,-0.45941550998088054,-0.026877849772040618,0.012239020878326602,-0.0011999040076787195,-0.6009119270457238,-0.2886969042476108,0.1370290376769634,-0.13671500000000014,0.038955,-0.904367,0.384143,0.061084000000000006,-0.857624,0.5208580000000002,0.02212900000000001,0.04674299999999998,0.950737319453765,0.0325700000000001,0.0325700000000001,0.04926268054623495,0.9674299999999999,-0.857624
1136,4.733333,walk,-1.023098,0.012336,0.92433,0.008022,-0.057347,-0.273568,-0.6171387421988249,-0.23499759961595734,0.1375420067210706,0.3073919997564453,0.12381748594126267,-0.44948900028712324,-0.030484877580412458,0.015602496399425757,-0.0033605376860300607,-0.576572251560299,-0.4003840614498644,0.06577052328372976,-0.13427100000000003,0.039999,-0.904954,0.3843120000000001,0.060395000000000004,-0.857923,0.5185830000000001,0.020396000000000004,0.047031000000000045,0.9426497392109471,0.029690000000000105,0.029690000000000105,0.05735026078905292,0.9703099999999999,-0.857923
1137,4.7375,walk,-1.025598,0.011383,0.924779,0.007856,-0.057359,-0.272709,-0.5999520038397075,-0.22870170386370112,0.10775137988962159,0.052219563163355666,0.017275104970472653,-0.43262445576708314,-0.022318214542813287,0.01991840652747865,0.0004799616030714236,-0.6225101991840901,-0.38756899448046056,0.01727861771058457,-0.13186399999999998,0.041035,-0.905401,0.38421800000000006,0.059732999999999994,-0.8583000000000001,0.516082,0.018698,0.04710099999999995,0.9501369658711272,0.02899000000000007,0.02899000000000007,0.04986303412887283,0.9710099999999999,-0.8583000000000001
1138,4.741667,walk,-1.028091,0.010382,0.925268,0.007451,-0.056902,-0.272082,-0.5982721382289878,-0.240220782337424,0.11735061195104007,0.2300173626649183,-0.16572629442797182,-0.32565651489342395,-0.01271898248142145,0.014638828893688827,0.0007199424046075517,-0.676985841132758,-0.3801295896328472,-0.029997600191986037,-0.12942399999999998,0.042096999999999996,-0.905887,0.38389000000000006,0.059149999999999994,-0.858914,0.513314,0.017053,0.04697300000000004,0.9676569540443838,0.03027000000000002,0.03027000000000002,0.03234304595561621,0.96973,-0.858914
1139,4.745833,walk,-1.030578,0.009483,0.925954,0.007639,-0.057127,-0.27123,-0.5969755160824707,-0.2157945271243111,0.1646663466154545,-0.1385505213137458,0.0699792732440019,-0.41808359428733893,0.0028804608737689427,0.009361497839654126,-0.0019203072491590304,-0.7436389822370425,-0.4282285165625912,-0.044167066730668524,-0.12692499999999995,0.043035000000000004,-0.9065810000000001,0.38327900000000004,0.058265000000000004,-0.8597840000000001,0.510204,0.01523,0.04679699999999998,0.9833648400653636,0.03202999999999995,0.03202999999999995,0.01663515993463638,0.96797,-0.8597840000000001
1140,4.75,walk,-1.033059,0.008526,0.926435,0.007533,-0.056871,-0.270468,-0.5953923686105277,-0.22966162706984478,0.11543076553875106,0.06216089715432973,-0.1133806168514159,-0.38342897568993684,0.007919366450672245,0.010319174466041851,0.0026397888168940785,-0.8015358771298685,-0.46292296616272816,-0.10319174466043184,-0.12441100000000005,0.044035,-0.907051,0.38242,0.057293000000000004,-0.860695,0.506831,0.013258000000000006,0.046356000000000064,0.977878478827267,0.03643999999999992,0.03643999999999992,0.022121521172733027,0.9635600000000001,-0.860695
1141,4.754167,walk,-1.035486,0.007611,0.926896,0.007865,-0.057162,-0.269871,-0.58243340532759,-0.2195824334053378,0.11063114950805514,-0.20667215813024647,0.08492768163789723,-0.2865698022129391,0.0028797696184068937,0.00935925125990067,0.004799616030718399,-0.8360931125510443,-0.46460283177348105,-0.08831293496520855,-0.12197200000000019,0.044989,-0.9074920000000001,0.3813629999999999,0.056271999999999996,-0.8615240000000001,0.5033350000000001,0.011282999999999994,0.04596800000000001,0.9818245456083562,0.04032000000000008,0.04032000000000008,0.01817545439164381,0.9596799999999999,-0.8615240000000001
1142,4.758333,walk,-1.037919,0.006654,0.927422,0.008399,-0.056879,-0.269424,-0.584013442150697,-0.22971675468071803,0.12626020163222396,-0.2214859280266311,-0.20524488554341852,-0.20841723019101296,-0.007681228996592816,-0.0021603456553050543,-0.013442150744117377,-0.9433509361496549,-0.5091214594334407,-0.17810849735955192,-0.11957099999999987,0.045937,-0.9080739999999999,0.37986600000000004,0.055108,-0.862792,0.4994369999999999,0.009170999999999999,0.04528199999999993,0.9739466472153311,0.04718,0.04718,0.026053352784668915,0.95282,-0.862792
1143,4.7625,walk,-1.040349,0.005728,0.927906,0.008312,-0.056253,-0.268838,-0.5831533477321917,-0.2222222222222325,0.11615070794337942,0.10590354847223811,-0.2854288877051648,-0.29621754369183884,0.017278617710547936,-0.004079673626109182,0.016558675305976187,-0.9390448764099434,-0.5274778017758817,-0.13654907607392033,-0.11706900000000009,0.046846000000000006,-0.908489,0.3783829999999999,0.053836,-0.863845,0.495452,0.006989999999999996,0.04464400000000002,0.9595379431932562,0.053559999999999997,0.053559999999999997,0.04046205680674375,0.94644,-0.863845
1144,4.766667,walk,-1.042799,0.00487,0.928256,0.008186,-0.056488,-0.267896,-0.587952963762941,-0.20590352771779183,0.08399328053755158,0.003392698442244061,0.11417225655456714,-0.4714458427475124,-0.01751859851211737,0.013198944084473724,-0.011519078473722492,-0.9604031677466122,-0.5327573794096715,-0.22054235661148192,-0.11469200000000002,0.047759,-0.908887,0.376831,0.052474,-0.8651139999999999,0.49152300000000004,0.004714999999999997,0.04377300000000006,0.9587082673173215,0.062269999999999937,0.062269999999999937,0.041291732682678495,0.9377300000000001,-0.8651139999999999
1145,4.770833,walk,-1.045223,0.003967,0.928675,0.008103,-0.055711,-0.267477,-0.581853096495481,-0.21675468074893703,0.1005760921747699,0.12752692831330867,-0.35411906427628353,-0.21349154299850157,-0.0009601536245543194,0.01488238118099003,0.002880460873739576,-1.0748919827173156,-0.5158425348056093,-0.19587133941432283,-0.11227199999999993,0.048724,-0.909294,0.374777,0.051228,-0.866349,0.48704899999999995,0.0025039999999999993,0.04294500000000001,0.974685082381892,0.07055000000000006,0.07055000000000006,0.025314917618108,0.9294499999999999,-0.866349
1146,4.775,walk,-1.047579,0.00308,0.929129,0.008324,-0.054856,-0.266998,-0.5653947684184377,-0.2128629709622874,0.10895128389725904,-0.004376328448609121,-0.42978758883985596,-0.23502031819028527,0.0026397888168901854,0.00815934725221829,0.0026397888168943487,-1.1039116870648615,-0.5761939044875446,-0.1905447564194536,-0.10990499999999992,0.049645,-0.909737,0.372533,0.049714,-0.867597,0.4824379999999999,6.899999999999962e-05,0.042140000000000066,0.9850452611024445,0.0786,0.0786,0.014954738897555497,0.9214,-0.867597
1147,4.779167,walk,-1.04995,0.002228,0.929488,0.009144,-0.054611,-0.266476,-0.5689944804415669,-0.20446364290857663,0.08615310775138339,-0.3603915363422702,-0.2243032477146577,-0.23795429382673153,0.005519558435297642,0.005279577633789822,0.00719942404607635,-1.15454763618916,-0.5709143268538776,-0.2198224142068735,-0.10751100000000013,0.050519,-0.9100659999999999,0.3700929999999999,0.048187,-0.868872,0.47760400000000003,0.0023320000000000007,0.04119399999999995,0.9825062573165351,0.08805999999999992,0.08805999999999992,0.01749374268346493,0.9119400000000001,-0.868872
1148,4.783333,walk,-1.052308,0.001413,0.929834,0.009399,-0.0539,-0.265766,-0.5660105616899349,-0.1956313010081768,0.08305328852618721,-0.04442793865432782,-0.37032264958095074,-0.34811591260848296,0.012001920307275439,-0.00432069131061103,0.01248199711954094,-1.209793566970795,-0.55280844935194,-0.21819491118580703,-0.10510299999999995,0.051316,-0.9103600000000001,0.36741100000000004,0.046699000000000004,-0.8701270000000001,0.472514,0.004616999999999996,0.04023299999999996,0.9702550323324353,0.09766999999999998,0.09766999999999998,0.029744967667564737,0.9023300000000001,-0.8701270000000001
1149,4.7875,walk,-1.054441,0.000202,0.930927,0.007007,-0.054144,-0.265926,-0.511879049676035,-0.2906167506599605,0.2622990160787016,1.0778419172004725,0.4195398011864798,0.015778459743269035,-0.0038396928245780495,0.0011999040076806405,0.0007199424046075517,-1.273578113750973,-0.48836093112553275,-0.17014638828894496,-0.10298600000000002,0.052532,-0.91145,0.3642369999999999,0.045875,-0.871929,0.46722299999999994,0.006657000000000003,0.03952100000000003,0.9931887903503945,0.10479,0.10479,0.006811209649605465,0.8952100000000001,-0.871929
1150,4.791667,walk,-1.056696,-0.000627,0.931347,0.006868,-0.053733,-0.265105,-0.5411567074633407,-0.19894408447320883,0.10079193664507238,0.0961757258425107,-0.1813988506084735,-0.4135165738922862,0.015118790496739544,-0.0050395968322526205,0.012479001679863511,-1.3023758099349774,-0.6045116390687734,-0.24934005279573582,-0.10066799999999998,0.053340000000000005,-0.911818,0.3610650000000001,0.044185,-0.873388,0.46173300000000006,0.009155000000000003,0.038429999999999964,0.9662648861947974,0.11570000000000008,0.11570000000000008,0.033735113805202555,0.8842999999999999,-0.873388
1151,4.795833,walk,-1.058912,-0.001422,0.9318,0.007387,-0.052702,-0.264599,-0.5319251080173238,-0.1908305328852768,0.10873739798366816,-0.12106900364967468,-0.5491704593739617,-0.24150576868962242,0.004080652904502431,0.0033605376860300607,0.00816130580892991,-1.3456553048488824,-0.6044167066731154,-0.2239558329332862,-0.09843499999999983,0.054149,-0.912237,0.3576750000000001,0.042462,-0.8747739999999999,0.4561099999999999,0.011687000000000003,0.037463000000000024,0.9837937037121435,0.12537000000000004,0.12537000000000004,0.016206296287856525,0.87463,-0.8747739999999999
1152,4.8,walk,-1.061198,-0.002218,0.932037,0.007115,-0.052101,-0.263785,-0.5485961123110427,-0.19102471802256688,0.05687544996401573,0.18235485935184675,-0.25262091068733766,-0.4137047407529915,0.00599952003838322,0.003839692824573054,0.005999520038397374,-1.3954883609311928,-0.5939524838013226,-0.20350371970243347,-0.09612399999999988,0.054960999999999996,-0.912449,0.35414600000000007,0.040783,-0.875859,0.45026999999999995,0.014177999999999996,0.0365899999999999,0.9844783554020369,0.13410000000000005,0.13410000000000005,0.015521644597963125,0.8658999999999999,-0.875859
1153,4.804167,walk,-1.063566,-0.00313,0.93221,0.006976,-0.052215,-0.262999,-0.5682745380369651,-0.21886249100072994,0.041516678665703535,0.0308849111908877,0.06236202737567872,-0.39379966916114584,0.0026397888168907483,0.002879769618431872,0.002399808015358783,-1.4442044636429667,-0.640748740100821,-0.22726181905448517,-0.09374499999999997,0.055885000000000004,-0.912612,0.35049600000000003,0.039025000000000004,-0.876979,0.444241,0.01686,0.035633000000000026,0.9923586220404219,0.14367000000000002,0.14367000000000002,0.007641377959578088,0.85633,-0.876979
1154,4.808333,walk,-1.065698,-0.004049,0.932776,0.007635,-0.050765,-0.262732,-0.5117618819010411,-0.22059529524720992,0.13586173787805825,-0.12790865866097367,-0.7583382506542466,-0.12041594762718717,-0.0038406144983230577,-0.02976476236197538,-0.020643302928465616,-1.4791166586651885,-0.6313010081612214,-0.20931349015839842,-0.09162899999999996,0.056679999999999994,-0.9132640000000001,0.34646600000000005,0.037314,-0.878417,0.438095,0.019365999999999994,0.03484700000000007,0.9392903688313974,0.15153000000000005,0.15153000000000005,0.06070963116860262,0.84847,-0.878417
1155,4.8125,walk,-1.067914,-0.004978,0.933222,0.007841,-0.049805,-0.262305,-0.531797456203527,-0.22294216462684008,0.10703143748499323,0.015994452167740203,-0.4755082655168433,-0.2097331968644052,0.007199424046070521,-0.004079673626109182,0.0059995200383965415,-1.5193184545237015,-0.6661867050636263,-0.21406287497001145,-0.08938299999999999,0.057592000000000004,-0.913685,0.34235100000000007,0.035467,-0.879755,0.43173400000000006,0.022125000000000002,0.033930000000000016,0.9829649312542699,0.1607,0.1607,0.01703506874573013,0.8392999999999999,-0.879755
1156,4.816667,walk,-1.070051,-0.005894,0.933715,0.008214,-0.049021,-0.262072,-0.5128389728822061,-0.2198224142068735,0.1183105351571846,-0.0790118702305308,-0.41284504230955227,-0.10849072872691672,0.008399328053757822,-0.006719462443004926,0.0031197504199671675,-1.562994960403237,-0.6719462443004868,-0.2167026637869072,-0.08721099999999993,0.058480000000000004,-0.914165,0.33797500000000014,0.033583,-0.881151,0.42518600000000006,0.024897000000000002,0.03301399999999999,0.9813338742667304,0.16986,0.16986,0.018666125733269645,0.83014,-0.881151
1157,4.820833,walk,-1.072264,-0.006842,0.93377,0.008266,-0.048805,-0.261455,-0.5312049927987815,-0.2275564090254136,0.013202112337978848,-0.010698024591418668,-0.11312733390162837,-0.30592024704522214,0.008161305808949823,-0.0064810369659134975,-0.0004800768122903822,-1.5854536725874215,-0.6581853096494552,-0.1953912626019907,-0.08496399999999982,0.059401,-0.914222,0.3335830000000001,0.031789,-0.88202,0.4185469999999999,0.027612,0.03220199999999995,0.9826121668969974,0.17798000000000008,0.17798000000000008,0.017387833103002626,0.82202,-0.88202
1158,4.825,walk,-1.074305,-0.00782,0.934361,0.009275,-0.047485,-0.261341,-0.48980081593473784,-0.2347012239020987,0.14182865370771183,-0.3035016513676812,-0.7398154721800613,-0.03478813584629512,0.008399328053757822,-0.005999520038398207,-0.0002399808015361281,-1.623950083993347,-0.7151427885769465,-0.1963042956563563,-0.08288799999999985,0.060354,-0.914814,0.32885700000000007,0.029787,-0.883429,0.4117449999999999,0.030566999999999997,0.031384999999999996,0.982792076822411,0.18615000000000004,0.18615000000000004,0.017207923177589013,0.81385,-0.883429
1159,4.829167,walk,-1.076504,-0.008802,0.93466,0.00998,-0.046992,-0.260911,-0.5277177825773794,-0.23566114710824215,0.07175425965924236,-0.2735675270334115,-0.3215094890554219,-0.19750633520100777,0.005039596832212064,0.0004799616030722562,0.005759539236862079,-1.663786897048304,-0.7161027117830902,-0.15910727141829306,-0.08066800000000018,0.061338000000000004,-0.915089,0.32412299999999994,0.027785,-0.884391,0.4047910000000001,0.033553,0.030698000000000003,0.987219786170214,0.19302000000000002,0.19302000000000002,0.012780213829786002,0.80698,-0.884391
1160,4.833333,walk,-1.078467,-0.009728,0.935161,0.010744,-0.045639,-0.260678,-0.4711953912626775,-0.222275564090272,0.1202592414786398,-0.18884420033890498,-0.7257887947463904,-0.09916244136024313,0.0012001920307328738,0.001440230436869788,0.0038406144983197123,-1.68314930388876,-0.7433989438310716,-0.15938550168028098,-0.07869999999999999,0.06227,-0.915574,0.3190740000000001,0.025614,-0.885556,0.39777400000000007,0.036655999999999994,0.03001799999999999,0.992877062804139,0.19982,0.19982,0.00712293719586099,0.80018,-0.885556
1161,4.8375,walk,-1.080519,-0.010758,0.93551,0.011116,-0.045178,-0.260231,-0.4924406047515237,-0.24718022558191197,0.08375329973599094,-0.12357093447952783,-0.26523110375618164,-0.21362080388200275,0.0033597312214917554,0.00887928965682652,0.0019198464122869502,-1.7360211183102354,-0.7688984881208216,-0.1367890568754273,-0.07663400000000009,0.063337,-0.9159149999999999,0.31389200000000006,0.023440000000000003,-0.8864749999999999,0.39052600000000015,0.039897,0.02944000000000002,0.9838569425881121,0.2056,0.2056,0.01614305741188793,0.7944,-0.8864749999999999
1162,4.841667,walk,-1.082454,-0.011754,0.935957,0.011999,-0.044053,-0.259997,-0.46436285097194824,-0.2390208783297446,0.10727141828656267,-0.27273495971014805,-0.6345392144311323,-0.09615642234948212,0.003359731221545758,-0.0004799616030722562,0.004799616030717566,-1.7473002159828235,-0.75929925605955,-0.15694744420447124,-0.07468499999999989,0.064331,-0.916342,0.308546,0.021272,-0.887576,0.3832309999999999,0.043059,0.02876599999999996,0.9902028248028416,0.21234000000000003,0.21234000000000003,0.009797175197158392,0.78766,-0.887576
1163,4.845833,walk,-1.084463,-0.012793,0.936256,0.01249,-0.043573,-0.259461,-0.48223715794529204,-0.2493999039846573,0.07177148343734083,-0.17785790947574537,-0.29002056890519456,-0.2550158042387356,0.003120499279841513,-0.003840614498320545,0.002880460873739576,-1.7743638982238454,-0.7947671627461025,-0.10057609217475658,-0.07266300000000014,0.065354,-0.916629,0.30316299999999996,0.019,-0.888294,0.3758260000000001,0.046354,0.028335,0.9904569847640996,0.21665,0.21665,0.009543015235900398,0.78335,-0.888294
1164,4.85,walk,-1.086337,-0.013689,0.936573,0.012889,-0.042644,-0.258939,-0.44972402207829104,-0.21502279817615555,0.07607391408687933,-0.07890859637600578,-0.4866587393415191,-0.24982171956316976,0.005759539236867074,-0.0028797696184302067,0.004799616030718399,-1.805615550756016,-0.8188144948404501,-0.09359251259899504,-0.07076499999999997,0.06623799999999999,-0.916926,0.29751300000000014,0.016484,-0.8890009999999999,0.3682780000000001,0.049754,0.02792500000000009,0.9866145104146138,0.22075,0.22075,0.013385489585386212,0.77925,-0.8890009999999999
1165,4.854167,walk,-1.088206,-0.014745,0.936928,0.013364,-0.041681,-0.258479,-0.4485241180704549,-0.25341972642184374,0.08519318454522072,-0.10872086521637539,-0.5110972114847939,-0.21710656853345436,0.002399808015374091,-0.004079673626108313,0.0007199424046073983,-1.8044156467479708,-0.8545716342691153,-0.08519318454522239,-0.068886,0.067277,-0.917278,0.291863,0.013979,-0.889711,0.360749,0.053298000000000005,0.027567000000000008,0.9920206634096127,0.22433000000000003,0.22433000000000003,0.007979336590387298,0.77567,-0.889711
1166,4.858333,walk,-1.089999,-0.015758,0.937327,0.013516,-0.040967,-0.258016,-0.430388862217973,-0.24315890542488766,0.09577532405186505,0.009891132647995484,-0.3556599333077802,-0.2257407279565917,-0.00048007681230380936,-0.007201152184350606,0.0038406144983197123,-1.8199711953914015,-0.8828612578013181,-0.081853096495446,-0.06709500000000013,0.06826,-0.9176610000000001,0.28607399999999994,0.011314000000000001,-0.890451,0.35316900000000007,0.056946,0.027210000000000067,0.9863743107969833,0.2279,0.2279,0.013625689203016655,0.7721,-0.890451
1167,4.8625,walk,-1.091863,-0.016827,0.937628,0.014079,-0.040276,-0.257527,-0.44732421406291645,-0.2565394768418645,0.07223422126230128,-0.18386561117850386,-0.39598587421273707,-0.22979888486564926,0.0019198464122890248,0.007679385649147773,0.011999040076794748,-1.868010559155356,-0.8576913846892642,-0.0011999040076789752,-0.06522300000000003,0.069361,-0.9179120000000001,0.280154,0.008809,-0.890757,0.34537700000000005,0.060551999999999995,0.02715500000000004,0.9760419500330009,0.22845,0.22845,0.02395804996699913,0.77155,-0.890757
1168,4.866667,walk,-1.0936,-0.01782,0.93797,0.014805,-0.039591,-0.257247,-0.4168466522678082,-0.23830093592513624,0.08207343412526255,-0.2564937404865483,-0.4107810023700179,-0.12243822190369325,-0.0038396928245780495,0.0016798656107512315,0.002639788816894911,-1.8584113270939109,-0.9116870650348385,-0.009119270458364541,-0.06350200000000017,0.07036099999999999,-0.9182429999999999,0.2741469999999999,0.006003,-0.891137,0.3376490000000001,0.064358,0.027105999999999963,0.9917447534434989,0.22894000000000003,0.22894000000000003,0.008255246556501117,0.77106,-0.891137
1169,4.870833,walk,-1.095414,-0.018853,0.938292,0.014097,-0.038913,-0.256709,-0.43542966874699024,-0.24795967354773507,0.07729236677868491,0.4029339620875858,-0.23406419448980315,-0.28034131336115586,-0.0014402304368578219,0.005280844935189207,0.00960153624579765,-1.8742198751797867,-0.9601536245798046,-0.00120019203072429,-0.061693999999999916,0.07141600000000001,-0.918525,0.2681530000000001,0.0030360000000000005,-0.891464,0.329847,0.06838,0.027061,0.9815796696539959,0.22938999999999998,0.22938999999999998,0.0184203303460041,0.77061,-0.891464
1170,4.875,walk,-1.097049,-0.019894,0.938706,0.01529,-0.037619,-0.256536,-0.3923686105111365,-0.24982001439885873,0.09935205183586378,-0.3961606916963697,-0.7493435081382037,-0.058874271752630936,-0.0007199424046017234,0.0004799616030722562,0.006719462443004926,-1.8581713462923681,-0.9822414206863898,0.027357811375090295,-0.06006200000000006,0.072459,-0.918911,0.262045,-1.6000000000002124e-05,-0.891764,0.32210700000000003,0.072475,0.027147000000000032,0.9887084279549695,0.22853000000000007,0.22853000000000007,0.011291572045030507,0.7714699999999999,-0.891764
1171,4.879167,walk,-1.098803,-0.020985,0.938888,0.015155,-0.03734,-0.25609,-0.4209263258939557,-0.2618190544756543,0.043676505879508706,0.08983953396094684,-0.11834781182283063,-0.22335929601138538,0.0047996160306959185,0.012239020878330877,0.01079913606911494,-1.896568274538122,-0.9930405567555047,0.06743460523158538,-0.05828800000000012,0.073601,-0.919048,0.255896,-0.0030629999999999998,-0.8916649999999999,0.31418400000000013,0.07666400000000001,0.027383000000000046,0.9716445534361077,0.22616999999999998,0.22616999999999998,0.028355446563892328,0.77383,-0.8916649999999999
1172,4.883333,walk,-1.100407,-0.021932,0.93907,0.016083,-0.035927,-0.255671,-0.3850216034564868,-0.22731637061926863,0.04368698991838481,-0.26298934980680083,-0.7749684856475987,-0.18567817215447516,-0.0004800768122504078,-0.010081613058088032,0.001440230436869481,-1.8857417186747558,-1.0415266442629423,0.06553048487757054,-0.056686000000000014,0.074506,-0.9192239999999999,0.24964399999999987,-0.006454999999999999,-0.891574,0.3063299999999999,0.080961,0.027649999999999952,0.9830078727943761,0.22350000000000003,0.22350000000000003,0.01699212720562393,0.7765,-0.891574
1173,4.8875,walk,-1.102056,-0.023015,0.939354,0.016496,-0.035466,-0.255347,-0.39572834173268223,-0.25989920806336697,0.0681545476362071,-0.13975253835322615,-0.26856760342072084,-0.15131464051449114,-0.007439404847639953,-0.012239020878330877,0.003839692824574719,-1.8975281977442664,-1.061195104391697,0.10055195584353775,-0.05506800000000012,0.075538,-0.919492,0.24338599999999988,-0.009793999999999997,-0.891439,0.298454,0.08533199999999999,0.028052999999999995,0.975285990391503,0.21947000000000005,0.21947000000000005,0.024714009608497012,0.78053,-0.891439
1174,4.891667,walk,-1.103649,-0.024076,0.939557,0.016748,-0.034824,-0.255298,-0.38228941684671236,-0.25461963042957714,0.048716102711774054,-0.03874432426946722,-0.3294935726961059,-0.017269056897405093,0.012958963282937596,0.007679385649147773,0.032157427405808695,-1.894648428125833,-1.0933525317975072,0.11807055435565679,-0.05342099999999994,0.076631,-0.919561,0.23708400000000007,-0.013289000000000002,-0.89115,0.290505,0.08992,0.028410999999999964,0.9408155465543733,0.21589000000000003,0.21589000000000003,0.05918445344562673,0.78411,-0.89115
1175,4.895833,walk,-1.105361,-0.025153,0.939708,0.016668,-0.034731,-0.254973,-0.41094575132022837,-0.25852136341816695,0.03624579932789827,0.04380035044349229,-0.03746258737485102,-0.16247697119985124,-0.004560729716752941,-0.001440230436869788,0.00624099855977047,-1.8960633701393699,-1.1156985117619702,0.13850216034566654,-0.051727999999999996,0.077702,-0.919686,0.23089700000000002,-0.016860000000000003,-0.890724,0.282625,0.09456200000000001,0.028962000000000043,0.9868952317537538,0.21038,0.21038,0.013104768246246179,0.78962,-0.890724
1176,4.9,walk,-1.106985,-0.026238,0.939839,0.016959,-0.034335,-0.254957,-0.38972882169421597,-0.2603791696663837,0.031437485001192776,-0.0866466294827567,-0.21959332834689116,-0.0009917420677806813,-0.004799616030694896,-0.007199424046073982,0.009119270458361766,-1.8900887928962502,-1.1387089032875461,0.1487880969522195,-0.050123999999999835,0.07875700000000001,-0.919779,0.2246450000000001,-0.02052,-0.890235,0.27476899999999993,0.099277,0.029544000000000015,0.9790483947625035,0.20456000000000002,0.20456000000000002,0.020951605237496507,0.7954399999999999,-0.890235
1177,4.904167,walk,-1.108592,-0.027356,0.940143,0.016995,-0.034235,-0.255085,-0.38564914806815154,-0.2682985361171223,0.07295416366690301,-0.002600495055441791,-0.049226151006254854,0.06455887711586115,-0.008159347252241676,-0.0047996160307192315,0.00623950083993267,-1.902327813774989,-1.1593472522198758,0.17350611951044576,-0.04855100000000001,0.079855,-0.9200569999999999,0.218325,-0.024233000000000005,-0.8898159999999999,0.266876,0.104088,0.030240999999999962,0.981103892790921,0.19759000000000004,0.19759000000000004,0.01889610720907897,0.80241,-0.8898159999999999
1178,4.908333,walk,-1.110074,-0.028374,0.940343,0.017942,-0.033019,-0.255218,-0.35573691790688927,-0.24435909745561263,0.048007681229021805,-0.2882332601704077,-0.678740976231787,0.08839992833355226,-0.0024003840614657476,-0.0016802688430150303,0.004560729716755439,-1.897023523763951,-1.186509841574745,0.19971195391264338,-0.04707900000000009,0.080866,-0.920238,0.21190399999999998,-0.028158,-0.8891840000000001,0.2589830000000001,0.109024,0.031053999999999915,0.9909652826126962,0.18946000000000002,0.18946000000000002,0.00903471738730377,0.81054,-0.8891840000000001
1179,4.9125,walk,-1.111615,-0.029457,0.940483,0.018196,-0.032356,-0.255298,-0.369810415166807,-0.25989920806336697,0.03359731221500464,-0.03532786496635049,-0.33782103793500545,0.047199534182439516,0.0088792896568434,0.020398368130550903,0.011039116870650236,-1.8828893688505826,-1.176865850731995,0.22990160787137925,-0.045501000000000014,0.082034,-0.9203319999999999,0.20559899999999998,-0.031978999999999994,-0.888366,0.2511,0.114013,0.03196599999999994,0.9586076594416486,0.18034000000000006,0.18034000000000006,0.04139234055835139,0.8196599999999999,-0.888366
1180,4.916667,walk,-1.11316,-0.030549,0.940625,0.01775,-0.03219,-0.255351,-0.3707703383728459,-0.26205903527713376,0.034077273818109606,0.22797168983384292,-0.021848450049301364,0.01922294502364404,-0.00287976961840628,0.00023998080153607695,0.0,-1.8924886009115978,-1.208543316534476,0.2296616270697975,-0.04396800000000001,0.083127,-0.920474,0.19925799999999994,-0.035923000000000004,-0.8875510000000001,0.24322599999999994,0.11905,0.032922999999999925,0.9951837474687258,0.17076999999999992,0.17076999999999992,0.004816252531274157,0.8292300000000001,-0.8875510000000001
1181,4.920833,walk,-1.114676,-0.031649,0.94061,0.017618,-0.032187,-0.25546,-0.36389822371584085,-0.26404224675950166,-0.0036005760921986214,0.06305568316284685,0.016120782323479018,0.051729997016395815,-0.001440230436911428,-0.004800768122899849,0.008401344215075152,-1.8737397983678823,-1.2045127220356198,0.27460393662988236,-0.04245800000000011,0.084207,-0.9204239999999999,0.19296800000000003,-0.039841,-0.886392,0.23542600000000014,0.12404799999999999,0.03403199999999995,0.9836952441411994,0.15967999999999993,0.15967999999999993,0.016304755858800646,0.8403200000000001,-0.886392
1182,4.925,walk,-1.11618,-0.032733,0.940751,0.018287,-0.032279,-0.25564,-0.36093112550996365,-0.26013918886490306,0.03383729301657408,-0.3192488385878802,-0.036870847885431386,0.10074796756190778,-0.0014398848092034469,-0.00623950083993267,0.0028797696184310394,-1.865610751140008,-1.2548596112311583,0.2740580753539835,-0.04096000000000011,0.08526500000000001,-0.920553,0.18669799999999992,-0.043986,-0.885391,0.22765800000000003,0.129251,0.035161999999999916,0.9882979450937341,0.14838,0.14838,0.011702054906265857,0.85162,-0.885391
1183,4.929167,walk,-1.117627,-0.033799,0.940801,0.018702,-0.031852,-0.255948,-0.3472522198224243,-0.25581953443725775,0.011999040076793083,-0.13591846503665175,-0.24504186933836297,0.16219040330968093,0.007199424046070521,0.0021598272138218222,0.003359731221502463,-1.817854571634352,-1.2440604751620459,0.32397408207344985,-0.03948300000000016,0.08634,-0.920589,0.1805699999999999,-0.048104,-0.884091,0.22005300000000005,0.134444,0.03649800000000003,0.9862781243113371,0.13501999999999997,0.13501999999999997,0.013721875688662899,0.8649800000000001,-0.884091
1184,4.933333,walk,-1.119116,-0.034905,0.940888,0.018629,-0.032109,-0.256137,-0.35741718674984974,-0.26548247719631485,0.020883341334598314,0.004653036212402518,0.13072124351833386,0.09122823955043306,0.002400384061465236,0.0024003840614502453,0.010321651464232392,-1.855256841094323,-1.2652424387900365,0.3053288526163766,-0.03798400000000002,0.087456,-0.9206329999999999,0.17432999999999998,-0.052269,-0.882906,0.212314,0.139725,0.037726999999999955,0.981890750043594,0.12273000000000006,0.12273000000000006,0.01810924995640595,0.87727,-0.882906
1185,4.9375,walk,-1.120291,-0.03583,0.941452,0.017501,-0.030276,-0.256154,-0.2819774418046508,-0.221982241420697,0.13534917206624303,0.7492246741886787,-0.7121265237417536,-0.0023333314635310535,0.0,0.0021598272138234876,0.0043196544276461425,-1.8233741300696762,-1.2826973842093223,0.31845452363812393,-0.03680900000000009,0.08839,-0.921179,0.16790699999999992,-0.056689,-0.8821429999999999,0.204716,0.145079,0.03903600000000007,0.9919507992170624,0.10964000000000002,0.10964000000000002,0.008049200782937582,0.89036,-0.8821429999999999
1186,4.941667,walk,-1.121531,-0.03682,0.941939,0.017644,-0.029175,-0.256271,-0.2975761939045324,-0.2375809935205287,0.11687065034798115,0.07076051995559021,-0.5270711058173658,0.06557261198255611,-0.004559635229179773,-0.0016798656107512315,0.01079913606911494,-1.8315334773218912,-1.2699784017279176,0.3424526037917118,-0.03558799999999995,0.08937300000000001,-0.921621,0.16151500000000008,-0.060991,-0.881203,0.19710300000000003,0.150364,0.040418000000000065,0.9802632912703384,0.09582000000000007,0.09582000000000007,0.0197367087296616,0.90418,-0.881203
1187,4.945833,walk,-1.123098,-0.037946,0.941563,0.017285,-0.030503,-0.256288,-0.376140182429108,-0.2702832453192153,-0.09025444071048526,0.003020976111496386,0.660711542127453,-0.0037180554615665975,-0.0002400384061252039,0.0067210753720586885,0.0033605376860293443,-1.769323091694438,-1.3012481997117817,0.31877100336049563,-0.034022,0.090527,-0.921231,0.15571099999999993,-0.06528600000000001,-0.879499,0.18973299999999993,0.155813,0.04173199999999999,0.9874696273296827,0.08267999999999998,0.08267999999999998,0.012530372670317313,0.91732,-0.879499
1188,4.95,walk,-1.124576,-0.039043,0.94137,0.017666,-0.031059,-0.256566,-0.35469162467006426,-0.26325893928486943,-0.0463162946964261,-0.24178542760687552,0.21466552908227046,0.14203111428532417,-0.00287976961846018,-0.002639788816895744,0.010079193664507389,-1.77849772018248,-1.2682985361171681,0.3676505879529802,-0.03255600000000003,0.091613,-0.920996,0.14977799999999997,-0.06947400000000001,-0.877774,0.182334,0.161087,0.04322199999999998,0.9819836722989133,0.06778000000000006,0.06778000000000006,0.018016327701086743,0.9322199999999999,-0.877774
1189,4.954167,walk,-1.125777,-0.040039,0.941739,0.017053,-0.030362,-0.256521,-0.2882169426446034,-0.23902087832974378,0.08855291576673135,0.3697143700050374,-0.2486807840421255,-0.02963063221671917,-0.005039596832265351,0.003119750419966335,0.009359251259899837,-1.7624190064795395,-1.3110151187905557,0.35277177825775524,-0.03137600000000007,0.092622,-0.921326,0.14363500000000007,-0.073941,-0.876673,0.17501100000000014,0.166563,0.04465299999999994,0.9815363748698664,0.05347000000000002,0.05347000000000002,0.018463625130133554,0.94653,-0.876673
1190,4.958333,walk,-1.127009,-0.040997,0.942069,0.017683,-0.029162,-0.256794,-0.29572731637061866,-0.22995679308691225,0.07921267402786332,-0.1407640877693879,-0.6311185035588662,0.15138841330082,-0.01608257321167127,-0.0045607297167546065,-0.019923187710035123,-1.7690830532886634,-1.3103696591455685,0.3317330772923917,-0.030210999999999988,0.093561,-0.9217390000000001,0.13749699999999998,-0.07844200000000001,-0.8756210000000001,0.16770799999999997,0.17200300000000002,0.04611799999999999,0.9566543983652784,0.03882000000000008,0.03882000000000008,0.043345601634721564,0.9611799999999999,-0.8756210000000001
1191,4.9625,walk,-1.128394,-0.042085,0.942089,0.017926,-0.029202,-0.256774,-0.33237341012712684,-0.2610991120709903,0.004799616030694896,-0.11785936193288146,-0.01157669537219311,-0.006209856254494381,-0.00071994240460157,0.0019198464122869502,0.006479481641467416,-1.7559395248377232,-1.297096232301197,0.34149268058549775,-0.028828999999999994,0.09465699999999999,-0.921732,0.13156499999999993,-0.082759,-0.8742179999999999,0.16039399999999993,0.177416,0.047514000000000056,0.9886730643480502,0.024859999999999993,0.024859999999999993,0.011326935651949754,0.97514,-0.8742179999999999
1192,4.966667,walk,-1.12969,-0.043153,0.942203,0.017738,-0.029503,-0.256783,-0.31101511879055554,-0.25629949604032837,0.02735781137510528,0.05011415259012407,0.16289581232520428,-6.658697323625114e-05,-0.0002399808015694321,0.0016798656107512315,0.007679385649148605,-1.7161027117831669,-1.2438204943605096,0.38036957043438335,-0.027533999999999947,0.095732,-0.921814,0.12571,-0.086874,-0.872747,0.15324399999999994,0.182606,0.04906699999999997,0.9868922729316236,0.009330000000000005,0.009330000000000005,0.013107727068376374,0.9906699999999999,-0.872747
1193,4.970833,walk,-1.131048,-0.04424,0.942002,0.017245,-0.030145,-0.256829,-0.3259721555449059,-0.2609217474796185,-0.04824771963514706,0.14990943910798032,0.35917800772449787,0.011715122555530111,-0.002160345655287193,0.007921267402784668,0.0016802688430150303,-1.6908305328853543,-1.246279404704852,0.38766202592417653,-0.026184999999999903,0.096852,-0.921606,0.12002400000000013,-0.090979,-0.870931,0.14620900000000003,0.187831,0.050675000000000026,0.9860320929347999,0.0,0.0,0.013967907065200125,1.0,-0.870931
1194,4.975,walk,-1.132324,-0.045282,0.942191,0.016672,-0.030112,-0.256697,-0.30621550275980636,-0.2500599952003957,0.045356371490281586,0.2681601027448978,0.05357690120442417,-0.0748778632255896,-0.0023998080153746024,0.0009599232061445124,0.00983921286297126,-1.7919366450685033,-1.3376529877610392,0.3158147348212315,-0.024918999999999913,0.09789800000000001,-0.921754,0.11383300000000007,-0.095511,-0.869804,0.138752,0.193409,0.05194999999999994,0.9830449416892767,0.0,0.0,0.016955058310723303,1.0,-0.869804
1195,4.979167,walk,-1.133594,-0.046341,0.942131,0.017263,-0.030102,-0.256722,-0.3047756179504847,-0.2541396688264507,-0.014398848092137973,-0.27252132141800844,-0.07700409000534365,0.02230561001667237,-0.003119750419975661,0.0047996160307165435,0.0026397888168943487,-1.668586513078671,-1.2814974802013719,0.37461003119743974,-0.023662000000000072,0.09897700000000001,-0.921683,0.10814999999999997,-0.09979200000000002,-0.868183,0.13181200000000004,0.19876900000000003,0.05349999999999999,0.9894937000747369,0.0,0.0,0.010506299925263085,1.0,-0.868183
1196,4.983333,walk,-1.134824,-0.047419,0.942209,0.017251,-0.03042,-0.256566,-0.2952472395583682,-0.258761401824313,0.018722995679288923,-0.03561725793152828,0.14717642300593195,-0.07908806269928005,-0.004080652904449132,0.004080652904464122,0.006721075372060121,-1.6593855016803876,-1.262121939510418,0.3394143062890328,-0.02244899999999994,0.100072,-0.9217329999999999,0.10246700000000009,-0.103972,-0.8668469999999999,0.12491600000000003,0.204044,0.05488599999999999,0.9852355240140571,0.0,0.0,0.014764475985942882,1.0,-0.8668469999999999
1197,4.9875,walk,-1.135911,-0.048434,0.942379,0.017975,-0.029541,-0.25647,-0.2608591312694715,-0.24358051355892524,0.04079673626110181,-0.2284777999993574,-0.49801659358173495,-0.03145870878119852,-0.001679865610772879,0.0014398848092151033,0.012479001679866172,-1.6366690664747683,-1.2798176145908922,0.33405327573795723,-0.021369000000000193,0.10109299999999999,-0.921851,0.09673399999999988,-0.10829,-0.865625,0.11810300000000007,0.20938299999999999,0.056226,0.9788772963338701,0.0,0.0,0.021122703666129894,1.0,-0.865625
1198,4.991667,walk,-1.137055,-0.049477,0.942566,0.01884,-0.02913,-0.256373,-0.2745380369570641,-0.2502999760019318,0.04487640988722265,-0.35161671622047064,-0.2981708357359485,-0.03186810592521662,-0.003359731221492472,-0.0002399808015344629,0.007679385649147773,-1.6157907367411053,-1.275497960163242,0.32493400527959104,-0.020239000000000118,0.102135,-0.922006,0.09114500000000003,-0.112562,-0.8644580000000001,0.11138400000000015,0.214697,0.05754799999999993,0.9860239939127691,0.0,0.0,0.01397600608723093,1.0,-0.8644580000000001
1199,4.995833,walk,-1.137614,-0.050533,0.943538,0.022984,-0.026906,-0.258066,-0.1341814690350219,-0.2534805568890686,0.2333173307728859,-1.628617181596471,-1.5194169496561962,0.9217564377162407,-0.00264042246759044,0.0016802688430130066,0.00768122899663862,-1.5964954392701136,-1.2395583293325276,0.31997119539121993,-0.019691000000000125,0.103198,-0.922946,0.08505299999999982,-0.11667,-0.864097,0.10474399999999995,0.21986799999999998,0.05884900000000004,0.9861760661360492,0.0,0.0,0.013823933863950755,1.0,-0.864097
1200,5.0,walk,-1.138842,-0.051556,0.943423,0.022434,-0.027523,-0.257489,-0.29469642428607223,-0.24550035997121258,-0.027597792176621425,0.17264674874640049,0.34573508272619147,-0.2998658978286141,-0.0023998080153746024,0.0009599232061445124,0.008639308855292285,-1.581233501319956,-1.2395008399328626,0.30405567554597124,-0.018473000000000184,0.104225,-0.922795,0.07969199999999987,-0.120812,-0.862715,0.09816500000000006,0.225037,0.06008000000000002,0.9849705669721891,0.0,0.0,0.015029433027810901,1.0,-0.862715
1201,5.004167,walk,-1.140037,-0.052667,0.94333,0.022713,-0.027935,-0.256996,-0.2867770578354,-0.2666186705063719,-0.02231821454283993,-0.18551931312900252,0.1496661581582696,-0.24320369323493665,0.003119750419976326,0.004799616030717566,0.012958963282937596,-1.5545956323494792,-1.2390208783297905,0.2906167506599614,-0.017265000000000086,0.105356,-0.922648,0.07440899999999995,-0.124864,-0.861411,0.09167400000000003,0.23021999999999998,0.061236999999999986,0.9763883335042829,0.0,0.0,0.02361166649571711,1.0,-0.861411
1202,5.008333,walk,-1.141206,-0.053845,0.943225,0.023348,-0.02874,-0.25678,-0.2806048967834419,-0.28276524243875195,-0.02520403264522508,-0.3964249251181959,0.29228086592375646,-0.1026267168206036,-0.01608257321172114,-0.01632261161785634,-0.0031204992798841533,-1.5309649543924964,-1.1949111857895687,0.2676428228516182,-0.01616300000000015,0.106466,-0.9225559999999999,0.06919999999999993,-0.128664,-0.8601909999999999,0.08536300000000008,0.23513,0.062365000000000004,0.9614565783501002,0.0,0.0,0.03854342164989977,1.0,-0.8601909999999999
1203,5.0125,walk,-1.142325,-0.055054,0.943259,0.024089,-0.028908,-0.256769,-0.26853851691868086,-0.2901367890568891,0.008159347252215033,-0.3645551091205536,-0.013298938250156734,0.005704881316479248,-0.0035997120230086173,-0.0004799616030722562,0.006959443244541054,-1.4941204703624549,-1.1567074634029784,0.2630189584833333,-0.015058999999999934,0.10767299999999999,-0.922561,0.06409299999999996,-0.132275,-0.8591289999999999,0.07915199999999989,0.239948,0.06343200000000004,0.9869167048765946,0.0,0.0,0.013083295123405447,1.0,-0.8591289999999999
1204,5.016667,walk,-1.143222,-0.056008,0.943532,0.023104,-0.028082,-0.256165,-0.21526277897767376,-0.22894168466523807,0.06551475881931634,0.5523971363098233,-0.27135847696512094,-0.3098385613794272,-0.0014398848092034469,-0.0002399808015361281,0.009599232061435132,-1.5089992800576282,-1.2553395728342338,0.2140628749700131,-0.014167999999999958,0.108626,-0.922794,0.05870200000000003,-0.136552,-0.85851,0.07286999999999999,0.245178,0.06428400000000001,0.9838173519525315,0.0,0.0,0.016182648047468495,1.0,-0.85851
1205,5.020833,walk,-1.144382,-0.057147,0.943632,0.022238,-0.028513,-0.255507,-0.27844455112821453,-0.2734037445991578,0.024003840614497576,0.341733827569579,0.2966151904704179,-0.34397176139609015,-0.00024003840617855429,0.0007201152184357268,0.0031204992798848185,-1.4781565050409495,-1.213394143062987,0.21147383581374524,-0.013009000000000048,0.109768,-0.9228810000000001,0.053703999999999974,-0.140468,-0.8577290000000001,0.06671300000000002,0.250236,0.06515199999999999,0.9946475083372255,0.0,0.0,0.005352491662774517,1.0,-0.8577290000000001
1206,5.025,walk,-1.145483,-0.058245,0.943685,0.021002,-0.028236,-0.254718,-0.26421886249096094,-0.26349892008634773,0.012718982481392095,0.5989165833338145,0.0113680881188159,-0.4097447710418388,-0.0009599232061176645,0.0011999040076787195,0.006239500839932172,-1.4444444444442017,-1.1720662347010276,0.17902567794573687,-0.011911999999999923,0.110871,-0.922908,0.048785999999999996,-0.14425400000000002,-0.857036,0.06069799999999992,0.255125,0.06587199999999993,0.9892901145196493,0.0,0.0,0.010709885480350678,1.0,-0.857036
1207,5.029167,walk,-1.146525,-0.059373,0.943597,0.021618,-0.029175,-0.254084,-0.25005999520039235,-0.2706983441324827,-0.02111831053515263,-0.40784446352128045,0.3521360129885134,-0.31046281684389,-0.0011999040076873012,0.0011999040076789752,0.0028797696184302067,-1.4346052315815483,-1.1699064074874521,0.1651067914566896,-0.010874999999999968,0.11200399999999999,-0.9228080000000001,0.043849999999999945,-0.148001,-0.85626,0.05472499999999991,0.260005,0.06654800000000005,0.9944290903618933,0.0,0.0,0.005570909638106691,1.0,-0.85626
1208,5.033333,walk,-1.148261,-0.060543,0.942775,0.01605,-0.031306,-0.25152,-0.4167066730677142,-0.280844935189652,-0.19731156985118928,2.2950844480229637,1.6313702948360442,-1.3767652573395772,0.0009601536245543194,0.002160345655305515,0.005520883341335575,-1.4018242918867758,-1.1651464234278401,0.12506000960154798,-0.009135000000000115,0.113183,-0.921963,0.03974600000000006,-0.15168500000000001,-0.854917,0.048881000000000174,0.264868,0.06704599999999994,0.9899904016617134,0.0,0.0,0.01000959833828663,1.0,-0.854917
1209,5.0375,walk,-1.149255,-0.061749,0.942942,0.017039,-0.03163,-0.251227,-0.2385409167266582,-0.28941684665228073,0.04007679385647344,-0.5022645963033759,0.028038583123287025,-0.12944799952494154,0.0009599232061711556,0.0009599232061445124,0.0028797696184302067,-1.3786897048237037,-1.1430285577154324,0.09767218622510422,-0.00813700000000006,0.114393,-0.922118,0.03499499999999989,-0.155242,-0.8546769999999999,0.04313199999999995,0.269635,0.06744100000000008,0.994693824829431,0.0,0.0,0.005306175170568972,1.0,-0.8546769999999999
1210,5.041667,walk,-1.150227,-0.062889,0.942938,0.016236,-0.031733,-0.250465,-0.23326133909288027,-0.2735781137508546,-0.0009599232061176645,0.3505047755732352,0.1352534571957706,-0.3918706520431236,0.00215982721380471,0.0,0.0050395968322526205,-1.3746100311972633,-1.141348692104443,0.080873530117578,-0.00715599999999994,0.115533,-0.922093,0.030239000000000127,-0.158858,-0.8543360000000001,0.03739500000000007,0.274391,0.06775699999999996,0.9908618033287102,0.0,0.0,0.009138196671289789,1.0,-0.8543360000000001
1211,5.045833,walk,-1.151131,-0.064009,0.943125,0.015731,-0.031793,-0.250015,-0.21699471915503252,-0.26884301488240153,0.044887181949100345,0.22144083020265534,0.08320866704900798,-0.2319576103269523,-0.0007201152184290645,0.0016802688430150303,0.0024003840614499243,-1.3278924627941744,-1.104656745079299,0.016802688430150304,-0.006255000000000122,0.11666,-0.92227,0.02561099999999983,-0.16233999999999998,-0.854453,0.03186599999999995,0.279,0.06781700000000002,0.9949712733677503,0.0,0.0,0.005028726632249736,1.0,-0.854453
1212,5.05,walk,-1.152173,-0.065189,0.942942,0.015357,-0.032381,-0.249278,-0.25005999520039235,-0.28317734581234805,-0.043916486681078136,0.09321981963303881,0.30968488879230405,-0.37365404823180426,0.001679865610772879,0.0002399808015344629,0.007199424046077182,-1.3227741780658058,-1.1031917446604818,0.005519558435324285,-0.005206000000000044,0.117841,-0.9220569999999999,0.021140999999999854,-0.16575700000000002,-0.854247,0.0263469999999999,0.283598,0.06780999999999993,0.9876721582213948,0.0,0.0,0.012327841778605242,1.0,-0.854247
1213,5.054167,walk,-1.153053,-0.066399,0.943035,0.015851,-0.032437,-0.248925,-0.21118310535163287,-0.29037676985842525,0.02231821454283993,-0.24104809501139707,-0.036953251895038806,-0.16639190272015264,0.0016798656107195925,-0.00047996160307059096,0.004079673626110014,-1.2841372690185093,-1.0868730501560318,-0.026157907367411318,-0.004318999999999962,0.119049,-0.922133,0.016670000000000185,-0.169076,-0.854449,0.020989000000000146,0.28812499999999996,0.06768399999999997,0.9926032949328625,0.0,0.0,0.007396705067137521,1.0,-0.854449
1214,5.058333,walk,-1.153935,-0.067545,0.943161,0.015835,-0.032282,-0.248301,-0.21171387421980536,-0.27508401344211253,0.030244839174280752,0.017495777632175094,-0.07742539194702537,-0.30872451346414775,0.001200192030732618,0.0004800768122887166,0.004560729716753634,-1.2352376380219408,-1.040566490638364,-0.08689390302447257,-0.0034320000000001016,0.120197,-0.9222400000000001,0.012405999999999917,-0.172265,-0.8549370000000001,0.01583800000000002,0.292462,0.067303,0.9920993688357598,0.0,0.0,0.007900631164240224,1.0,-0.8549370000000001
1215,5.0625,walk,-1.154826,-0.068712,0.943229,0.016031,-0.032035,-0.247957,-0.21382289416847033,-0.28005759539238173,0.016318694504430065,-0.06624290821763411,-0.14218786840656517,-0.16611418650772347,-0.0023998080153746024,0.0016798656107512315,0.0009599232061436797,-1.2577393808496018,-1.069354451643921,-0.06047516198704433,-0.002551000000000192,0.12137099999999999,-0.922304,0.008055999999999841,-0.17555400000000002,-0.8552569999999999,0.010607000000000033,0.296925,0.06704700000000008,0.9948623179830746,0.0,0.0,0.005137682016925438,1.0,-0.8552569999999999
1216,5.066667,walk,-1.155798,-0.069932,0.943177,0.015685,-0.032403,-0.24736,-0.23326133909293,-0.2927765778737832,-0.012479001679852017,0.10891913018437584,0.205332043673839,-0.30292578089823086,-0.0011999040076340148,0.003119750419966335,0.0016798656107512315,-1.1931845452364298,-1.0287976961843488,-0.11375089992800815,-0.0015839999999998078,0.12260399999999999,-0.9222450000000001,0.0040560000000000596,-0.178621,-0.8556790000000001,0.005639999999999867,0.30122499999999997,0.06656600000000001,0.9937651158835057,0.0,0.0,0.00623488411649431,1.0,-0.8556790000000001
1217,5.070833,walk,-1.156695,-0.071161,0.943063,0.015453,-0.032668,-0.246803,-0.21531445031200322,-0.29500720115214674,-0.02736437830053846,0.06873235398478374,0.14442238847341538,-0.28066884162490596,-0.00264042246759044,0.0024003840614502453,-0.0019203072491590304,-1.2198751800286487,-1.0242438790205044,-0.15146423427746566,-0.0006979999999998654,0.12384300000000001,-0.9221389999999999,-0.00012900000000004574,-0.181659,-0.856196,0.0005689999999998197,0.305502,0.06594299999999997,0.9932461421762996,0.0,0.0,0.006753857823700415,1.0,-0.856196
1218,5.075,walk,-1.157578,-0.072369,0.943099,0.015086,-0.032883,-0.246392,-0.2119030477561813,-0.28989680825535297,0.008639308855300612,0.13943726154665328,0.1387243718871889,-0.21069735683127255,0.00431965442761034,0.0021598272138234876,0.003119750419966335,-1.1653467722582658,-0.994480441564729,-0.18406527477802706,0.00020299999999995322,0.12506,-0.922162,-0.00410200000000005,-0.184595,-0.8569990000000001,0.004305000000000003,0.309655,0.06516299999999997,0.9904174477636543,0.0,0.0,0.009582552236345743,1.0,-0.8569990000000001
1219,5.079167,walk,-1.158481,-0.07363,0.943002,0.014953,-0.032956,-0.245938,-0.2167026637869305,-0.30261579073675443,-0.02327813774898444,0.04685825913927894,0.0445594624810874,-0.22726484914507908,0.0026397888168907483,-0.0004799616030722562,0.0028797696184302067,-1.136069114470898,-0.9786417086633445,-0.20710343172547205,0.0011170000000000346,0.12631900000000001,-0.922053,-0.007932999999999968,-0.187412,-0.857765,0.009050000000000002,0.313731,0.06428800000000001,0.9934400370103011,0.0,0.0,0.006559962989698853,1.0,-0.857765
1220,5.083333,walk,-1.159298,-0.074895,0.943096,0.015495,-0.032838,-0.245711,-0.19611137782042976,-0.30364858377342835,0.02256361017763945,-0.24131265222422577,-0.12133234866774012,-0.10239198259700867,0.012481997119579247,-0.002880460873739576,0.004080652904464955,-1.1084973595776229,-0.9668746999520632,-0.21987518002882206,0.0019860000000000433,0.12757200000000002,-0.92213,-0.011734000000000133,-0.19017499999999998,-0.8587750000000001,0.013720000000000176,0.317747,0.06335499999999994,0.977592843711027,0.0,0.0,0.02240715628897305,1.0,-0.8587750000000001
1221,5.0875,walk,-1.160195,-0.076169,0.942958,0.015072,-0.033448,-0.24523,-0.21526277897768117,-0.30573554115665563,-0.033117350611965295,0.1179452831907834,0.3282074588016732,-0.24756700543913188,0.0026397888168901854,-0.0021598272138230274,0.004079673626109978,-1.0945524358049612,-0.9532037437003518,-0.26541876649863466,0.002894000000000174,0.128837,-0.921975,-0.015398000000000023,-0.19287300000000002,-0.8597429999999999,0.018292000000000197,0.32171,0.062232000000000065,0.9911373010934519,0.0,0.0,0.008862698906548117,1.0,-0.8597429999999999
1222,5.091667,walk,-1.160908,-0.077404,0.943127,0.014577,-0.032987,-0.24485,-0.1711063114950795,-0.2963762898968218,0.04055675545958567,0.2791820467036295,-0.16074976378066225,-0.19530778593919368,0.005279577633781497,-0.0019198464122873594,0.0026397888168940785,-1.0556755459563285,-0.9318454523638462,-0.2846172306215615,0.0036290000000001044,0.130064,-0.9221330000000001,-0.01908399999999988,-0.19552099999999997,-0.861098,0.022712999999999983,0.32558499999999996,0.06103500000000006,0.989654813889798,0.0,0.0,0.010345186110201965,1.0,-0.861098
1223,5.095833,walk,-1.16168,-0.0786,0.943151,0.013821,-0.032954,-0.244192,-0.1853096495439405,-0.28708593374942326,0.005760921747459165,0.34635163585576184,0.06609214434755352,-0.3387279652997509,0.004320691310574386,-0.00024003840614524228,0.004080652904464955,-1.0201632261162803,-0.8775804128661396,-0.3190110417667105,0.004418999999999951,0.13125900000000001,-0.92214,-0.02256199999999997,-0.19798100000000002,-0.862451,0.02698099999999992,0.32924000000000003,0.05968899999999999,0.9900868045340768,0.0,0.0,0.009913195465923175,1.0,-0.862451
1224,5.1,walk,-1.162499,-0.079936,0.942973,0.014183,-0.033184,-0.243876,-0.1965442764578691,-0.32061435085194406,-0.04271658267339083,-0.19988205142127105,0.06139322701796719,-0.15062915763283496,0.004799616030749205,-0.004559635229181438,0.002639788816894911,-1.0062395008399527,-0.8730501559875548,-0.3297336213103103,0.005257999999999985,0.132576,-0.921951,-0.02593599999999996,-0.200283,-0.8636469999999999,0.031193999999999944,0.332859,0.05830400000000002,0.9881215563515224,0.0,0.0,0.011878443648477566,1.0,-0.8636469999999999
1225,5.104167,walk,-1.163351,-0.081244,0.942797,0.014353,-0.033679,-0.243499,-0.20446364290855104,-0.3138948884088756,-0.04223662107029626,-0.1425093117696811,0.2065884445530808,-0.18480144933716083,0.004799616030694896,-0.002399808015357439,0.0019198464122869502,-0.975761939044743,-0.8404127669785022,-0.3885289176865189,0.006129999999999969,0.133874,-0.921767,-0.02915000000000001,-0.20247700000000002,-0.86509,0.03527999999999998,0.336351,0.05667699999999998,0.9905012862275042,0.0,0.0,0.009498713772495782,1.0,-0.86509
1226,5.108333,walk,-1.164142,-0.082597,0.942591,0.015124,-0.033958,-0.243343,-0.18987037926069342,-0.3247719635141897,-0.04944791166587993,-0.3937554085264316,0.038322877095888615,-0.06414675461122228,0.004080652904502431,-0.002400384061450757,0.0009601536245801362,-0.9517522803649329,-0.8187710033606019,-0.39078252520406465,0.006938000000000111,0.135217,-0.921557,-0.03232400000000002,-0.204535,-0.866512,0.03926200000000013,0.339752,0.05504500000000001,0.9919488670996828,0.0,0.0,0.008051132900317226,1.0,-0.866512
1227,5.1125,walk,-1.165021,-0.083931,0.942303,0.014649,-0.034974,-0.242966,-0.21094312455006342,-0.32013438924887516,-0.06911447084232496,0.09662960158231712,0.5243172204643046,-0.19808611770344886,0.004559635229179773,-0.004079673626110847,0.0035997120230377585,-0.918886489080882,-0.7765778737701379,-0.4238060955123759,0.007836000000000176,0.136534,-0.921254,-0.035273999999999806,-0.206437,-0.86799,0.04310999999999998,0.342971,0.05326399999999998,0.9881687869308478,0.0,0.0,0.011831213069152247,1.0,-0.86799
1228,5.116667,walk,-1.16581,-0.085292,0.942237,0.014274,-0.03514,-0.242802,-0.18934485241179858,-0.32661387089034394,-0.01583873290137113,0.15263622223154233,0.11911622565139894,-0.08853983426149319,0.004559635229179773,-0.003119750419966335,0.0009599232061436797,-0.8809695224382936,-0.7441804655627805,-0.46196304295658697,0.008644000000000096,0.137882,-0.921184,-0.03815600000000008,-0.20817699999999997,-0.869849,0.046800000000000175,0.346059,0.05133500000000002,0.9906540905163229,0.0,0.0,0.009345909483677084,1.0,-0.869849
1229,5.120833,walk,-1.166381,-0.086547,0.942466,0.011858,-0.034855,-0.242002,-0.13706192990873756,-0.3012481997119117,0.05496879500720212,1.1456884189770744,0.13941026045819135,-0.43941398985430263,0.005040806529002376,-0.0009601536245790988,0.0033605376860293443,-0.8365338454151449,-0.7443590974554981,-0.47239558329326303,0.0092359999999998,0.139133,-0.9213990000000001,-0.04107000000000016,-0.21002300000000002,-0.872046,0.05030599999999996,0.349156,0.04935300000000009,0.9897768184196611,0.006470000000000087,0.006470000000000087,0.010223181580338858,0.9935299999999999,-0.872046
1230,5.125,walk,-1.16703,-0.087898,0.942494,0.009759,-0.035248,-0.241268,-0.15574754019682058,-0.324214062874986,0.0067194624430115864,0.9199569502026395,0.41929966338345576,-0.4012265549524119,0.004799616030749205,-0.004799616030717566,0.0021598272138234876,-0.8032157427406148,-0.7002639788817158,-0.49268058555317806,0.009905000000000053,0.140464,-0.9214180000000001,-0.04376800000000003,-0.21158999999999997,-0.8741270000000001,0.05367300000000008,0.352054,0.04729099999999997,0.9881282920728736,0.027090000000000003,0.027090000000000003,0.01187170792712644,0.9729099999999999,-0.8741270000000001
1231,5.129167,walk,-1.167724,-0.089287,0.942211,0.011485,-0.035572,-0.241166,-0.16654667626589972,-0.33333333333334886,-0.0679145668346643,-0.8426382609096389,-0.0494565035720158,-0.019214773061141662,0.009359251259875691,-0.007679385649149438,-0.0016798656107512315,-0.7801775857931464,-0.6765058795296723,-0.520518358531339,0.010637999999999925,0.141821,-0.921142,-0.04632499999999995,-0.21302,-0.876013,0.056962999999999875,0.35484099999999996,0.045128999999999975,0.9796290991469019,0.048709999999999976,0.048709999999999976,0.020370900853098117,0.95129,-0.876013
1232,5.133333,walk,-1.168536,-0.090702,0.941792,0.01218,-0.036915,-0.241072,-0.19491118578970862,-0.33965434469510564,-0.10057609217474846,-0.4808532036133442,0.5448620335280998,-0.03524665813911384,-0.0004800768122504078,0.0024003840614502453,0.0052808449351883745,-0.7630820931348097,-0.6805088814209439,-0.5199231877099643,0.011448000000000125,0.143246,-0.920701,-0.04869199999999996,-0.21444000000000002,-0.87776,0.06014000000000008,0.357686,0.04294100000000001,0.9902989633117512,0.07058999999999993,0.07058999999999993,0.009701036688248843,0.9294100000000001,-0.87776
1233,5.1375,walk,-1.16941,-0.092217,0.941562,0.01191,-0.037137,-0.240911,-0.20974322054237612,-0.3635709143268677,-0.05519558435324285,0.0973264242977258,0.13302285824899962,-0.08495022168019248,0.00431965442761034,0.0007199424046083842,0.0028797696184310394,-0.6462682985361602,-0.602831773458141,-0.5135589152868012,0.012340000000000018,0.144764,-0.920459,-0.05051099999999997,-0.215437,-0.87967,0.06285099999999999,0.360201,0.040789000000000075,0.991264566967554,0.09210999999999997,0.09210999999999997,0.00873543303244595,0.9078900000000001,-0.87967
1234,5.141667,walk,-1.169727,-0.093446,0.941837,0.00993,-0.03682,-0.240224,-0.0760739140868527,-0.2949364050876083,0.06599472042237528,0.9471707412777199,0.07381513405263507,-0.3769477484784436,0.001679865610772879,0.0002399808015344629,0.0038396928245738866,-0.6263498920086682,-0.5219582433405657,-0.5375569954403907,0.012664000000000009,0.145994,-0.920718,-0.05280400000000007,-0.21638300000000002,-0.882185,0.06546800000000008,0.362377,0.03853300000000004,0.9930034174527753,0.11467000000000005,0.11467000000000005,0.006996582547224683,0.88533,-0.882185
1235,5.145833,walk,-1.170344,-0.094867,0.941953,0.007425,-0.037099,-0.239432,-0.1481036965914879,-0.3410945751320495,0.027844455112821454,1.1212931241443587,0.4113585652509575,-0.43839975577686346,-0.007681228996647753,0.004800768122899849,-0.002880460873739576,-0.5499279884782103,-0.50000000000004,-0.5403264522323991,0.013249000000000066,0.147435,-0.920846,-0.054478000000000026,-0.21704500000000002,-0.884552,0.06772700000000009,0.36448,0.03629400000000005,0.9841582734251582,0.13706000000000002,0.13706000000000002,0.01584172657484184,0.86294,-0.884552
1236,5.15,walk,-1.170936,-0.096246,0.941459,0.009254,-0.037539,-0.239408,-0.14206863450919768,-0.33093352531791703,-0.11855051595870211,-0.9027565543907543,-0.00490531193848416,0.022926576591565172,0.0026397888168901854,-0.002639788816893516,0.0014398848092147965,-0.4782817374609018,-0.44900407967354034,-0.5569954403646784,0.013851999999999975,0.148803,-0.920346,-0.05587900000000001,-0.21753699999999998,-0.886379,0.06973099999999999,0.36634,0.03396699999999997,0.9933312007037369,0.16033000000000003,0.16033000000000003,0.006668799296263073,0.8396699999999999,-0.886379
1237,5.154167,walk,-1.171741,-0.097786,0.940999,0.010034,-0.038408,-0.239404,-0.19318454523637663,-0.3695704343652676,-0.11039116870651235,-0.463302943688356,0.31573004871731364,0.013042397698305449,0.01271898248142145,-0.006959443244541054,0.004079673626110014,-0.46244300455965925,-0.46124310055198525,-0.5483561315095031,0.01471,0.150314,-0.919869,-0.05700100000000008,-0.21791900000000003,-0.888204,0.07171100000000008,0.36823300000000003,0.031665000000000054,0.9748974269505942,0.18335,0.18335,0.025102573049405774,0.81665,-0.888204
1238,5.158333,walk,-1.172251,-0.099198,0.941046,0.007987,-0.038421,-0.23891,-0.12241958713395364,-0.3389342294767423,0.011281805088819725,0.9434146290498099,0.23636012361743577,-0.283966550518493,0.01104176668266782,-0.0069611137782053635,0.004080652904464955,-0.3646183389342699,-0.4018242918867358,-0.5124819971195809,0.015266000000000002,0.151697,-0.919899,-0.05801000000000012,-0.218181,-0.890386,0.07327600000000012,0.36987800000000004,0.02951300000000001,0.9772068818479062,0.20487000000000005,0.20487000000000005,0.02279311815209384,0.7951299999999999,-0.890386
1239,5.1625,walk,-1.172819,-0.100753,0.941133,0.006287,-0.038822,-0.238469,-0.1363090952724142,-0.3731701463883062,0.02087832973360984,0.7379516984721728,0.3780282793985495,-0.2504067947496711,0.0028797696184068937,-0.0059995200383965415,0.002639788816894911,-0.29013678905689244,-0.33573314134870347,-0.46004319654429626,0.015846000000000027,0.153227,-0.919975,-0.05865100000000001,-0.21802500000000002,-0.89239,0.07449700000000004,0.371252,0.02758499999999997,0.988067807463278,0.22415000000000002,0.22415000000000002,0.011932192536721953,0.7758499999999999,-0.89239
1240,5.166667,walk,-1.173372,-0.102235,0.940991,0.005104,-0.039185,-0.238044,-0.132709383249324,-0.355651547876113,-0.03407727381808296,0.501784822594152,0.3013911238239582,-0.23206242076128725,0.005519558435349752,-0.0045596352291804665,0.00311975041996567,-0.25245980321565986,-0.3357331413486319,-0.4391648668105812,0.01642200000000016,0.15469,-0.91982,-0.059149999999999814,-0.21794199999999997,-0.894078,0.07557199999999997,0.37263199999999996,0.02574199999999993,0.9869841291934188,0.24257999999999996,0.24257999999999996,0.013015870806581176,0.75742,-0.894078
1241,5.170833,walk,-1.174015,-0.103741,0.940727,0.005074,-0.039648,-0.237925,-0.15434469515122423,-0.36149783965437177,-0.06337013922229066,-0.041146296869751395,0.21863716938164632,-0.05839689227274526,0.007921267402773009,-0.006481036965914879,0.0019203072491602725,-0.22371579452717924,-0.2669227076332429,-0.4462313970235607,0.017098000000000058,0.156169,-0.919548,-0.05943900000000002,-0.217548,-0.8956729999999999,0.07653700000000008,0.37371699999999997,0.02387500000000009,0.9826444135353927,0.26125000000000004,0.26125000000000004,0.01735558646460733,0.73875,-0.8956729999999999
1242,5.175,walk,-1.1746,-0.105342,0.940441,0.004396,-0.040382,-0.237634,-0.14038876889850838,-0.3842092632589581,-0.06863450923926602,0.22655208550151418,0.4177635854660007,-0.15525725619371417,0.011519078473734148,-0.009119270458364541,0.004559635229182271,-0.23230141588670555,-0.20398368130550906,-0.46004319654429626,0.017731000000000163,0.157732,-0.9192429999999999,-0.05982199999999982,-0.21679700000000002,-0.897304,0.07755299999999998,0.374529,0.02193899999999993,0.9743614582664624,0.28061,0.28061,0.025638541733537634,0.71939,-0.897304
1243,5.179167,walk,-1.175191,-0.106911,0.940285,0.003464,-0.040556,-0.237139,-0.14182865370771183,-0.37652987760980866,-0.037437005039582694,0.40493971170636933,0.18401805610382013,-0.2624629973325237,0.005279577633781497,-0.0055195584353259506,0.002399808015358783,-0.18358531317498478,-0.18574514038877663,-0.42140628749701964,0.018344000000000138,0.159278,-0.919077,-0.05999599999999994,-0.216002,-0.898904,0.07834000000000008,0.37528,0.020172999999999996,0.9866564056334672,0.29827000000000004,0.29827000000000004,0.013343594366532763,0.70173,-0.898904
1244,5.183333,walk,-1.175752,-0.108493,0.940248,0.002403,-0.040707,-0.236973,-0.13466154584727233,-0.37974075852131256,-0.008881421027378733,0.47403686805156187,0.1901550263841398,-0.10247264598050213,0.00528084493518088,-0.008881421027362077,0.0033605376860293443,-0.2071531445031067,-0.16706673067687977,-0.38646183389337124,0.018926999999999916,0.160823,-0.919026,-0.060298000000000185,-0.21511599999999997,-0.900477,0.0792250000000001,0.37593899999999997,0.018549000000000038,0.9818907500436074,0.31451,0.31451,0.018109249956392626,0.6854899999999999,-0.900477
1245,5.1875,walk,-1.176402,-0.110136,0.940006,0.001991,-0.04127,-0.236698,-0.1559875209983367,-0.39428845692346215,-0.05807535397167639,0.12258581617647245,0.3079735178720366,-0.14182031381476154,0.007439404847586667,-0.004559635229181438,0.0014398848092151033,-0.2272618190544402,-0.15670746340293845,-0.3414926805855689,0.019607999999999848,0.162447,-0.918778,-0.060594999999999954,-0.21412599999999998,-0.901658,0.0802029999999998,0.376573,0.017120000000000024,0.9852607585212037,0.3288,0.3288,0.01473924147879635,0.6712,-0.901658
1246,5.191667,walk,-1.177024,-0.111785,0.93985,0.001654,-0.041337,-0.236522,-0.14926805855535177,-0.3957283417326789,-0.03743700503960934,0.14594993824587138,0.06852025750593883,-0.09339571640311282,0.005039596832265351,-0.007679385649149438,0.002639788816894911,-0.2061435085193675,-0.13798896088313378,-0.2994960403167881,0.02025100000000002,0.164064,-0.918611,-0.060832,-0.213052,-0.9027499999999999,0.08108300000000002,0.377116,0.015861000000000014,0.9840714280843489,0.34138999999999997,0.34138999999999997,0.015928571915651113,0.65861,-0.9027499999999999
1247,5.195833,walk,-1.177613,-0.113383,0.939689,0.00089,-0.041699,-0.236013,-0.14138262121936432,-0.3835813730196323,-0.03864618338932913,0.3049295829991899,0.2528877442371312,-0.2650363059458788,0.006721075372092,-0.007441190590492596,0.006000960153623948,-0.22563610177623977,-0.13154104656743149,-0.28972635621695586,0.02086800000000011,0.165631,-0.918425,-0.06118299999999999,-0.21200199999999997,-0.903796,0.0820510000000001,0.377633,0.014629000000000003,0.9805238255006306,0.35371,0.35371,0.019476174499369447,0.64629,-0.903796
1248,5.2,walk,-1.17824,-0.115035,0.939707,2.5e-05,-0.041823,-0.235827,-0.15046796256298578,-0.3964482841372873,0.004319654427636984,0.38531496807231697,0.15486537417916876,-0.10868030606526848,0.0057595392368137875,-0.00935925125990067,0.0033597312215016303,-0.20686345092391595,-0.10919126469883837,-0.3014158867290755,0.021518999999999844,0.167244,-0.9184289999999999,-0.06141799999999997,-0.21080500000000002,-0.9050699999999999,0.08293699999999982,0.378049,0.01335900000000001,0.9808474203763071,0.36641,0.36641,0.019152579623692878,0.63359,-0.9050699999999999
1249,5.204167,walk,-1.178929,-0.116751,0.939569,-0.000537,-0.04176,-0.235433,-0.1653467722582124,-0.4118070554355828,-0.03311735061194571,0.26111066494062635,0.032282149849016006,-0.20597382407079826,0.007679385649156099,-0.0079193664506839,0.0031197504199671675,-0.20230381569478945,-0.06719462443004925,-0.31053515718744,0.022239999999999815,0.168927,-0.918278,-0.06157200000000018,-0.20936900000000003,-0.906226,0.083812,0.378296,0.012052000000000063,0.9808934150667915,0.37948000000000004,0.37948000000000004,0.019106584933208492,0.62052,-0.906226
1250,5.208333,walk,-1.179545,-0.118337,0.939416,-0.000483,-0.041504,-0.235236,-0.14786365818536265,-0.3807009121459745,-0.03672587614017543,-0.00020219720740785775,-0.12657009370298292,-0.09748367517746925,0.008881421027380626,-0.009361497839654455,0.002880460873739576,-0.14834373499761316,-0.03000480076812197,-0.26668266922709766,0.022893000000000052,0.17047400000000001,-0.9181130000000001,-0.06157400000000002,-0.207908,-0.907184,0.08446700000000007,0.378382,0.010929000000000078,0.977963771237107,0.39071,0.39071,0.022036228762893018,0.60929,-0.907184
1251,5.2125,walk,-1.180301,-0.120017,0.939425,-0.001482,-0.041162,-0.234548,-0.18142548596108765,-0.40316774658020627,0.00215982721380471,0.49046767593514295,-0.05002993921196732,-0.3609568140400036,0.008159347252239938,-0.008639308855290444,0.0026397888168943487,-0.13342932565392557,-0.006239500839924679,-0.2483801295895907,0.02368300000000012,0.172118,-0.9181109999999999,-0.06137400000000004,-0.206254,-0.9082279999999999,0.08505700000000016,0.378372,0.009882999999999975,0.9797117240972953,0.4311374801731072,0.4311374801731072,0.020288275902704656,0.5688625198268928,-0.9082279999999999
1252,5.216667,walk,-1.181111,-0.121651,0.939287,-0.00274,-0.041037,-0.233748,-0.19438444924406392,-0.3921286297096403,-0.03311735061194571,0.5845498661781615,0.08006545600605902,-0.41981733618823786,0.007199424046070521,-0.010559155267579645,0.0014398848092151033,-0.13846892248616607,0.01823854091671909,-0.23614110871131358,0.024523000000000073,0.173708,-0.917967,-0.06114099999999989,-0.204544,-0.9090739999999999,0.08566399999999996,0.37825200000000003,0.00889300000000004,0.978565297165072,0.45381700021438676,0.45381700021438676,0.021434702834927988,0.5461829997856132,-0.9090739999999999
1253,5.220833,walk,-1.181761,-0.123387,0.939234,-0.003033,-0.041397,-0.233331,-0.1560249639942609,-0.4167066730677242,-0.012722035525677853,0.08791947012962138,0.1996626924769576,-0.20919700719061368,0.008161305808898263,-0.010081613058090182,0.0009601536245801362,-0.1108977436390353,0.036725876140188754,-0.229716754680767,0.02520699999999998,0.175402,-0.91791,-0.060953000000000035,-0.202655,-0.9099780000000001,0.08616000000000001,0.378057,0.007931999999999939,0.9783225841188599,0.4911554343347967,0.4911554343347967,0.02167741588114014,0.5088445656652033,-0.9099780000000001
1254,5.225,walk,-1.182526,-0.125107,0.939144,-0.003314,-0.041545,-0.232914,-0.1835853131749315,-0.41276697864172734,-0.021598272138238207,0.10603166874242806,0.09923900937280535,-0.21022487962790717,0.01103911687064857,-0.011519078473722492,0.0014398848092151033,-0.10343172546193133,0.041516678665703535,-0.22366210703144823,0.026017999999999875,0.177074,-0.917814,-0.06061899999999998,-0.20076200000000002,-0.91082,0.08663699999999985,0.377836,0.006994000000000056,0.9733008251047475,0.5135717229834053,0.5135717229834053,0.02669917489525253,0.48642827701659475,-0.91082
1255,5.229167,walk,-1.183201,-0.126721,0.939001,-0.003298,-0.041663,-0.232566,-0.1619870410366854,-0.38732901367884187,-0.034317254619625696,-0.027715707228403778,0.05223682510077339,-0.1704966456812475,0.009359251259926983,-0.008639308855290444,0.0009599232061434751,-0.10583153347733666,0.05495560355171499,-0.2143028557715019,0.026731999999999978,0.178652,-0.917667,-0.06038500000000013,-0.19891899999999998,-0.91157,0.08711700000000011,0.377571,0.006097000000000019,0.9787113296821188,0.5302848137160137,0.5302848137160137,0.021288670317881175,0.46971518628398634,-0.91157
1256,5.233333,walk,-1.183962,-0.12844,0.938932,-0.003796,-0.04192,-0.23203,-0.18266922707634947,-0.4126260201632584,-0.01656265002400173,0.1927096388189742,0.17401579813405246,-0.27253946743355223,0.010561689870364011,-0.01152184349495997,-0.0019203072491594398,-0.08425348055689343,0.0528084493519,-0.18819011041768172,0.027536999999999923,0.180323,-0.917606,-0.05997500000000011,-0.19698,-0.912285,0.08751200000000003,0.377303,0.00532100000000002,0.9737538494689604,0.5920487055021558,0.5920487055021558,0.026246150531039625,0.4079512944978442,-0.912285
1257,5.2375,walk,-1.184636,-0.130219,0.938937,-0.003974,-0.042433,-0.231807,-0.1617470602352038,-0.42692584593234556,0.0011999040076873012,0.021351852120199025,0.2589019711689763,-0.11000053318536855,0.012958963282937596,-0.011039116870650236,0.0,-0.0760739140868527,0.05519558435325617,-0.1773458123350213,0.028264999999999985,0.182056,-0.9176110000000001,-0.05961799999999995,-0.19497099999999998,-0.913029,0.08788299999999993,0.377027,0.004582000000000086,0.9716276332277924,0.6196599039031193,0.6196599039031193,0.028372366772207558,0.3803400960968807,-0.913029
1258,5.241667,walk,-1.185509,-0.131928,0.938825,-0.003949,-0.042446,-0.231185,-0.2095032397408067,-0.41012718982482993,-0.026877849772019704,-0.02605741738866,0.00145444241638985,-0.30605783378820267,0.008639308855327255,-0.011039116870651901,-0.0031197504199671675,-0.07535397168225097,0.06311495080392841,-0.16510679145669127,0.029174000000000033,0.183719,-0.917512,-0.05905899999999997,-0.19299900000000003,-0.913605,0.088233,0.376718,0.003906999999999994,0.976065331892807,0.6406784901224112,0.6406784901224112,0.023934668107193025,0.3593215098775888,-0.913605
1259,5.245833,walk,-1.186273,-0.133651,0.938709,-0.003551,-0.042767,-0.230735,-0.18338934229473944,-0.4135861737877512,-0.027844455112815518,-0.23069055531402347,0.10455096038002532,-0.21169427097167118,0.011521843494915874,-0.009841574651942842,-0.001440230436869481,-0.08425348055692876,0.07081132981277141,-0.16010561689868255,0.029985999999999846,0.18540099999999998,-0.917402,-0.0586460000000002,-0.19098099999999998,-0.914156,0.08863200000000004,0.376382,0.003246000000000082,0.974631398843891,0.6437314918663022,0.6437314918663022,0.02536860115610895,0.3562685081336978,-0.914156
1260,5.25,walk,-1.187079,-0.135427,0.938755,-0.003676,-0.04312,-0.230442,-0.19342452603794605,-0.4262059035277372,0.01103911687064857,0.0131223250387067,0.17794884599977948,-0.14453461600478784,0.013678905687539319,-0.011519078473722492,-0.003599712023038591,-0.06383489320851682,0.08615310775138339,-0.15190784737221671,0.030848999999999904,0.187129,-0.917463,-0.05810599999999999,-0.18884599999999999,-0.914835,0.0889549999999999,0.37597499999999995,0.0026280000000000747,0.9695971695240768,0.6638219627387056,0.6638219627387056,0.03040283047592318,0.33617803726129436,-0.914835
1261,5.254167,walk,-1.187828,-0.137147,0.938658,-0.003391,-0.043343,-0.230013,-0.17974562035040673,-0.41276697864172734,-0.02327813774898444,-0.16668301820850032,0.07135797723530023,-0.20415792982656808,0.023518118550553874,-0.0016798656107512315,0.001439884809215936,-0.0679145668346643,0.08015358771298685,-0.14062874970003036,0.03169600000000017,0.18884199999999998,-0.91736,-0.057639999999999914,-0.18679199999999999,-0.915324,0.08933600000000008,0.37563399999999997,0.0020359999999999268,0.9606300623398208,0.6870774176455889,0.6870774176455889,0.039369937660179155,0.31292258235441106,-0.915324
1262,5.258333,walk,-1.188769,-0.138969,0.938478,-0.00199,-0.043736,-0.229924,-0.225876140182365,-0.43734997599610514,-0.043206913106081095,-0.6991607800593754,0.028723528865241578,-0.012520943543822409,0.03000480076810225,-0.0009601536245790988,0.00816130580892817,-0.05664906385018515,0.09265482477195049,-0.1569851176187984,0.03276199999999996,0.19066,-0.917146,-0.05693499999999996,-0.18458399999999997,-0.915798,0.08969699999999992,0.37524399999999997,0.0013480000000000159,0.9481504077851901,0.6683727588328743,0.6683727588328743,0.05184959221480989,0.3316272411671257,-0.915798
1263,5.2625,walk,-1.18957,-0.140752,0.938489,-0.002939,-0.043794,-0.229145,-0.19222462203025875,-0.4278857691384834,0.0026397888168907483,0.4199079082052113,0.12877776531695484,-0.4031239630116352,0.012239020878335873,-0.0079193664506839,0.0011999040076789752,-0.05615550755941401,0.08063354931605911,-0.12694984401248438,0.03361400000000003,0.19241,-0.917152,-0.056367999999999974,-0.182465,-0.916338,0.089982,0.37487499999999996,0.0008139999999999814,0.9756216303372913,0.7243017342824866,0.7243017342824866,0.024378369662708677,0.27569826571751344,-0.916338
1264,5.266667,walk,-1.190415,-0.142554,0.938359,-0.001826,-0.044129,-0.228865,-0.20278377729782174,-0.43244540436766987,-0.031197504199656688,-0.5622597513447862,0.033201026512509245,-0.11275216514202814,0.0011999040076873012,-0.009119270458364541,-0.006719462443004093,-0.0578353731701336,0.10703143748500656,-0.1295896328293801,0.03446400000000005,0.19417399999999999,-0.91705,-0.055763999999999925,-0.180217,-0.916748,0.09022799999999997,0.374391,0.00030200000000002447,0.9810152079252741,0.7007343627293156,0.7007343627293156,0.01898479207472592,0.29926563727068445,-0.916748
1265,5.270833,walk,-1.191202,-0.144291,0.938412,-0.002187,-0.044464,-0.228456,-0.1889102256361391,-0.41694671147387274,0.012722035525677853,0.1229917975022405,0.19472366930140175,-0.20708709482944854,-0.007921267402773009,-0.002880460873739576,-0.008161305808930742,-0.05904944791166297,0.0996159385501756,-0.12457993278925582,0.035218000000000194,0.195899,-0.917137,-0.0552229999999998,-0.17806499999999997,-0.91732,0.090441,0.37396399999999996,0.00018300000000004424,0.978615912290218,0.7165180185733919,0.7165180185733919,0.02138408770978195,0.2834819814266081,-0.917137
1266,5.275,walk,-1.192081,-0.146078,0.938138,-0.000623,-0.044975,-0.228375,-0.21094312454996517,-0.4288456923445432,-0.06575473962081847,-0.7878015497094615,0.06715948495290844,-0.003676146385650987,0.00023998080151609453,0.004079673626108313,-0.002879769618429593,-0.05975521958246317,0.09719222462201124,-0.11279097672184293,0.03609799999999996,0.19770300000000002,-0.916875,-0.054593000000000114,-0.17587299999999997,-0.917516,0.09069100000000008,0.37357599999999996,0.0006410000000000027,0.9852575999296105,0.7326112940545211,0.7326112940545211,0.014742400070389516,0.2673887059454789,-0.916875
1267,5.279167,walk,-1.192986,-0.147908,0.938247,-0.002215,-0.045013,-0.227516,-0.21718262539001607,-0.4391648668106748,0.02615790736741798,0.7203454768852404,0.1882430625392297,-0.45691059303858894,-0.0019198464122890248,-0.0016798656107512315,-0.005759539236861246,-0.056155507559360725,0.08327333813294986,-0.09695224382049916,0.03699500000000011,0.199526,-0.917008,-0.0539219999999998,-0.173696,-0.9180290000000001,0.09091699999999991,0.373222,0.0010210000000000496,0.9792913160959856,0.7673365123492996,0.7673365123492996,0.02070868390401437,0.23266348765070044,-0.917008
1268,5.283333,walk,-1.19383,-0.149715,0.938056,-0.000995,-0.045689,-0.227325,-0.20259241478634463,-0.43374939990401307,-0.04584733557370796,-0.6477022138788491,0.18230658158507873,-0.06374997463852532,-0.010321651464238754,-0.006481036965914879,-0.008641382621220394,-0.04632741238601177,0.07825252040326904,-0.0782525204032707,0.03779599999999994,0.20130599999999998,-0.916853,-0.05327100000000007,-0.17156300000000002,-0.918164,0.09106700000000001,0.372869,0.001310999999999951,0.9619894297974085,0.8000476234664313,0.8000476234664313,0.038010570202591465,0.19995237653356868,-0.916853
1269,5.2875,walk,-1.194728,-0.151529,0.938091,-0.00188,-0.046054,-0.226647,-0.21550275977924319,-0.4353251739861034,0.008399328053757822,0.358430597317415,0.26422513549296867,-0.3510529802624546,0.037676985841125485,-0.008639308855292285,0.004559635229182271,-0.04223662107030526,0.0710343172546273,-0.08519318454524055,0.03885099999999997,0.203084,-0.916869,-0.05254899999999996,-0.169453,-0.918554,0.09139999999999993,0.372537,0.0016849999999999365,0.9182786916487577,0.8021807427064136,0.8021807427064136,0.08172130835124225,0.1978192572935864,-0.916869
1270,5.291667,walk,-1.195617,-0.153294,0.937853,-0.000618,-0.046584,-0.226508,-0.21334293256533926,-0.42356611471075617,-0.057115430765519705,-0.6500229663658214,0.1101261316874794,-0.03751110792477979,0.006959443244552892,-0.0045596352291804665,-0.0033597312215017465,-0.04127669786417859,0.04439644828412761,-0.07943364530836154,0.03976899999999994,0.20483,-0.916645,-0.0518320000000001,-0.16750299999999999,-0.918647,0.09160100000000004,0.372333,0.0020019999999999483,0.9650252611024251,0.8334624298828365,0.8334624298828365,0.03497473889757485,0.16653757011716352,-0.916645
1271,5.295833,walk,-1.196355,-0.155012,0.937858,-0.001416,-0.046741,-0.225808,-0.17714834373504224,-0.41238598175711316,0.0012001920307062241,0.3399443810560927,0.15686817466726813,-0.36149082113629305,0.006961113778218688,-0.001440230436869788,-0.003120499279885651,-0.035525684109469206,0.04200672107537076,-0.07585213634182077,0.04053600000000013,0.206542,-0.916663,-0.05124200000000001,-0.16561,-0.918968,0.09177800000000014,0.37215200000000004,0.0023050000000000015,0.9640111604826185,0.8438289271826853,0.8438289271826853,0.03598883951738152,0.15617107281731468,-0.916663
1272,5.3,walk,-1.197333,-0.156903,0.937644,-0.000896,-0.047501,-0.225622,-0.23470122390208015,-0.45380369570435863,-0.0513558915286648,-0.32939915615926924,0.29855201702905415,-0.07544336656504466,0.0038396928245780495,-0.0021598272138234876,-0.00431965442764531,-0.029037676985851517,0.036717062634994295,-0.07919366450684318,0.04153000000000007,0.208424,-0.916467,-0.050385000000000124,-0.16356600000000002,-0.919084,0.09191500000000019,0.37199,0.0026169999999999805,0.9635468545458864,0.846676034060599,0.846676034060599,0.0364531454541136,0.153323965939401,-0.916467
1273,5.304167,walk,-1.198251,-0.158732,0.93741,1.8e-05,-0.048133,-0.225575,-0.2203023758099391,-0.4389248860091453,-0.05615550755941401,-0.4963671483702872,0.19666188207587904,0.001325171155817395,0.005039596832212064,-0.0019198464122856943,-0.0028797696184310394,-0.029997600191969384,0.02711783057356249,-0.07343412526998193,0.04246899999999987,0.21024500000000002,-0.916245,-0.04959200000000008,-0.16162399999999996,-0.919156,0.09206099999999995,0.371869,0.002910999999999997,0.9607006237878685,0.8602800071327072,0.8602800071327072,0.03929937621213153,0.13971999286729275,-0.916245
1274,5.308333,walk,-1.199189,-0.160519,0.937358,-0.00114,-0.048301,-0.224893,-0.22515602496398937,-0.42894863178102344,-0.012481997119523287,0.5069876762424087,0.20043298608145438,-0.3614798148731504,0.007441190590520911,-0.0033605376860293443,-0.0009601536245799316,-0.03480556889103272,0.017282765242427108,-0.0758521363418046,0.04343800000000009,0.21201799999999998,-0.916197,-0.04879900000000004,-0.15976500000000002,-0.91942,0.09223700000000012,0.37178300000000003,0.003222999999999976,0.9540681726759537,0.8579547393349083,0.8579547393349083,0.045931827324046326,0.1420452606650917,-0.916197
1275,5.3125,walk,-1.200078,-0.162391,0.937078,-0.000749,-0.048763,-0.224746,-0.21334293256538475,-0.4492440604751855,-0.06719462443006258,-0.23591493566454105,0.17341715149635925,-0.06053259786139058,0.0009599232061178691,-0.0007199424046083842,-0.0004799616030714236,-0.03287736981037628,0.016318694504443388,-0.07487401007919703,0.0443309999999999,0.213887,-0.9159189999999999,-0.04804699999999995,-0.157825,-0.9194519999999999,0.09237799999999985,0.371712,0.0035330000000000084,0.9625161063886662,0.8610221978024579,0.8610221978024579,0.03748389361133375,0.13897780219754208,-0.9159189999999999
1276,5.316667,walk,-1.200928,-0.164121,0.936993,-0.001518,-0.049006,-0.224283,-0.20398368130550906,-0.41516678665708195,-0.020398368130550903,0.322115161491572,0.19442259101612738,-0.2443161696180618,0.0026397888168907483,-0.0002399808015361281,0.0002399808015361281,-0.03479721622271859,-0.028557715382765938,-0.05327573794096715,0.0451919999999999,0.21561599999999997,-0.915833,-0.047341999999999995,-0.156214,-0.919589,0.0925339999999999,0.37183,0.0037559999999999816,0.9580041402662213,0.8837544072772326,0.8837544072772326,0.04199585973377873,0.11624559272276735,-0.915833
1277,5.320833,walk,-1.201868,-0.165888,0.936593,-0.000472,-0.049771,-0.224292,-0.22563610177623977,-0.42414786365813295,-0.09601536245796984,-0.5708768039097152,0.24575782449450875,0.03367858615907538,0.0007201152184822101,0.0004800768122903822,-0.0016802688430146721,-0.03216514642344228,0.0019203072491615289,-0.052088334133454005,0.04613500000000004,0.217385,-0.91544,-0.04653600000000013,-0.15443899999999997,-0.9194060000000001,0.09267100000000017,0.371824,0.003966000000000025,0.9571898928332188,0.8979178057591306,0.8979178057591306,0.04281010716678124,0.1020821942408694,-0.91544
1278,5.325,walk,-1.202827,-0.167681,0.936499,-0.00202,-0.049763,-0.223479,-0.23014158867295367,-0.4302855771538447,-0.02255819534438272,0.7045039122693144,0.15864861367052185,-0.436774637738205,0.0011999040076340148,-0.003359731221502463,0.0014398848092151033,-0.030957523398087255,-0.0045596352291930944,-0.06335493160547453,0.047099,0.219164,-0.9153399999999999,-0.0457059999999998,-0.15266500000000002,-0.919576,0.0928049999999998,0.371829,0.0042360000000000175,0.9512280251412595,0.8822313250583919,0.8822313250583919,0.04877197485874052,0.11776867494160814,-0.9153399999999999
1279,5.329167,walk,-1.20364,-0.169436,0.936164,-0.000945,-0.050448,-0.223682,-0.19510439164866566,-0.42116630669548516,-0.08039356851451632,-0.5707997984473749,0.20647204453618173,0.12987196969125867,0.0019198464122890248,0.0002399808015361281,0.002639788816894911,-0.028077753779733646,-0.028797696184295406,-0.040796736261100974,0.04791999999999996,0.22092,-0.914994,-0.045009999999999994,-0.15102999999999997,-0.919411,0.09292999999999996,0.37195,0.004417000000000004,0.9503751637081066,0.9045181626870534,0.9045181626870534,0.049624836291893404,0.09548183731294657,-0.914994
1280,5.333333,walk,-1.204523,-0.171187,0.936021,-0.002505,-0.050684,-0.222902,-0.21195391262602906,-0.4203072491598995,-0.034325492078736336,0.6846575896138587,0.27418140234530025,-0.41976832652277624,-0.004800768122878196,0.0007201152184340612,0.00360057609217447,-0.029044647143554328,-0.02736437830053097,-0.03312530004801012,0.04878300000000002,0.222674,-0.914836,-0.044248000000000065,-0.14939299999999997,-0.919406,0.09303100000000009,0.372067,0.004569999999999963,0.9442266456137158,0.9135630250359186,0.9135630250359186,0.05577335438628417,0.08643697496408143,-0.914836
1281,5.3375,walk,-1.20542,-0.172878,0.93565,-0.001264,-0.051146,-0.223045,-0.21526277897762788,-0.4058075353970998,-0.08903287736979795,-0.6257426739977906,0.08424436567567721,0.1033386619465797,-0.00023998080151609453,-0.002879769618429593,0.0023998080153582717,-0.031197504199650037,-0.029997600191989635,-0.016798656107508733,0.04967900000000003,0.224353,-0.914455,-0.0434810000000001,-0.14782700000000001,-0.919105,0.09316000000000013,0.37218,0.004649999999999932,0.9472395105021643,0.9226240215896724,0.9226240215896724,0.05276048949783574,0.07737597841032762,-0.914455
1282,5.341667,walk,-1.206325,-0.174539,0.935471,-0.002848,-0.051008,-0.222094,-0.21718262539001607,-0.39860811135110913,-0.04295656347490698,0.7313798242757601,0.10024667478274878,-0.5069585086495684,-0.004079673626147482,0.0,0.005279577633789822,-0.03431725461963301,-0.028317734581236473,-0.021838252939766007,0.05056700000000003,0.226014,-0.914254,-0.04271899999999995,-0.14628400000000003,-0.9190170000000001,0.09328599999999998,0.372298,0.004763000000000073,0.9412497386013066,0.9173952290202302,0.9173952290202302,0.05875026139869344,0.08260477097976981,-0.914254
1283,5.345833,walk,-1.207159,-0.17629,0.935184,-0.002008,-0.051623,-0.22245,-0.2001920307249322,-0.4203072491598995,-0.06889102256362457,-0.44935604125784734,0.20014677580115706,0.1996556382500285,-0.006240998559736324,0.0007201152184357268,0.0069611137782053635,-0.025684109457480963,-0.02208353336533564,-0.010801728276525075,0.05137500000000017,0.227768,-0.913938,-0.04199199999999981,-0.144625,-0.918775,0.09336699999999998,0.37239300000000003,0.00483699999999998,0.936001879513058,0.9407445910044765,0.936001879513058,0.06399812048694198,0.059255408995523506,-0.913938
1284,5.35,walk,-1.208035,-0.177906,0.935002,-0.003226,-0.051399,-0.221739,-0.21022318214540842,-0.38780897528199665,-0.043676505879535345,0.5752808433950811,0.02184548615952983,-0.3807798410179731,-0.009599232061445124,-0.0031197504199679997,0.008159347252220029,-0.02375809935207002,-0.015118790496756088,-0.016558675305976187,0.05221100000000001,0.229371,-0.913722,-0.041215,-0.14307199999999998,-0.918662,0.09342600000000001,0.37244299999999997,0.0049399999999999444,0.928968422873373,0.9455529095054358,0.928968422873373,0.071031577126627,0.0544470904945642,-0.913722
1285,5.354167,walk,-1.208929,-0.179582,0.934644,-0.002549,-0.051656,-0.221869,-0.2145428365730263,-0.40220782337405864,-0.0859131269498223,-0.34048391426526603,0.04887120372772869,0.08221952202184082,-0.010799136069130123,-0.002639788816893516,0.009839212862969163,-0.017038636909028158,-0.011039116870646218,-0.009119270458361766,0.053059999999999885,0.231036,-0.913323,-0.040391999999999983,-0.14144199999999998,-0.918342,0.09345199999999987,0.372478,0.005018999999999996,0.9250668789245149,0.9629063369183184,0.9250668789245149,0.07493312107548511,0.037093663081681605,-0.913323
1286,5.358333,walk,-1.209798,-0.181237,0.9344,-0.002237,-0.052337,-0.222012,-0.208593374940009,-0.3972635621699829,-0.058569371099385814,-0.21475188580063795,0.2866141326658302,0.08265926992002072,-0.01200192030722214,0.0,0.013442150744120243,-0.008401344215076817,-0.011281805088819725,-0.010801728276525075,0.05387900000000001,0.232691,-0.913023,-0.03955799999999998,-0.13983399999999999,-0.918143,0.09343699999999999,0.372525,0.005120000000000013,0.9187658755335163,0.9704412522610477,0.9187658755335163,0.0812341244664837,0.029558747738952285,-0.913023
1287,5.3625,walk,-1.21053,-0.182704,0.93443,-0.002882,-0.051944,-0.221785,-0.17566594672431254,-0.35205183585314687,0.007199424046070521,0.33751204720039973,-0.11646232128731135,-0.13026860080657796,-0.015598752099828344,-0.0079193664506839,0.016078713702904764,-0.006479481641468798,-0.008639308855287289,-0.006479481641468798,0.054546000000000205,0.234125,-0.912986,-0.038852999999999804,-0.13840299999999997,-0.9182,0.09339900000000001,0.37252799999999997,0.005214000000000052,0.9082591278718337,0.979010252358373,0.9082591278718337,0.09174087212816628,0.020989747641626977,-0.912986
1288,5.366667,walk,-1.211505,-0.184407,0.934122,-0.002028,-0.052321,-0.222075,-0.23398128149747843,-0.4086873050156132,-0.07391408687304753,-0.43189467210113713,0.0869741297891666,0.16628343393866604,-0.01559875209988163,-0.00935925125990067,0.01799856011519129,-0.004799616030749205,-0.006479481641468798,-0.004079673626110014,0.05545599999999995,0.23578899999999997,-0.912603,-0.03789799999999999,-0.136727,-0.917909,0.09335399999999994,0.37251599999999996,0.005305999999999922,0.904289455603329,0.9849386685994737,0.904289455603329,0.09571054439667104,0.015061331400526345,-0.912603
1289,5.370833,walk,-1.212272,-0.185888,0.934233,-0.002629,-0.051528,-0.221943,-0.18410945751316837,-0.35549687950067493,0.0266442630820829,0.36207628425170346,-0.3082146050873074,-0.08502961567875336,-0.013682189150255906,-0.015602496399420766,0.02184349495919074,-0.0033605376860193505,-0.009361497839655791,-0.0007201152184355732,0.05616599999999994,0.237205,-0.912623,-0.037144999999999984,-0.135285,-0.918023,0.09331099999999992,0.37249,0.005400000000000071,0.8957843963529508,0.9833792782222464,0.8957843963529508,0.10421560364704918,0.016620721777753644,-0.912623
1290,5.375,walk,-1.213043,-0.187301,0.934239,-0.00271,-0.051528,-0.221869,-0.18502519798418823,-0.3390928725702093,0.00143988480923009,0.036002607180847045,0.008301400418104081,-0.03839699991444195,-0.01823854091671909,-0.017758579313656826,0.025917926565876024,-0.006719462442984944,-0.009359251259902335,-0.002159827213822655,0.05686100000000005,0.23854399999999998,-0.912521,-0.03640199999999982,-0.133911,-0.918038,0.09326299999999987,0.372455,0.005516999999999994,0.884282717478073,0.9804628833824324,0.884282717478073,0.11571728252192703,0.01953711661756763,-0.912521
1291,5.379167,walk,-1.21407,-0.188882,0.934075,-0.002185,-0.051401,-0.22239,-0.24646028317733046,-0.37940964722823883,-0.039356851451898364,-0.2188019383739267,-0.11319168603688688,0.2681251871422183,-0.016318694504430065,-0.01775857931365516,0.02951763858891378,-0.00287976961846018,-0.01127909767219136,-0.002639788816894911,0.05781999999999998,0.240051,-0.912234,-0.03538700000000006,-0.13237700000000002,-0.917885,0.09320700000000004,0.37242800000000004,0.005650999999999962,0.8799605248322124,0.9801058633461988,0.8799605248322124,0.12003947516778757,0.019894136653801242,-0.912234
1292,5.383333,walk,-1.214885,-0.190256,0.934176,-0.002659,-0.05114,-0.222313,-0.19563130100813753,-0.3298127700431661,0.024243879020644312,0.24748158197043255,-0.07206993475698256,-0.05127008087988325,-0.018242918867007872,-0.014162265962551284,0.030964954392698838,0.0007201152184289109,-0.009841574651932848,0.002880460873739795,0.05855900000000003,0.24136600000000002,-0.912206,-0.03456900000000007,-0.13104399999999997,-0.917974,0.0931280000000001,0.37240999999999996,0.005767999999999995,0.8779382766936102,0.98286716826265,0.8779382766936102,0.12206172330638976,0.01713283173735003,-0.912206
1293,5.3875,walk,-1.215888,-0.191709,0.933971,-0.00143,-0.051204,-0.222947,-0.24070074394051666,-0.3486921046316411,-0.049196064314859636,-0.5653986161619979,-0.09845436467737352,0.34209751173060965,-0.025437964962789612,-0.018478521718263547,0.04583633309335467,-0.008639308855273968,-0.008879289656830078,-0.002639788816894911,0.059456000000000175,0.24274199999999999,-0.91181,-0.03360199999999991,-0.129628,-0.91778,0.09305800000000009,0.37237,0.005970000000000031,0.8476609864733994,0.9788886597546018,0.8476609864733994,0.15233901352660062,0.02111134024539818,-0.91181
1294,5.391667,walk,-1.216712,-0.193091,0.934282,-0.002266,-0.051026,-0.223152,-0.1977441804655564,-0.3316534677226026,0.07463402927764924,0.4147201363506869,0.0071069544315207995,0.07928869552704455,-0.025197984161273466,-0.02111831053515929,0.05039596832253611,-0.004559635229179773,-0.010559155267576314,-0.0043196544276461425,0.06017500000000009,0.244036,-0.9119109999999999,-0.032796999999999965,-0.12828999999999996,-0.918109,0.09297200000000005,0.372326,0.006198000000000037,0.8377332573730972,0.9795233569535756,0.8377332573730972,0.16226674262690277,0.02047664304642438,-0.9119109999999999
1295,5.395833,walk,-1.217719,-0.194525,0.934017,-0.0005,-0.051302,-0.223912,-0.24171867498801247,-0.344215074411931,-0.06361017762841592,-0.8360493869445974,-0.05645508753829647,0.41876391406231306,-0.030004800768161945,-0.023763802208354,0.056649063850220546,-0.0028804608737695568,-0.0012001920307328738,0.0026404224675951665,0.06105699999999992,0.245371,-0.9114099999999999,-0.03180200000000011,-0.126861,-0.917833,0.09285900000000002,0.372232,0.0064230000000000675,0.8218240722822976,0.9931871553984539,0.8218240722822976,0.1781759277177024,0.006812844601546075,-0.9114099999999999
1296,5.4,walk,-1.218499,-0.195813,0.93433,-0.001296,-0.051196,-0.224291,-0.18718502519795352,-0.30909527237815404,0.07511399088071881,0.392576136388302,0.03795817451717684,0.16622804132720068,-0.030237580993479087,-0.03311735061194531,0.058795296376280566,0.00023998080156938096,-0.007199424046068987,-0.0014398848092147965,0.06171100000000007,0.246521,-0.911478,-0.031020999999999965,-0.125603,-0.918152,0.09273200000000004,0.372124,0.006673999999999958,0.8100172732384224,0.987756797164226,0.8100172732384224,0.18998272676157757,0.012243202835773959,-0.911478
1297,5.404167,walk,-1.219534,-0.197248,0.934177,0.000261,-0.051261,-0.225259,-0.24838012958961947,-0.3443724502040041,-0.03671706263498097,-0.7103253457201331,-0.1323008362640592,0.5147685187799954,-0.0383969282457805,-0.03911687065035058,0.06983441324694334,-0.004799616030749205,-0.007199424046083843,-0.0023998080153596157,0.06258599999999981,0.247793,-0.911034,-0.0300060000000002,-0.124198,-0.9180090000000001,0.09259200000000001,0.371991,0.0069750000000000645,0.7822888663859029,0.9850345676874506,0.7822888663859029,0.2177111336140971,0.014965432312549432,-0.911034
1298,5.408333,walk,-1.220345,-0.198538,0.93444,-0.000516,-0.051351,-0.22579,-0.19467114738362493,-0.3096495439270494,0.06313010081613876,0.36624812428638914,0.1293053440028872,0.242842836117886,-0.04584733557365466,-0.04776764282285491,0.08017282765243097,-0.006721075372040134,-0.01080172827652924,-0.00840134421507432,0.0632060000000001,0.248884,-0.9109630000000001,-0.029223,-0.12295300000000003,-0.9183070000000001,0.0924290000000001,0.37183700000000003,0.007344000000000017,0.7532634640514068,0.9745904232546085,0.7532634640514068,0.24673653594859324,0.02540957674539146,-0.9109630000000001
1299,5.4125,walk,-1.221133,-0.199762,0.934584,-0.000696,-0.051492,-0.226486,-0.18910487161028244,-0.2937365010799277,0.034557235421149156,0.08596065237516673,0.08933490678960615,0.33888745449754915,-0.05471562275021056,-0.06047516198704433,0.08351331893448848,-0.0035997120230619037,-0.010799136069105781,-0.0011999040076798079,0.06376599999999999,0.249856,-0.910759,-0.028450000000000086,-0.121774,-0.9184559999999999,0.09221600000000008,0.37163,0.007696999999999954,0.7284826690711358,0.98092274215229,0.7284826690711358,0.2715173309288642,0.019077257847709972,-0.910759
1300,5.416667,walk,-1.222195,-0.201139,0.934491,0.000689,-0.051774,-0.227602,-0.25485961123103396,-0.3304535637148516,-0.022318214542835172,-0.6495493358772705,-0.012484612662337764,0.5852058418937807,-0.07031437484997063,-0.11111111111109205,0.04679625629948838,-0.0031197504199223743,-0.010799136069116802,-0.0007199424046073983,0.06453500000000001,0.25077,-0.9104709999999999,-0.02740100000000001,-0.120442,-0.918366,0.09193600000000002,0.371212,0.007895000000000096,0.6884339601013254,0.9812270511116056,0.6884339601013254,0.3115660398986746,0.018772948888394425,-0.9104709999999999
1301,5.420833,walk,-1.222969,-0.202347,0.934799,-1.3e-05,-0.051783,-0.228252,-0.1857897263562443,-0.28996639462315954,0.07393182909268133,0.34282658990395937,0.08492426127905062,0.30269634673471313,-0.0784925588094609,-0.12337974075853127,0.03504560729717039,-0.0021603456553404925,-0.00984157465194827,-0.0031204992798848185,0.06498199999999987,0.251464,-0.910633,-0.026636000000000104,-0.11927500000000002,-0.918687,0.09161799999999998,0.37073900000000004,0.008054000000000006,0.6688394545481681,0.9824199291544705,0.6688394545481681,0.33116054545183193,0.017580070845529483,-0.910633
1302,5.425,walk,-1.223961,-0.203649,0.934698,0.001258,-0.05191,-0.229394,-0.2380609551236259,-0.3124550035997257,-0.024238060955128954,-0.5786153631208092,-0.07312627987743626,0.594718206831843,-0.09935205183583713,-0.1291096712263087,0.057115430765541035,0.0014398848092567335,-0.010799136069105781,-0.0019198464122873594,0.06556000000000006,0.252228,-0.910294,-0.025637999999999828,-0.11801799999999998,-0.918594,0.09119799999999989,0.37024599999999996,0.008299999999999974,0.629277574737147,0.9815623860945317,0.629277574737147,0.37072242526285304,0.018437613905468275,-0.910294
1303,5.429167,walk,-1.224669,-0.204819,0.935055,0.000315,-0.05239,-0.230105,-0.1699064074873922,-0.2807775377969901,0.08567314614829781,0.40465687350122553,0.3329811702123596,0.3291445752518705,-0.09239260859133605,-0.13342932565395232,0.06263498920086699,0.003359731221492472,-0.009119270458372868,0.0002399808015361281,0.06588299999999991,0.252842,-0.9103899999999999,-0.024915999999999938,-0.11688600000000002,-0.9189499999999999,0.09079899999999985,0.369728,0.008560000000000012,0.6244626459475684,0.9837975929121345,0.6244626459475684,0.3755373540524316,0.016202407087865467,-0.9103899999999999
1304,5.433333,walk,-1.225392,-0.205931,0.935327,-0.000264,-0.052334,-0.230822,-0.1735477676428066,-0.266922707633186,0.06529044647143868,0.2943075231503686,0.04214471021009432,0.33838653333646385,-0.09169467114734307,-0.1629860777724232,0.07969275084012349,0.001200192030732618,-0.00960153624579432,0.0019203072491590304,0.06622400000000006,0.25327500000000003,-0.91033,-0.024187999999999876,-0.115814,-0.919214,0.09041199999999994,0.369089,0.008884000000000003,0.5723577436741973,0.9835583912721828,0.5723577436741973,0.42764225632580266,0.016441608727817192,-0.91033
1305,5.4375,walk,-1.226311,-0.207182,0.935315,0.000243,-0.052593,-0.231937,-0.22054235661145527,-0.3002159827213965,-0.002879769618433537,-0.2370777838158608,0.07150163733158459,0.563739959337646,-0.0832733381329765,-0.1499880009599302,0.09863210943125039,0.004079673626094195,-0.007679385649142777,-0.0016798656107512315,0.06679599999999986,0.253901,-0.909907,-0.02325200000000005,-0.11459499999999997,-0.919209,0.0900479999999999,0.368496,0.009302000000000032,0.5771688491263219,0.9852390672048466,0.5771688491263219,0.42283115087367806,0.014760932795153447,-0.909907
1306,5.441667,walk,-1.226964,-0.208258,0.935637,-8.4e-05,-0.052435,-0.232479,-0.15670746340293845,-0.2582193424526141,0.07727381809456664,0.18370038662617122,-0.03413861494655842,0.25790918296727355,-0.12071034317253256,-0.20230381569475284,0.10679145668347043,0.004079673626094195,-0.01007919366451738,0.0004799616030722562,0.06694599999999995,0.25413399999999997,-0.909784,-0.022582000000000102,-0.11356100000000002,-0.919529,0.08952800000000005,0.367695,0.009745000000000004,0.47145889073942515,0.9818597864643587,0.47145889073942515,0.5285411092605748,0.018140213535641325,-0.909784
1307,5.445833,walk,-1.227846,-0.20951,0.935697,0.000232,-0.05228,-0.233539,-0.21171387421985868,-0.30052808449347945,0.014402304368684817,-0.10334090384301804,-0.10138617298717542,0.5296229452656351,-0.10249639942388333,-0.18338934229474277,0.12049927988476518,0.00264042246759044,-0.00528084493518088,-0.0007201152184347405,0.06740100000000004,0.254622,-0.909342,-0.02168900000000007,-0.11233099999999999,-0.919592,0.08909000000000011,0.366953,0.010249999999999981,0.4938457226821945,0.9900868045340505,0.4938457226821945,0.5061542773178055,0.009913195465949487,-0.909342
1308,5.45,walk,-1.228572,-0.210628,0.935915,-7.6e-05,-0.051801,-0.234261,-0.17422606191505582,-0.2682985361171248,0.05231581473483596,0.21532360362564004,-0.1849031403726616,0.34537647891928563,-0.10463162946967192,-0.10703143748500656,0.19030477561795892,0.00791936645072553,-0.002159827213831814,0.0,0.06769099999999995,0.255294,-0.9087670000000001,-0.020929999999999893,-0.11122200000000002,-0.91981,0.08862099999999984,0.366516,0.011042999999999914,0.48604589181690194,0.9863189893795892,0.48604589181690194,0.5139541081830981,0.013681010620410827,-0.9087670000000001
1309,5.454167,walk,-1.229213,-0.211712,0.936279,-0.000682,-0.051674,-0.234887,-0.15382769378447828,-0.26013918886490306,0.08735301175904406,0.31221022400443477,0.012543805136571278,0.2929124381764946,-0.13462922966164131,-0.2087832973362216,0.11807055435565762,0.005519558435297642,0.000719942404615045,0.00023998080153529548,0.0677709999999998,0.255508,-0.908639,-0.020266000000000117,-0.11013499999999998,-0.920173,0.08803699999999992,0.365643,0.011534000000000044,0.42623228083455245,0.9907141934515726,0.42623228083455245,0.5737677191654476,0.009285806548427367,-0.908639
1310,5.458333,walk,-1.230103,-0.212971,0.936293,-0.000503,-0.051765,-0.235774,-0.21363418146906574,-0.30220835333655355,0.0033605376860467166,-0.07159666978321083,0.027387207537811653,0.4426076921757479,-0.1670667306768754,-0.25492078732599244,0.11545847335574577,0.00600096015361107,0.003360537686033392,-0.002880460873739576,0.06796500000000005,0.255705,-0.9081720000000001,-0.019351000000000118,-0.10886199999999999,-0.920199,0.08731600000000017,0.364567,0.012026999999999899,0.37973,0.9875722319035128,0.37973,0.62027,0.012427768096487157,-0.9081720000000001
1311,5.4625,walk,-1.2307,-0.214006,0.936654,-0.001312,-0.051494,-0.236428,-0.14326853851688473,-0.24838012958959318,0.08663306935442386,0.42375725758418215,-0.031230073743473162,0.30085574301680873,-0.17062634989201084,-0.2603791696663837,0.11543076553873728,-0.00287976961840628,-0.018958483321330096,0.009839212862969163,0.06785099999999988,0.255655,-0.908052,-0.01876600000000006,-0.10790599999999997,-0.920519,0.08661699999999994,0.36356099999999997,0.012467000000000006,0.37533,0.9640785087284063,0.37533,0.6246700000000001,0.03592149127159372,-0.908052
1312,5.466667,walk,-1.231274,-0.214992,0.936976,-0.001862,-0.051139,-0.236758,-0.13774898008161762,-0.2366210703143825,0.07727381809456664,0.3046139474585157,-0.10156173146227124,0.14701264344390869,-0.19846412287015813,-0.26133909287258206,0.13270938324934645,0.0047996160306959185,-0.003119750419976326,0.0043196544276461425,0.06759800000000005,0.255552,-0.907821,-0.018172000000000077,-0.10693300000000003,-0.9208230000000001,0.08577000000000012,0.362485,0.013002000000000069,0.36998,0.9880477139449138,0.36998,0.63002,0.011952286055086248,-0.907821
1313,5.470833,walk,-1.232126,-0.216205,0.936969,-0.001686,-0.051061,-0.23744,-0.20451272203555987,-0.2911665866538924,-0.0016802688430100335,-0.056223308736839,-0.052967802308645916,0.3403264774325758,-0.22011521843498064,-0.29092654824774217,0.11665866538647116,0.001440230436858129,0.0,0.0009601536245801362,0.06753300000000007,0.25555300000000003,-0.907328,-0.01731400000000005,-0.10572000000000001,-0.9208120000000001,0.08484700000000012,0.361273,0.013484000000000052,0.36516000000000004,0.9971150973952282,0.36516000000000004,0.63484,0.0028849026047718107,-0.907328
1314,5.475,walk,-1.232732,-0.217213,0.937256,-0.002392,-0.050247,-0.2377,-0.14542836573072043,-0.24190064794817068,0.06887449004078217,0.42786269262034693,-0.29818029772673493,0.10571383393774576,-0.27765778737704044,-0.319894408447339,0.08663306935445565,0.004319654427663628,0.0004799616030722562,0.0007199424046075517,0.06698199999999987,0.255228,-0.907254,-0.016690000000000094,-0.10471000000000003,-0.921096,0.08367199999999997,0.35993800000000004,0.013842000000000021,0.36158,0.9926575634946169,0.36158,0.63842,0.007342436505383132,-0.907254
1315,5.479167,walk,-1.233384,-0.218243,0.937481,-0.0029,-0.049718,-0.238204,-0.15646748260138896,-0.2471802255819128,0.05399568034557069,0.30913387402796255,-0.186550777084118,0.23297419223021315,-0.2805375569953875,-0.3126949844011952,0.10199184065273029,-0.0004799616030854755,-0.00071994240460157,0.0023998080153582717,0.066465,0.254955,-0.907054,-0.016040000000000054,-0.103683,-0.921311,0.08250500000000005,0.358638,0.014256999999999964,0.35743,0.9957482818123604,0.35743,0.64257,0.004251718187639586,-0.907054
1316,5.483333,walk,-1.23417,-0.219317,0.937409,-0.002628,-0.049156,-0.238736,-0.18867018722996057,-0.25780124819973704,-0.017282765242430793,-0.04954843684133882,-0.2911270671786682,0.2649826560111666,-0.3197311569851163,-0.339654344695178,0.09985597695632085,0.005280844935235305,0.003120499279881487,0.005040806529045091,0.06591900000000006,0.254614,-0.9065660000000001,-0.015231999999999912,-0.10259599999999999,-0.9212180000000001,0.08115099999999997,0.35721,0.014651999999999998,0.35348,0.9867676144914367,0.35348,0.64652,0.013232385508563316,-0.9065660000000001
1317,5.4875,walk,-1.234708,-0.220325,0.937785,-0.003728,-0.049033,-0.239013,-0.12910967122629038,-0.24190064794817068,0.09023278137747759,0.5327451374689295,0.06999577861687316,0.11039426459250251,-0.3544516438685481,-0.32253419726423477,0.09455243580514039,0.0007199424046017234,0.004319654427650306,-0.0014398848092151033,0.06497999999999982,0.254278,-0.906548,-0.01469100000000001,-0.10157,-0.9216,0.07967099999999983,0.355848,0.015051999999999954,0.34948,0.9923168655658299,0.34948,0.65052,0.007683134434170125,-0.906548
1318,5.491667,walk,-1.235204,-0.221213,0.938093,-0.004502,-0.048546,-0.239111,-0.11903047756181295,-0.2131029517638686,0.07391408687304753,0.41843725712133695,-0.13801258170670075,0.026757096015470973,-0.37485001199901913,-0.361651067914582,0.08543316534677667,0.0011999040076873012,0.008159347252215033,-0.0023998080153596157,0.06391400000000003,0.25365899999999997,-0.9065,-0.014189999999999925,-0.10064800000000002,-0.9219179999999999,0.07810399999999995,0.35430700000000004,0.015417999999999932,0.34581999999999996,0.9856847210877797,0.34581999999999996,0.65418,0.014315278912220286,-0.9065
1319,5.495833,walk,-1.235798,-0.222255,0.938478,-0.00589,-0.048468,-0.239344,-0.14258281325009695,-0.2501200192030426,0.09241478636582529,0.6607197997187623,0.12395828963873094,0.08307626841855989,-0.41406625060003494,-0.35573691790681844,0.07345175228035353,0.008881421027325434,0.008401344215075025,0.006000960153623948,0.06278300000000003,0.253219,-0.906579,-0.013559000000000099,-0.09957099999999999,-0.922278,0.07634200000000013,0.35279,0.01569900000000002,0.34301000000000004,0.9773018755761275,0.34301000000000004,0.65699,0.022698124423872534,-0.906579
1320,5.5,walk,-1.236571,-0.223219,0.93843,-0.005628,-0.047707,-0.239528,-0.18550515958727382,-0.23134149268059434,-0.011519078473734148,-0.0302226015606941,-0.3846642849879111,0.09027043740844942,-0.4276457883369939,-0.36261099112072653,0.0717542596592307,-0.007199424046070521,-0.017758579313660157,0.014158867290617404,0.061773999999999996,0.252672,-0.906232,-0.012815999999999939,-0.09868100000000002,-0.922171,0.07458999999999993,0.351353,0.015938999999999925,0.34061,0.9602902066099833,0.34061,0.6593899999999999,0.03970979339001668,-0.906232
1321,5.504167,walk,-1.237034,-0.224072,0.938801,-0.006596,-0.047511,-0.239578,-0.11111111111108743,-0.20470362371011078,0.08903287736981694,0.4742279919771786,0.0201343443914707,0.001611370849264906,-0.46364290856729323,-0.3849292056635648,0.061675065994723305,-0.0038396928245780495,-0.007679385649142777,0.0055195584353259506,0.06030500000000005,0.251921,-0.906346,-0.012369000000000074,-0.09786,-0.922519,0.07267400000000013,0.349781,0.016172999999999993,0.33827000000000007,0.9829884246715204,0.33827000000000007,0.6617299999999999,0.017011575328479633,-0.906346
1322,5.508333,walk,-1.237533,-0.224957,0.93903,-0.007171,-0.047125,-0.239648,-0.11977916466633709,-0.21243398943828093,0.05496879500720212,0.31367677408796646,-0.1137350897719295,0.01847943551200864,-0.47623619779157944,-0.3715794527123836,0.06913106096974675,-0.00528084493518088,-0.004080652904461586,0.0,0.058820000000000094,0.251258,-0.9062870000000001,-0.011892000000000014,-0.096992,-0.922748,0.07071200000000011,0.34825,0.016460999999999948,0.33539,0.9888770693115383,0.33539,0.6646099999999999,0.011122930688461707,-0.9062870000000001
1323,5.5125,walk,-1.238288,-0.225835,0.938818,-0.006506,-0.045856,-0.239606,-0.18118550515961018,-0.21070314374851398,-0.05087592992560587,-0.16474882077405315,-0.6686737596421429,-0.017615582072509437,-0.5128389728822061,-0.38828893688506727,0.049196064314856305,-0.0007199424046017234,-0.0011999040076873012,0.0028797696184302067,0.0574380000000001,0.250518,-0.9058700000000001,-0.011139999999999928,-0.09611900000000001,-0.922524,0.06857800000000003,0.34663700000000003,0.016653999999999947,0.33346000000000003,0.9946637612734454,0.33346000000000003,0.6665399999999999,0.005336238726554643,-0.9058700000000001
1324,5.516667,walk,-1.238739,-0.226698,0.939213,-0.007837,-0.046124,-0.239614,-0.10823134149268053,-0.20710343172547205,0.09479241660665737,0.5889478688463565,0.27833320469511436,-0.02185864147682893,-0.5459563234941519,-0.3798896088313111,0.04319654427645976,0.0007199424046017234,0.0026397888169040697,0.0016798656107512315,0.05561400000000005,0.24979800000000002,-0.9060849999999999,-0.010685999999999973,-0.09524499999999997,-0.922912,0.06630000000000003,0.345043,0.016827000000000036,0.33173,0.9946487928324588,0.33173,0.6682699999999999,0.005351207167541228,-0.9060849999999999
1325,5.520833,walk,-1.239157,-0.22748,0.939569,-0.008938,-0.046111,-0.239576,-0.100336053768618,-0.18771003360538624,0.0854536725876263,0.5132206043478612,0.1207201907598137,-0.042234357878761265,-0.5367258761402554,-0.3807009121459737,0.056168987037931724,0.0,0.008401344215063493,-0.0026404224675951665,0.053795999999999955,0.248994,-0.906207,-0.010267999999999944,-0.09442800000000004,-0.923279,0.0640639999999999,0.343422,0.017071999999999976,0.32927999999999996,0.985322502538148,0.32927999999999996,0.67072,0.014677497461851985,-0.906207
1326,5.525,walk,-1.239589,-0.228285,0.939943,-0.010285,-0.046094,-0.239508,-0.10367170626347866,-0.19318454523634876,0.08975281977439953,0.6273783742262237,0.1471786260996139,-0.061993845502645875,-0.5627549796014942,-0.39932805375563235,0.052555795536347566,0.00071994240460157,0.010559155267587385,-0.004319654427645222,0.05188300000000012,0.248135,-0.906362,-0.00983299999999998,-0.093579,-0.923671,0.061716000000000104,0.34171399999999996,0.01730900000000002,0.32691000000000003,0.9809479155846375,0.32691000000000003,0.67309,0.019052084415362547,-0.906362
1327,5.529167,walk,-1.240358,-0.228969,0.939485,-0.00916,-0.044273,-0.239172,-0.18454523638110265,-0.16414686825055175,-0.10991120710342676,-0.32260536890038766,-0.9791932438365202,-0.1610654195289668,-0.5915526757860029,-0.4079673626110098,0.03599712023038258,0.005519558435350929,0.008879289656830078,-0.004559635229181438,0.05018699999999998,0.247119,-0.9057540000000001,-0.009040999999999855,-0.09285799999999997,-0.923232,0.059227999999999836,0.339977,0.017477999999999994,0.32522000000000006,0.9809899453830395,0.32522000000000006,0.6747799999999999,0.01901005461696048,-0.9057540000000001
1328,5.533333,walk,-1.240875,-0.229256,0.9394,-0.00878,-0.042369,-0.23824,-0.12409985597693703,-0.06889102256361125,-0.020403264522325607,0.02046907748583796,-0.9328679832206354,-0.4707842540859041,-0.5873739798367882,-0.38958233317333846,0.06601056168987667,0.005760921747485814,0.008401344215063493,-0.005760921747479985,0.048256999999999994,0.24578299999999997,-0.905394,-0.008499999999999952,-0.09253600000000003,-0.923171,0.056756999999999946,0.33831900000000004,0.017776999999999932,0.32223,0.9804950844243172,0.32223,0.67777,0.01950491557568279,-0.905394
1329,5.5375,walk,-1.241232,-0.229993,0.939677,-0.009452,-0.04231,-0.238125,-0.08567314614829781,-0.1768658507319532,0.06647468202543422,0.31723855872832435,0.04934169833945859,-0.07032577339092004,-0.624190064794863,-0.40388768898489974,0.04655627549796222,0.005519558435297642,0.0038396928245780495,-0.002399808015358783,0.04601299999999986,0.244837,-0.905477,-0.008120000000000127,-0.091783,-0.923458,0.05413299999999999,0.33662000000000003,0.017981000000000025,0.32019,0.9881013720657518,0.32019,0.67981,0.01189862793424823,-0.905477
1330,5.541667,walk,-1.241621,-0.230686,0.939818,-0.009862,-0.042294,-0.237867,-0.0933525317974873,-0.1663066954643348,0.03383729301656686,0.187254989694393,0.039380510333779095,-0.13528992376935836,-0.6313894888407989,-0.38396928245733886,0.056155507559385386,-0.00023998080151609453,0.007439404847611724,-0.00311975041996567,0.043771000000000004,0.24393,-0.9053840000000001,-0.00773199999999985,-0.091059,-0.923612,0.051502999999999854,0.334989,0.01822799999999991,0.31772,0.9865489387082653,0.31772,0.68228,0.013451061291734678,-0.9053840000000001
1331,5.545833,walk,-1.242284,-0.231372,0.939527,-0.009261,-0.041857,-0.237332,-0.15914546327410242,-0.16466634661546964,-0.06985117618820554,-0.24166306656974815,-0.27283371479921864,-0.25690016480025957,-0.6442630820931641,-0.4051848295727638,0.061689870379265634,-0.0052808449351820054,0.003360537686033392,-0.005520883341335575,0.041749999999999954,0.242928,-0.904836,-0.0070909999999999584,-0.090359,-0.923344,0.04884099999999991,0.333287,0.01850800000000008,0.31492,0.9860895033999776,0.31492,0.68508,0.013910496600022415,-0.904836
1332,5.55,walk,-1.242727,-0.232012,0.939731,-0.01003,-0.041424,-0.236868,-0.1063114950803915,-0.15358771298296878,0.048956083513316845,0.39764150154830114,-0.11454062784229421,-0.24774089216011486,-0.6685865130789734,-0.41612670986323025,0.056395488360933485,-0.015838732901397777,-0.0333573314134885,0.028077753779698678,0.03940699999999997,0.241834,-0.904805,-0.006714000000000109,-0.089858,-0.923431,0.04612100000000008,0.331692,0.01862600000000003,0.31374,0.922685036731696,0.31374,0.68626,0.077314963268304,-0.904805
1333,5.554167,walk,-1.243081,-0.232629,0.93997,-0.010926,-0.041184,-0.236524,-0.08495320374374937,-0.1480681545476445,0.05735541156707467,0.4374463546864437,-0.00995499896970388,-0.18877306407479802,-0.6685865130789734,-0.39116870650349744,0.076073914086876,-0.0009599232061178691,-0.002399808015361281,0.0028797696184310394,0.0369750000000002,0.240821,-0.904727,-0.006363999999999814,-0.089251,-0.923658,0.043339000000000016,0.330072,0.01893100000000003,0.31069,0.993550709744589,0.31069,0.68931,0.0064492902554109666,-0.904727
1334,5.558333,walk,-1.243375,-0.233223,0.940276,-0.011962,-0.041264,-0.236363,-0.07057129140656626,-0.1425828132501036,0.07345175228036185,0.4703892443729723,0.15528790735002826,-0.09781579746842778,-0.6814690350455246,-0.39582333173302414,0.05880940950551352,-0.004800768122930472,-0.0021603456553000574,0.005040806529044016,0.03442999999999996,0.239766,-0.904788,-0.006090000000000151,-0.08866599999999997,-0.923943,0.04052000000000011,0.328432,0.019154999999999922,0.30845,0.9878522752034506,0.30845,0.69155,0.012147724796549353,-0.904788
1335,5.5625,walk,-1.243778,-0.233821,0.940517,-0.012821,-0.041439,-0.23583,-0.09671226301899967,-0.14350851931845807,0.05783537317016024,0.36916667969850375,0.17984458582544038,-0.27692801646653514,-0.7036237101032615,-0.4142068634509429,0.05903527717782923,-0.0019198464122890248,-0.0033597312215057932,0.002399808015358783,0.03190099999999996,0.238638,-0.904783,-0.005695000000000006,-0.088082,-0.924174,0.03759599999999996,0.32672,0.019391000000000047,0.30609,0.9924111407243321,0.30609,0.69391,0.007588859275667881,-0.904783
1336,5.566667,walk,-1.244506,-0.234464,0.940121,-0.012323,-0.04133,-0.235132,-0.17470602351808812,-0.15430765538757715,-0.09503239740822679,-0.23470030768037553,-0.10644268827089261,-0.3363795684378041,-0.6909047276217868,-0.3904487640988899,0.0731941444684458,-0.004079673626094195,-0.0004799616030722562,0.0007199424046075517,0.029749999999999943,0.237654,-0.9040819999999999,-0.0049840000000000995,-0.08744099999999999,-0.923775,0.03473400000000004,0.325095,0.01969300000000007,0.30306999999999995,0.9930492971774583,0.30306999999999995,0.69693,0.006950702822541732,-0.9040819999999999
1337,5.570833,walk,-1.24481,-0.235018,0.94034,-0.013456,-0.041391,-0.234638,-0.07297167546808479,-0.13298127700430262,0.05256841094573689,0.5108656674479877,0.15722897202940903,-0.26391542216834696,-0.7109937590013765,-0.4003840614497784,0.058809409505511855,-0.0021603456552867326,0.0004800768122903822,0.0016802688430146721,0.027091999999999894,0.23654,-0.904056,-0.004688999999999943,-0.08688499999999999,-0.923987,0.03178099999999984,0.323425,0.019931000000000032,0.30069,0.9953689242667901,0.30069,0.69931,0.004631075733209866,-0.904056
1338,5.575,walk,-1.245058,-0.235501,0.940471,-0.014276,-0.041182,-0.233945,-0.059515238780906476,-0.11591072714182997,0.03143748500119947,0.39090837047418336,-0.003850027493701856,-0.35911293473039624,-0.7168226541876619,-0.3962083033357512,0.05255579553636043,-0.004319654427663628,0.002399808015361281,0.0014398848092151033,0.02435300000000007,0.235372,-0.903968,-0.004458999999999991,-0.086392,-0.9241119999999999,0.02881200000000006,0.321764,0.02014399999999994,0.29856,0.9914216420327997,0.29856,0.7014400000000001,0.0085783579672003,-0.903968
1339,5.579167,walk,-1.245336,-0.235992,0.940614,-0.015004,-0.041025,-0.233227,-0.066714662826977,-0.11783057355412566,0.03431725461963301,0.34165308934604954,0.010133271163077684,-0.3691538237480191,-0.7218622510199806,-0.3832493400528133,0.06359491240701066,-0.0026397888168907483,0.002159827213818492,-0.0007199424046075517,0.021622999999999948,0.234266,-0.9038459999999999,-0.0041919999999999735,-0.085892,-0.9242579999999999,0.02581499999999992,0.320158,0.020411999999999986,0.29588,0.9941901291711422,0.29588,0.7041200000000001,0.005809870828857755,-0.9038459999999999
1340,5.583333,walk,-1.245661,-0.236508,0.940728,-0.015446,-0.041136,-0.232574,-0.0780124819971038,-0.12385981757081843,0.027364378300544296,0.1798000962188961,0.10310376672457555,-0.32867791291929677,-0.7292366778684866,-0.3919827172347886,0.039846375420070246,-0.0019203072491619383,0.0007201152184423892,0.00048007681229048457,0.018909999999999982,0.233149,-0.903794,-0.003875000000000073,-0.08537299999999998,-0.92437,0.022785000000000055,0.31852199999999997,0.02057600000000004,0.29424,0.9964894525574448,0.29424,0.7057599999999999,0.0035105474425551897,-0.903794
1341,5.5875,walk,-1.246396,-0.237189,0.9404,-0.015306,-0.04129,-0.231996,-0.17638588912887668,-0.16342692584590854,-0.0787137029037533,-0.09488103771453807,0.05782546046490146,-0.28058718950202505,-0.7281017518597247,-0.40100791936638347,0.03911687065034058,-0.00143988480920314,0.001919846412275294,-0.0004799616030721539,0.016611000000000153,0.232159,-0.903303,-0.003145999999999871,-0.08468400000000001,-0.924044,0.019757000000000025,0.31684300000000004,0.02074100000000001,0.29259,0.9959211107002968,0.29259,0.70741,0.004078889299703237,-0.903303
1342,5.591667,walk,-1.246678,-0.237568,0.940422,-0.015766,-0.040811,-0.23125,-0.06767458603309487,-0.0909527237820993,0.005279577633781497,0.251695078626976,-0.1704643489664575,-0.3817169045803145,-0.7242620590353551,-0.38876889848813867,0.03623710103192037,-0.0002399808015694321,0.000719942404615045,0.0031197504199671675,0.01387499999999986,0.230918,-0.9031739999999999,-0.0028650000000001175,-0.08430199999999999,-0.924053,0.016739999999999977,0.31522,0.020879000000000092,0.29120999999999997,0.9946487928324613,0.29120999999999997,0.70879,0.005351207167538674,-0.9031739999999999
1343,5.595833,walk,-1.246859,-0.238036,0.940579,-0.016473,-0.040961,-0.230721,-0.04344695151224221,-0.11233797407586012,0.03768602976478305,0.30204569969138956,0.1503662556781553,-0.27153333146456243,-0.7371579452712596,-0.3883821411426135,0.04224675948151933,-0.0019203072491619383,-0.0007201152184423892,-0.00024003840614524228,0.010985000000000023,0.229768,-0.903155,-0.0026920000000001387,-0.08383700000000002,-0.924211,0.013677000000000161,0.313605,0.021055999999999964,0.28944000000000003,0.9965585192562564,0.28944000000000003,0.71056,0.003441480743743619,-0.903155
1344,5.6,walk,-1.247096,-0.238456,0.940695,-0.016793,-0.041064,-0.230066,-0.05687544996401573,-0.10079193664507388,0.02783777297813757,0.12386057110168015,0.08581669004873749,-0.32711171071370093,-0.7417806575474726,-0.3940484761219285,0.020638348932087033,-0.0028797696184068937,0.0014398848092167685,-0.0007199424046075517,0.008130999999999888,0.228546,-0.9031849999999999,-0.002466999999999997,-0.08341100000000001,-0.92433,0.010597999999999885,0.31195700000000004,0.02114500000000008,0.28855,0.9945013490581617,0.28855,0.71145,0.005498650941838323,-0.9031849999999999
1345,5.604167,walk,-1.247388,-0.238878,0.94076,-0.016942,-0.040829,-0.229281,-0.07007439404845453,-0.10127189824812456,0.015598752099851662,0.07844567632900332,-0.09067501116960495,-0.3924242271676235,-0.7206623470120864,-0.3909287257018784,0.0427165826733784,-0.0016798656107725209,0.0007199424046148916,0.0011999040076787195,0.00541999999999998,0.227339,-0.9030720000000001,-0.0021820000000001283,-0.08298599999999998,-0.92439,0.007602000000000109,0.31032499999999996,0.021317999999999948,0.28682,0.9963561180788651,0.28682,0.7131799999999999,0.0036438819211348505,-0.9030720000000001
1346,5.608333,walk,-1.247694,-0.239245,0.940782,-0.017079,-0.040408,-0.228522,-0.07345175228040417,-0.0880940950552173,0.0052808449351820054,0.09383778679176909,-0.17907451711545255,-0.381769014050788,-0.7304368698992727,-0.3948631781085284,0.02736437830053097,0.006961113778218688,-0.006481036965914879,0.00984157465194494,0.002682999999999991,0.226061,-0.90298,-0.001846999999999932,-0.08264599999999997,-0.924371,0.004529999999999923,0.308707,0.02139100000000005,0.28608999999999996,0.9771893338291622,0.28608999999999996,0.71391,0.022810666170837823,-0.90298
1347,5.6125,walk,-1.248317,-0.239917,0.940682,-0.016452,-0.040682,-0.228293,-0.14950803935681464,-0.16126709863211156,-0.023998080153586166,-0.3276037715686396,0.059978337351278874,-0.09830100423163342,-0.7281017518598799,-0.38444924406049297,0.04391648668106648,0.0,-0.006479481641468798,0.003359731221502463,0.00027199999999982793,0.225131,-0.902697,-0.0012240000000001139,-0.08200099999999999,-0.924257,0.0014959999999999418,0.30713199999999996,0.021560000000000024,0.2844,0.987835448103555,0.2844,0.7156,0.012164551896445053,-0.902697
1348,5.616667,walk,-1.248514,-0.24033,0.940736,-0.016566,-0.040854,-0.227939,-0.04727621790257061,-0.09911207103432099,0.012958963282937596,0.02687375380740078,0.09413325855099147,-0.17422756056703356,-0.7309815214782869,-0.3762898968082725,0.025917926565876857,-0.005279577633781497,-0.004559635229179773,0.0011999040076798079,-0.0025770000000000515,0.22397599999999998,-0.902643,-0.0010490000000000776,-0.08160699999999999,-0.9243060000000001,0.0015279999999999738,0.305583,0.0216630000000001,0.28337,0.9882026388259034,0.28337,0.71663,0.011797361174096577,-0.902643
1349,5.620833,walk,-1.24873,-0.240718,0.940783,-0.016989,-0.040731,-0.227252,-0.05184829572730798,-0.09313490158424087,0.011281805088817319,0.19625297135130165,-0.008783088253028893,-0.34736566023175297,-0.71531445031195,-0.36821891502635506,0.02736437830052347,-0.0031204992798941466,-0.0004800768122903822,-0.0016802688430146721,-0.00534100000000004,0.22282999999999997,-0.902576,-0.0008460000000001244,-0.08122099999999999,-0.9243600000000001,0.004494999999999916,0.30405099999999996,0.021784000000000026,0.28216,0.9940391804985658,0.28216,0.71784,0.0059608195014342336,-0.902576
1350,5.625,walk,-1.248891,-0.241137,0.94089,-0.017206,-0.040841,-0.226654,-0.03863690904729664,-0.10055195584353775,0.0256779457643324,0.07655762341287413,0.0773258860452194,-0.29696304592120926,-0.7132229421646533,-0.4250059995200574,0.017038636909048444,-0.005279577633781497,0.0,0.0011999040076798079,-0.008151999999999937,0.22147799999999998,-0.902612,-0.0007070000000000132,-0.08080199999999998,-0.924462,0.007444999999999924,0.30228,0.021850000000000036,0.28150000000000003,0.9909763105570252,0.28150000000000003,0.7184999999999999,0.009023689442974825,-0.902612
1351,5.629167,walk,-1.249123,-0.241538,0.940922,-0.017349,-0.040893,-0.226019,-0.05567554595632843,-0.09623230141589412,0.007679385649156099,0.04749397713794653,0.042280433404691946,-0.31446632942445435,-0.7149028077754261,-0.39836813054957465,0.0,-0.0047996160306959185,0.0,-0.0002399808015361281,-0.010898999999999992,0.220219,-0.902644,-0.0004949999999999122,-0.08040099999999997,-0.9244950000000001,0.01040400000000008,0.30062,0.021851000000000065,0.28149,0.9919906469904765,0.28149,0.71851,0.008009353009523545,-0.902644
1352,5.633333,walk,-1.24931,-0.241906,0.940948,-0.017183,-0.04114,-0.225459,-0.044887181949090776,-0.08833413346134371,0.0062409985597616435,-0.11636078515000806,0.09964734910669983,-0.2695354084064792,-0.705472875660017,-0.3845415266442114,0.025684109457510464,-0.0026404224676437387,0.00024003840613852869,-0.001440230436869481,-0.01365100000000008,0.218985,-0.902563,-0.00031900000000018025,-0.08003199999999999,-0.924527,0.0133319999999999,0.299017,0.021963999999999984,0.28036,0.9949712733676781,0.28036,0.7196400000000001,0.0050287266323219,-0.902563
1353,5.6375,walk,-1.2495,-0.242261,0.940973,-0.017048,-0.041028,-0.224876,-0.045596352291851015,-0.08519318454523889,0.00599952003838322,-0.06362347870889411,-0.06492111345703747,-0.2859515380396009,-0.6933045356371613,-0.3621310295176551,0.012958963282937596,-0.009119270458359545,0.0009599232061445124,-0.006239500839933502,-0.016349999999999865,0.217831,-0.902534,-0.00016700000000002824,-0.079673,-0.9245779999999999,0.016182999999999836,0.297504,0.022043999999999953,0.27956000000000003,0.9815147268085935,0.27956000000000003,0.72044,0.01848527319140647,-0.902534
1354,5.641667,walk,-1.249951,-0.242806,0.940926,-0.016493,-0.040859,-0.224701,-0.10823134149268053,-0.1307895368370566,-0.011279097672164716,-0.2449580939805193,-0.1385464829194396,-0.07836283300989999,-0.6897048236141528,-0.39740820734343096,-0.004799616030717566,-0.023518118550500587,-0.009839212862974591,-0.012958963282937596,-0.01877299999999993,0.21672,-0.9025070000000001,0.00018600000000001948,-0.07916900000000002,-0.924585,0.018958999999999948,0.295889,0.02207799999999993,0.27922,0.952336633584911,0.27922,0.72078,0.04766336641508895,-0.9025070000000001
1355,5.645833,walk,-1.250136,-0.243139,0.940924,-0.016229,-0.040758,-0.224294,-0.044407105136796535,-0.07993278924628573,-0.00048007681230380936,-0.12127666271701074,-0.07447593271399407,-0.19693206742243372,-0.7018722995679688,-0.4075852136342133,-0.007201152184350606,-0.015362457993295506,-0.00984157465194827,-0.0007201152184357268,-0.021511999999999976,0.215355,-0.902535,0.0003069999999998352,-0.07887700000000003,-0.924586,0.02181899999999981,0.29423200000000005,0.022051000000000043,0.27949,0.9695688266030511,0.27949,0.72051,0.030431173396948896,-0.902535
1356,5.65,walk,-1.25034,-0.24346,0.940869,-0.01574,-0.040736,-0.223876,-0.048956083513333054,-0.07703383729300743,-0.013198944084477571,-0.23511602798728132,-0.06171984763227607,-0.19722304012238823,-0.6978641708662456,-0.40268778497713414,-0.01319894408447091,-0.008879289656788221,-0.005759539236852525,0.0016798656107508733,-0.024216000000000015,0.21399800000000002,-0.902535,0.00047400000000008546,-0.07857999999999998,-0.9245239999999999,0.0246900000000001,0.292578,0.021988999999999925,0.28010999999999997,0.9821397379716112,0.28010999999999997,0.71989,0.01786026202838875,-0.902535
1357,5.654167,walk,-1.25054,-0.24376,0.940771,-0.015279,-0.040516,-0.223412,-0.04799616030717233,-0.07199424046076516,-0.023518118550500587,-0.2017913279137623,-0.15124284646350053,-0.22269670316037304,-0.6743460523158405,-0.3719702423806272,0.0079193664506839,-0.00671946244303823,-0.004799616030722562,-0.00023998080153529548,-0.026826000000000016,0.212748,-0.902404,0.0006459999999999244,-0.07830000000000001,-0.924427,0.02747199999999994,0.29104800000000003,0.022023000000000015,0.2797700000000001,0.9862315698919113,0.2797700000000001,0.7202299999999999,0.013768430108088703,-0.902404
1358,5.658333,walk,-1.250699,-0.244033,0.940716,-0.014795,-0.040169,-0.223021,-0.03816610657706021,-0.06553048487758452,-0.013202112337981662,-0.19746262639427792,-0.21341819365688397,-0.18782132538950067,-0.6761881901104879,-0.3708593374940287,-0.017282765242439123,-0.003360537686020067,-0.0009601536245809691,0.0,-0.029484000000000066,0.211476,-0.902421,0.0007909999999999862,-0.07803100000000002,-0.924372,0.030275000000000052,0.289507,0.021950999999999943,0.28049,0.9941749800854043,0.28049,0.71951,0.005825019914595719,-0.902421
1359,5.6625,walk,-1.250857,-0.244298,0.94066,-0.014303,-0.039734,-0.222689,-0.037916966642694915,-0.06359491240700733,-0.01343892488599653,-0.1905334865545238,-0.2556017781745749,-0.15970559390735536,-0.6599472042236995,-0.375329973602128,-0.004559635229183103,-0.001679865610772879,0.0009599232061445124,-0.0007199424046075517,-0.03207599999999999,0.210177,-0.9023840000000001,0.0009419999999999984,-0.07776200000000003,-0.924319,0.03301799999999999,0.287939,0.021934999999999927,0.28065000000000007,0.996559345145541,0.28065000000000007,0.7193499999999999,0.003440654854458991,-0.9023840000000001
1360,5.666667,walk,-1.25102,-0.244545,0.940557,-0.013687,-0.039333,-0.222382,-0.039116870650320594,-0.05927525797935772,-0.024718022558209263,-0.2516088658504746,-0.252999157187035,-0.1446723930182856,-0.6563474922004977,-0.42356611471075284,-0.03335733141348139,-0.0016798656107192345,-0.0004799616030721539,0.0004799616030713213,-0.03464800000000001,0.208659,-0.90242,0.0010980000000000434,-0.077517,-0.924214,0.035746000000000056,0.286176,0.02179399999999998,0.28206000000000003,0.9969803078013169,0.28206000000000003,0.71794,0.0030196921986831438,-0.90242
1361,5.670833,walk,-1.251181,-0.244818,0.940479,-0.013115,-0.039124,-0.222259,-0.03864618338936402,-0.06553048487758452,-0.018722995679315572,-0.24778220126983505,-0.15882392901307815,-0.05278805156865138,-0.6413826212194478,-0.4025444071051682,-0.03672587614018542,-0.0026404224675910027,-0.0014402304368714535,0.0026404224675951665,-0.03715899999999994,0.20725500000000002,-0.9024949999999999,0.0012480000000001379,-0.07725000000000001,-0.924125,0.03840700000000008,0.284505,0.021630000000000038,0.28370000000000006,0.9933295999357794,0.28370000000000006,0.7162999999999999,0.006670400064220594,-0.9024949999999999
1362,5.675,walk,-1.251322,-0.245059,0.940388,-0.012711,-0.038748,-0.222121,-0.033837293016547434,-0.05783537317014692,-0.021838252939754353,-0.15169368327685617,-0.21899885493027738,-0.06484778244930516,-0.6383489320854346,-0.3856491480681732,-0.027357811375090295,0.010799136069079139,0.0016798656107595575,0.0019198464122873594,-0.03967799999999988,0.205889,-0.902518,0.0014339999999999353,-0.07700199999999999,-0.924026,0.041111999999999815,0.282891,0.02150799999999997,0.28492,0.9815060746793658,0.28492,0.7150799999999999,0.018493925320634208,-0.902518
1363,5.679167,walk,-1.251468,-0.245269,0.940265,-0.012086,-0.038486,-0.22193,-0.03503719702423474,-0.05039596832253361,-0.02951763858891045,-0.2682250595688078,-0.18912005331859658,-0.08588911079306302,-0.6225101991840901,-0.38300935925127577,-0.03959683225342117,-0.005039596832212064,0.003359731221492472,0.0,-0.042125999999999886,0.204503,-0.90256,0.001559000000000088,-0.07677800000000004,-0.923903,0.043684999999999974,0.281281,0.021343,0.28657,0.9899052640076467,0.28657,0.71343,0.010094735992353332,-0.90256
1364,5.683333,walk,-1.251581,-0.245483,0.940167,-0.011629,-0.038265,-0.221857,-0.027124339894386607,-0.05136821891502426,-0.0235237638022154,-0.1917233032624518,-0.15220213710777095,-0.030283894026548047,-0.6219395103215706,-0.37998079692745773,-0.051128180508875735,-0.008161305808949823,-0.007441190590480937,0.0033605376860293443,-0.044603999999999866,0.203134,-0.902675,0.0016380000000000283,-0.07659499999999997,-0.923791,0.046241999999999894,0.279729,0.021116000000000024,0.28884000000000004,0.9807594580630231,0.28884000000000004,0.71116,0.019240541936976885,-0.902675
1365,5.6875,walk,-1.251714,-0.245673,0.940037,-0.011153,-0.03809,-0.221778,-0.03191744660425841,-0.04559635229181771,-0.031197504199656688,-0.20556470306533467,-0.13262706043171316,-0.03237009710271363,-0.6133909287257306,-0.4041276697864367,-0.05327573794096715,-0.007199424046070521,-0.005039596832265351,0.0038396928245738866,-0.04702699999999993,0.20163999999999999,-0.902767,0.0017409999999999926,-0.07642600000000002,-0.923645,0.04876799999999992,0.27806600000000004,0.020878000000000063,0.29122000000000003,0.9840162857349877,0.29122000000000003,0.70878,0.015983714265012328,-0.902767
1366,5.691667,walk,-1.252013,-0.246033,0.94003,-0.011086,-0.037748,-0.222017,-0.07175425965924236,-0.08639308855291952,-0.001679865610746236,0.009656991175551922,-0.16760638265956979,0.11541342570819609,-0.6083513318935185,-0.38492920566356315,-0.06575473962083249,-0.005759539236867074,-0.0019198464122757032,0.0011999040076789752,-0.04926300000000006,0.20039600000000002,-0.903034,0.0020160000000000178,-0.07607399999999997,-0.923633,0.051279000000000075,0.27647,0.020599000000000034,0.29401,0.9896857875704089,0.29401,0.70599,0.010314212429591074,-0.903034
1367,5.695833,walk,-1.252196,-0.246232,0.939893,-0.010682,-0.03751,-0.221934,-0.04392702832453666,-0.047767642822846394,-0.032885261641871194,-0.16526377476409315,-0.15451463328708928,-0.03617642796012409,-0.5890542486796994,-0.37253960633696515,-0.07297167546806481,0.000480076812303707,-0.0002400384061518535,0.003120499279884986,-0.05153399999999997,0.199043,-0.9032009999999999,0.0022010000000001195,-0.075876,-0.9234829999999999,0.05373500000000009,0.274919,0.020282000000000022,0.29718,0.9947227932636084,0.29718,0.70282,0.005277206736391649,-0.9032009999999999
1368,5.7,walk,-1.252302,-0.246413,0.939794,-0.010363,-0.037372,-0.222009,-0.025437964962789612,-0.04343652507799256,-0.02375809935204338,-0.13307902904644406,-0.09875156231897672,0.04095903849680051,-0.5781137508999264,-0.38372930165588415,-0.09431245500360509,-0.00215982721380517,0.0,0.0007199424046075517,-0.05383699999999991,0.197625,-0.903495,0.0022980000000001333,-0.07569500000000001,-0.923381,0.056135000000000046,0.27332,0.01988599999999996,0.3011400000000001,0.996205570362197,0.3011400000000001,0.6988599999999999,0.003794429637802965,-0.903495
1369,5.704167,walk,-1.252389,-0.246567,0.939675,-0.009965,-0.037167,-0.222024,-0.02087832973360984,-0.036957043436530425,-0.028557715382765938,-0.16404194345197173,-0.13850599942895414,0.012174536631826459,-0.5785937125030653,-0.3714902807775549,-0.09911207103432099,-0.001679865610772879,-0.002879769618433537,0.0002399808015361281,-0.05616100000000013,0.19623100000000002,-0.9037890000000001,0.0023779999999999912,-0.07555300000000001,-0.923261,0.05853900000000012,0.271784,0.019471999999999934,0.30528,0.9944290903618749,0.30528,0.69472,0.005570909638125121,-0.9037890000000001
1370,5.708333,walk,-1.252504,-0.246751,0.939536,-0.009557,-0.036953,-0.222222,-0.027604416706696198,-0.04416706673067794,-0.03336533845415536,-0.16433307354211146,-0.1439407148788953,0.10238411854064317,-0.559049447911663,-0.36461833893425827,-0.11785885741719569,-0.0007201152184290645,-0.0014402304368714535,0.0016802688430150303,-0.058374999999999844,0.194896,-0.9041410000000001,0.0024900000000001032,-0.07537500000000003,-0.923115,0.06086499999999995,0.27027100000000004,0.018973999999999935,0.31026,0.9961212355117501,0.31026,0.68974,0.003878764488249864,-0.9041410000000001
1371,5.7125,walk,-1.252575,-0.246895,0.93942,-0.009115,-0.036849,-0.222333,-0.017038636909028158,-0.03455723542116178,-0.02783777297815828,-0.19353648709647076,-0.09596340171627346,0.06118596963458512,-0.5759539236860518,-0.3189344852411282,-0.13726901847849945,-0.002399808015374091,-0.00143988480920314,-0.0004799616030721539,-0.06070400000000009,0.193711,-0.904597,0.00255099999999997,-0.07523699999999997,-0.9230010000000001,0.06325500000000006,0.26894799999999996,0.018404000000000087,0.31596,0.9952675147723271,0.31596,0.68404,0.004732485227672889,-0.904597
1372,5.716667,walk,-1.252657,-0.247036,0.939261,-0.00864,-0.036679,-0.222443,-0.019678425725922537,-0.03383729301656076,-0.03815694744421106,-0.20195941020006364,-0.13041248531348978,0.060586461167933016,-0.5466762658987536,-0.33525317974563457,-0.14086873050156565,-0.0004799616030855778,-0.0016798656107595575,0.0021598272138234876,-0.06290000000000018,0.19245500000000001,-0.905025,0.002630999999999828,-0.075103,-0.922833,0.065531,0.267558,0.017808000000000046,0.32192,0.9953700356360198,0.32192,0.67808,0.004629964363980221,-0.905025
1373,5.720833,walk,-1.252721,-0.247163,0.939092,-0.008,-0.036605,-0.222527,-0.015362457993295506,-0.030484877580412458,-0.040566490638499306,-0.2899002949808606,-0.10310992463516867,0.05142407723262029,-0.5336053768603073,-0.39102256361020993,-0.15290446471436775,-0.002880460873716258,-0.0009601536245809691,0.0,-0.06505899999999998,0.19095299999999998,-0.905493,0.002682999999999991,-0.07498000000000002,-0.922664,0.06774199999999997,0.26593300000000003,0.017171000000000047,0.3282900000000001,0.9949395460711387,0.3282900000000001,0.6717099999999999,0.0050604539288613415,-0.905493
1374,5.725,walk,-1.252776,-0.247273,0.938928,-0.007507,-0.036512,-0.222621,-0.013198944084453742,-0.026397888168947448,-0.039356851451898364,-0.21887971538735965,-0.096254663476803,0.05375236792610234,-0.5265178785697455,-0.3856491480681715,-0.15646748260139898,-0.00023998080151614568,-0.0019198464122890248,0.0007199424046075517,-0.06719800000000009,0.18945599999999999,-0.905981,0.0027369999999999894,-0.07487800000000003,-0.922497,0.06993500000000008,0.264334,0.016515999999999975,0.33484,0.9965593451455721,0.33484,0.66516,0.0034406548544279048,-0.905981
1375,5.729167,walk,-1.252806,-0.247367,0.938771,-0.007014,-0.036425,-0.222705,-0.007199424046122273,-0.02255819534437125,-0.03767698584111746,-0.21970319182557604,-0.09344820152053301,0.04888452174472185,-0.529877609791125,-0.4173266138708198,-0.1581473482121165,-0.0019198464122886156,-0.002399808015347448,0.0004799616030713213,-0.06937599999999988,0.187811,-0.906483,0.002759000000000178,-0.07479399999999997,-0.922338,0.07213500000000006,0.262605,0.015854999999999952,0.34145000000000003,0.9948158221755127,0.34145000000000003,0.65855,0.005184177824487324,-0.906483
1376,5.733333,walk,-1.252818,-0.247457,0.938615,-0.006539,-0.036401,-0.222781,-0.002880460873716258,-0.021603456553051816,-0.037445991358631144,-0.21820977536586725,-0.062037779817325826,0.04515907627102207,-0.5088814210274339,-0.4107057129140998,-0.147863658185321,-0.0021603456553404925,-0.0024003840614524228,-0.00024003840614524228,-0.0714840000000001,0.18619000000000002,-0.9069429999999999,0.002761999999999931,-0.07471399999999997,-0.922183,0.07424600000000003,0.26090399999999997,0.015240000000000031,0.3476,0.994602841429293,0.3476,0.6524,0.005397158570706995,-0.9069429999999999
1377,5.7375,walk,-1.252821,-0.247552,0.938458,-0.006004,-0.036488,-0.222916,-0.0007199424046017234,-0.022798176145905524,-0.037676985841125485,-0.2569927349415023,-0.016409711825543336,0.07605575182089674,-0.4922006239500592,-0.3928485721142487,-0.14326853851692525,-0.00047996160303229136,-0.0026397888169040697,0.0031197504199671675,-0.07353199999999993,0.18464799999999998,-0.907383,0.002763000000000071,-0.07463000000000003,-0.922013,0.076295,0.259278,0.01462999999999992,0.3537,0.9931419773620147,0.3537,0.6463,0.006858022637985295,-0.907383
1378,5.741667,walk,-1.252741,-0.247557,0.93827,-0.005413,-0.036367,-0.222968,0.01919846412283696,-0.0011999040076806405,-0.045116390688738794,-0.262452736344423,-0.11988486995343361,0.03474186559482282,-0.4768418526518536,-0.3606911447084408,-0.093832493400532,-0.001679865610772879,-0.0004799616030722562,-0.0004799616030722562,-0.07559899999999997,0.18314999999999998,-0.907586,0.0026760000000001227,-0.07462700000000003,-0.9218270000000001,0.0782750000000001,0.25777700000000003,0.01424100000000006,0.35759,0.9969803078012336,0.35759,0.6424099999999999,0.0030196921987664105,-0.907586
1379,5.745833,walk,-1.252714,-0.247608,0.938109,-0.005053,-0.036291,-0.223016,0.0064810369659134975,-0.012241958713391421,-0.03864618338935578,-0.15936816146777133,-0.07409704483226055,0.029177570854320628,-0.46255400864132357,-0.3355736917906407,-0.08281325012000765,-0.00264042246759044,-0.0014402304368578219,0.004560729716754467,-0.07755299999999998,0.181803,-0.90777,0.0026380000000001402,-0.07458199999999998,-0.921647,0.08019100000000012,0.256385,0.013877000000000028,0.36123,0.990894697810266,0.36123,0.6387700000000001,0.009105302189734044,-0.90777
1380,5.75,walk,-1.252207,-0.247677,0.938151,-0.002922,-0.037774,-0.224948,0.1216702663787037,-0.016558675305979518,0.010079193664504058,-1.1202297595658157,0.4691510016172358,0.9966730825810147,-0.42644588432925334,-0.308615310775151,-0.06263498920086699,-0.0009599232061711556,-0.0033597312215057932,-0.0007199424046075517,-0.07983699999999994,0.18058600000000002,-0.9080729999999999,0.00212699999999999,-0.07452699999999998,-0.921692,0.08196399999999993,0.255113,0.013619000000000048,0.36381,0.9940540481772006,0.36381,0.63619,0.0059459518227994446,-0.9080729999999999
1381,5.754167,walk,-1.252132,-0.247687,0.938013,-0.00229,-0.037713,-0.225105,0.017998560115202945,-0.00239980801535462,-0.03311735061194571,-0.28586063779259907,-0.09638047941046972,0.08819473892716166,-0.410847132229425,-0.278137748980096,-0.08255339572834564,-0.0009599232061178691,-0.002399808015361281,0.0011999040076789752,-0.08162399999999992,0.17943699999999999,-0.908279,0.0020480000000000498,-0.07452700000000001,-0.921549,0.08367199999999997,0.25396399999999997,0.013270000000000004,0.3673,0.9952506431137469,0.3673,0.6327,0.004749356886253109,-0.908279
1382,5.758333,walk,-1.252119,-0.247731,0.937851,-0.001645,-0.037664,-0.225083,0.0031204992798941466,-0.010561689870381747,-0.038886221795480985,-0.2965871230697719,-0.09272707283255004,0.00047651978925061816,-0.39198271723470396,-0.22419587133938196,-0.09865578492557527,0.0,-0.001200192030719293,0.0016802688430146721,-0.08326999999999996,0.178547,-0.908528,0.002035000000000009,-0.07448799999999997,-0.92138,0.08530499999999996,0.253035,0.012851999999999975,0.37148000000000003,0.9965585192562697,0.37148000000000003,0.62852,0.0034414807437302963,-0.908528
1383,5.7625,walk,-1.252056,-0.247731,0.937685,-0.001005,-0.037533,-0.225191,0.015118790496742765,0.0,-0.0398368130549573,-0.2829496210128454,-0.13009746228945873,0.06398652096590186,-0.38156947444205735,-0.21382289416847697,-0.11615070794336943,-0.0011999040076873012,0.00023998080152946727,0.0002399808015361281,-0.08492299999999986,0.177656,-0.908846,0.001967000000000052,-0.074487,-0.921213,0.08688999999999991,0.252143,0.012366999999999906,0.37633,0.9979217052944831,0.37633,0.62367,0.002078294705516903,-0.908846
1384,5.766667,walk,-1.251954,-0.247715,0.937508,-0.00039,-0.037286,-0.225228,0.024478041756671745,0.0038396928245780495,-0.04247660187184805,-0.26001858544838996,-0.1819266933031713,0.028141229814622533,-0.3458123350132209,-0.17086633069355334,-0.12335013198944661,-0.0009599232061178691,-0.00023998080152946727,0.0002399808015361281,-0.08646599999999993,0.17692799999999997,-0.909183,0.0018610000000001126,-0.07450399999999999,-0.921035,0.08832700000000004,0.251432,0.011852000000000085,0.38148000000000004,0.9983030794788367,0.38148000000000004,0.61852,0.0016969205211633254,-0.909183
1385,5.770833,walk,-1.251854,-0.247705,0.937362,0.000182,-0.037228,-0.225261,0.024003840614497576,0.00240038406144576,-0.035045607297165396,-0.26048927650235654,-0.08887433677531259,0.026192829178500424,-0.3118098895823965,-0.137301968314942,-0.12481997119540106,-0.0009601536246076187,0.00024003840613857986,0.001440230436869788,-0.08786500000000008,0.176346,-0.9095570000000001,0.0017570000000000086,-0.074513,-0.920883,0.08962200000000009,0.250859,0.011325999999999947,0.38674000000000003,0.9970874900426709,0.38674000000000003,0.6132599999999999,0.002912509957329057,-0.9095570000000001
1386,5.775,walk,-1.251741,-0.247689,0.937204,0.000789,-0.037253,-0.225237,0.02711783057355671,0.003839692824577231,-0.03791696664266019,-0.28677308032970555,-0.05401826609279057,-0.0008035931739455796,-0.2762179025677248,-0.12598992080631383,-0.12455003599709905,0.0,-0.001199904007673724,0.0016798656107508733,-0.08912900000000001,0.175805,-0.909918,0.0016439999999999788,-0.07453399999999999,-0.920718,0.09077299999999999,0.250339,0.010800000000000032,0.392,0.9965593451455772,0.392,0.608,0.0034406548544227977,-0.909918
1387,5.779167,walk,-1.251617,-0.247654,0.937063,0.001288,-0.037233,-0.225237,0.029757619390453238,0.00839932805375116,-0.03383729301657408,-0.23101392594157746,-0.06329022208314583,0.008929704997743482,-0.23398128149747843,-0.12502999760019617,-0.11783057355412149,-0.0011999040076873012,0.0007199424046017234,0.0014398848092151033,-0.09022799999999997,0.17524900000000002,-0.910268,0.001514999999999933,-0.074566,-0.920571,0.09174299999999991,0.249815,0.010303000000000062,0.41316625060246515,0.9966536276036513,0.41316625060246515,0.5868337493975349,0.003346372396348718,-0.910268
1388,5.783333,walk,-1.251318,-0.24802,0.937127,0.00021,-0.039226,-0.226138,0.07177148343736747,-0.0878540566490654,0.015362457993295506,0.3042790816184173,1.0537613804586698,0.4315509075278621,-0.20355256841095226,-0.11737878060490688,-0.1053768602976556,0.00024003840617855429,-0.00024003840613857986,0.0016802688430150303,-0.09137499999999998,0.175126,-0.910771,0.0012170000000000236,-0.07420099999999999,-0.920628,0.09259200000000001,0.24932699999999997,0.009857000000000005,0.47223272300367425,0.997142971504017,0.47223272300367425,0.5277672769963258,0.002857028495983016,-0.910771
1389,5.7875,walk,-1.251199,-0.247954,0.936996,0.00077,-0.039107,-0.225999,0.028557715382765938,0.01583873290136447,-0.03143748500119947,-0.2513007351004295,-0.11708238769352793,-0.05839451156466218,-0.1528677705783604,-0.10439164866811247,-0.09719222462203529,-0.0004799616030855778,0.0007199424046017234,-0.0016798656107512315,-0.09213099999999996,0.174625,-0.9110450000000001,0.0010959999999999859,-0.074264,-0.9205040000000001,0.09322699999999995,0.248889,0.009458999999999995,0.5569510907365555,0.9968506487984892,0.5569510907365555,0.44304890926344453,0.0031493512015108305,-0.9110450000000001
1390,5.791667,walk,-1.251059,-0.247903,0.936906,0.001194,-0.039182,-0.22595,0.03359731221502413,0.012239020878326602,-0.021598272138233603,-0.20713075947157938,-0.011122393941530835,-0.015828234216702826,-0.11351091912649112,-0.077753779697609,-0.10871130309573378,0.0004799616030854755,0.00023998080154273774,0.0014398848092147965,-0.09274400000000016,0.17425000000000002,-0.911408,0.0009580000000000144,-0.07431399999999996,-0.920408,0.09370200000000017,0.24856399999999998,0.009000000000000008,0.6177457041520099,0.9974389551886036,0.6177457041520099,0.3822542958479901,0.002561044811396407,-0.911408
1391,5.795833,walk,-1.250835,-0.247743,0.936937,0.001221,-0.038846,-0.225582,0.05376860297648097,0.03840614498320545,0.007441190590495848,0.01696493723872787,-0.16200888611032255,-0.18199835968862116,-0.06385021603454118,-0.04896783485358279,-0.13274123859818657,-0.00048007681230380936,-0.00024003840615190468,-0.00024003840614440948,-0.09323400000000004,0.17388599999999999,-0.911992,0.0007319999999999549,-0.07447500000000001,-0.92044,0.093966,0.248361,0.008448000000000011,0.6568109433226087,0.9990200473104333,0.6568109433226087,0.3431890566773913,0.0009799526895667432,-0.911992
1392,5.8,walk,-1.250594,-0.247601,0.937008,0.001204,-0.038701,-0.225338,0.0578353731701336,0.03407727381809689,0.01703863690903179,0.01912900682258246,-0.06720495958697725,-0.12094594689577279,-0.0177585793136868,-0.022318214542836598,-0.14446844252460422,0.0004799616030855778,0.0019198464122890248,0.0,-0.0935490000000001,0.173651,-0.912665,0.0004930000000000767,-0.07460900000000001,-0.920511,0.09404200000000018,0.24825999999999998,0.00784600000000002,0.676111798657567,0.9967017793571484,0.676111798657567,0.323888201342433,0.003298220642851568,-0.912665
1393,5.804167,walk,-1.250465,-0.247499,0.936886,0.001766,-0.038663,-0.225146,0.030957523398140542,0.024478041756658422,-0.029277657787367663,-0.2620238869418069,-0.07948456568021456,-0.08411740528957991,0.01607871370291392,0.005279577633791488,-0.14830813534917894,-0.0004799616030855778,0.0019198464122890248,0.0016798656107512315,-0.09361100000000011,0.173571,-0.913161,0.00036199999999997345,-0.07470299999999999,-0.920382,0.09397300000000008,0.248274,0.007221000000000033,0.6790057227129748,0.9956736845746704,0.6790057227129748,0.32099427728702523,0.004326315425329574,-0.913161
1394,5.808333,walk,-1.250318,-0.247425,0.936804,0.002046,-0.038863,-0.224992,0.03528564570328313,0.017762842054724153,-0.019683149303892346,-0.15531989987587283,0.06258016117443566,-0.06986757039841922,0.07441190590494262,0.032165146423422296,-0.14378300528082538,-0.0002400384061785031,0.0004800768122903822,0.0002400384061443583,-0.09344799999999998,0.173631,-0.913678,0.00021399999999993646,-0.07477499999999998,-0.920299,0.09366199999999991,0.248406,0.006620999999999988,0.6586875898141037,0.9990200473104335,0.6586875898141037,0.3413124101858963,0.0009799526895665212,-0.913678
1395,5.8125,walk,-1.25016,-0.247323,0.936691,0.002505,-0.038988,-0.224829,0.037916966642694915,0.024478041756665084,-0.02711783057353585,-0.2309900297104397,0.008087079746028434,-0.07118377025314852,0.08423326133909437,0.052795776337894895,-0.13054955603552296,-0.0011999040076340148,0.0019198464122890248,0.0,-0.09325500000000009,0.173749,-0.9141090000000001,5.100000000002325e-05,-0.07486899999999999,-0.9201860000000001,0.09330600000000011,0.24861799999999998,0.006076999999999999,0.6657451695451355,0.9962267094104618,0.6657451695451355,0.3342548304548645,0.0037732905895382363,-0.9141090000000001
1396,5.816667,walk,-1.250019,-0.247189,0.936557,0.002989,-0.038933,-0.224625,0.033837293016547434,0.03215742740580786,-0.03215742740582784,-0.22399668304136242,-0.07907290778714705,-0.09138524960429402,0.08903287736984357,0.047516198704106734,-0.12119030477562395,0.0016798656107195925,-0.0009599232061445124,0.0002399808015361281,-0.09302499999999991,0.173813,-0.91448,-8.300000000005525e-05,-0.07500699999999999,-0.920051,0.09294199999999986,0.24881999999999999,0.005570999999999993,0.6814437608133144,0.9967506445866231,0.6814437608133144,0.31855623918668563,0.0032493554133768976,-0.91448
1397,5.820833,walk,-1.249918,-0.247078,0.93644,0.003372,-0.038856,-0.224409,0.024243879020617663,0.026644263082089562,-0.028084493518940722,-0.17468740240643957,-0.07855718569647342,-0.09919614585398161,0.07777244359096197,0.04008641382620694,-0.11185789726354746,0.0,0.0021603456553000574,-0.0007201152184347405,-0.09280199999999983,0.173869,-0.914829,-0.00018399999999996197,-0.07510900000000001,-0.919937,0.09261799999999987,0.248978,0.005108000000000001,0.7122318393810962,0.9962046595533341,0.7122318393810962,0.28776816061890376,0.0037953404466658514,-0.914829
1398,5.825,walk,-1.249809,-0.246982,0.936383,0.003613,-0.038817,-0.224337,0.02615790736744462,0.023038156947441654,-0.013678905687565962,-0.10974495214029957,-0.04461762556898573,-0.030922297485799822,0.0489560835132902,0.048716102711784046,-0.10463162946964694,-0.0004799616030855778,0.0011999040076739796,0.003359731221502463,-0.0927070000000001,0.17397600000000002,-0.915208,-0.00029500000000015625,-0.07520000000000002,-0.919866,0.09241199999999994,0.249176,0.00465799999999994,0.7444693501787587,0.9940004799616027,0.7444693501787587,0.2555306498212413,0.005999520038397321,-0.915208
1399,5.829167,walk,-1.249712,-0.246877,0.936315,0.004031,-0.038852,-0.224276,0.02327813774898444,0.025197984161266805,-0.016318694504430065,-0.20023800287323146,-0.028979354216766083,-0.02207371680305194,0.031197504199656688,0.03431725461963301,-0.09671226301896303,0.002159827213858457,0.0033597312215057932,-0.0002399808015361281,-0.09267400000000015,0.174014,-0.915543,-0.0003830000000000222,-0.075291,-0.919799,0.09229100000000012,0.249305,0.0042560000000000375,0.7786771212785137,0.9933312007036935,0.7786771212785137,0.22132287872148626,0.006668799296306482,-0.915543
1400,5.833333,walk,-1.24963,-0.246748,0.936239,0.00458,-0.038793,-0.224273,0.01968314930386989,0.030964954392709604,-0.018242918867011765,-0.25034520342138405,-0.08669726949018758,0.008951677244031696,0.0100816130581135,0.01752280364858603,-0.07897263562170559,-0.00048007681230380936,0.0016802688430233583,-0.0019203072491602725,-0.09271399999999996,0.173958,-0.915796,-0.0004669999999999952,-0.07541299999999998,-0.9197310000000001,0.09224699999999997,0.24937099999999998,0.003935000000000022,0.8247848222746871,0.9956726460928041,0.8247848222746871,0.17521517772531292,0.004327353907195852,-0.915796
1401,5.8375,walk,-1.249549,-0.246601,0.936134,0.005136,-0.038801,-0.224204,0.01943844492440225,0.03527717782577001,-0.025197984161268096,-0.26196907287046267,-0.05650405248143366,-0.023312482070539334,0.013678905687536403,0.024718022558189282,-0.08279337652986328,0.0016798656107725209,0.0035997120230344933,0.001439884809215629,-0.09273799999999999,0.17391399999999999,-0.9160360000000001,-0.0005409999999999027,-0.075545,-0.91962,0.09219700000000008,0.249459,0.0035839999999999206,0.8183591817465863,0.9929578366283969,0.8183591817465863,0.18164081825341372,0.007042163371603127,-0.9160360000000001
1402,5.841667,walk,-1.249491,-0.246437,0.936012,0.005944,-0.038623,-0.224193,0.01391888648910875,0.03935685145188504,-0.029277657787394305,-0.3586694040668425,-0.17025961999823847,0.009807094309840354,0.006479481641468798,0.0014398848092167685,-0.06359491240701066,0.0014398848092034469,0.0033597312215057932,0.0,-0.0927690000000001,0.173756,-0.916179,-0.0005930000000000657,-0.07569499999999998,-0.9194979999999999,0.09217600000000004,0.24945099999999998,0.003318999999999961,0.8602427307563003,0.9939078688858004,0.8602427307563003,0.1397572692436997,0.006092131114199595,-0.916179
1403,5.845833,walk,-1.249425,-0.246282,0.935981,0.006421,-0.038549,-0.224245,0.015842534805546017,0.03720595295247258,-0.007441190590495848,-0.21409342788227642,-0.08556207216726448,0.03465622134220236,-0.011281805088793074,-0.014882381180991696,-0.045127220355260574,0.0019203072491619383,0.001440230436858129,0.0009601536245801362,-0.09288199999999991,0.173539,-0.9163359999999999,-0.0006509999999999572,-0.07584400000000002,-0.9194629999999999,0.09223099999999995,0.24938300000000002,0.003126999999999991,0.8873319654095093,0.9956911787428995,0.8873319654095093,0.11266803459049068,0.004308821257100526,-0.9163359999999999
1404,5.85,walk,-1.24939,-0.246133,0.935946,0.006735,-0.038541,-0.224238,0.008399328053757822,0.03575713942884978,-0.008399328053757822,-0.1460201388413567,-0.03755595909733604,0.0025627593349002047,-0.0319174466043117,-0.02591792656587519,-0.037197024238062384,0.0009599232061178691,0.0033597312215057932,0.0004799616030714236,-0.09305000000000008,0.173282,-0.9164559999999999,-0.0006820000000000714,-0.07597900000000002,-0.919426,0.092368,0.249261,0.002970000000000028,0.8778926751433243,0.994121694881736,0.8778926751433243,0.12210732485667575,0.005878305118264038,-0.9164559999999999
1405,5.854167,walk,-1.249345,-0.245954,0.935917,0.007197,-0.038668,-0.224319,0.010799136069130123,0.04295656347491115,-0.006959443244526249,-0.2281785648731526,0.010393231437471995,0.04889783481444834,-0.047516198704076626,-0.035037197024233926,-0.03503719702423226,0.0016798656107725209,0.003359731221505077,-0.00023998080153607695,-0.09329300000000007,0.172957,-0.916573,-0.0007200000000000539,-0.07614399999999999,-0.919398,0.09257300000000002,0.249101,0.0028250000000000774,0.8573311848961706,0.9937267470036764,0.8573311848961706,0.14266881510382945,0.006273252996323642,-0.916573
1406,5.858333,walk,-1.249323,-0.245762,0.935875,0.007604,-0.038596,-0.224334,0.0052808449351820054,0.04608737397983988,-0.010081613058086851,-0.18223839013925455,-0.07736109117800055,0.015246835666234646,-0.05088814210276471,-0.03912626020163452,-0.026884301488240486,0.0019203072491619383,0.0024003840614524228,0.0009601536245801362,-0.09352700000000014,0.172602,-0.916643,-0.0007340000000000124,-0.07632599999999998,-0.9193520000000001,0.09279300000000013,0.24892799999999998,0.0027090000000000725,0.8569211007401067,0.9946325780664858,0.8569211007401067,0.14307889925989326,0.005367421933514249,-0.916643
1407,5.8625,walk,-1.249307,-0.24557,0.935859,0.007874,-0.038627,-0.224431,0.0038396928245780495,0.04607631389488997,-0.0038396928245780495,-0.12781962616689446,-0.01374794679872486,0.05302066777440812,-0.0513558915286648,-0.03527717782577419,-0.023038156947444984,0.003119750419976326,0.004079673626107516,0.0007199424046075517,-0.09375700000000009,0.172263,-0.916723,-0.0007369999999999877,-0.07650099999999999,-0.919333,0.0930200000000001,0.24876399999999999,0.002610000000000001,0.8631868628492938,0.991356618356535,0.8631868628492938,0.1368131371507062,0.008643381643465009,-0.916723
1408,5.866667,walk,-1.249335,-0.245347,0.935816,0.008365,-0.038753,-0.224467,-0.00671946244303823,0.05351571874250328,-0.010319174466046847,-0.24243075464154368,0.006445738906790618,0.02728197012226137,-0.044876409887196,-0.03095752339813055,-0.015118790496761082,0.00215982721380517,0.004559635229179773,0.0011999040076798079,-0.09391599999999989,0.171911,-0.916743,-0.0006999999999999229,-0.076705,-0.919285,0.09321599999999997,0.248616,0.0025420000000000442,0.8802867481294779,0.9913566183565566,0.8802867481294779,0.11971325187052206,0.00864338164344336,-0.916743
1409,5.870833,walk,-1.249334,-0.245137,0.935788,0.008669,-0.038786,-0.224587,0.0002400384061785031,0.05040806529044349,-0.006721075372065351,-0.1435535177608722,-0.016256746166798192,0.06506424967538482,-0.026404224675957697,-0.020163226116176065,-0.01896303408545094,0.0014402304368578219,0.004560729716751968,-0.0002400384061451911,-0.09402700000000008,0.171617,-0.916794,-0.0006950000000001122,-0.07689600000000002,-0.9192579999999999,0.09333199999999997,0.248513,0.0024639999999999107,0.9116040540926122,0.9920187480623963,0.9116040540926122,0.08839594590738775,0.007981251937603684,-0.916794
1410,5.875,walk,-1.249348,-0.244917,0.935807,0.008801,-0.038784,-0.224755,-0.003359731221492472,0.052795776337894895,0.004559635229206416,-0.05850851403867372,-0.01371968110711646,0.08528567474159218,-0.017278617710601223,-0.012718982481401468,-0.01631869450444089,0.003119750419976326,0.004799616030722562,0.0019198464122873594,-0.0940850000000002,0.171344,-0.9168810000000001,-0.000668000000000113,-0.077096,-0.919269,0.09341700000000008,0.24844,0.0023879999999999457,0.9311934260870347,0.9899370085389743,0.9311934260870347,0.0688065739129653,0.010062991461025739,-0.9168810000000001
1411,5.879167,walk,-1.249378,-0.244699,0.935821,0.008922,-0.038753,-0.224879,-0.007199424046123807,0.052315814734822635,0.003359731221492472,-0.051008301697570986,-0.026493777686232234,0.06334803936581804,-0.006719462442984944,-0.006959443244541054,-0.02039836813055007,0.0038396928245780495,0.003119750419963004,0.0007199424046075517,-0.09408299999999992,0.171097,-0.91698,-0.0006219999999999004,-0.07730100000000001,-0.91928,0.09346100000000002,0.248398,0.0022999999999999687,0.9393732346967794,0.9916675999296042,0.9393732346967794,0.06062676530322064,0.008332400070395818,-0.91698
1412,5.883333,walk,-1.249384,-0.244437,0.935886,0.008841,-0.038652,-0.224926,-0.0014402304368578219,0.0628900624099801,0.015602496399417434,0.04961122317938121,-0.038148822369816184,0.021540764643474607,0.0031204992798941466,-0.0031204992798841533,-0.01512241958713205,0.0014402304368578219,0.0033605376860326754,0.0026404224675946036,-0.09406399999999993,0.17082199999999997,-0.917108,-0.0006099999999999994,-0.077549,-0.919334,0.09345399999999993,0.248371,0.0022259999999999502,0.9514847039373824,0.9924834796655271,0.9514847039373824,0.04851529606261762,0.00751652033447292,-0.917108
1413,5.8875,walk,-1.249449,-0.244206,0.935884,0.009071,-0.038522,-0.225081,-0.015598752099828344,0.05543556515478564,-0.00047996160305893454,-0.09070369161702364,-0.08430575493758465,0.08080873818722091,0.004319654427663628,0.003359731221502463,-0.005039596832253694,0.003359731221492472,0.006239500839926008,0.0,-0.09398099999999987,0.170605,-0.917127,-0.0005310000000000592,-0.07775400000000002,-0.919332,0.09344999999999981,0.24835900000000002,0.0022050000000000125,0.9655509919206287,0.988189086424917,0.9655509919206287,0.034449008079371346,0.011810913575083015,-0.917127
1414,5.891667,walk,-1.249528,-0.244009,0.935949,0.009058,-0.038499,-0.225297,-0.018958483321320815,0.04727621790257061,0.015598752099828344,0.012339383333659368,-0.0074962139257174765,0.10608140249931425,0.003839692824524763,0.009119270458362876,-0.0019198464122873594,0.003119750419976326,0.0019198464122890248,0.0011999040076789752,-0.09388600000000014,0.170446,-0.9172,-0.0004390000000000782,-0.07794300000000001,-0.919392,0.09344700000000006,0.24838900000000003,0.0021919999999999717,0.9612813438925205,0.993575562593294,0.9612813438925205,0.03871865610747949,0.006424437406705952,-0.9172
1415,5.895833,walk,-1.249624,-0.243817,0.935981,0.009137,-0.038345,-0.225506,-0.023043686989943257,0.04608737397983988,0.007681228996621103,-0.01658806537910176,-0.07881271837721646,0.10445651500578411,-0.005760921747432516,0.013922227556410727,0.0009601536245801362,0.001440230436858129,0.004080652904462456,0.003120499279885651,-0.09381399999999984,0.17031200000000002,-0.9172279999999999,-0.0003370000000000317,-0.07811800000000002,-0.919411,0.09347699999999981,0.24843000000000004,0.002183000000000046,0.953007277654826,0.991108132992929,0.953007277654826,0.04699272234517404,0.008891867007071008,-0.9172279999999999
1416,5.9,walk,-1.249671,-0.243643,0.936089,0.009062,-0.038391,-0.225788,-0.011279097672162312,0.041756659467237424,0.025917926565869664,0.03495856622154995,0.03207926931396556,0.1374245650540538,-0.0035997120230611365,0.019918406527474404,0.0026397888168943487,0.0021598272138579964,0.0062395008399380005,0.0,-0.09378200000000003,0.170221,-0.917325,-0.0002809999999999757,-0.078266,-0.919519,0.09350100000000006,0.248487,0.0021940000000000293,0.9440392003882385,0.9889954271720408,0.9440392003882385,0.05596079961176148,0.011004572827959191,-0.917325
1417,5.904167,walk,-1.249716,-0.243481,0.936191,0.009068,-0.038424,-0.226065,-0.010799136069132425,0.03887688984881279,0.024478041756671745,-0.0015579506819286455,0.01716933800301854,0.13642095420574282,-0.008159347252241676,0.017998560115192956,-0.0009599232061436797,0.0038396928245780495,0.004559635229179773,0.0009599232061428472,-0.09377100000000005,0.170134,-0.917431,-0.00021999999999988695,-0.078409,-0.919617,0.09355100000000016,0.24854300000000001,0.0021860000000000213,0.9451650698608873,0.9899370085389878,0.9451650698608873,0.05483493013911267,0.010062991461012194,-0.917431
1418,5.908333,walk,-1.249787,-0.243339,0.936292,0.00902,-0.038381,-0.226286,-0.01704272683627889,0.03408545367259109,0.02424387902064948,0.030958767648838387,-0.013017032833107739,0.10788507177135051,-0.014402304368687887,0.015602496399424091,0.005760921747479985,0.0016802688429833838,0.004080652904462456,0.002400384061450757,-0.09376000000000007,0.170057,-0.917508,-0.0001420000000000865,-0.07853400000000002,-0.919708,0.09361799999999998,0.248591,0.0021999999999999797,0.9413313453416593,0.9916272805503255,0.9413313453416593,0.0586686546583407,0.008372719449674548,-0.917508
1419,5.9125,walk,-1.249852,-0.243219,0.936402,0.008885,-0.038404,-0.226508,-0.015598752099828344,0.02879769618430873,0.026397888168934125,0.06442883100775752,0.027325131351869748,0.10676379345838642,-0.016798656107515644,0.012718982481401468,0.006959443244541054,0.0026397888168907483,0.004799616030722562,-0.0002399808015361281,-0.0937650000000001,0.16998999999999997,-0.917589,-6.600000000012152e-05,-0.07863400000000001,-0.9198189999999999,0.09369899999999998,0.248624,0.0022299999999999542,0.9407164746642074,0.9908618033286928,0.9407164746642074,0.05928352533579262,0.00913819667130722,-0.917589
1420,5.916667,walk,-1.249962,-0.24311,0.936552,0.0086,-0.038478,-0.226755,-0.026397888168955143,0.026157907367405742,0.03599712023039822,0.12938941219821787,0.06765346441699621,0.11600259277259453,-0.017038636909028158,0.012239020878326602,0.007439404847610891,0.0019198464122886156,0.005039596832250955,0.0019198464122869502,-0.09372599999999998,0.16993199999999997,-0.9177080000000001,5.199999999994098e-05,-0.07872200000000001,-0.919961,0.09377799999999992,0.248654,0.0022529999999999495,0.9403720244538396,0.9904592749045091,0.9403720244538396,0.059627975546160394,0.009540725095490865,-0.9177080000000001
1421,5.920833,walk,-1.250065,-0.242986,0.936663,0.008501,-0.03853,-0.227,-0.024723955832926643,0.02976476236197673,0.02664426308208858,0.04487309726908903,0.037172312296211374,0.11884045219714244,-0.014882381180991696,0.017042726836295544,0.004320691310610197,0.0028804608737695568,0.0038406144983238765,0.00048007681228965174,-0.09368500000000002,0.169879,-0.917801,0.00016700000000002824,-0.07882999999999998,-0.92007,0.09385200000000005,0.24870899999999999,0.0022690000000000765,0.9389184434545206,0.9919588129131343,0.9389184434545206,0.06108155654547942,0.008041187086865742,-0.917801
1422,5.925,walk,-1.250172,-0.242853,0.936816,0.008337,-0.038682,-0.227182,-0.025677945764359045,0.03191744660427173,0.03671706263498097,0.0632092740390401,0.09047111791045626,0.08647048634596564,-0.013198944084453742,0.01943844492440972,0.0028797696184302067,0.0019198464122890248,0.003119750419963004,0.0014398848092151033,-0.09363299999999986,0.169827,-0.917942,0.0002820000000001155,-0.07894999999999999,-0.920217,0.09391499999999997,0.24877700000000003,0.002274999999999916,0.9377968513058041,0.9934400370102994,0.9377968513058041,0.06220314869419585,0.0065599629897006295,-0.917942
1423,5.929167,walk,-1.250316,-0.242727,0.936957,0.00814,-0.038637,-0.22744,-0.034557235421149156,0.030237580993525495,0.03383729301657408,0.10147274358419064,0.002555083138338008,0.12323045447247276,-0.013198944084507027,0.018238540916725752,-0.00023998080153529548,0.0019198464122890248,0.003119750419963004,0.0011999040076798079,-0.09354400000000007,0.169777,-0.918084,0.00043400000000004546,-0.07906300000000002,-0.9203530000000001,0.09397800000000012,0.24884,0.0022690000000000765,0.9397854121163304,0.9935755625933116,0.9397854121163304,0.060214587883669624,0.00642443740668841,-0.918084
1424,5.933333,walk,-1.250455,-0.242589,0.937077,0.008061,-0.038849,-0.227684,-0.0333653384541749,0.033125300048003056,0.028804608737396282,0.018025617496176094,0.10981256106500452,0.11877847371945142,-0.010081613058058051,0.021843494959192404,-0.0004800768122903822,0.001200192030732618,0.002400384061451911,0.0007201152184347405,-0.09344699999999984,0.16973,-0.9182060000000001,0.0005780000000001895,-0.07919100000000001,-0.92047,0.09402500000000003,0.248921,0.0022639999999999327,0.9372557030692896,0.9953689242667582,0.9372557030692896,0.06274429693071037,0.004631075733241841,-0.9182060000000001
1425,5.9375,walk,-1.2506,-0.24247,0.93721,0.00787,-0.039054,-0.227952,-0.0347972162226653,0.0285577153827726,0.03191744660425841,0.07151861271543,0.11892416786942028,0.1283330015490154,-0.00791936645072553,0.015598752099831675,-0.0007199424046075517,0.0014398848092034469,0.0026397888168907483,0.0011999040076789752,-0.09333500000000017,0.169676,-0.918342,0.0007289999999999797,-0.07929900000000004,-0.920598,0.09406400000000015,0.24897500000000003,0.0022560000000000358,0.9482587774835887,0.99460413664379,0.9482587774835887,0.051741222516411334,0.005395863356210007,-0.918342
1426,5.941667,walk,-1.25077,-0.24234,0.937325,0.00777,-0.039149,-0.228215,-0.04079673626110181,0.03119750419966335,0.027597792176621425,0.04098389223926587,0.05751138639909873,0.12768193261976418,-0.003359731221492472,0.014638828893687162,-0.0002399808015361281,0.0019198464122890248,0.0019198464122890248,0.0,-0.09317900000000012,0.169607,-0.918458,0.0009069999999999911,-0.07942100000000002,-0.920713,0.09408600000000011,0.24902800000000003,0.002255000000000007,0.9524144310782734,0.9954748786101126,0.9524144310782734,0.047585568921726606,0.0045251213898873655,-0.918458
1427,5.945833,walk,-1.250939,-0.242203,0.93741,0.007694,-0.039249,-0.228473,-0.040566490638517305,0.03288526164185787,0.020403264522321257,0.029147332361186665,0.057193381244114765,0.12570040399455226,-0.0031204992798941466,0.012722035525685134,-0.0038406144983188935,0.0004800768122504078,0.0019203072491615289,0.0012001920307251226,-0.09302300000000008,0.169523,-0.918559,0.0010779999999999124,-0.07955000000000001,-0.920793,0.09410099999999999,0.24907300000000002,0.0022339999999999582,0.9549090523153849,0.9961419224031985,0.9549090523153849,0.04509094768461508,0.003858077596801457,-0.918559
1428,5.95,walk,-1.25113,-0.242062,0.937455,0.007782,-0.039156,-0.228727,-0.04583633309336716,0.03383729301656076,0.010799136069132425,-0.026308468760923936,-0.05107612729990274,0.12672755556155424,0.0,0.008399328053754491,-0.0002399808015361281,0.0023998080153746024,0.0014398848092167685,0.0002399808015361281,-0.09283200000000003,0.16941699999999998,-0.918605,0.0012790000000000301,-0.079685,-0.920837,0.09411100000000006,0.249102,0.0022320000000000118,0.963675407247413,0.9953184945561238,0.963675407247413,0.03632459275258704,0.004681505443876244,-0.918605
1429,5.954167,walk,-1.251306,-0.241926,0.937508,0.007889,-0.039183,-0.228974,-0.04223662107030526,0.032637389008880115,0.012718982481394806,-0.048498610048420196,0.002908502512168597,0.12380754070247854,0.0002399808015694321,0.008399328053757822,0.002399808015358783,0.0019198464122890248,0.0014398848092167685,0.0009599232061436797,-0.09265499999999993,0.16931600000000002,-0.918648,0.001462999999999992,-0.079815,-0.920886,0.09411799999999992,0.249131,0.0022379999999999622,0.9630554519990087,0.9956922127772663,0.9630554519990087,0.03694454800099134,0.004307787222733728,-0.918648
1430,5.958333,walk,-1.251499,-0.241797,0.93756,0.007846,-0.039155,-0.229162,-0.04632741238595847,0.030964954392702942,0.012481997119525948,0.026529397560126695,-0.006826329962044536,0.09180646067728712,0.00024003840612525507,0.00552088334133391,-0.002160345655304682,-0.00024003840612525507,-0.0019203072491619383,0.00048007681228965174,-0.09246100000000013,0.16921000000000003,-0.918709,0.001654999999999962,-0.079952,-0.920936,0.09411600000000009,0.249162,0.002226999999999979,0.9678410520928907,0.9966768187458328,0.9678410520928907,0.03215894790710927,0.0033231812541671957,-0.918709
1431,5.9625,walk,-1.251739,-0.241671,0.937462,0.008377,-0.039222,-0.229348,-0.057595392368605176,0.030237580993519052,-0.023518118550495574,-0.2519343239458349,-0.02546994160543069,0.10216014407399251,0.000959923206170951,0.004319654427646055,-0.0023998080153582717,0.00023998080151609453,0.0011999040076870456,0.00023998080153607695,-0.092217,0.169102,-0.918621,0.0018959999999998978,-0.08007299999999998,-0.920837,0.09411299999999989,0.24917499999999998,0.0022159999999999958,0.9694502003985982,0.9979217052944878,0.9694502003985982,0.030549799601401806,0.0020782947055122403,-0.918621
1432,5.966667,walk,-1.251894,-0.241526,0.937471,0.008502,-0.039242,-0.229498,-0.03719702423809319,0.03479721622270527,0.002159827213831814,-0.05787702648790092,-0.0031059067015884157,0.07647141748482326,0.004079673626094195,0.0019198464122856943,-0.0028797696184310394,0.0007199424046017234,-0.0004799616030722562,0.002399808015358783,-0.09204499999999993,0.16896499999999998,-0.9186420000000001,0.0020540000000000003,-0.08021999999999999,-0.9208360000000001,0.09409899999999993,0.249185,0.0021940000000000293,0.9691433146110082,0.9957482818123637,0.9691433146110082,0.030856685388991778,0.004251718187636255,-0.9186420000000001
1433,5.970833,walk,-1.252081,-0.241369,0.93751,0.008617,-0.03935,-0.229756,-0.044887181949100345,0.03768602976476306,0.009361497839631137,-0.06099749627902321,0.04004758846497822,0.12944865304769776,0.00552088334130726,0.002160345655303849,-0.00360057609217447,-0.00048007681225051014,0.0016802688430100335,0.0,-0.09183500000000011,0.168817,-0.918696,0.002239000000000102,-0.08037,-0.920875,0.09407400000000021,0.249187,0.002179000000000042,0.9666496037151916,0.9970874900427205,0.9666496037151916,0.0333503962848084,0.002912509957279541,-0.918696
1434,5.975,walk,-1.25229,-0.241209,0.937532,0.008952,-0.039499,-0.230014,-0.0501559875209775,0.03839692824574053,0.005279577633808139,-0.16819937421908834,0.03498879184927989,0.1338441017595428,0.002159827213858457,-0.0026397888168940785,-0.0028797696184310394,0.00047996160303229136,0.0014398848092167685,-0.0009599232061436797,-0.09161700000000006,0.16864600000000002,-0.91873,0.002449999999999841,-0.08052399999999998,-0.9209010000000001,0.0940669999999999,0.24917,0.002171000000000034,0.9708501650916687,0.9970069135375133,0.9708501650916687,0.02914983490833134,0.0029930864624867493,-0.91873
1435,5.979167,walk,-1.252484,-0.24101,0.937489,0.009206,-0.039449,-0.23022,-0.04655627549795896,0.047756179505632684,-0.010319174466044648,-0.10932402368243853,-0.04956142368578577,0.10657737820962535,0.004799616030694896,0.00023998080153607695,-0.0011999040076787195,0.0,0.0016798656107458777,0.0014398848092147965,-0.09140300000000012,0.168448,-0.9186920000000001,0.0026439999999998687,-0.08071600000000001,-0.920852,0.09404699999999999,0.249164,0.0021599999999999397,0.9701447534435412,0.9963124772189125,0.9701447534435412,0.02985524655645877,0.0036875227810875266,-0.9186920000000001
1436,5.983333,walk,-1.252684,-0.240839,0.937469,0.009362,-0.039499,-0.230447,-0.04800768122899515,0.041046567450796455,-0.0048007681229048456,-0.07429612531781209,0.008179925061485013,0.11499147075362036,0.005760921747485814,0.00024003840614524228,-0.004080652904464955,-0.001440230436858129,0.0007201152184423892,-0.0016802688430150303,-0.09117900000000012,0.16827799999999998,-0.918689,0.002837999999999896,-0.08088399999999998,-0.920839,0.09401700000000002,0.249162,0.0021499999999999853,0.9667269651387638,0.996121235511757,0.9667269651387638,0.03327303486123623,0.0038787644882429806,-0.918689
1437,5.9875,walk,-1.252911,-0.240661,0.937443,0.009474,-0.039398,-0.230609,-0.05447564194869441,0.04271658267338417,-0.006239500839926008,-0.03818273144190743,-0.05810776161791315,0.0821541332570862,0.00671946244303823,-0.0019198464122856943,-0.0043196544276461425,0.0,0.0019198464122890248,-0.0009599232061436797,-0.09092399999999978,0.16809200000000002,-0.9186810000000001,0.0030650000000000954,-0.08105399999999996,-0.920817,0.09398899999999988,0.24914599999999998,0.0021359999999999157,0.9649473012009593,0.9964225774298028,0.9649473012009593,0.035052698799040716,0.0035774225701972195,-0.9186810000000001
1438,5.991667,walk,-1.253123,-0.240505,0.937381,0.00957,-0.039335,-0.230771,-0.050875929925579225,0.03743700503960268,-0.014878809695226619,-0.03492278044704995,-0.03860526713122693,0.08167877040733193,0.00815934725218839,-0.0026397888168974088,-0.0028797696184310394,-0.0028797696184068937,0.0019198464122757032,0.0023998080153596157,-0.09067800000000004,0.167925,-0.918631,0.0032650000000000734,-0.08120200000000002,-0.920745,0.09394300000000011,0.24912700000000002,0.0021140000000000603,0.9637827447204914,0.9929805900429176,0.9637827447204914,0.03621725527950859,0.00701940995708239,-0.918631
1439,5.995833,walk,-1.253326,-0.24031,0.937313,0.009831,-0.039302,-0.230917,-0.04872779644741383,0.04680748919826563,-0.016322611617872993,-0.11556472171837211,-0.04296656886528642,0.07720889020873861,0.007201152184342408,-0.0019203072491581975,-0.0052808449351883745,-0.0002400384061785031,0.0026404224676037646,0.0,-0.09044500000000011,0.16772199999999998,-0.918585,0.003466999999999887,-0.08138599999999999,-0.920677,0.093912,0.249108,0.0020919999999999828,0.9638565261718463,0.9955811485768775,0.9638565261718463,0.03614347382815375,0.004418851423122483,-0.918585
1440,6.0,walk,-1.253491,-0.240119,0.937278,0.009958,-0.03922,-0.231053,-0.03959683225341451,0.04583633309335384,-0.008399328053757822,-0.047748982380550024,-0.05110906684669738,0.06967391537959007,0.005519558435350929,-0.004559635229183103,-0.004559635229182271,-0.0035997120230086173,0.0014398848092167685,-0.0023998080153596157,-0.09025700000000003,0.167512,-0.918569,0.0036169999999999813,-0.08157099999999998,-0.9206519999999999,0.09387400000000001,0.24908299999999997,0.002082999999999946,0.9650233403856775,0.9924006079514012,0.9650233403856775,0.0349766596143225,0.00759939204859883,-0.918569
1441,6.004167,walk,-1.25367,-0.239928,0.937231,0.010024,-0.039144,-0.23112,-0.04295656347496027,0.04583633309335384,-0.011279097672164716,-0.021166415473073255,-0.04221357774844753,0.03430749256511348,0.009839212862961268,-0.004799616030715901,-0.004079673626110014,-0.0011999040076873012,0.0009599232061311908,-0.00023998080153529548,-0.09003699999999992,0.167301,-0.918539,0.0037910000000001,-0.08175800000000003,-0.920606,0.09382800000000002,0.24905900000000003,0.002067000000000041,0.9598584994086411,0.9974079110877525,0.9598584994086411,0.0401415005913589,0.002592088912247492,-0.918539
1442,6.008333,walk,-1.253831,-0.239723,0.937195,0.010139,-0.039204,-0.231127,-0.03864618338930248,0.04920787325971754,-0.00864138262122688,-0.06022240384639871,0.015387135155971617,0.005804822838420277,0.006240998559788293,-0.0062409985597683066,-0.0038406144983188935,-0.0014402304368578219,0.005040806529055675,0.0009601536245799316,-0.08984999999999999,0.16707,-0.918519,0.003946000000000005,-0.08194199999999999,-0.920566,0.09379599999999999,0.24901199999999998,0.002047000000000021,0.9634874830726625,0.9911171374175051,0.9634874830726625,0.03651251692733748,0.008882862582494933,-0.918519
1443,6.0125,walk,-1.254002,-0.239523,0.937141,0.010173,-0.039151,-0.231082,-0.041036717062671244,0.04799616030717233,-0.012958963282937596,-0.010767158043174586,-0.02896304137051917,-0.02153970317820184,0.007679385649102813,-0.00503959683225536,-0.005039596832253694,-0.00287976961846018,0.0038396928245647277,-0.001439884809215936,-0.08964700000000003,0.16684900000000003,-0.918486,0.004105000000000025,-0.082126,-0.920518,0.09375200000000006,0.248975,0.0020319999999999228,0.9622182929742611,0.9916484229190212,0.9622182929742611,0.03778170702573891,0.008351577080978778,-0.918486
1444,6.016667,walk,-1.254175,-0.239327,0.937098,0.010131,-0.039098,-0.231113,-0.041516678665703535,0.04703623710103448,-0.010319174466046847,0.026032195667861774,-0.019824514466132592,0.014487701702400475,0.010559155267616279,-0.008159347252218363,-0.0021598272138234876,-0.00215982721380517,0.0009599232061445124,0.0004799616030722562,-0.0894299999999999,0.16661900000000002,-0.9184519999999999,0.004269000000000078,-0.082318,-0.920473,0.09369899999999998,0.24893700000000002,0.0020210000000000505,0.9572600470273778,0.9959803713218716,0.9572600470273778,0.04273995297262223,0.00401962867812844,-0.9184519999999999
1445,6.020833,walk,-1.254347,-0.239095,0.937004,0.010205,-0.038782,-0.231085,-0.04128660585695502,0.05568891022564291,-0.02256361017763945,9.358665218024908e-05,-0.15617316089442887,-0.0122491418822293,0.0100816130580602,-0.006240998559769637,-0.0019203072491602725,-0.0012001920307328738,0.004560729716752941,-0.000720115218434894,-0.08921599999999996,0.166361,-0.9183659999999999,0.0044360000000001065,-0.08253100000000002,-0.9203819999999999,0.09365200000000007,0.24889200000000003,0.0020160000000000178,0.9598208033234574,0.9920488850558677,0.9598208033234574,0.04017919667654257,0.007951114944132254,-0.9183659999999999
1446,6.025,walk,-1.254523,-0.238891,0.936973,0.010104,-0.038767,-0.231117,-0.04223662107029626,0.04895608351331307,-0.007439404847611724,0.049353890663789986,0.004471911658527637,0.013789303807294465,0.006959443244552892,-0.007679385649147801,-0.005039596832251788,-0.002399808015374091,0.002639788816903507,0.0,-0.08901099999999995,0.166125,-0.918356,0.004601999999999995,-0.08272399999999999,-0.9203509999999999,0.09361299999999995,0.248849,0.001994999999999969,0.9608432050179188,0.9940540481771903,0.9608432050179188,0.039156794982081244,0.005945951822809659,-0.918356
1447,6.029167,walk,-1.254632,-0.238647,0.937004,0.009787,-0.038656,-0.231084,-0.026157907367391337,0.05855531557475531,0.0074394048476133096,0.15967472669060273,-0.0170645852081775,-0.022420776877846268,0.010559155267562993,-0.00863930885529395,-0.0019198464122873594,-0.0026397888168907483,0.002399808015361281,0.00023998080153529548,-0.0888580000000001,0.165845,-0.918395,0.0046999999999999265,-0.08295799999999998,-0.9203809999999999,0.09355800000000003,0.24880299999999997,0.0019859999999999323,0.9571775168476179,0.9940406109808231,0.9571775168476179,0.04282248315238213,0.005959389019176919,-0.918395
1448,6.033333,walk,-1.254793,-0.238422,0.936969,0.00976,-0.038537,-0.231066,-0.03864618338936402,0.05400864138262621,-0.008401344215050167,0.025515210912819712,-0.05281096988345374,-0.009451745031291887,0.0100816130581135,-0.008401344215073487,-0.0033605376860300607,-0.00024003840612525507,0.004560729716752941,-0.0012001920307245458,-0.08865499999999993,0.16558499999999998,-0.918374,0.0048600000000000865,-0.08316399999999999,-0.920351,0.09351500000000001,0.248749,0.0019770000000000065,0.9576520658352685,0.9921298145411688,0.9576520658352685,0.04234793416473148,0.007870185458831225,-0.918374
1449,6.0375,walk,-1.25494,-0.238178,0.936969,0.009734,-0.038556,-0.231014,-0.035277177825750884,0.05855531557475531,0.0,0.009113730997773434,0.01130150403743948,-0.026052162959476852,0.010559155267562993,-0.009119270458362876,-0.003359731221502463,-0.00287976961846018,0.0026397888168907483,-0.0009599232061436797,-0.0884640000000001,0.165303,-0.9183880000000001,0.004994999999999861,-0.083397,-0.920355,0.09345899999999996,0.2487,0.001966999999999941,0.9564120472158806,0.9932953145291104,0.9564120472158806,0.04358795278411942,0.006704685470889649,-0.9183880000000001
1450,6.041667,walk,-1.255111,-0.237951,0.936934,0.009694,-0.03846,-0.230993,-0.041036717062662494,0.05447564194863618,-0.008399328053756032,0.02896591945821427,-0.04064054393255621,-0.011198845695715087,0.012239020878333264,-0.009119270458364262,-0.0016798656107508733,-0.0009599232061176645,0.0023998080153607693,0.0009599232061434751,-0.08824199999999993,0.165038,-0.9183600000000001,0.005162000000000111,-0.083614,-0.920316,0.09340400000000004,0.24865199999999998,0.0019559999999999578,0.9548482980992723,0.9954047175053813,0.9548482980992723,0.0451517019007277,0.004595282494618713,-0.9183600000000001
1451,6.045833,walk,-1.255286,-0.237709,0.93691,0.009656,-0.038101,-0.230854,-0.04200672107533079,0.058089294287088665,-0.005760921747485814,0.05519814341434768,-0.16484784946871858,-0.06911493765063491,0.0074411905905224975,-0.009121459433509213,-0.002880460873740409,-0.00048007681230380936,0.0026404224675910027,-0.0012001920307253785,-0.088036,0.16475800000000002,-0.918348,0.005334999999999868,-0.083845,-0.920297,0.09337099999999987,0.24860300000000002,0.0019489999999999785,0.9603117193768886,0.9951002365522836,0.9603117193768886,0.03968828062311136,0.004899763447716365,-0.918348
1452,6.05,walk,-1.255452,-0.23747,0.93684,0.009777,-0.0378,-0.230697,-0.03983681305498394,0.05735541156708133,-0.016798656107515644,-0.025758002387844026,-0.15546370154525535,-0.07496942602461307,0.010319174466046847,-0.016558675305976187,-0.001919846412286527,-0.0019198464122890248,0.002399808015361281,0.0,-0.08782699999999988,0.16444999999999999,-0.918286,0.00549299999999997,-0.08407400000000001,-0.920227,0.09331999999999985,0.248524,0.0019409999999999705,0.9479147927917719,0.9948779103772182,0.9479147927917719,0.05208520720822807,0.0051220896227818224,-0.918286
1453,6.054167,walk,-1.255604,-0.237258,0.93685,0.009689,-0.037691,-0.230621,-0.03647708183343818,0.05087592992560587,0.0023998080153479593,0.05186241945724541,-0.041893689866329124,-0.039096298654409826,0.009359251259875691,-0.010319174466043517,-0.0011999040076798079,0.0004799616030855778,0.0011999040076739796,0.0002399808015361281,-0.08763600000000005,0.16419499999999998,-0.9183009999999999,0.005646999999999958,-0.08428100000000002,-0.9202359999999999,0.093283,0.24847600000000003,0.00193500000000002,0.9573452129718559,0.9978092850271769,0.9573452129718559,0.04265478702814407,0.0021907149728230824,-0.9183009999999999
1454,6.058333,walk,-1.255728,-0.237035,0.936854,0.009751,-0.037496,-0.230509,-0.029764762361977046,0.053528564570324316,0.0009601536245807644,-0.009218096969773031,-0.09901909993395788,-0.054012754504453454,0.007441190590467612,-0.005760921747477924,-0.0033605376860293443,-0.001680268843036325,0.001200192030732618,0.0002400384061451911,-0.08748100000000014,0.16394799999999998,-0.918319,0.00576399999999988,-0.08449899999999999,-0.9202389999999999,0.09324500000000002,0.24844699999999997,0.0019199999999999218,0.9641456086602219,0.9965353440398723,0.9641456086602219,0.03585439133977808,0.0034646559601276827,-0.918319
1455,6.0625,walk,-1.255873,-0.236829,0.936877,0.009735,-0.037445,-0.230402,-0.03479721622271859,0.0494360451163891,0.005519558435324285,0.011309786854698899,-0.023016481677360014,-0.05296968457024272,0.007199424046123807,-0.010559155267579645,-0.002399808015358783,0.0011999040076873012,-0.0002399808015427889,-0.0004799616030722562,-0.08730599999999988,0.163698,-0.918352,0.005913999999999975,-0.084706,-0.920264,0.09321999999999986,0.248404,0.0019120000000000248,0.9592077862824215,0.9978092850271627,0.9592077862824215,0.04079221371757846,0.0021907149728372932,-0.918352
1456,6.066667,walk,-1.256021,-0.236616,0.936932,0.009727,-0.037396,-0.230298,-0.035517158627320314,0.051115910727148654,0.013198944084480383,0.007409103772626196,-0.022953781045470203,-0.05143521966025291,0.008399328053757822,0.0007199424046083842,-0.0019198464122873594,0.0009599232061711556,0.0009599232061445124,-0.0004799616030714236,-0.08712299999999984,0.163488,-0.918415,0.006066000000000127,-0.08491500000000002,-0.920321,0.09318899999999997,0.248403,0.0019059999999999633,0.9665300459685975,0.9976001919846096,0.9665300459685975,0.033469954031402516,0.0023998080153904144,-0.918415
1457,6.070833,walk,-1.25617,-0.236418,0.93696,0.009774,-0.037312,-0.230206,-0.03576572251558684,0.0475276044167012,0.006721075372065351,-0.01419229038732456,-0.04526838177039616,-0.044363389996698054,0.005040806529002376,-0.0050408065290456815,-0.0031204992798841533,-0.001440230436911121,0.0,0.00120019203072429,-0.08695300000000006,0.163269,-0.918456,0.006208999999999909,-0.08511300000000002,-0.920344,0.09316199999999997,0.248382,0.0018880000000000008,0.9681502727817322,0.9968754001936162,0.9681502727817322,0.03184972721826784,0.0031245998063837988,-0.918456
1458,6.075,walk,-1.256269,-0.236188,0.936988,0.009616,-0.037108,-0.230023,-0.02375809935207002,0.05519558435324951,0.0067194624430115864,0.09325056296466112,-0.07955774669896565,-0.09313527280891927,0.005519558435350929,-0.00743940484760998,-0.0019198464122873594,0.0004799616030855778,0.0009599232061445124,0.0,-0.08683099999999988,0.16300800000000001,-0.9184920000000001,0.006310000000000038,-0.085339,-0.9203720000000001,0.09314099999999992,0.248347,0.0018799999999999928,0.965432938689341,0.9982112887148912,0.965432938689341,0.03456706131065901,0.0017887112851088238,-0.9184920000000001
1459,6.079167,walk,-1.256412,-0.235976,0.937011,0.009689,-0.037033,-0.22991,-0.03431725461963301,0.05087592992561253,0.005519558435324285,-0.027669780751819233,-0.04410206009947225,-0.05429572355495234,0.005759539236867074,-0.0028797696184302067,-0.0014398848092151033,0.0038396928245780495,0.0011999040076873012,0.0,-0.08666399999999985,0.16278399999999998,-0.918521,0.006469000000000058,-0.08554599999999998,-0.9203950000000001,0.09313299999999991,0.24833,0.0018740000000000423,0.9702626981162482,0.9932953145291312,0.9702626981162482,0.029737301883751788,0.006704685470868776,-0.918521
1460,6.083333,walk,-1.256552,-0.235767,0.937046,0.009681,-0.036899,-0.229751,-0.03360537686025397,0.05016802688430234,0.008401344215076817,0.015893573222464225,-0.06316188325948618,-0.07838463198699581,0.003600576092145322,-0.0031204992798881497,-0.0019203072491602725,0.0,0.0007201152184290645,-0.002160345655304682,-0.08650900000000017,0.16256199999999998,-0.918564,0.006608999999999865,-0.085752,-0.920439,0.09311800000000003,0.24831399999999998,0.00187499999999996,0.9726882562974253,0.9962046595533298,0.9726882562974253,0.02731174370257472,0.0037953404466701812,-0.918564
1461,6.0875,walk,-1.256671,-0.235557,0.937077,0.009649,-0.036896,-0.229572,-0.02855771538281314,0.05039596832252953,0.007439404847611724,0.012296935927352695,0.0005351446254127814,-0.08884513285728235,0.004559635229178801,-0.010319174466037986,0.0009599232061434751,0.00215982721380471,0.001199904007673724,0.0019198464122869502,-0.08637099999999998,0.16230899999999998,-0.918591,0.006736999999999993,-0.08595700000000003,-0.920462,0.09310799999999997,0.24826600000000004,0.001870999999999956,0.9624193078760424,0.9947850552714408,0.9624193078760424,0.03758069212395765,0.005214944728559212,-0.918591
1462,6.091667,walk,-1.256791,-0.235346,0.937136,0.009646,-0.036981,-0.22944,-0.028797696184282084,0.05063594912406974,0.014158867290598252,-0.010173312479666106,0.03890003969196672,-0.06514745944851212,0.00287976961846018,0.0043196544276436445,-0.001919846412286527,0.0009599232061711556,0.0002399808015427889,0.0014398848092151033,-0.08623899999999995,0.16211599999999998,-0.918658,0.006861000000000006,-0.086167,-0.920515,0.09309999999999996,0.24828299999999998,0.0018569999999999975,0.9722046879492048,0.997088188989142,0.9722046879492048,0.027795312050795218,0.002911811010858023,-0.918658
1463,6.095833,walk,-1.256904,-0.235106,0.937136,0.009754,-0.036769,-0.229301,-0.02712433989439239,0.057609217474798184,0.0,-0.029357187672145502,-0.11223468288996327,-0.06640721250876475,0.0026404224675910027,0.0,-0.0026404224675951665,0.0007201152184290645,0.002160345655300518,-0.0009601536245801362,-0.08611499999999994,0.16187600000000002,-0.918669,0.006977000000000011,-0.086398,-0.920519,0.09309199999999995,0.248274,0.0018500000000000183,0.975276464559892,0.9958810889178411,0.975276464559892,0.02472353544010797,0.004118911082158894,-0.918669
1464,6.1,walk,-1.257004,-0.234903,0.937158,0.009778,-0.036787,-0.229131,-0.023998080153586166,0.048716102711787376,0.005279577633808139,-0.016002126100311407,0.0042772358664882005,-0.08331168399056314,0.0016798656107195925,-0.00119990400767731,-0.0002399808015361281,0.003119750419976326,0.0014398848092167685,0.0,-0.08600800000000008,0.161668,-0.9186920000000001,0.007090000000000041,-0.086595,-0.920541,0.09309800000000013,0.248263,0.0018489999999999895,0.9780461754908674,0.9942733297082967,0.9780461754908674,0.021953824509132636,0.005726670291703262,-0.9186920000000001
1465,6.104167,walk,-1.257123,-0.234699,0.937168,0.009864,-0.036684,-0.229006,-0.028557715382759852,0.04895608351331307,0.002399808015347448,-0.030877374204086948,-0.058693459863126074,-0.05987176531926005,0.0014398848092564264,-0.0009599232061443078,-0.0021598272138221948,0.00143988480920314,0.0023998080153607693,0.001199904007679552,-0.08588299999999993,0.16146,-0.918711,0.0072149999999999714,-0.086789,-0.920546,0.0930979999999999,0.248249,0.00183499999999992,0.9770373439745785,0.9949249749858282,0.9770373439745785,0.02296265602542147,0.005075025014171786,-0.918711
1466,6.108333,walk,-1.257239,-0.2345,0.937199,0.009893,-0.036538,-0.228841,-0.027844455112821454,0.047767642822856574,0.007441190590495848,-0.00018334663142017665,-0.07293866789521303,-0.08079404687956322,0.0012001920307328738,0.0009601536245809691,0.000720115218434894,0.003120499279894812,0.0,0.001440230436869788,-0.0857619999999999,0.161265,-0.918739,0.007344000000000017,-0.08698800000000001,-0.920571,0.09310599999999991,0.248253,0.0018320000000000558,0.9788511202544843,0.9942719550874883,0.9788511202544843,0.021148879745515714,0.005728044912511665,-0.918739
1467,6.1125,walk,-1.257325,-0.234312,0.937223,0.009893,-0.036459,-0.228714,-0.020638348932093695,0.045116390688745456,0.005759539236867074,0.006601722265690432,-0.03804710112768048,-0.0624323564980401,-0.0007199424046550099,0.0019198464122856943,-0.0009599232061436797,0.0023998080153746024,0.002159827213818492,0.0014398848092151033,-0.08567900000000006,0.16108499999999998,-0.918767,0.007440000000000113,-0.08716700000000002,-0.920589,0.09311900000000017,0.24825200000000003,0.0018219999999999903,0.9780067094104011,0.9941081034066517,0.9780067094104011,0.02199329058959887,0.0058918965933483225,-0.918767
1468,6.116667,walk,-1.257421,-0.234109,0.937218,0.009982,-0.036225,-0.228558,-0.02303815694741501,0.048716102711780715,-0.0011999040076873012,-0.018382046513886224,-0.12054975788768173,-0.07510579389644094,0.0004799616030855778,0.003119750419966335,0.0004799616030714236,0.00215982721380517,0.002399808015361281,0.0004799616030722562,-0.08558100000000013,0.160895,-0.91876,0.007544999999999913,-0.08736,-0.920582,0.09312600000000004,0.248255,0.0018219999999999903,0.9764587718199911,0.9945598470087615,0.9764587718199911,0.023541228180008922,0.005440152991238456,-0.91876
1469,6.120833,walk,-1.25748,-0.233887,0.937245,0.010055,-0.036126,-0.228436,-0.014162265962559612,0.053288526164179124,0.0064810369659134975,-0.025198039667210653,-0.05538615546931398,-0.058743805822787765,0.0033605376860193505,0.0021603456553033885,0.001920307249159863,0.0014402304368578219,0.0009601536245807644,-0.0002400384061451911,-0.08550800000000014,0.160682,-0.918779,0.007609999999999895,-0.08757799999999999,-0.92061,0.09311800000000003,0.24825999999999998,0.001831000000000027,0.9743023438499826,0.9970874900427105,0.9743023438499826,0.0256976561500174,0.002912509957289533,-0.918779
1470,6.125,walk,-1.257555,-0.233691,0.937253,0.010124,-0.035977,-0.228328,-0.017998560115202945,0.04703623710103448,0.0019198464122890248,-0.017609174614285936,-0.07817824636574891,-0.05180153288844038,-0.0028797696184068937,0.002399808015361281,-0.003359731221502463,0.0035997120230619037,0.004799616030722562,0.0009599232061436797,-0.085445,0.16049600000000003,-0.918801,0.00770000000000004,-0.08775399999999997,-0.920614,0.09314500000000003,0.24824999999999997,0.0018130000000000646,0.9734802003986273,0.989873618989513,0.9734802003986273,0.02651979960137274,0.010126381010487018,-0.918801
1471,6.129167,walk,-1.25764,-0.23349,0.937279,0.01013,-0.035796,-0.228234,-0.02039836813057755,0.04823614110871512,0.006239500839926008,0.015546819388923262,-0.08611370146973941,-0.04597761971075222,0.0,0.005759539236860413,0.0004799616030722562,0.0019198464122890248,0.002159827213818492,0.0009599232061436797,-0.08535999999999988,0.160319,-0.918825,0.007793000000000161,-0.087946,-0.920636,0.09315300000000004,0.248265,0.001811000000000007,0.9722574949373721,0.9949249749858243,0.9722574949373721,0.027742505062627876,0.005075025014175671,-0.918825
1472,6.133333,walk,-1.257751,-0.233296,0.937281,0.010168,-0.03558,-0.228191,-0.0266442630820829,0.046567450792120435,0.000480076812303707,0.00526723400601785,-0.10556801670375351,-0.020352558044659894,-0.0002400384061252039,0.002640422467593771,0.0004800768122895494,0.0014402304368578219,0.002400384061451911,0.002880460873738962,-0.08524999999999983,0.160136,-0.918825,0.007910000000000084,-0.08812999999999999,-0.920626,0.09315999999999991,0.248266,0.0018010000000000526,0.9774992926226956,0.9933056486915242,0.9774992926226956,0.022500707377304363,0.006694351308475843,-0.918825
1473,6.1375,walk,-1.257835,-0.233089,0.937291,0.010168,-0.035411,-0.228152,-0.020158387329008116,0.04967602591793189,0.0023998080153479593,0.017916575209971964,-0.07936288607684401,-0.01902955881378718,-0.002159827213858457,0.004559635229183103,0.0002399808015361281,0.00215982721380517,-0.000719942404615045,0.0016798656107512315,-0.085175,0.15994799999999998,-0.9188339999999999,0.008002999999999982,-0.08834000000000003,-0.920629,0.09317799999999998,0.248288,0.001795000000000102,0.9736316473962411,0.9952844467952551,0.9736316473962411,0.026368352603758916,0.004715553204744927,-0.9188339999999999
1474,6.141667,walk,-1.257848,-0.232824,0.937439,0.009612,-0.035152,-0.227984,-0.003119750419976326,0.06359491240700733,0.035517158627320314,0.28540892705312676,-0.06181505295447191,-0.09265911147218561,-0.0019198464122890248,0.0026397888168940785,0.0004799616030714236,0.0014398848092034469,0.0019198464122890248,0.0007199424046075517,-0.08516999999999997,0.159694,-0.91898,0.008021999999999974,-0.08859700000000001,-0.920774,0.09319199999999994,0.248291,0.0017939999999999623,0.9765613490581273,0.9958242114595278,0.9765613490581273,0.023438650941872696,0.004175788540472181,-0.91898
1475,6.145833,walk,-1.257949,-0.232576,0.937417,0.009578,-0.034801,-0.227845,-0.024243879020622833,0.05952952472396012,-0.005280844935208655,0.05216044227623883,-0.16163390932823934,-0.0688071295820326,-0.0016802688429833838,0.004560729716756272,-0.00024003840614524228,0.0026404224676443017,0.00528084493519533,-0.0019203072491594398,-0.08507599999999993,0.15946500000000002,-0.918959,0.008134000000000086,-0.08882299999999999,-0.9207599999999999,0.09321000000000002,0.248288,0.0018009999999999415,0.9738794483386646,0.9896523306477587,0.9738794483386646,0.026120551661335423,0.010347669352241295,-0.918959
1476,6.15,walk,-1.258052,-0.232333,0.937414,0.009554,-0.034565,-0.227831,-0.02471802255818262,0.05831533477320675,-0.00071994240460157,0.03683793315482288,-0.10785605460086548,-0.007166475564157969,-0.0033597312215450418,0.002879769618429593,0.0016798656107508733,0.001199904007633759,0.0035997120230344933,-0.0004799616030721539,-0.08498700000000015,0.15923400000000001,-0.918949,0.00824199999999986,-0.08905099999999999,-0.920759,0.093229,0.248285,0.0018099999999999783,0.9740113979187905,0.9936255589751078,0.9740113979187905,0.025988602081209455,0.006374441024892152,-0.918949
1477,6.154167,walk,-1.258145,-0.232096,0.937432,0.009501,-0.034328,-0.227901,-0.022318214542866574,0.05687544996400907,0.004319654427663628,0.05179731621097373,-0.10445147115128627,0.03366448287201628,-0.003359731221492472,0.0016798656107495662,-0.002159827213822655,0.0035997120230619037,0.002879769618433537,0.0004799616030722562,-0.08490799999999998,0.15900399999999998,-0.918976,0.00835000000000008,-0.089276,-0.920775,0.09325800000000006,0.24828,0.001798999999999995,0.9747883896947311,0.9922753348068503,0.9747883896947311,0.02521161030526886,0.007724665193149738,-0.918976
1478,6.158333,walk,-1.258269,-0.231865,0.937428,0.009522,-0.034225,-0.227998,-0.02976476236198339,0.05544887181949767,-0.0009601536245809691,0.0029668293297425196,-0.04964001657769489,0.04831574832322401,0.001440230436858129,0.004080652904465788,-0.00024003840614524228,0.0012001920307328738,-0.00024003840615190468,-0.00024003840614524228,-0.08477800000000002,0.15879,-0.918973,0.008479000000000125,-0.08950800000000003,-0.920772,0.09325700000000015,0.24829800000000002,0.001798999999999995,0.9747866562308947,0.9979212064239301,0.9747866562308947,0.025213343769105334,0.0020787935760698817,-0.918973
1479,6.1625,walk,-1.25836,-0.231639,0.93747,0.009431,-0.034057,-0.228121,-0.021838252939727708,0.054235661147105,0.010079193664504058,0.06280206900648887,-0.06757585231912158,0.05912255556091752,-0.002399808015321316,0.0023998080153579504,-0.0007199424046075517,0.0028797696184068937,0.0033597312215057932,0.0002399808015361281,-0.08469700000000002,0.158574,-0.919018,0.008581999999999868,-0.08972,-0.920813,0.09327899999999989,0.24829400000000001,0.001794999999999991,0.9762677296637507,0.9926141167456337,0.9762677296637507,0.02373227033624925,0.007385883254366288,-0.919018
1480,6.166667,walk,-1.258448,-0.231396,0.937447,0.009606,-0.033868,-0.228245,-0.02111831053517477,0.058315334773213406,-0.005519558435323109,-0.05911296947440137,-0.10646975467465987,0.06425162724665298,-0.004079673626146612,0.0009599232061443078,0.0028797696184304253,0.0,0.0026397888168901854,0.0019198464122861178,-0.08462600000000009,0.158335,-0.918983,0.008669999999999956,-0.08995200000000003,-0.920782,0.09329600000000005,0.24828700000000004,0.001798999999999995,0.973534829973386,0.994559847008752,0.973534829973386,0.02646517002661397,0.005440152991248004,-0.918983
1481,6.170833,walk,-1.258541,-0.231162,0.937444,0.009722,-0.03363,-0.228349,-0.022323571771460896,0.05616898703792673,-0.0007201152184290645,-0.02649202270928524,-0.12312421775415787,0.0534246910524358,-0.00048007681225051014,0.003600576092175303,-0.0014402304368706209,0.0028804608737695568,0.0019203072491619383,-0.0019203072491594398,-0.08453500000000003,0.158116,-0.9189860000000001,0.008774999999999977,-0.09017800000000001,-0.920787,0.09331,0.24829400000000001,0.0018009999999999415,0.975477429750327,0.9934019753150247,0.975477429750327,0.02452257024967297,0.006598024684975279,-0.9189860000000001
1482,6.175,walk,-1.258637,-0.230927,0.937475,0.009608,-0.03332,-0.228477,-0.023038156947468295,0.056395488360936816,0.007439404847586667,0.08919318763934955,-0.1313812191573392,0.061352433050681845,-0.003359731221492472,0.0007199424046083842,-0.002399808015358783,0.0009599232061178691,0.0014398848092167685,-0.0011999040076798079,-0.08445299999999989,0.157884,-0.9190269999999999,0.008874999999999966,-0.09040700000000002,-0.920823,0.09332799999999986,0.248291,0.0017960000000000198,0.9750548591326531,0.9964902950214588,0.9750548591326531,0.024945140867346893,0.003509704978541195,-0.9190269999999999
1483,6.179167,walk,-1.258736,-0.230702,0.937485,0.009677,-0.033155,-0.228677,-0.02375809935207002,0.05399568034557553,0.0023998080153746024,-0.011126828399213156,-0.08300663920059352,0.09997375124949401,-0.0007199424046550099,-0.00623950083993267,0.0021598272138234876,0.001679865610772879,0.0026397888168907483,0.0002399808015361281,-0.08435700000000002,0.157633,-0.919028,0.008981000000000128,-0.09062100000000003,-0.920832,0.09333800000000014,0.24825400000000003,0.0018040000000000278,0.9708902035812264,0.9947697396885622,0.9708902035812264,0.029109796418773648,0.0052302603114378066,-0.919028
1484,6.183333,walk,-1.258811,-0.230467,0.937501,0.009751,-0.033071,-0.228893,-0.01800288046082937,0.05640902544405994,0.0038406144983230577,-0.022125754587628305,-0.04558959596088003,0.10772295744038488,-0.0014402304368578219,0.0,0.0004800768122895494,0.0007201152184289109,0.0019203072491615289,-0.0009601536245799316,-0.08428800000000014,0.157398,-0.919042,0.009058999999999928,-0.09084800000000001,-0.920852,0.09334700000000007,0.24824600000000002,0.0018099999999999783,0.9793697730355703,0.9962258036757663,0.9793697730355703,0.020630226964429732,0.003774196324233703,-0.919042
1485,6.1875,walk,-1.258979,-0.230283,0.937469,0.009969,-0.033005,-0.22929,-0.04031677465806952,0.044156467482607605,-0.007679385649156099,-0.08867762831075568,-0.05141654778675628,0.19946577108051963,-0.0014398848092034469,0.0002399808015361281,-0.0004799616030714236,0.0014398848092034469,0.002399808015361281,0.0,-0.08412599999999992,0.157215,-0.9190119999999999,0.009233000000000047,-0.09102200000000002,-0.92082,0.09335899999999997,0.248237,0.0018080000000000318,0.9793589551886304,0.9953356116351995,0.9793589551886304,0.020641044811369635,0.004664388364800542,-0.9190119999999999
1486,6.191667,walk,-1.259074,-0.23005,0.937496,0.009968,-0.032989,-0.22956,-0.022798176145898866,0.055915526757857895,0.006479481641468798,0.006203358318679981,-0.005070181314069806,0.13305188882189106,-0.0011999040076873012,0.00119990400767731,-0.0007199424046075517,0.0019198464122890248,0.0014398848092167685,-0.0007199424046075517,-0.084036,0.156987,-0.919042,0.009336000000000011,-0.091249,-0.92085,0.09337200000000001,0.248236,0.0018079999999999208,0.9788477874778481,0.995824211459515,0.9788477874778481,0.021152212522151936,0.004175788540484948,-0.919042
1487,6.195833,walk,-1.259186,-0.229833,0.937531,0.009878,-0.032936,-0.229851,-0.026884301488208105,0.05208833413345317,0.008401344215075025,0.052160439783290796,-0.012392655164530855,0.1419882000399531,-0.001200192030732618,0.0050408065290456815,-0.004560729716754467,0.0002400384061252039,-0.00024003840613852869,0.0009601536245799316,-0.08392900000000014,0.156791,-0.919096,0.009448999999999819,-0.09146699999999996,-0.920881,0.09337799999999996,0.24825799999999998,0.0017849999999999255,0.9706451161429409,0.9983026721527071,0.9706451161429409,0.02935488385705909,0.0016973278472929287,-0.919096
1488,6.2,walk,-1.259293,-0.229593,0.937536,0.009979,-0.032837,-0.230211,-0.025677945764359045,0.05759539236861746,0.0011999040076873012,-0.030929743421362507,-0.05433857966792039,0.17927755598160675,-0.0016798656107195925,-0.006959443244541054,-0.0009599232061436797,0.0019198464122890248,0.003119750419963004,0.0004799616030714236,-0.08382899999999993,0.156522,-0.9191050000000001,0.009563999999999906,-0.091694,-0.920884,0.09339299999999984,0.248216,0.001778999999999975,0.9701710295630123,0.9938425708669976,0.9701710295630123,0.029828970436987734,0.0061574291330024344,-0.9191050000000001
1489,6.204167,walk,-1.259415,-0.229356,0.937524,0.010133,-0.032744,-0.230558,-0.029277657787367663,0.05687544996400241,-0.002879769618433537,-0.05652251510879544,-0.057503522170110156,0.1736844288832535,-0.0007199424046017234,-0.0004799616030722562,0.0007199424046075517,0.0004799616030855778,-0.0009599232061445124,0.0004799616030714236,-0.08370999999999995,0.156283,-0.9190900000000001,0.009687999999999919,-0.09193499999999999,-0.9208700000000001,0.09339799999999987,0.248218,0.0017800000000000038,0.9803239837773745,0.9980405649605661,0.9803239837773745,0.019676016222625492,0.0019594350394338544,-0.9190900000000001
1490,6.208333,walk,-1.259503,-0.229087,0.937489,0.010269,-0.032699,-0.230747,-0.02112337974078132,0.06457033125300354,-0.008401344215076817,-0.0557590511849599,-0.03443481716250366,0.09557283406363153,-0.0012001920307328738,-0.0024003840614490917,0.0,0.0009601536246076187,0.0019203072491619383,0.00024003840614524228,-0.0836269999999999,0.15600400000000003,-0.9190550000000001,0.009780000000000122,-0.09219599999999997,-0.920834,0.09340700000000002,0.24819999999999998,0.001778999999999975,0.9777371483887378,0.9963994239078016,0.9777371483887378,0.02226285161126218,0.0036005760921984375,-0.9190550000000001
1491,6.2125,walk,-1.259564,-0.228859,0.937482,0.010526,-0.033207,-0.2312,-0.014638828893654067,0.054715622750172256,-0.0016798656107458777,-0.16972920006101172,0.21287248731362216,0.2271296124469893,-0.0028797696184595665,0.005039596832250955,-0.005519558435323942,0.0019198464122886156,-0.00023998080154273774,0.0007199424046073983,-0.08357800000000015,0.15579700000000002,-0.9190710000000001,0.009848999999999997,-0.09242500000000001,-0.9208240000000001,0.09342700000000015,0.248222,0.0017530000000000046,0.9691204125523596,0.9965593451455677,0.9691204125523596,0.03087958744764041,0.0034406548544323456,-0.9190710000000001
1492,6.216667,walk,-1.25968,-0.228608,0.937458,0.010621,-0.032584,-0.231417,-0.027837772978164217,0.060235181185508205,-0.005759539236867074,0.02810196277696855,-0.2996795307791052,0.109366364772405,-0.00023998080151614568,-0.008159347252218363,0.0002399808015361281,0.00047996160303229136,0.0026397888169040697,-0.00023998080153529548,-0.08346300000000006,0.155512,-0.919046,0.009966999999999837,-0.09266499999999997,-0.920801,0.0934299999999999,0.24817699999999998,0.001754999999999951,0.968839329231926,0.9955103703062431,0.968839329231926,0.03116067076807405,0.00448962969375688,-0.919046
1493,6.220833,walk,-1.259834,-0.228362,0.93749,0.010465,-0.032013,-0.23148,-0.03696591454632733,0.05904944791166964,0.007681228996647753,0.13726673162107944,-0.24895838948165994,0.029210158378271768,-0.00024003840612525507,0.005760921747479152,-0.0024003840614499243,0.001440230436911428,0.0,-0.0012001920307253785,-0.08331,0.15529,-0.919088,0.010126999999999997,-0.09291099999999997,-0.920838,0.09343699999999999,0.24820099999999998,0.0017500000000000293,0.9720906450382019,0.9968754001936146,0.9720906450382019,0.02790935496179814,0.003124599806385353,-0.919088
1494,6.225,walk,-1.259915,-0.228096,0.937577,0.010201,-0.031812,-0.231627,-0.019438444924406394,0.06383489320855013,0.02087832973360984,0.14765392935470503,-0.06332717241011013,0.06843878341069151,0.0011999040076340148,0.0002399808015361281,-0.0002399808015361281,0.0019198464122890248,0.0007199424046017234,0.0002399808015361281,-0.08322400000000019,0.155025,-0.919176,0.010216000000000003,-0.093174,-0.920924,0.09344000000000019,0.248199,0.0017479999999999718,0.9804417052945664,0.9965593451455717,0.9804417052945664,0.019558294705433577,0.003440654854428349,-0.919176
