frame_id,timestamp,gait_type,root_position_x,root_position_y,root_position_z,root_orientation_x,root_orientation_y,root_orientation_z,root_linear_velocity_x,root_linear_velocity_y,root_linear_velocity_z,root_angular_velocity_x,root_angular_velocity_y,root_angular_velocity_z,left_linear_velocity_x,left_linear_velocity_y,left_linear_velocity_z,right_linear_velocity_x,right_linear_velocity_y,right_linear_velocity_z,left_pos_rel_x,left_pos_rel_y,left_pos_rel_z,right_pos_rel_x,right_pos_rel_y,right_pos_rel_z,step_length,step_width,step_height,left_contact_prob,right_contact_prob,support_type,left_swing_phase,right_swing_phase,max_foot_height
1,0.004167,walk,0.203947,-1.539962,0.923799,0.006942,0.015338,-0.61075,0.13486921046315797,0.2027837772978125,0.04175665946724442,-0.022179564032622473,-0.13340686356332643,-0.11969768433756511,0.00743940484761297,-0.0016798656107728026,0.00023998080153588298,0.005999520038396893,-0.007439404847639614,0.009599232061435085,0.09523799999999999,0.034148999999999985,-0.924369,-0.20790699999999998,-0.016332000000000013,-0.92349,0.303145,0.050481,0.0008789999999999631,0.9872825269213694,0.9686339408180373,0.9686339408180373,0.012717473078630581,0.03136605918196267,-0.92349
2,0.008333,walk,0.204552,-1.539124,0.92394,0.006994,0.015159,-0.610856,0.14522323571772014,0.20115218434952384,0.03384541526642984,-0.03323871188171343,-0.08234079819927609,-0.06442814868029678,0.004800768122904465,-0.002400384061412258,-0.000240038406144989,0.006240998559769558,-0.004080652904448808,0.005520883341334617,0.09465299999999999,0.033301000000000025,-0.924511,-0.208486,-0.017187000000000063,-0.923608,0.303139,0.05048800000000009,0.0009029999999999871,0.9910453555426679,0.9755066073851231,0.9755066073851231,0.008954644457332073,0.02449339261487693,-0.923608
3,0.0125,walk,0.205225,-1.538168,0.924209,0.006876,0.014415,-0.611045,0.1615070794336403,0.22942164626828815,0.06455483561314224,-0.26390093800561654,-0.24648478019668663,-0.11155840661074838,0.006959443244540735,-0.0014398848092566675,-0.00263978881689466,0.005999520038396891,-0.00503959683226512,0.007199424046076318,0.09400900000000001,0.032338999999999896,-0.9247909999999999,-0.209134,-0.01816400000000007,-0.923847,0.303143,0.050502999999999965,0.0009439999999999449,0.9873645556363905,0.972825579331728,0.972825579331728,0.012635444363609527,0.027174420668272026,-0.923847
4,0.016667,walk,0.205842,-1.537227,0.924264,0.006881,0.014619,-0.610988,0.14806815454763772,0.22582193424527972,0.01319894408447978,0.06199037141560671,0.0755598488238878,0.034021697576707255,0.0045596352291795645,-0.0016798656107195158,-0.0014398848092152456,0.0050395968322534635,-0.00503959683226512,0.0019198464122870114,0.093411,0.03139099999999995,-0.924852,-0.20973,-0.0191260000000002,-0.923894,0.303141,0.050517000000000145,0.0009580000000000144,0.9915531909119706,0.978118138949487,0.978118138949487,0.008446809088029417,0.02188186105051304,-0.923894
5,0.020833,walk,0.206481,-1.536339,0.924365,0.006965,0.014601,-0.61116,0.15338454152664444,0.21315410465674509,0.024243879020647563,0.025869807250092778,-0.029976797176092005,-0.10501531793842711,0.007681228996647145,0.0012001920307327788,0.0,0.006721075372059486,-0.005520883341306824,0.009841574651944317,0.09280400000000003,0.03050799999999998,-0.924953,-0.210341,-0.020037000000000083,-0.9239539999999999,0.303145,0.05054500000000006,0.0009990000000000832,0.9870426190264683,0.9681195150899468,0.9681195150899468,0.012957380973531718,0.03188048491005324,-0.9239539999999999
6,0.025,walk,0.207089,-1.535443,0.924261,0.00714,0.015454,-0.611313,0.14590832733381265,0.21502279817614778,-0.024958003359729534,0.3160630977167789,0.2741122987224099,-0.09637968292427392,0.004319654427636786,0.0019198464122889367,-0.0019198464122870114,0.008639308855291577,-0.006719462442984636,0.010079193664506835,0.09221399999999999,0.02961999999999998,-0.924857,-0.210913,-0.020961000000000007,-0.923808,0.303127,0.05058099999999999,0.0010490000000000776,0.9914965636247338,0.9647119838413076,0.9647119838413076,0.008503436375266182,0.03528801615869237,-0.923808
7,0.029167,walk,0.207048,-1.534273,0.924615,0.00857,0.014761,-0.610457,-0.009839212862967487,0.28077753779695086,0.08495320374369228,0.343796936884368,-0.6905662943105397,0.5057315621940365,0.006479481641468506,0.0007199424046016911,-0.004799616030717558,0.010319174466042741,-0.006959443244554063,0.012718982481401507,0.09228199999999998,0.02845300000000006,-0.9252309999999999,-0.21082900000000002,-0.022159999999999958,-0.924109,0.30311099999999996,0.05061300000000002,0.0011219999999999564,0.9865073771750807,0.9591202757515911,0.9591202757515911,0.013492622824919254,0.04087972424840891,-0.924109
8,0.033333,walk,0.20758,-1.533356,0.924502,0.008823,0.015631,-0.610671,0.12770043206912543,0.22011521843496304,-0.02712433989436357,0.3503917753032962,0.25878175921330804,-0.13378416683237324,0.007681228996647139,0.0016802688429832496,-0.001440230436869907,0.009121459433509421,-0.0064810369659143606,0.012722035525684097,0.09178200000000003,0.027542999999999873,-0.9251240000000001,-0.21132299999999998,-0.023104000000000013,-0.9239430000000001,0.303105,0.05064699999999989,0.0011809999999999876,0.9866772077089548,0.9599521682908926,0.9599521682908926,0.01332279229104516,0.04004783170910742,-0.9239430000000001
9,0.0375,walk,0.208057,-1.532349,0.924668,0.008936,0.015816,-0.610881,0.11447084233261472,0.24166066714662368,0.039836813054955504,0.0962923049584627,0.03931767138897046,-0.1288068696108824,0.008159347252214667,0.003599712023061742,-0.005039596832253416,0.01103911687065026,-0.007439404847639618,0.014398848092152623,0.091339,0.02655099999999999,-0.925311,-0.211754,-0.024142000000000108,-0.924049,0.303093,0.0506930000000001,0.0012619999999999854,0.9829274090309401,0.9546974497734542,0.9546974497734542,0.017072590969059886,0.045302550226545835,-0.924049
10,0.041667,walk,0.208748,-1.531741,0.924415,0.008626,0.016553,-0.612054,0.16582673386129027,0.14590832733379921,-0.06071514278859095,0.09335741107993135,0.3828829140780444,-0.7095551887528808,0.00911927045835912,0.0021598272138050696,-0.005999520038396912,0.009359251259899297,-0.007679385649155741,0.017518598512119024,0.09068599999999999,0.025951999999999975,-0.925083,-0.21240599999999998,-0.024782000000000082,-0.923723,0.303092,0.05073400000000006,0.0013600000000000279,0.9814542466692866,0.9509086144284746,0.9509086144284746,0.0185457533307134,0.04909138557152537,-0.923723
11,0.045833,walk,0.209307,-1.530693,0.924599,0.009052,0.016543,-0.612398,0.13418146903504669,0.25156024963992774,0.04416706673066782,0.1571328958685593,-0.12539816758100483,-0.21332560697051633,0.006721075372066257,0.0028804608737693312,-0.006000960153624601,0.010081613058089288,-0.008161305808897623,0.018722995679308695,0.09015500000000001,0.02491600000000016,-0.925292,-0.212923,-0.025863999999999887,-0.9238289999999999,0.303078,0.05078000000000005,0.001463000000000103,0.9842342290804394,0.9474081623803152,0.9474081623803152,0.01576577091956055,0.05259183761968478,-0.9238289999999999
12,0.05,walk,0.209855,-1.529763,0.924663,0.009146,0.016937,-0.612791,0.1315094792416655,0.2231821454283889,0.015358771298311482,0.1497077616392311,0.12602564588821075,-0.24040267752076708,0.01991840652747772,0.006479481641468495,-0.0028797696184305146,0.013918886489080835,-0.006719462443037916,0.018238540916726644,0.08968999999999999,0.024013000000000062,-0.925368,-0.21341300000000002,-0.026822000000000124,-0.923817,0.303103,0.050835000000000186,0.001550999999999969,0.9647619336988775,0.9446454774644679,0.9446454774644679,0.03523806630112247,0.05535452253553208,-0.923817
13,0.054167,walk,0.210375,-1.528812,0.924742,0.009099,0.0174,-0.613214,0.12479001679865444,0.2282217422606011,0.018958483321319962,0.11640409723725031,0.1939941446194227,-0.25768194709300557,0.014878809695225951,0.003119750419922899,-0.01727861771058317,0.014398848092152675,-0.00863930885527358,0.01919846412287018,0.089232,0.023074999999999957,-0.925519,-0.213873,-0.027808999999999973,-0.923816,0.303105,0.05088399999999993,0.00170300000000001,0.9616426723421776,0.9404603439546172,0.9404603439546172,0.038357327657822404,0.059539656045382805,-0.923816
14,0.058333,walk,0.210829,-1.527848,0.924801,0.009136,0.017975,-0.613661,0.10897743638981802,0.2313970235237552,0.0141622659625615,0.1811397262580464,0.21205188731353766,-0.27323703561569446,0.015362457993280952,0.0036005760921983335,-0.020403264522323557,0.018722995679308664,-0.004560729716752576,0.026884301488238126,0.08884200000000003,0.02212600000000009,-0.925663,-0.214249,-0.02879199999999993,-0.923763,0.303091,0.05091800000000002,0.0019000000000000128,0.957012195949221,0.925870947131421,0.925870947131421,0.042987804050778955,0.07412905286857896,-0.923763
15,0.0625,walk,0.211301,-1.526864,0.924828,0.009037,0.018802,-0.614173,0.11327093832493414,0.23614110871132626,0.006479481641468506,0.20348122605833946,0.3482931097342981,-0.31201138575558024,0.01751859851211658,0.007439404847639618,-0.02087832973362131,0.005039596832253364,-0.010319174466046382,0.022318214542836584,0.08844300000000002,0.02117300000000011,-0.925777,-0.2147,-0.02981900000000004,-0.923697,0.303143,0.05099200000000015,0.0020799999999999708,0.9529140652405498,0.9373674768248288,0.9373674768248288,0.04708593475945022,0.0626325231751712,-0.923697
16,0.066667,walk,0.211701,-1.525793,0.924849,0.008341,0.019802,-0.614611,0.0959923206143535,0.25701943844493474,0.005039596832265116,0.028846334942000635,0.5889366070200669,-0.2607569249178748,0.01607871370289985,0.00911927045835912,-0.016558675305975518,0.011999040076793876,-0.009599232061444677,0.02591792656587471,0.08811,0.020140000000000047,-0.925867,-0.21505,-0.030930000000000124,-0.92361,0.30316,0.05107000000000017,0.0022569999999999535,0.958638589646291,0.9272121098609036,0.9272121098609036,0.041361410353708994,0.07278789013909637,-0.92361
17,0.070833,walk,0.212072,-1.524779,0.924873,0.007964,0.021031,-0.615016,0.08905424867979145,0.24339894383097718,0.005760921747458724,0.21744002179087327,0.581378532991584,-0.24631186102787833,0.015602496399419566,0.006481036965914382,-0.013442150744119108,0.016802688430148913,-0.007201152184343392,0.02760441670667311,0.08780399999999997,0.019153000000000198,-0.925947,-0.21535100000000001,-0.03197399999999995,-0.923519,0.30315499999999995,0.051127000000000145,0.0024279999999999857,0.9640164717206504,0.9205387140977228,0.9205387140977228,0.035983528279349586,0.07946128590227719,-0.923519
18,0.075,walk,0.212491,-1.52368,0.925032,0.008192,0.021693,-0.615696,0.10055195584353308,0.2637389008879727,0.038156947444209284,0.2769110509646155,0.19130579367014178,-0.4199587766003724,0.011039116870661378,0.005039596832211829,-0.011039116870650293,0.01511879049676017,-0.00671946244298463,0.028797696184305253,0.08743100000000001,0.01807499999999984,-0.926152,-0.215707,-0.03310100000000005,-0.923558,0.303138,0.05117599999999989,0.002593999999999985,0.9726584494669115,0.9187066826465569,0.9187066826465569,0.02734155053308851,0.08129331735344314,-0.923558
19,0.079167,walk,0.212907,-1.52264,0.925093,0.008042,0.022879,-0.616202,0.09983201343892471,0.24958003359729514,0.014638828893709791,0.2901803561364051,0.4991151302243597,-0.31124535304189893,0.0074394048476129635,-0.001199904007633959,-0.00863930885529157,0.015838732901367895,-0.00911927045835912,0.03455723542116628,0.08704600000000001,0.0170300000000001,-0.9262490000000001,-0.216057,-0.03417899999999996,-0.923475,0.303103,0.05120900000000006,0.002774000000000054,0.9808934150668078,0.9071057157209929,0.9071057157209929,0.019106584933192172,0.09289428427900714,-0.923475
20,0.083333,walk,0.213339,-1.521568,0.925196,0.007971,0.023951,-0.616763,0.10369659145462977,0.2573211713874127,0.024723955832924666,0.2859476685481838,0.4334769424870903,-0.34642985429522605,-0.0012001920307327777,-0.0036005760921983335,-0.01248199711953916,0.013682189150264078,-0.005280844935181583,0.03384541526644257,0.08660899999999999,0.01594300000000004,-0.926404,-0.216432,-0.03527299999999989,-0.9234370000000001,0.303041,0.05121599999999993,0.002966999999999942,0.9782562358109957,0.9088527739156157,0.9088527739156157,0.021743764189004255,0.0911472260843843,-0.9234370000000001
21,0.0875,walk,0.213764,-1.520496,0.925291,0.008412,0.024985,-0.617312,0.1019918406527501,0.25725941924645174,0.022798176145897877,0.4680875584749168,0.26736838145224623,-0.34666242948662584,0.0,0.0019198464122889415,-0.0035997120230381228,0.012718982481401436,-0.007679385649155766,0.038396928245740425,0.08618399999999998,0.014879000000000087,-0.926514,-0.216804,-0.03637699999999988,-0.923372,0.302988,0.05125599999999997,0.003141999999999978,0.9932005439564819,0.8999612955120189,0.8999612955120189,0.0067994560435180595,0.10003870448798113,-0.923372
22,0.091667,walk,0.214183,-1.519449,0.925389,0.008057,0.025908,-0.617947,0.10055195584353308,0.25125989920806796,0.023518118550526136,0.13400592117000504,0.46236512122437284,-0.3872044015166361,0.00839932805375743,0.010079193664476944,0.007199424046076274,0.017998560115190763,-0.00983921286296081,0.041996640268778467,0.08579999999999999,0.013873999999999942,-0.926582,-0.217148,-0.03746499999999986,-0.923295,0.302948,0.0513389999999998,0.00328700000000004,0.9750572564952422,0.8892327016969712,0.8892327016969712,0.02494274350475778,0.11076729830302878,-0.923295
23,0.095833,walk,0.214601,-1.518364,0.92551,0.008192,0.026956,-0.618424,0.10033605376859665,0.2604416706673072,0.029044647143552007,0.35749137210516463,0.36226047661572786,-0.3000815005687397,-0.0009601536245808924,0.0019203072491617847,-0.002880460873739762,0.019203072491598694,-0.0074411905905219025,0.044167066730676906,0.08537800000000001,0.012796999999999947,-0.9267150000000001,-0.21748599999999998,-0.038580999999999976,-0.923232,0.302864,0.051377999999999924,0.003483000000000014,0.9940123901635858,0.8839491232688066,0.8839491232688066,0.0059876098364142205,0.11605087673119341,-0.923232
24,0.1,walk,0.215026,-1.517285,0.925707,0.008017,0.027667,-0.619023,0.10199184065274977,0.2589392848572237,0.04727621790254176,0.13927227636513373,0.3287022095798388,-0.3676490503267704,-0.0021598272138183914,-0.0009599232061178244,-0.0031197504199663973,0.02087832973362125,-0.00671946244298463,0.0479961603071754,0.08494400000000002,0.011714000000000002,-0.926925,-0.217824,-0.039687999999999946,-0.923229,0.30276800000000004,0.05140199999999995,0.0036960000000000326,0.9934767192903513,0.8750897736687175,0.8750897736687175,0.006523280709648693,0.12491022633128246,-0.923229
25,0.104167,walk,0.215519,-1.516175,0.925834,0.00812,0.028733,-0.619518,0.11831053515718613,0.2663786897048109,0.030477561795080287,0.3505935532685777,0.3785562709057207,-0.31118901180378317,0.004799616030709032,-0.003359731221492326,-0.00023998080153590955,0.02999760019198474,-0.005039596832265132,0.04751619870410374,0.08447099999999999,0.0105900000000001,-0.927053,-0.218192,-0.04081899999999994,-0.923158,0.30266299999999996,0.05140900000000004,0.003894999999999982,0.99022734843385,0.8670192323876291,0.8670192323876291,0.009772651566150037,0.13298076761237088,-0.923158
26,0.108333,walk,0.216008,-1.515042,0.925941,0.007959,0.02987,-0.620027,0.11737878060490083,0.27196351416227793,0.025684109457505558,0.272242606656158,0.4841636163507764,-0.3170786328586957,-0.00192030724914846,-0.005760921747485354,-0.007201152184349457,0.0369659145463274,-0.00600096015361059,0.04656745079212674,0.08397400000000002,0.009433000000000025,-0.92719,-0.218527,-0.04197699999999993,-0.923071,0.302501,0.051409999999999956,0.004118999999999984,0.9843003545604488,0.8592133435092553,0.8592133435092553,0.015699645439551158,0.14078665649074473,-0.923071
27,0.1125,walk,0.21646,-1.513958,0.926067,0.007925,0.031047,-0.620456,0.10847132229421827,0.26013918886491094,0.030237580993510763,0.3327896850085868,0.46015354861751145,-0.27101084041075496,0.0011999040076739237,-0.0019198464122889352,-0.005039596832253459,0.03887688984881201,-0.005039596832265116,0.050395968322534075,0.08352699999999999,0.008340999999999932,-0.927337,-0.218817,-0.043082000000000065,-0.922987,0.302344,0.051422999999999996,0.004349999999999965,0.9907920450898166,0.8500867107855951,0.8500867107855951,0.009207954910183447,0.14991328921440494,-0.922987
28,0.116667,walk,0.216914,-1.512889,0.926237,0.007588,0.032073,-0.621034,0.10895128389728384,0.2565394768418492,0.040796736261099906,0.17206878982281076,0.49581654878328896,-0.3561630181175329,0.003119750419962859,0.0009599232061178244,-0.0014398848092152443,0.0319174466042717,-0.0031197504199761807,0.046316294696424246,0.083086,0.007275999999999838,-0.927513,-0.219138,-0.04416400000000009,-0.922964,0.302224,0.05143999999999993,0.004549000000000025,0.9940540481772351,0.8606179905952013,0.8606179905952013,0.005945951822764917,0.13938200940479872,-0.922964
29,0.120833,walk,0.217357,-1.511782,0.926411,0.007534,0.033027,-0.621539,0.10633701392222758,0.26572251560248966,0.041766682669228984,0.25795578246933115,0.38336459213015667,-0.31672831760662307,0.003840614498323582,0.0012001920307327819,-0.0019203072491598653,0.0232837253960634,0.003120499279894573,0.048967834853576746,0.08265900000000001,0.006173999999999902,-0.9276949999999999,-0.21948399999999998,-0.04525800000000002,-0.922934,0.302143,0.05143199999999992,0.004760999999999904,0.9925691408141185,0.8618711524487506,0.8618711524487506,0.007430859185881489,0.13812884755124943,-0.922934
30,0.125,walk,0.217685,-1.510337,0.926023,0.010864,0.034537,-0.622628,0.07871370290376642,0.34677225821932256,-0.09311255099590679,1.6875930632964957,-0.40685630350572116,-0.7457675780326286,0.0038396928245778704,-0.0035997120230084494,-0.0028797696184305406,0.02423806095512356,0.01127909767216419,0.0479961603071754,0.08234700000000003,0.004714000000000107,-0.927319,-0.219711,-0.04665600000000003,-0.922346,0.30205800000000005,0.05137000000000014,0.004973000000000005,0.9900007999360307,0.8587044034858891,0.8587044034858891,0.00999920006396926,0.14129559651411094,-0.922346
31,0.129167,walk,0.218057,-1.509203,0.926132,0.010859,0.035879,-0.62333,0.08927285817134889,0.27213822894167683,0.026157907367390116,0.3907604118683736,0.5189188776438939,-0.44157274482009995,0.005039596832251794,0.002639788816890625,-0.0014398848092152443,0.02495800335973118,0.021598272138263843,0.050395968322534075,0.08199600000000001,0.003591000000000122,-0.927434,-0.219979,-0.047699999999999854,-0.922245,0.301975,0.051290999999999976,0.005188999999999999,0.9902191670581307,0.8477060808336216,0.8477060808336216,0.009780832941869266,0.15229391916637836,-0.922245
32,0.133333,walk,0.218367,-1.508046,0.926234,0.010664,0.037408,-0.62401,0.07441190590494587,0.27772443590976326,0.02448391742679943,0.3759063540185903,0.6457668223718183,-0.42678782136344257,0.006240998559762475,0.0,-0.002880460873739814,0.02784445511281803,0.026404224675907913,0.04968795007201163,0.08171199999999998,0.0024340000000000472,-0.927548,-0.220173,-0.048747000000000096,-0.92214,0.30188499999999996,0.05118100000000014,0.005408000000000079,0.9885439101750176,0.8412858603670192,0.8412858603670192,0.011456089824982363,0.15871413963298076,-0.92214
33,0.1375,walk,0.218632,-1.506909,0.926308,0.010549,0.038923,-0.624741,0.06359491240700436,0.2728581713462785,0.017758579313659328,0.4009097503827267,0.6174945914376814,-0.4610743386478433,0.0026397888169039465,0.0016798656107195142,-0.004079673626109876,0.03887688984881207,0.031197504199708518,0.04967602591792645,0.08145800000000003,0.0013039999999999718,-0.927639,-0.220276,-0.049753999999999854,-0.922007,0.301734,0.051057999999999826,0.00563199999999997,0.9914309714080453,0.8263911307781084,0.8263911307781084,0.008569028591954742,0.17360886922189156,-0.922007
34,0.141667,walk,0.2189,-1.50571,0.926362,0.010419,0.040369,-0.625521,0.0643148548116198,0.28773698104150636,0.012958963282937077,0.37388800121046406,0.5971444506834617,-0.49117688123568404,0.0028797696184201,0.0009599232061711172,-0.003119750419966418,0.029997600191984837,0.04559635229179591,0.04967602591792678,0.08120199999999997,0.00010900000000013677,-0.927706,-0.220419,-0.05076299999999989,-0.9218540000000001,0.301621,0.05087200000000003,0.005851999999999968,0.9927452375221127,0.8184782959626364,0.8184782959626364,0.0072547624778872555,0.18152170403736356,-0.9218540000000001
35,0.145833,walk,0.219139,-1.504557,0.926445,0.010371,0.041502,-0.626427,0.05736917906864836,0.27676428228520905,0.019923187710020204,0.30866252405398953,0.45796785989352,-0.5686031788653084,0.0033605376860331234,0.0009601536245542427,-0.002160345655304874,0.02592414786365817,0.051848295727314885,0.04992798847815643,0.080977,-0.001040000000000152,-0.927798,-0.22055,-0.05170000000000008,-0.9217289999999999,0.301527,0.05065999999999993,0.006069000000000102,0.9931520072137101,0.8118006185830623,0.8118006185830623,0.0068479927862898915,0.1881993814169377,-0.9217289999999999
36,0.15,walk,0.219397,-1.503411,0.926442,0.010517,0.043005,-0.627249,0.061915046796258214,0.2750179985600836,-0.0007199424046016899,0.4937774806945472,0.5365313176614657,-0.5270845404854223,0.0021598272138183914,0.0016798656107728006,-0.0007199424046076221,0.021838252939764782,0.06335493160548157,0.049916006719462565,0.08072799999999997,-0.002178999999999931,-0.927798,-0.220717,-0.05258199999999991,-0.921518,0.30144499999999996,0.050402999999999976,0.006280000000000063,0.99528444679522,0.7979324280285744,0.7979324280285744,0.00471555320478001,0.20206757197142555,-0.921518
37,0.154167,walk,0.219614,-1.502295,0.926571,0.010241,0.044086,-0.628065,0.052075833933284084,0.26781857451406665,0.0309575233981391,0.2092045245111009,0.505396137749421,-0.5086313067341703,0.004799616030722338,0.0011999040076872453,-0.002639788816894632,0.016558675305975518,0.07439404847612963,0.056155507559395156,0.08053099999999999,-0.003290000000000015,-0.927938,-0.220865,-0.05338799999999999,-0.921413,0.301396,0.050097999999999976,0.006525000000000003,0.9906540905163107,0.7769693399595261,0.7769693399595261,0.009345909483689296,0.2230306600404739,-0.921413
38,0.158333,walk,0.219902,-1.501113,0.926644,0.010309,0.045329,-0.628818,0.06913106096975097,0.2837253960633739,0.017522803648581296,0.3875700979669383,0.46122489518867343,-0.48209352454858573,0.0016802688430098993,0.0007201152184290069,-0.0019203072491598588,0.016322611617858827,0.08545367258761948,0.056409025444071004,0.08024999999999999,-0.004469000000000056,-0.928019,-0.22108499999999998,-0.054213999999999984,-0.921251,0.30133499999999996,0.04974499999999993,0.006767999999999996,0.9955811485769054,0.7595104069640569,0.7595104069640569,0.004418851423094616,0.24048959303594308,-0.921251
39,0.1625,walk,0.220112,-1.5,0.926761,0.009951,0.046278,-0.629543,0.050395968322537926,0.2670986321094117,0.02807775377967905,0.14044007629291858,0.47906600006155364,-0.4504542640317461,0.0038396928245778704,0.0016798656107195142,-0.0004799616030717655,0.02111831053515716,0.10271178305732481,0.06551475881929435,0.08005599999999999,-0.005575000000000108,-0.9281379999999999,-0.22120700000000001,-0.05489900000000003,-0.921095,0.301263,0.04932399999999992,0.0070429999999999104,0.992969204131186,0.7234964084940056,0.7234964084940056,0.007030795868814055,0.27650359150599435,-0.921095
40,0.166667,walk,0.220321,-1.498893,0.926919,0.009612,0.047075,-0.630177,0.05015598752099515,0.26565874730020833,0.037916966642693145,0.10322360190103824,0.4145357660167926,-0.3935575118420464,0.0009599232061444676,-0.00023998080151613449,-0.0028797696184305406,0.01919846412287015,0.1262299016078776,0.06911447084233256,0.079851,-0.0066829999999999945,-0.928308,-0.22133599999999998,-0.055479999999999974,-0.920965,0.301187,0.04879699999999998,0.007342999999999988,0.9949249749858233,0.6845910112173004,0.6845910112173004,0.005075025014176671,0.31540898878269963,-0.920965
41,0.170833,walk,0.220593,-1.497765,0.927036,0.009299,0.047883,-0.630771,0.06529044647144072,0.27076332213154514,0.028084493518944462,0.11701019492825324,0.40997638925788243,-0.3699283123725759,-0.02472395583293799,0.0050408065290563474,0.03672587614018244,0.01896303408545368,0.14690350456074328,0.06265002400384055,0.07947599999999996,-0.007789999999999964,-0.928272,-0.221529,-0.055995999999999935,-0.920821,0.30100499999999997,0.04820599999999997,0.007450999999999985,0.9257355756480701,0.6574453218126781,0.6574453218126781,0.07426442435192993,0.3425546781873219,-0.920821
42,0.175,walk,0.220833,-1.496651,0.927215,0.008889,0.048312,-0.631347,0.05759539236860849,0.2673386129109829,0.04295656347493191,-0.03356039157524667,0.29746256332689247,-0.35171223047620104,0.0050395968322651495,0.0009599232061178308,-0.0019198464122870747,0.007679385649148117,0.18334533237340803,0.0789536837053041,0.07925700000000002,-0.00890000000000013,-0.928459,-0.221737,-0.05634600000000001,-0.920671,0.30099400000000004,0.04744599999999988,0.007788000000000017,0.9908705605867318,0.5891695197075889,0.5891695197075889,0.009129439413268159,0.4108304802924111,-0.920671
43,0.179167,walk,0.221078,-1.495609,0.927289,0.008607,0.049256,-0.631703,0.05879529637628869,0.2500599952003807,0.017758579313659328,0.1745261379824831,0.445678517426439,-0.22682319130231318,0.005039596832251794,0.0014398848092566662,-0.0011999040076793356,0.018958483321334266,0.20374370050393012,0.08063354931605451,0.07903300000000002,-0.009935999999999945,-0.928538,-0.221903,-0.05653900000000012,-0.920409,0.30093600000000004,0.04660300000000017,0.008128999999999942,0.9910385743130758,0.5521467992184966,0.5521467992184966,0.008961425686924152,0.44785320078150337,-0.920409
44,0.183333,walk,0.221349,-1.494537,0.927349,0.008555,0.049762,-0.63217,0.06505040806528883,0.2573211713874127,0.014402304368686735,0.12480407791135673,0.21538664404585126,-0.2953654759083778,0.0014402304368713384,0.00048007681225047176,-0.0036005760921747547,0.02208353336533843,0.233317330772917,0.10585693710993761,0.07876800000000003,-0.011006000000000071,-0.928613,-0.222082,-0.056639000000000106,-0.920028,0.30085,0.045633000000000035,0.008585000000000065,0.9934874297503273,0.48555296567627226,0.48555296567627226,0.006512570249672667,0.5144470343237277,-0.920028
45,0.1875,walk,0.221628,-1.493463,0.927433,0.008513,0.050182,-0.63261,0.06695464362851,0.25773938084953646,0.020158387329007176,0.10292931565282445,0.179654481275768,-0.2779780338113289,0.006959443244540729,0.0011999040076872453,-0.003359731221502306,-0.0009599232061435049,0.30525557955367427,0.08879289656827437,0.07851800000000003,-0.012075000000000058,-0.928711,-0.22236499999999998,-0.05644099999999996,-0.919742,0.300883,0.044365999999999906,0.008969000000000005,0.986965706154065,0.41031,0.41031,0.013034293845935019,0.58969,-0.919742
46,0.191667,walk,0.221637,-1.492217,0.928198,0.004684,0.050156,-0.633866,0.0021598272138250523,0.2990160787137219,0.18358531317494958,-1.4543077787265315,1.182050013761786,-0.6758613243475481,0.0021598272138183914,-0.0004799616030855554,-0.0014398848092152443,-0.019918406527477773,0.37245020398368045,0.060715142788576794,0.078518,-0.013323000000000196,-0.9294819999999999,-0.222457,-0.056135000000000046,-0.920254,0.300975,0.04281199999999985,0.009227999999999903,0.9956003519718442,0.40771999999999997,0.40771999999999997,0.004399648028155845,0.59228,-0.920254
47,0.195833,walk,0.221787,-1.491191,0.928306,0.004405,0.050387,-0.634326,0.03600576092175015,0.2462794047047457,0.025924147863657442,-0.043276558443366794,0.18096517670804582,-0.28249085199995,0.0031204992798812376,0.000480076812303771,-0.0038406144983197175,-0.018002880460873723,0.4447911665866253,0.07465194431108985,0.07838099999999998,-0.01434700000000011,-0.9296059999999999,-0.22268200000000002,-0.055308000000000135,-0.920051,0.30106299999999997,0.040961000000000025,0.00955499999999998,0.991713748128819,0.40445,0.40445,0.008286251871181038,0.59555,-0.920051
48,0.2,walk,0.22179,-1.490236,0.928768,0.003762,0.049368,-0.635216,0.0007199424046016899,0.22918166546677182,0.11087113030959275,-0.5684275546370462,-0.1636032289543161,-0.5179758352322462,0.0019198464122889352,0.0011999040076872453,-0.00023998080153590876,-0.017998560115190788,0.5104391648668077,0.08903287736981028,0.07838600000000001,-0.015297000000000116,-0.930069,-0.22275999999999999,-0.054136000000000184,-0.920142,0.301146,0.03883900000000007,0.00992700000000002,0.9962055703621593,0.40073000000000003,0.40073000000000003,0.0037944296378407127,0.59927,-0.920142
49,0.204167,walk,0.221845,-1.489178,0.929121,0.003061,0.048629,-0.636171,0.013198944084473196,0.25389968802496027,0.08471322294214992,-0.5059217786533862,-0.04044569893224623,-0.5630071522817319,0.005039596832251828,0.0,-0.0028797696184305077,-0.017998560115190857,0.5634749220062467,0.09047276217902633,0.078352,-0.01635500000000012,-0.930434,-0.22288999999999998,-0.05284600000000017,-0.920118,0.301242,0.03649100000000005,0.010315999999999992,0.9903260646168748,0.39683999999999997,0.39683999999999997,0.00967393538312522,0.60316,-0.920118
50,0.208333,walk,0.221948,-1.488094,0.9293,0.002227,0.048614,-0.636917,0.02472395583293799,0.2602016322611287,0.04296687469996162,-0.3293951934617066,0.26457497135770797,-0.4435373346573142,0.0026404224675907915,0.000960153624607542,0.0,-0.03792606817090736,0.6459433509361491,0.10249639942390741,0.07825999999999997,-0.017434999999999867,-0.930613,-0.22315100000000002,-0.051239000000000035,-0.91987,0.301411,0.03380400000000017,0.010743000000000058,0.9953173708150331,0.39257000000000003,0.39257000000000003,0.004682629184966869,0.6074299999999999,-0.91987
51,0.2125,walk,0.222097,-1.487084,0.929289,0.001434,0.049273,-0.637566,0.035757139428841456,0.24238060955122495,-0.002639788816890625,-0.10591085674662487,0.49995247177262825,-0.3971476379211092,0.0019198464122889352,0.00047996160303226897,-0.0028797696184305406,-0.02015838732901363,0.7149028077753928,0.11951043916486674,0.078119,-0.018442999999999987,-0.930614,-0.223384,-0.049269999999999925,-0.919361,0.30150299999999997,0.030826999999999938,0.011253000000000069,0.9941763779783446,0.38747,0.38747,0.005823622021655428,0.61253,-0.919361
52,0.216667,walk,0.222224,-1.486083,0.929277,0.001024,0.049784,-0.638162,0.030477561795060202,0.2402207823374199,-0.002879769618433403,-0.0086542647970963,0.3268728262334674,-0.37083735608202584,0.001679865610759479,-0.0088792896567897,-0.002639788816894632,-0.01079913606911449,0.7494600431965404,0.1497480201583875,0.07799900000000001,-0.01948099999999986,-0.930613,-0.223556,-0.04714799999999997,-0.918725,0.301555,0.027667000000000108,0.01188800000000001,0.9843092190657852,0.38112,0.38112,0.015690780934214832,0.61888,-0.918725
53,0.220833,walk,0.222374,-1.485016,0.929332,0.000951,0.049894,-0.638726,0.036005760921743485,0.25612097935673317,0.013202112337980607,-0.0064700655434775985,0.0746146367819635,-0.3523630736445003,0.0033605376860197985,0.0007201152184290069,0.0007201152184349405,-0.04968795007201147,0.8442150744119035,0.0900144023043683,0.07786299999999999,-0.020545000000000035,-0.9306650000000001,-0.223913,-0.044698000000000127,-0.918405,0.301776,0.02415300000000009,0.012260000000000049,0.9941475680755789,0.3774,0.3774,0.0058524319244210865,0.6226,-0.918405
54,0.225,walk,0.222447,-1.484038,0.929416,0.000885,0.049811,-0.639242,0.01751859851212321,0.2347012239020692,0.020158387329007176,-0.06193046410756392,3.5097688495994774e-05,-0.3185975932336675,0.0074394048476129635,0.004799616030695695,0.001679865610751153,-0.03551715862730976,0.9184065274778068,0.13318934485241166,0.07782099999999997,-0.02150300000000005,-0.9307420000000001,-0.224134,-0.041849000000000025,-0.917934,0.301955,0.020345999999999975,0.012808000000000042,0.984981214818418,0.37192000000000003,0.37192000000000003,0.01501878518158195,0.62808,-0.917934
55,0.229167,walk,0.222538,-1.48306,0.929456,0.001026,0.049819,-0.639669,0.021838252939766656,0.2347012239020692,0.009599232061418033,0.04433052024989715,-0.03159761280919838,-0.27017114988203916,0.0074394048476129635,0.004799616030695695,0.0019198464122870099,-0.05279577633789295,0.9630429565634846,0.17374610031197504,0.07776099999999997,-0.022461000000000064,-0.930774,-0.224445,-0.038813999999999904,-0.9172499999999999,0.302206,0.01635299999999984,0.013524000000000092,0.9849015390063562,0.36476,0.36476,0.015098460993643759,0.63524,-0.9172499999999999
56,0.233333,walk,0.222653,-1.482113,0.929407,0.00119,0.050003,-0.640066,0.027604416706667342,0.2273163706193064,-0.011761881901095944,0.10756909773744924,0.025791469220565258,-0.2553530726595723,0.0033605376860331234,0.0024003840614655555,0.001440230436869881,-0.032165146423427673,0.9848775804128576,0.13946231397023512,0.07766,-0.02339800000000003,-0.930719,-0.22469399999999998,-0.03565799999999997,-0.91662,0.302354,0.012259999999999938,0.014098999999999973,0.9927104868145562,0.35901,0.35901,0.007289513185443797,0.64099,-0.91662
57,0.2375,walk,0.22281,-1.481142,0.929354,0.001358,0.050204,-0.640359,0.0376769858411373,0.23302135829135126,-0.012718982481394298,0.11668508384849705,0.02871277039692117,-0.1909952416523872,0.0035997120230351165,0.0014398848092033894,0.0007199424046076269,-0.04919606431485517,1.0643148548116133,0.18574514038877005,0.07751799999999998,-0.024363000000000135,-0.930663,-0.225056,-0.032194000000000056,-0.915793,0.302574,0.007830999999999921,0.01487000000000005,0.9934278550815434,0.3513,0.3513,0.0065721449184565905,0.6487,-0.915793
58,0.241667,walk,0.222924,-1.48019,0.929305,0.001487,0.050415,-0.640582,0.027357811375090683,0.22846172306217014,-0.011759059275249745,0.10706096621466361,0.04293470131006694,-0.1464726802612401,0.0014398848092167015,0.0007199424046549763,-0.0004799616030717655,-0.08759299256059504,1.1828653707703278,0.1927045836333091,0.07740999999999998,-0.025312,-0.930616,-0.225535,-0.02821700000000016,-0.914941,0.30294499999999996,0.0029050000000001575,0.015674999999999994,0.9972002239820456,0.34325,0.34325,0.0027997760179544473,0.65675,-0.914941
59,0.245833,walk,0.223058,-1.479281,0.929254,0.001652,0.050628,-0.640728,0.032165146423426584,0.21819491118574794,-0.012241958713399715,0.12276299354855015,0.031029922216126066,-0.09967897347012021,0.0026404224675907915,0.0,-0.00048007681228992566,-0.08401344215074406,1.1893903024484012,0.1905904944791164,0.07728699999999997,-0.026220999999999828,-0.930567,-0.226019,-0.024170999999999943,-0.914096,0.30330599999999996,0.0020499999999998852,0.016471000000000013,0.9955271483887492,0.33529,0.33529,0.004472851611250772,0.66471,-0.914096
60,0.25,walk,0.223228,-1.47836,0.929198,0.00167,0.050868,-0.640856,0.040796736261099906,0.22102231821458382,-0.013438924886022547,0.07741169590039486,0.0858019799715673,-0.08513777635912519,0.0011999040076872453,0.00023998080151613449,0.0007199424046076221,-0.09815214782817366,1.2411807055435444,0.22726181905447582,0.077122,-0.02714100000000008,-0.930508,-0.22659800000000002,-0.01992000000000016,-0.9130929999999999,0.30372,0.007220999999999922,0.01741500000000007,0.9976337573861638,0.32585,0.32585,0.0023662426138362225,0.67415,-0.9130929999999999
61,0.254167,walk,0.223373,-1.477401,0.929235,0.001688,0.050831,-0.640996,0.03479721622269722,0.2301415886728912,0.008879289656843046,-0.008089105763906635,-0.0162192290606745,-0.08731077381375528,0.0021598272138184057,0.0014398848092033894,-0.0004799616030717687,-0.094792416606672,1.2812574994000512,0.24070074394048624,0.076986,-0.028094000000000063,-0.930547,-0.22713799999999998,-0.01554000000000011,-0.912127,0.304124,0.012553999999999954,0.018419999999999992,0.9956003519718591,0.31579999999999997,0.31579999999999997,0.004399648028140857,0.6842,-0.912127
62,0.258333,walk,0.223481,-1.47649,0.929253,0.001506,0.050815,-0.641231,0.025924147863664107,0.2186749879980517,0.004320691310600691,-0.07741626894531003,0.0550726465938071,-0.14198102668870619,0.0036005760921716838,-0.000480076812303771,-0.0019203072491598588,-0.08569371099375886,1.3314930388862134,0.23739798367738746,0.07689299999999996,-0.029007000000000005,-0.930573,-0.227603,-0.010904000000000025,-0.911156,0.304496,0.01810299999999998,0.019417000000000018,0.9931520072137066,0.30583000000000005,0.30583000000000005,0.006847992786293444,0.69417,-0.911156
63,0.2625,walk,0.223595,-1.475538,0.92933,0.001406,0.050651,-0.64141,0.02735781137508384,0.2284617230621686,0.018478521718260896,-0.09148772185277425,-0.0259719791238484,-0.10623956317674217,0.0019198464122889224,0.00023998080156941934,-0.005999520038396898,-0.09167266618670446,1.3719702423806457,0.2608591312694967,0.076787,-0.02995799999999993,-0.930675,-0.228099,-0.0061389999999998945,-0.910146,0.304886,0.023819000000000035,0.02052900000000002,0.98949370007474,0.29471,0.29471,0.010506299925259976,0.70529,-0.910146
64,0.266667,walk,0.223692,-1.474602,0.929454,0.001202,0.050335,-0.64168,0.02327813774898351,0.22462203023759378,0.02975761939045205,-0.17866084415731856,-0.04813754436914532,-0.15756746807501779,0.013678905687552093,-0.0033597312214923374,-0.02327813774898018,-0.0789536837053039,1.4077273818094458,0.28605711543076684,0.07674700000000001,-0.030907999999999936,-0.9308960000000001,-0.228525,-0.0012090000000000156,-0.909078,0.305272,0.02969899999999992,0.021818000000000004,0.9546534347818532,0.28182000000000007,0.28182000000000007,0.04534656521814684,0.7181799999999999,-0.909078
65,0.270833,walk,0.223802,-1.473649,0.929523,0.001111,0.050158,-0.641865,0.02640422467594789,0.2287566010561644,0.016562650024000404,-0.09234771628808075,-0.033412306810184686,-0.11023434851258383,0.05928948631781014,-0.0031204992798945625,-0.05352856457033124,-0.07489198271723486,1.453192510801728,0.3146903504560735,0.07688400000000001,-0.03187399999999996,-0.931188,-0.228947,0.0038920000000000066,-0.907836,0.305831,0.035765999999999964,0.02335200000000004,0.8667678724874667,0.26648,0.26648,0.13323212751253333,0.73352,-0.907836
66,0.275,walk,0.223899,-1.472675,0.929613,0.000889,0.049924,-0.64208,0.02327813774897654,0.23374130069594984,0.021598272138237055,-0.15870743667564705,-0.013483043398317284,-0.12426363228314083,0.051595872330204844,0.01703863690903088,-0.02399808015358754,-0.08591312694984331,1.4674826013918463,0.34773218142548307,0.07700199999999999,-0.032777000000000056,-0.931378,-0.229402,0.009032999999999847,-0.906477,0.30640399999999995,0.0418099999999999,0.024901000000000062,0.9010000415223067,0.25099000000000005,0.25099000000000005,0.09899995847769327,0.74901,-0.906477
67,0.279167,walk,0.223984,-1.47172,0.929725,0.000637,0.049572,-0.642278,0.02039836813055009,0.22918166546677335,0.02687784977201863,-0.2056886973004501,-0.04807496119588538,-0.11088142253047775,0.031677465802741,0.01055915526756257,-0.014158867290616836,-0.09215262778977729,1.5080393568515034,0.3374130069594454,0.077049,-0.03368800000000016,-0.9315490000000001,-0.229871,0.014361999999999986,-0.9051830000000001,0.30691999999999997,0.04805000000000015,0.026366,0.939551878932757,0.23634,0.23634,0.060448121067242955,0.76366,-0.9051830000000001
68,0.283333,walk,0.224058,-1.470746,0.929786,0.00035,0.049469,-0.642478,0.017762842054733184,0.23379740758516745,0.014642342774838621,-0.14185462374256796,0.05456597648378825,-0.11628348667427615,0.018963034085452635,0.01200192030727448,-0.0009601536245799034,-0.03648583773403748,1.5240038406144822,0.34181469035045536,0.07705399999999998,-0.034611999999999865,-0.931614,-0.230097,0.019737000000000116,-0.90382,0.307151,0.05434899999999998,0.027794000000000096,0.96256247249042,0.22206000000000004,0.22206000000000004,0.03743752750957996,0.77794,-0.90382
69,0.2875,walk,0.224076,-1.469832,0.929873,-2e-06,0.049189,-0.64271,0.004319654427643472,0.2193424526038125,0.020878329733609004,-0.22101513678707224,0.010017653554659488,-0.1314207859010953,-0.005279577633781285,0.0004799616030855586,0.019918406527477905,-0.10679145668346596,1.5363570914326987,0.41660667146628544,0.07701400000000003,-0.03552399999999989,-0.931618,-0.23056,0.025225000000000053,-0.902171,0.307574,0.06074899999999994,0.029447,0.9656469627040121,0.20553,0.20553,0.03435303729598793,0.79447,-0.902171
70,0.291667,walk,0.224113,-1.468879,0.929942,-0.000229,0.048998,-0.64294,0.008879289656829605,0.22870170386368474,0.016558675305998617,-0.1476455012287061,0.004210643862153467,-0.13487198582563575,-0.04367650587953302,-0.022558195344381516,0.02807775377969739,-0.027597792176625575,1.5305975521958115,0.42908567314614454,0.076795,-0.03657099999999991,-0.93157,-0.230712,0.030650000000000066,-0.900452,0.30750700000000003,0.06722099999999998,0.03111799999999998,0.9056473871239518,0.18882000000000004,0.18882000000000004,0.09435261287604824,0.81118,-0.900452
71,0.295833,walk,0.224116,-1.46795,0.929989,-0.00032,0.048882,-0.643126,0.0007201152184356692,0.22299567930867906,0.011281805088792172,-0.0735884334992423,-0.010969623200796277,-0.11239768509019077,-0.025924147863657442,-0.008881421027379916,0.019683149303888616,0.00744119059049442,1.502880460873756,0.40062409985597675,0.076684,-0.03753699999999993,-0.931535,-0.230684,0.03598200000000018,-0.8988299999999999,0.30736800000000003,0.07351900000000011,0.032705000000000095,0.9437671643856859,0.17295000000000005,0.17295000000000005,0.056232835614314136,0.82705,-0.8988299999999999
72,0.3,walk,0.223974,-1.467113,0.929647,0.001106,0.049743,-0.643502,-0.03407727381809552,0.200863930885578,-0.08207343412525928,0.7799280946011107,-0.11569933562426885,-0.28632730866387696,-0.027837772978163103,-0.007679385649155792,0.01943844492440619,-0.027597792176625943,1.5320374370050351,0.4139668826493898,0.07671,-0.03840600000000016,-0.931112,-0.230657,0.04152899999999993,-0.896763,0.307367,0.07993500000000009,0.034349000000000074,0.9419825766253653,0.15651000000000004,0.15651000000000004,0.05801742337463467,0.84349,-0.896763
73,0.304167,walk,0.223931,-1.466192,0.929416,-0.000245,0.051128,-0.644343,-0.010319174466046297,0.22102231821452906,-0.055435565154782686,-0.08717388494645159,0.9445867104269859,-0.5227210089099279,-0.013678905687551911,0.00455963522917953,0.02927765778737677,-0.037676985841132424,1.5613150947923808,0.4504439644828388,0.07669599999999999,-0.03930800000000012,-0.930759,-0.230771,0.04711399999999988,-0.894655,0.307467,0.086422,0.036104000000000025,0.9456072926725656,0.13896000000000003,0.13896000000000003,0.0543927073274344,0.86104,-0.894655
74,0.308333,walk,0.223842,-1.465215,0.929358,-0.00018,0.051288,-0.644734,-0.021363418146898204,0.23451752280364976,-0.013922227556409613,0.06366642464329475,0.046802416738675134,-0.2500153320805515,-0.004560729716752576,0.0031204992798945625,0.021363418146903512,-0.02424387902064338,1.5465674507921199,0.4596735477676425,0.07676599999999997,-0.040272000000000086,-0.930612,-0.23078300000000002,0.05257999999999985,-0.892682,0.30754899999999996,0.09285199999999993,0.03793000000000002,0.9632223873114614,0.12070000000000003,0.12070000000000003,0.03677761268853863,0.8793,-0.892682
75,0.3125,walk,0.223773,-1.46428,0.929149,2.8e-05,0.052056,-0.645046,-0.016558675305978855,0.22438204943602436,-0.05015598752100214,0.30608849257094767,0.2245450521197739,-0.2174920143158649,-0.004799616030709049,0.0014398848092033894,0.01031917446604274,0.0263978881689466,1.5754739620830793,0.4845212383009387,0.07681500000000002,-0.04120100000000004,-0.93036,-0.230604,0.058210000000000095,-0.890454,0.307419,0.09941100000000014,0.039906,0.980880860086854,0.10094000000000003,0.10094000000000003,0.019119139913145955,0.89906,-0.890454
76,0.316667,walk,0.223729,-1.46334,0.928864,0.000483,0.052956,-0.645332,-0.010559155267575893,0.2255819534437116,-0.06839452843772051,0.43798422757694966,0.19604927336649172,-0.21012330061689186,0.0016798656107461687,0.0009599232061711172,0.002159827213822933,0.057355411567075076,1.5788336933045184,0.46580273578113973,0.07686599999999999,-0.04213699999999987,-0.9300660000000001,-0.230321,0.06384900000000004,-0.888228,0.307187,0.10598599999999991,0.04183800000000004,0.9951671682370927,0.08162000000000003,0.08162000000000003,0.004832831762907275,0.91838,-0.888228
77,0.320833,walk,0.223649,-1.46235,0.928735,0.000633,0.053454,-0.645601,-0.019203072491604523,0.23763802208354434,-0.03096495439271379,0.2023845967873822,0.1424703063461353,-0.18359130241970587,0.0004800768122904462,-0.0038406144983235695,-0.0012001920307249184,0.029524723955832874,1.5801728276524245,0.4949591934709553,0.07694800000000002,-0.04314299999999993,-0.9299419999999999,-0.230118,0.069442,-0.886037,0.307066,0.11258499999999994,0.04390499999999997,0.9932461421762884,0.060950000000000004,0.060950000000000004,0.006753857823711629,0.9390499999999999,-0.886037
78,0.325,walk,0.223555,-1.461374,0.928662,0.000613,0.053848,-0.645926,-0.022558195344368197,0.2342212622990354,-0.017518598512116436,0.1065275627566429,0.15813013179919647,-0.2120874742538548,0.004319654427650075,-0.00023998080156941934,-0.00935925125989913,0.09671226301895768,1.5797936165106685,0.4737221022318187,0.07706000000000002,-0.04412000000000016,-0.929908,-0.229621,0.07504899999999992,-0.8839899999999999,0.30668100000000004,0.11916900000000008,0.045918000000000014,0.9828153339261291,0.04082000000000002,0.04082000000000002,0.017184666073870924,0.9591799999999999,-0.8839899999999999
79,0.329167,walk,0.223482,-1.460429,0.928653,0.000546,0.053903,-0.646314,-0.01751859851212333,0.22678185745139887,-0.002159827213831727,-0.01736661588962203,0.04959380739735511,-0.2432988893739959,0.001439884809216711,-0.002879769618406779,-0.012718982481401584,0.08303335733141395,1.5627549796016584,0.46100311975042235,0.07713900000000004,-0.045077000000000034,-0.929952,-0.229202,0.08061600000000002,-0.88206,0.30634100000000003,0.12569300000000005,0.047892000000000046,0.9781330502634485,0.021079999999999988,0.021079999999999988,0.021866949736551455,0.97892,-0.88206
80,0.333333,walk,0.223362,-1.459483,0.928695,0.00034,0.053881,-0.646697,-0.028804608737393458,0.22707633221312787,0.010081613058112695,-0.09192843951474648,0.06436332768629277,-0.2351609082472001,0.005760921747472029,-0.0019203072491617847,-0.009841574651944308,0.09385501680268833,1.534805568891024,0.4630340854536723,0.07728299999999999,-0.04603099999999993,-0.9300350000000001,-0.228691,0.08606400000000014,-0.8801730000000001,0.30597399999999997,0.13209500000000007,0.04986199999999996,0.980726213041379,0.0013799999999999923,0.0013799999999999923,0.01927378695862103,0.9986200000000001,-0.8801730000000001
81,0.3375,walk,0.223277,-1.458548,0.928696,0.000341,0.053772,-0.647047,-0.020398368130549818,0.22438204943607465,0.00023998080151613289,-0.042471298996624524,-0.032557681423701475,-0.2178679036769776,0.008879289656829605,-0.0023998080153744745,-0.0074394048476121325,0.16870650347972047,1.589392848572113,0.36069114470841995,0.077405,-0.04697600000000013,-0.930067,-0.227903,0.09175200000000006,-0.878671,0.305308,0.13872800000000018,0.051396,0.9802835652445865,0.0,0.0,0.019716434755413514,1.0,-0.878671
82,0.341667,walk,0.2232,-1.457625,0.928776,0.000443,0.053275,-0.647332,-0.018478521718261143,0.22150227981761755,0.019198464122889478,-0.12443517820445828,-0.20771049927877872,-0.17103437852480463,0.008639308855286944,0.0004799616030855586,-0.005039596832253441,0.09167266618670547,1.514998800095951,0.4814014878809725,0.07751799999999998,-0.04789700000000008,-0.930168,-0.227444,0.09714199999999984,-0.876745,0.304962,0.14503899999999992,0.053423,0.9833112182665242,0.0,0.0,0.016688781733475766,1.0,-0.876745
83,0.345833,walk,0.223137,-1.456635,0.928907,0.000567,0.052602,-0.647642,-0.015122419587135729,0.23763802208354434,0.03144503120499091,-0.17176707623002993,-0.2785801951650226,-0.1839087077234734,0.006000960153623914,-0.0007201152184290069,-0.002160345655304822,0.15626500240038407,1.5088814210273667,0.4111857897263557,0.07760599999999998,-0.0488900000000001,-0.930308,-0.22673000000000001,0.10243799999999981,-0.875163,0.304336,0.1513279999999999,0.055145,0.9893024948334788,0.0,0.0,0.010697505166521237,1.0,-0.875163
84,0.35,walk,0.223078,-1.455734,0.92896,0.000599,0.052157,-0.648017,-0.01415886729061767,0.216222702183783,0.012718982481394298,-0.1360395420509439,-0.16489863301783053,-0.22757452811052883,0.0026397888169039643,-0.0026397888168906425,-0.0033597312215023285,0.15478761699064156,1.4874010079194104,0.4226061915046817,0.07767600000000002,-0.0498019999999999,-0.9303750000000001,-0.226026,0.10773500000000014,-0.873455,0.303702,0.15753700000000004,0.05692000000000008,0.9916292898422254,0.0,0.0,0.008370710157774575,1.0,-0.873455
85,0.354167,walk,0.223007,-1.454785,0.929015,0.000621,0.051801,-0.648307,-0.017038636909044204,0.22774178065756692,0.01319894408447968,-0.10989654168055658,-0.13100735910386724,-0.17577216703473475,0.008399328053744054,0.007919366450671823,0.007919366450683895,0.05255579553635669,1.5003599712022742,0.4912407007439368,0.07778199999999996,-0.05071800000000004,-0.930397,-0.22573600000000002,0.11303799999999997,-0.871463,0.30351799999999995,0.163756,0.05893400000000004,0.9766677713526586,0.0,0.0,0.023332228647341413,1.0,-0.871463
86,0.358333,walk,0.222922,-1.453857,0.929086,0.000672,0.051428,-0.64861,-0.020403264522323973,0.22275564090255381,0.017042726836277527,-0.1049584757976646,-0.1459867563098185,-0.18470504769977017,-0.054008641382615234,0.01032165146423793,0.09145463274123854,0.20115218434949578,1.4644743158905202,0.37037926068170945,0.07764199999999999,-0.051603000000000065,-0.930087,-0.224813,0.11821099999999984,-0.869991,0.302455,0.1698139999999999,0.06009600000000004,0.8221469107913628,0.0,0.0,0.17785308920863718,1.0,-0.869991
87,0.3625,walk,0.222818,-1.452972,0.929112,0.000517,0.051178,-0.64894,-0.02495800335973634,0.21238300935925838,0.006239500839952402,-0.14238052134896176,-0.036218164507129474,-0.19902768490802858,0.007199424046070233,-0.005279577633781285,-0.022558195344372606,0.1622270218382539,1.4533237341012948,0.39908807295416543,0.07777599999999998,-0.05251000000000006,-0.930207,-0.22403299999999998,0.12338199999999988,-0.8683540000000001,0.301809,0.17589199999999994,0.061852999999999936,0.9595656284902061,0.0,0.0,0.0404343715097939,1.0,-0.8683540000000001
88,0.366667,walk,0.222914,-1.452174,0.92876,0.001739,0.050796,-0.648773,0.023038156947447087,0.19150467962559353,-0.08447324214063266,0.3303120938010684,-0.5239358559596309,0.08274940686651502,0.0028797696184333834,-0.005279577633781215,-0.01055915526757851,0.123110151187904,1.44852411807058,0.4257259419246439,0.07769199999999998,-0.05332999999999988,-0.929899,-0.223616,0.12862000000000018,-0.866228,0.30130799999999996,0.18195000000000006,0.06367100000000003,0.979747237979091,0.0,0.0,0.020252762020908976,1.0,-0.866228
89,0.370833,walk,0.222755,-1.451269,0.928647,0.001519,0.051238,-0.649042,-0.038166106577050496,0.217234757561247,-0.027124339894390222,0.05112896802747362,0.23617710236482736,-0.1729886854883361,0.0012001920307327777,-0.0007201152184290069,-0.001680268843014896,0.24963994239078238,1.489918386941874,0.4445511281805068,0.07785600000000001,-0.05423800000000001,-0.929793,-0.222417,0.13392199999999987,-0.864263,0.300273,0.18815999999999988,0.06552999999999998,0.9963552434072835,0.0,0.0,0.0036447565927164582,1.0,-0.864263
90,0.375,walk,0.222593,-1.450431,0.928589,0.001667,0.051061,-0.64922,-0.038876889848811234,0.20110391168704084,-0.013918886489081551,-0.005496070891025187,-0.10698846162196803,-0.11253813940904703,-0.0002399808015427793,-0.003119750419976201,-0.0011999040076793436,0.09023278137749033,1.383009359251259,0.3681305495560394,0.07801699999999998,-0.055088999999999944,-0.92974,-0.22187900000000002,0.13884699999999994,-0.862671,0.299896,0.1939359999999999,0.06706900000000005,0.9944147508024122,0.0,0.0,0.005585249197587849,1.0,-0.862671
91,0.379167,walk,0.222389,-1.449535,0.928558,0.00186,0.050712,-0.649646,-0.04895608351332155,0.21502279817614903,-0.007439404847613013,-0.048617836787016866,-0.17853454906017882,-0.26674063753131716,0.002159827213831727,-0.0026397888168906425,-0.0009599232061435374,0.14326853851691948,1.4012479001680305,0.34125269978401745,0.07823000000000002,-0.055995999999999935,-0.929713,-0.221078,0.14379000000000008,-0.861218,0.299308,0.19978600000000002,0.06849499999999997,0.9940945432124456,0.0,0.0,0.005905456787554386,1.0,-0.861218
92,0.383333,walk,0.222215,-1.448562,0.928504,0.002088,0.050509,-0.649997,-0.04176668266922884,0.23355736917909553,-0.012962073931828721,0.01142822554547084,-0.13770781830150278,-0.22337309843595576,-0.006721075372066247,-0.0036005760921983335,0.0024003840614498367,0.1639462313970234,1.3831012962073497,0.3398943831012961,0.078376,-0.056984000000000146,-0.929649,-0.220221,0.1485789999999998,-0.859748,0.298597,0.20556299999999994,0.06990099999999999,0.986677207708929,0.0,0.0,0.013322792291071028,1.0,-0.859748
93,0.3875,walk,0.222011,-1.447439,0.928657,0.001559,0.049935,-0.650741,-0.0489560835133209,0.2694984401247844,0.036717062634979016,-0.38903016382943284,-0.028620574380794902,-0.44507697206346103,0.0009599232061444612,-0.0004799616030855522,0.0007199424046076174,0.1454283657307404,1.364530837533006,0.3491720662346981,0.07858400000000001,-0.05810900000000019,-0.9297989999999999,-0.219411,0.1531419999999999,-0.8584459999999999,0.297995,0.21125100000000008,0.071353,0.9978461063886255,0.0,0.0,0.0021538936113745244,1.0,-0.8584459999999999
94,0.391667,walk,0.221785,-1.44647,0.928479,0.00215,0.049979,-0.651078,-0.054235661147102834,0.2325413966882657,-0.04271658267336249,0.22079991468064983,-0.16128850073105352,-0.2285050292538464,-0.0021598272138184057,-0.002159827213805084,0.00023998080153585832,0.15910727141828743,1.3498920086393145,0.28893688504920023,0.07880100000000001,-0.05908700000000011,-0.92962,-0.21852200000000002,0.15779799999999988,-0.857064,0.297323,0.216885,0.07255599999999995,0.9948935503820742,0.0,0.0,0.0051064496179258345,1.0,-0.857064
95,0.395833,walk,0.221521,-1.445452,0.928408,0.002363,0.049921,-0.651572,-0.06337013922227894,0.24435909745558393,-0.017042726836304176,0.04789869992830207,-0.07702987609376455,-0.3166880170336149,0.0038406144983102446,0.0028804608737693265,0.003120499279884777,0.1761881901104175,1.3322131541046422,0.30748919827172094,0.07908099999999998,-0.06009299999999995,-0.929536,-0.217524,0.16232999999999986,-0.855712,0.296605,0.22242299999999982,0.073824,0.9904569847640469,0.0,0.0,0.009543015235953134,1.0,-0.855712
96,0.4,walk,0.221228,-1.444404,0.928405,0.002303,0.049735,-0.652124,-0.07031437485000852,0.2514998800095824,-0.0007199424046016851,-0.09266559431890212,-0.037066783540103655,-0.34442249492022686,0.0052795776337945365,0.0059995200383829005,-0.00047996160307171024,0.15910727141828543,1.3076553875689934,0.27885769138468625,0.079396,-0.06111599999999995,-0.929535,-0.216568,0.16673099999999996,-0.8545470000000001,0.295964,0.2278469999999999,0.07498799999999994,0.9866564056334712,0.0,0.0,0.013343594366528766,1.0,-0.8545470000000001
97,0.404167,walk,0.220893,-1.443455,0.928248,0.002996,0.04973,-0.652462,-0.08039356851451977,0.22774178065756998,-0.037676985841150624,0.24230440565680378,-0.21135292615662835,-0.23097627165012788,0.005279577633794607,0.0035997120230084733,0.004559635229181672,0.1552675785937134,1.2932565394768705,0.24574034077274223,0.07975300000000002,-0.06205000000000016,-0.9293589999999999,-0.215586,0.17117099999999996,-0.853366,0.295339,0.23322100000000012,0.07599299999999998,0.9869167048765897,0.0,0.0,0.013083295123410332,1.0,-0.853366
98,0.408333,walk,0.220619,-1.442347,0.928234,0.002943,0.049503,-0.653154,-0.0657705232837245,0.265962554008614,-0.0033605376860197985,-0.1060278295915778,-0.050915370758887454,-0.43257564620578864,-0.022803648583776207,-0.02136341814690487,-0.025444071051368193,0.15962554008641366,1.273883821411413,0.24243879020643214,0.079932,-0.06324700000000005,-0.929451,-0.214647,0.17537000000000003,-0.852342,0.29457900000000004,0.23861700000000008,0.07710899999999998,0.9328392728987035,0.0,0.0,0.0671607271012965,1.0,-0.852342
99,0.4125,walk,0.220335,-1.441173,0.928288,0.002555,0.049241,-0.653904,-0.06815454763619104,0.28173746100312336,0.012958963282937077,-0.2397740942120319,0.04266867671399259,-0.46095704327357734,-0.005519558435324065,-0.002879769618406779,-0.012239020878329815,0.17470602351811962,1.259419246460271,0.21670266378689854,0.08019300000000001,-0.06443299999999996,-0.929556,-0.213635,0.17944399999999994,-0.851493,0.29382800000000003,0.2438769999999999,0.078063,0.9771142796561645,0.0,0.0,0.022885720343835514,1.0,-0.851493
100,0.416667,walk,0.220032,-1.440067,0.928195,0.002579,0.049117,-0.654492,-0.07271418286536967,0.2654187664986904,-0.022318214542838742,-0.04350179196240529,-0.03987932409903766,-0.3713369680115697,0.0026397888168906074,0.00023998080151613289,0.0021598272138229043,0.16438684905207454,1.235181185505153,0.2018238540916698,0.080507,-0.0655380000000001,-0.929454,-0.212647,0.1834849999999999,-0.850559,0.293154,0.249023,0.07889500000000005,0.9943013331538452,0.0,0.0,0.005698666846154832,1.0,-0.850559
101,0.420833,walk,0.219708,-1.438954,0.928068,0.002416,0.049189,-0.655001,-0.077772443590979,0.2671627460393468,-0.03048487758041002,-0.047866100401820044,0.0884411159088801,-0.32056449947776927,0.0072011521843433676,0.0002400384061785351,0.0050408065290446355,0.18074891982717206,1.207393182909286,0.16826692270763483,0.08086099999999999,-0.06664999999999988,-0.929306,-0.21156999999999998,0.18740200000000007,-0.849731,0.292431,0.25405199999999994,0.07957499999999995,0.9853443278252475,0.0,0.0,0.014655672174752499,1.0,-0.849731
102,0.425,walk,0.219303,-1.437925,0.927941,0.00327,0.048693,-0.655301,-0.09719222462202808,0.24694024478045945,-0.030477561795053745,0.1463186538853759,-0.4421780930657136,-0.20192819068661133,-0.0002399808015294577,-0.0026397888168906425,0.0007199424046076269,0.19510439164866952,1.1823854091672503,0.14374850011999177,0.081265,-0.06769000000000003,-0.929176,-0.21035199999999998,0.1912999999999998,-0.849005,0.291617,0.25898999999999983,0.08017099999999999,0.9954221569705459,0.0,0.0,0.004577843029454076,1.0,-0.849005
103,0.429167,walk,0.219256,-1.437057,0.927725,0.004032,0.048357,-0.655055,-0.011279097672184098,0.2083033357331083,-0.05183585313174762,0.17539068116431442,-0.3670331577077035,0.14363293689471165,0.005039596832251761,-0.0009599232061711044,0.004079673626109902,0.1874250059995183,1.1694264458843509,0.13822894168466254,0.08133299999999999,-0.06856200000000001,-0.9289430000000001,-0.20952400000000002,0.19530500000000006,-0.848213,0.290857,0.2638670000000001,0.08073000000000008,0.9890756737190998,0.0,0.0,0.010924326280900232,1.0,-0.848213
104,0.433333,walk,0.218921,-1.435888,0.927721,0.00453,0.047696,-0.655598,-0.08041286605856979,0.2806048967834793,-0.0009601536245808924,-0.03936456119593528,-0.3847574668401008,-0.3458833032612061,0.006000960153623914,-0.0026404224675907915,0.0038406144983197175,0.13634181469035056,1.120019203072505,0.10681709073451767,0.08169299999999999,-0.06974199999999997,-0.928923,-0.208621,0.19880200000000015,-0.847764,0.290314,0.2685440000000001,0.08115900000000009,0.9873362203621856,0.0,0.0,0.012663779637814399,1.0,-0.847764
105,0.4375,walk,0.218639,-1.434715,0.927839,0.004286,0.046705,-0.65615,-0.06767458603311881,0.28149748020160725,0.02831773458122202,-0.41181343177527435,-0.2709146486576202,-0.3274380386520746,0.008399328053757487,-0.0004799616030855586,0.010079193664506882,0.18094552435805225,1.1238300935925172,0.09911207103431703,0.08201,-0.07091700000000012,-0.928999,-0.207585,0.20231200000000005,-0.847469,0.289595,0.27322900000000017,0.08152999999999999,0.9781184235395701,0.0,0.0,0.021881576460429875,1.0,-0.847469
106,0.441667,walk,0.218271,-1.433598,0.927845,0.00474,0.045989,-0.656606,-0.08831293496520502,0.2680585553155846,0.0014398848092300326,-0.0708594059403369,-0.39288789482555975,-0.28860513630067985,0.0021598272138184057,-0.002159827213805084,-0.0007199424046076269,0.18118550515958837,1.1031917446604245,0.07463402927765958,0.08238699999999999,-0.07204300000000008,-0.9290080000000001,-0.20646199999999998,0.20579199999999997,-0.847164,0.28884899999999997,0.27783500000000005,0.08184400000000003,0.9947697396886017,0.0,0.0,0.005230260311398283,1.0,-0.847164
107,0.445833,walk,0.217882,-1.432388,0.927872,0.004806,0.045276,-0.657129,-0.0933749399903985,0.29044647143541347,0.0064810369659143606,-0.21150699366868086,-0.2681808966674189,-0.3222830772187091,0.004080652904475455,0.0,0.004320691310609696,0.17210753720595298,1.055208833413308,0.04824771963513987,0.08279300000000003,-0.07325300000000001,-0.929017,-0.20535599999999998,0.20897799999999989,-0.84699,0.28814900000000004,0.2822309999999999,0.08202699999999996,0.9900948804583491,0.0,0.0,0.009905119541650853,1.0,-0.84699
108,0.45,walk,0.217486,-1.431219,0.928007,0.005045,0.043923,-0.657745,-0.09503239740820174,0.28053755699543237,0.032397408207342264,-0.35274822597554273,-0.5525637705491686,-0.37584961930557886,0.0019198464122756008,-0.00455963522917953,0.0004799616030717623,0.19462443004559468,1.0578353731701837,0.046556275497959744,0.08319699999999997,-0.07444099999999998,-0.92915,-0.20414900000000002,0.2122170000000001,-0.846931,0.287346,0.2866580000000001,0.08221900000000004,0.9917157366701939,0.0,0.0,0.00828426332980614,1.0,-0.846931
109,0.454167,walk,0.217085,-1.429955,0.927915,0.005096,0.04371,-0.658314,-0.09623230141589027,0.30333573314133405,-0.02207823374129626,-0.059654897012693484,-0.0813494036213241,-0.3603714107460774,0.001919846412288948,-0.004079673626094032,0.00047996160307171664,0.1739860811135119,1.0227981761459113,0.0158387329013705,0.08360599999999999,-0.07572199999999984,-0.929056,-0.203023,0.21521500000000016,-0.846773,0.28662899999999997,0.290937,0.082283,0.9924428271227761,0.0,0.0,0.0075571728772239055,1.0,-0.846773
110,0.458333,walk,0.216662,-1.428675,0.927959,0.004786,0.042897,-0.658993,-0.10153624579932943,0.30724915986561907,0.010561689870363166,-0.38168855685379166,-0.1822038017964643,-0.4129961400169456,-0.0014402304368713384,-0.004560729716752576,-0.00048007681228992566,0.18650984157465178,1.012001920307248,-0.0079212674027857,0.08402299999999999,-0.077021,-0.929102,-0.201823,0.21815099999999998,-0.84685,0.285846,0.295172,0.08225199999999999,0.9919887244381125,0.0,0.0,0.008011275561887521,1.0,-0.84685
111,0.4625,walk,0.216157,-1.427407,0.927835,0.005121,0.042539,-0.659705,-0.12119030477561833,0.3042956563474478,-0.029757619390451653,-0.00575830134587849,-0.22083007427703877,-0.4566352842494276,0.0014398848092166917,-0.0026397888168906074,-0.001919846412286997,0.18190544756419347,0.9815214782817124,-0.0273578113750905,0.084534,-0.07829999999999981,-0.928986,-0.20056,0.22097300000000009,-0.8468399999999999,0.28509399999999996,0.2992729999999999,0.08214600000000005,0.9940540481772224,0.0,0.0,0.005945951822777573,1.0,-0.8468399999999999
112,0.466667,walk,0.215656,-1.426049,0.927775,0.005045,0.042029,-0.66038,-0.12023038156947548,0.32589392848576915,-0.014398848092140466,-0.20124468068673185,-0.14640051366458892,-0.42167823993642256,0.001439884809216711,-0.0023998080153745066,-0.00023998080153591036,0.20806335493160658,0.9688024958003579,-0.06743460523158269,0.085041,-0.07966800000000007,-0.9289270000000001,-0.19919199999999998,0.22365199999999996,-0.8470610000000001,0.284233,0.30332000000000003,0.081866,0.995318494556124,0.0,0.0,0.004681505443876022,1.0,-0.8470610000000001
113,0.470833,walk,0.215194,-1.424718,0.927609,0.005016,0.04185,-0.661039,-0.1108977436389798,0.31949111857896545,-0.039846375420067054,-0.07910317511495145,-0.04213670179324814,-0.4177521904092248,-0.0004800768122904462,-0.0028804608737693265,0.0007201152184349405,0.18410945751320207,0.9474315890542294,-0.07753240518482711,0.085501,-0.08101100000000017,-0.928758,-0.197963,0.2262679999999999,-0.847218,0.283464,0.3072790000000001,0.08153999999999995,0.9949872123194672,0.0,0.0,0.005012787680532815,1.0,-0.847218
114,0.475,walk,0.214725,-1.423355,0.927463,0.005091,0.041661,-0.661622,-0.11255099592032634,0.3270938324934031,-0.03503719702423334,-0.043491389271821244,-0.08020729450484905,-0.37181462675278815,0.001439884809216711,-0.0035997120230084733,-0.0007199424046076269,0.1744660427165833,0.9268058555315705,-0.0897528197744184,0.085976,-0.08238900000000005,-0.9286150000000001,-0.196767,0.22876699999999994,-0.847446,0.282743,0.311156,0.08116900000000005,0.9934278550815758,0.0,0.0,0.006572144918424172,1.0,-0.847446
115,0.479167,walk,0.214283,-1.421952,0.927234,0.004991,0.041902,-0.662147,-0.10607151427885639,0.3366930645547901,-0.054955603551723776,0.03126521973657469,0.12917437938968937,-0.33753214651442603,0.0011999040076739157,-0.00455963522917953,-0.0009599232061434725,0.16366690664746744,0.899688024957997,-0.13630909527237695,0.08642299999999997,-0.08381099999999986,-0.92839,-0.195643,0.23111300000000012,-0.847785,0.282066,0.314924,0.08060500000000004,0.9919806664843815,0.0,0.0,0.008019333515618454,1.0,-0.847785
116,0.483333,walk,0.213884,-1.420478,0.927014,0.005117,0.042054,-0.662666,-0.09577532405185074,0.35381661065775233,-0.05280844935189578,0.08425889787477797,0.02522129706630938,-0.33767447672169526,-0.0016802688430098993,-0.0036005760921983335,0.0016802688430148439,0.15290446471435387,0.9042246759481692,-0.15914546327412635,0.086815,-0.08530000000000015,-0.928163,-0.194607,0.233406,-0.848228,0.281422,0.31870600000000016,0.07993499999999998,0.9928099692928127,0.0,0.0,0.007190030707187267,1.0,-0.848228
117,0.4875,walk,0.21328,-1.419074,0.927058,0.005974,0.040852,-0.663248,-0.14494840412766904,0.33693304535636404,0.010559155267589214,-0.08537272028554552,-0.6933070399751591,-0.3741481220925486,0.000479961603072237,-0.003839692824577896,-0.0009599232061434853,0.13822894168466604,0.887928965682706,-0.1631869450443974,0.087421,-0.08672000000000013,-0.928211,-0.193427,0.23570199999999986,-0.848952,0.280848,0.322422,0.07925899999999997,0.99335523249106,0.0,0.0,0.006644767508940053,1.0,-0.848952
118,0.491667,walk,0.212701,-1.417676,0.926965,0.005947,0.040899,-0.663836,-0.1389488840892709,0.33549316054715617,-0.022318214542838742,-0.004745857254986449,0.03743170449781373,-0.3773508920122118,0.0004799616030722306,-0.0028797696184067402,0.001919846412286997,0.16678665706743362,0.8416126709863504,-0.17806575473961772,0.088002,-0.08813000000000004,-0.92811,-0.192153,0.237811,-0.849601,0.280155,0.32594100000000004,0.07850899999999994,0.9941763779783699,0.0,0.0,0.005823622021630115,1.0,-0.849601
119,0.495833,walk,0.212095,-1.416268,0.926898,0.005882,0.040469,-0.664464,-0.14546327412385862,0.337974075852101,-0.016082573211723284,-0.17114553563041107,-0.12115791808678694,-0.3952649203834548,-0.0007201152184290069,-0.005280844935181583,-0.0012001920307249184,0.1272203552568408,0.8106096975515988,-0.22875660105616774,0.08860500000000002,-0.08955999999999986,-0.928048,-0.191017,0.2397800000000001,-0.850487,0.27962200000000004,0.32933999999999997,0.07756099999999999,0.9908946978102711,0.0,0.0,0.009105302189728937,1.0,-0.850487
120,0.5,walk,0.211522,-1.414903,0.92674,0.006485,0.039982,-0.665047,-0.1375089992800627,0.3275737940964887,-0.037916966642666756,0.050735268662585487,-0.35538684225537565,-0.38102716918742985,-0.001439884809216711,-0.0064794816414685385,-0.0007199424046076269,0.13270938324934115,0.7912167026637634,-0.2481401487881001,0.08917200000000003,-0.09095199999999992,-0.927893,-0.18989099999999998,0.24171199999999993,-0.851363,0.279063,0.33266399999999985,0.07652999999999999,0.9888725480015648,0.0,0.0,0.011127451998435234,1.0,-0.851363
121,0.504167,walk,0.210991,-1.413494,0.926556,0.006781,0.039585,-0.665712,-0.127429805615544,0.33813294936404675,-0.04415646748259193,-0.03175188742202851,-0.22346804917282057,-0.42846342706143065,0.0009599232061444612,-0.003599712023061712,0.00167986561075109,0.11375089992800459,0.7523398128149954,-0.26445884329253594,0.08970700000000001,-0.09237600000000001,-0.927702,-0.188886,0.24343800000000004,-0.8522810000000001,0.27859300000000004,0.33581400000000006,0.07542099999999996,0.9931887903503664,0.0,0.0,0.006811209649633554,1.0,-0.8522810000000001
122,0.508333,walk,0.210394,-1.412089,0.92645,0.007074,0.038979,-0.666277,-0.14330292846855827,0.3372539606337253,-0.025444071051380322,-0.09804951669498066,-0.2995329808197297,-0.3617780969556805,-0.0026404224676041164,-0.0033605376860197985,0.001440230436869933,0.09817570811329797,0.7309169467114648,-0.3055688910225625,0.09029299999999998,-0.09379500000000007,-0.92759,-0.18788,0.2450779999999999,-0.853448,0.278173,0.338873,0.07414200000000004,0.9924834796655274,0.0,0.0,0.007516520334472587,1.0,-0.853448
123,0.5125,walk,0.209749,-1.410686,0.926415,0.007779,0.037933,-0.666849,-0.1547876169906453,0.3366930645547991,-0.008399328053757598,-0.09165034450713487,-0.58865346230458,-0.36987726982949914,-0.0023998080153478955,-0.006479481641468625,0.0,0.09623230141588905,0.717782577393814,-0.3150947924166114,0.09092800000000004,-0.0952249999999999,-0.927555,-0.186834,0.24666600000000005,-0.854726,0.277762,0.34189099999999994,0.07282900000000003,0.9884839772427165,0.0,0.0,0.011516022757283473,1.0,-0.854726
124,0.516667,walk,0.208903,-1.409341,0.926483,0.011887,0.03711,-0.666834,-0.20302375809934706,0.3227741780657887,0.016318694504429198,1.2041601804646977,-1.6088528692035586,-0.07218702719837575,-0.001679865610759468,-0.003839692824577845,0.0009599232061434725,0.09671226301895705,0.6762658987280935,-0.3110151187904957,0.09176699999999999,-0.09658600000000006,-0.927619,-0.185585,0.2481389999999999,-0.8560899999999999,0.277352,0.34472499999999995,0.07152900000000006,0.9928339841343906,0.0,0.0,0.0071660158656093875,1.0,-0.8560899999999999
125,0.520833,walk,0.208242,-1.407821,0.9264,0.012394,0.036269,-0.667438,-0.15866538646183256,0.36485837734036597,-0.019923187710020204,-0.09595228605045424,-0.4502533340070738,-0.39256815974458814,-0.0014402304368713384,-0.0050408065290563474,0.0012001920307249184,0.08377340374459957,0.625060009601548,-0.34733557369179135,0.09242199999999998,-0.09812700000000008,-0.927531,-0.18457500000000002,0.24922299999999997,-0.857454,0.276997,0.34735000000000005,0.07007699999999994,0.9910364232267341,0.0,0.0,0.008963576773265869,1.0,-0.857454
126,0.525,walk,0.208088,-1.40587,0.9258,0.007697,0.037147,-0.66833,-0.036957043436528454,0.46820254379650134,-0.14398848092153596,-1.406157751257187,1.8369586544613357,-0.4815918834260756,-0.0011999040076739157,-0.006239500839899033,-0.00023998080153585512,0.053995680345571825,0.5797936165106684,-0.35157187425005587,0.09257100000000001,-0.10010399999999997,-0.926932,-0.184196,0.2496879999999999,-0.8583189999999999,0.276767,0.3497919999999999,0.06861300000000004,0.9894027347416843,0.0,0.0,0.010597265258315725,1.0,-0.8583189999999999
127,0.529167,walk,0.207439,-1.40428,0.925473,0.007991,0.037362,-0.668634,-0.15574754019677897,0.381569474442037,-0.07847372210222311,0.16943550687041842,-0.011406325196035738,-0.20490405143589452,-0.0004799616030722306,-0.003599712023061712,0.001919846412286997,0.036237101031916776,0.5257979361651157,-0.35109191264698697,0.093218,-0.10170900000000005,-0.926597,-0.183396,0.250289,-0.859455,0.276614,0.35199800000000003,0.06714200000000003,0.993153650600468,0.0,0.0,0.006846349399531992,1.0,-0.859455
128,0.533333,walk,0.206792,-1.4027,0.9252,0.008302,0.037201,-0.668955,-0.15530484877581024,0.37926068170906285,-0.06553048487757436,0.05452992156741352,-0.15088429464626354,-0.21211928380340908,-0.0016802688430232688,-0.005760921747485507,0.00192030724915991,0.015362457993279696,0.48703792606819757,-0.3783005280845019,0.09385799999999997,-0.10331299999999999,-0.926316,-0.18268500000000001,0.2507380000000001,-0.860758,0.276543,0.3540510000000001,0.065558,0.9894987960086232,0.0,0.0,0.010501203991376773,1.0,-0.860758
129,0.5375,walk,0.20611,-1.401138,0.925012,0.008609,0.03685,-0.669336,-0.16366690664747077,0.37485001199905243,-0.04511639068876303,-0.008808085883600318,-0.21623370299634964,-0.24825848723509672,-0.0007199424046016851,-0.0043196544276101105,0.0014398848092152348,0.002879769618430886,0.45980321574274396,-0.4062874970002369,0.09453700000000001,-0.1048929999999999,-0.926122,-0.18199099999999999,0.2510920000000001,-0.862263,0.276528,0.355985,0.063859,0.9923168655658926,0.0,0.0,0.007683134434107397,1.0,-0.862263
130,0.541667,walk,0.205462,-1.399493,0.92474,0.008826,0.0369,-0.669627,-0.15550755939524286,0.39476841852649003,-0.06527477801774344,0.08930343366436003,-0.04596354533158938,-0.19336150190359183,-0.002159827213818377,-0.003359731221545579,0.001679865610751142,-0.010799136069114364,0.4214062874969655,-0.42356611471082056,0.09517600000000001,-0.10655199999999998,-0.925843,-0.181388,0.25120300000000007,-0.863756,0.27656400000000003,0.35775500000000005,0.062087,0.9927783896946651,0.0,0.0,0.007221610305334858,1.0,-0.863756
131,0.545833,walk,0.204808,-1.397846,0.924488,0.009168,0.036849,-0.669939,-0.15698511761882267,0.39534325492082933,-0.060489678348542915,0.1010584978367297,-0.12176861366772258,-0.20835011255373417,0.0,-0.005280844935181583,0.0012001920307249184,-0.02760441670667317,0.37518002880460394,-0.4342294767162738,0.09583000000000003,-0.10822100000000012,-0.925586,-0.18084899999999998,0.25111899999999987,-0.865313,0.276679,0.35934,0.06027300000000002,0.9909741445249942,0.0,0.0,0.009025855475005784,1.0,-0.865313
132,0.55,walk,0.204123,-1.396154,0.924257,0.009602,0.036644,-0.670232,-0.16438684905207246,0.40604751619870744,-0.055435565154782686,0.08449071067577275,-0.20661501804254398,-0.1964478299126502,-0.002639788816903929,-0.004799616030695663,0.0026397888168946146,-0.017518598512118934,0.3258939284857115,-0.468202543796493,0.09650399999999998,-0.10993300000000006,-0.9253439999999999,-0.180237,0.2507849999999998,-0.8670329999999999,0.27674099999999996,0.36071799999999987,0.058311,0.9898657231747121,0.0,0.0,0.010134276825287891,1.0,-0.8670329999999999
133,0.554167,walk,0.203268,-1.39414,0.924181,0.011251,0.035651,-0.669949,-0.20518358531317757,0.4833213342932562,-0.018238540916718605,0.2708689920674588,-0.889938803806586,0.15716806726324922,0.0002399808015427825,-0.003839692824577947,0.0023998080153588234,-0.0273578113750904,0.2838972882169855,-0.4850011999040157,0.09736,-0.11196300000000003,-0.925258,-0.179496,0.249954,-0.868978,0.276856,0.36191700000000004,0.05628,0.9924428271227475,0.0,0.0,0.007557172877252549,1.0,-0.868978
134,0.558333,walk,0.202538,-1.39234,0.923911,0.011387,0.035363,-0.670333,-0.17522803648583962,0.43206913106097516,-0.06481036965914361,-0.048980790827973957,-0.138450101324451,-0.24831703389765034,-0.0016802688430098993,-0.0038406144983235695,0.0012001920307249184,-0.028324531925108008,0.23715794527124057,-0.4793566970715308,0.09808300000000003,-0.11377900000000007,-0.924983,-0.178884,0.24914199999999997,-0.8707050000000001,0.276967,0.36292100000000005,0.05427799999999994,0.992732476346379,0.0,0.0,0.007267523653621044,1.0,-0.8707050000000001
135,0.5625,walk,0.202123,-1.390534,0.923453,0.010015,0.036115,-0.67103,-0.09959203263738793,0.43340532757378464,-0.10991120710344755,-0.25438951752540634,0.7237068482168801,-0.42869785960712253,-0.0002399808015427761,-0.004079673626093978,0.001919846412286997,-0.016078713702903907,0.21286297096228782,-0.5161987041036677,0.098497,-0.11560199999999998,-0.9245169999999999,-0.178536,0.24822299999999986,-0.872398,0.277033,0.36382499999999984,0.052118999999999915,0.9924746469393775,0.0,0.0,0.007525353060622519,1.0,-0.872398
136,0.566667,walk,0.201311,-1.388788,0.923272,0.010361,0.03539,-0.671439,-0.19486441084713246,0.4190064794816443,-0.04343652507799024,-0.11598053250612639,-0.3612262320810643,-0.2646677154889727,0.0002399808015427761,-0.003599712023061712,0.0021598272138229043,0.004319654427645913,0.19510439164870855,-0.5351571874250026,0.09931000000000004,-0.1173630000000001,-0.924327,-0.17770599999999998,0.24729,-0.874447,0.27701600000000004,0.3646530000000001,0.049880000000000035,0.9929919944532354,0.0012000000000000344,0.0012000000000000344,0.007008005546764617,0.9987999999999999,-0.874447
137,0.570833,walk,0.200478,-1.386992,0.92316,0.011096,0.034239,-0.671788,-0.19995199231877095,0.4311089774363676,-0.026884301488238335,-0.1144187490835158,-0.6395098592439784,-0.2305431040610263,0.0,-0.0040806529044488055,0.003120499279884777,0.02664426308209311,0.17954872779644032,-0.49183869419107074,0.10014300000000004,-0.11917599999999995,-0.924202,-0.17676199999999997,0.24624200000000007,-0.8763839999999999,0.276905,0.365418,0.04781800000000003,0.9914382562974156,0.021820000000000006,0.021820000000000006,0.008561743702584446,0.97818,-0.8763839999999999
138,0.575,walk,0.199745,-1.385065,0.922987,0.011534,0.033432,-0.672029,-0.17590592752579737,0.46244300455964693,-0.041516678665702425,-0.10762485409551036,-0.4234249807657257,-0.15769408844072613,0.002639788816890678,-0.004319654427663512,0.0009599232061434981,0.0350371970242388,0.16438684905203688,-0.41372690184785915,0.100887,-0.12112100000000003,-0.924025,-0.175883,0.24499999999999988,-0.877935,0.27677,0.3661209999999999,0.046089999999999964,0.9914123227927216,0.039100000000000024,0.039100000000000024,0.008587677207278377,0.9609,-0.877935
139,0.579167,walk,0.198985,-1.383134,0.922784,0.011831,0.032806,-0.672153,-0.18238540916726778,0.4634029277657524,-0.04871610271177146,-0.09796629527618854,-0.31590757681547565,-0.0812827355749981,0.003359731221505614,-0.004319654427663397,0.003599712023038139,0.012479001679865506,0.22438204943607465,-0.31605471562274745,0.10166100000000003,-0.12307000000000001,-0.923807,-0.175071,0.2440040000000001,-0.8790490000000001,0.27673200000000003,0.3670740000000001,0.044757999999999964,0.9890829981089642,0.05241999999999997,0.05241999999999997,0.010917001891035838,0.9475800000000001,-0.8790490000000001
140,0.583333,walk,0.1982,-1.381219,0.922584,0.012418,0.031813,-0.672403,-0.18843014882381356,0.45967354776766917,-0.04800768122901797,-0.11484727131990763,-0.5375314814240635,-0.16592825297459948,-0.0002400384061518855,-0.006240998559735826,0.0012001920307249184,-0.010321651464234598,0.27484397503599395,-0.2037926068170912,0.10244500000000001,-0.12501099999999998,-0.9236019999999999,-0.17432899999999998,0.24323399999999995,-0.879698,0.276774,0.36824499999999993,0.04390399999999994,0.98940019099102,0.060960000000000014,0.060960000000000014,0.010599809008980055,0.93904,-0.879698
141,0.5875,walk,0.197016,-1.37933,0.923067,0.017533,0.028642,-0.672217,-0.2841372690184741,0.4533237341012755,0.11591072714183046,0.7935291521065078,-2.7801995236802455,0.03226216517252655,0.0035997120230350688,-0.00311975041997616,0.004079673626109902,0.044396448284137205,0.3376529877609612,-0.1581473482121418,0.10364399999999999,-0.12691300000000005,-0.924068,-0.17296,0.24275199999999986,-0.88084,0.27660399999999996,0.3696649999999999,0.043228000000000044,0.989547128753397,0.06772,0.06772,0.01045287124660299,0.93228,-0.88084
142,0.591667,walk,0.196522,-1.377289,0.922334,0.014234,0.029786,-0.672824,-0.11855051595872107,0.48980081593471175,-0.17590592752579268,-0.8058790343181889,1.4828313007342693,-0.3305229007702424,0.005039596832251761,-0.003599712023061712,0.003359731221502232,0.07943364530837424,0.406527477801793,-0.212622990160785,0.10415899999999997,-0.1289690000000001,-0.923321,-0.172135,0.24240499999999998,-0.880993,0.276294,0.3713740000000001,0.04232799999999992,0.9882570048348727,0.07671999999999995,0.07671999999999995,0.011742995165127335,0.9232800000000001,-0.880993
143,0.595833,walk,0.195642,-1.375254,0.922156,0.014811,0.028889,-0.672925,-0.21123379740758874,0.48847815650505566,-0.042726836293810876,-0.08599256172786766,-0.5029757496764631,-0.07218055992080041,0.002400384061452295,-0.006721075372039776,0.00192030724915991,0.03792606817090878,0.46015362457993186,-0.22683629380701534,0.10504899999999998,-0.13103200000000004,-0.9231349999999999,-0.171097,0.24228699999999992,-0.88176,0.276146,0.37331899999999996,0.04137499999999994,0.9876821856950673,0.08625,0.08625,0.012317814304932728,0.9137500000000001,-0.88176
144,0.6,walk,0.194812,-1.373154,0.921818,0.015014,0.028624,-0.673015,-0.19918406527477586,0.5039596832253359,-0.08111351091911372,-0.014294653230993524,-0.157864049096562,-0.06116703788055501,0.011519078473720213,0.00023998080151613289,-0.0009599232061434725,0.034077273818094236,0.38732901367890377,-0.2634989200863915,0.10592699999999997,-0.1331310000000001,-0.922801,-0.17012500000000003,0.24180099999999993,-0.88252,0.27605199999999996,0.37493200000000004,0.04028100000000001,0.98073083838022,0.09719000000000005,0.09719000000000005,0.019269161619779984,0.9028099999999999,-0.88252
145,0.604167,walk,0.193871,-1.37108,0.921642,0.015866,0.028197,-0.673002,-0.2258219342452647,0.49772018238538357,-0.04223662107032965,0.16433459340891088,-0.426896373261782,-0.006618419074877552,0.01271898248140745,-0.012958963282936905,-0.0009599232061435246,0.03647708183345289,0.36573074154069335,-0.25605951523877857,0.10692100000000002,-0.13525900000000002,-0.9226289999999999,-0.169032,0.2412510000000001,-0.883411,0.275953,0.3765100000000001,0.039217999999999975,0.9696946696431987,0.10781999999999997,0.10781999999999997,0.030305330356801274,0.89218,-0.883411
146,0.608333,walk,0.192667,-1.368927,0.921936,0.019653,0.025853,-0.672723,-0.28900624099855543,0.5168026884301656,0.07057129140662896,0.5879783639608138,-2.0605624359554597,0.1099835031422476,0.011761881901109269,-0.0038406144983235695,0.005280844935189624,0.07417186749879981,0.26116178588573624,-0.27868458953432584,0.10817400000000002,-0.1374280000000001,-0.922901,-0.167519,0.240186,-0.8848659999999999,0.275693,0.3776140000000001,0.03803500000000004,0.9775785625392738,0.11965000000000003,0.11965000000000003,0.022421437460726223,0.88035,-0.8848659999999999
147,0.6125,walk,0.192218,-1.366655,0.920913,0.016196,0.028201,-0.67306,-0.1077513798896092,0.5452363810895211,-0.2455003599711995,-0.46962192984210344,1.9562265503047775,-0.15396426559013307,0.0033597312214922927,0.004799616030748949,0.004799616030717518,0.060475161987040275,0.24790016798657397,-0.2529397648188124,0.10863699999999998,-0.13968000000000003,-0.921858,-0.166818,0.23894700000000002,-0.8848969999999999,0.275455,0.37862700000000005,0.03696100000000002,0.9873772227517065,0.13039,0.13039,0.012622777248293526,0.86961,-0.8848969999999999
148,0.616667,walk,0.191206,-1.364405,0.9207,0.016643,0.027686,-0.672987,-0.24286057115431536,0.539956803455701,-0.051115910727147294,-0.0074421399189921736,-0.32861766706399687,0.04006261366562698,0.0069594432445408685,-0.0014398848092034085,0.0011999040076794117,0.11807055435565364,0.2303815694744104,-0.34269258459323876,0.109678,-0.14193599999999984,-0.92164,-0.165314,0.237657,-0.886112,0.274992,0.37959299999999985,0.035528000000000004,0.9879876350550538,0.14471999999999996,0.14471999999999996,0.012012364944946174,0.85528,-0.886112
149,0.620833,walk,0.190245,-1.36225,0.920422,0.016997,0.027241,-0.672986,-0.2306769083053262,0.5172827652424694,-0.06673067690830539,-0.01825750560143439,-0.2723778286705465,-0.004675067400882905,-0.0014402304368713384,-0.006240998559789125,0.012481997119539108,0.11065770523283791,0.17978876620261885,-0.3218915026404227,0.11063299999999998,-0.14411700000000005,-0.92131,-0.16389199999999998,0.236251,-0.8871749999999999,0.27452499999999996,0.38036800000000004,0.034135000000000026,0.9766176361078386,0.15865,0.15865,0.023382363892161417,0.84135,-0.8871749999999999
150,0.625,walk,0.189382,-1.359987,0.920082,0.017582,0.027285,-0.672792,-0.20710343172546103,0.5430765538756628,-0.08159347252219927,0.22291824836843332,-0.17704150318572515,0.11352077842226706,0.0007199424046150068,-0.0059995200383829005,0.006719462443004516,0.10295176385889022,0.17854571634270994,-0.284617230621548,0.11149900000000001,-0.1464049999999999,-0.9209419999999999,-0.1626,0.23473200000000016,-0.888021,0.274099,0.38113700000000006,0.03292099999999998,0.9849386685995165,0.17079000000000005,0.17079000000000005,0.01506133140048349,0.82921,-0.888021
151,0.629167,walk,0.188596,-1.357599,0.919668,0.01743,0.027697,-0.672528,-0.18862491000719347,0.5730741540676838,-0.09935205183583184,0.08064372325820414,0.1900127404512813,0.17306836076418858,-0.001679865610759468,-0.003599712023061712,0.008879289656827393,0.10967122630189478,0.1912646988240774,-0.2793376529877585,0.11227799999999996,-0.14880800000000005,-0.9204910000000001,-0.16135700000000003,0.23314100000000004,-0.8887710000000001,0.27363499999999996,0.3819490000000001,0.03171999999999997,0.9837877224225804,0.18280000000000002,0.18280000000000002,0.01621227757741961,0.8171999999999999,-0.8887710000000001
152,0.633333,walk,0.187673,-1.355256,0.919388,0.017924,0.027398,-0.672437,-0.22155544887182105,0.5624099855976914,-0.06721075372060917,0.07932941808737352,-0.2674753095547279,0.04970430040916538,0.005760921747485354,-0.0021603456552870205,0.004080652904464707,0.10825732117138735,0.2009121459433452,-0.2527604416706676,0.11322499999999999,-0.15115999999999996,-0.920194,-0.15998300000000001,0.23163500000000004,-0.889544,0.273208,0.382795,0.030649999999999955,0.9876951860303823,0.1935,0.1935,0.01230481396961769,0.8065,-0.889544
153,0.6375,walk,0.186774,-1.352844,0.919068,0.018253,0.027489,-0.672382,-0.21574274058076026,0.578833693304566,-0.07679385649147902,0.14651881647713758,-0.07487300938695306,0.028562902960449738,0.007439404847613112,-0.0023998080153745387,0.009599232061435268,0.11759059275258224,0.19702423806094943,-0.2320614350851974,0.114155,-0.1535820000000001,-0.919834,-0.15859399999999998,0.23004399999999992,-0.890191,0.272749,0.383626,0.029643000000000086,0.979367697981709,0.20357000000000003,0.20357000000000003,0.020632302018291027,0.79643,-0.890191
154,0.641667,walk,0.185893,-1.350385,0.918751,0.017906,0.027812,-0.672325,-0.21142308615310443,0.5901127909767148,-0.07607391408687528,-0.018586804017963837,0.22548830486385052,0.043128591480320444,0.006959443244540683,-0.0059995200383829005,0.010079193664506747,0.08015358771298257,0.17854571634270994,-0.22654187664986639,0.115065,-0.15606600000000004,-0.9194749999999999,-0.157379,0.228329,-0.890818,0.272444,0.38439500000000004,0.028656999999999933,0.9772685829319632,0.21447444552301298,0.21447444552301298,0.02273141706803683,0.785525554476987,-0.890818
155,0.645833,walk,0.184815,-1.34756,0.919586,0.015762,0.023002,-0.673492,-0.25876140182429064,0.6781084973595424,0.20043206913106806,-2.3219810372500724,-0.994293675051661,-0.7010689202034296,0.008641382621214706,-0.005520883341360118,0.00792126740278445,0.09409505520883334,0.10201632261159323,-0.3290926548247719,0.11617899999999998,-0.158914,-0.920277,-0.15590900000000002,0.22592900000000005,-0.893024,0.272088,0.38484300000000005,0.02725299999999997,0.9784039533104916,0.22747,0.22747,0.02159604668950843,0.7725299999999999,-0.893024
156,0.65,walk,0.183911,-1.344974,0.919349,0.015682,0.022661,-0.673591,-0.2169426445884351,0.6205903527718213,-0.0568754499640127,-0.13910136281520763,-0.09343643134879277,-0.06168547028855294,0.006719462443011228,-0.0050395968322117955,0.01199904007679377,0.06383489320854256,0.18166546676268608,-0.2524598032157402,0.11711100000000002,-0.16152100000000003,-0.91999,-0.154739,0.22409999999999997,-0.8938389999999999,0.27185000000000004,0.385621,0.026151000000000035,0.9755888416612186,0.23849000000000004,0.23849000000000004,0.02441115833878138,0.7615099999999999,-0.8938389999999999
157,0.654167,walk,0.183026,-1.342458,0.918929,0.01532,0.022727,-0.673483,-0.2123830093592489,0.6037916966642533,-0.10079193664506185,-0.1065902384492761,0.13849732045736618,0.07601918504522741,0.010799136069105207,-0.00455963522917953,0.011519078473722008,0.049676025917925914,0.15958723302133684,-0.2598992080633531,0.11804099999999998,-0.16405599999999998,-0.919522,-0.153647,0.22224899999999992,-0.894502,0.271688,0.3863049999999999,0.02501999999999993,0.9726087614298746,0.24980000000000002,0.24980000000000002,0.027391238570125376,0.7502,-0.894502
158,0.658333,walk,0.182024,-1.339927,0.918793,0.016148,0.022367,-0.673291,-0.2405184829572801,0.6075372059529296,-0.03264522323572456,0.1780889864084896,-0.3986348040609891,0.11104886367382885,0.010561689870390098,-0.005280844935235023,0.012001920307249477,-0.01632261161785895,0.12241958713394711,-0.18987037926068664,0.11908700000000003,-0.166609,-0.9193359999999999,-0.152713,0.2202280000000001,-0.895157,0.27180000000000004,0.3868370000000001,0.02417899999999995,0.9719384254812413,0.380704503775587,0.380704503775587,0.02806157451875868,0.619295496224413,-0.895157
159,0.6625,walk,0.181105,-1.337354,0.918551,0.016104,0.022597,-0.673217,-0.22054235661147015,0.6174706023518451,-0.058075353971673294,0.05903568198111363,0.09454352450723193,0.04853276342317026,0.0071994240460701376,-0.006479481641468453,0.014638828893688385,-0.020398368130549818,0.09911207103431571,-0.19054475641948487,0.120036,-0.16920900000000016,-0.919033,-0.151879,0.21806799999999993,-0.895709,0.271915,0.3872770000000001,0.02332400000000001,0.9707448627343302,0.40718231465980087,0.40718231465980087,0.02925513726566975,0.5928176853401992,-0.895709
160,0.666667,walk,0.18016,-1.334779,0.918275,0.015972,0.02276,-0.672952,-0.2267818574514025,0.6179505639548775,-0.06623470122391453,0.006888274225252752,0.09583091350364749,0.17357735050743234,0.01223902087833522,-0.00743940484758627,0.016558675305975396,0.031197504199664182,0.12263018958481504,-0.22486201103911524,0.12103200000000003,-0.17181500000000005,-0.918688,-0.150804,0.21600399999999986,-0.89637,0.271836,0.3878189999999999,0.02231799999999995,0.9635107281962928,0.34678650106438436,0.34678650106438436,0.0364892718037072,0.6532134989356156,-0.89637
161,0.670833,walk,0.179063,-1.3325,0.918231,0.016109,0.021996,-0.672562,-0.2633221315410432,0.5470475276043971,-0.010561689870363166,-0.1968235180407652,-0.3224577594225768,0.2521892534605717,0.00984157465193416,-0.008641382621201382,0.015602496399423899,0.035285645703312815,0.11497839654347525,-0.17114738358137332,0.12216999999999997,-0.1741299999999999,-0.918579,-0.14956,0.21420400000000006,-0.897039,0.27172999999999997,0.38833399999999996,0.021540000000000004,0.9660487285817506,0.43596561904116476,0.43596561904116476,0.033951271418249385,0.5640343809588353,-0.897039
162,0.675,walk,0.178079,-1.329767,0.918007,0.015935,0.022235,-0.672605,-0.23614110871130434,0.6558675305975703,-0.05375569954403654,0.015259641692378896,0.1417767978723314,-0.025135778880813503,0.013438924886009136,-0.010319174466046297,0.015598752099831897,0.011519078473721878,0.10919126469879259,-0.18478521718262395,0.12320999999999999,-0.176906,-0.91829,-0.148528,0.21192599999999984,-0.897585,0.271738,0.38883199999999984,0.020705000000000084,0.9616155727893421,0.43470970996862457,0.43470970996862457,0.038384427210657934,0.5652902900313754,-0.897585
163,0.679167,walk,0.177114,-1.326542,0.917579,0.016355,0.024058,-0.672864,-0.2315814734821243,0.7739380849531732,-0.10271178305735351,0.7371257811259513,0.5166545818234302,-0.17995947703717152,0.011279097672191058,-0.009359251259928729,0.015838732901368193,0.01535877129829597,0.11039116870653605,-0.1759059275258007,0.124222,-0.18016999999999994,-0.9177960000000001,-0.147499,0.20916100000000015,-0.8978900000000001,0.271721,0.3893310000000001,0.01990599999999998,0.9640340018456403,0.45386893249804605,0.45386893249804605,0.035965998154359746,0.546131067501954,-0.8978900000000001
164,0.683333,walk,0.176102,-1.323728,0.917333,0.015962,0.0247,-0.672767,-0.24291886701871926,0.6754680748920049,-0.059049447911684906,0.06844266621976547,0.3531364199538942,0.06855216884617758,0.015362457993280952,-0.010801728276488402,0.01656265002400383,0.036965914546327715,0.1058569371099168,-0.17906865098415736,0.125298,-0.1830289999999999,-0.917481,-0.14633300000000002,0.20678799999999997,-0.8983899999999999,0.271631,0.38981699999999986,0.01909100000000008,0.9582665926128171,0.45696253042784013,0.45696253042784013,0.0417334073871829,0.5430374695721598,-0.8983899999999999
165,0.6875,walk,0.175107,-1.320981,0.917049,0.015752,0.024874,-0.672553,-0.23878089752819492,0.6592272618190627,-0.06815454763617682,-0.01726906772645659,0.12562085086505465,0.14207446826976503,0.015118790496755281,-0.010559155267615717,0.020398368130549398,0.053035757139428194,0.08879289656826941,-0.1831053515718728,0.12635599999999997,-0.1858200000000001,-0.917112,-0.14511700000000002,0.2044109999999999,-0.898869,0.27147299999999996,0.390231,0.01824300000000001,0.9541691816314306,0.46707614290295507,0.46707614290295507,0.04583081836856939,0.5329238570970449,-0.898869
166,0.691667,walk,0.173818,-1.318457,0.916988,0.015163,0.023911,-0.672657,-0.30933525317974625,0.6057115430765422,-0.01463882889368305,-0.5207638386738406,-0.15026984388084547,-0.053299824041312636,0.016558675305985295,-0.009599232061444612,0.02255819534437228,0.06767458603311707,0.06791456683466068,-0.16150707943364406,0.12771400000000002,-0.1883840000000001,-0.916957,-0.143546,0.20216999999999996,-0.899481,0.27126,0.39055400000000007,0.017476000000000047,0.9506934993790719,0.512204793024283,0.512204793024283,0.04930650062092812,0.487795206975717,-0.899481
167,0.695833,walk,0.172748,-1.315565,0.91664,0.014965,0.024861,-0.672499,-0.2568410945751289,0.6941910705712656,-0.08353336533845768,0.237464859707999,0.39868402913502166,0.10273386910254614,0.019203072491591196,-0.00984157465193416,0.025684109457513184,0.04824771963514154,0.06601056168987639,-0.1269803168506964,0.12886399999999998,-0.19131699999999996,-0.916502,-0.142275,0.1995530000000001,-0.899662,0.271139,0.39087000000000005,0.016840000000000077,0.9440911440285665,0.579887876223941,0.579887876223941,0.05590885597143347,0.420112123776059,-0.899662
168,0.7,walk,0.171738,-1.312184,0.916204,0.01549,0.02718,-0.672789,-0.24238060955124313,0.8113750899928348,-0.10463162946964248,0.9339559153609621,0.6599938213807064,-0.20744974972776023,0.01991840652747812,-0.010079193664477147,0.027357811375090513,0.030717542596592772,0.05471562275015582,-0.13390928725702186,0.129957,-0.1947399999999999,-0.915952,-0.141137,0.1963999999999999,-0.899784,0.271094,0.3911399999999998,0.01616799999999996,0.9411503113678833,0.5918501234892856,0.5918501234892856,0.0588496886321167,0.40814987651071444,-0.899784
169,0.704167,walk,0.170577,-1.309625,0.916061,0.014782,0.02595,-0.672688,-0.2786177105831501,0.6141108711302996,-0.034317254619631185,-0.6481680923947902,-0.21047116463537976,0.08468360018811744,0.022078233741309287,-0.012958963282936905,0.027837772978161535,0.02903767698584081,0.06311495080396502,-0.13222942164626714,0.13121000000000002,-0.1973529999999999,-0.915693,-0.139855,0.19410400000000005,-0.900192,0.271065,0.39145699999999994,0.015500999999999987,0.9369672761600052,0.5960405202487681,0.5960405202487681,0.06303272383999481,0.4039594797512319,-0.900192
170,0.708333,walk,0.169459,-1.306637,0.915898,0.014326,0.025937,-0.672738,-0.2683629380700929,0.717234757561207,-0.03912626020163805,-0.16640765648669753,0.1434631181054065,-0.024106868320212606,0.02040326452231065,-0.01512241958716904,0.033365338454152633,0.043927028324531686,0.052568410945743896,-0.13658185309649576,0.13241299999999998,-0.20040400000000003,-0.915391,-0.138554,0.19133500000000003,-0.900598,0.27096699999999996,0.39173900000000006,0.014792999999999945,0.9301146457185069,0.597404510026401,0.597404510026401,0.06988535428149312,0.40259548997359895,-0.900598
171,0.7125,walk,0.168377,-1.303639,0.915505,0.014452,0.027174,-0.672461,-0.259659227261817,0.7194624430045676,-0.0943124550035934,0.44616051870822077,0.3937836433810046,0.17141696192250697,0.017038636909057527,-0.015838732901343647,0.03839692824574004,0.034797216222702584,0.046556275497966405,-0.1382289416846642,0.13356600000000002,-0.20346799999999998,-0.914838,-0.137327,0.188531,-0.900781,0.270893,0.391999,0.014056999999999986,0.9251760453845288,0.6095101608273256,0.6095101608273256,0.0748239546154712,0.39048983917267444,-0.900781
172,0.716667,walk,0.16737,-1.300194,0.915101,0.015032,0.028942,-0.6727,-0.24166066714662832,0.8267338612910713,-0.09695224382048401,0.7754190791121259,0.4458195897938776,-0.1753417219341426,0.01871850251979035,-0.014158867290624141,0.04031677465802707,0.030717542596591953,0.04583633309336472,-0.14446844252459695,0.134651,-0.20697199999999993,-0.914266,-0.13619199999999998,0.18527700000000014,-0.9009790000000001,0.270843,0.39224900000000007,0.013286999999999938,0.9222486481295977,0.6093851447862199,0.6093851447862199,0.07775135187040227,0.39061485521378014,-0.9009790000000001
173,0.720833,walk,0.166145,-1.297521,0.914958,0.014184,0.027588,-0.672382,-0.29404704752761296,0.6416226596255922,-0.034325492078734504,-0.7363598792184471,-0.2138913011207164,0.2301526664059547,0.020163226116185953,-0.016322611617848953,0.04512722035525801,0.04704752760441751,0.05208833413344151,-0.14330292846855833,0.13596000000000003,-0.20971300000000004,-0.913935,-0.13477099999999997,0.1828209999999999,-0.901433,0.270731,0.39253399999999994,0.012502000000000013,0.9132460478897104,0.6090309984448239,0.6090309984448239,0.08675395211028958,0.3909690015551761,-0.901433
174,0.725,walk,0.16508,-1.294451,0.914623,0.014755,0.028024,-0.67214,-0.255579553635703,0.7367410607151147,-0.08039356851453867,0.34527595409100303,-0.033713255844929256,0.14359163842212397,0.02279817614591097,-0.020638348932092595,0.05135589152867731,0.03359731221502284,0.035997120230403974,-0.11615070794336366,0.13712000000000002,-0.21286899999999997,-0.9133859999999999,-0.13356600000000002,0.1799010000000001,-0.901582,0.27068600000000004,0.39277000000000006,0.011803999999999926,0.9002346380956232,0.6716985291231914,0.6716985291231914,0.09976536190437679,0.3283014708768086,-0.901582
175,0.729167,walk,0.164039,-1.290895,0.91439,0.014952,0.029446,-0.672338,-0.24982001439884957,0.8533717302616001,-0.055915526757841595,0.5277205761076892,0.44595921126212695,-0.1403036522416667,0.03407727381808841,-0.03479721622271673,0.05639548836093069,0.035757139428844543,0.037197024238037925,-0.10751139908807225,0.138303,-0.21657000000000015,-0.912918,-0.132376,0.17649999999999988,-0.9017970000000001,0.270679,0.39307000000000003,0.011120999999999936,0.8758075199629474,0.6900376934712891,0.6900376934712891,0.12419248003705263,0.30996230652871093,-0.9017970000000001
176,0.733333,walk,0.162991,-1.287776,0.914121,0.014661,0.029734,-0.672011,-0.2515602496399406,0.7486797887661713,-0.06457033125301838,-0.00782541326213278,0.18969796351394677,0.21652254912505722,0.030724915986561904,-0.04512722035522199,0.06841094575132019,0.035045607297167596,0.035765722515591604,-0.11113778204512711,0.13947900000000002,-0.21987699999999988,-0.912364,-0.131182,0.17352999999999996,-0.901991,0.27066100000000004,0.39340699999999984,0.010372999999999966,0.854125777370822,0.693107584842134,0.693107584842134,0.14587422262917804,0.306892415157866,-0.901991
177,0.7375,walk,0.161956,-1.284649,0.913993,0.014655,0.030421,-0.671558,-0.24838012958963288,0.7504199664027065,-0.03071754259656947,0.22322396529468833,0.2372183611965002,0.2893015164294216,0.012718982481394128,-0.05423566114712209,0.04703623710103156,0.04775617950564032,0.03191744660430999,-0.11423086153107681,0.140567,-0.22323000000000004,-0.9120400000000001,-0.12994799999999998,0.17053600000000002,-0.902339,0.270515,0.39376600000000006,0.00970100000000007,0.8784854026138341,0.6898907416663542,0.6898907416663542,0.12151459738616588,0.3101092583336458,-0.902339
178,0.741667,walk,0.161054,-1.281582,0.914181,0.014177,0.028232,-0.671115,-0.21646268298536198,0.7360211183105325,0.045116390688737594,-0.8724121975427745,-0.6339797022092948,0.3094785432734603,0.040796736261100724,-0.042716582673389694,0.058315334773219235,0.052555795536357364,0.031197504199655855,-0.10775137988961082,0.141639,-0.22647499999999998,-0.911985,-0.128827,0.16759900000000005,-0.902976,0.270466,0.39407400000000004,0.009009000000000045,0.8616590524729755,0.7034466875416269,0.7034466875416269,0.13834094752702453,0.29655331245837313,-0.902976
179,0.745833,walk,0.160104,-1.278413,0.914131,0.013279,0.027872,-0.670571,-0.22803648583773542,0.7606817090734458,-0.012001920307247829,-0.431487413091867,0.15052270936382917,0.37166182252540986,0.04776764282285276,-0.043686989918417275,0.06433029284685546,0.04224675948151762,0.03720595295244961,-0.10993759001440224,0.142788,-0.22982600000000009,-0.911667,-0.127701,0.16458499999999998,-0.9033840000000001,0.270489,0.39441100000000007,0.00828299999999993,0.8478972627287571,0.7113157816266038,0.7113157816266038,0.1521027372712429,0.2886842183733962,-0.9033840000000001
180,0.75,walk,0.159047,-1.275167,0.914015,0.013448,0.028434,-0.670149,-0.25365970722342074,0.7789776817854709,-0.02783777297816273,0.24437026347692792,0.13807317613713918,0.266346908480926,0.03599712023037733,-0.017278617710547017,0.07367410607151371,0.044876409887208604,0.023998080153584886,-0.10439164866810567,0.14399499999999998,-0.23314400000000002,-0.911244,-0.12645699999999999,0.1614389999999999,-0.903703,0.27045199999999997,0.3945829999999999,0.00754100000000002,0.8603355489405637,0.7310311062416242,0.7310311062416242,0.13966445105943626,0.26896889375837585,-0.903703
181,0.754167,walk,0.15799,-1.271961,0.913987,0.013602,0.027845,-0.669806,-0.25365970722342074,0.7693784497240264,-0.006719462443011228,-0.1320801924357728,-0.26587439225745213,0.22199877289307726,0.037676985841136795,-0.0004799616030855522,0.07631389488840838,0.03215742740580781,0.0439164866810758,-0.09263258939284767,0.145209,-0.23635200000000012,-0.910898,-0.125266,0.1584159999999999,-0.904061,0.270475,0.394768,0.006836999999999982,0.8581511350234117,0.7525617746609099,0.7525617746609099,0.14184886497658833,0.2474382253390901,-0.904061
182,0.758333,walk,0.156913,-1.268704,0.913908,0.013485,0.027386,-0.669626,-0.2585213634181454,0.7818050888141721,-0.018963034085439312,-0.18804871207574952,-0.12946515792582952,0.12119984751129323,0.03888622179548616,0.004560729716752576,0.06577052328372533,0.033125300048007476,0.04872779644742033,-0.08737397983677417,0.146448,-0.23958999999999997,-0.910545,-0.124051,0.155362,-0.9043460000000001,0.270499,0.39495199999999997,0.0061989999999999545,0.8724297553623008,0.762369141661736,0.762369141661736,0.12757024463769917,0.23763085833826403,-0.9043460000000001
183,0.7625,walk,0.155823,-1.265388,0.913835,0.013718,0.027204,-0.669234,-0.26157907367411287,0.7957763378930068,-0.017518598512143546,0.02734113481000098,-0.14692357555098604,0.24979284915556527,0.03839692824573951,0.00599952003838306,0.06671466282697512,0.04343652507799473,0.040316774658015156,-0.08759299256059658,0.147698,-0.24288100000000012,-0.910194,-0.12277999999999999,0.15221399999999985,-0.9046379999999999,0.270478,0.395095,0.005556000000000005,0.8713190360327311,0.7681770463751736,0.7681770463751736,0.1286809639672689,0.2318229536248264,-0.9046379999999999
184,0.766667,walk,0.154834,-1.262033,0.913562,0.013905,0.028144,-0.668807,-0.23734101271897826,0.8051355891528609,-0.06551475881928621,0.37186636299242926,0.26756155907551765,0.2670406149383602,0.03383729301655895,0.009839212863014032,0.0731941444684419,0.030957523398127237,0.04703623710105195,-0.07775377969762351,0.148828,-0.24619499999999994,-0.909616,-0.12166199999999999,0.14905499999999994,-0.904689,0.27049,0.3952499999999999,0.004927000000000015,0.8646080248878247,0.7907263011465868,0.7907263011465868,0.13539197511217527,0.20927369885341318,-0.904689
185,0.770833,walk,0.153787,-1.258813,0.913308,0.013715,0.028992,-0.668203,-0.2513202112337954,0.7729236677868455,-0.06096975516082004,0.20924592924840943,0.35240129221757066,0.38896261058554815,0.03048487758041002,0.01248199711952495,0.07753240518482961,0.019923187710033527,0.055208833413334685,-0.0720115218434949,0.15000199999999997,-0.249363,-0.909039,-0.120532,0.1460649999999999,-0.904735,0.270534,0.3954279999999999,0.0043040000000000855,0.8595997599427403,0.8021248908102674,0.8021248908102674,0.1404002400572597,0.1978751091897326,-0.904735
186,0.775,walk,0.152893,-1.255486,0.91338,0.013152,0.028351,-0.667582,-0.21454283657307394,0.798416126709823,0.01727861771057366,-0.4016819553365446,-0.060441360098750306,0.4150175371234262,0.02999760019199443,0.011519078473733534,0.08663306935445082,0.02687784977201827,0.0508759299256298,-0.06599472042236593,0.15102100000000002,-0.2526419999999998,-0.90875,-0.119526,0.14295000000000013,-0.9050819999999999,0.27054700000000004,0.39559199999999994,0.0036680000000000046,0.8459993335878789,0.8173930569220127,0.8173930569220127,0.15400066641212107,0.1826069430779873,-0.9050819999999999
187,0.779167,walk,0.151973,-1.252181,0.913333,0.013086,0.028613,-0.666712,-0.22078233741300626,0.7931365490760951,-0.011279097672190758,0.0673557107558493,0.09870706580807526,0.5602105380357856,0.042476601871845786,0.03983681305492853,0.09527237820974264,0.015598752099832507,0.051355891528662066,-0.06647468202543733,0.152118,-0.25578100000000004,-0.908306,-0.118541,0.13985899999999996,-0.9053119999999999,0.270659,0.39564,0.002994000000000052,0.8138992250994336,0.8276635267665318,0.8138992250994336,0.18610077490056642,0.17233647323346823,-0.9053119999999999
188,0.783333,walk,0.151027,-1.248886,0.913324,0.012727,0.027893,-0.666162,-0.22707633221316056,0.7909265482477517,-0.0021603456552870782,-0.35454075606506735,-0.1531669863989815,0.36538582220665156,0.05496879500719759,0.027364378300516187,0.1080172827652452,0.031204992798848186,0.05760921747480178,-0.03144503120499383,0.15329299999999998,-0.25896200000000014,-0.9078470000000001,-0.11746499999999999,0.13680399999999993,-0.9054340000000001,0.270758,0.39576600000000006,0.0024129999999999985,0.7929163413798396,0.8547483497066986,0.7929163413798396,0.20708365862016043,0.14525165029330145,-0.9054340000000001
189,0.7875,walk,0.150089,-1.24556,0.913168,0.012506,0.027915,-0.665559,-0.2251019918406497,0.7981761459083069,-0.03743700503960734,-0.06723992040439793,0.06760316540706712,0.3917349076868026,0.09911207103431571,0.05615550755941102,0.12694984401247802,0.018958483321333125,0.04343652507799024,-0.02087832973362101,0.15464399999999998,-0.262054,-0.907162,-0.116448,0.13365899999999997,-0.905365,0.271092,0.395713,0.0017970000000000486,0.7157226190811028,0.8957156447313088,0.7157226190811028,0.2842773809188972,0.10428435526869118,-0.905365
190,0.791667,walk,0.149163,-1.242231,0.913007,0.012155,0.027666,-0.664818,-0.22222222222222296,0.7988960883129086,-0.03863690904726794,-0.19929942626134942,0.009498414200083273,0.4843673372941802,0.10967122630190478,0.07055435565155128,0.1341492680585542,0.011999040076794108,0.029757619390451653,-0.015598752099831883,0.15602700000000003,-0.2650889999999999,-0.906442,-0.11547199999999999,0.13045400000000007,-0.905269,0.27149900000000005,0.395543,0.0011729999999999796,0.6881875514716194,0.9288091365494284,0.6881875514716194,0.31181244852838064,0.07119086345057157,-0.905269
191,0.795833,walk,0.148212,-1.23892,0.912986,0.012325,0.027824,-0.664169,-0.22827652424387396,0.7947671627460541,-0.0050408065290563474,0.11664294175188392,-0.008986728669628559,0.41282206612635186,0.106096975516082,0.07225156024961221,0.1637061929908785,0.009841574651944152,0.01968314930386832,-0.009121459433509317,0.15742,-0.2680990000000001,-0.905739,-0.11448000000000001,0.12722499999999992,-0.9052859999999999,0.27190000000000003,0.395324,0.0004530000000000367,0.6532829612087986,0.9557667962269025,0.6532829612087986,0.3467170387912014,0.044233203773097474,-0.9052859999999999
192,0.8,walk,0.147368,-1.235624,0.912657,0.011457,0.028446,-0.663334,-0.2025437964962815,0.7909767218622368,-0.07895368370528202,-0.10609054810285799,0.48497781453585953,0.5479737724869788,0.14182865370770426,0.11039116870653311,0.20854331653467564,0.004319654427646745,0.01391888648910801,-0.005039596832253425,0.15885500000000002,-0.2709349999999999,-0.904541,-0.113618,0.12398700000000007,-0.9049780000000001,0.272473,0.394922,0.0004370000000000207,0.5367912120065841,0.9742991379466552,0.5367912120065841,0.4632087879934159,0.025700862053344764,-0.904541
193,0.804167,walk,0.146459,-1.232389,0.912684,0.011054,0.028131,-0.662563,-0.21814254859611482,0.776337892968601,0.006479481641468625,-0.23823896068633324,0.0014522124022136086,0.5036356847989721,0.10799136069113487,0.12838972882168523,0.20566354691625063,-0.0019198464122873083,0.015838732901344067,-0.004079673626109906,0.16021399999999997,-0.2736350000000001,-0.903711,-0.11271700000000001,0.12081799999999987,-0.9050220000000001,0.272931,0.39445299999999994,0.0013110000000000621,0.5445365999873156,0.9725533341904264,0.5445365999873156,0.45546340001268437,0.027446665809573556,-0.903711
194,0.808333,walk,0.145591,-1.229214,0.912703,0.010482,0.028247,-0.661811,-0.2083533365338471,0.7621219395103038,0.004560729716752576,-0.16200956811906803,0.21059427321028645,0.4913211597924359,0.06649063850216683,0.14954392702833408,0.23211713874219836,-0.013922227556409613,0.014882381180990506,-0.003120499279884777,0.161359,-0.27618699999999996,-0.9027630000000001,-0.111907,0.11770499999999995,-0.905054,0.273266,0.3938919999999999,0.002290999999999932,0.5037368395662398,0.965638716655688,0.5037368395662398,0.4962631604337602,0.03436128334431199,-0.9027630000000001
195,0.8125,walk,0.144755,-1.22607,0.912712,0.009996,0.02894,-0.660841,-0.20062395008399256,0.7544996400288005,0.0021598272138050553,0.054344195496826085,0.3873100978558746,0.6243627583354437,0.11831053515719162,0.16846652267817977,0.22726181905447432,-0.018718502519798678,0.01703863690908417,0.0,0.16268800000000003,-0.278629,-0.901825,-0.111149,0.11463200000000007,-0.905063,0.273837,0.3932610000000001,0.003237999999999963,0.46762,0.9578133287142032,0.46762,0.5323800000000001,0.042186671285796784,-0.901825
196,0.816667,walk,0.143999,-1.222921,0.912772,0.009338,0.030046,-0.659825,-0.18142548596112332,0.7556995440364878,0.014398848092166919,0.12396064099775357,0.5899734052707356,0.6525851451021323,0.14110871130308925,0.20374370050398205,0.22606191504679415,-0.025197984161265462,0.016318694504429198,-0.001439884809215443,0.164032,-0.280929,-0.900943,-0.11049799999999999,0.11155099999999996,-0.9051290000000001,0.27453,0.39247999999999994,0.004186000000000023,0.45814,0.9499080993355412,0.45814,0.54186,0.05009190066445879,-0.900943
197,0.820833,walk,0.143243,-1.219785,0.912929,0.008675,0.031807,-0.658736,-0.1814690350456021,0.7527604416706734,0.03768602976475339,0.33057563807258816,0.8269723953852811,0.6925143191075253,0.14618338934230093,0.24843975036003274,0.19443110897743623,-0.02664426308209311,0.012722035525650186,-0.0021603456553047178,0.16539700000000002,-0.2830300000000001,-0.90029,-0.109853,0.10846799999999979,-0.905295,0.27525,0.3914979999999999,0.005004999999999926,0.44995,0.950658952279565,0.44995,0.5500499999999999,0.049341047720435016,-0.90029
198,0.825,walk,0.142476,-1.216714,0.913162,0.008136,0.033031,-0.657651,-0.1840652747780255,0.7369810415166504,0.05591552675786973,0.2053459885329944,0.593702424325613,0.6899376483331134,0.0952723782097404,0.26949844012479157,0.27237820974322585,-0.03167746580273643,0.01151907847373384,0.0007199424046075325,0.16656100000000001,-0.28497799999999995,-0.8993880000000001,-0.10921799999999998,0.10544500000000001,-0.905525,0.275779,0.39042299999999996,0.006136999999999948,0.43863,0.9438091217952018,0.43863,0.5613699999999999,0.05619087820479818,-0.8993880000000001
199,0.829167,walk,0.141792,-1.213665,0.913383,0.007646,0.034066,-0.656563,-0.16414686825053634,0.7317014638829028,0.05303575713940821,0.16340754204854582,0.5098468009477733,0.6917159796102663,0.10487161027118247,0.3064554835613062,0.18742500599951872,-0.024718022558196565,0.006479481641468453,0.0007199424046077215,0.16768200000000003,-0.28675000000000006,-0.898828,-0.10863700000000001,0.10242299999999993,-0.905743,0.27631900000000004,0.389173,0.0069150000000000045,0.43085,0.9573944891867915,0.43085,0.56915,0.042605510813208514,-0.898828
200,0.833333,walk,0.14108,-1.210609,0.913675,0.007183,0.035703,-0.65553,-0.1709073451752256,0.7335573691790556,0.07009121459435184,0.36236576773340345,0.7207576018927089,0.6479093541930352,0.1361017762842016,0.37542006721078247,0.23571771483437337,-0.031204992798847354,0.0033605376860197985,0.0,0.168961,-0.2882419999999999,-0.898138,-0.10805500000000001,0.09938099999999994,-0.906035,0.27701600000000004,0.38762299999999983,0.007897000000000043,0.42103,0.9476909613420376,0.42103,0.57897,0.05230903865796244,-0.898138
201,0.8375,walk,0.14038,-1.207605,0.914267,0.006865,0.036079,-0.65444,-0.1679865610751142,0.720902327813771,0.14206863450924703,0.01864016661090903,0.21644687617381245,0.6945931900212423,0.1605471562274946,0.4451643868490343,0.24382049436044878,-0.0247180225581949,0.0014398848092566567,0.005279577633789333,0.17032999999999998,-0.28939099999999995,-0.897714,-0.107458,0.09638300000000011,-0.9066050000000001,0.277788,0.38577400000000006,0.008891000000000093,0.41109,0.9578057452751573,0.41109,0.58891,0.04219425472484273,-0.897714
202,0.841667,walk,0.139833,-1.204637,0.914598,0.006488,0.036937,-0.65328,-0.13126949844012184,0.7122630189584975,0.07943364530836758,0.14975655558953674,0.40889121057554795,0.7329418197029295,0.18862491000720014,0.5063594912407103,0.23734101271898075,-0.01679865610751142,0.00023998080151613289,0.0045596352291816114,0.17166299999999998,-0.290249,-0.8970560000000001,-0.10698100000000002,0.09341599999999994,-0.906917,0.278644,0.3836649999999999,0.009860999999999898,0.40139,0.970986463349617,0.40139,0.59861,0.029013536650382976,-0.8970560000000001
203,0.845833,walk,0.139343,-1.201724,0.914977,0.00547,0.03773,-0.652094,-0.11761881901104919,0.6992318771003406,0.09097455592895536,-0.10291707988103836,0.5858664623714955,0.7621888667818872,0.17618819011042522,0.6089774363898409,0.22635621699472572,-0.01632261161785895,0.00024003840612524228,0.0,0.172887,-0.2906249999999999,-0.8964920000000001,-0.10655899999999999,0.09050399999999992,-0.907296,0.279446,0.38112899999999983,0.010803999999999925,0.39196,0.97279270581546,0.39196,0.60804,0.027207294184540043,-0.8964920000000001
204,0.85,walk,0.138921,-1.198749,0.91541,0.005497,0.038775,-0.650465,-0.10127189824814074,0.713942884569217,0.10391168706501137,0.3628398172634236,0.34265090423725075,1.0158456320478095,0.14686825053995603,0.6933045356371244,0.18382529397648031,-0.012479001679866339,-0.0014398848092033701,0.005279577633789125,0.17392100000000002,-0.29071099999999994,-0.8961589999999999,-0.10618899999999999,0.08752300000000002,-0.9077069999999999,0.28011,0.37823399999999996,0.011548000000000003,0.38452,0.9772897055170343,0.38452,0.61548,0.022710294482965687,-0.8961589999999999
205,0.854167,walk,0.138436,-1.195883,0.915997,0.004911,0.038407,-0.649326,-0.11639068874489603,0.6877849772018271,0.1408687305015598,-0.30966586866360446,0.02739448366922862,0.7361770647097128,0.14542836573073933,0.8080153587712676,0.2003839692824556,-0.008879289656826274,-0.0021598272138050553,0.0026397888168947707,0.175012,-0.2902100000000001,-0.8959109999999999,-0.105741,0.08464800000000006,-0.908283,0.28075300000000003,0.37485800000000014,0.01237200000000005,0.37628,0.9841469312994194,0.37628,0.62372,0.015853068700580564,-0.8959109999999999
206,0.858333,walk,0.137891,-1.193064,0.916656,0.004719,0.038547,-0.648094,-0.13082093134901332,0.6766682669227376,0.1581853096495621,-0.006117354823072413,0.0887085354770976,0.7791599905358179,0.13106096975515855,0.914306289006282,0.18939030244839197,-0.0055208833413351345,-0.0019203072491617847,0.0019203072491597026,0.17610299999999998,-0.28922000000000003,-0.895781,-0.10521900000000001,0.08182099999999992,-0.908934,0.281322,0.37104099999999995,0.01315299999999997,0.36846999999999996,0.9897455547943843,0.36846999999999996,0.63153,0.010254445205615692,-0.895781
207,0.8625,walk,0.137226,-1.190287,0.917448,0.004443,0.037578,-0.647261,-0.1595872330213635,0.6664266858650795,0.1900647948164168,-0.38847722659802647,-0.2838043477818359,0.5430881560902017,0.12191024718022668,1.0367170626349524,0.21022318214542635,-0.0021598272138233727,-0.004079673626093978,0.0038396928245740983,0.17727600000000002,-0.28767699999999996,-0.8956970000000001,-0.10456299999999999,0.07902700000000018,-0.90971,0.281839,0.36670400000000014,0.014012999999999942,0.35987,0.9899928037731585,0.35987,0.64013,0.010007196226841542,-0.8956970000000001
208,0.866667,walk,0.136523,-1.187502,0.918264,0.004596,0.036679,-0.646471,-0.16870650347972038,0.6683465322774395,0.19582433405326216,-0.21065027715317514,-0.3905956909395255,0.5058076588060705,0.116150707943363,1.0938324934005637,0.20038396928246097,-0.0011999040076789433,-0.0052795776338346425,0.0028797696184305463,0.17846299999999998,-0.28590399999999994,-0.895678,-0.10386500000000001,0.07621999999999995,-0.9105139999999999,0.28232799999999997,0.3621239999999999,0.01483599999999996,0.35164000000000006,0.9897792717868477,0.35164000000000006,0.6483599999999999,0.010220728213152341,-0.895678
209,0.870833,walk,0.135851,-1.18473,0.91899,0.004618,0.035808,-0.645701,-0.16130580892943,0.6653864618338922,0.17426788286125874,-0.2502417559695129,-0.3393756105849006,0.49446357481123665,0.08377340374459624,1.212193951032164,0.22491598655784917,-0.0012001920307244498,-0.006721075372039597,0.0036005760921748067,0.17948399999999998,-0.28362599999999993,-0.895467,-0.103198,0.07342000000000004,-0.911225,0.282682,0.357046,0.01575799999999994,0.34242000000000006,0.9871355935423449,0.34242000000000006,0.6575799999999999,0.012864406457655075,-0.895467
210,0.875,walk,0.135153,-1.182001,0.91962,0.004834,0.034539,-0.645038,-0.16750659947204197,0.6549076073913992,0.1511879049676061,-0.3041791852681139,-0.5435927076550395,0.42771449315641846,0.1478281737461005,1.2347012239020676,0.16750659947204113,0.0011999040076789112,-0.007919366450671823,0.005759539236860939,0.180798,-0.28120999999999996,-0.895399,-0.102495,0.07065800000000011,-0.911831,0.28329299999999996,0.35186800000000007,0.016432000000000002,0.33568000000000003,0.9835574715694153,0.33568000000000003,0.66432,0.01644252843058469,-0.895399
211,0.879167,walk,0.134461,-1.179246,0.920239,0.005136,0.033668,-0.644341,-0.16606671466282527,0.6611471082313516,0.1485481161507155,-0.1489047424105312,-0.4245931191551671,0.441836385153505,0.10631149508039917,1.3016558675306105,0.1293496520278371,0.004079673626110629,-0.008159347252241243,0.005759539236861147,0.181933,-0.2785409999999999,-0.895479,-0.10178599999999999,0.06786899999999996,-0.9124260000000001,0.283719,0.3464099999999999,0.016947000000000045,0.33053,0.982019225027579,0.33053,0.66947,0.01798077497242101,-0.895479
212,0.883333,walk,0.133765,-1.17653,0.920857,0.005369,0.032902,-0.643739,-0.1670667306769087,0.6519443110897597,0.14834373499760128,-0.14309337938492458,-0.3632319869083637,0.3821800104659968,0.10225636101775844,1.391502640422479,0.1495439270283241,0.005760921747478691,-0.006961113778164833,0.0031204992798845687,0.183055,-0.2754599999999998,-0.895474,-0.10106599999999999,0.06512400000000018,-0.913031,0.284121,0.340584,0.017557000000000045,0.32443,0.9840676046153958,0.32443,0.67557,0.015932395384604225,-0.895474
213,0.8875,walk,0.132993,-1.173817,0.921668,0.005221,0.032306,-0.643362,-0.18526517878569945,0.6510679145668388,0.19462443004560154,-0.23338603605739972,-0.1793722572272907,0.24542313511344135,0.1221502279817727,1.462922966162706,0.15622750179985953,-0.00287976961843013,-0.00911927045841259,0.0057595392368610925,0.18433600000000003,-0.2720769999999999,-0.895634,-0.100306,0.06237300000000001,-0.913818,0.284642,0.3344499999999999,0.018183999999999978,0.31816,0.9813939631235024,0.31816,0.68184,0.018606036876497645,-0.895634
214,0.891667,walk,0.132293,-1.171167,0.922331,0.005433,0.03119,-0.643042,-0.1679865610751142,0.6359491240700794,0.15910727141827793,-0.2626048680473173,-0.48080742260745707,0.2080407589260864,0.12263018958482837,1.5368370530357638,0.1713462922966148,0.00887928965682794,-0.009359251259875193,0.005279577633789541,0.18554700000000002,-0.26832299999999987,-0.895583,-0.09956899999999999,0.05968400000000007,-0.914459,0.28511600000000004,0.32800699999999994,0.018876000000000004,0.31124,0.976767401437579,0.31124,0.68876,0.023232598562420992,-0.895583
215,0.895833,walk,0.131618,-1.168536,0.923074,0.005623,0.030587,-0.642782,-0.16202592414785902,0.6315410465674623,0.17834853576570753,-0.11309470119004002,-0.2844645435925102,0.16579918924074502,0.11689870379261039,1.578492558809388,0.12818050888142088,0.004080652904463795,-0.010561689870363166,0.0064810369659143606,0.186709,-0.264378,-0.8957919999999999,-0.09887700000000002,0.05700900000000009,-0.915175,0.285586,0.3213870000000001,0.01938300000000004,0.30617,0.9782562358110303,0.30617,0.69383,0.021743764188969728,-0.8957919999999999
216,0.9,walk,0.131013,-1.165913,0.923613,0.006263,0.029528,-0.642395,-0.14518838492920988,0.629469642428611,0.12934965202785292,-0.08688810077768332,-0.592837144581399,0.24129140752562817,0.11975041996639497,1.6381089512838845,0.10823134149267977,-0.006959443244540683,-0.010319174466046297,0.01775857931365463,0.187813,-0.26017500000000005,-0.89588,-0.098301,0.05434300000000003,-0.91564,0.286114,0.3145180000000001,0.01976,0.3024,0.9638565223659445,0.3024,0.6976,0.036143477634055454,-0.89588
217,0.904167,walk,0.130409,-1.163341,0.924223,0.006554,0.028586,-0.642112,-0.1449484041276671,0.6172306215502757,0.1463882889368838,-0.18029048747680548,-0.44064086044003026,0.1806153533108232,0.11063114950803592,1.6957043436524988,0.08327333813294875,0.005279577633789541,-0.009599232061444612,0.006959443244540683,0.188878,-0.25568100000000005,-0.896143,-0.097675,0.05173099999999997,-0.9162210000000001,0.286553,0.307412,0.02007800000000004,0.29922000000000004,0.978368422873374,0.29922000000000004,0.70078,0.021631577126626,-0.896143
218,0.908333,walk,0.129853,-1.160761,0.924731,0.00719,0.027188,-0.641776,-0.13346135381661434,0.6192990878540792,0.12193951032164332,-0.1934723459628995,-0.715732297193938,0.2112434381451616,0.10945751320211805,1.7419587133942047,0.09313490158425576,0.003600576092175111,-0.007441190590522101,0.00888142102736433,0.18989,-0.251004,-0.8962629999999999,-0.097104,0.04911999999999983,-0.916692,0.28699399999999997,0.30012399999999984,0.02042900000000003,0.29571,0.9797779613440265,0.29571,0.7042900000000001,0.020222038655973495,-0.8962629999999999
219,0.9125,walk,0.129255,-1.158237,0.925302,0.007342,0.025692,-0.641617,-0.1435085193184504,0.6057115430765422,0.13702903767698196,-0.40345577915435354,-0.6000326524230525,0.10770820276431735,0.08639308855292158,1.88672906167506,0.1295896328293724,0.006959443244540683,-0.0038396928245245585,0.0076793856491481965,0.19084800000000002,-0.24566599999999994,-0.8962939999999999,-0.09647700000000001,0.046580000000000066,-0.9172309999999999,0.28732500000000005,0.292246,0.020936999999999983,0.29063000000000005,0.9815797473167718,0.29063000000000005,0.70937,0.018420252683228222,-0.8962939999999999
220,0.916667,walk,0.128802,-1.155712,0.925882,0.00775,0.024637,-0.641404,-0.10871130309575366,0.6059515238780584,0.13918886489081367,-0.17288423149899748,-0.5171147689383735,0.13367196944839807,0.038156947444195705,1.8005759539236281,0.028077753779698015,0.006239500839932337,-0.006719462443037872,0.008159347252219595,0.19146,-0.240688,-0.896757,-0.095998,0.04402700000000004,-0.917777,0.287458,0.28471500000000005,0.021019999999999928,0.28979999999999995,0.9795428976040909,0.28979999999999995,0.7102,0.020457102395909144,-0.896757
221,0.920833,walk,0.128304,-1.153221,0.926534,0.007795,0.023459,-0.641387,-0.11953912626020118,0.5979356697071577,0.15650504080652555,-0.34615760089065795,-0.4481539994367357,0.017046817137964687,0.09457513202112462,1.885741718675007,0.08281325012001868,-0.0021603456553053423,-0.009121459433505152,0.003360537686029792,0.192352,-0.23532299999999995,-0.897064,-0.09550900000000001,0.041498000000000035,-0.918415,0.287861,0.276821,0.02135100000000001,0.28649,0.9834033697290097,0.28649,0.71351,0.016596630270990342,-0.897064
222,0.925,walk,0.127908,-1.150767,0.927137,0.008284,0.022218,-0.641268,-0.0950323974082084,0.5889128869690274,0.14470842332613765,-0.20121147934217018,-0.6092080068363064,0.07428342078202493,0.09119270458363056,1.918886489080833,0.046076313894888345,0.0014398848092150266,-0.005759539236866767,0.009119270458363223,0.193128,-0.229781,-0.897475,-0.095107,0.039020000000000055,-0.91898,0.288235,0.26880100000000007,0.021504999999999996,0.28495,0.9818641963862769,0.28495,0.71505,0.018135803613723134,-0.897475
223,0.929167,walk,0.127512,-1.148337,0.927691,0.008766,0.020806,-0.641194,-0.09503239740821094,0.5831533477322295,0.13294936405089153,-0.25675594477494207,-0.6694367783586271,0.04603311264670689,0.08303335733141817,1.9580033597312654,0.014158867290617026,-0.0038396928245729516,-0.0035997120230085214,0.010799136069114652,0.19387000000000001,-0.22405200000000014,-0.89797,-0.09472699999999998,0.036575000000000024,-0.919489,0.288597,0.26062700000000016,0.021518999999999955,0.28481,0.9799776161734671,0.28481,0.71519,0.020022383826532875,-0.89797
224,0.933333,walk,0.127136,-1.145931,0.928222,0.009065,0.019106,-0.641315,-0.0902544407105106,0.5775324051848071,0.12746039366297354,-0.4141497727363614,-0.7169406037782914,-0.0731672883199079,0.08593374939990991,1.9855976956313133,0.04992798847815643,0.006961113778204807,-0.010081613058112695,0.003360537686029792,0.19460400000000003,-0.218186,-0.898293,-0.09432199999999999,0.03412700000000002,-0.920006,0.288926,0.252313,0.021712999999999982,0.28286999999999995,0.9788268224957293,0.28286999999999995,0.71713,0.021173177504270724,-0.898293
225,0.9375,walk,0.126311,-1.143887,0.928506,0.013207,0.017852,-0.641722,-0.1979841612670953,0.49052075833931347,0.06815454763620346,1.1366660954351313,-1.7313939613407914,-0.30746228744112775,0.08447324214061934,2.0328773698104277,0.022318214542836244,-0.0004799616030722306,-0.0011999040076872372,0.0007199424046079296,0.19578099999999998,-0.2117589999999998,-0.8984840000000001,-0.093499,0.03207800000000005,-0.9202870000000001,0.28928,0.24383699999999986,0.021803000000000017,0.28197000000000005,0.9975344316442698,0.28197000000000005,0.71803,0.0024655683557301966,-0.8984840000000001
226,0.941667,walk,0.125963,-1.14151,0.929017,0.013929,0.017067,-0.641986,-0.0835133189344882,0.5704343652507933,0.12263018958481504,0.022982846739251595,-0.5076909323510348,-0.17482849932513134,0.07343412526998468,2.0659947204223186,0.008879289656827107,-0.0014398848092150266,0.0011999040076872372,0.00215982721382254,0.19643500000000003,-0.20552700000000002,-0.898958,-0.09315699999999999,0.02970600000000001,-0.920789,0.289592,0.23523300000000003,0.021830999999999934,0.28169,0.9952338311783757,0.28169,0.71831,0.004766168821624284,-0.898958
227,0.945833,walk,0.125667,-1.13913,0.929426,0.014791,0.016943,-0.64221,-0.07105136821891275,0.5712914066250713,0.0981757081132963,0.27845487534911023,-0.30814126519380924,-0.152565481024005,0.056409025444067465,2.098895823331752,0.010561689870379823,-0.003360537686029792,-0.000480076812303771,0.006721075372059584,0.196966,-0.19916299999999998,-0.899323,-0.092875,0.027323999999999904,-0.9211699999999999,0.289841,0.22648699999999988,0.02184699999999995,0.28153,0.9874504823640902,0.28153,0.7184699999999999,0.012549517635909835,-0.899323
228,0.95,walk,0.125368,-1.136738,0.929773,0.015203,0.016287,-0.642632,-0.07175425965922712,0.574034077273817,0.08327333813294764,-0.05166005582110998,-0.3624170382785571,-0.270154173907677,0.059755219582434356,2.1235901127909895,-0.0016798656107511866,-0.00215982721382343,0.001439884809256695,0.00503959683225356,0.197514,-0.19270600000000004,-0.899677,-0.092585,0.024938000000000127,-0.921496,0.290099,0.21764400000000017,0.021819000000000033,0.28181,0.9905519463954561,0.28181,0.71819,0.009448053604543927,-0.899677
229,0.954167,walk,0.125072,-1.134328,0.93016,0.015533,0.016163,-0.643063,-0.07103431725462352,0.5783537317014651,0.09287257019439003,0.08235617348045461,-0.14135857497515789,-0.2747996431827293,0.06719462443004567,2.1540676745860394,0.014638828893688047,-0.0011999040076789112,0.0016798656107195032,0.0031197504199665846,0.19809000000000002,-0.18613999999999997,-0.900003,-0.09229399999999999,0.02253499999999997,-0.92187,0.290384,0.20867499999999994,0.02186699999999997,0.28133,0.993765115883505,0.28133,0.7186699999999999,0.006234884116494976,-0.900003
230,0.958333,walk,0.124812,-1.131965,0.930512,0.015753,0.016087,-0.643523,-0.06240998559769138,0.5672107537205692,0.08449351896303858,0.05672437364996331,-0.08939129988165385,-0.29172078219770264,0.12914066250599676,2.1877100336053914,0.056649063850216015,-0.0040806529044654614,0.0016802688430365487,0.004080652904464629,0.19888799999999998,-0.1793889999999998,-0.900119,-0.09205100000000001,0.02017900000000017,-0.922205,0.290939,0.19956799999999997,0.02208600000000005,0.27914,0.9899824099651444,0.27914,0.7208600000000001,0.010017590034855584,-0.900119
231,0.9625,walk,0.124535,-1.129668,0.930878,0.016479,0.015921,-0.644026,-0.06647468202543733,0.5512359011279573,0.08783297336212495,0.2147325815754742,-0.2780332930193011,-0.32592754426761633,0.04415646748260525,2.2073434125269373,0.006959443244540683,-0.0038396928245728493,0.0043196544276101105,-0.001679865610751142,0.199349,-0.1724880000000002,-0.900456,-0.09179000000000001,0.017899999999999805,-0.922578,0.291139,0.190388,0.022121999999999975,0.27878,0.9899688535285741,0.27878,0.72122,0.010031146471425889,-0.900456
232,0.966667,walk,0.124294,-1.127442,0.93128,0.017138,0.015697,-0.644556,-0.05783537317014717,0.5341972642188199,0.0964722822174251,0.17217447336802674,-0.2782353242643109,-0.34227458615618883,0.03167746580274058,2.233021358291348,0.035277177825773144,0.037916966642667915,0.03503719702423287,0.02135829133669303,0.199722,-0.16540899999999992,-0.900711,-0.091391,0.015819999999999945,-0.922891,0.291113,0.18122899999999986,0.022179999999999978,0.2782,0.906883016474509,0.2782,0.7218,0.09311698352549103,-0.900711
233,0.970833,walk,0.124087,-1.125141,0.931582,0.017614,0.015382,-0.645179,-0.049687950072012536,0.5523283725396467,0.07249159865579267,0.0768348889178723,-0.25373069696382433,-0.39905371829345876,0.0434469515122399,2.2474795967355385,0.026644263082093823,-0.03408545367258927,-0.01896303408543982,-0.018482957273164347,0.20011,-0.15834700000000002,-0.900902,-0.091326,0.013439999999999896,-0.92327,0.29143600000000003,0.1717869999999999,0.022368000000000055,0.27632,0.928061860614804,0.27632,0.72368,0.071938139385196,-0.900902
234,0.975,walk,0.123891,-1.123067,0.932223,0.016999,0.013367,-0.646014,-0.047036237101031976,0.49772018238538357,0.1538276937844967,-0.8500301436073227,-0.5362441222126876,-0.520759229584356,0.030237580993510562,2.271178305735504,0.05447564194864406,0.0002399808015361153,-0.006959443244554005,-0.008639308855291409,0.20043199999999997,-0.150957,-0.901316,-0.091129,0.01133699999999993,-0.9239470000000001,0.29156099999999996,0.16229399999999994,0.022631000000000068,0.27369,0.9815060746792966,0.27369,0.72631,0.018493925320703375,-0.901316
235,0.979167,walk,0.123651,-1.120782,0.932488,0.017744,0.01333,-0.646775,-0.057595392368611054,0.5483561315094972,0.06359491240699729,0.26188058138100234,-0.2340901180491798,-0.4890359561617497,0.022318214542838742,2.271898248140159,0.05327573794096431,-0.00479961603071731,0.004079673626147264,0.004319654427645496,0.20076499999999997,-0.143775,-0.901359,-0.09090899999999999,0.009068999999999994,-0.924194,0.291674,0.15284399999999998,0.02283499999999994,0.27165,0.9872699540333729,0.27165,0.72835,0.01273004596662708,-0.901359
236,0.983333,walk,0.123391,-1.118501,0.932806,0.018173,0.01299,-0.647636,-0.06240998559769471,0.5475276044167009,0.07633221315411431,0.052190474646909665,-0.24560389065948515,-0.5489779369253852,0.007201152184356693,2.297887662025882,0.07489198271723382,-0.001680268843014896,0.00600096015361059,0.0,0.201055,-0.13648300000000013,-0.901365,-0.090656,0.006812999999999958,-0.924512,0.291711,0.1432960000000001,0.02314700000000003,0.26853000000000005,0.9896137342088982,0.26853000000000005,0.73147,0.0103862657911018,-0.901365
237,0.9875,walk,0.123256,-1.116316,0.932874,0.018804,0.013993,-0.64805,-0.032397408207342264,0.5243580513558591,0.016318694504429198,0.543220411786324,0.1765237563810175,-0.26650755241703145,-0.036237101031920106,2.264218862491003,0.09743220542356623,-0.000959923206142796,0.004799616030695663,-0.0040796736261097975,0.201039,-0.12923299999999993,-0.901027,-0.090525,0.0046479999999999855,-0.924597,0.291564,0.13388099999999992,0.02356999999999998,0.2643,0.9893801151529341,0.2643,0.7357,0.010619884847065886,-0.901027
238,0.991667,walk,0.123198,-1.114156,0.932986,0.019224,0.014406,-0.648504,-0.013918886489081737,0.5183585313175433,0.026877849772018986,0.2825184102149354,0.027076589138666327,-0.29093975485974616,0.02207823374129655,2.33333333333336,0.012718982481401127,-0.00143988480921673,0.004799616030749077,0.0016798656107511866,0.20118899999999998,-0.12167000000000017,-0.9010859999999999,-0.090473,0.0025079999999999547,-0.924702,0.291662,0.12417800000000012,0.02361600000000008,0.26384,0.9911916184522573,0.26384,0.7361599999999999,0.00880838154774266,-0.9010859999999999
239,0.995833,walk,0.123255,-1.112084,0.933161,0.019662,0.013913,-0.648686,0.01368218915026439,0.49735957753236926,0.042006721075380726,0.006686615963095989,-0.3136699314972956,-0.12293510865358383,-0.02808449351895779,2.2882861257801266,0.07201152184349531,-0.0036005760921733495,0.0033605376860197985,0.0012001920307248661,0.201015,-0.114209,-0.900961,-0.090545,0.00045000000000006146,-0.924872,0.29156,0.11465900000000007,0.023911000000000016,0.26088999999999996,0.991551163353372,0.26088999999999996,0.73911,0.008448836646627989,-0.900961
240,1.0,walk,0.123291,-1.109995,0.933399,0.020334,0.013516,-0.648892,0.00863930885529016,0.5013198944084453,0.057115430765528837,0.12211963454882005,-0.35097990087567904,-0.14135346012440198,0.01679865610751475,2.3606911447084284,0.13294936405087465,-0.0031197504199678336,0.0026397888168906074,0.0021598272138229563,0.20104900000000003,-0.10646099999999992,-0.900645,-0.09059400000000001,-0.0016279999999999628,-0.925101,0.29164300000000004,0.10483299999999995,0.024455999999999922,0.25544,0.9922960722005228,0.25544,0.74456,0.0077039277994771505,-0.900645
241,1.004167,walk,0.12323,-1.107839,0.93356,0.020931,0.013809,-0.649251,-0.014638828893686381,0.5173986081113584,0.03863690904726794,0.3100332990158256,-0.07335351154453233,-0.2342035766458697,-0.025677945764344356,2.3105351571874,0.09671226301895788,0.0019198464122872573,0.010079193664530164,0.001439884809215443,0.201003,-0.098989,-0.900403,-0.09052500000000001,-0.003741999999999912,-0.925256,0.291528,0.09524700000000008,0.024853000000000014,0.25146999999999997,0.9827317549436283,0.25146999999999997,0.74853,0.0172682450563717,-0.900403
242,1.008333,walk,0.123227,-1.105729,0.933586,0.021263,0.014447,-0.649528,-0.0007201152184356884,0.5064810369659412,0.0062409985597892915,0.32077322441819117,0.1338415585228996,-0.17729329194387228,-0.09553528564570805,2.3194911185790272,0.16202592414786834,0.0019203072491601701,0.008641382621201612,0.0036005760921746944,0.20060799999999998,-0.09143600000000007,-0.899754,-0.09051400000000001,-0.005816000000000043,-0.9252670000000001,0.291122,0.08562000000000003,0.025513000000000008,0.24487000000000003,0.9840726282306281,0.24487000000000003,0.75513,0.015927371769371867,-0.899754
243,1.0125,walk,0.123259,-1.103666,0.933686,0.021704,0.014706,-0.649746,0.0076793856491456985,0.495080393568493,0.023998080153584886,0.2421565941372166,-0.039378191734239974,-0.1435212983557985,-0.052315814734819846,2.3110151187904857,0.19006479481641347,-0.011999040076794108,-0.013198944084453037,-0.00839932805375571,0.20035799999999998,-0.08386899999999997,-0.899062,-0.090596,-0.007933999999999886,-0.9254020000000001,0.290954,0.07593500000000009,0.02634000000000003,0.23659999999999998,0.9671392754076797,0.23659999999999998,0.7634000000000001,0.032860724592320256,-0.899062
244,1.016667,walk,0.123276,-1.101552,0.933798,0.022244,0.014812,-0.649962,0.004079673626110629,0.5073194144468282,0.02687784977201827,0.23053430241615458,-0.1260744200559017,-0.1444608945909425,-0.08879289656826941,2.322054235661134,0.13750899928005586,-0.002879769618430053,0.014878809695225826,-0.0004799616030718143,0.199971,-0.0763069999999999,-0.898601,-0.090625,-0.009985999999999828,-0.925516,0.290596,0.06632100000000007,0.026915000000000022,0.23085,0.9747291112728058,0.23085,0.76915,0.025270888727194185,-0.898601
245,1.020833,walk,0.123247,-1.099459,0.933917,0.022735,0.015173,-0.650218,-0.006961113778204621,0.5024003840614655,0.028564570331247475,0.29242346426734755,-0.01713334581687217,-0.168177910295284,-0.05376860297647524,2.3221315410464944,0.14162265962553627,-0.008161305808929039,-0.005280844935234742,0.006240998559769388,0.199776,-0.06872600000000006,-0.89813,-0.09062999999999999,-0.01210100000000014,-0.925609,0.290406,0.056624999999999925,0.02747900000000003,0.22521000000000002,0.9807469844526531,0.22521000000000002,0.77479,0.01925301554734693,-0.89813
246,1.025,walk,0.12337,-1.097418,0.934138,0.022776,0.01576,-0.650107,0.02951763858891378,0.48980081593473784,0.05303575713943768,0.19804525320459063,0.19930715255637246,0.07214715812151334,-0.06095512359012325,2.324454043676632,0.16054715622750984,0.0002399808015361281,0.0026397888169440347,0.011519078473722908,0.199399,-0.06108099999999994,-0.897682,-0.090752,-0.014130999999999894,-0.925782,0.290151,0.04695000000000005,0.028100000000000014,0.21900000000000003,0.980299799446385,0.21900000000000003,0.7809999999999999,0.019700200553614988,-0.897682
247,1.029167,walk,0.123553,-1.095405,0.934075,0.023252,0.016174,-0.649783,0.043916486681065806,0.4830813534917272,-0.015118790496768604,0.30233269966468834,-0.0031041336882627044,0.19826258733709046,-0.0710343172546102,2.3215742740580483,0.17326613870890206,0.0002399808015361153,0.0059995200383829005,0.002399808015358655,0.19892,-0.05342000000000002,-0.8968969999999999,-0.09093399999999999,-0.016118999999999994,-0.925709,0.289854,0.03730100000000003,0.02881200000000006,0.21187999999999996,0.9892231072831932,0.21187999999999996,0.78812,0.010776892716806818,-0.8968969999999999
248,1.033333,walk,0.123644,-1.093358,0.93403,0.023971,0.016864,-0.64964,0.021843494959194732,0.49135861737874553,-0.010801728276514764,0.47759640335856635,0.025071854647421222,0.08078155201868813,-0.08521363418146531,2.3420547287565405,0.16250600096014847,0.0,-0.0024003840614654917,0.0024003840614496685,0.198474,-0.04570999999999992,-0.896175,-0.091025,-0.01817599999999997,-0.925654,0.289499,0.027533999999999947,0.029478999999999922,0.20521000000000006,0.9943422405089708,0.20521000000000006,0.7947899999999999,0.005657759491029202,-0.896175
249,1.0375,walk,0.123662,-1.091303,0.934039,0.024339,0.017541,-0.649774,0.004319654427643415,0.49316054715625735,0.0021598272138050553,0.3458178984080476,0.13479272283400545,-0.08832407041429549,-0.06599472042237176,2.322054235661134,0.1948644108471308,-0.001679865610751142,-0.0019198464122889224,0.003359731221502284,0.198181,-0.03808900000000004,-0.895372,-0.09104999999999999,-0.020239000000000118,-0.9256489999999999,0.289231,0.01784999999999992,0.030277,0.19723000000000002,0.9929692041311693,0.19723000000000002,0.80277,0.007030795868830708,-0.895372
250,1.041667,walk,0.123717,-1.089232,0.934021,0.02495,0.017935,-0.649984,0.013198944084473724,0.4970002399808084,-0.004319654427636984,0.34627578609460935,-0.042714369282894904,-0.14196461171491948,-0.06815454763619377,2.322294216462774,0.18622510199184888,-0.00935925125990067,0.003119750419976326,0.011999040076794332,0.197842,-0.030483000000000038,-0.894578,-0.091144,-0.02229700000000001,-0.925581,0.28898599999999997,0.008186000000000027,0.031003000000000003,0.18997000000000003,0.9741099874687055,0.18997000000000003,0.81003,0.025890012531294526,-0.894578
251,1.045833,walk,0.123779,-1.087194,0.934038,0.025399,0.018337,-0.650095,0.01488238118099011,0.4891982717234586,0.004080652904475346,0.28959882181059815,0.00879898228286434,-0.07695930046166956,-0.07945271243398011,2.307729236677808,0.1994719155064752,0.004080652904465352,-0.006961113778217946,-0.004800768122899337,0.197449,-0.02290700000000001,-0.893764,-0.09118899999999999,-0.024364000000000052,-0.925618,0.288638,0.0014570000000000416,0.03185400000000005,0.18146000000000007,0.9843514104531694,0.18146000000000007,0.8185399999999999,0.01564858954683057,-0.893764
252,1.05,walk,0.123839,-1.085156,0.933981,0.02585,0.018985,-0.650164,0.014398848092153596,0.4890808735301101,-0.013678905687565234,0.3670316260988666,0.09704564436993333,-0.04960663295535821,-0.10703143748500085,2.3011759059275247,0.193904487640988,-0.010319174466042967,-0.006239500839899033,0.0021598272138229563,0.196943,-0.015355999999999925,-0.892899,-0.09129200000000001,-0.026427999999999896,-0.9255519999999999,0.288235,0.01107199999999997,0.03265299999999993,0.17347,0.9795820350082673,0.17347,0.82653,0.02041796499173265,-0.892899
253,1.054167,walk,0.123902,-1.083154,0.934063,0.026064,0.019007,-0.650213,0.015118790496758612,0.48044156467483656,0.019678425725948134,0.08499682564813728,-0.05770946772727353,-0.03482065676252753,-0.11663066954643214,2.2850971922246117,0.21214302855771444,0.004559635229181195,-0.0007199424046549715,0.012958963282936905,0.196394,-0.007835999999999954,-0.8920969999999999,-0.091336,-0.028433000000000153,-0.92558,0.28773000000000004,0.0205970000000002,0.03348300000000004,0.16516999999999998,0.9770723771730766,0.16516999999999998,0.83483,0.0229276228269234,-0.8920969999999999
254,1.058333,walk,0.123986,-1.081119,0.934005,0.026499,0.0196,-0.650224,0.020163226116179288,0.48847815650505566,-0.013922227556409985,0.3440249910220151,0.08081185214758871,-0.013043857188289718,-0.12073931829093716,2.2822851656265235,0.24003840614498798,-0.0004800768122887934,0.005280844935235023,0.00048007681229004254,0.195807,-0.00036300000000011323,-0.891039,-0.091422,-0.030445999999999973,-0.92552,0.287229,0.03008299999999986,0.034480999999999984,0.15519000000000005,0.9911261509789542,0.15519000000000005,0.84481,0.008873849021045821,-0.891039
255,1.0625,walk,0.124045,-1.079056,0.933963,0.026639,0.020158,-0.65029,0.014158867290617482,0.495080393568493,-0.010079193664503522,0.22549042088410598,0.16114441085026332,-0.04198243363350093,-0.11687065034797492,2.261819054475629,0.2349412047036221,-0.004319654427646745,-0.0011999040076872372,0.003599712023038399,0.19526099999999996,0.0069989999999999775,-0.890018,-0.091499,-0.03251399999999993,-0.925463,0.28675999999999996,0.03951299999999991,0.03544500000000006,0.14555000000000007,0.990417447763606,0.14555000000000007,0.8544499999999999,0.009582552236394037,-0.890018
256,1.066667,walk,0.124128,-1.076997,0.934042,0.026825,0.019955,-0.650385,0.01991840652747759,0.49412047036237516,0.018958483321346448,0.004523831458585462,-0.12999150409468718,-0.06459381497164636,-0.15958723302135017,2.2584593232541366,0.23038156947444088,0.007199424046076798,-0.006959443244554005,0.0007199424046075133,0.194513,0.014351000000000003,-0.8891370000000001,-0.091552,-0.03460200000000002,-0.925539,0.286065,0.048953000000000024,0.036401999999999934,0.13598,0.9832681380182609,0.13598,0.86402,0.01673186198173915,-0.8891370000000001
257,1.070833,walk,0.1242,-1.074916,0.934179,0.026748,0.020067,-0.650425,0.017282765242439865,0.49951992318772287,0.0328852616418498,0.006985539498883745,0.06569580781632846,-0.023320830166853594,-0.09529524723955617,2.2597215554489383,0.1317810849735994,-0.00408065290446557,-0.00048007681230378377,0.004080652904464737,0.19404400000000002,0.021684000000000037,-0.888725,-0.091641,-0.03668500000000008,-0.925659,0.285685,0.058369000000000115,0.03693400000000002,0.13066,0.9903485853081946,0.13066,0.86934,0.009651414691805416,-0.888725
258,1.075,walk,0.12433,-1.072783,0.934205,0.026653,0.02036,-0.650503,0.031197504199661684,0.5118790496760077,0.006239500839925676,0.057028637535211806,0.1380560653268013,-0.04589665917559467,-0.17086633069355422,2.2207823374129596,0.2654187664986771,-0.002879769618430053,-0.00887928965678964,0.005999520038397054,0.19320199999999998,0.02880499999999997,-0.8876449999999999,-0.091783,-0.03885499999999986,-0.9256599999999999,0.284985,0.06765999999999983,0.03801500000000002,0.11985000000000007,0.9815060746793611,0.11985000000000007,0.88015,0.01849392532063887,-0.8876449999999999
259,1.079167,walk,0.124421,-1.070669,0.934156,0.026955,0.021073,-0.650505,0.02183825293976651,0.5073194144468282,-0.011759059275249667,0.3329815899111493,0.16570717063669618,-0.004549436839582457,-0.17758579313653883,2.204943604511616,0.23854091672666047,-0.0014398848092150266,0.006479481641468453,-0.0038396928245740983,0.19237100000000001,0.035878999999999994,-0.886602,-0.09188,-0.04094199999999981,-0.925627,0.28425100000000003,0.0768209999999998,0.039024999999999976,0.10975000000000007,0.9872197861701704,0.10975000000000007,0.89025,0.012780213829829634,-0.886602
260,1.083333,walk,0.124533,-1.06857,0.934155,0.027046,0.021651,-0.650483,0.02688430148823762,0.5038406144983235,-0.0002400384061518791,0.21388720994090474,0.18184287056001208,0.0142601679088177,-0.1430628900624159,2.2006721075371614,0.2496399423907755,-0.006240998559768972,0.006481036965914188,0.005280844935189354,0.19166299999999997,0.042947999999999986,-0.8855609999999999,-0.092018,-0.043013999999999886,-0.925604,0.28368099999999996,0.08596199999999987,0.04004300000000005,0.09957000000000005,0.9826121668970241,0.09957000000000005,0.90043,0.01738783310297587,-0.8855609999999999
261,1.0875,walk,0.124625,-1.066429,0.934282,0.027158,0.021667,-0.650578,0.02207823374130047,0.5137988960883241,0.030477561795054963,0.04591055632316605,-0.027013720439832,-0.06240130803868645,-0.21550275977921657,2.1864650827934984,0.2342212622990279,-0.0009599232061445124,-0.005039596832265351,-0.002639788816894495,0.19067300000000004,0.04991800000000013,-0.8847119999999999,-0.092114,-0.04517599999999988,-0.925742,0.282787,0.09509400000000001,0.04103000000000001,0.0897,0.9903841170464818,0.0897,0.9103,0.009615882953518229,-0.8847119999999999
262,1.091667,walk,0.124718,-1.064295,0.934435,0.027452,0.021601,-0.650631,0.02231821454283541,0.5121190304775771,0.03671706263500566,0.08659536680470004,-0.11458178395070617,-0.04007770865282792,-0.1526277897768228,2.188864890808703,0.2522198224142041,-0.0021598272138217073,-0.0009599232061711044,0.001679865610751142,0.189944,0.05690499999999998,-0.883814,-0.09221599999999999,-0.04731400000000008,-0.925888,0.28215999999999997,0.10421900000000006,0.042074000000000056,0.07926,0.9951671682370895,0.07926,0.92074,0.004832831762910494,-0.883814
263,1.095833,walk,0.124854,-1.062185,0.934594,0.027042,0.021786,-0.65065,0.03264522323571949,0.5064810369659142,0.038166106577056144,-0.09163394315388675,0.19576132192786855,-0.0024160341833611263,-0.1661065770523167,2.1320211233796957,0.2407585213634125,-0.0038406144983201356,-0.0016802688429832047,0.003120499279884486,0.189116,0.06367699999999998,-0.88297,-0.092368,-0.049431,-0.926034,0.281484,0.11310799999999999,0.04306399999999999,0.06935999999999998,0.991289989975582,0.06935999999999998,0.93064,0.008710010024417958,-0.88297
264,1.1,walk,0.124992,-1.06,0.934668,0.027157,0.022224,-0.650638,0.033117350611950605,0.5243580513558591,0.01775857931365921,0.1788555241001124,0.12346573279883791,0.0069777317799676305,-0.18214542836573167,2.1387089032877014,0.2562994960403147,0.00431965442764508,-0.010799136069131849,-0.0014398848092150266,0.18821900000000003,0.07040400000000002,-0.8819760000000001,-0.09248800000000001,-0.05166099999999996,-0.9261140000000001,0.28070700000000004,0.12206499999999998,0.04413800000000001,0.058620000000000005,0.98046697792642,0.058620000000000005,0.94138,0.019533022073579986,-0.8819760000000001
265,1.104167,walk,0.125113,-1.05786,0.934799,0.027251,0.022701,-0.650508,0.029037676985841525,0.5135589152868079,0.03143748500119947,0.18334381203956557,0.1416182955073323,0.08190053908405176,-0.23542116630670853,2.1279097672187364,0.20950323974083002,-0.005039596832253694,0.0038396928245780495,0.0002399808015357118,0.187117,0.07713100000000006,-0.8812340000000001,-0.09263,-0.05378499999999997,-0.9262440000000001,0.279747,0.13091600000000003,0.045009999999999994,0.0499,0.9894329695115364,0.0499,0.9501,0.010567030488463636,-0.8812340000000001
266,1.108333,walk,0.125293,-1.055633,0.934793,0.027764,0.023174,-0.65044,0.043206913106092364,0.5345655304848579,-0.0014402304368846249,0.33497405788392615,0.010907435447661786,0.03317160067033621,-0.14738358137301646,2.101056168986983,0.20235237638021447,0.014642342774843227,-0.009361497839630138,-0.008401344215074257,0.18632300000000002,0.08365700000000009,-0.880385,-0.092749,-0.05605099999999985,-0.926273,0.279072,0.13970799999999994,0.04588800000000004,0.041120000000000045,0.9678277885453591,0.041120000000000045,0.95888,0.03217221145464089,-0.880385
267,1.1125,walk,0.125459,-1.053426,0.934871,0.027807,0.023598,-0.650246,0.03983681305495518,0.5296376289896936,0.01871850251980367,0.14815749421741625,0.1366976440639951,0.1232682396468843,-0.16222702183825408,2.015118790496742,0.20710343172546103,-0.005039596832251761,0.0033597312214922927,0.002399808015358655,0.185481,0.08984700000000001,-0.8796,-0.09293599999999999,-0.05824399999999996,-0.926341,0.27841699999999997,0.14809099999999997,0.04674099999999992,0.03258999999999995,0.9891417710899251,0.03258999999999995,0.9674100000000001,0.01085822891007493,-0.8796
268,1.116667,walk,0.125649,-1.051214,0.935061,0.027824,0.023586,-0.650087,0.04559635229182194,0.5308375329973275,0.04559635229182194,0.002432345897516765,-0.013338608950075275,0.10000258393387113,-0.3390928725701912,2.118790496760237,0.27237820974321775,-0.006719462443004568,-0.00023998080156941934,0.009119270458363223,0.18387799999999999,0.0964640000000001,-0.8786550000000001,-0.09315400000000001,-0.06045699999999998,-0.926493,0.277032,0.1569210000000001,0.047837999999999936,0.021620000000000028,0.9811165960577337,0.021620000000000028,0.97838,0.018883403942266286,-0.8786550000000001
269,1.120833,walk,0.125961,-1.049196,0.935456,0.027048,0.022888,-0.649688,0.07489198271723164,0.48439750360060674,0.09481517042725238,-0.5012835142109598,-0.021893262962657783,0.2665628921812254,-0.1649063850216061,2.0578492558809804,0.2597215554488785,-0.0014402304368713768,0.004800768122931239,0.004800768122900009,0.182879,0.10301899999999997,-0.877968,-0.093472,-0.06245499999999993,-0.9268679999999999,0.276351,0.1654739999999999,0.048899999999999944,0.01100000000000001,0.9884326833934649,0.01100000000000001,0.989,0.011567316606535094,-0.877968
270,1.125,walk,0.126105,-1.046996,0.935617,0.026967,0.02349,-0.649497,0.0345572354211673,0.5279577633789208,0.03863690904729458,0.15836067505297322,0.2405527195356871,0.12478083572381093,-0.16918646508279478,2.0235181185504993,0.23374130069594318,0.00887928965682794,-0.014158867290624141,-0.001679865610751142,0.18203,0.10925099999999999,-0.877155,-0.093579,-0.06471399999999994,-0.9270360000000001,0.275609,0.17396499999999993,0.049881000000000064,0.0011900000000000244,0.9720050968808833,0.0011900000000000244,0.99881,0.027994903119116676,-0.877155
271,1.129167,walk,0.126346,-1.044746,0.93568,0.026919,0.023705,-0.649287,0.0578353731701505,0.5399568034557399,0.01511879049674196,0.04964021249525404,0.08865992448483788,0.13411936897655263,-0.18310535157187613,2.0295176385889087,0.23398128149747763,-0.020398368130549818,-0.004319654427663397,0.017518598512118934,0.18102599999999996,0.11545799999999995,-0.876243,-0.09390500000000002,-0.0669820000000001,-0.9270259999999999,0.274931,0.18244000000000005,0.05078299999999991,0.0,0.9546111207148993,0.0,1.0,0.045388879285100714,-0.876243
272,1.133333,walk,0.126526,-1.042464,0.935737,0.027029,0.024312,-0.649025,0.04320691310609467,0.5477676428228407,0.013682189150284742,0.22970905723856472,0.1814196361012448,0.16480060155402845,-0.20427268362938375,1.9812770043207388,0.20907345175228667,-0.0033605376860298816,-0.0045607297167526975,-0.00048007681229004254,0.179995,0.12143000000000004,-0.875429,-0.094099,-0.06928299999999998,-0.927085,0.274094,0.19071300000000002,0.051656000000000035,0.0,0.9905243084634952,0.0,1.0,0.009475691536504849,-0.875429
273,1.1375,walk,0.126736,-1.04019,0.935799,0.02712,0.024564,-0.648861,0.050395968322530925,0.5457163426926066,0.014878809695225826,0.11192962870856425,0.059929917424830496,0.10220607388437361,-0.21670266378689232,1.9733621310294978,0.19774418046556086,-0.0002399808015344501,-0.0011999040076872372,-0.001679865610751142,0.178882,0.1273789999999999,-0.8746670000000001,-0.09430999999999998,-0.07156200000000013,-0.927154,0.273192,0.19894100000000003,0.05248699999999995,0.0,0.9965361754908157,0.0,1.0,0.0034638245091842546,-0.8746670000000001
274,1.141667,walk,0.127002,-1.037912,0.935866,0.027291,0.02472,-0.648566,0.06383489320854673,0.5466762658987244,0.01607871370288642,0.11130175425013346,-0.003029199847772708,0.18267983364657644,-0.17542596592272044,1.9260859131269563,0.20350371970242262,-0.004079673626110629,-0.0014398848092033701,0.0035997120230379827,0.17788500000000002,0.133127,-0.8738859999999999,-0.09459300000000001,-0.07384600000000008,-0.927206,0.272478,0.20697300000000007,0.053320000000000034,0.0,0.9906199188868465,0.0,1.0,0.009380081113153471,-0.8738859999999999
275,1.145833,walk,0.127133,-1.035628,0.936046,0.027369,0.024628,-0.648549,0.03144503120499007,0.5482477196351153,0.043206913106112355,-0.00015794612985851986,-0.05825384205165772,0.008432806868828868,-0.178588574171868,1.8917426788285405,0.26932309169466495,-0.0019203072491600678,0.0007201152184289877,0.0043206913106097365,0.17701,0.13872399999999996,-0.872944,-0.094732,-0.07612700000000006,-0.9273680000000001,0.271742,0.21485100000000001,0.05442400000000003,0.0,0.9920287810669035,0.0,1.0,0.007971218933096491,-0.872944
276,1.15,walk,0.127266,-1.033312,0.936229,0.027808,0.024514,-0.64849,0.03191744660427173,0.5557955363571131,0.04391648668105149,0.1249062799840691,-0.17947481785616193,0.026671341668248864,-0.20494360451165355,1.9049676025918798,0.20782337413007712,0.0002399808015361281,-0.005279577633781497,0.002879769618430623,0.17602299999999999,0.14434599999999997,-0.872261,-0.09486399999999999,-0.07846500000000001,-0.927539,0.270887,0.22281099999999998,0.05527800000000005,0.0,0.9899688535285415,0.0,1.0,0.01003114647145853,-0.872261
277,1.154167,walk,0.127494,-1.031012,0.936395,0.027744,0.024612,-0.64815,0.054715622750181,0.5519558435325057,0.03983681305495518,0.007290515414066714,0.04774440108763373,0.2160866405779521,-0.2059035277177738,1.8982481401487936,0.15646748260139065,0.0004799616030722306,-0.0023998080153744745,0.0028797696184304695,0.174937,0.1499560000000001,-0.871775,-0.09509,-0.08077500000000004,-0.927693,0.270027,0.23073100000000013,0.05591800000000002,0.0,0.9937012975969661,0.0,1.0,0.006298702403033873,-0.871775
278,1.158333,walk,0.127755,-1.028687,0.936419,0.027613,0.025221,-0.647759,0.06265002400384159,0.5580892942871024,0.0057609217474852,0.1420471820698533,0.25417380103422765,0.2513826708461486,-0.23787806048967655,1.8610177628419795,0.15746519443110557,0.0,-0.004080652904448696,0.0024003840614496685,0.17368499999999998,0.15538399999999986,-0.871143,-0.095351,-0.08311700000000011,-0.927707,0.269036,0.23850099999999996,0.05656399999999995,0.0,0.992109504351393,0.0,1.0,0.007890495648606999,-0.871143
279,1.1625,walk,0.128031,-1.026356,0.936428,0.028092,0.025623,-0.647475,0.06623470122390121,0.5593952483800919,0.0021598272138316985,0.30056125118696125,-0.008422185865766403,0.1688504289651466,-0.25197984161266795,1.7312215022798172,0.20062395008399256,-0.0009599232061444612,-0.0035997120230084256,0.00551955843532524,0.17235899999999998,0.16026700000000005,-0.8703160000000001,-0.09563100000000001,-0.08546299999999984,-0.927693,0.26799,0.2457299999999999,0.0573769999999999,0.0,0.9889013383525489,0.0,1.0,0.011098661647451102,-0.8703160000000001
280,1.166667,walk,0.128272,-1.024023,0.936544,0.028227,0.02567,-0.647257,0.05783537317014692,0.5598752099832607,0.027837772978164217,0.06420465276920559,-0.02991149003440001,0.13392841621266857,-0.15214782817374534,1.884329253659786,0.09815214782817648,0.0011999040076806405,-0.004559635229233059,0.002879769618430623,0.17148400000000003,0.16578599999999988,-0.870023,-0.095867,-0.0878150000000002,-0.9277970000000001,0.267351,0.2536010000000001,0.0577740000000001,0.0,0.9907920450897445,0.0,1.0,0.0092079549102555,-0.870023
281,1.170833,walk,0.128712,-1.021719,0.936621,0.028237,0.025418,-0.646735,0.10561689870378874,0.553048487757993,0.018482957273161696,-0.0743420669789741,-0.10785483410728301,0.32769921533144525,-0.3478156505040792,1.7762842054728445,0.0746519443110891,0.00456072971675412,-0.0028804608737159508,-0.0009601536245796176,0.169595,0.1708820000000001,-0.869789,-0.09628799999999998,-0.09013099999999996,-0.927878,0.265883,0.26101300000000005,0.058088999999999946,0.0,0.9908683691706783,0.0,1.0,0.009131630829321669,-0.869789
282,1.175,walk,0.128925,-1.019389,0.936748,0.028607,0.025268,-0.646602,0.051115910727145934,0.5591552675785758,0.03047756179505334,0.08893106042548699,-0.1727651352588293,0.07436303384739296,-0.3182145428365692,1.7552195824333756,0.0659947204223651,0.005759539236860106,-0.00743940484758627,0.0031197504199661683,0.16805599999999998,0.17586600000000008,-0.869641,-0.09647700000000001,-0.0924919999999998,-0.927992,0.264533,0.2683579999999999,0.05835100000000004,0.0,0.983479820471945,0.0,1.0,0.016520179528054957,-0.869641
283,1.179167,walk,0.129176,-1.017042,0.936849,0.029019,0.025368,-0.646416,0.06023518118550499,0.5632349412047231,0.024238060955127663,0.18203741754502442,-0.0955344318382256,0.10752875741910214,-0.12071034317253944,1.7508999280057387,0.1771058315334766,0.004079673626110629,-0.005039596832265082,-0.0004799616030718143,0.167302,0.18081499999999995,-0.869004,-0.09671100000000002,-0.09485999999999994,-0.928095,0.264013,0.2756749999999999,0.059091000000000005,0.0,0.9891638931412177,0.0,1.0,0.010836106858782335,-0.869004
284,1.183333,walk,0.129432,-1.014668,0.936876,0.029217,0.025726,-0.646257,0.06144983197311212,0.5698511761882284,0.006481036965914533,0.18386534412598982,0.06590410813729748,0.09642994159146498,-0.2705232837254138,1.8821411425828856,0.16970715314450735,0.004320691310609134,-0.0014402304368580521,-0.0009601536245796687,0.16591899999999998,0.18628199999999995,-0.8683240000000001,-0.096949,-0.09724,-0.928126,0.262868,0.28352199999999994,0.05980199999999991,0.0,0.9922424710235047,0.0,1.0,0.007757528976495287,-0.8683240000000001
285,1.1875,walk,0.129731,-1.01229,0.936891,0.029455,0.026028,-0.646107,0.07175425965923186,0.5706743460523094,0.0035997120230350688,0.1810699086934441,0.03320947649614444,0.08966424091885092,-0.17302615790735928,1.703143748500085,0.07823374130069366,0.001679865610751142,-0.0021598272138583416,-0.00551955843532524,0.164899,0.19100099999999987,-0.868013,-0.09724100000000002,-0.09962700000000013,-0.928164,0.26214,0.290628,0.060150999999999955,0.0,0.9897324232837217,0.0,1.0,0.010267576716278315,-0.868013
286,1.191667,walk,0.129988,-1.009901,0.936885,0.029525,0.026348,-0.645956,0.06167506599471503,0.5733141348691999,-0.0014398848092300135,0.1251178511634905,0.0918034752190205,0.09424392651056994,-0.20566354691624433,1.6935445164386937,0.09287257019438337,0.0031197504199661683,0.0009599232061711044,0.0040796736261097975,0.16378500000000001,0.19566899999999998,-0.86762,-0.09748499999999999,-0.10201199999999999,-0.928141,0.26127,0.297681,0.06052100000000005,0.0,0.9912920802107441,0.0,1.0,0.008707919789255891,-0.86762
287,1.195833,walk,0.130272,-1.007443,0.936843,0.029524,0.026676,-0.645921,0.06817090734517854,0.5900144023043478,-0.010081613058086313,0.10153724971812546,0.11962968186076711,0.023053273187688555,-0.3365338454152786,1.5972155544887447,-0.0028804608737394224,0.004800768122901258,-0.007921267402825885,0.013922227556409568,0.162099,0.19986500000000007,-0.86759,-0.097749,-0.10450300000000001,-0.928041,0.25984799999999997,0.3043680000000001,0.06045100000000003,0.0,0.9721301501035923,0.0,1.0,0.027869849896407728,-0.86759
288,1.2,walk,0.130656,-1.005002,0.936638,0.029476,0.02725,-0.645835,0.09215262778977502,0.5857931365491046,-0.04919606431485701,0.16070821318998216,0.2229883706538586,0.0572672964144024,-0.28053755699543237,1.587473002159824,-0.001919846412285592,0.006239500839932337,-0.008399328053757375,0.0035997120230379827,0.16054600000000002,0.20403899999999997,-0.867393,-0.098107,-0.10697900000000016,-0.927821,0.258653,0.3110180000000001,0.06042800000000004,0.0,0.9815580483426933,0.0,1.0,0.018441951657306666,-0.867393
289,1.204167,walk,0.130967,-1.002543,0.936488,0.029083,0.027688,-0.645827,0.0746340292776586,0.5901127909767148,-0.03599712023037733,-0.008022356931461933,0.28190751311179385,0.016123887376918333,-0.2721382289416883,1.553395728341709,-0.006239500839932337,-0.0004799616030722306,-0.003119750419922873,-0.0011999040076793276,0.159101,0.20805299999999993,-0.867269,-0.09842000000000001,-0.10945099999999996,-0.927676,0.257521,0.3175039999999999,0.06040699999999999,0.0,0.9943719513321723,0.0,1.0,0.005628048667827734,-0.867269
290,1.208333,walk,0.131362,-1.000073,0.936351,0.028896,0.027927,-0.645759,0.09481517042726732,0.5928948631780856,-0.032885261641848046,0.005776736157244227,0.14376455363814114,0.04807482130602515,-0.34229476716273255,1.5672107537205542,-0.06601056168986796,0.010801728276524758,-0.007921267402825463,0.0009601536245796176,0.15728,0.21211199999999997,-0.867407,-0.09877,-0.11195400000000011,-0.927535,0.25605,0.3240660000000001,0.06012799999999996,0.0,0.9776178576880701,0.0,1.0,0.02238214231192992,-0.867407
291,1.2125,walk,0.131737,-0.997537,0.936263,0.029265,0.027772,-0.64589,0.08999280057595478,0.608591312695008,-0.02111831053517927,0.08689404332374541,-0.16767995662118626,-0.09191960909300996,-0.44468442524599905,1.5790736741061508,-0.10823134149268719,-0.0007199424046083842,-0.003359731221492472,0.0009599232061436797,0.15505200000000002,0.21615600000000001,-0.8677699999999999,-0.09914799999999999,-0.11450400000000005,-0.9274429999999999,0.25420000000000004,0.33066000000000006,0.059672999999999976,0.0,0.9940540481772335,0.0,1.0,0.005945951822766471,-0.8677699999999999
292,1.216667,walk,0.132129,-0.995084,0.936178,0.029085,0.027894,-0.645851,0.09407247420206395,0.5886729061675113,-0.020398368130549818,-0.02801444698244481,0.0994265558809928,0.029233323252205665,-0.362131029517645,1.5495560355171578,-0.1276697864170868,0.010319174466042967,-0.007919366450671823,0.0021598272138229563,0.15315099999999998,0.22016000000000002,-0.868217,-0.099497,-0.11699000000000004,-0.927349,0.252648,0.33715000000000006,0.05913199999999996,0.0,0.978023587124536,0.0,1.0,0.021976412875464035,-0.868217
293,1.220833,walk,0.132483,-0.992548,0.936074,0.028854,0.028067,-0.645998,0.0849735957753201,0.6087373979836566,-0.024963994239075887,-0.031173309953815797,0.1386294854964714,-0.086121596436773,-0.2493999039846203,1.4647143542966332,-0.02976476236197689,0.010081613058089108,-0.010561689870362885,0.010801728276523924,0.15175800000000003,0.22372599999999998,-0.8682369999999999,-0.09980899999999998,-0.11956999999999995,-0.9271999999999999,0.25156700000000004,0.34329599999999993,0.05896299999999999,0.0,0.9697296648455485,0.0,1.0,0.030270335154451544,-0.8682369999999999
294,1.225,walk,0.132927,-0.990043,0.935991,0.028661,0.028009,-0.645882,0.10655147588192862,0.6011519078473627,-0.019918406527464266,-0.08852784948507399,0.03555902841840269,0.07772272048800741,-0.2414206863450922,1.4955603551715786,-0.042236621070313,0.006959443244540683,-0.005759539236866767,0.0028797696184304695,0.15030800000000002,0.22745300000000002,-0.86833,-0.10022399999999998,-0.12209899999999996,-0.9271050000000001,0.25053200000000003,0.349552,0.05877500000000002,0.0,0.984197467190508,0.0,1.0,0.015802532809491954,-0.86833
295,1.229167,walk,0.133389,-0.987527,0.935742,0.028607,0.028625,-0.645969,0.1108711303095846,0.6037916966642854,-0.05975521958244927,0.17133694813923625,0.24461778082872485,-0.052084771885955804,-0.29541636669068727,1.3959683225342516,-0.10511159107271753,0.0059995200383965415,-0.009359251259928978,0.008399328053756157,0.14861499999999997,0.23075400000000001,-0.8685189999999999,-0.100661,-0.12465400000000004,-0.926821,0.24927599999999997,0.35540800000000006,0.058302000000000076,0.0,0.9767777323941833,0.0,1.0,0.023222267605816693,-0.8685189999999999
296,1.233333,walk,0.133748,-0.98491,0.935463,0.028643,0.029174,-0.646162,0.08617378780604618,0.6281805088814257,-0.06697071531442884,0.18332975944505822,0.19495339895785316,-0.12126624449814931,-0.2340374459913531,1.5496879500719734,-0.028564570331254136,0.009121459433509905,-0.0060009601536104296,0.0,0.14728099999999997,0.23459299999999994,-0.8683590000000001,-0.100982,-0.12729600000000008,-0.9265420000000001,0.24826299999999996,0.361889,0.058182999999999985,0.0,0.9818025837485413,0.0,1.0,0.018197416251458653,-0.8683590000000001
297,1.2375,walk,0.134264,-0.982406,0.935214,0.028541,0.029916,-0.645987,0.12383009359250895,0.60091192704582,-0.05975521958244608,0.19355479837248166,0.29890077197638704,0.11409705107043547,-0.26685865130788045,1.3806095512358925,-0.13054955603551685,0.004079673626108965,-0.008879289656842928,0.00839932805375571,0.14565300000000003,0.237842,-0.868654,-0.10148099999999999,-0.1298370000000001,-0.926258,0.24713400000000002,0.3676790000000001,0.05760399999999999,0.0,0.9785242880430851,0.0,1.0,0.02147571195691489,-0.868654
298,1.241667,walk,0.134787,-0.979839,0.934953,0.028515,0.030283,-0.646056,0.12550995920326175,0.6160307175425885,-0.06263498920085282,0.10427165445380522,0.1443035950045665,-0.04216578352400499,-0.27573794096472337,1.3491720662346947,-0.1319894408447302,0.009359251259898506,-0.008639308855273508,0.003359731221502284,0.14398100000000003,0.24089700000000003,-0.868943,-0.101965,-0.13244,-0.925983,0.24594600000000003,0.37333700000000003,0.05703999999999998,0.0,0.9780454360905517,0.0,1.0,0.021954563909448277,-0.868943
299,1.245833,walk,0.135297,-0.977234,0.934657,0.028324,0.030838,-0.646064,0.12241958713394711,0.6253000480076899,-0.07105136821893462,0.10243606081723046,0.26274005348679,0.0006238107465039149,-0.302448391742696,1.3338934229477144,-0.18098895823332314,0.005520883341335281,-0.007441190590468802,0.00456072971675478,0.14221099999999998,0.2438490000000001,-0.869401,-0.102452,-0.13507599999999986,-0.9256679999999999,0.24466299999999996,0.37892499999999996,0.056266999999999956,0.0,0.9827879462599927,0.0,1.0,0.017212053740007338,-0.869401
300,1.25,walk,0.135712,-0.974514,0.934441,0.028181,0.030947,-0.646191,0.09959203263738793,0.6527477801775942,-0.05183585313174762,-0.018934458551892134,0.08752415349941076,-0.07603682149153547,-0.2646988240940621,1.3023758099351856,-0.1852651787856945,0.007439404847612913,-0.007199424046123424,0.0031197504199661683,0.140693,0.246556,-0.869957,-0.102836,-0.13782600000000012,-0.925439,0.243529,0.3843820000000001,0.05548200000000003,0.0,0.9819792331395858,0.0,1.0,0.018020766860414206,-0.869957
301,1.254167,walk,0.136133,-0.971856,0.934129,0.028417,0.031564,-0.646421,0.10103191744660463,0.6378689704823417,-0.07487401007918805,0.2773572942904116,0.15898157574264807,-0.1503046791635436,-0.2716582673386161,1.2642188624909765,-0.20446364290856708,0.007439404847611249,-0.007919366450671823,0.0040796736261097975,0.13913999999999999,0.249166,-0.870497,-0.10322600000000001,-0.140517,-0.92511,0.242366,0.389683,0.05461300000000002,0.0,0.9806562638359579,0.0,1.0,0.019343736164042058,-0.870497
302,1.258333,walk,0.136833,-0.969243,0.933912,0.028262,0.031784,-0.646052,0.16802688430149407,0.6272203552568784,-0.05208833413346816,0.012948519283713907,0.11882861602641348,0.23650405342593814,-0.33269323091695496,1.2791646663466554,-0.254680748919832,0.007681228996640681,-0.010321651464238205,0.003600576092175111,0.13705399999999998,0.25188199999999994,-0.8713409999999999,-0.10389400000000001,-0.1431730000000001,-0.924878,0.240948,0.39505500000000005,0.05353700000000006,0.0,0.9777325651302933,0.0,1.0,0.022267434869706726,-0.8713409999999999
303,1.2625,walk,0.137398,-0.966552,0.933712,0.028428,0.031907,-0.645774,0.13558915286776527,0.6457883369330402,-0.04799616030716977,0.1000621451275379,-0.013670163263627966,0.17028153066647606,-0.2939764818814415,1.23950083993279,-0.2798176145908307,0.007679385649147364,-0.00911927045835906,0.003359731221502284,0.13526400000000002,0.2543559999999999,-0.8723069999999999,-0.10442699999999999,-0.1459020000000001,-0.9246639999999999,0.23969100000000002,0.400258,0.05235699999999999,0.0,0.9793560708734338,0.0,1.0,0.020643929126566207,-0.8723069999999999
304,1.266667,walk,0.137941,-0.963851,0.933556,0.028187,0.032135,-0.645514,0.13030957523398407,0.6481881449483881,-0.0374370050395807,-0.01651809727223314,0.151218790769237,0.1698113917422006,-0.2882169426445881,1.2037437005039555,-0.3038156947444189,0.007679385649147364,-0.00911927045835906,0.0040796736261097975,0.13352,0.256671,-0.8734170000000001,-0.104938,-0.14864100000000002,-0.9244910000000001,0.238458,0.405312,0.05107399999999995,0.0,0.9789988231456341,0.0,1.0,0.021001176854365866,-0.8734170000000001
305,1.270833,walk,0.138343,-0.960965,0.933299,0.028515,0.032346,-0.645828,0.09649543927027718,0.6927508401344158,-0.06168987037927405,0.18448928268421888,-0.015741236017240885,-0.20578527676396863,-0.2866058569371089,1.1951512241958546,-0.3326932309169372,0.007921267402785488,-0.007441190590468405,0.0033605376860297025,0.13192399999999999,0.258764,-0.874546,-0.10530699999999998,-0.15155799999999997,-0.92422,0.23723099999999997,0.41032199999999996,0.049673999999999996,0.0032600000000000406,0.9810401734500628,0.0032600000000000406,0.99674,0.01895982654993722,-0.874546
306,1.275,walk,0.1389,-0.958107,0.932952,0.028942,0.032511,-0.645668,0.13366930645549013,0.685865130789548,-0.08327333813294986,0.20831779849383997,-0.07592026191884034,0.08888324054755783,-0.3110151187905023,1.1629469642429178,-0.36549076073915676,0.004799616030717566,-0.008399328053757822,0.0009599232061436797,0.13007100000000002,0.2607520000000001,-0.875722,-0.105844,-0.1544509999999999,-0.923869,0.235915,0.415203,0.04814700000000005,0.01852999999999999,0.9837975929121406,0.01852999999999999,0.9814700000000001,0.01620240708785936,-0.875722
307,1.279167,walk,0.139333,-0.955209,0.932531,0.028896,0.03327,-0.645654,0.10391168706503802,0.6954643628509828,-0.10103191744660463,0.2188753518656788,0.29209986975897845,0.01018594102471864,-0.30333573314135664,1.115430765538745,-0.36477081833453057,0.005759539236860106,-0.008159347252241243,0.005519558435324824,0.12837399999999996,0.262502,-0.876821,-0.10625300000000001,-0.15738300000000005,-0.923425,0.23462699999999997,0.41988500000000006,0.04660400000000009,0.033959999999999935,0.9809815319926661,0.033959999999999935,0.96604,0.019018468007333866,-0.876821
308,1.283333,walk,0.139698,-0.952253,0.93188,0.0293,0.034581,-0.646151,0.08761401824291082,0.709553528564541,-0.1562650024003695,0.5531514067166807,0.3693887310278124,-0.32359549615777244,-0.28900624099854777,1.0693710993758676,-0.385261641862688,0.005040806529044554,-0.008401344215075922,0.005040806529044554,0.126805,0.26400100000000004,-0.8777750000000001,-0.106597,-0.16037400000000002,-0.922753,0.233402,0.42437500000000006,0.04497799999999996,0.05021999999999999,0.9816362339293814,0.05021999999999999,0.9497800000000001,0.018363766070618626,-0.8777750000000001
309,1.2875,walk,0.140238,-0.949425,0.931329,0.028986,0.036374,-0.646002,0.12958963282937572,0.678665706743468,-0.1322294216462863,0.44292600951239175,0.7499921215490634,0.10227758230001915,-0.2831773458123363,1.0093592512598752,-0.3501319894408425,0.004559635229181195,-0.006239500839899033,0.001679865610751142,0.12508499999999997,0.2653789999999999,-0.878683,-0.107118,-0.16322799999999993,-0.922195,0.232203,0.42860699999999985,0.043511999999999995,0.06488000000000005,0.9868192488175123,0.06488000000000005,0.93512,0.013180751182487738,-0.878683
310,1.291667,walk,0.14065,-0.946499,0.930742,0.028996,0.037966,-0.646146,0.09887209023278486,0.7021838252940047,-0.1408687305015673,0.49754877874809256,0.5845926629002897,-0.09300727471400087,-0.26205903527718544,0.9402447804176307,-0.3107751379889745,0.0019198464122873594,-0.006959443244554375,0.004559635229181854,0.123581,0.266371,-0.8793909999999999,-0.107522,-0.16618299999999997,-0.921589,0.231103,0.432554,0.04219800000000007,0.07802000000000003,0.9857687809977752,0.07802000000000003,0.92198,0.014231219002224793,-0.8793909999999999
311,1.295833,walk,0.141259,-0.943581,0.930083,0.028886,0.039154,-0.64611,0.1461833893422904,0.7004320691310361,-0.15818530964953123,0.32929642431309236,0.4685076483358105,0.023951840802031832,-0.1956313010081584,0.8233317330772537,-0.2325972155544818,0.004320691310610569,-0.008161305808950692,0.0040806529044645195,0.12215699999999999,0.266883,-0.879701,-0.10811299999999999,-0.16913500000000004,-0.920913,0.23026999999999997,0.436018,0.041212000000000026,0.08787999999999996,0.9831735150865342,0.08787999999999996,0.91212,0.016826484913465833,-0.879701
312,1.3,walk,0.141736,-0.940837,0.929222,0.031024,0.039727,-0.646238,0.11447084233261376,0.6585073194144343,-0.2066234701223888,0.9599954220936493,-0.44756701657755266,-0.1481828651358398,-0.15358771298295393,0.7261819054475522,-0.1783057355411555,0.0038396928245728493,-0.005279577633781215,0.001679865610751142,0.12104000000000001,0.267165,-0.879583,-0.108574,-0.17190099999999997,-0.920045,0.229614,0.43906599999999996,0.040462,0.09537999999999996,0.9887652412565606,0.09537999999999996,0.90462,0.011234758743439377,-0.879583
313,1.304167,walk,0.142391,-0.937869,0.928785,0.030482,0.040781,-0.646125,0.15718742500599567,0.7122630189584975,-0.10487161027118247,0.13004720386120425,0.5504396674166577,0.08686842263993326,-0.1456683465322821,0.6599472042236644,-0.170386369090472,0.001679865610751142,-0.00623950083995232,-0.0069594432445402666,0.119778,0.26694699999999993,-0.879856,-0.10922199999999999,-0.17489500000000013,-0.9196369999999999,0.22899999999999998,0.44184200000000007,0.039780999999999955,0.10219000000000006,0.9841721790757253,0.10219000000000006,0.89781,0.015827820924274705,-0.879856
314,1.308333,walk,0.143051,-0.934897,0.928327,0.030462,0.041159,-0.646179,0.15842534805569822,0.7133941430629025,-0.10993759001439518,0.10984838948441394,0.14648060476251912,-0.0342914764989834,-0.15530484877581024,0.6337013922227662,-0.21747479596735972,-0.013442150744119526,0.003840614498323672,0.0014402304368701278,0.11847099999999997,0.26661499999999994,-0.880304,-0.10993800000000001,-0.1778510000000001,-0.919173,0.22840899999999997,0.444466,0.03886900000000004,0.11131000000000002,0.9765766023870923,0.11131000000000002,0.88869,0.02342339761290768,-0.880304
315,1.3125,walk,0.143932,-0.932041,0.928756,0.025411,0.040603,-0.645516,0.21142308615310443,0.6853851691864525,0.10295176385889356,-2.0167223188192445,1.3382824694229407,0.5749440890284491,-0.14254859611230594,0.6213102951763964,-0.2882169426445864,-0.009839212862970736,-0.0059995200383829005,0.014638828893688047,0.11699599999999999,0.26634800000000003,-0.881934,-0.11086000000000001,-0.180732,-0.919541,0.227856,0.44708000000000003,0.03760700000000006,0.12392999999999998,0.9689489818635129,0.12392999999999998,0.87607,0.03105101813648714,-0.881934
316,1.316667,walk,0.144594,-0.929051,0.928626,0.024618,0.039901,-0.645636,0.15886729061674848,0.7175425965922787,-0.031197504199681668,-0.5094878047974892,-0.008931205639639454,-0.048782878384491316,-0.12598992080633398,0.5814734821214146,-0.32685385169186265,0.0011999040076805766,-0.0059995200383829005,0.0201583873290137,0.115809,0.26578099999999993,-0.8831659999999999,-0.111517,-0.183747,-0.919327,0.227326,0.4495279999999999,0.03616100000000011,0.13839,0.9648892787019427,0.13839,0.86161,0.03511072129805726,-0.8831659999999999
317,1.320833,walk,0.145338,-0.9259,0.928136,0.02621,0.039825,-0.645834,0.17858857417187085,0.7563610177628652,-0.11761881901104253,0.5577550798086194,-0.5147610670146111,-0.1711056132717052,-0.11641862698032304,0.5187229956793412,-0.31709073451753167,-0.013202112337974296,0.0052808449351817235,0.009601536245799602,0.11457999999999999,0.264791,-0.8839969999999999,-0.112316,-0.18687600000000004,-0.918797,0.226896,0.45166700000000004,0.03480000000000005,0.15200000000000002,0.9714045170771224,0.15200000000000002,0.848,0.028595482922877613,-0.8839969999999999
318,1.325,walk,0.146135,-0.922735,0.927703,0.027152,0.039552,-0.645858,0.19126469882409072,0.759539236861039,-0.10391168706501137,0.2599214324191866,-0.39079241052047764,-0.04230655233778522,-0.13294936405087465,0.4607631389488618,-0.3122150227981729,0.002639788816893938,0.007919366450671823,0.023998080153587384,0.113229,0.26354599999999995,-0.884865,-0.11310199999999998,-0.19000800000000007,-0.9182640000000001,0.22633099999999998,0.453554,0.03339900000000007,0.16601000000000005,0.957652472817969,0.16601000000000005,0.83399,0.04234752718203105,-0.884865
319,1.329167,walk,0.146975,-0.919532,0.927377,0.026758,0.039752,-0.645389,0.20158387329013702,0.768658507319398,-0.07823374130070698,-0.07840041589232145,0.18157085497969636,0.30559700412466995,-0.10967122630189145,0.3630909527237761,-0.3354931605471545,0.029997600191984438,-0.01703863690903088,0.009119270458363223,0.111932,0.261856,-0.885937,-0.113817,-0.19328199999999995,-0.9179,0.225749,0.45513799999999993,0.031963000000000075,0.18037000000000003,0.9405270309139262,0.18037000000000003,0.81963,0.0594729690860738,-0.885937
320,1.333333,walk,0.147789,-0.91647,0.927221,0.025697,0.039524,-0.645056,0.19539126260201317,0.7349975996159206,-0.037445991358627154,-0.4568510981443591,0.2346970827448371,0.2417485463930858,-0.17186749879980193,0.2981277004320793,-0.36533845415265337,-0.015362457993278877,0.0,0.004080652904464936,0.110402,0.26003600000000004,-0.887303,-0.114695,-0.19634399999999996,-0.917727,0.225097,0.45638,0.030424000000000007,0.19576000000000005,0.9735080282746946,0.19576000000000005,0.80424,0.026491971725305374,-0.887303
321,1.3375,walk,0.148534,-0.913275,0.9268,0.026045,0.039641,-0.645081,0.1787856971442356,0.7667386609071766,-0.10103191744661001,0.16363045872668616,-0.06384572960471686,-0.02669405206601123,-0.17782577393809107,0.212622990160783,-0.31773458123351556,-0.0016798656107512315,-0.00215982721380517,0.008159347252220029,0.10891600000000001,0.25772699999999993,-0.8882059999999999,-0.115447,-0.19954799999999995,-0.917272,0.224363,0.4572749999999999,0.029066000000000036,0.20934000000000003,0.9856568105935266,0.20934000000000003,0.7906599999999999,0.014343189406473389,-0.8882059999999999
322,1.341667,walk,0.14927,-0.910124,0.926452,0.025621,0.039748,-0.645157,0.1766258699304077,0.75617950563952,-0.08351331893446155,-0.12282990015167362,0.17243903421431003,-0.03544302520969553,-0.17494600431966154,0.15430765538758226,-0.23710103191744547,-0.01007919366450685,-0.003359731221545579,0.008639308855291409,0.10745099999999996,0.2552190000000001,-0.888846,-0.11622500000000002,-0.20271300000000003,-0.916888,0.22367599999999999,0.4579320000000001,0.02804200000000001,0.21958,0.9771772776294727,0.21958,0.78042,0.022822722370527293,-0.888846
323,1.345833,walk,0.150013,-0.906911,0.926115,0.025647,0.039695,-0.645103,0.1783485357657161,0.771243398943815,-0.08089294287086474,-0.0064568053773016686,-0.029036254780765883,0.03348812181649089,-0.15026404224674575,0.13706192990877883,-0.2287566010561633,-0.0038406144983184703,0.0026404224675907213,0.01344215074411881,0.10608200000000001,0.25257700000000005,-0.889462,-0.116984,-0.20591500000000007,-0.9164950000000001,0.22306600000000001,0.4584920000000001,0.027033000000000085,0.22967000000000004,0.9762879796563673,0.22967000000000004,0.77033,0.023712020343632734,-0.889462
324,1.35,walk,0.150715,-0.903661,0.925678,0.026122,0.039777,-0.645198,0.16846652267817977,0.7799376049915887,-0.10487161027118247,0.1986889148137614,-0.11396319076555365,-0.07408570953675524,-0.07031437485002183,0.1538276937844967,-0.2894168466522653,-0.0045596352291828604,0.004079673626147264,0.015598752099831675,0.10508699999999999,0.24996800000000008,-0.890231,-0.11770499999999999,-0.2091479999999999,-0.9159930000000001,0.222792,0.45911599999999997,0.025762000000000063,0.24238000000000004,0.972073754012126,0.24238000000000004,0.75762,0.027926245987873966,-0.890231
325,1.354167,walk,0.151376,-0.900407,0.925159,0.027074,0.040004,-0.645342,0.15862730981522746,0.7808975281978014,-0.12455003599713725,0.4180585566042374,-0.2067336010350986,-0.11974596331084184,-0.06959443244539722,0.16702663786895866,-0.41420686345094243,-0.004799616030717566,0.006719462442984944,0.020158387329014777,0.104136,0.2474099999999999,-0.891438,-0.11838600000000002,-0.21237400000000006,-0.9153899999999999,0.22252200000000003,0.45978399999999997,0.023951999999999973,0.26048,0.9636931262525954,0.26048,0.73952,0.0363068737474046,-0.891438
326,1.358333,walk,0.151928,-0.897086,0.924501,0.028707,0.040399,-0.645779,0.13250120019202635,0.7971675468074452,-0.15794527124337934,0.7175140802557426,-0.3470171318334142,-0.3258931993094055,-0.118819011041769,0.13466154584733997,-0.22083533365337948,-0.003120499279884486,0.009361497839683437,0.021363418146903047,0.10308899999999999,0.24465000000000003,-0.8917,-0.118951,-0.21565599999999985,-0.914643,0.22204,0.4603059999999999,0.022942999999999936,0.2961699873971254,0.9607794415984854,0.2961699873971254,0.7038300126028746,0.039220558401514616,-0.8917
327,1.3625,walk,0.152557,-0.893752,0.923993,0.029616,0.040434,-0.646077,0.1509479241660633,0.8000959923206225,-0.12191024718024,0.3414637435308401,-0.25923507273856033,-0.21569405992237425,-0.07775377969762143,0.15550755939524286,-0.2253419726421858,-0.00479961603071731,0.011279097672164114,0.02351811855051557,0.102136,0.24196399999999996,-0.892131,-0.1196,-0.218943,-0.914037,0.221736,0.46090699999999996,0.02190599999999998,0.3065771058619699,0.9557985590199494,0.3065771058619699,0.69342289413803,0.04420144098005063,-0.892131
328,1.366667,walk,0.153302,-0.890383,0.923627,0.030351,0.040292,-0.645985,0.17878569714422607,0.8084953203743531,-0.08783297336212495,0.22562183763109397,-0.2822397681696225,0.03502347128753194,-0.09455243580513618,0.16030717542596515,-0.1831053515718728,-0.00479961603071731,0.01055915526756243,0.035517158627309676,0.100997,0.239263,-0.892528,-0.120365,-0.22226800000000002,-0.913523,0.221362,0.461531,0.020994999999999986,0.3549059517431973,0.9377281802862936,0.3549059517431973,0.6450940482568027,0.06227181971370643,-0.892528
329,1.370833,walk,0.154321,-0.886565,0.923525,0.030125,0.039544,-0.644509,0.244599135861749,0.9164666346615667,-0.024483917426773433,-0.3049598640487179,-0.25002521095319297,0.9354245443701065,-0.13322131541046245,0.19395103216515888,-0.27364378300528847,-0.049687950072012536,0.018963034085493116,0.05496879500720259,0.09942300000000001,0.23625300000000005,-0.8935660000000001,-0.121591,-0.22600699999999985,-0.913192,0.22101400000000002,0.4622599999999999,0.01962599999999992,0.30374,0.872523886021404,0.30374,0.69626,0.12747611397859604,-0.8935660000000001
330,1.375,walk,0.154953,-0.883162,0.923017,0.03202,0.039301,-0.644773,0.15166786657067166,0.8166546676265944,-0.12191024718024,0.617934688393883,-0.6659025104610982,-0.22524678438601062,-0.09359251259899172,0.1339092872570058,-0.22702183825293779,-0.044636429085674154,0.02783777297816273,0.03887688984881196,0.09840100000000002,0.23340799999999995,-0.894004,-0.12240900000000002,-0.2292939999999999,-0.9125219999999999,0.22081000000000003,0.46270199999999984,0.018517999999999923,0.3486590517809482,0.8909795512272429,0.3486590517809482,0.6513409482190518,0.10902044877275707,-0.894004
331,1.379167,walk,0.155585,-0.879734,0.922551,0.033543,0.038832,-0.644866,0.15166786657067166,0.8226541876649773,-0.11183105351570984,0.41246359380158937,-0.6393080689928199,-0.1071159063242302,-0.06575473962082898,0.08087353011759758,-0.20950323974081966,-0.04727621790256643,0.0395968322534124,0.030717542596591953,0.09749500000000003,0.230317,-0.8944110000000001,-0.123238,-0.2325569999999999,-0.911928,0.220733,0.4628739999999999,0.017516999999999894,0.4348306370440234,0.885175044731735,0.4348306370440234,0.5651693629559766,0.11482495526826497,-0.8944110000000001
332,1.383333,walk,0.156295,-0.876358,0.922172,0.0345,0.038259,-0.644919,0.1704272683629397,0.8103696591454952,-0.09097455592895536,0.17290429246702713,-0.5041094341941291,-0.06442672073658669,-0.04104656745080093,0.07849255880943008,-0.21051368218915556,-0.052568410945753624,0.03456553048485975,0.051848295727317514,0.096614,0.22726800000000003,-0.894909,-0.124167,-0.23578900000000003,-0.911333,0.220781,0.46305700000000005,0.016423999999999994,0.45511028906420414,0.8641236315934309,0.45511028906420414,0.5448897109357959,0.13587636840656914,-0.894909
333,1.3875,walk,0.156991,-0.873022,0.921831,0.035545,0.037832,-0.645062,0.16702663786896974,0.8005759539236813,-0.08183345332374205,0.25009866711416684,-0.474652006817555,-0.12440580519603744,-0.04151667866570132,0.07223422126229744,-0.20158387329013536,-0.050635949124068706,0.04103671706261577,0.06623470122390163,0.09574500000000002,0.22423300000000002,-0.895408,-0.125074,-0.2389540000000001,-0.910716,0.22081900000000002,0.4631870000000001,0.015307999999999988,0.4833823078557091,0.8451250761170309,0.4833823078557091,0.5166176921442909,0.15487492388296908,-0.895408
334,1.391667,walk,0.157615,-0.869687,0.921482,0.036973,0.037114,-0.645178,0.14974802015838942,0.8003359731221386,-0.08375329973600433,0.30034600475905476,-0.70047906221568,-0.12118214286397702,-0.032397408207342264,0.0710343172546102,-0.1864650827933751,-0.03815694744420403,0.04103671706266906,0.07199424046076257,0.09498600000000001,0.221194,-0.8958360000000001,-0.125857,-0.24211799999999994,-0.9100670000000001,0.220843,0.46331199999999995,0.014230999999999994,0.5207730411101852,0.8479479671930307,0.5207730411101852,0.4792269588898148,0.15205203280696933,-0.8958360000000001
335,1.395833,walk,0.158224,-0.86635,0.921235,0.038217,0.036288,-0.645325,0.1461833893422904,0.8010081613057952,-0.05928948631780856,0.19934930713785237,-0.6823590294224682,-0.1358396844456694,-0.035765722515603976,0.07801248199712213,-0.16562650024003378,-0.05880940950551979,0.05208833413343873,0.10465674507920995,0.094228,0.218182,-0.896279,-0.12671100000000002,-0.24523800000000007,-0.909384,0.220939,0.46342000000000005,0.013104999999999922,0.5580495522135368,0.7818972242155381,0.5580495522135368,0.4419504477864632,0.2181027757844619,-0.896279
336,1.4,walk,0.158794,-0.863017,0.920914,0.039328,0.035613,-0.645515,0.13678905687545315,0.7998560115190957,-0.07703383729302385,0.19740789256180008,-0.5842839414559249,-0.15883842656604066,-0.032397408207343985,0.08663306935444233,-0.1579073674106141,-0.04895608351332184,0.05591552675784458,0.11831053515719292,0.09352300000000002,0.21521,-0.896616,-0.127485,-0.24833800000000006,-0.90857,0.221008,0.46354800000000007,0.01195400000000002,0.5754571883240912,0.7671396044434446,0.5754571883240912,0.4245428116759088,0.23286039555655536,-0.896616
337,1.404167,walk,0.159395,-0.859648,0.920637,0.040509,0.035081,-0.645625,0.14422846172306542,0.8084953203743798,-0.06647468202543066,0.26762077953394986,-0.5561459777928788,-0.11073087852049708,-0.04343652507799024,0.0835133189344882,-0.16126709863210795,-0.040556755459561854,0.06623470122394118,0.13174946004319532,0.09274100000000002,0.21218899999999996,-0.897011,-0.128255,-0.25143099999999996,-0.907744,0.22099600000000003,0.4636199999999999,0.010732999999999993,0.581452483839132,0.7451045623893279,0.581452483839132,0.41854751616086805,0.2548954376106721,-0.897011
338,1.408333,walk,0.159966,-0.856335,0.920368,0.041645,0.034553,-0.645702,0.13706192990877883,0.79524723955831,-0.06457033125301666,0.2524789817337352,-0.541981881728812,-0.0891747375083681,-0.05040806529045553,0.07489198271722766,-0.15434469515122026,-0.04128660585693646,0.07177148343730652,0.14066250600095623,0.09195999999999999,0.20918799999999993,-0.897385,-0.128998,-0.25444500000000014,-0.906889,0.220958,0.4636330000000001,0.009503999999999957,0.6069477563898149,0.7279620622226938,0.6069477563898149,0.3930522436101851,0.2720379377773062,-0.897385
339,1.4125,walk,0.160552,-0.853025,0.920149,0.042225,0.034299,-0.645776,0.1406287497000237,0.794336453083729,-0.0525557955363493,0.1337660701841189,-0.2697323126462831,-0.06778072810091815,-0.06599472042235843,0.05567554595632546,-0.14206863450923787,-0.061915046796255306,0.08039356851456532,0.1579073674106061,0.09109900000000001,0.20611000000000002,-0.897758,-0.129842,-0.25741999999999987,-0.906012,0.220941,0.4635299999999999,0.008254000000000095,0.6403791531315595,0.6871664643898863,0.6403791531315595,0.35962084686844054,0.31283353561011373,-0.897758
340,1.416667,walk,0.161085,-0.849674,0.919901,0.04312,0.034185,-0.645868,0.1279097672186297,0.8041756659467593,-0.059515238780906476,0.29277513999269855,-0.315200963032219,-0.08848661194044252,-0.058555315574761964,0.0422366210703319,-0.12814974802016418,-0.07007439404847947,0.08327333813292322,0.1655867530597627,0.09032199999999999,0.2029350000000001,-0.898044,-0.130667,-0.260424,-0.9050739999999999,0.220989,0.4633590000000001,0.007029999999999981,0.6845525667008936,0.6697482343644786,0.6697482343644786,0.3154474332991064,0.3302517656355214,-0.898044
341,1.420833,walk,0.161635,-0.846288,0.919651,0.044217,0.033855,-0.645869,0.13202112337973593,0.8127700432068908,-0.06000960153623755,0.29971745523062304,-0.45993666010738665,-0.040703513852447554,-0.04800768122899004,0.0374459913586005,-0.11401824291886384,-0.09001440230436632,0.09433509361499687,0.1721075372059484,0.08957200000000001,0.19970500000000002,-0.898269,-0.131592,-0.2634169999999999,-0.904107,0.22116400000000003,0.4631219999999999,0.00583800000000001,0.7261934241858871,0.6401284686298169,0.6401284686298169,0.27380657581411294,0.35987153137018313,-0.898269
342,1.425,walk,0.162193,-0.842945,0.919473,0.044824,0.033625,-0.645762,0.13390928725701912,0.8022558195344275,-0.042716582673388556,0.15086762062075423,-0.27556204865583594,0.044818231670827595,-0.027597792176633277,0.045356371490279164,-0.16438684905207496,-0.09479241660667062,0.1197504199664083,0.18190544756419347,0.08889899999999998,0.19655100000000003,-0.898776,-0.132545,-0.26626099999999986,-0.903171,0.22144399999999997,0.4628119999999999,0.004394999999999927,0.6681366512055207,0.6041347129325667,0.6041347129325667,0.3318633487944793,0.3958652870674333,-0.898776
343,1.429167,walk,0.162758,-0.839565,0.919298,0.045621,0.033509,-0.645695,0.13558915286777193,0.8111351091912704,-0.041996640268786876,0.256093822802774,-0.29110215792331334,0.013778195377055696,-0.01919846412286258,0.038876889848810714,-0.13198944084473102,-0.10727141828653614,0.11951043916483889,0.21430285577153615,0.088254,0.19333299999999998,-0.8991509999999999,-0.133557,-0.269143,-0.902103,0.221811,0.462476,0.0029520000000000657,0.7389320323063697,0.5536704747411222,0.5536704747411222,0.2610679676936303,0.4463295252588778,-0.8991509999999999
344,1.433333,walk,0.163229,-0.836202,0.919081,0.046197,0.033272,-0.645807,0.11305808929428983,0.8072491598656006,-0.05208833413344151,0.13793224041646687,-0.26080839613418955,-0.09259921295106853,-0.0074411905904954515,0.04224675948153374,-0.12842054728756952,-0.09169467114738605,0.12962073931829068,0.22707633221316056,0.087752,0.19014600000000004,-0.8994690000000001,-0.13441,-0.27196600000000004,-0.9009400000000001,0.222162,0.4621120000000001,0.001471,0.7596304914371758,0.5382006525507799,0.5382006525507799,0.24036950856282424,0.46179934744922013,-0.8994690000000001
345,1.4375,walk,0.163719,-0.8328,0.918878,0.046946,0.033031,-0.645901,0.1175905927525766,0.8164146868250516,-0.048716102711798104,0.20005548255940428,-0.31631015806983065,-0.08730084647802323,-0.01727861771058698,0.05063594912406038,-0.10751139908807225,-0.09599232061435037,0.13726901847852474,0.22630189584833027,0.08718999999999999,0.18695499999999998,-0.899714,-0.1353,-0.27479600000000004,-0.899794,0.22249,0.461751,7.999999999996898e-05,0.7990524786594357,0.5307516142349012,0.5307516142349012,0.20094752134056426,0.46924838576509875,-0.899714
346,1.441667,walk,0.164213,-0.829394,0.918686,0.047569,0.032628,-0.645856,0.11855051595872107,0.817374610031196,-0.04607631389488085,0.10302626359566197,-0.34166465090330733,0.002754723689736835,-0.03719702423806457,0.03047756179505334,-0.10847132229421588,-0.10799136069114365,0.14590832733379824,0.23782097432205215,0.08654099999999998,0.18367599999999995,-0.899974,-0.136244,-0.2775940000000001,-0.898611,0.22278499999999998,0.46127000000000007,0.001363000000000003,0.8022450439910677,0.487732440141022,0.487732440141022,0.19775495600893234,0.512267559858978,-0.898611
347,1.445833,walk,0.164611,-0.826072,0.918552,0.048632,0.032116,-0.645996,0.09553528564570805,0.7974075852136395,-0.032165146423420776,0.2312974551860802,-0.5109496655566609,-0.1303591308748867,-0.03744599135861582,0.03240518482957267,-0.07513202112338188,-0.11305808929428983,0.16034565530488004,0.22443590974556554,0.08598699999999998,0.180489,-0.900153,-0.137113,-0.28024799999999994,-0.8975420000000001,0.2231,0.46073699999999995,0.002610999999999919,0.8500266794953126,0.4770546306836229,0.4770546306836229,0.14997332050468737,0.522945369316377,-0.8975420000000001
348,1.45,walk,0.165071,-0.822762,0.918451,0.048295,0.032448,-0.645989,0.1103911687064998,0.7943364530837557,-0.024238060955127663,-0.020365639759445713,0.2254054272391926,0.01953187067125223,-0.03455723542116064,0.030717542596596117,-0.10079193664506768,-0.10967122630189562,0.15742740580753178,0.25845932325413723,0.08538300000000001,0.177307,-0.900472,-0.13802999999999999,-0.282902,-0.896364,0.223413,0.460209,0.0041080000000000005,0.8151818879442205,0.45892,0.45892,0.18481811205577947,0.54108,-0.896364
349,1.454167,walk,0.165475,-0.819496,0.918322,0.048675,0.032508,-0.646286,0.09695224382049733,0.7837772978161666,-0.03095752339813889,0.15926304167079144,-0.08467083975941751,-0.199528673444912,-0.022558195344368197,0.041276697864158544,-0.09575233981281425,-0.0861531077513788,0.17350611951044484,0.2519798416126696,0.08488500000000002,0.17421299999999995,-0.9007419999999999,-0.138793,-0.28544499999999995,-0.895185,0.22367800000000002,0.4596579999999999,0.005556999999999923,0.8221958900659965,0.44443,0.44443,0.17780410993400353,0.55557,-0.895185
350,1.458333,walk,0.165843,-0.816233,0.91824,0.048906,0.03221,-0.646527,0.08833413346134647,0.7832453192510626,-0.019683149303894445,-0.007007334977173471,-0.17165854898863997,-0.16282282167282958,-0.006000960153637079,0.041046567450798745,-0.106817090734514,-0.08185309649543727,0.19419107057130042,0.24651944311089102,0.08449199999999998,0.17112099999999997,-0.9011049999999999,-0.139502,-0.2878989999999999,-0.894076,0.22399399999999997,0.4590199999999999,0.007028999999999952,0.8090177211882684,0.42971,0.42971,0.19098227881173158,0.57029,-0.894076
351,1.4625,walk,0.166142,-0.813189,0.918176,0.047975,0.032885,-0.646812,0.0717542596592357,0.7305015598752279,-0.015358771298285554,-0.12988277855823965,0.5452762330610743,-0.13928509957451068,-0.0035997120230352605,0.03743700503960934,-0.0935925125989967,-0.09095272378210179,0.19318454523637663,0.27933765298777335,0.08417799999999998,0.16823300000000008,-0.901431,-0.14018000000000003,-0.2901379999999999,-0.892848,0.224358,0.458371,0.008583000000000007,0.8318892090880253,0.41417,0.41417,0.16811079091197467,0.5858300000000001,-0.892848
352,1.466667,walk,0.166641,-0.809674,0.918132,0.046615,0.033453,-0.646597,0.11975041996640164,0.8435325173986127,-0.010559155267589073,-0.3222144292224688,0.6207415097417935,0.18814209731484594,-0.005039596832251761,0.03383729301654563,-0.09527237820974202,-0.0979121670266368,0.2145428365730606,0.2598992080633531,0.08365799999999998,0.16485899999999998,-0.9017839999999999,-0.14108700000000002,-0.292759,-0.891721,0.224745,0.45761799999999997,0.010062999999999933,0.8312860245476309,0.39937,0.39937,0.1687139754523691,0.60063,-0.891721
353,1.470833,walk,0.167241,-0.805876,0.918298,0.044709,0.033843,-0.645637,0.14402304368698343,0.9116658665386136,0.03984637542006599,-0.5799640500355524,0.6979439576401311,0.6730115582839107,-0.013682189150257365,0.03936629860778889,-0.08449351896303216,-0.10801728276523924,0.22587614018244237,0.27772443590973755,0.08300100000000002,0.16122500000000006,-0.9023019999999999,-0.142137,-0.2956159999999999,-0.8907299999999999,0.225138,0.45684099999999994,0.011572000000000027,0.8429785708823182,0.38428,0.38428,0.1570214291176818,0.61572,-0.8907299999999999
354,1.475,walk,0.167678,-0.80254,0.918358,0.043406,0.034094,-0.645566,0.10487161027117581,0.8005759539236813,0.014398848092166919,-0.4000140454760804,0.49198560721240275,0.09092914266107792,-0.01727861771058698,0.04631629469642363,-0.0686345092392607,-0.0974322054235654,0.23062155027597367,0.2841372690184766,0.08249200000000001,0.15808200000000006,-0.902648,-0.14298,-0.2979909999999999,-0.889606,0.225472,0.45607299999999995,0.013041999999999998,0.8590267397014919,0.36958,0.36958,0.1409732602985081,0.63042,-0.889606
355,1.479167,walk,0.168091,-0.799265,0.918469,0.042375,0.034462,-0.64549,0.09911207103432099,0.7859371250300402,0.026637868970476913,-0.26386458612105007,0.4506717013934112,0.08516638401266821,-0.015358771298298875,0.06167506599471165,-0.09767218622510589,-0.09959203263739408,0.2495800335973068,0.2517398608111469,0.082015,0.15506399999999998,-0.903166,-0.143808,-0.300226,-0.888668,0.225823,0.45529,0.014498000000000011,0.8057810400659059,0.35502,0.35502,0.1942189599340941,0.64498,-0.888668
356,1.483333,walk,0.16851,-0.796007,0.918578,0.041373,0.034802,-0.645454,0.10057609217474585,0.7820451272203298,0.026164186269808633,-0.2619481239265308,0.43294525730429406,0.0586622490577773,-0.025204032645227765,0.05016802688430365,-0.09433509361497605,-0.09241478636581599,0.24315890542484467,0.25780124819970457,0.08149099999999998,0.152015,-0.903668,-0.144612,-0.30247100000000005,-0.887703,0.22610299999999997,0.45448600000000006,0.015965000000000007,0.8170368580652239,0.34035000000000004,0.34035000000000004,0.18296314193477614,0.65965,-0.887703
357,1.4875,walk,0.168848,-0.792689,0.918611,0.040889,0.034885,-0.645662,0.08111351091912704,0.7962562994960446,0.007919366450671823,-0.15167033078191258,0.18701029597974422,-0.11434561278067897,-0.020878329733615388,0.04823614110871255,-0.06095512359011209,-0.09527237820974202,0.2814974802016035,0.26685865130789377,0.081066,0.14889799999999997,-0.903955,-0.145347,-0.304616,-0.886624,0.226413,0.453514,0.017330999999999985,0.8658550011967664,0.32669000000000004,0.32669000000000004,0.1341449988032336,0.67331,-0.886624
358,1.491667,walk,0.169126,-0.789435,0.918537,0.040926,0.034627,-0.645754,0.06671466282697344,0.7808975281977332,-0.017758579313632568,-0.0666506566291919,-0.1028636602021111,-0.06008087147851485,-0.0026397888168972683,0.042476601871845786,-0.046076313894888345,-0.0849532037436999,0.2843772498200102,0.23854091672666047,0.08077699999999999,0.14582099999999998,-0.904073,-0.145979,-0.306685,-0.885556,0.22675599999999999,0.45250599999999996,0.018517000000000006,0.8954605750377533,0.31482999999999994,0.31482999999999994,0.10453942496224666,0.6851700000000001,-0.885556
359,1.495833,walk,0.169414,-0.786142,0.918475,0.040992,0.034581,-0.645921,0.06913106096975946,0.7904464714354479,-0.014882381180990903,0.009925891963528794,-0.0316059788913962,-0.10770715269073765,-0.008161305808924477,0.03576572251561921,-0.06289006240998725,-0.09073451752280597,0.31925108017284876,0.237638022083539,0.080455,0.14267700000000005,-0.904273,-0.146645,-0.3086479999999999,-0.8845040000000001,0.2271,0.451325,0.019768999999999926,0.8786539181433815,0.30230999999999997,0.30230999999999997,0.12134608185661855,0.69769,-0.8845040000000001
360,1.5,walk,0.169651,-0.782883,0.918415,0.041359,0.03438,-0.646141,0.05687544996399938,0.7820974322054205,-0.014398848092166919,0.07206896416880107,-0.1796271230205907,-0.15183928965788215,-0.006479481641468453,0.03215742740579949,-0.06119510439164821,-0.10703143748500085,0.3328533717302655,0.2443004559635206,0.08019100000000001,0.139552,-0.9044679999999999,-0.147328,-0.3105199999999999,-0.8834259999999999,0.227519,0.4500719999999999,0.021042000000000005,0.8842785357804004,0.28958000000000006,0.28958000000000006,0.11572146421959961,0.7104199999999999,-0.8834259999999999
361,1.504167,walk,0.169817,-0.77968,0.918373,0.041637,0.034135,-0.64638,0.03983681305495518,0.768658507319398,-0.010079193664503522,0.02574781309370633,-0.16759474175794828,-0.16066774330928474,-0.015118790496761942,0.02903767698584997,-0.032877369810414905,-0.11135109191264593,0.374610031197483,0.2068634509239249,0.079962,0.1364700000000001,-0.904563,-0.147958,-0.31216199999999994,-0.882522,0.22792,0.44863200000000003,0.022040999999999977,0.92267158858209,0.27959,0.27959,0.07732841141791003,0.72041,-0.882522
362,1.508333,walk,0.169965,-0.776529,0.918304,0.04213,0.034057,-0.646559,0.03552568410946065,0.7563610177628652,-0.016562650024000848,0.15651917954733116,-0.17502226795017636,-0.1296584152430035,-0.01848295727316268,0.021363418146878786,-0.018963034085453974,-0.11425828132501514,0.39486317810848276,0.15746519443111232,0.079737,0.13340799999999997,-0.904573,-0.148582,-0.31366800000000006,-0.881797,0.228319,0.44707600000000003,0.022775999999999907,0.9432938371415603,0.27224000000000004,0.27224000000000004,0.05670616285843966,0.72776,-0.881797
363,1.5125,walk,0.170078,-0.773362,0.918287,0.042198,0.034047,-0.646658,0.027117830573554387,0.7600191984641245,-0.004079673626120621,0.021892973548167254,-0.021313906827356406,-0.06477911560639166,-0.014398848092153596,0.017038636909057527,-0.0002399808015361153,-0.1175905927525791,0.4367650587953302,0.16726661867050585,0.079564,0.13031199999999998,-0.9045569999999999,-0.149185,-0.31501499999999993,-0.881083,0.228749,0.4453269999999999,0.023473999999999995,0.9628180313680618,0.26526,0.26526,0.037181968631938234,0.73474,-0.881083
364,1.516667,walk,0.170183,-0.770269,0.918283,0.042508,0.034046,-0.646747,0.025197984161265462,0.7422606191504653,-0.0009599232061444612,0.11330401833353373,-0.09327426102919632,-0.06614109985682863,-0.015358771298298058,0.011279097672190758,0.005039596832253425,-0.1019918406527466,0.4809215262778688,0.13246940244780242,0.079395,0.127266,-0.904532,-0.149715,-0.31610400000000005,-0.880527,0.22910999999999998,0.44337000000000004,0.024005000000000054,0.9671490133615146,0.25995,0.25995,0.0328509866384854,0.74005,-0.880527
365,1.520833,walk,0.170281,-0.767196,0.91835,0.042783,0.0342,-0.646787,0.023523763802204587,0.7376380220835114,0.016082573211722854,0.14876073893512898,-0.02739210456034168,-0.033658819222150325,-0.005760921747478538,0.006481036965914188,-0.006721075372058989,-0.12554008641382258,0.5076812289966469,0.0912145943350924,0.07927300000000001,0.12422,-0.904627,-0.150336,-0.31706199999999995,-0.880214,0.229609,0.44128199999999995,0.024412999999999907,0.9817148425635698,0.25586999999999993,0.25586999999999993,0.01828515743643022,0.7441300000000001,-0.880214
366,1.525,walk,0.170324,-0.764138,0.9184,0.042851,0.034127,-0.646843,0.010319174466046847,0.733861291096747,0.011999040076793083,0.002232110839634179,-0.045824468784346956,-0.037961998511336845,-0.0014398848092167685,0.010559155267589635,-0.014638828893689244,-0.07607391408687683,0.5586753059755201,0.04439644828413874,0.07922399999999999,0.12120600000000004,-0.904738,-0.150696,-0.3177920000000001,-0.880079,0.22991999999999999,0.4389980000000001,0.024659000000000098,0.9698216256785136,0.25341,0.25341,0.0301783743214864,0.74659,-0.880079
367,1.529167,walk,0.170371,-0.761176,0.918619,0.043044,0.034181,-0.64688,0.011279097672184098,0.7108231341492675,0.0525557955363493,0.08754558676571704,-0.038706153927566794,-0.02952948452370927,0.008159347252221259,0.013438924885995813,-0.006239500839932753,-0.09455243580513452,0.6049916006719406,0.0849532037436999,0.079211,0.11829999999999996,-0.904983,-0.151137,-0.3182330000000001,-0.879944,0.230348,0.43653300000000006,0.025039000000000033,0.9718086390101659,0.24961000000000005,0.24961000000000005,0.028191360989834102,0.7503899999999999,-0.879944
368,1.533333,walk,0.170382,-0.758263,0.918898,0.042958,0.034224,-0.646921,0.0026404224675973835,0.6992318771003033,0.06697071531445549,-0.01806072281689849,0.04378131526653009,-0.02260905464698604,0.006000960153623755,0.015362457993267218,0.0009601536245796176,-0.08353336533845213,0.6584253480557097,0.05808929428708414,0.07922499999999999,0.11545099999999997,-0.905258,-0.15149600000000002,-0.3184029999999999,-0.879981,0.230721,0.43385399999999985,0.025276999999999994,0.9724652475475146,0.24723,0.24723,0.027534752452485378,0.7527699999999999,-0.879981
369,1.5375,walk,0.17034,-0.755382,0.919209,0.04333,0.034119,-0.647059,-0.010079193664510181,0.6913846892248621,0.07463402927767192,0.10367079279486792,-0.148804960828389,-0.09994812852905689,0.0028797696184333834,0.014398848092166919,0.0,-0.08735301175905855,0.7213822894168033,0.05591552675785825,0.07927900000000002,0.11263000000000001,-0.9055690000000001,-0.15181799999999998,-0.31827800000000006,-0.880059,0.231097,0.43090800000000007,0.025510000000000033,0.9755266642015943,0.24490000000000006,0.24490000000000006,0.024473335798405715,0.7550999999999999,-0.880059
370,1.541667,walk,0.170319,-0.752534,0.91957,0.043706,0.033847,-0.647272,-0.005039596832252029,0.6834653227742,0.08663306935444233,0.05324462772443809,-0.20848983836682286,-0.14887308514653005,0.0028797696184268765,0.007679385649156099,-0.002159827213822655,-0.055675545956325935,0.7926565874730518,0.01943844492440806,0.079312,0.10981400000000008,-0.905939,-0.152029,-0.31782299999999997,-0.880339,0.231341,0.42763700000000004,0.025600000000000067,0.985864653190077,0.244,0.244,0.01413534680992301,0.756,-0.880339
371,1.545833,walk,0.170231,-0.749782,0.919976,0.044056,0.033614,-0.647459,-0.02112337974075908,0.6605856937109967,0.0974555928948647,0.05584769361740463,-0.1871294960607999,-0.13134231036306965,0.003120499279887817,0.0026404224675907213,-0.020163226116178216,-0.06697071531444883,0.8831012962073661,-0.06529044647143398,0.07941300000000001,0.10707299999999997,-0.906429,-0.15222,-0.31689600000000007,-0.881017,0.231633,0.42396900000000004,0.02541199999999999,0.965710990018858,0.24588,0.24588,0.03428900998114204,0.75412,-0.881017
372,1.55,walk,0.17012,-0.74703,0.92041,0.044774,0.03324,-0.647899,-0.026637868970482155,0.6604271658267232,0.10415166786655415,0.14707081594059315,-0.3438042123802102,-0.30431085266157387,0.009839212862967406,0.005279577633781215,-0.006719462443004568,-0.06287497000239893,0.9707223422126339,-0.008639308855291825,0.079565,0.10434299999999996,-0.906891,-0.15237099999999998,-0.31560299999999997,-0.8814869999999999,0.23193599999999998,0.41994599999999993,0.025404000000000093,0.978279859239454,0.24596,0.24596,0.02172014076054596,0.75404,-0.8814869999999999
373,1.554167,walk,0.16998,-0.744291,0.920794,0.045421,0.032888,-0.648327,-0.03359731221502284,0.6573074154067471,0.09215262778978835,0.12797923278953516,-0.31413737569691713,-0.29490931673061993,0.01367890568754525,0.006719462443011228,-0.0004799616030718143,0.001679865610751142,1.0218382529397265,-0.15742740580753345,0.079762,0.10163200000000006,-0.907277,-0.152224,-0.31408400000000003,-0.882527,0.231986,0.4157160000000001,0.02475000000000005,0.97458707680725,0.2525,0.2525,0.025412923192750014,0.7475,-0.882527
374,1.558333,walk,0.169893,-0.741608,0.921321,0.046006,0.032405,-0.648776,-0.020883341334614978,0.6440230436870045,0.12650024003839602,0.06450115860890555,-0.3420676627396878,-0.30731400027954253,0.012241958713393378,0.006481036965914533,0.002160345655304983,0.0016802688430149408,1.088094095055266,-0.11209793566971057,0.0799,0.09897600000000006,-0.9077949999999999,-0.15213,-0.3122339999999999,-0.883521,0.23203,0.41120999999999996,0.024273999999999907,0.9766347547600446,0.25726000000000004,0.25726000000000004,0.023365245239955423,0.74274,-0.883521
375,1.5625,walk,0.169781,-0.738879,0.921917,0.046009,0.032094,-0.649149,-0.02687784977201827,0.6549076073914258,0.1430285577153915,-0.09479331614666858,-0.10121757283478086,-0.2380603493866309,0.018958483321339786,0.0011999040076872372,0.001679865610751142,-0.010319174466042967,1.164866810655118,-0.10319174466042634,0.08009100000000002,0.096252,-0.908384,-0.152061,-0.3101090000000001,-0.884547,0.23215200000000003,0.4063610000000001,0.023836999999999997,0.9682157530308135,0.26163000000000003,0.26163000000000003,0.03178424696918647,0.73837,-0.884547
376,1.566667,walk,0.169585,-0.736199,0.922524,0.044452,0.0334,-0.649475,-0.047036237101025315,0.6431485481161229,0.1456683465322821,-0.1596442550319864,0.9715590160535107,-0.14158181522357802,0.007919366450678483,-0.0007199424046283283,0.003359731221502284,0.017518598512118934,1.204943604511616,-0.1379889608831281,0.08031999999999997,0.09356900000000001,-0.908977,-0.151792,-0.30776800000000004,-0.885729,0.23211199999999999,0.40133700000000005,0.023248000000000046,0.9856122664198079,0.26752,0.26752,0.014387733580192075,0.73248,-0.885729
377,1.570833,walk,0.169491,-0.733548,0.923214,0.043539,0.033993,-0.649913,-0.022563610177631584,0.6363418146903838,0.1656265002400351,-0.14707051815391423,0.5155055584040472,-0.24098368637621162,0.00480076812290459,-0.003120499279867996,-0.0007201152184348556,0.028084493518963534,1.2938070091214944,-0.13154104656745416,0.080434,0.09090500000000001,-0.90967,-0.151581,-0.3050290000000001,-0.886967,0.232015,0.3959340000000001,0.02270300000000003,0.9903818088652897,0.27297,0.27297,0.009618191134710297,0.7270300000000001,-0.886967
378,1.575,walk,0.169372,-0.730886,0.9239,0.043259,0.033955,-0.65048,-0.028557715382771076,0.6388288936884862,0.16462682985362856,-0.11319127660824033,0.09300078947375821,-0.3484909701215658,-0.0035997120230417297,-0.00311975041997616,0.003359731221502284,0.06647468202543733,1.3290136789056877,-0.18742500599951956,0.080538,0.08823000000000003,-0.9103420000000001,-0.15118499999999999,-0.302153,-0.8884340000000001,0.23172299999999998,0.39038300000000004,0.02190800000000004,0.9902848109739169,0.28092000000000006,0.28092000000000006,0.009715189026083149,0.7190799999999999,-0.8884340000000001
379,1.579167,walk,0.169247,-0.728226,0.924582,0.043379,0.033647,-0.651018,-0.029997600191981107,0.6383489320854273,0.16366690664745745,-0.05184983844586342,-0.13086338151743843,-0.3460127674750791,0.005519558435323991,-0.0023998080153478313,-0.0019198464122872573,0.05231581473482151,1.4235661147108238,-0.17758579313654715,0.08068599999999998,0.08556000000000008,-0.9110320000000001,-0.150842,-0.29888099999999995,-0.889856,0.23152799999999998,0.38444100000000003,0.021176000000000084,0.9894708850643328,0.28824,0.28824,0.010529114935667216,0.71176,-0.889856
380,1.583333,walk,0.169087,-0.725563,0.925303,0.041959,0.03412,-0.651541,-0.03840614498320136,0.6392222755640924,0.17306769083052134,-0.36855879946229386,0.6329424798861342,-0.27981392744629935,0.0021603456553069503,-0.0033605376860463584,0.0016802688430148512,0.05664906385021451,1.4923187710032997,-0.19995199231876562,0.08085500000000001,0.08288299999999993,-0.911746,-0.150446,-0.2953270000000001,-0.89141,0.231301,0.37821000000000005,0.02033599999999991,0.9927766562308666,0.29664,0.29664,0.007223343769133361,0.70336,-0.89141
381,1.5875,walk,0.16893,-0.722939,0.926029,0.04212,0.033772,-0.652185,-0.037676985841132146,0.6297096232301607,0.17422606191505582,-0.04986325291748926,-0.15478979407430132,-0.41489976418517266,-0.00623950083993267,-0.010799136069105781,-0.003359731221502463,0.08615310775138339,1.534437245020471,-0.19846412287017978,0.080986,0.08021400000000001,-0.912486,-0.14993,-0.29155700000000007,-0.892963,0.230916,0.3717710000000001,0.019523000000000068,0.9784722075981277,0.30477,0.30477,0.021527792401872303,0.69523,-0.892963
382,1.591667,walk,0.168794,-0.720234,0.926657,0.040821,0.033839,-0.652811,-0.03263738900887838,0.6491480681545325,0.15070794336452056,-0.45106015934912247,0.45123931082276025,-0.3525222700134912,0.0014398848092166917,-0.006719462443011228,0.0007199424046079296,0.1293496520278371,1.579313654907636,-0.1831053515718728,0.081128,0.07748100000000002,-0.913111,-0.149255,-0.28768099999999985,-0.894354,0.230383,0.3651619999999999,0.018757000000000024,0.9884839772426989,0.31243000000000004,0.31243000000000004,0.011516022757301125,0.68757,-0.894354
383,1.595833,walk,0.16857,-0.717587,0.927152,0.03833,0.034032,-0.653392,-0.05376860297647524,0.635381661065769,0.118819011041769,-0.8451627536602376,0.8682703946556035,-0.2859292301082198,-0.0033605376860330336,-0.007201152184343176,0.00048007681228960056,0.11833893422947357,1.6353816610657157,-0.17162746039365837,0.081338,0.07480399999999998,-0.913604,-0.148538,-0.28351499999999996,-0.895564,0.229876,0.35831899999999994,0.018039999999999945,0.9867313778590432,0.3196,0.3196,0.01326862214095681,0.6804,-0.895564
384,1.6,walk,0.168189,-0.715002,0.927886,0.035762,0.035525,-0.654011,-0.09143268538516668,0.6203503719702252,0.17614590832733545,-0.4640247721581299,1.365752354311282,-0.30488175452324795,-0.0009599232061444612,-0.007919366450698465,0.0009599232061436286,0.09191264698823974,1.7242620590352367,-0.17734581233501104,0.08171499999999998,0.07218599999999997,-0.914334,-0.14777400000000002,-0.278915,-0.897037,0.229489,0.351101,0.017297000000000007,0.9866085360828627,0.32703000000000004,0.32703000000000004,0.013391463917137303,0.67297,-0.897037
385,1.604167,walk,0.167878,-0.712346,0.928386,0.034594,0.035343,-0.654461,-0.07463402927766256,0.6373890088793168,0.11999040076795747,-0.4823124141812178,0.3140177408579601,-0.24919278341903928,-0.007679385649142777,-0.008879289656816758,0.004079673626110014,0.024958003359732344,1.7357811375090892,-0.1859851211903136,0.08199400000000001,0.06949300000000003,-0.914817,-0.147359,-0.27433799999999997,-0.898312,0.229353,0.343831,0.016504999999999992,0.979286445282437,0.33495,0.33495,0.020713554717562976,0.6650499999999999,-0.898312
386,1.608333,walk,0.167484,-0.70965,0.929328,0.03357,0.035393,-0.654621,-0.0945751320211221,0.6471435429668646,0.22611617858856758,-0.3563435962313062,0.3440947810273987,-0.06928210223566643,-0.0019203072491617336,-0.0057609217474852,0.00048007681229001695,0.08665386461833662,1.8082093134901118,-0.17450792126739764,0.08238000000000001,0.06677299999999997,-0.915757,-0.14660399999999998,-0.269501,-0.899981,0.228984,0.33627399999999996,0.015776000000000012,0.9898475135698017,0.34224,0.34224,0.010152486430198282,0.65776,-0.899981
387,1.6125,walk,0.167617,-0.707386,0.928741,0.026781,0.038301,-0.65588,0.03191744660427003,0.5433165346772322,-0.1408687305015598,-1.5503030163542424,3.222676363167098,-0.5968721584461896,-0.0011999040076805766,-0.006959443244527361,-0.0011999040076793276,0.08399328053755627,1.8605711543076435,-0.1622270218382524,0.08224200000000001,0.06447999999999998,-0.9151750000000001,-0.146387,-0.264012,-0.90007,0.228629,0.328492,0.015105000000000035,0.988061105866272,0.34895,0.34895,0.01193889413372795,0.65105,-0.90007
388,1.616667,walk,0.167432,-0.704834,0.92934,0.025012,0.037656,-0.656742,-0.04439644828413471,0.6124310055195534,0.14374850011999318,-0.8501235969281322,0.3468134001557273,-0.49461710862728675,-0.007199424046076798,-0.0019198464122889224,-0.006719462443004568,0.08759299256059466,1.9164866810654853,-0.12838972882169264,0.082397,0.061919999999999975,-0.915802,-0.145837,-0.2585780000000001,-0.901204,0.228234,0.32049800000000006,0.014598,0.9832777018155601,0.35402,0.35402,0.016722298184439932,0.64598,-0.901204
389,1.620833,walk,0.167275,-0.702224,0.929912,0.023799,0.037123,-0.657442,-0.037686029764761056,0.6265002400384226,0.13730196831491137,-0.6125147705255207,0.20808380856201203,-0.4092706007474837,-0.009601536245795855,-0.0028804608737427535,-0.005040806529044822,0.02208353336533946,1.960153624579985,-0.10561689870379604,0.082514,0.05929799999999996,-0.916395,-0.145588,-0.2530220000000001,-0.9022159999999999,0.228102,0.31232000000000004,0.014179000000000053,0.9812994144782876,0.35821000000000003,0.35821000000000003,0.018700585521712387,0.64179,-0.9022159999999999
390,1.625,walk,0.166808,-0.699903,0.930997,0.025281,0.035196,-0.658582,-0.11207103431725261,0.5569954403647441,0.2603791696664253,-0.08242178164008286,-1.1333344244021657,-0.761028383602913,0.007919366450678483,-0.017038636909057527,0.006959443244540683,0.009359251259898506,2.022078233741296,-0.10343172546196162,0.08301399999999998,0.05690600000000001,-0.917451,-0.14508200000000002,-0.24691699999999994,-0.903732,0.228096,0.30382299999999995,0.013719000000000037,0.9666056656929147,0.36280999999999997,0.36280999999999997,0.03339433430708527,0.63719,-0.903732
391,1.629167,walk,0.166596,-0.697412,0.931643,0.024328,0.034738,-0.659062,-0.05087592992560982,0.5977921766258704,0.15502759779218395,-0.49204336599642734,0.148134714606156,-0.2788577305273242,-0.006479481641468453,-0.005519558435323991,0.011039116870650064,-0.01055915526757825,2.0681545476361767,-0.08135349172066232,0.083199,0.054391999999999996,-0.918051,-0.144914,-0.24078999999999995,-0.904717,0.22811299999999998,0.29518199999999994,0.013333999999999957,0.9767674014375541,0.36666,0.36666,0.02323259856244586,0.63334,-0.904717
392,1.633333,walk,0.166385,-0.694875,0.932244,0.023595,0.034204,-0.659419,-0.05064810369659012,0.6089774363898409,0.14426308209312969,-0.4360410581516665,0.04802763412707705,-0.2068686057624733,0.002400384061452295,-0.008881421027353504,-0.0033605376860298816,-0.026164186269804195,2.1161785885742113,-0.07033125300048144,0.08342,0.05181800000000003,-0.918666,-0.144812,-0.23451100000000002,-0.9056109999999999,0.228232,0.28632900000000006,0.013055000000000039,0.9836756234892912,0.36945,0.36945,0.016324376510708838,0.6305499999999999,-0.9056109999999999
393,1.6375,walk,0.166379,-0.692685,0.932917,0.027621,0.030309,-0.661766,-0.0014398848092166917,0.525557955363573,0.1615070794336524,0.20225396530352371,-2.6174530054813845,-1.600790527102075,0.0019198464122889224,-0.008159347252214599,-0.0026397888168947707,-0.06335493160547033,2.171826253899672,-0.028317734581233298,0.08343400000000001,0.04959400000000003,-0.91935,-0.14507,-0.22765100000000005,-0.906402,0.228504,0.2772450000000001,0.01294799999999996,0.9853533049967271,0.37051999999999996,0.37051999999999996,0.01464669500327287,0.62948,-0.906402
394,1.641667,walk,0.166165,-0.690578,0.934041,0.02593,0.030603,-0.66224,-0.05135589152867539,0.5056395488360821,0.26973842092632716,-0.516174716683985,0.6543979571469275,-0.2593286060186822,-0.0004799616030722306,-0.003839692824577845,0.001679865610751142,-0.096952243820494,2.2241420686345053,-0.04367650587952969,0.083646,0.04747100000000004,-0.920467,-0.14526,-0.22048999999999996,-0.907708,0.228906,0.267961,0.012759000000000076,0.9929692041311649,0.37241,0.37241,0.007030795868835149,0.62759,-0.907708
395,1.645833,walk,0.166107,-0.687823,0.934585,0.025237,0.030386,-0.662205,-0.013922227556409242,0.6613058089294257,0.13058089294286462,-0.31818692042158714,0.14101456996735082,0.0400815090037974,-0.0014402304368713,-0.0028804608737426,0.001440230436870051,-0.11401824291886384,2.2729236677867717,0.007921267402784656,0.083698,0.044703999999999966,-0.921005,-0.145677,-0.21377600000000008,-0.908219,0.229375,0.25848000000000004,0.012785999999999964,0.9941202838627335,0.37214,0.37214,0.005879716137266455,0.62786,-0.908219
396,1.65,walk,0.165925,-0.685308,0.935003,0.024226,0.029277,-0.662246,-0.043676505879535345,0.6035517158627427,0.10031197504200828,-0.7166684539580415,-0.07706530506008816,-0.0003823870397410077,-0.0002399808015361281,-0.0009599232061445124,0.0021598272138230712,-0.14038876889849422,2.3119750419967535,0.019438444924406394,0.08387900000000001,0.04218500000000003,-0.9214140000000001,-0.14608,-0.20665699999999998,-0.908556,0.229959,0.248842,0.012858000000000036,0.9960405187838517,0.37142000000000003,0.37142000000000003,0.003959481216148308,0.6285799999999999,-0.908556
397,1.654167,walk,0.165658,-0.68284,0.935434,0.023197,0.02865,-0.662321,-0.06407487401007618,0.5922726181905464,0.10343172546195246,-0.5698246270351073,0.1028719631634994,-0.02262925101708915,0.0040796736261072995,-0.010319174466046297,0.00551955843532524,-0.16342692584593133,2.3714902807775333,0.048716102711783116,0.08416299999999999,0.03967399999999999,-0.921822,-0.146494,-0.19924299999999995,-0.908784,0.230657,0.23891699999999993,0.013037999999999994,0.979344450310091,0.36962,0.36962,0.020655549689909014,0.6303799999999999,-0.908784
398,1.658333,walk,0.165338,-0.680427,0.935876,0.022267,0.027774,-0.662436,-0.07681228996638939,0.5792126740278283,0.1060969755160925,-0.6137629814272517,-0.017148997723059337,-0.051314092990667706,0.002400384061452167,-0.004560729716752455,-0.002400384061450085,-0.19275084013441662,2.387902064330217,0.07657225156024751,0.08449299999999998,0.037242,-0.922274,-0.14697700000000002,-0.191708,-0.908907,0.23147,0.22895,0.013367000000000018,0.9905243084634937,0.36633000000000004,0.36633000000000004,0.009475691536506292,0.63367,-0.908907
399,1.6625,walk,0.16502,-0.678059,0.93622,0.021527,0.026974,-0.662453,-0.0763138948884114,0.5682745380369615,0.08255339572834373,-0.520731622118404,-0.05233325352073753,0.006655261912439683,-0.06695464362850956,0.007439404847612913,0.046556275497959744,-0.2042236621070293,2.501799856011504,0.07823374130069533,0.084532,0.034904999999999964,-0.922424,-0.14751,-0.183651,-0.9089250000000001,0.232042,0.21855599999999997,0.013498999999999928,0.8635188674400038,0.36501,0.36501,0.13648113255999617,0.6349899999999999,-0.9089250000000001
400,1.666667,walk,0.164855,-0.675805,0.936962,0.019808,0.025205,-0.662109,-0.03959683225342117,0.5409167266618865,0.17806575473960723,-1.17967649559992,-0.09770714595237671,0.25916054083457507,-0.012239020878329211,0.005279577633781497,0.040316774658029554,-0.24838012958964445,2.478521718262653,0.1322294216462742,0.084646,0.03267299999999995,-0.922998,-0.14838,-0.17557699999999998,-0.9091159999999999,0.233026,0.20824999999999994,0.013882000000000061,0.9292282642167707,0.36118000000000006,0.36118000000000006,0.07077173578322926,0.6388199999999999,-0.9091159999999999
401,1.670833,walk,0.164438,-0.673407,0.937208,0.019158,0.024908,-0.661947,-0.10009601536245542,0.5756120979356566,0.05904944791168333,-0.3277001967897131,0.09625855882568607,0.11730756405357631,-0.03144503120499007,0.0019203072491617336,0.023763802208352718,-0.2554008641382553,2.4997599615937682,0.16682669227075902,0.08493200000000001,0.03028299999999995,-0.923145,-0.149027,-0.16756100000000007,-0.908667,0.233959,0.19784400000000002,0.014477999999999991,0.934231131503075,0.35522,0.35522,0.06576886849692498,0.64478,-0.908667
402,1.675,walk,0.164064,-0.671024,0.937397,0.018701,0.024561,-0.661748,-0.08975281977442053,0.5718742500599966,0.045356371490279164,-0.273950547966308,0.01627071573188958,0.1367075616630619,0.010319174466039636,-0.0028797696184333834,-0.0023998080153590715,-0.28293736501079686,2.5284377249820063,0.18334533237340891,0.08534900000000001,0.027887999999999913,-0.923344,-0.149832,-0.159408,-0.908092,0.235181,0.1872959999999999,0.015252000000000043,0.9817017370871199,0.34748,0.34748,0.01829826291288006,0.65252,-0.908092
403,1.679167,walk,0.163629,-0.6686,0.937558,0.018181,0.024477,-0.661496,-0.10439164866810359,0.5817134629229573,0.03863690904726794,-0.2128120345701416,0.12987891278560898,0.17188833626076108,-0.003119750419962838,-0.0067194624429845855,-0.006719462443004568,-0.30645548356131286,2.5531557475401665,0.22342212622989938,0.08577100000000001,0.025436000000000014,-0.923533,-0.150674,-0.15119300000000002,-0.907322,0.23644500000000002,0.17662900000000004,0.016211000000000086,0.9833304007806221,0.33789,0.33789,0.01666959921937794,0.66211,-0.907322
404,1.683333,walk,0.163146,-0.666201,0.937626,0.018089,0.024753,-0.661261,-0.11593855016802591,0.5758521363418125,0.016322611617848953,0.055569134448537824,0.12410199970864105,0.1515416761978928,0.009121459433505395,0.0007201152184290261,-0.01584253480556932,-0.3175708113298209,2.569371099375978,0.24531925108017968,0.08629199999999998,0.02304000000000006,-0.923667,-0.151514,-0.1428879999999999,-0.906368,0.237806,0.16592799999999996,0.017299000000000064,0.9695084029248051,0.32701,0.32701,0.030491597075194887,0.67299,-0.906368
405,1.6875,walk,0.162731,-0.663907,0.937763,0.017612,0.02458,-0.660826,-0.09959203263739459,0.5505159587233023,0.03287736981042781,-0.22481864126885018,0.08061354396105376,0.287923486652369,0.009359251259901835,-0.00311975041997616,-0.022078233741300128,-0.34725221982241167,2.6059515238780584,0.2738180945524328,0.08674600000000002,0.020733,-0.923896,-0.152546,-0.13432299999999997,-0.9053640000000001,0.239292,0.15505599999999997,0.018531999999999993,0.9596964010441995,0.31468000000000007,0.31468000000000007,0.04030359895580049,0.6853199999999999,-0.9053640000000001
406,1.691667,walk,0.162319,-0.661549,0.937932,0.016851,0.02425,-0.660221,-0.0988720902327796,0.5658747300215871,0.04055675545955686,-0.37618361898800795,0.11085528935058364,0.40188350008260204,0.01775857931365255,-0.008639308855273508,-0.017038636909047535,-0.3611711063114922,2.605231581473457,0.2901367890568737,0.087232,0.018339000000000105,-0.924136,-0.153639,-0.12582499999999996,-0.904324,0.240871,0.14416400000000007,0.01981199999999994,0.956528427409575,0.30188000000000004,0.30188000000000004,0.043471572590425,0.69812,-0.904324
407,1.695833,walk,0.161966,-0.659324,0.938079,0.016585,0.023433,-0.659822,-0.0847335573691794,0.5340854536726093,0.035285645703315424,-0.3532447961860861,-0.21773566564373292,0.2616387241498659,0.017522803648588426,0.0019203072491351862,-0.008641382621219516,-0.3283725396063456,2.615938550168086,0.3137301968315018,0.08765800000000001,0.01612199999999997,-0.924319,-0.15465399999999999,-0.11715200000000003,-0.903164,0.242312,0.133274,0.021155000000000035,0.9672802420697804,0.28845,0.28845,0.03271975793021964,0.71155,-0.903164
408,1.7,walk,0.161571,-0.657062,0.938196,0.016174,0.022554,-0.659139,-0.09479241660667229,0.5428365730741467,0.02807775377970551,-0.42386330123964594,-0.19920267486041146,0.44486985614180513,0.018478521718260896,-0.0016798656107461464,-0.01031917446604255,-0.38036957043436226,2.62994960403167,0.3426925845932296,0.08813000000000001,0.013853000000000004,-0.924479,-0.15584399999999998,-0.10845499999999997,-0.901853,0.243974,0.12230799999999997,0.022626000000000035,0.964614697219866,0.27374,0.27374,0.035385302780133965,0.72626,-0.901853
409,1.704167,walk,0.161132,-0.654804,0.93824,0.015749,0.022584,-0.658536,-0.10535157187424804,0.5418766498680022,0.01055915526756243,-0.14144583419753556,0.13478031962251102,0.39221879741242305,0.015838732901363627,0.0007199424046016851,0.01679865610751142,-0.34797216222701916,2.618670506359479,0.3628509719222433,0.08863499999999999,0.011597999999999997,-0.924453,-0.156855,-0.09980099999999992,-0.900385,0.24548999999999999,0.11139899999999991,0.02406799999999998,0.9615011319067865,0.25932,0.25932,0.038498868093213456,0.74068,-0.900385
410,1.708333,walk,0.160712,-0.652573,0.938367,0.015198,0.022446,-0.657978,-0.10081613058089108,0.5355256841094654,0.030484877580409207,-0.24031448459655144,0.11470150642188685,0.3654131153164297,-0.01056168987037621,-0.0052808449351814425,0.006961113778204205,-0.39006240998558717,2.63466154584726,0.3737397983677293,0.089011,0.009344999999999937,-0.9245509999999999,-0.15806,-0.09105600000000003,-0.898955,0.247071,0.10040099999999996,0.025595999999999952,0.9771542782280951,0.24404000000000003,0.24404000000000003,0.022845721771904914,0.75596,-0.898955
411,1.7125,walk,0.160323,-0.650319,0.938429,0.015024,0.022135,-0.657283,-0.09335253179746057,0.5409167266618865,0.014878809695226619,-0.15809816496596593,-0.0691306551700034,0.44643488832826267,0.01247900167986534,-0.003359731221492472,-0.0103191744660431,-0.38060955123591844,2.648908087353131,0.4204463642908751,0.089452,0.007077,-0.9246559999999999,-0.15925699999999998,-0.08227200000000001,-0.897265,0.24870899999999999,0.08934900000000001,0.027390999999999943,0.9724370095928038,0.22609,0.22609,0.02756299040719623,0.77391,-0.897265
412,1.716667,walk,0.159864,-0.648136,0.938404,0.014829,0.021662,-0.656682,-0.11015118790496368,0.5238780897528001,-0.0059995200383829005,-0.21723185472595485,-0.11956097011357597,0.3869026726219211,0.0002399808015361153,0.0023998080153478313,-0.007199424046076382,-0.3782097432205395,2.624670026397862,0.42716582673385894,0.08991199999999999,0.0049040000000000195,-0.9246610000000001,-0.16037400000000002,-0.07351799999999997,-0.89546,0.250286,0.07842199999999999,0.029201000000000032,0.9873455787380615,0.20798999999999995,0.20798999999999995,0.012654421261938498,0.7920100000000001,-0.89546
413,1.720833,walk,0.159404,-0.646,0.938478,0.014448,0.021461,-0.656123,-0.11041766682669307,0.5127220355256765,0.01776284205473271,-0.19896669111248458,0.03821468462162347,0.3621130184771647,-0.023523763802204587,-0.0012001920307060962,-0.001440230436870051,-0.37758041286604827,2.6221795487277353,0.4301488238117969,0.09027400000000002,0.002763000000000071,-0.924741,-0.161487,-0.06472999999999995,-0.893742,0.251761,0.06749300000000003,0.030999,0.9606694143599634,0.19001,0.19001,0.03933058564003655,0.80999,-0.893742
414,1.725,walk,0.158964,-0.643798,0.938477,0.014399,0.020946,-0.65554,-0.10559155267578416,0.5284377249820064,-0.0002399808015427761,-0.17753981906954958,-0.18042498086546327,0.3726746847769512,0.01631869450443586,0.004319654427636754,0.001439884809215443,-0.37652987760978823,2.6196304295655968,0.46124310055195233,0.090782,0.0005789999999999962,-0.9247340000000001,-0.16261599999999998,-0.056016000000000066,-0.891819,0.253398,0.05659500000000006,0.03291500000000003,0.9717632787861505,0.17085,0.17085,0.02823672121384946,0.82915,-0.891819
415,1.729167,walk,0.158528,-0.641651,0.938465,0.014106,0.020514,-0.654975,-0.10463162946964527,0.5152387808975541,-0.002879769618433537,-0.23988283179831543,-0.07330285652603791,0.3641467614989978,0.006959443244541054,0.0009599232061445124,0.005759539236861246,-0.4965202783777526,2.672186225102115,0.4192464602831961,0.091247,-0.0015640000000000098,-0.924698,-0.164249,-0.04702800000000007,-0.89006,0.255496,0.04546400000000006,0.03463800000000006,0.9848592166780664,0.1536200000000001,0.1536200000000001,0.015140783321933582,0.8463799999999999,-0.89006
416,1.733333,walk,0.158073,-0.639534,0.938433,0.014343,0.019945,-0.654422,-0.109217474795967,0.5081613058088974,-0.007681228996646934,-0.09086446357559412,-0.2894064133122152,0.3487048636494853,0.007921267402785488,0.002400384061438842,0.012962073931828792,-0.23811809889581678,2.5348055688909565,0.5590494479116517,0.09173500000000001,-0.00367099999999998,-0.924612,-0.164786,-0.03858499999999998,-0.887699,0.256521,0.034914,0.036912999999999974,0.9743677892788609,0.13087,0.13087,0.02563221072113908,0.86913,-0.887699
417,1.7375,walk,0.157618,-0.637399,0.93846,0.014036,0.019621,-0.653841,-0.10919126469881923,0.5123590112790933,0.006479481641468453,-0.21111351867404968,-0.030033205077802428,0.3735240311439917,0.003839692824571184,-0.013918886489081366,0.0045596352291816114,-0.2759779217662566,2.5085193184545154,0.5315574754019642,0.09220599999999998,-0.00586399999999998,-0.92462,-0.16548100000000002,-0.030266999999999933,-0.8855109999999999,0.257687,0.024402999999999953,0.03910900000000006,0.974763952396853,0.10890999999999995,0.10890999999999995,0.025236047603147016,0.89109,-0.8855109999999999
418,1.741667,walk,0.157129,-0.6353,0.93846,0.014047,0.018966,-0.653404,-0.11735061195104715,0.5037197024238198,0.0,-0.20009753284559023,-0.24785158140225405,0.27774622001221155,0.005759539236860106,-0.0059995200383829005,-0.002399808015358655,-0.3246940244780393,2.520758339332824,0.5111591072714143,0.092719,-0.007987999999999995,-0.92463,-0.166345,-0.021862000000000048,-0.883381,0.25906399999999996,0.013874000000000053,0.04124899999999998,0.985573403090273,0.08751000000000003,0.08751000000000003,0.01442659690972703,0.91249,-0.883381
419,1.745833,walk,0.156641,-0.633154,0.938513,0.013875,0.018729,-0.652906,-0.11713874219875206,0.5151224195871428,0.012722035525703826,-0.1352475848990607,-0.03949109652774626,0.31857174774579783,0.0,-0.0045607297167526975,0.0033605376860298816,-0.3482957273163794,2.5112818050888723,0.47215554488719336,0.09320699999999998,-0.010152999999999968,-0.9246690000000001,-0.167308,-0.013546000000000058,-0.881467,0.260515,0.0033930000000000904,0.043202000000000074,0.9905581503270902,0.06798000000000004,0.06798000000000004,0.009441849672909841,0.93202,-0.881467
420,1.75,walk,0.156177,-0.631069,0.938512,0.013681,0.018384,-0.65249,-0.11135109191264426,0.5003599712023008,-0.0002399808015427761,-0.1773374014383727,-0.07067401244161425,0.26686824788401,0.0026397888168972683,0.0007199424046016851,0.0,-0.35925125989920537,2.533237341012702,0.47108231341492307,0.09368199999999999,-0.012234999999999996,-0.924668,-0.16834100000000002,-0.005075000000000052,-0.879503,0.262023,0.007159999999999944,0.04516500000000001,0.9954396631265517,0.04835000000000006,0.04835000000000006,0.004560336873448256,0.9516499999999999,-0.879503
421,1.754167,walk,0.155643,-0.628972,0.938483,0.013541,0.017879,-0.652029,-0.12814974802015902,0.5032397408207342,-0.006959443244554005,-0.20768507635649217,-0.14640993790062998,0.29454055526777245,-0.003119750419962838,-0.0026397888168906074,-0.0038396928245740983,-0.381569474442042,2.520278377729765,0.494360451163903,0.09420300000000001,-0.014342999999999995,-0.924655,-0.169397,0.003329999999999944,-0.8774139999999999,0.2636,0.01767299999999994,0.04724100000000009,0.9906540905163268,0.02759000000000006,0.02759000000000006,0.009345909483673198,0.97241,-0.8774139999999999
422,1.758333,walk,0.155172,-0.626827,0.938505,0.013534,0.017227,-0.651503,-0.11305808929428983,0.514882381180991,0.005280844935208373,-0.20515936413255495,-0.24245520566645468,0.3333794701989325,0.007201152184343559,-0.0026404224675908618,-0.0016802688430149408,-0.34349495919347983,2.4819971195391943,0.5055208833413469,0.09470399999999998,-0.01649899999999993,-0.9246840000000001,-0.170357,0.011525000000000007,-0.87533,0.265061,0.028023999999999938,0.04935400000000001,0.9869135643832757,0.006460000000000077,0.006460000000000077,0.01308643561672429,0.9935399999999999,-0.87533
423,1.7625,walk,0.154753,-0.624637,0.938599,0.013622,0.016385,-0.650895,-0.1005519558435324,0.525557955363573,0.022558195344354874,-0.229728822609659,-0.34237738399175216,0.3833271179797991,0.002399808015361153,0.0014398848092033701,0.0038396928245740983,-0.3914086873050127,2.4684425245980175,0.4917206623470107,0.095133,-0.018683000000000005,-0.924762,-0.171569,0.019621,-0.873375,0.266702,0.038304000000000005,0.05138699999999996,0.9920810375677092,0.0,0.0,0.007918962432290844,1.0,-0.873375
424,1.766667,walk,0.154068,-0.62248,0.938727,0.013765,0.015684,-0.650545,-0.16438684905207246,0.5176385889128745,0.030717542596596117,-0.16620514464764652,-0.3047473225259485,0.2195546618103055,0.002399808015361153,0.0002399808015427761,-0.001679865610751142,-0.3220542356611445,2.4461243100551786,0.45284377249819663,0.095828,-0.02083899999999994,-0.924897,-0.17222600000000002,0.027657000000000043,-0.871616,0.268054,0.048495999999999984,0.05328100000000002,0.9951014124014373,0.0,0.0,0.004898587598562654,1.0,-0.871616
425,1.770833,walk,0.153607,-0.620406,0.938708,0.01378,0.015181,-0.650233,-0.1106577052328383,0.4978396543446864,-0.004560729716752455,-0.1511070423933251,-0.1921581529116834,0.1967865819093789,0.0019203072491550711,0.0019203072491617336,-0.0007201152184348172,-0.319011041766674,2.4380700912145206,0.4889582333173167,0.096297,-0.022904999999999953,-0.924881,-0.173094,0.035739999999999994,-0.86956,0.269391,0.05864499999999995,0.055320999999999954,0.995317370815046,0.0,0.0,0.00468262918495399,1.0,-0.86956
426,1.775,walk,0.152953,-0.618359,0.938773,0.013608,0.014473,-0.650137,-0.1569474442044679,0.491240700743968,0.015598752099828344,-0.2836087484285487,-0.2057509784232833,0.06246027386328692,0.002399808015361281,0.004319654427636984,0.011999040076794332,-0.4458843292536797,2.4439644828414773,0.3806095512359195,0.09696099999999999,-0.02493400000000001,-0.9248959999999999,-0.174298,0.043876999999999944,-0.868039,0.271259,0.06881099999999996,0.056856999999999935,0.9783721208949785,0.0,0.0,0.021627879105021508,1.0,-0.868039
427,1.779167,walk,0.152422,-0.616346,0.938744,0.013364,0.013911,-0.649892,-0.12742980561555067,0.4830813534917272,-0.006959443244527361,-0.26408680502291354,-0.131906893021975,0.15755029067342402,-0.04367650587952636,-0.023518118550525977,0.030717542596591953,-0.2961363090952699,2.3570914326853667,0.4557235421166267,0.09731000000000001,-0.027045000000000097,-0.924739,-0.175001,0.0516859999999999,-0.8661110000000001,0.272311,0.078731,0.0586279999999999,0.9027559414957749,0.0,0.0,0.09724405850422513,1.0,-0.8661110000000001
428,1.783333,walk,0.151846,-0.614378,0.93872,0.013203,0.013398,-0.649661,-0.1382621219395049,0.4723955832933067,-0.0057609217474852,-0.2185785735117857,-0.1397647910607669,0.1472496557847186,0.04728756601056105,0.015362457993293869,-0.04224675948151608,-0.3156505040806443,2.3449351896302835,0.44935189630339595,0.098083,-0.028949000000000003,-0.924891,-0.17574,0.05948699999999996,-0.864215,0.27382300000000004,0.08843599999999996,0.06067600000000006,0.8912583630100948,0.0,0.0,0.10874163698990524,1.0,-0.864215
429,1.7875,walk,0.151174,-0.612381,0.938582,0.013736,0.013205,-0.649619,-0.1612670986321096,0.47924166066714935,-0.033117350611943944,0.1343207863866404,-0.2370550625315201,0.0200240721243255,0.00455963522917953,0.000479961603058909,0.0007199424046079296,-0.31221502279817376,2.2872570194384436,0.41828653707702934,0.098774,-0.030944000000000083,-0.9247500000000001,-0.176369,0.067021,-0.862334,0.275143,0.09796500000000008,0.06241600000000003,0.9922649869587234,0.0,0.0,0.0077350130412765505,1.0,-0.862334
430,1.791667,walk,0.150543,-0.610309,0.938397,0.014228,0.012652,-0.64958,-0.15142788576914362,0.4972402207823512,-0.04439644828413707,0.007074152429663085,-0.35559820711173706,0.018063354211288952,0.0009599232061445124,-0.002879769618433537,0.004319654427645726,-0.2860571154307791,2.2606191504680617,0.3974082073434318,0.099409,-0.03302800000000006,-0.924547,-0.17693,0.07436900000000002,-0.8604930000000001,0.276339,0.10739700000000008,0.06405399999999994,0.9912007039436815,0.0,0.0,0.008799296056318462,1.0,-0.8604930000000001
431,1.795833,walk,0.150008,-0.608126,0.938793,0.012835,0.011397,-0.649124,-0.12842054728756433,0.5240038406144684,0.09505520883339921,-0.8998492551833467,-0.029276547501082162,0.30161842474632133,-0.00360057609217825,-0.00048007681227710855,0.004080652904464936,-0.28228516562649253,2.2191550648102965,0.3746999519923068,0.09992899999999999,-0.03521299999999994,-0.924926,-0.177571,0.08143100000000003,-0.859328,0.27749999999999997,0.11664399999999997,0.06559800000000005,0.9908946978102546,0.0,0.0,0.009105302189745368,1.0,-0.859328
432,1.8,walk,0.149296,-0.605925,0.938892,0.012843,0.01087,-0.649026,-0.1708663306935409,0.5281977441804636,0.023758099352042112,-0.1612937597172437,-0.19595185627140338,0.060831772299464563,-0.0007199424046083459,-0.0009599232061444612,0.000239980801535699,-0.35349172066234397,2.166306695464348,0.31533477321814246,0.10063799999999998,-0.03741799999999995,-0.925024,-0.17833200000000002,0.08825700000000003,-0.8581129999999999,0.27897,0.12567499999999998,0.06691100000000005,0.997960555350133,0.0,0.0,0.0020394446498670504,1.0,-0.8581129999999999
433,1.804167,walk,0.148607,-0.603776,0.938925,0.012586,0.010305,-0.648797,-0.16534677225822358,0.5157187425006122,0.007919366450698465,-0.26990680154355,-0.12869210679392137,0.1462479000284413,0.003359731221505614,0.0009599232061444612,-0.001679865610751142,-0.3506119510439139,2.1531077513798684,0.2858171346292269,0.10134100000000001,-0.039563000000000015,-0.925064,-0.17910399999999999,0.09507999999999994,-0.856955,0.280445,0.13464299999999996,0.06810899999999998,0.9935383191659002,0.0,0.0,0.006461680834099814,1.0,-0.856955
434,1.808333,walk,0.14786,-0.601698,0.939057,0.012305,0.009715,-0.648715,-0.17930868939030653,0.49879980796929385,0.03168506961114364,-0.2864899450556117,-0.12886699953184724,0.05331536635534641,-0.0016802688430166063,-0.0014402304368580521,-0.008881421027364746,-0.2121939510321705,2.24555928948639,0.3034085453672669,0.102081,-0.04164699999999999,-0.9252330000000001,-0.17924099999999998,0.10235699999999998,-0.855823,0.281322,0.14400399999999997,0.06941000000000008,0.9847450184310009,0.0,0.0,0.015254981568999071,1.0,-0.855823
435,1.8125,walk,0.147126,-0.599742,0.938707,0.012446,0.010755,-0.648869,-0.1761459083273288,0.46940244780416196,-0.08399328053757375,0.37546033110010807,0.3374941418415287,-0.09683536949071382,0.003839692824577845,0.0035997120230350688,0.0040796736261097975,-0.297816174706021,2.168706503479696,0.2987760979121638,0.102831,-0.04358799999999996,-0.924866,-0.17974800000000002,0.10943799999999998,-0.854228,0.282579,0.15302599999999994,0.07063799999999998,0.9889013383525218,0.0,0.0,0.011098661647478192,1.0,-0.854228
436,1.816667,walk,0.146395,-0.597606,0.938836,0.011796,0.010081,-0.64878,-0.1754259659227271,0.5125989920806361,0.03095752339813889,-0.4473401107279197,-0.04468024519185031,0.06141064938892053,0.0009599232061378004,-0.005759539236866767,0.001679865610751142,-0.06359491240700728,2.1943844492440534,0.3582913366930638,0.10356599999999999,-0.04574800000000001,-0.924988,-0.179282,0.116446,-0.852864,0.282848,0.162194,0.07212400000000008,0.9898736189895356,0.0,0.0,0.01012638101046437,1.0,-0.852864
437,1.820833,walk,0.145615,-0.59546,0.938885,0.011626,0.0091,-0.648893,-0.18722995679309246,0.5151224195871428,0.011761881901096257,-0.3677276008414165,-0.30433032538502375,-0.07123464752613691,0.00480076812290459,0.00024003840615189188,0.002640422467595026,-0.24003840614498964,2.163226116178636,0.15482477196351646,0.10436600000000001,-0.04789299999999996,-0.925026,-0.179502,0.12331199999999998,-0.852268,0.283868,0.17120499999999994,0.07275799999999999,0.9908596098105251,0.0,0.0,0.009140390189474878,1.0,-0.852268
438,1.825,walk,0.144837,-0.593329,0.938932,0.011333,0.008703,-0.648937,-0.1867050635949112,0.5113990880729489,0.011279097672190758,-0.23066052189050762,-0.05333344619792668,-0.025721443453699415,-0.0002399808015361153,-0.004319654427663397,0.0011999040076793276,-0.2680585553155727,2.126469882409393,0.1886249100071968,0.10514300000000001,-0.05004200000000003,-0.925068,-0.179841,0.130042,-0.851529,0.284984,0.18008400000000002,0.07353900000000002,0.9925172838437164,0.0,0.0,0.0074827161562835975,1.0,-0.851529
439,1.829167,walk,0.144009,-0.591193,0.938935,0.011264,0.008122,-0.649056,-0.19870410367170366,0.5125989920806361,0.0007199424046016851,-0.20613946420103627,-0.18959825202649327,-0.07559792890540998,0.002879769618426723,-0.0026397888168906074,0.004799616030717727,-0.28629709623229915,2.0952723782097245,0.20350371970242262,0.105983,-0.05218900000000004,-0.925051,-0.180206,0.13663699999999995,-0.850684,0.28618899999999997,0.188826,0.07436699999999996,0.9896857875704179,0.0,0.0,0.010314212429582081,1.0,-0.850684
440,1.833333,walk,0.14313,-0.589019,0.938965,0.011067,0.007729,-0.649196,-0.21099375900143227,0.5218434949591814,0.0072011521843698256,-0.19432755876353633,-0.08092297736675128,-0.08768893279884717,0.0012001920307260835,-0.005520883341333322,0.003840614498319303,-0.2481997119539059,2.0554488718194452,0.17714834373499336,0.10686699999999999,-0.054386000000000045,-0.925065,-0.180361,0.143026,-0.8499760000000001,0.287228,0.19741200000000003,0.07508899999999996,0.9886139786599812,0.0,0.0,0.01138602134001876,1.0,-0.8499760000000001
441,1.8375,walk,0.14229,-0.586809,0.938855,0.011021,0.007548,-0.649349,-0.20158387329014776,0.5303575713942968,-0.026397888168960767,-0.07307585989554506,-0.05044643680209918,-0.09652096371541802,-0.0026397888168907483,-0.009599232061445124,-0.007679385649148189,-0.2363810895128497,2.0268778497720996,0.18886489080874297,0.10769600000000001,-0.05663600000000002,-0.924987,-0.180506,0.149262,-0.849079,0.288202,0.20589800000000003,0.07590799999999998,0.9790445773979091,0.0,0.0,0.020955422602090934,1.0,-0.849079
442,1.841667,walk,0.141408,-0.584567,0.93867,0.011216,0.007384,-0.649574,-0.21166306695464054,0.538036957043451,-0.04439644828413471,0.020263645935156976,-0.11873308622656124,-0.14415031050128152,0.0019198464122822615,-0.004319654427636754,-0.004799616030717727,-0.13534917206623415,2.1629469642428423,0.08543316534677378,0.10858599999999999,-0.05889600000000006,-0.924822,-0.18018800000000001,0.15603299999999992,-0.848538,0.288774,0.21492899999999998,0.07628400000000002,0.9887723631328664,0.0,0.0,0.011227636867133572,1.0,-0.848538
443,1.845833,walk,0.140541,-0.582353,0.938593,0.010751,0.007526,-0.649671,-0.20811329812769633,0.5314450312049634,-0.018482957273161696,-0.12534639938240155,0.19762562372890177,-0.05699876288519237,0.0,-0.0012001920307327459,0.001440230436870051,-0.2405184829572656,1.9762361977916036,0.14066250600095373,0.109453,-0.06111500000000003,-0.924739,-0.180323,0.16205200000000003,-0.847875,0.289776,0.22316700000000006,0.07686399999999993,0.9968754001936597,0.0,0.0,0.003124599806340278,1.0,-0.847875
444,1.85,walk,0.140088,-0.580342,0.9389,0.011483,0.005422,-0.65068,-0.10871130309575366,0.48260139188864165,0.07367410607150081,-0.38824331506111937,-0.9875335630874664,-0.648520285619958,-0.0009599232061444612,-0.005279577633781215,0.005039596832253425,-0.24934005279577567,1.9258459323254002,0.12311015118790726,0.109902,-0.06314799999999998,-0.925025,-0.180909,0.16806600000000005,-0.847669,0.290811,0.23121400000000003,0.07735599999999998,0.9877306922244891,0.0,0.0,0.01226930777551094,1.0,-0.847669
445,1.854167,walk,0.139169,-0.578072,0.938876,0.011726,0.00464,-0.650976,-0.22054235661148192,0.5447564194864646,-0.005759539236840431,-0.1550443206420844,-0.35856741929308056,-0.19181967359669175,0.0009599232061445124,-0.005759539236867074,0.0016798656107512315,-0.23566114710824132,1.8898488120951105,0.11519078473722492,0.110825,-0.065442,-0.9249940000000001,-0.180972,0.17367100000000002,-0.8471650000000001,0.291797,0.23911300000000002,0.07782900000000004,0.9898736189895333,0.0,0.0,0.0101263810104667,1.0,-0.8471650000000001
446,1.858333,walk,0.138175,-0.575836,0.938953,0.011153,0.004118,-0.651047,-0.23859817570810554,0.5367258761401715,0.018482957273161696,-0.3718040860528068,-0.01062179965960355,-0.0428462056303548,0.0,-0.006481036965914188,0.0028804608737396853,-0.18987037926067651,1.8622179548727256,0.09001440230436632,0.111819,-0.06770500000000002,-0.9250590000000001,-0.18076899999999999,0.179193,-0.846867,0.292588,0.246898,0.07819200000000004,0.988179479354542,0.0,0.0,0.011820520645458021,1.0,-0.846867
447,1.8625,walk,0.137188,-0.573543,0.938836,0.011422,0.003671,-0.651246,-0.23686105111590602,0.5502759779217595,-0.02807775377970551,-0.04116306859626774,-0.24547729973413132,-0.12915916402552033,0.0009599232061444612,-0.010319174466046297,-0.0069594432445402666,-0.19318454523637965,1.7948164146868146,0.08903287736980886,0.11281,-0.07004100000000002,-0.924971,-0.180587,0.18437900000000002,-0.846379,0.293397,0.25442000000000004,0.078592,0.9791939735962835,0.0,0.0,0.020806026403716538,1.0,-0.846379
448,1.866667,walk,0.136122,-0.571417,0.938018,0.014924,0.0041,-0.651293,-0.2558195344372458,0.5101991840652882,-0.1963042956563425,1.4099412728497673,-0.9379594146430986,-0.05313011790628739,0.0009599232061444612,-0.004079673626093978,0.005519558435324824,-0.2836573074154052,1.8034557235421014,0.05711543076553882,0.11388000000000001,-0.07218400000000003,-0.92413,-0.180703,0.18976799999999994,-0.845323,0.294583,0.26195199999999996,0.07880699999999996,0.9884493007933974,0.0,0.0,0.011550699206602566,1.0,-0.845323
449,1.870833,walk,0.135152,-0.569097,0.937861,0.015006,0.004222,-0.651543,-0.23283725396063942,0.5568891022563728,-0.03768602976478104,0.06908163307378692,0.02101603155632843,-0.15850437304925036,0.001920307249161836,-0.007201152184343559,-0.00024003840614481307,-0.4181469035045717,1.7890062409986165,0.044887181949114605,0.11485800000000002,-0.07453399999999999,-0.923974,-0.181475,0.194901,-0.8449789999999999,0.296333,0.269435,0.07899500000000004,0.9875722319035061,0.0,0.0,0.01242776809649393,1.0,-0.8449789999999999
450,1.875,walk,0.134187,-0.566786,0.937693,0.014837,0.004263,-0.651745,-0.23158147348211813,0.5545956323493962,-0.04031677465801409,-0.04788424516264581,0.06957344616602797,-0.12605748304705622,0.0035997120230350688,-0.009599232061444612,0.001679865610751142,-0.33789296856251233,1.7628989680825313,-0.0014398848092166917,0.115838,-0.07688499999999998,-0.923799,-0.181918,0.199936,-0.844817,0.297756,0.276821,0.078982,0.9826854965027362,0.0,0.0,0.017314503497263822,1.0,-0.844817
451,1.879167,walk,0.133167,-0.564468,0.937527,0.014727,0.00427,-0.651944,-0.24478041756659116,0.5562754979601691,-0.03983681305495518,-0.03704803770681933,0.03871991116074778,-0.12501562779836933,0.0019198464122889224,-0.006959443244554005,0.000239980801535699,-0.29061675065994425,1.7144228461722892,0.023518118550515988,0.116866,-0.07923200000000008,-0.923632,-0.18210900000000002,0.20476199999999994,-0.844553,0.298975,0.283994,0.07907900000000001,0.9879610295629784,0.0,0.0,0.012038970437021623,1.0,-0.844553
452,1.883333,walk,0.132156,-0.562137,0.937316,0.014944,0.004065,-0.652252,-0.24267882861258716,0.5595295247239636,-0.05064810369658346,0.01607943461046016,-0.13980055302031055,-0.19787092713618532,0.002160345655300403,-0.009601536245782529,-0.00024003840614481307,-0.23451752280365434,1.6869899183869939,-0.01536245799327803,0.11788599999999999,-0.08160299999999998,-0.9234220000000001,-0.182075,0.209459,-0.844406,0.299961,0.291062,0.07901600000000009,0.9835924974760972,0.0,0.0,0.016407502523902773,1.0,-0.844406
453,1.8875,walk,0.131307,-0.559439,0.937066,0.01587,0.003165,-0.652668,-0.2037437005039554,0.6474682025437863,-0.05999520038398886,0.05693298279126438,-0.6135409556584298,-0.2763461244970141,0.0009599232061444612,-0.011999040076792443,-0.0035997120230379827,-0.2992560595152377,1.672906167506588,-0.023038156947447087,0.11873899999999998,-0.08435099999999995,-0.923187,-0.182473,0.21373200000000003,-0.844252,0.301212,0.298083,0.07893499999999998,0.9790598510315862,0.0,0.0,0.020940148968413785,1.0,-0.844252
454,1.891667,walk,0.130195,-0.557016,0.937003,0.015907,0.002593,-0.652939,-0.26685865130789377,0.5814734821214412,-0.01511879049674196,-0.1643751478168486,-0.21712847565162915,-0.1756124039858715,-0.0004799616030722306,-0.011519078473733534,-0.001199904007679744,-0.2836573074154035,1.6220302375809714,-0.0386369090472746,0.11984899999999998,-0.08682200000000007,-0.923129,-0.182543,0.21806799999999993,-0.84435,0.302392,0.30489,0.07877899999999993,0.9806810900316052,0.0,0.0,0.019318909968394804,1.0,-0.84435
455,1.895833,walk,0.12901,-0.554625,0.936747,0.015605,0.002932,-0.653217,-0.2844455112817953,0.5739318290926202,-0.06144983197312217,-0.002075164222892221,0.22031839379174328,-0.17176074751980253,-0.0004800768122904334,-0.009841574651933896,-0.0024003840614496685,-0.29572731637061217,1.5957753240518149,-0.04224675948151483,0.12103199999999997,-0.08925399999999994,-0.922883,-0.18259000000000003,0.22232500000000005,-0.84427,0.303622,0.311579,0.07861300000000004,0.9830975914752308,0.0,0.0,0.016902408524769208,1.0,-0.84427
456,1.9,walk,0.127796,-0.552173,0.936643,0.015706,0.002142,-0.653667,-0.2913366930645731,0.5884329253659999,-0.02495800335973068,-0.20871812183225213,-0.3147833050483699,-0.29089068572239646,-0.00023998080152946727,-0.011999040076793083,-0.0014398848092151033,-0.30669546436286366,1.5596352291817313,-0.06503479721622743,0.12224500000000002,-0.09175599999999995,-0.922785,-0.18265399999999998,0.22637200000000002,-0.844437,0.30489900000000003,0.31812799999999997,0.07834799999999997,0.9798541552524405,0.0,0.0,0.020145844747559538,1.0,-0.844437
457,1.904167,walk,0.126543,-0.549721,0.936346,0.015771,0.002339,-0.653988,-0.30069594432445274,0.5884329253659686,-0.07127429805615297,0.0871910222127494,0.05385481822613514,-0.20299770356204339,0.0026397888168906074,-0.011039116870647982,0.0,-0.30909527237820844,1.578833693304524,-0.11567074634029101,0.12350900000000001,-0.09425399999999995,-0.922488,-0.182689,0.230499,-0.844622,0.30619799999999997,0.32475299999999996,0.07786599999999999,0.9810827396362177,0.0,0.0,0.018917260363782273,1.0,-0.844622
458,1.908333,walk,0.125291,-0.54718,0.936086,0.015982,0.002139,-0.654386,-0.3005280844935048,0.6099375900143893,-0.06240998559770304,0.016009066565264796,-0.13546230237798426,-0.2555245135726528,-0.0031204992798811544,-0.010561689870389534,-0.0019203072491600678,-0.3283725396063283,1.5264042246759073,-0.08881421027364023,0.124748,-0.09683900000000001,-0.922236,-0.18280500000000002,0.234317,-0.8447319999999999,0.307553,0.331156,0.07750400000000002,0.9813680092459528,0.0,0.0,0.0186319907540472,1.0,-0.8447319999999999
459,1.9125,walk,0.124125,-0.544488,0.935684,0.016504,0.00249,-0.654594,-0.27981761459083404,0.6460283177345829,-0.0964722822174251,0.3009145398155442,-0.034797350569181845,-0.1339328649611062,-0.0052795776337945365,-0.011519078473706892,-0.0004799616030718143,-0.3232541396688226,1.463882889368838,-0.1403887688984876,0.125892,-0.09957899999999997,-0.921836,-0.18298599999999998,0.23772499999999996,-0.844915,0.308878,0.33730399999999994,0.07692100000000002,0.9788659390231009,0.0,0.0,0.02113406097689907,1.0,-0.844915
460,1.916667,walk,0.12294,-0.541745,0.935036,0.017527,0.003294,-0.655046,-0.2843772498200287,0.6582673386129266,-0.15550755939525115,0.6264602243109345,-0.02567389129545141,-0.2898313824193944,-0.00023998080152946727,-0.011759059275276937,0.0047996160307179824,-0.3522918166546847,1.4672426205904217,-0.13222942164627335,0.12707600000000002,-0.10237099999999999,-0.921168,-0.183269,0.24109600000000003,-0.844818,0.31034500000000004,0.343467,0.07635000000000003,0.9788281253213593,0.0,0.0,0.02117187467864068,1.0,-0.844818
461,1.920833,walk,0.121613,-0.539051,0.9346,0.018241,0.003065,-0.655633,-0.31853096495438277,0.6466634661545875,-0.10465674507920787,0.19040838437860874,-0.3018068134064106,-0.381338072604621,-0.010321651464237655,-0.013922227556409242,-0.0021603456553048682,-0.3223715794527029,1.4383101296206993,-0.20067210753720127,0.12836,-0.10512300000000008,-0.920741,-0.183285,0.24439399999999994,-0.845218,0.311645,0.349517,0.075523,0.9708913910008266,0.0,0.0,0.029108608999173446,1.0,-0.845218
462,1.925,walk,0.120187,-0.536428,0.934234,0.01837,0.003399,-0.656049,-0.34221262299015737,0.6294696424285844,-0.08783297336212495,0.15443181640488732,0.0845953090093089,-0.2631550404965314,-0.0002399808015361153,-0.014878809695225826,0.0038396928245740983,-0.34917206623469976,1.3873290136788905,-0.2030237580993504,0.12978499999999998,-0.10780800000000001,-0.920359,-0.183314,0.247552,-0.8456980000000001,0.313099,0.35536,0.07466099999999998,0.974386428851153,0.0,0.0,0.025613571148846992,1.0,-0.8456980000000001
463,1.929167,walk,0.118685,-0.533774,0.934073,0.018747,0.002494,-0.656668,-0.3604511639068855,0.6369090472762239,-0.03863690904726794,-0.14465728440489303,-0.4400869389904419,-0.40404338666976614,-0.0007199424046083459,-0.019438444924405357,0.0045596352291816114,-0.3930885529157639,1.379169666426676,-0.2342212622990154,0.131284,-0.11054300000000006,-0.9201790000000001,-0.18345,0.25064499999999995,-0.8465130000000001,0.314734,0.361188,0.07366600000000001,0.9667016128365098,0.0,0.0,0.033298387163490206,1.0,-0.8465130000000001
464,1.933333,walk,0.117182,-0.53106,0.933806,0.019024,0.001889,-0.657375,-0.36077772443592016,0.6514642342774999,-0.06409025444071631,-0.08571509827373987,-0.2991968999019157,-0.45776185904883565,-0.006000960153624075,-0.01584253480557182,-0.0016802688430149408,-0.38574171867499735,1.3451752280365201,-0.273163706192998,0.132762,-0.11332300000000006,-0.919919,-0.183554,0.25353499999999995,-0.847384,0.316316,0.366858,0.07253500000000002,0.9716264630716918,0.0,0.0,0.02837353692830824,1.0,-0.847384
465,1.9375,walk,0.115638,-0.5283,0.933328,0.01941,0.002141,-0.657916,-0.370530357571389,0.6623470122390122,-0.11471082313414321,0.22299359937374977,-0.025296616308713275,-0.34604947008359044,-0.0040796736261072995,-0.014878809695225826,-0.0007199424046075133,-0.3911687065034783,1.3270938324933987,-0.3059755219582406,0.134289,-0.11614500000000005,-0.919444,-0.18364000000000003,0.256305,-0.8481810000000001,0.317929,0.37245000000000006,0.07126299999999997,0.9742587106476205,0.0,0.0,0.025741289352379515,1.0,-0.8481810000000001
466,1.941667,walk,0.114331,-0.525281,0.932647,0.021118,0.001922,-0.658613,-0.3136549076073896,0.724502039836806,-0.16342692584594132,0.5533889118548543,-0.6113087766650335,-0.4624772610232427,-0.0052795776337945365,-0.0141588672905975,-0.0009599232061436286,-0.4065274778017697,1.2862970962322857,-0.34701223902087636,0.13557399999999997,-0.11922299999999997,-0.918767,-0.184027,0.258646,-0.848946,0.31960099999999997,0.37786899999999995,0.06982100000000002,0.9747639523968794,0.0,0.0,0.025236047603120593,1.0,-0.848946
467,1.945833,walk,0.112828,-0.522426,0.932034,0.021457,0.002412,-0.65918,-0.36077772443592016,0.6853096495439572,-0.14714354296687243,0.2819725029916823,0.07597224413543976,-0.36071391776616213,-0.007201152184343559,-0.016322611617875606,0.00024003840614481307,-0.382621219395116,1.2618819011042122,-0.3545367258761475,0.13704700000000003,-0.12214600000000009,-0.918153,-0.184118,0.26104799999999995,-0.8498100000000001,0.32116500000000003,0.38319400000000003,0.06834299999999993,0.9702631046020778,0.0,0.0,0.029736895397922236,1.0,-0.8498100000000001
468,1.95,walk,0.111287,-0.519514,0.931493,0.02207,0.002258,-0.659779,-0.369810415166784,0.6988240940724484,-0.12982961363091183,0.17733120141968067,-0.2427036346659723,-0.39019501195096706,-0.006719462443004568,-0.01679865610751475,-0.000479961603071398,-0.4010079193664457,1.2032637389008831,-0.38732901367890377,0.13856000000000002,-0.12512800000000002,-0.917614,-0.184248,0.26315000000000005,-0.8508830000000001,0.322808,0.38827800000000007,0.06673099999999998,0.9698348809935717,0.0,0.0,0.030165119006428265,1.0,-0.8508830000000001
469,1.954167,walk,0.109721,-0.516607,0.930897,0.02223,0.002435,-0.660221,-0.37580993520518025,0.6976241900647878,-0.1430285577153915,0.11742724278333422,0.01825309988846858,-0.2824134545626305,-0.007199424046076798,-0.015838732901343647,0.001919846412286841,-0.38588912886968707,1.1382289416846558,-0.4156467482601354,0.140096,-0.1281009999999999,-0.91701,-0.18429,0.26498600000000005,-0.852019,0.324386,0.39308699999999996,0.06499100000000002,0.970827001793796,0.0,0.0,0.029172998206204004,1.0,-0.852019
470,1.958333,walk,0.10818,-0.513634,0.93011,0.022446,0.003145,-0.66064,-0.3698991838694092,0.7136341814690164,-0.18891022563609233,0.3064328248517628,0.19234345117120982,-0.2634978011222946,-0.006240998559768972,-0.016082573211722854,0.00048007681229001695,-0.3686989918386864,1.0614498319730823,-0.4356697071531319,0.14161100000000001,-0.13114099999999995,-0.916221,-0.184285,0.26643500000000003,-0.853047,0.325896,0.397576,0.06317399999999995,0.9712370947863223,0.0,0.0,0.028762905213677747,1.0,-0.853047
471,1.9625,walk,0.106599,-0.510537,0.929212,0.022599,0.003817,-0.660969,-0.37940964722823883,0.7432205423566494,-0.21550275977921657,0.2708842341050789,0.197496078482855,-0.20565216467662736,-0.004559635229186434,-0.013918886489082108,-0.005519558435325534,-0.3554115670746493,0.9954403647708668,-0.4511639068874712,0.143173,-0.13429599999999997,-0.915346,-0.184185,0.267486,-0.854029,0.327358,0.401782,0.061316999999999955,0.9739130087847003,0.0,0.0,0.02608699121529967,1.0,-0.854029
472,1.966667,walk,0.104858,-0.507551,0.928518,0.023545,0.004958,-0.661018,-0.4178065754739571,0.7165826733861342,-0.1665466762659175,0.7032994391241055,0.11132912894149229,-0.03205908351068949,-0.008879289656822945,-0.01823854091671812,0.008159347252219595,-0.3441324694024463,0.9376049916006634,-0.47900167986560654,0.144877,-0.13735799999999998,-0.9146179999999999,-0.183878,0.26840699999999995,-0.855331,0.328755,0.40576499999999993,0.05928699999999998,0.9635589857454975,0.0,0.0,0.036441014254502524,1.0,-0.855331
473,1.970833,walk,0.103186,-0.504505,0.927685,0.025638,0.005734,-0.661293,-0.40134421507440254,0.7311569851175972,-0.19995199231875896,1.0027698812332273,-0.38093020563680485,-0.19582095054578808,-0.006000960153630417,-0.015362457993293869,0.004560729716754953,-0.32885261641861707,0.8886221795486994,-0.5307249159865445,0.146524,-0.14046800000000004,-0.913766,-0.18357600000000002,0.26906299999999994,-0.8567089999999999,0.3301,0.409531,0.057057000000000024,0.9714801777554204,0.0,0.0,0.028519822244579607,1.0,-0.8567089999999999
474,1.975,walk,0.10161,-0.501474,0.926932,0.023912,0.006301,-0.661769,-0.3782097432205381,0.7273818094552394,-0.18070554355651497,-0.43786569376905027,0.7587052559241456,-0.2760273157779068,-0.005519558435323991,-0.012479001679851352,0.003839692824573682,-0.3035757139428828,0.7904967602591778,-0.5005999520038337,0.148077,-0.14355099999999998,-0.912997,-0.183265,0.26932599999999995,-0.858042,0.331342,0.41287699999999994,0.054954999999999976,0.9763747869360712,0.0,0.0,0.02362521306392884,1.0,-0.858042
475,1.979167,walk,0.100045,-0.498456,0.926254,0.024106,0.006276,-0.66225,-0.37556995440366747,0.7242620590353018,-0.16270698344132167,0.06532049018466944,-0.0637860613774847,-0.31075393112151806,-0.007679385649149438,-0.012958963282937596,0.006479481641469214,-0.24814014878810667,0.7360211183105655,-0.5925125989921107,0.14961,-0.14662299999999995,-0.912292,-0.182734,0.26937500000000003,-0.8598330000000001,0.332344,0.415998,0.05245899999999992,0.972670153898316,0.0,0.0,0.027329846101683986,1.0,-0.8598330000000001
476,1.983333,walk,0.098521,-0.495397,0.925486,0.025129,0.00636,-0.662868,-0.3658185309649438,0.7342774843974916,-0.18434949591933986,0.3993631763245007,-0.28613868941483045,-0.4093261550147128,-0.006240998559768972,-0.014402304368713,0.005280844935189354,-0.2443590974555874,0.6536245799327721,-0.5261641862697887,0.151108,-0.14974200000000004,-0.911502,-0.182228,0.269039,-0.861257,0.33333599999999997,0.418781,0.050244999999999984,0.9723984824601173,0.0,0.0,0.027601517539882714,1.0,-0.861257
477,1.9875,walk,0.097,-0.492371,0.924763,0.025702,0.005924,-0.663531,-0.36501079913606505,0.7261819054475522,-0.17350611951044484,0.07233952575861698,-0.3290498056458976,-0.43728728669460337,-0.009359251259895176,-0.010319174466046297,0.0074394048476120805,-0.25725941924645584,0.5010799136069092,-0.46820254379649134,0.15259,-0.15281100000000003,-0.910748,-0.181779,0.26810100000000003,-0.862485,0.334369,0.42091200000000006,0.048263000000000056,0.9736779723481757,0.017369999999999997,0.017369999999999997,0.026322027651824342,0.98263,-0.862485
478,1.991667,walk,0.095281,-0.489357,0.924245,0.026971,0.005341,-0.664052,-0.4125269978401692,0.7233021358291322,-0.12431005519558783,0.27443607320612434,-0.6054985987610171,-0.3576375109987026,0.0,-0.012718982481394128,0.0045596352291816114,-0.18718502519798344,0.4358051355891458,-0.4557235421166267,0.154309,-0.15587800000000002,-0.910211,-0.18084,0.266903,-0.863866,0.33514900000000003,0.42278099999999996,0.04634499999999997,0.9774807003275705,0.03654999999999997,0.03654999999999997,0.022519299672429494,0.96345,-0.863866
479,1.995833,walk,0.093516,-0.486428,0.924216,0.030245,0.003851,-0.664464,-0.42366778684590695,0.7030724915986643,-0.006961113778191668,0.7045907868935667,-1.5716374755359026,-0.3294528622094448,0.009841574651941083,-0.00960153624580918,-0.0024003840614497964,-0.10993759001440517,0.4121459433509526,-0.46903504560731035,0.156115,-0.15884700000000002,-0.910192,-0.179533,0.265691,-0.8657910000000001,0.335648,0.4245380000000001,0.04440099999999991,0.9767377312208172,0.05599000000000004,0.05599000000000004,0.023262268779182804,0.94401,-0.8657910000000001
480,2.0,walk,0.091851,-0.48315,0.923329,0.031325,0.004237,-0.66453,-0.39956803455723233,0.7866570674346,-0.2128629709623411,0.5115764821587704,-0.20493960045409426,-0.05385162070905315,0.007439404847612913,-0.004079673626093978,0.021838252939764845,0.006239500839932337,0.44420446364290317,-0.5737940964722772,0.15781099999999998,-0.16214199999999995,-0.909214,-0.177842,0.26426400000000005,-0.8672949999999999,0.335653,0.42640599999999995,0.04191900000000004,0.9609523875803426,0.08081000000000005,0.08081000000000005,0.039047612419657374,0.91919,-0.8672949999999999
481,2.004167,walk,0.090163,-0.479954,0.922629,0.032016,0.0041,-0.664394,-0.40508759299258124,0.766978641708706,-0.16798656107510315,0.20279231592906738,-0.2717197050272862,0.07493094729837285,-0.010799136069112442,-0.007199424046070521,0.016078713702904347,-0.05351571874250328,0.3767698584113414,-0.46724262059037347,0.159454,-0.16536799999999996,-0.908447,-0.176377,0.262638,-0.868542,0.335831,0.42800599999999994,0.03990499999999997,0.9655609200997896,0.10094999999999998,0.10094999999999998,0.034439079900210445,0.89905,-0.868542
482,2.008333,walk,0.088442,-0.476705,0.921869,0.032506,0.003571,-0.664349,-0.4131060969755015,0.7798847815650295,-0.18242918867017813,0.006684301165342012,-0.34665234394974365,0.013733873391169197,-0.009601536245802005,-0.006961113778217946,0.016802688430148514,-0.11353816610657423,0.3302928468554917,-0.3602976476236105,0.16113499999999997,-0.16864600000000002,-0.907617,-0.175129,0.260765,-0.869283,0.336264,0.429411,0.03833399999999998,0.9657226612843691,0.11666000000000004,0.11666000000000004,0.03427733871563088,0.88334,-0.869283
483,2.0125,walk,0.086688,-0.473435,0.921162,0.032674,0.003024,-0.664319,-0.42092632589390416,0.7847372210222693,-0.16966642668585796,-0.11449990272755495,-0.2501142802153195,0.008944644855199088,-0.006239500839932004,-0.008399328053756927,0.017278617710581895,-0.08999280057594852,0.32637389008877304,-0.3558915286776837,0.16286299999999998,-0.17195100000000002,-0.906838,-0.17375000000000002,0.258855,-0.870059,0.336613,0.430806,0.036779000000000006,0.9663337164842523,0.13220999999999994,0.13220999999999994,0.03366628351574774,0.8677900000000001,-0.870059
484,2.016667,walk,0.084902,-0.470177,0.92053,0.032879,0.002924,-0.664165,-0.4286057115430951,0.7818574514039194,-0.15166786657069975,0.0397879151303552,-0.10380617630565446,0.09445933141806906,-0.0074394048476133096,-0.005039596832238707,0.02519798416126847,-0.04967602591792856,0.3400527957763538,-0.37724982001441704,0.164618,-0.17522999999999994,-0.9061009999999999,-0.17217100000000002,0.257014,-0.870999,0.336789,0.43224399999999996,0.03510199999999997,0.9554129849959487,0.14898000000000006,0.14898000000000006,0.04458701500405127,0.8510199999999999,-0.870999
485,2.020833,walk,0.083092,-0.467022,0.92013,0.032313,0.002585,-0.663769,-0.43446951512240917,0.7573211713874058,-0.09601536245798008,-0.3164394245912923,0.052139945015652035,0.257954257143225,-0.017762842054726048,-0.0007201152184556373,0.027124339894382003,-0.021363418146904296,0.3360537686029636,-0.36893903024482827,0.166354,-0.17838800000000005,-0.9055880000000001,-0.17045,0.255259,-0.872136,0.336804,0.433647,0.03345200000000004,0.9459484058592842,0.16548000000000002,0.16548000000000002,0.05405159414071581,0.8345199999999999,-0.872136
486,2.025,walk,0.081347,-0.463753,0.919573,0.032158,0.0026,-0.663314,-0.4187664986801239,0.7844972402208101,-0.1336693064554968,-0.0566207335782736,0.04719357827300239,0.2945457374656628,-0.008159347252221694,0.003119750419976326,0.030237580993522164,-0.010319174466043517,0.25845932325415016,-0.31533477321815756,0.168065,-0.18164399999999997,-0.904905,-0.168748,0.25306700000000004,-0.8728929999999999,0.33681300000000003,0.43471099999999996,0.03201200000000004,0.9475431633889693,0.17988000000000004,0.17988000000000004,0.05245683661103073,0.82012,-0.8728929999999999
487,2.029167,walk,0.079503,-0.460487,0.919344,0.03069,0.002695,-0.662986,-0.44252459803213007,0.7837772978161381,-0.05495560355169421,-0.5015579341152093,0.4959481371424085,0.23306266355633334,-0.00191984641228882,0.007199424046069754,0.033837293016556316,0.05639548836093081,0.25581953443723215,-0.3323734101271689,0.16990099999999997,-0.18488000000000004,-0.9045350000000001,-0.166669,0.25086699999999995,-0.8740490000000001,0.33657,0.435747,0.030486000000000013,0.9422534292617447,0.19513999999999998,0.19513999999999998,0.05774657073825529,0.80486,-0.8740490000000001
488,2.033333,walk,0.077749,-0.45721,0.919,0.029396,0.003064,-0.662393,-0.4210273643783352,0.7866058569371661,-0.08257321171388339,-0.35492868755418633,0.534885620552704,0.40306865236221673,-0.00552088334133391,0.010321651464238754,0.04464714354297051,0.01440230436869788,0.23355736917908754,-0.3266922707633483,0.171632,-0.188114,-0.9040050000000001,-0.164855,0.248563,-0.875066,0.336487,0.436677,0.028939000000000048,0.9230731937278389,0.21061000000000002,0.21061000000000002,0.07692680627216109,0.78939,-0.875066
489,2.0375,walk,0.076037,-0.453942,0.918483,0.031059,0.002413,-0.661569,-0.41084713222939784,0.784257259419197,-0.12407007439403844,0.3823688803017819,-0.7752046219176095,0.4955228228625245,-0.005519558435323697,0.011999040076791805,0.05015598752099547,0.03287736981041274,0.22918166546675142,-0.2553395728341583,0.173321,-0.191332,-0.903279,-0.16300599999999998,0.24625000000000002,-0.8756130000000001,0.336327,0.437582,0.02766599999999997,0.9135569299048394,0.22334000000000004,0.22334000000000004,0.08644307009516061,0.7766599999999999,-0.8756130000000001
490,2.041667,walk,0.074243,-0.450622,0.918184,0.030878,0.002184,-0.660993,-0.43052555795538083,0.796736261099146,-0.07175425965924236,-0.14484217716046677,-0.03406227828592157,0.36809003077930724,-0.005039596832252029,0.013438924886023173,0.056635469162469615,0.0175185985121207,0.19966402687785875,-0.27957763378930944,0.175094,-0.19459599999999994,-0.902744,-0.161139,0.24376200000000003,-0.876479,0.336233,0.43835799999999997,0.026264999999999983,0.9026236024836147,0.23735000000000006,0.23735000000000006,0.09737639751638527,0.7626499999999999,-0.876479
491,2.045833,walk,0.072482,-0.447152,0.91771,0.029793,0.003619,-0.660485,-0.4227076332213035,0.8329332693230758,-0.11377820451271278,0.05817356577587031,0.852774641510852,0.359162935849898,0.0002400384061452167,0.01728276524242895,0.06553048487757877,0.03912626020163035,0.18146903504559728,-0.2638022083533283,0.176856,-0.197994,-0.901997,-0.159215,0.24104799999999998,-0.877104,0.336071,0.439042,0.024893000000000054,0.8870472561797054,0.25107,0.25107,0.11295274382029463,0.74893,-0.877104
492,2.05,walk,0.070521,-0.443596,0.91777,0.028028,0.004977,-0.660478,-0.4706023518118776,0.8533717302616189,0.014398848092141042,-0.206001577373681,1.0482990186987804,0.04624461753423127,0.0028797696184268765,0.023518118550527232,0.07727381809455582,0.05495560355172004,0.1619870410367266,-0.2399808015358883,0.178829,-0.20145199999999996,-0.901735,-0.157025,0.238167,-0.878164,0.335854,0.439619,0.02357100000000001,0.8652921068042826,0.27311593905753795,0.27311593905753795,0.1347078931957174,0.726884060942462,-0.878164
493,2.054167,walk,0.068946,-0.440529,0.917318,0.029307,0.004918,-0.658591,-0.3779697624189851,0.7360211183104871,-0.10847132229421176,0.4247644273032912,-0.4559214178245798,1.1854376898440984,0.004079673626113743,0.02639788816893131,0.08519318454523063,0.07535397168225959,0.15430765538756072,-0.2366210703143606,0.180421,-0.204409,-0.900928,-0.155136,0.235743,-0.878698,0.335557,0.440152,0.022229999999999972,0.8511957761797146,0.2904212625309064,0.2904212625309064,0.14880422382028535,0.7095787374690936,-0.878698
494,2.058333,walk,0.067143,-0.437094,0.917202,0.027656,0.006752,-0.657902,-0.43278924627939264,0.8245319251079999,-0.027844455112818484,-0.023641164966666763,1.172805294884595,0.4842446519993855,-0.0021603456553069503,0.031925108017293834,0.1022563610177607,0.06769083053288448,0.1197791646663432,-0.22323571771482834,0.18221500000000002,-0.20771099999999998,-0.9003859999999999,-0.153051,0.232807,-0.879512,0.335266,0.44051799999999997,0.020873999999999948,0.8214235070227383,0.35421410077667415,0.35421410077667415,0.17857649297726175,0.6457858992233259,-0.879512
495,2.0625,walk,0.065123,-0.433457,0.917371,0.02568,0.008354,-0.657967,-0.4847612191024925,0.8728101751860253,0.04055675545958567,-0.20804705670661675,1.20347751201853,0.003242833610453488,-0.013438924886009852,0.04031677465801623,0.12526997840173315,0.08351331893448931,0.12167026637869705,-0.19342452603792606,0.18417899999999998,-0.21118000000000003,-0.9000330000000001,-0.150683,0.229677,-0.880487,0.334862,0.44085700000000005,0.019546000000000063,0.7795294520192992,0.3990527230619342,0.3990527230619342,0.22047054798070076,0.6009472769380658,-0.880487
496,2.066667,walk,0.063014,-0.429945,0.917622,0.02399,0.007414,-0.658308,-0.5061195104391879,0.8428125749940293,0.060235181185508205,-0.9057889131357231,0.19930467246704198,-0.2012446634359821,-0.013198944084473724,0.05039596832254693,0.15382769378450406,0.08711303095752791,0.12502999760019617,-0.20734341252700653,0.18623299999999998,-0.21448199999999995,-0.8996430000000001,-0.14821099999999998,0.22668600000000003,-0.881602,0.33444399999999996,0.441168,0.018041000000000085,0.7293170924250041,0.39072693204248127,0.39072693204248127,0.2706829075749959,0.6092730679575187,-0.881602
497,2.070833,walk,0.061078,-0.426629,0.917851,0.022048,0.007621,-0.657629,-0.4647143542966748,0.7959673547767524,0.05496879500718133,-0.6410652834903934,0.6783731389649249,0.4602759736944994,0.0012001920307260835,0.05976956313008567,0.18314930388861794,0.05496879500719799,0.09721555448871282,-0.17066730676907918,0.188174,-0.21754900000000005,-0.8991089999999999,-0.146046,0.22377499999999997,-0.8825419999999999,0.33422,0.44132400000000005,0.016567,0.6789015872017616,0.49439633793038124,0.49439633793038124,0.32109841279823836,0.5056036620696187,-0.8825419999999999
498,2.075,walk,0.059621,-0.423349,0.917503,0.021803,0.012427,-0.655508,-0.3496520278377517,0.7871370290376303,-0.08351331893448374,1.417229478638769,1.7852454988172384,1.3832843095781628,-0.0035997120230415376,0.0686345092392587,0.22054235661145757,0.06071514278857399,0.07487401007919071,-0.1533477321814163,0.18961599999999998,-0.22054300000000004,-0.8978419999999999,-0.144336,0.22080699999999998,-0.882833,0.33395199999999997,0.44135,0.015008999999999939,0.6149942827087642,0.5480271450786881,0.5480271450786881,0.3850057172912358,0.4519728549213119,-0.882833
499,2.079167,walk,0.057885,-0.419997,0.917604,0.021012,0.014078,-0.654531,-0.41660667146630204,0.8044156467482887,0.024238060955128954,0.22991367711596764,0.8317171656068294,0.6405189536422803,-0.006719462442998265,0.08063354931605911,0.2457403407727487,0.05399568034557553,0.07295416366690967,-0.142788576913853,0.19132400000000002,-0.223559,-0.896919,-0.142375,0.217759,-0.883529,0.333699,0.441318,0.013390000000000013,0.5688025860275994,0.5841109281599179,0.5688025860275994,0.43119741397240063,0.41588907184008206,-0.883529
500,2.083333,walk,0.056188,-0.416728,0.91779,0.02022,0.014886,-0.653403,-0.40734517522802466,0.7846855496879338,0.04464714354297033,-0.035687702309258516,0.5239545490963654,0.7312567555890765,0.004560729716752455,0.0916946711473795,0.27220355256840423,0.04272683629380526,0.06961113778204621,-0.1488238118098861,0.19304,-0.22644600000000004,-0.895971,-0.1405,0.21478,-0.884335,0.33354,0.441226,0.01163599999999998,0.5212183082632331,0.6006999788499874,0.5212183082632331,0.4787816917367669,0.3993000211500126,-0.884335
501,2.0875,walk,0.054514,-0.413332,0.917686,0.01944,0.0162,-0.652198,-0.4017278617710771,0.8149748020158784,-0.02495800335973068,0.12742932933834794,0.7027081752130943,0.7795483671945586,-0.006719462443004926,0.09959203263740657,0.2939764818814622,0.024238060955125623,0.04223662107031192,-0.1327093832493456,0.194686,-0.229427,-0.894642,-0.138725,0.21155999999999997,-0.884784,0.333411,0.44098699999999996,0.009858000000000033,0.5,0.6658167779841899,0.5,0.5,0.3341832220158101,-0.884784
502,2.091667,walk,0.052623,-0.409895,0.918027,0.018329,0.015942,-0.651706,-0.4538036957043153,0.8248140148787517,0.08183345332373769,-0.4851947925330164,0.2458155223355648,0.32819257298077714,-0.03863690904727254,0.10847132229421176,0.33021358291334735,0.023038156947442528,0.06311495080393502,-0.1507079433645225,0.196416,-0.23241199999999995,-0.893607,-0.136738,0.20838600000000002,-0.885753,0.333154,0.44079799999999997,0.007854000000000028,0.5,0.6464492028196274,0.5,0.5,0.35355079718037263,-0.885753
503,2.095833,walk,0.050909,-0.406603,0.918234,0.017777,0.018392,-0.650389,-0.41142582813253387,0.7902064330293515,0.04968795007200519,0.5661414013930974,1.0444372084054465,0.8454915775930976,-0.028084493518966698,0.12073931829091696,0.3480556889102532,0.01632261161785982,0.05328852616419048,-0.13490158425349125,0.198013,-0.23520100000000005,-0.892364,-0.134956,0.205316,-0.886522,0.332969,0.44051700000000005,0.005842000000000014,0.5,0.6983121314951533,0.5,0.5,0.30168786850484675,-0.886522
504,2.1,walk,0.049211,-0.403262,0.918461,0.017599,0.017654,-0.649515,-0.40748740100789577,0.8017758579313126,0.05447564194863532,-0.29407987328064483,-0.22758795057336692,0.5537887823444017,-0.054715622750178085,0.13222942164627924,0.345332373410106,-0.003119750419966002,0.05927525797935737,-0.11663066954642842,0.199483,-0.23799099999999995,-0.8911519999999999,-0.133271,0.202222,-0.887235,0.332754,0.44021299999999997,0.003916999999999948,0.5,0.7427194130514776,0.5,0.5,0.2572805869485224,-0.887235
505,2.104167,walk,0.047519,-0.400041,0.918688,0.01696,0.019753,-0.648107,-0.4060475161987224,0.7729781617471025,0.05447564194864113,0.42337568395250275,0.9430422027611673,0.8995704268175883,-0.05183585313175038,0.15406767458602105,0.37005039596833983,0.011519078473720827,0.052795776337894895,-0.15862730981522247,0.200959,-0.24057000000000006,-0.889837,-0.131531,0.19922099999999998,-0.888123,0.33249,0.43979100000000004,0.0017139999999999933,0.5,0.7035617395366891,0.5,0.5,0.2964382604633109,-0.888123
506,2.108333,walk,0.045768,-0.396748,0.919454,0.018147,0.015487,-0.647461,-0.420307249159853,0.7904464714354057,0.18386941910706275,-0.89254553563075,-1.9392269888382274,0.3832704274818067,-0.06745079212673927,0.1629860777724622,0.37638022083532335,0.01488238118099011,0.04440710513681845,-0.10897743638981928,0.202429,-0.24318399999999996,-0.889035,-0.129718,0.19611299999999998,-0.889343,0.33214699999999997,0.43929699999999994,0.00030799999999997496,0.49692,0.8023080546072174,0.49692,0.50308,0.19769194539278256,-0.889035
507,2.1125,walk,0.043991,-0.393495,0.919824,0.017646,0.015723,-0.646507,-0.42644588432927333,0.7806575473962454,0.08879289656827415,-0.10985120842247868,0.22758822846216956,0.608448914592155,-0.06431485481161572,0.17782577393809107,0.3762898968082725,-0.04727621790257061,0.022078233741303802,-0.04607631389488997,0.203938,-0.24569599999999997,-0.887837,-0.128138,0.19295199999999998,-0.889905,0.33207600000000004,0.4386479999999999,0.0020679999999999588,0.47931999999999997,0.883983766863241,0.47931999999999997,0.52068,0.11601623313675902,-0.887837
508,2.116667,walk,0.042254,-0.390242,0.92009,0.017941,0.016121,-0.64538,-0.41684665226779377,0.7806575473961621,0.06383489320853666,0.23202686797077215,0.03750276197206555,0.7046770003349652,-0.050875929925607105,0.19750419966399257,0.4046076313894642,-0.014158867290616727,0.02903767698584176,-0.04079673626109663,0.205463,-0.24812600000000007,-0.886417,-0.12646000000000002,0.18982,-0.8903409999999999,0.33192299999999997,0.43794600000000006,0.0039239999999999275,0.46076,0.9132687116362515,0.46076,0.5392399999999999,0.08673128836374855,-0.886417
509,2.120833,walk,0.039868,-0.386881,0.920024,0.012938,0.019937,-0.642196,-0.572731637061914,0.8067690830532671,-0.015842534805570976,-0.6499768830026601,2.9005350657120514,2.0727041775630894,-0.06793086893902969,0.212914066250614,0.3989438310129504,-0.02112337974075575,0.025684109457511536,-0.07297167546807341,0.20756599999999997,-0.2506,-0.884689,-0.124162,0.18656599999999998,-0.890579,0.33172799999999997,0.43716599999999994,0.005890000000000062,0.4411,0.8663468827428897,0.4411,0.5589,0.13365311725711027,-0.884689
510,2.125,walk,0.038185,-0.3837,0.920296,0.012687,0.020559,-0.640812,-0.4038876889849006,0.7633789296856575,0.06527477801777355,0.10554483341347175,0.2865353251841853,0.8684381013292387,-0.06599472042236862,0.23398128149747843,0.4130069594432635,-0.021838252939767672,0.03479721622270527,-0.07535397168226846,0.208974,-0.25280600000000003,-0.88324,-0.12257,0.18353,-0.891165,0.331544,0.43633600000000006,0.00792499999999996,0.42075,0.8569578869644494,0.42075,0.57925,0.1430421130355506,-0.88324
511,2.129167,walk,0.036536,-0.380571,0.920618,0.01261,0.021884,-0.639551,-0.3957283417326789,0.7508999280057921,0.07727381809456664,0.3854223492264374,0.4939538310791942,0.7857195108083342,-0.06719462443004925,0.24982001439887622,0.42644588432927333,-0.016798656107512314,0.03551715862730699,-0.07055435565155088,0.210343,-0.25489399999999995,-0.881785,-0.120991,0.180549,-0.891781,0.331334,0.4354429999999999,0.009996000000000005,0.40004,0.8654061613451905,0.40004,0.59996,0.13459383865480945,-0.881785
512,2.133333,walk,0.034868,-0.377448,0.921077,0.012378,0.021995,-0.638451,-0.40038406144982003,0.7496399423907588,0.1101776284205412,-0.04547722120748854,0.09590302103004104,0.6897901970210527,-0.058329332693227695,0.2770043206913002,0.41526644263081014,-0.011761881901102294,0.032165146423425724,-0.07297167546807341,0.21176799999999998,-0.25686299999999995,-0.880514,-0.119372,0.17756,-0.892544,0.33114,0.43442299999999995,0.012029999999999985,0.3797,0.8656517385164615,0.3797,0.6203000000000001,0.1343482614835385,-0.880514
513,2.1375,walk,0.033283,-0.374453,0.921745,0.013278,0.02182,-0.637292,-0.38036957043434283,0.7187425005999143,0.16030717542595663,0.28525479965218326,-0.3573150689191188,0.708484102297847,-0.05927525797935737,0.29445644348449806,0.407247420206358,-0.009119270458365235,0.026877849772016838,-0.05711543076553495,0.213106,-0.258631,-0.8794850000000001,-0.11782500000000001,0.17467699999999997,-0.8934500000000001,0.330931,0.43330799999999997,0.013965000000000005,0.36035000000000006,0.8937017778240999,0.36035000000000006,0.6396499999999999,0.10629822217590013,-0.8794850000000001
514,2.141667,walk,0.031721,-0.371339,0.921934,0.013201,0.022367,-0.636044,-0.37485001199905743,0.7473002159827569,0.045356371490281586,0.1454449698564231,0.20716615034154628,0.7764059197179899,-0.06167506599472497,0.3023758099352017,0.40652747780179466,-0.013918886489078778,0.02111831053515929,-0.05423566114711083,0.214411,-0.2604850000000001,-0.87798,-0.116321,0.17165099999999997,-0.893865,0.33073199999999997,0.4321360000000001,0.015885000000000038,0.34115,0.9002610994615955,0.34115,0.6588499999999999,0.0997389005384045,-0.87798
515,2.145833,walk,0.030141,-0.368271,0.922412,0.012983,0.021695,-0.635051,-0.37926068170906263,0.7364378300527786,0.11473835813729365,-0.28057545871910133,-0.19756052490070883,0.6225328067207239,-0.05616898703792074,0.3372539606337163,0.40398463754199493,-0.013922227556409242,0.019443110897742564,-0.0494479116658655,0.215757,-0.26214799999999994,-0.876775,-0.114799,0.168664,-0.894549,0.330556,0.430812,0.017774000000000068,0.32226,0.9084552485024462,0.32226,0.67774,0.09154475149755381,-0.876775
516,2.15,walk,0.028763,-0.365368,0.923019,0.013966,0.022239,-0.633887,-0.33069354451645394,0.6966642668586804,0.14566834653228988,0.5364320523314338,-0.1149101085526682,0.7061184534610997,-0.07031437485001892,0.35349172066235035,0.3558915286777233,-0.008879289656830078,0.016798656107515644,-0.0475161987041059,0.21684199999999998,-0.263578,-0.875899,-0.113458,0.16583100000000003,-0.895354,0.3303,0.42940900000000004,0.019455,0.30545,0.9147092265782559,0.30545,0.69455,0.08529077342174407,-0.875899
517,2.154167,walk,0.027257,-0.362379,0.923712,0.013913,0.020279,-0.63307,-0.361411087113009,0.7173026157906978,0.1663066954643392,-0.6121090358266332,-0.7242413012571998,0.5108061682982187,-0.06599472042236158,0.39668826493878445,0.321574274058056,0.016078713702905548,0.022558195344366993,-0.06575473962082631,0.218073,-0.264914,-0.8752519999999999,-0.111885,0.162936,-0.8963209999999999,0.329958,0.42784999999999995,0.021069000000000004,0.28930999999999996,0.8810802909272946,0.28930999999999996,0.71069,0.11891970907270544,-0.8752519999999999
518,2.158333,walk,0.025865,-0.359396,0.924171,0.01401,0.019416,-0.63223,-0.3341334613538433,0.7160345655305448,0.11017762842055294,-0.22279991921402215,-0.36252447449795616,0.5201717802804223,-0.06072971675468633,0.43831012962077265,0.28804608737400256,-0.02088334133461609,0.016082573211717906,-0.03456553048487991,0.219212,-0.266071,-0.8745109999999999,-0.11058,0.16002,-0.8969239999999999,0.329792,0.426091,0.022413000000000016,0.27586999999999995,0.9275519534020429,0.27586999999999995,0.72413,0.07244804659795712,-0.8745109999999999
519,2.1625,walk,0.024564,-0.356528,0.924777,0.01469,0.018439,-0.631463,-0.31221502279815716,0.6882649388048493,0.1454283657307316,-0.04084836542191285,-0.5805667976562773,0.4651698832897616,-0.05183585313174486,0.503959683225309,0.25677945764337157,-0.022798176145906426,0.01439884809215283,-0.021358291336691475,0.220297,-0.266839,-0.874047,-0.109374,0.15721200000000002,-0.897619,0.329671,0.424051,0.023571999999999926,0.26428000000000007,0.9426690826385085,0.26428000000000007,0.7357199999999999,0.05733091736149154,-0.874047
520,2.166667,walk,0.023286,-0.353648,0.925192,0.014479,0.018759,-0.630517,-0.3066954643628645,0.6911447084233562,0.09959203263740657,0.021465826386072744,0.16953834023229086,0.5881871760992211,-0.09335253179746057,0.5601151907847768,0.21862251019919454,-0.028317734581236473,0.0059995200383965415,-0.007679385649148605,0.221186,-0.26738499999999993,-0.873551,-0.108214,0.15435700000000002,-0.898066,0.3294,0.42174199999999995,0.024515000000000065,0.25485,0.9500872623568328,0.25485,0.74515,0.04991273764316717,-0.873551
521,2.170833,walk,0.022055,-0.350801,0.925837,0.014432,0.019151,-0.629564,-0.2954872779644661,0.683389342294759,0.15482477196351152,0.10440995748397122,0.1467043782995745,0.5899585589349818,-0.10201632261161715,0.6425828132500855,0.21459433509360887,0.010321651464234324,0.025204032645221103,-0.05976956313009899,0.221992,-0.26755500000000004,-0.873302,-0.10694000000000001,0.15161499999999997,-0.89896,0.328932,0.41917000000000004,0.02565799999999996,0.24342000000000003,0.8905292983476427,0.24342000000000003,0.75658,0.10947070165235728,-0.873302
522,2.175,walk,0.02089,-0.347933,0.926404,0.014341,0.018975,-0.628902,-0.2795776337893103,0.6882649388049227,0.13606911447084474,-0.08476205788187562,-0.04766128153424929,0.40983553954007795,-0.11231101511879471,0.7062634989201256,0.19486441084714118,0.017758579313656826,0.02087832973362316,-0.0652747780177619,0.222689,-0.26748,-0.873057,-0.10570099999999999,0.148834,-0.899799,0.32838999999999996,0.41631399999999996,0.026742000000000044,0.23258,0.8820067276285373,0.23258,0.76742,0.11799327237146273,-0.873057
523,2.179167,walk,0.019807,-0.345167,0.926767,0.014284,0.020016,-0.627712,-0.25989920806333844,0.6637868970481935,0.08711303095751863,0.2973528388820704,0.3887616841470027,0.7343731312000308,-0.11231101511878275,0.7926565874729407,0.18286537077032694,0.005039596832251492,0.01535877129829724,-0.04679625629949336,0.223304,-0.26694300000000004,-0.872658,-0.10459700000000001,0.146132,-0.900357,0.327901,0.4130750000000001,0.027698999999999918,0.22301000000000004,0.9174843618243435,0.22301000000000004,0.77699,0.08251563817565655,-0.872658
524,2.183333,walk,0.018746,-0.34236,0.9274,0.014701,0.020604,-0.626793,-0.2546807489198209,0.6737878060489503,0.1519443110897689,0.33686189153583124,0.0807696364440546,0.5596659098608755,-0.11929908785405277,0.8514162265962508,0.12938070091214354,0.005040806529046219,0.014882381180983447,-0.04152664426308084,0.223868,-0.26620299999999997,-0.872752,-0.103515,0.143387,-0.901163,0.327383,0.40958999999999995,0.028411000000000075,0.21588999999999997,0.926000052856028,0.21588999999999997,0.7841100000000001,0.07399994714397196,-0.872752
525,2.1875,walk,0.01773,-0.339584,0.928061,0.014895,0.019872,-0.626184,-0.2438204943604622,0.6661867050636255,0.15862730981522746,-0.14523935251689457,-0.34126173581155766,0.37247221752251364,-0.14518838492921096,0.9097672186225491,0.10079193664507222,0.008159347252218363,0.016558675305979518,-0.032877369810416245,0.224279,-0.265188,-0.872993,-0.102465,0.14068,-0.901961,0.32674400000000003,0.405868,0.028967999999999994,0.21032000000000006,0.9371579112836962,0.21032000000000006,0.7896799999999999,0.06284208871630381,-0.872993
526,2.191667,walk,0.01672,-0.336817,0.928423,0.014503,0.020281,-0.625437,-0.24238060955124707,0.664026877849807,0.08687305015598512,-0.020831075436910703,0.25976455087120004,0.46518350356647514,-0.15814734821214854,0.993040556755499,0.06887449004080048,0.01367890568754598,0.012239020878329211,-0.027597792176627254,0.22463,-0.263817,-0.873068,-0.101398,0.13796399999999998,-0.902438,0.326028,0.401781,0.029370000000000007,0.20630000000000004,0.9447595099714674,0.20630000000000004,0.7937,0.055240490028532596,-0.873068
527,2.195833,walk,0.015968,-0.334245,0.929044,0.014266,0.018275,-0.624867,-0.18050888142102223,0.6173787806048711,0.14906385021602633,-0.6890587392204832,-0.6888306502065515,0.3551809187834118,-0.17546807489198019,1.0619299087853726,0.06337013922227391,0.016082573211712862,0.005280844935188105,-0.03624579932789191,0.224651,-0.261965,-0.873425,-0.100579,0.135414,-0.90321,0.32523,0.39737900000000004,0.02978499999999995,0.20215,0.9333271991726799,0.20215,0.79785,0.06667280082732008,-0.873425
528,2.2,walk,0.015067,-0.331565,0.929805,0.014432,0.016841,-0.624418,-0.2162227021838119,0.6431485481161153,0.18262538996879418,-0.366616405263341,-0.5933764538790641,0.27326683280999065,-0.18814494840411786,1.1199904007678647,0.02207823374129812,0.009839212862970213,0.006479481641468107,-0.027117830573552108,0.224768,-0.25997800000000004,-0.874094,-0.099637,0.132761,-0.904084,0.324405,0.39273900000000006,0.02998999999999996,0.20010000000000006,0.9507227084325391,0.20010000000000006,0.7998999999999999,0.04927729156746086,-0.874094
529,2.204167,walk,0.014229,-0.328704,0.930318,0.015834,0.016468,-0.623888,-0.20110391168707425,0.6865850731941764,0.12311015118790715,0.4150803511082712,-0.5668986639963655,0.30607448753246874,-0.21262299016079633,1.1943844492441171,0.021358291336695416,-0.040076793856493424,0.019198464122870264,-0.004799616030717566,0.22472,-0.25786200000000004,-0.874518,-0.09896600000000001,0.12997999999999998,-0.904617,0.32368600000000003,0.387842,0.030098999999999987,0.19901000000000002,0.9255060266319907,0.19901000000000002,0.80099,0.07449397336800934,-0.874518
530,2.208333,walk,0.013158,-0.325913,0.931059,0.016184,0.017117,-0.623535,-0.25708113298127017,0.6699471915506269,0.17786845895342568,0.32645841940625536,0.1338233436147728,0.21242439928077717,-0.27364378300527387,1.2621219395102834,0.04152664426308084,-0.00912145943350824,0.005280844935194767,-0.00936149783965429,0.224651,-0.25539500000000004,-0.8750859999999999,-0.097933,0.12721100000000002,-0.905397,0.322584,0.38260600000000006,0.030311000000000088,0.19689,0.9765049658184874,0.19689,0.80311,0.023495034181512553,-0.8750859999999999
531,2.2125,walk,0.012152,-0.323161,0.931619,0.016656,0.017592,-0.623145,-0.2414206863451034,0.6604271658267717,0.1343892488600985,0.32012729706698323,0.03147718055568066,0.23317432356223522,-0.2946964242860656,1.3028557715383406,0.009359251259899004,-0.0026397888168940785,0.0059995200383965415,0.0007199424046075517,0.22442900000000002,-0.25271800000000005,-0.875607,-0.096938,0.12448399999999998,-0.9059539999999999,0.321367,0.37720200000000004,0.030346999999999902,0.19653000000000004,0.989009973870864,0.19653000000000004,0.8034699999999999,0.010990026129136021,-0.875607
532,2.216667,walk,0.011117,-0.320389,0.932177,0.017424,0.018583,-0.622712,-0.24838012958961758,0.6652267818574101,0.1339092872570253,0.5857663040799783,0.13608957230073648,0.25512095433499676,-0.22342212622989163,1.3554115670745481,-0.09695224382048884,-0.0040796736261104125,0.003119750419962672,0.0035997120230382073,0.224533,-0.24984200000000006,-0.876569,-0.09592,0.12172499999999997,-0.906497,0.320453,0.37156700000000004,0.029927999999999955,0.20072000000000007,0.9895471287534047,0.20072000000000007,0.79928,0.01045287124659533,-0.876569
533,2.220833,walk,0.010066,-0.317668,0.932859,0.017806,0.019103,-0.622467,-0.2522803648583973,0.6531445031205446,0.16370619299088202,0.2996012419186899,0.07742702871442306,0.14494125996635385,-0.328372539606365,1.4119059049449159,-0.045127220355260574,-0.00024003840614524228,0.001680268843016696,-0.004800768122900681,0.224216,-0.24668099999999998,-0.877439,-0.09487000000000001,0.119011,-0.907199,0.319086,0.365692,0.02976000000000001,0.20240000000000002,0.991513360763481,0.20240000000000002,0.7976,0.008486639236519045,-0.877439
534,2.225,walk,0.009119,-0.314964,0.933418,0.017821,0.019553,-0.622266,-0.22726181905446177,0.6489080873529685,0.13414926805854144,0.140651759168589,0.16138781062284546,0.12338645480234224,-0.2807775377969535,1.4518838492919681,-0.09047276217901906,-0.0007199424046049771,0.00095992320614441,-0.006479481641468107,0.22399300000000003,-0.24333499999999997,-0.878375,-0.093926,0.11631100000000003,-0.907785,0.317919,0.359646,0.029409999999999936,0.20589999999999997,0.9890172544454487,0.20589999999999997,0.7941,0.010982745554551254,-0.878375
535,2.229167,walk,0.008158,-0.312309,0.934147,0.018508,0.018759,-0.622301,-0.23062155027598846,0.6371490280777873,0.17494600431965754,0.020707527548791637,-0.5028063463153309,-0.033549204749609485,-0.3206143508519474,1.5056395488361622,-0.1761459083273415,0.008399328053754491,-0.0019198464122890248,-0.003599712023038591,0.223618,-0.23971599999999998,-0.8798379999999999,-0.09293,0.113648,-0.9085289999999999,0.316548,0.353364,0.028691000000000022,0.21308999999999995,0.9844371838586172,0.21308999999999995,0.78691,0.015562816141382774,-0.8798379999999999
536,2.233333,walk,0.007137,-0.309686,0.93483,0.01903,0.01856,-0.622378,-0.2450792126740212,0.6296207393182705,0.1639462313970431,0.13652098761574055,-0.22938375827905041,-0.05600280475637264,-0.3855016802688316,1.5576092174747453,-0.044647143542967,-0.005040806529042888,0.002400384061452167,-0.005280844935188937,0.223033,-0.23585,-0.880707,-0.09193,0.11103500000000002,-0.9092340000000001,0.314963,0.346885,0.02852700000000008,0.21473000000000003,0.9871917021974874,0.21473000000000003,0.7852699999999999,0.01280829780251258,-0.880707
537,2.2375,walk,0.0062,-0.307056,0.93547,0.019405,0.018248,-0.622292,-0.22486201103912723,0.6311495080393907,0.15358771298296212,0.047759881544448844,-0.2305353610222897,0.04581447965487134,-0.3426925845932512,1.591072714182944,-0.1327093832493456,-0.0007199424046083842,0.0016798656107528966,-0.008399328053756157,0.222542,-0.23185,-0.8819,-0.090996,0.10841200000000001,-0.9099090000000001,0.313538,0.340262,0.02800900000000006,0.21991000000000005,0.9856735503651115,0.21991000000000005,0.78009,0.014326449634888494,-0.8819
538,2.241667,walk,0.005316,-0.304444,0.936167,0.020081,0.017599,-0.622256,-0.2121430285577023,0.6268298536116736,0.16726661867048362,0.06005345392387363,-0.44616964468476433,0.009616668038225343,-0.3494120470362189,1.6193904487639945,-0.15814734821213336,0.0011999040076771821,0.0004799616030655442,-0.001919846412287155,0.22197,-0.22771400000000003,-0.8832559999999999,-0.090107,0.10580199999999998,-0.9106139999999999,0.312077,0.33351600000000003,0.027357999999999993,0.22642,0.9961428482677452,0.22642,0.7735799999999999,0.00385715173225476,-0.8832559999999999
539,2.245833,walk,0.004374,-0.301905,0.936842,0.020545,0.017206,-0.622331,-0.226116178588568,0.6094575132020988,0.16202592414785472,0.05684721421324307,-0.28496351073708087,-0.05469842042314748,-0.4279884781564883,1.6829092654824287,-0.07873259721555279,0.0002400384061452167,-0.0014402304368646378,-0.0014402304368696345,0.22112900000000002,-0.22324200000000005,-0.8842589999999999,-0.08916400000000001,0.10325699999999999,-0.911295,0.31029300000000004,0.32649900000000004,0.02703600000000006,0.22964000000000007,0.9965818515981351,0.22964000000000007,0.7703599999999999,0.00341814840186494,-0.8842589999999999
540,2.25,walk,0.003469,-0.299352,0.937569,0.02114,0.01688,-0.622486,-0.21718262538997882,0.6126709863211156,0.1744660427165986,0.12605268517638005,-0.2975088935736808,-0.10575415163402281,-0.35277177825775524,1.7105831533478157,-0.20686345092393427,0.002159827213825153,0.0,-0.0028797696184310394,0.220564,-0.218667,-0.885848,-0.08825,0.10070400000000002,-0.912034,0.30881400000000003,0.319371,0.026186000000000043,0.23813999999999996,0.9940004799616001,0.23813999999999996,0.76186,0.005999520038399875,-0.885848
541,2.254167,walk,0.002643,-0.296737,0.938151,0.021502,0.016317,-0.622666,-0.19822414206864353,0.6275497960163555,0.13966882649388002,-0.032337073578447055,-0.3165407365555859,-0.11834524700034073,-0.41372690184787186,1.745380369570508,-0.14278857691385466,0.0,-0.0011999040076806405,-0.002399808015358783,0.219666,-0.21400900000000006,-0.887025,-0.087424,0.09808399999999998,-0.9126259999999999,0.30709,0.31209300000000006,0.025600999999999985,0.24399000000000004,0.9955282217872565,0.24399000000000004,0.75601,0.004471778212743471,-0.887025
542,2.258333,walk,0.001795,-0.294208,0.938655,0.021697,0.016296,-0.622772,-0.2035525684109402,0.6070571291406334,0.12097935669708261,0.06701985159737027,-0.06438352329472283,-0.06814447114190274,-0.4483917426788184,1.782045127220303,-0.1437830052808399,0.0012001920307227521,0.0004800768122904334,-0.0016802688430148512,0.218646,-0.20911400000000002,-0.888128,-0.08657100000000001,0.09555700000000003,-0.913137,0.305217,0.304671,0.025008999999999948,0.24990999999999997,0.9964667303303236,0.24990999999999997,0.75009,0.0035332696696763755,-0.888128
543,2.2625,walk,0.001001,-0.291646,0.939362,0.022615,0.015728,-0.622939,-0.19054475641947483,0.6148308135348819,0.16966642668585796,0.1749689450609683,-0.4846763127043752,-0.11970902953305768,-0.43124550035994325,1.8140148788095938,-0.13582913366929913,-0.0011999040076771821,0.0011999040076805126,-0.0028797696184298996,0.217643,-0.204117,-0.889401,-0.085782,0.09300000000000003,-0.913856,0.303425,0.297117,0.024455000000000005,0.25545000000000007,0.994429090361899,0.25545000000000007,0.7445499999999999,0.005570909638101029,-0.889401
544,2.266667,walk,0.000179,-0.289045,0.939914,0.022999,0.015776,-0.623194,-0.19726421886249998,0.6241900647948497,0.1324694024478095,0.1588581116793567,-0.09240155836369204,-0.16264173767054182,-0.44036477081835546,1.8404127669787347,-0.11975041996640802,0.010799136069112442,0.0007199424046083842,0.015598752099832506,0.21663,-0.19904899999999998,-0.890452,-0.084915,0.09040200000000001,-0.914343,0.301545,0.289451,0.023890999999999996,0.26109000000000004,0.9683569946303212,0.26109000000000004,0.73891,0.03164300536967879,-0.890452
545,2.270833,walk,-0.000434,-0.286407,0.940325,0.024063,0.015558,-0.623298,-0.14714354296687066,0.633221315410442,0.0986557849255708,0.334443852548504,-0.3981362691251796,-0.0826967366753413,-0.46831493038885136,1.8720595295246594,-0.12337974075851812,0.0026404224675973835,0.0007201152184289877,0.0057609217474793705,0.21529199999999998,-0.193888,-0.891377,-0.08429099999999999,0.08776700000000001,-0.9147299999999999,0.299583,0.281655,0.023352999999999957,0.26647,0.9893700350011307,0.26647,0.73353,0.010629964998869257,-0.891377
546,2.275,walk,-0.001101,-0.2838,0.940736,0.023888,0.016005,-0.623446,-0.16006719462443736,0.6256299496040665,0.09863210943126205,0.06837911972868528,0.22262207185779562,-0.08523933238585737,-0.4540436765059014,1.9114470842333486,-0.12766978641709192,0.005039596832252029,0.0004799616030722562,-0.01703863690904761,0.21406699999999998,-0.18853000000000003,-0.89232,-0.083603,0.08516199999999999,-0.915212,0.29767,0.27369200000000005,0.022892000000000023,0.27108,0.9703753552721524,0.27108,0.72892,0.02962464472784765,-0.89232
547,2.279167,walk,-0.001803,-0.281225,0.941279,0.024354,0.016039,-0.623863,-0.16846652267817547,0.6179505639548445,0.13030957523396378,0.18571602595534203,-0.11923644543229671,-0.26370189935793614,-0.4744420446363951,1.9306455483560196,-0.1058315334773163,-0.007199424046076415,0.010079193664509645,-0.019438444924405152,0.212792,-0.18306,-0.893304,-0.082931,0.08262900000000001,-0.915836,0.295723,0.265689,0.022531999999999996,0.27468000000000004,0.9615843278291758,0.27468000000000004,0.72532,0.0384156721708242,-0.893304
548,2.283333,walk,-0.002677,-0.278893,0.942256,0.025121,0.01433,-0.624594,-0.20979356697073198,0.5597695631301454,0.23451752280366853,-0.22316815965016829,-0.857500772923461,-0.4724781381968105,-0.4651944311090198,1.9798367738839728,-0.06937109937590506,0.003840614498320545,0.00768122899664109,-0.006721075372060121,0.211728,-0.17714400000000002,-0.89457,-0.082041,0.08032900000000001,-0.916841,0.293769,0.25747300000000006,0.02227100000000004,0.27729000000000004,0.9818245852270724,0.27729000000000004,0.72271,0.01817541477292761,-0.89457
549,2.2875,walk,-0.003521,-0.27645,0.942865,0.024911,0.014388,-0.625108,-0.20254379649626789,0.5862730981521189,0.14614830813533322,-0.0599121585330928,0.09366879120461258,-0.31209582125365254,-0.45308375329970196,1.9884809215261605,-0.06863450923925704,0.013438924886008419,0.0067194624430042095,-0.00407967362610958,0.210684,-0.17130100000000004,-0.895465,-0.081141,0.07791399999999998,-0.9174669999999999,0.291825,0.24921500000000002,0.022001999999999966,0.27998,0.974051353358439,0.27998,0.72002,0.025948646641561046,-0.895465
550,2.291667,walk,-0.004034,-0.273864,0.943177,0.025809,0.014634,-0.625529,-0.12311015118791069,0.6205903527718011,0.07487401007921868,0.41153531632329016,-0.16972659941302984,-0.27248198540906277,-0.46076313894890636,2.011999040076886,-0.07103431725462231,0.018958483321334138,0.0038396928245713886,0.002399808015358783,0.20927700000000002,-0.165503,-0.896073,-0.08054900000000001,0.075344,-0.9177690000000001,0.28982600000000003,0.240847,0.02169600000000005,0.28304,0.9675138316038387,0.28304,0.71696,0.03248616839616125,-0.896073
551,2.295833,walk,-0.004771,-0.27137,0.943901,0.026382,0.013719,-0.626121,-0.17690830532884771,0.5986557849255708,0.17378780604895033,-0.05854747507417282,-0.5038513841128973,-0.3804843567292788,-0.47431589054247514,2.0338454152663887,-0.06096975516082341,0.02832453192510892,-0.005040806529042888,0.021603456553047847,0.208038,-0.159524,-0.897051,-0.079694,0.072829,-0.918403,0.287732,0.232353,0.021351999999999927,0.28647999999999996,0.9400370907634659,0.28647999999999996,0.71352,0.059962909236534134,-0.897051
552,2.3,walk,-0.005519,-0.268919,0.944569,0.026932,0.013321,-0.626779,-0.1795056395488442,0.5881929445644571,0.1603071754259737,0.08858171015483335,-0.30223377366801846,-0.4170084637207942,-0.4466042716582881,2.0686345092393594,-0.02903767698584319,-0.01727861771058457,-0.009599232061438463,0.033837293016559924,0.206925,-0.15335499999999996,-0.89784,-0.079018,0.07033800000000001,-0.91893,0.285943,0.22369299999999998,0.021090000000000053,0.2891,0.9346875397959418,0.2891,0.7109,0.06531246020405823,-0.89784
553,2.304167,walk,-0.006081,-0.266445,0.945125,0.027342,0.012767,-0.627487,-0.13486921046315473,0.5937125029997314,0.13342932565393978,-0.010521056241043637,-0.31753922251347627,-0.44764489069419894,-0.43412526997837647,2.0875929925604577,-0.02447804175665748,-0.009359251259898007,0.0007199424046083076,0.0067194624430042095,0.205678,-0.14713000000000004,-0.898498,-0.078495,0.06786699999999998,-0.919458,0.284173,0.21499700000000002,0.02095999999999998,0.2904,0.9807599176533005,0.2904,0.7096,0.019240082346699494,-0.898498
554,2.308333,walk,-0.006703,-0.264,0.94566,0.02793,0.012359,-0.628057,-0.1493038886221755,0.5868939030244619,0.128420547287551,0.09945123602406868,-0.3191392296216019,-0.36465450520396164,-0.43999039846374244,2.105376860297597,-0.014642342774843227,-0.005520883341333322,0.005520883341333322,0.010321651464234324,0.20446699999999998,-0.14080399999999998,-0.899094,-0.07789599999999999,0.065445,-0.9199499999999999,0.282363,0.206249,0.020855999999999986,0.29144,0.9784299078785286,0.29144,0.7085600000000001,0.02157009212147143,-0.899094
555,2.3125,walk,-0.007348,-0.26148,0.946123,0.028248,0.012483,-0.628736,-0.15478761699064797,0.6047516198704433,0.11111111111114072,0.15957695392673124,-0.03713996714554309,-0.42334138268440014,-0.4319654427645976,2.1283897288217952,-0.004319654427646975,-0.0019198464122890248,0.006479481641468798,0.0,0.203312,-0.134455,-0.899575,-0.077259,0.06295199999999998,-0.920413,0.280571,0.19740699999999997,0.020838000000000023,0.29162,0.9887367987838331,0.29162,0.70838,0.011263201216166863,-0.899575
556,2.316667,walk,-0.007971,-0.259058,0.946667,0.028422,0.011834,-0.629473,-0.14950803935685836,0.5812335013199161,0.13054955603552046,-0.12733374880580128,-0.2809961494195118,-0.463642297321295,-0.4108471322294383,2.1555075593953443,0.023038156947444984,-0.004799616030715901,0.010559155267582975,-0.002399808015358783,0.202223,-0.12789499999999998,-0.900023,-0.07665599999999999,0.06057400000000002,-0.9209670000000001,0.278879,0.188469,0.020944000000000074,0.29056000000000004,0.9802592389740717,0.29056000000000004,0.70944,0.019740761025928255,-0.900023
557,2.320833,walk,-0.008516,-0.256612,0.947111,0.029149,0.011439,-0.630051,-0.13082093134901193,0.5871339414306137,0.10657705232836961,0.1550151590622894,-0.35625703368504613,-0.3730380688496877,-0.4090254440710428,2.1651464234276827,0.03528564570331188,-0.0004800768122904334,0.006481036965914188,0.011521843494958741,0.201064,-0.12132100000000001,-0.90032,-0.076113,0.05815500000000001,-0.921363,0.277177,0.17947600000000002,0.021043000000000034,0.28957,0.977952879287159,0.28957,0.71043,0.022047120712840984,-0.90032
558,2.325,walk,-0.008976,-0.254116,0.947462,0.029768,0.011165,-0.630823,-0.11039116870649683,0.5989920806335124,0.08423326133908539,0.15247919181705244,-0.27487421132506784,-0.49038773861869567,-0.4022078233741015,2.1730261579072434,0.08039356851451442,0.0,0.008399328053756927,0.005759539236860632,0.19984800000000003,-0.11476199999999998,-0.900336,-0.075653,0.05569400000000002,-0.92169,0.275501,0.170456,0.021353999999999984,0.28646,0.9830260817743184,0.28646,0.7135400000000001,0.016973918225681617,-0.900336
559,2.329167,walk,-0.009576,-0.251685,0.947921,0.02989,0.011088,-0.631483,-0.14398848092153282,0.5833933285337479,0.11015118790496956,0.026275873576790728,-0.053261083568774716,-0.4111405102237276,-0.38540916726664204,2.200863930885626,0.061435085193187175,-0.0059995200383965415,0.006719462443004926,0.0009599232061436797,0.198842,-0.108022,-0.900539,-0.07507799999999999,0.053291000000000005,-0.922145,0.27392,0.161313,0.021606000000000014,0.28393999999999997,0.9849015390063379,0.28393999999999997,0.71606,0.015098460993662077,-0.900539
560,2.333333,walk,-0.01012,-0.249257,0.948363,0.030423,0.010776,-0.632235,-0.13058089294286754,0.5828132501199998,0.10609697551606585,0.1086908959974469,-0.2634829267191579,-0.47799818617558615,-0.3857417186749768,2.2093134901583626,0.05832933269322936,-0.017762842054729378,0.008641382621214475,0.0009601536245800339,0.19777899999999998,-0.101246,-0.9007379999999999,-0.074608,0.050899,-0.9225829999999999,0.272387,0.152145,0.021845000000000003,0.28155,0.9670389983612668,0.28155,0.71845,0.03296100163873317,-0.9007379999999999
561,2.3375,walk,-0.010692,-0.246837,0.948784,0.030549,0.010556,-0.632912,-0.13726901847852788,0.5807535397168505,0.10103191744661001,-0.015342061794954445,-0.10721740255184634,-0.42381077271919765,-0.37149028077755325,2.2227021838253935,0.08423326133909603,-0.0026397888168940785,0.009599232061438463,-0.0028797696184310394,0.196803,-0.09440400000000002,-0.9008079999999999,-0.074047,0.04851900000000001,-0.923016,0.27085,0.14292300000000002,0.022208000000000006,0.27792000000000006,0.9827271235247614,0.27792000000000006,0.7220799999999999,0.017272876475238563,-0.9008079999999999
562,2.341667,walk,-0.011229,-0.244401,0.949204,0.030901,0.010001,-0.633732,-0.128869690424758,0.5845932325413595,0.10079193664508312,-0.032104677273803575,-0.29752211711688337,-0.5206279759946276,-0.35661147108228863,2.2258219342451326,0.108231341492674,-0.017038636909046626,0.005759539236859799,0.0,0.195854,-0.08756499999999998,-0.900777,-0.073581,0.04610700000000001,-0.923436,0.269435,0.13367199999999999,0.022658999999999985,0.27341000000000004,0.970023739024797,0.27341000000000004,0.72659,0.029976260975203006,-0.900777
563,2.345833,walk,-0.011779,-0.242024,0.949594,0.030958,0.009875,-0.634408,-0.13202112337975125,0.5705712914066746,0.09361497839655121,-0.012197445159324019,-0.05139931701089834,-0.42181732643571956,-0.35789726356220314,2.234757561209967,0.1277004320691423,-0.03384541526644585,0.0014402304368714535,-0.0016802688430150303,0.194913,-0.08063200000000001,-0.9006350000000001,-0.073172,0.043736,-0.923833,0.268085,0.124368,0.02319799999999994,0.26802,0.9434705165016062,0.26802,0.7319800000000001,0.05652948349839382,-0.9006350000000001
564,2.35,walk,-0.012282,-0.239624,0.949898,0.031253,0.009633,-0.635036,-0.12071034317253884,0.5759539236860666,0.07295416366689524,0.04048843409749735,-0.16771041357319483,-0.397640083041173,-0.32517398608109255,2.237580993520382,0.12814974802015053,-0.013438924886008419,0.0014398848092099543,-0.021838252939763683,0.19406099999999998,-0.073708,-0.900405,-0.072725,0.04134199999999999,-0.924228,0.26678599999999997,0.11504999999999999,0.02382300000000004,0.26176999999999995,0.9571959483415456,0.26176999999999995,0.73823,0.042804051658454356,-0.900405
565,2.354167,walk,-0.012736,-0.23725,0.950212,0.031526,0.009685,-0.635683,-0.1089512838972935,0.5697144228462019,0.07535397168225097,0.12216029528927493,-0.05172119703143082,-0.4062624108574917,-0.3352531797456379,2.254859611231208,0.15046796256300077,-0.04463642908567653,0.006959443244541054,-0.026637868970483574,0.19311799999999998,-0.066686,-0.9000919999999999,-0.07245700000000001,0.038996999999999976,-0.924653,0.265575,0.10568299999999997,0.024561000000000055,0.25439,0.912592577306627,0.25439,0.74561,0.08740742269337298,-0.9000919999999999
566,2.358333,walk,-0.013307,-0.2348,0.950623,0.031626,0.009434,-0.636483,-0.13706192990878133,0.588094095055188,0.09865578492559744,-0.03328914902643371,-0.10827094286830541,-0.5021914304627316,-0.3319731156985016,2.2556409025443425,0.15506481036965508,-0.0218434949591914,0.008161305808930704,0.00528084493518977,0.19230599999999998,-0.05973899999999999,-0.899857,-0.071977,0.036581,-0.925042,0.264283,0.09631999999999999,0.025185000000000013,0.24815000000000004,0.9601519375987355,0.24815000000000004,0.7518499999999999,0.039848062401264484,-0.899857
567,2.3625,walk,-0.013736,-0.232423,0.950894,0.032053,0.009205,-0.637092,-0.10295176385889612,0.5704343652508103,0.06503479721623076,0.09307501776399213,-0.20354936324716885,-0.3888912127111136,-0.323014158867302,2.2627789776818936,0.1696664266858727,-0.01367890568754598,0.0033597312215057932,0.011279097672187197,0.191389,-0.052686999999999984,-0.899421,-0.071605,0.034218,-0.925266,0.262994,0.08690499999999998,0.025845000000000007,0.24155000000000004,0.969925172070859,0.24155000000000004,0.75845,0.030074827929140957,-0.899421
568,2.366667,walk,-0.014001,-0.229815,0.950731,0.032469,0.011103,-0.6373,-0.06359491240700348,0.6258699304055292,-0.0391168706503514,0.7364977575543803,0.5784459460789415,-0.11495279550145603,-0.3026157907367255,2.257739380849388,0.1756659467242522,-0.007199424046076415,0.005279577633787594,0.0067194624430042095,0.19039299999999998,-0.04588700000000001,-0.8985259999999999,-0.07137,0.03163199999999999,-0.925075,0.26176299999999997,0.077519,0.026549000000000045,0.23451,0.9813767750950775,0.23451,0.76549,0.01862322490492252,-0.8985259999999999
569,2.370833,walk,-0.01434,-0.22733,0.950791,0.032581,0.012157,-0.637547,-0.08137301968314725,0.5964954392702638,0.014402304368713,0.366074466875955,0.36033387781212994,-0.14460126227231565,-0.3142102736437755,2.266202592414719,0.19443110897743063,-0.016562650024003294,0.009361497839656788,0.007201152184349005,0.18942299999999998,-0.03893100000000002,-0.897776,-0.0711,0.029186000000000017,-0.9251050000000001,0.260523,0.06811700000000004,0.027329000000000048,0.22671000000000002,0.9660959028040665,0.22671000000000002,0.77329,0.03390409719593346,-0.897776
570,2.375,walk,-0.014756,-0.224883,0.950881,0.031999,0.012912,-0.637875,-0.09983201343892938,0.5872330213583192,0.021598272138211562,0.01817933036800829,0.4636213990646543,-0.1852114038857103,-0.3105351571874367,2.273818094552542,0.20542356611472082,-0.00623950083993267,0.0011999040076739796,-0.0007199424046075517,0.188545,-0.031903000000000015,-0.89701,-0.07071,0.02674399999999999,-0.925198,0.259255,0.058647000000000005,0.02818799999999999,0.21811999999999998,0.9893425225226207,0.21811999999999998,0.78188,0.010657477477379329,-0.89701
571,2.379167,walk,-0.015238,-0.222463,0.951168,0.032434,0.013044,-0.638487,-0.115670746340298,0.5807535397168505,0.06887449004080881,0.20537530680477656,-0.07175682165442818,-0.3886159311929371,-0.304295656347504,2.256779457643497,0.19366450683946054,-0.0007199424046083842,0.012958963282937596,0.004559635229181438,0.187759,-0.024918999999999997,-0.89649,-0.070231,0.024377999999999983,-0.925466,0.25799,0.04929699999999998,0.028976000000000002,0.21024000000000004,0.9770723771730794,0.21024000000000004,0.78976,0.022927622826920624,-0.89649
572,2.383333,walk,-0.015739,-0.22016,0.951531,0.033431,0.012821,-0.63908,-0.12025924147863322,0.552808449351881,0.08713394143062704,0.3042098783035405,-0.375348177810126,-0.39166313295858474,-0.29956793086893063,2.264522323571709,0.22227556409024912,-0.012962073931828376,0.0012001920307260835,0.014882381180988445,0.187012,-0.017787999999999998,-0.895927,-0.069784,0.02207999999999999,-0.925767,0.256796,0.03986799999999999,0.029839999999999978,0.2016,0.9670462828289161,0.2016,0.7984,0.03295371717108386,-0.895927
573,2.3875,walk,-0.01621,-0.217879,0.951875,0.033509,0.012498,-0.63976,-0.11303095752339105,0.5473962083033036,0.08255339572833933,-0.06544672554378417,-0.12865232562587925,-0.42941588987220036,-0.29709623230140186,2.2510199184063904,0.2229421646268161,-0.00767938564914862,-0.009359251259894676,0.0007199424046083076,0.186245,-0.010689000000000004,-0.8953420000000001,-0.069345,0.01976,-0.926108,0.25559,0.030449000000000004,0.03076599999999996,0.19234,0.9797867710287336,0.19234,0.80766,0.020213228971266428,-0.8953420000000001
574,2.391667,walk,-0.016649,-0.215494,0.95198,0.033238,0.013209,-0.639974,-0.10535157187425533,0.5723542116630926,0.025197984161273466,0.12005520425861077,0.3497231464982034,-0.12075938241049398,-0.31749460043197775,2.228221742260718,0.24406047516199747,-0.0019198464122856943,0.00983921286296793,0.008399328053755324,0.185361,-0.0037890000000000146,-0.8944300000000001,-0.068914,0.017415999999999987,-0.9261780000000001,0.25427500000000003,0.021205,0.031748,0.18252000000000002,0.9782026612376036,0.18252000000000002,0.81748,0.021797338762396423,-0.8944300000000001
575,2.395833,walk,-0.017086,-0.213133,0.952144,0.033329,0.013456,-0.640358,-0.10489678348535476,0.5667306769082903,0.03936629860776224,0.11221880991698156,0.0712657099932882,-0.23890938166732786,-0.2911665866538547,2.2681228996638874,0.2623619779164603,0.004560729716755786,0.01344215074411881,0.004080652904465352,0.184585,0.0032989999999999964,-0.893501,-0.06845799999999999,0.015110999999999986,-0.926325,0.253043,0.01181199999999999,0.032823999999999964,0.17176000000000002,0.9753838693184262,0.17176000000000002,0.82824,0.024616130681573756,-0.893501
576,2.4,walk,-0.017566,-0.21079,0.952358,0.033751,0.013742,-0.640797,-0.11519078473722576,0.5622750179985819,0.051355891528691446,0.24670351894083883,-0.014841661088754886,-0.27967469823484753,-0.3081353491720821,2.2428605711544085,0.25509959203264937,0.015598752099831675,0.010799136069119104,-0.004079673626110847,0.183781,0.010302000000000006,-0.892652,-0.067913,0.012813000000000019,-0.926556,0.251694,0.0025110000000000132,0.033904000000000045,0.16096,0.9676569540444018,0.16096,0.83904,0.032343045955598226,-0.892652
577,2.404167,walk,-0.017994,-0.208386,0.952565,0.034024,0.014215,-0.641126,-0.10271178305734946,0.5769138468922176,0.04967602591791327,0.24857930426015376,0.09740910413263906,-0.20626607785148088,-0.32781377489798963,2.2306215502758415,0.30213582913365,-0.008159347252220825,0.004799616030715389,0.0052795776337892595,0.182843,0.017192999999999986,-0.8916,-0.06751900000000001,0.010428999999999994,-0.926741,0.250362,0.006763999999999992,0.03514100000000009,0.14859000000000006,0.981934901542859,0.14859000000000006,0.85141,0.018065098457140993,-0.8916
578,2.408333,walk,-0.018487,-0.206114,0.952744,0.034012,0.014585,-0.641414,-0.11833893422948619,0.5453672587614441,0.04296687469996505,0.11153531960595242,0.14624421474075305,-0.17588325610829939,-0.3146903504560995,2.1956313010083326,0.3120499279885035,-0.012481997119539274,0.010801728276522577,0.008401344215075152,0.182025,0.02406799999999998,-0.890479,-0.067078,0.008201999999999987,-0.9268850000000001,0.249103,0.01586599999999999,0.03640600000000005,0.13594,0.9691301940728758,0.13594,0.86406,0.030869805927124183,-0.890479
579,2.4125,walk,-0.018911,-0.203785,0.95293,0.034602,0.014893,-0.641793,-0.10175185985120588,0.5589152867770233,0.044636429085675104,0.31487892651311267,-0.059715842856096844,-0.24624567502716302,-0.34941204703621226,2.195104391648538,0.2982961363090757,-0.005759539236859799,0.011039116870654056,0.00935925125989884,0.18099300000000001,0.030885999999999997,-0.889422,-0.066678,0.005919000000000008,-0.9270320000000001,0.247671,0.02496699999999999,0.03761000000000003,0.12390000000000012,0.9740390262096907,0.12390000000000012,0.8760999999999999,0.02596097379030926,-0.889422
580,2.416667,walk,-0.01923,-0.20142,0.953032,0.035714,0.014859,-0.642126,-0.07655387568994826,0.5675545956323768,0.0244780417566451,0.4014122168920917,-0.34715331101675007,-0.23227712919366506,-0.3203743700504113,2.215022798176244,0.29157667386610586,-0.004079673626110847,0.006719462442998265,0.004559635229181438,0.179977,0.03775099999999998,-0.888309,-0.066376,0.003581999999999974,-0.927115,0.246353,0.034169000000000005,0.03880600000000001,0.11193999999999993,0.9848539347022218,0.11193999999999993,0.8880600000000001,0.015146065297778177,-0.888309
581,2.420833,walk,-0.019469,-0.199109,0.953108,0.035802,0.015461,-0.642396,-0.05736917906864932,0.5547287566010362,0.01824291886700982,0.2201637722743283,0.2005047405190164,-0.16445631760422977,-0.31661065770522767,2.194671147383524,0.25876140182428375,0.0014402304368713,0.020403264522323432,0.0012001920307252506,0.17889699999999997,0.04458300000000001,-0.887307,-0.066131,0.001355999999999996,-0.927186,0.24502799999999997,0.043227000000000015,0.039879,0.10121000000000002,0.965851308476759,0.10121000000000002,0.89879,0.03414869152324096,-0.887307
582,2.425,walk,-0.019764,-0.196777,0.953347,0.035921,0.015708,-0.642655,-0.07079433645308701,0.5596352291816912,0.05735541156710131,0.12186728425072878,0.060187934188648276,-0.16208133908778388,-0.32229421646269363,2.1816654667627557,0.2990160787137159,-0.027597792176628087,0.016318694504443388,-0.008879289656828413,0.177849,0.051342,-0.8863000000000001,-0.065951,-0.0009079999999999921,-0.927462,0.24380000000000002,0.05224999999999999,0.04116199999999992,0.08838000000000007,0.9445528352552439,0.08838000000000007,0.9116199999999999,0.05544716474475608,-0.8863000000000001
583,2.429167,walk,-0.020148,-0.194536,0.953396,0.036613,0.016097,-0.642917,-0.09215262778977094,0.5377969762418728,0.011759059275249041,0.3766440484823477,-0.06410465268749659,-0.17523371784202615,-0.32829373650106186,2.170626349891876,0.29829613630907903,0.017038636909046626,-0.00191984641228882,-0.02087832973361927,0.176865,0.058145999999999975,-0.8851060000000001,-0.065496,-0.003157000000000021,-0.927598,0.242361,0.061302999999999996,0.042491999999999974,0.07507999999999998,0.9549720577360002,0.07507999999999998,0.92492,0.045027942263999754,-0.8851060000000001
584,2.433333,walk,-0.020557,-0.192367,0.953855,0.036573,0.014873,-0.64321,-0.09817570811329536,0.5206433029284486,0.1101776284205412,-0.39087274357926516,-0.4302646676473218,-0.19669966104592307,-0.3494959193470824,2.175948151704217,0.2858857417186666,-0.01848295727316503,0.008641382621221138,-0.0019203072491600678,0.175818,0.06504200000000002,-0.884374,-0.065164,-0.005289999999999989,-0.928065,0.24098200000000003,0.070332,0.043691000000000035,0.06309000000000003,0.9658442788630284,0.06309000000000003,0.9369099999999999,0.03415572113697163,-0.884374
585,2.4375,walk,-0.020831,-0.190164,0.954157,0.036202,0.015182,-0.643158,-0.06575473962083332,0.528677705783564,0.07247420206384407,-0.04138024149125423,0.22662803505542573,0.04444520346396769,-0.33381329493642115,2.149508039356948,0.2958963282937495,-0.010079193664507389,0.006479481641468798,0.009359251259899837,0.174701,0.071796,-0.883443,-0.064932,-0.007466,-0.928328,0.239633,0.079262,0.044885000000000064,0.051150000000000084,0.9746595727358484,0.051150000000000084,0.94885,0.025340427264151644,-0.883443
586,2.441667,walk,-0.021189,-0.187936,0.954326,0.036893,0.016529,-0.642857,-0.0859131269498481,0.5346772258219605,0.04055675545955902,0.6682884204073435,0.27446759751193117,0.18811731347917424,-0.33549316054717404,2.154787616990739,0.2862970962323144,-0.01103911687064857,-0.002879769618433537,0.016558675305976187,0.173661,0.07854699999999999,-0.8824190000000001,-0.06462,-0.00970600000000002,-0.928428,0.238281,0.08825300000000001,0.04600899999999997,0.03991000000000006,0.966486118040934,0.03991000000000006,0.9600899999999999,0.033513881959066016,-0.8824190000000001
587,2.445833,walk,-0.021564,-0.185681,0.954492,0.036679,0.017375,-0.642644,-0.09001440230436632,0.5412866058569173,0.03984637542006599,0.18118734154095492,0.3715913357365767,0.1473654002254276,-0.34853576572250816,2.1195391262601446,0.28540566490637614,-0.0038406144983201356,0.0021603456553069503,0.010321651464233491,0.172584,0.08512200000000002,-0.8813960000000001,-0.064261,-0.01195199999999999,-0.928551,0.23684499999999997,0.09707400000000001,0.04715499999999995,0.028450000000000086,0.981295135657608,0.028450000000000086,0.9715499999999999,0.018704864342392047,-0.8813960000000001
588,2.45,walk,-0.021953,-0.18337,0.954627,0.036432,0.017227,-0.64266,-0.09335253179745062,0.55459563234938,0.032397408207340536,-0.13652012038863223,0.02210319792978541,-0.005804177469687732,-0.3018958483321106,2.1612670986319777,0.24622030237579473,0.003119750419966002,0.010079193664509645,0.008399328053755262,0.171715,0.09181700000000001,-0.880505,-0.063859,-0.014220999999999984,-0.928651,0.235574,0.106038,0.04814600000000002,0.018540000000000056,0.977523364021712,0.018540000000000056,0.98146,0.022476635978287973,-0.880505
589,2.454167,walk,-0.022345,-0.181041,0.954663,0.03625,0.018379,-0.642513,-0.09407247420206813,0.5589152867770828,0.008639308855300612,0.28786563281654487,0.4757220582477241,0.10832503299161167,-0.36261099112072986,2.1051115910728107,0.296136309095289,0.01127909767218803,-0.002159827213825153,0.007679385649148605,0.170596,0.09826000000000001,-0.8793070000000001,-0.06341999999999999,-0.01655899999999999,-0.928655,0.234016,0.114819,0.04934799999999995,0.00651999999999997,0.9769749012644965,0.00651999999999997,0.99348,0.023025098735503513,-0.8793070000000001
590,2.458333,walk,-0.022542,-0.178565,0.954694,0.036367,0.01818,-0.64235,-0.047287566010560216,0.5943350936149635,0.007441190590495055,-0.01933087487383798,-0.11322910854912797,0.0973329530022664,-0.40014402304367647,2.076332213154046,0.2899663946231286,0.01056168987037621,0.00984157465194056,0.017762842054728546,0.169126,0.104434,-0.8781300000000001,-0.06317900000000001,-0.01899400000000001,-0.928612,0.23230499999999998,0.12342800000000001,0.050481999999999916,0.0,0.9618510069155395,0.0,1.0,0.038148993084460514,-0.8781300000000001
591,2.4625,walk,-0.022932,-0.176179,0.954823,0.036751,0.018653,-0.642079,-0.0935925125989967,0.5725941924646288,0.030957523398113897,0.2858082734373384,0.04890958938725655,0.16518764236748784,-0.3602111831053686,2.094312455003695,0.24862011039118226,0.003839692824574719,0.007199424046077182,-0.00983921286297126,0.168015,0.110775,-0.877223,-0.062773,-0.021350000000000008,-0.928782,0.230788,0.132125,0.05155900000000002,0.0,0.9786963059185878,0.0,1.0,0.021303694081412194,-0.877223
592,2.466667,walk,-0.023287,-0.173749,0.95486,0.036445,0.019031,-0.641968,-0.08519318454523063,0.5831533477321497,0.008879289656842454,0.0033225668999294503,0.23035240593175849,0.08039227045195396,-0.3911687065034541,2.058075353971559,0.28677705783535606,-0.02327813774897863,0.007919366450684723,0.022078233741298952,0.16674,0.116921,-0.8760650000000001,-0.062515,-0.023747000000000018,-0.9287270000000001,0.229255,0.14066800000000002,0.05266199999999999,0.0,0.944923374912358,0.0,1.0,0.055076625087641995,-0.8760650000000001
593,2.470833,walk,-0.023655,-0.171346,0.95494,0.036213,0.019606,-0.641674,-0.08833413346136088,0.5768122899664375,0.019203072491592733,0.09037204514535611,0.27548419506491817,0.19513399468772297,-0.3907825252040613,2.0343254920788927,0.3005280844935402,-0.03240518482957439,0.0019203072491619383,0.02664426308209524,0.16548000000000002,0.12299299999999999,-0.874893,-0.062282000000000004,-0.026142,-0.928696,0.22776200000000002,0.149135,0.053802999999999934,0.0,0.9300059459081232,0.0,1.0,0.06999405409187676,-0.874893
594,2.475,walk,-0.024056,-0.16896,0.955052,0.036399,0.020141,-0.641385,-0.09623230141588136,0.5725941924645678,0.026877849772016838,0.2320359089465006,0.13228255981771384,0.18153693111552438,-0.39116870650346075,2.026157907367287,0.25725941924644546,-0.014158867290616727,0.006479481641468107,0.0383969282457381,0.16425099999999998,0.12905,-0.8739330000000001,-0.06194,-0.028501,-0.928648,0.22619099999999998,0.157551,0.05471499999999996,0.0,0.9309432338176333,0.0,1.0,0.06905676618236667,-0.8739330000000001
595,2.479167,walk,-0.024248,-0.166424,0.954803,0.036503,0.021825,-0.640801,-0.04607631389488997,0.6085913126950147,-0.05975521958244927,0.5546542355127052,0.5727549296666187,0.37767403661079496,-0.4187664986801239,2.016798656107604,0.2445404367650714,-0.01247900167986534,0.011759059275256955,0.012479001679866172,0.16269799999999998,0.13491799999999998,-0.8726649999999999,-0.0618,-0.030988000000000016,-0.9283469999999999,0.22449799999999998,0.165906,0.05568200000000001,0.0,0.9646554089910968,0.0,1.0,0.03534459100890319,-0.8726649999999999
596,2.483333,walk,-0.024427,-0.163811,0.954611,0.036327,0.023113,-0.640336,-0.042966874699951314,0.6272203552568183,-0.0460873739798283,0.33004664969909514,0.5162076515860263,0.3059723858961442,-0.3857417186749768,1.971915506480983,0.30484877580411873,-0.01416226596255446,0.01704272683629706,-0.0057609217474793705,0.16127,0.14052,-0.871203,-0.06168,-0.033529999999999976,-0.928179,0.22294999999999998,0.17404999999999998,0.05697600000000003,0.0,0.9618405197962496,0.0,1.0,0.03815948020375037,-0.871203
597,2.4875,walk,-0.024748,-0.161313,0.954615,0.036176,0.023817,-0.639908,-0.07703383729301969,0.5994720422366485,0.0009599232061445124,0.15955310236026274,0.2942661935552087,0.2769029477803796,-0.3688504919606559,1.9692824574034975,0.1655867530597652,0.006959443244541054,0.0033597312214991323,-0.0009599232061436797,0.160054,0.14622800000000002,-0.870517,-0.06133,-0.03601399999999999,-0.928187,0.22138400000000003,0.18224200000000002,0.05767,0.0,0.987021053724033,0.0,1.0,0.012978946275966963,-0.870517
598,2.491667,walk,-0.025141,-0.158903,0.954759,0.035927,0.024141,-0.639549,-0.0943124550035942,0.5783537317014342,0.03455723542117212,0.006696063026071804,0.18611157387174057,0.23311700327911303,-0.42956563474919723,1.9587233021357096,0.24094072474200381,-0.007439404847612517,0.01055915526758185,0.0035997120230382073,0.158657,0.15197999999999998,-0.869657,-0.06096800000000001,-0.03838,-0.928316,0.21962500000000001,0.19035999999999997,0.05865900000000002,0.0,0.9776518437809745,0.0,1.0,0.022348156219025528,-0.869657
599,2.495833,walk,-0.025515,-0.156469,0.954968,0.035281,0.023943,-0.639269,-0.0897743638982211,0.5842534805568711,0.05016802688430365,-0.3002381752000406,0.11742665487344969,0.19014315151568337,-0.47143542966873253,1.9282285165625972,0.3302928468554884,-0.0038406144983168045,0.005760921747478538,0.003840614498319303,0.157067,0.157579,-0.86849,-0.06061,-0.04078999999999999,-0.928509,0.217677,0.198369,0.060019000000000045,0.0,0.9868039506301283,0.0,1.0,0.013196049369871732,-0.86849
600,2.5,walk,-0.025866,-0.153994,0.955175,0.035099,0.023609,-0.639029,-0.08423326133909687,0.5939524838013243,0.049676025917918566,-0.17048248519388332,-0.07381111428242033,0.1517669209141167,-0.434605231581495,1.888888888888975,0.22918166546677252,-0.026877849772019704,0.0033597312214991323,0.002159827213822655,0.155607,0.16297499999999998,-0.867742,-0.060370999999999994,-0.04325100000000001,-0.928707,0.215978,0.206226,0.060964999999999936,0.0,0.9547116811773492,0.0,1.0,0.04528831882265083,-0.867742
601,2.504167,walk,-0.026229,-0.151522,0.955312,0.035193,0.02385,-0.638633,-0.08711303095752708,0.5932325413967158,0.03287736981042957,0.10771420160305523,0.049743502840261127,0.24619500419271706,-0.4290856731461641,1.8951283897289086,0.2733381329493768,-0.013438924886009852,0.00623950083993267,0.003599712023038591,0.154182,0.1684,-0.8667400000000001,-0.06006399999999999,-0.045697000000000015,-0.928829,0.214246,0.214097,0.06208899999999995,0.0,0.9745870768072542,0.0,1.0,0.025412923192745795,-0.8667400000000001
602,2.508333,walk,-0.026241,-0.148787,0.955089,0.035357,0.025388,-0.637765,-0.002880460873740102,0.6565050408065081,-0.05352856457035001,0.5307533438901799,0.4947584635882569,0.5478561366417745,-0.4287085933749306,1.8898223715794005,0.25804128660585146,-0.007681228996640271,0.004080652904468684,0.006481036965914188,0.152408,0.173538,-0.8654419999999999,-0.060084,-0.048414999999999986,-0.9285789999999999,0.21249200000000001,0.22195299999999998,0.063137,0.0,0.9819217098292576,0.0,1.0,0.01807829017074236,-0.8654419999999999
603,2.5125,walk,-0.026344,-0.146061,0.954934,0.035319,0.026058,-0.637231,-0.02471802255819358,0.6541876649867627,-0.037197024238062586,0.19040901034041088,0.24471840907173711,0.338102670991248,-0.4554835613150663,1.9049676025916775,0.23998080153586274,-0.0014398848092166152,0.0016798656107460568,0.0035997120230382073,0.150613,0.17875,-0.8642869999999999,-0.059987000000000006,-0.05113400000000001,-0.9284089999999999,0.2106,0.229884,0.06412200000000001,0.0,0.9929578366284086,0.0,1.0,0.007042163371591359,-0.8642869999999999
604,2.516667,walk,-0.026581,-0.143456,0.954937,0.035096,0.026097,-0.63674,-0.05687544996400574,0.6251499880009875,0.0007199424046283667,-0.07131847518199126,0.06909254131180485,0.31169935811500993,-0.5005999520038636,1.872570194384534,0.28125749940005906,-0.020398368130550903,0.008399328053757822,0.005759539236861246,0.148764,0.183948,-0.863118,-0.059835000000000006,-0.053704,-0.928388,0.208599,0.237652,0.06526999999999994,0.0,0.9620009347203754,0.0,1.0,0.0379990652796246,-0.863118
605,2.520833,walk,-0.026829,-0.140907,0.955112,0.034986,0.026096,-0.636376,-0.05952952472395378,0.6118578972635443,0.04200672107535296,-0.04157174335586749,0.02327643867147445,0.22973367350109195,-0.47599615938548834,1.8271723475755624,0.21891502640421776,-0.03240518482957094,0.0016802688430165168,0.0014402304368696345,0.147029,0.189011,-0.862381,-0.059722000000000004,-0.05624599999999999,-0.928557,0.20675100000000002,0.245257,0.06617600000000001,0.0,0.9458655590493354,0.0,1.0,0.05413444095066455,-0.862381
606,2.525,walk,-0.027239,-0.138455,0.955461,0.034747,0.025298,-0.63617,-0.09839212862971428,0.5884329253659999,0.08375329973603543,-0.33297737609571293,-0.22802483496677003,0.12896445723870972,-0.47948164146870437,1.8276937844973231,0.24214062874971345,-0.029277657787377655,0.00239980801535462,-0.0026397888168940785,0.145441,0.194175,-0.861721,-0.059434,-0.05868800000000002,-0.928917,0.204875,0.252863,0.06719600000000003,0.0,0.9508429724413929,0.0,1.0,0.04915702755860707,-0.861721
607,2.529167,walk,-0.027593,-0.135991,0.955718,0.034745,0.024731,-0.636088,-0.08495320374369536,0.5913126949843638,0.061675065994705076,-0.17430423666538178,-0.21144302070437468,0.04714588113509612,-0.4972402207823082,1.8315334773217042,0.2344612431005357,-0.007199424046076415,0.004079673626113743,0.005999520038395902,0.143723,0.199343,-0.8610009999999999,-0.05911,-0.061134999999999995,-0.929149,0.20283299999999999,0.260478,0.0681480000000001,0.0,0.9829649312542605,0.0,1.0,0.017035068745739457,-0.8610009999999999
608,2.533333,walk,-0.027894,-0.133437,0.955825,0.033934,0.025142,-0.635683,-0.07225156024964548,0.6130580892943358,0.02568410945753426,-0.17560261333832836,0.388678104825369,0.27529888875780695,-0.4416706673068027,1.7743638982238554,0.1877100336053929,-0.00048007681229048457,0.008401344215076817,0.010321651464235424,0.142184,0.204181,-0.860326,-0.058811,-0.06365399999999999,-0.9292130000000001,0.200995,0.267835,0.06888700000000003,0.0,0.9778045583186386,0.0,1.0,0.02219544168136145,-0.860326
609,2.5375,walk,-0.027833,-0.130592,0.955575,0.034551,0.026472,-0.634979,0.014638828893687266,0.6827453803695256,-0.05999520038398566,0.6342696052082526,0.2861907177545046,0.42965499482029856,-0.6683465322773761,1.8881689464841662,0.011039116870650725,0.0,0.008159347252214164,0.00551955843532453,0.13933800000000002,0.209204,-0.86003,-0.05887200000000001,-0.066465,-0.92894,0.19821,0.275669,0.06891000000000003,0.0,0.9835818128535612,0.0,1.0,0.016418187146438834,-0.86003
610,2.541667,walk,-0.028037,-0.1279,0.955573,0.034686,0.02724,-0.634482,-0.04895608351332101,0.6460283177346107,-0.00047996160305893454,0.28411586633772834,0.23014770415373356,0.30959972910104055,-0.5349172066234966,1.756419486441163,0.20134389248860832,0.004079673626110847,0.0052795776337948176,0.007199424046077182,0.137313,0.213831,-0.859189,-0.058651,-0.06913499999999997,-0.928908,0.195964,0.282966,0.06971899999999998,0.0,0.9836403797006432,0.0,1.0,0.01635962029935678,-0.859189
611,2.545833,walk,-0.028194,-0.125273,0.955401,0.035357,0.027359,-0.634219,-0.03768602976476154,0.630580892942858,-0.04128660585695062,0.28523797678662177,-0.16706093181032602,0.14607619036969446,-0.524003840614485,1.7604416706672603,0.22851656265001977,-0.010081613058089108,0.01200192030724751,0.026884301488236787,0.135287,0.218538,-0.858065,-0.058536000000000005,-0.071712,-0.9286239999999999,0.193823,0.29025,0.07055899999999993,0.0,0.9481334329632233,0.0,1.0,0.05186656703677672,-0.858065
612,2.55,walk,-0.028521,-0.122601,0.955563,0.034323,0.027635,-0.633762,-0.07847372210223562,0.6412287017038915,0.03887688984883943,-0.30003497935286744,0.4038328932552944,0.31297626646346577,-0.5142788576914062,1.742020638349012,0.2195824334053374,-0.011039116870651901,0.009359251259895673,0.016798656107512314,0.133471,0.22312500000000002,-0.8573120000000001,-0.058255,-0.07434500000000001,-0.9287160000000001,0.191726,0.29747,0.07140400000000002,0.0,0.9630446014901359,0.0,1.0,0.03695539850986407,-0.8573120000000001
613,2.554167,walk,-0.028777,-0.119872,0.955501,0.034753,0.027997,-0.633439,-0.06143508519318063,0.6549076073913677,-0.014878809695225034,0.26996029628938184,-0.005016966957277685,0.19055374648721965,-0.5975521958242991,1.7129829613629846,0.33453323734099055,0.005279577633790925,-0.004079673626107082,-0.0067194624430042095,0.131237,0.22753400000000001,-0.8558560000000001,-0.057977,-0.07709099999999999,-0.928682,0.189214,0.304625,0.07282599999999995,0.0,0.9842177268562933,0.0,1.0,0.015782273143706727,-0.8558560000000001
614,2.558333,walk,-0.029077,-0.117167,0.955703,0.034343,0.027977,-0.633108,-0.07201152184349255,0.6493038886221649,0.04848775804126715,-0.1585413922986065,0.10782989210402479,0.2164251245292379,-0.565290446471419,1.6677868458953,0.15266442630820456,-0.008641382621221138,-0.00072011521843565,0.0014402304368704673,0.129182,0.231777,-0.855422,-0.05771300000000001,-0.07979900000000001,-0.928878,0.186895,0.311576,0.07345599999999997,0.0,0.9853497892273928,0.0,1.0,0.014650210772607197,-0.855422
615,2.5625,walk,-0.02964,-0.114058,0.955346,0.03276,0.029651,-0.63187,-0.13510919126470522,0.7461003119750729,-0.08567314614829781,-0.07865221122655541,1.0678407902203002,0.8176803908707733,-0.5653947684185516,1.650347972162301,0.15814734821215187,-0.0028797696184302067,0.004559635229179773,0.01895848332133497,0.127389,0.235545,-0.854406,-0.057162000000000004,-0.082889,-0.928442,0.18455100000000002,0.318434,0.07403599999999999,0.0,0.967149013361521,0.0,1.0,0.03285098663847896,-0.854406
616,2.566667,walk,-0.029841,-0.111195,0.955366,0.032596,0.029945,-0.631786,-0.04823614110871346,0.6870650347972487,0.004799616030722562,0.028441721073736326,0.15669713472234417,0.05756383761125158,-0.5121190304775844,1.7067434605232346,0.03071754259659442,-0.009119270458362876,0.010319174466046847,0.00983921286297126,0.125456,0.239794,-0.854298,-0.056999,-0.085709,-0.928421,0.182455,0.325503,0.07412300000000005,0.0,0.971791620378357,0.0,1.0,0.02820837962164302,-0.854298
617,2.570833,walk,-0.029697,-0.108203,0.955078,0.033734,0.030859,-0.631182,0.03456553048487623,0.7181949111857722,-0.0691310609697691,0.702311113551766,-0.020909047473543618,0.3460906204960426,-0.5511281805088679,1.6296207393182505,0.11521843494958742,-0.004080652904465352,0.010321651464230993,0.0014402304368696345,0.123016,0.243591,-0.85353,-0.05716,-0.08865800000000001,-0.928127,0.180176,0.332249,0.07459700000000002,0.0,0.9813465462844106,0.0,1.0,0.018653453715589352,-0.85353
618,2.575,walk,-0.029821,-0.105431,0.95505,0.033869,0.031032,-0.630905,-0.029757619390446736,0.6652267818574101,-0.00671946244301087,0.10323289425286451,0.015754561471598493,0.16826929072546915,-0.5764338852891421,1.6160307175424957,0.12622990160786338,-0.007919366450681392,0.005999520038395902,0.005999520038396735,0.120738,0.247553,-0.852976,-0.057068999999999995,-0.09140500000000001,-0.928074,0.177807,0.338958,0.075098,0.0,0.9806562638359471,0.0,1.0,0.019343736164052938,-0.852976
619,2.579167,walk,-0.02994,-0.102595,0.954978,0.034063,0.031224,-0.630668,-0.028557715382770934,0.6805855531557765,-0.017278617710574578,0.13090776144393698,0.006138046675451405,0.14192899957701002,-0.6066714662827257,1.6129109671227049,0.11567074634029717,-0.002399808015361281,0.004799616030722562,0.004559635229182271,0.11832899999999999,0.251438,-0.852422,-0.056960000000000004,-0.09422099999999999,-0.927983,0.175289,0.345659,0.07556099999999999,0.0,0.9882638182936317,0.0,1.0,0.011736181706368254,-0.852422
620,2.583333,walk,-0.030121,-0.099732,0.955055,0.033949,0.031336,-0.630529,-0.04344695151224008,0.6872299567930692,0.018482957273161696,-0.008267539456364702,0.07218698496882897,0.08975065141942215,-0.5986557849255708,1.5976956313009634,0.1111377820451254,-0.0040806529044620215,0.005520883341333322,0.011281805088813525,0.116016,0.255231,-0.852036,-0.056796,-0.097061,-0.928013,0.172812,0.352292,0.07597699999999996,0.0,0.9779892067475167,0.0,1.0,0.02201079325248334,-0.852036
621,2.5875,walk,-0.030313,-0.096883,0.955051,0.03373,0.031644,-0.630377,-0.0460763138948908,0.6837053035757462,-0.0009599232061445124,0.012101323532911896,0.17653012208268168,0.10115209135770613,-0.6186705063595188,1.5771538276938553,0.05375569954403941,0.0019198464122856943,-0.0002399808015361281,0.02135829133669375,0.11363000000000001,0.258954,-0.851808,-0.056596,-0.099911,-0.92792,0.170226,0.358865,0.07611199999999996,0.0,0.9642570904523646,0.0,1.0,0.03574290954763537,-0.851808
622,2.591667,walk,-0.030461,-0.09405,0.954989,0.033771,0.03206,-0.63016,-0.03551715862730737,0.679865610751099,-0.014878809695225034,0.14186681516383143,0.13641939312961274,0.13432164732102136,-0.5905927525797589,1.5385169186464145,0.06575473962082548,-0.003119750419966002,0.0038396928245709792,0.013678905687544521,0.111317,0.262532,-0.851472,-0.056461,-0.10272800000000001,-0.927801,0.16777799999999998,0.36526000000000003,0.07632899999999998,0.0,0.9757565275406922,0.0,1.0,0.024243472459307802,-0.851472
623,2.595833,walk,-0.030673,-0.091138,0.955173,0.032996,0.031894,-0.630053,-0.05088814210274056,0.698991838694246,0.04416706673069793,-0.33901883841695885,0.16898509071406972,0.08777402265810108,-0.6005760921747966,1.5328852616419848,0.05472875660106194,-0.0009601536245809691,0.005040806529050088,0.00816130580892991,0.10902699999999999,0.26600599999999996,-0.8514280000000001,-0.056253000000000004,-0.10561899999999999,-0.9279510000000001,0.16527999999999998,0.371625,0.07652300000000001,0.0,0.9839325607072891,0.0,1.0,0.016067439292710928,-0.8514280000000001
624,2.6,walk,-0.030783,-0.088266,0.955066,0.032734,0.032234,-0.62977,-0.026397888168945467,0.689224862010997,-0.025677945764356308,0.006072877353731665,0.1977741199467814,0.18333433308791827,-0.6277897768178148,1.524598032157334,0.032397408207340536,0.0067194624430042095,0.018958483321332115,0.004319654427645682,0.106521,0.269487,-0.851186,-0.056115,-0.108412,-0.9278259999999999,0.162636,0.377899,0.07663999999999993,0.0,0.965712219550203,0.0,1.0,0.03428778044979697,-0.851186
625,2.604167,walk,-0.030101,-0.085776,0.953713,0.036495,0.035312,-0.62641,0.16366690664747616,0.5975521958243595,-0.3246940244780416,2.3441552350649335,-0.08144025022864892,1.970958773481221,-0.6057115430765811,1.5286777057836105,-0.029277657787377655,-0.003119750419966335,0.0026397888168907483,0.00623950083993267,0.103315,0.273367,-0.849955,-0.05681,-0.110891,-0.926447,0.16012500000000002,0.384258,0.076492,0.0,0.9875687782834038,0.0,1.0,0.012431221716596164,-0.849955
626,2.608333,walk,-0.030189,-0.082825,0.953652,0.036201,0.035941,-0.626022,-0.021123379740758248,0.7083533365338283,-0.014642342774838231,0.08074391077568314,0.3114627679136545,0.25020740237308864,-0.6406625060009438,1.489198271723432,-0.01488238118099011,0.0026404224675940524,-0.004320691310607238,0.008641382621219473,0.10073399999999999,0.27662,-0.849956,-0.056711000000000004,-0.11386,-0.92635,0.157445,0.39048,0.07639399999999996,0.0,0.9833072123179528,0.0,1.0,0.016692787682047183,-0.849956
627,2.6125,walk,-0.030229,-0.079865,0.953583,0.035531,0.036342,-0.625732,-0.009599232061435132,0.7103431725462265,-0.0165586753059995,-0.12901278477869735,0.3417936043733362,0.2007475689950292,-0.6474682025438242,1.4756419486441796,-0.041036717062634606,0.0009599232061445124,-0.0014398848092167685,0.009119270458363709,0.098076,0.27980900000000003,-0.850058,-0.056667,-0.116826,-0.9262429999999999,0.15474300000000002,0.396635,0.07618499999999995,0.0,0.9845299739174345,0.0,1.0,0.015470026082565536,-0.850058
628,2.616667,walk,-0.030353,-0.076885,0.953622,0.034851,0.036524,-0.625472,-0.02975761939044757,0.7151427885768727,0.009359251259901337,-0.19878780726272438,0.2637531912093503,0.18147452407016168,-0.618910487160989,1.4446844252458917,-0.03311735061194884,-0.0002399808015361025,0.002399808015361025,0.009119270458362737,0.09562100000000001,0.282849,-0.850235,-0.056544,-0.119796,-0.926244,0.152165,0.40264500000000003,0.076009,0.0,0.9842786625013731,0.0,1.0,0.01572133749862692,-0.850235
629,2.620833,walk,-0.030559,-0.073794,0.953552,0.034887,0.037034,-0.625511,-0.049447911665864666,0.7419587133941219,-0.016802688430151844,0.16686637904543072,0.18147672392751754,-0.023791936551171636,-0.6598655784925411,1.4301488238117686,-0.06457033125299999,-0.006961113778204621,-0.005040806529042888,0.007201152184349005,0.09307800000000001,0.28571599999999997,-0.8504339999999999,-0.056367,-0.12290799999999999,-0.926144,0.149445,0.408624,0.07571000000000006,0.0,0.98131225681849,0.0,1.0,0.018687743181510008,-0.8504339999999999
630,2.625,walk,-0.030665,-0.070876,0.953372,0.034984,0.037257,-0.625384,-0.0254379649628046,0.7002639788817224,-0.04319654427644977,0.10399655972890362,0.05053541640115678,0.07558597015912642,-0.6726661867050959,1.4132469402448462,-0.10751139908807882,-0.003359731221502463,-0.002159827213825153,0.005999520038397374,0.090381,0.288687,-0.850702,-0.056275000000000006,-0.125835,-0.925939,0.146656,0.414522,0.075237,0.0,0.9879876350550487,0.0,1.0,0.012012364944951281,-0.850702
631,2.629167,walk,-0.030761,-0.067893,0.953357,0.034655,0.037534,-0.625281,-0.023038156947444984,0.7158627309815541,-0.0035997120230352605,-0.03937749300246829,0.19904107837955326,0.0742406765486363,-0.655867530597582,1.4130069594433101,-0.15478761699064608,0.009119270458366207,-0.0026397888168974088,0.0016798656107512315,0.087744,0.291592,-0.851332,-0.056140999999999996,-0.12882900000000003,-0.925917,0.14388499999999999,0.42042100000000004,0.07458500000000001,0.0,0.9839314379436781,0.0,1.0,0.0160685620563219,-0.851332
632,2.633333,walk,-0.030789,-0.064883,0.953309,0.034046,0.037362,-0.625154,-0.006721075372059405,0.7225156024963794,-0.0115218434949704,-0.27929587170144543,0.11392793108544245,0.09671589847312782,-0.6826692270763134,1.404464714354257,-0.18050888142102306,0.004320691310607238,0.0021603456553069503,0.008401344215074257,0.084928,0.294433,-0.852036,-0.056095000000000006,-0.13183,-0.9258339999999999,0.141023,0.426263,0.07379799999999992,0.0,0.9838481123074214,0.0,1.0,0.01615188769257858,-0.852036
633,2.6375,walk,-0.030868,-0.06181,0.953149,0.033827,0.037896,-0.624958,-0.018958483321332948,0.7374610031197053,-0.03839692824572311,0.07956980797319996,0.2596018608532531,0.12822975173651768,-0.6342692584592845,1.3566114710822288,-0.18502519798415187,0.0033597312215021048,0.0007199424046083076,0.008639308855291364,0.08236399999999999,0.29701299999999997,-0.852647,-0.056002,-0.1349,-0.9256380000000001,0.138366,0.431913,0.07299100000000003,0.0,0.9845041431662986,0.0,1.0,0.01549585683370136,-0.852647
634,2.641667,walk,-0.030903,-0.058738,0.952865,0.033673,0.038682,-0.624789,-0.008399328053756157,0.7372210223182478,-0.0681545476362071,0.1795712370670582,0.3354367713536146,0.10994540112305766,-0.6633069354451953,1.3321334293257148,-0.22462203023758942,0.0004799616030722562,0.003119750419963004,0.009119270458363709,0.079635,0.299492,-0.8532989999999999,-0.055965,-0.137959,-0.9253159999999999,0.1356,0.43745100000000003,0.072017,0.0,0.9839165112687932,0.0,1.0,0.016083488731206796,-0.8532989999999999
635,2.645833,walk,-0.030688,-0.05531,0.95185,0.035753,0.041586,-0.624195,0.051608257321169956,0.82285165626498,-0.24363898223714842,1.656281351117323,0.4483516029305201,0.30068143677778686,-0.6416226596255212,1.2962073931828777,-0.2426788286125709,-0.0016802688430131857,0.0021603456553069503,0.0076812289966394385,0.07674700000000001,0.301464,-0.8532949999999999,-0.056186999999999994,-0.141378,-0.924269,0.132934,0.442842,0.07097400000000009,0.0,0.9864095953340828,0.0,1.0,0.01359040466591721,-0.8532949999999999
636,2.65,walk,-0.030735,-0.052178,0.951527,0.03551,0.042206,-0.623992,-0.011279097672186364,0.7516198704104005,-0.07751379889608279,0.09649973345554885,0.29843585372910664,0.1333649120160921,-0.6227501799856296,1.2591792656587986,-0.26181905447565595,-0.0026397888168974088,0.0038396928245713886,0.010319174466042684,0.074199,0.303579,-0.854063,-0.056151000000000006,-0.144494,-0.923903,0.13035000000000002,0.448073,0.06984000000000001,0.0,0.9811293078760337,0.0,1.0,0.018870692123966304,-0.854063
637,2.654167,walk,-0.030878,-0.04908,0.951345,0.034505,0.042569,-0.62375,-0.03431725461962852,0.743460523158103,-0.043676505879530696,-0.26610655504212644,0.4282347777056105,0.1826714436086484,-0.5845932325413612,1.231821454283582,-0.24190064794814822,-0.010319174466042417,0.004079673626113743,0.009599232061434941,0.071906,0.305614,-0.854889,-0.056051000000000004,-0.147575,-0.923681,0.12795700000000002,0.45318899999999995,0.06879199999999996,0.0,0.9755462821092176,0.0,1.0,0.024453717890782434,-0.854889
638,2.658333,walk,-0.031106,-0.045891,0.950908,0.034336,0.043418,-0.623518,-0.05472875660106111,0.7654824771964114,-0.10489678348537093,0.1932945288509798,0.3615744413648795,0.14807825038732,-0.5825732117139201,1.2177148343735948,-0.2837253960633932,-0.008401344215073487,0.0026404224675910027,0.007441190590495015,0.069707,0.307498,-0.855634,-0.055858,-0.15075300000000003,-0.923213,0.125565,0.45825099999999996,0.06757899999999994,0.0,0.9807844295750975,0.0,1.0,0.019215570424902517,-0.855634
639,2.6625,walk,-0.031271,-0.042678,0.950708,0.033794,0.043203,-0.623362,-0.03959683225341695,0.7710583153347264,-0.04799616030716722,-0.26659663965767905,0.07582259861600973,0.11402417659543806,-0.5548356131509145,1.1775857931364762,-0.3314134869210245,-0.00767938564914862,0.003119750419969333,0.005759539236860632,0.06756000000000001,0.30919199999999997,-0.856815,-0.055725000000000004,-0.153953,-0.922989,0.123285,0.463145,0.06617399999999996,0.0,0.9831775531198981,0.0,1.0,0.016822446880101927,-0.856815
640,2.666667,walk,-0.031305,-0.039503,0.950621,0.032743,0.042878,-0.623247,-0.008159347252220029,0.761939044876444,-0.02087832973360984,-0.49083274780518993,0.18769787663892828,0.10594925958068444,-0.47540196784259514,0.9738420926326353,-0.23950083993281604,-0.0021598272138218222,0.003119750419969665,0.004799616030717566,0.065613,0.310075,-0.857726,-0.0557,-0.15711499999999998,-0.9228820000000001,0.121313,0.46719,0.0651560000000001,0.0,0.9898027767506722,0.0,1.0,0.010197223249327814,-0.857726
641,2.670833,walk,-0.031296,-0.036321,0.950301,0.0322,0.04356,-0.62329,0.0021603456553052846,0.7638022083533167,-0.07681228996641604,0.0005699185900612358,0.4195881667175083,-0.008868257332263776,-0.577052328372523,1.0360057609217292,-0.348295727316363,0.002880460873739269,0.008401344215069259,0.010801728276523924,0.0632,0.311209,-0.858857,-0.055697,-0.16026200000000002,-0.9225169999999999,0.118897,0.47147100000000003,0.06365999999999994,0.0,0.9766930522265548,0.0,1.0,0.02330694777344522,-0.858857
642,2.675,walk,-0.031318,-0.033162,0.949913,0.032058,0.044261,-0.623497,-0.005279577633789822,0.758099352051871,-0.09311255099591112,0.1553027417602214,0.3123319746727417,-0.12353425584186307,-0.47828173746102537,0.9904007679386082,-0.3314134869210599,-0.003119750419966335,0.0059995200383965415,0.009359251259899837,0.061229,0.31217700000000004,-0.85985,-0.055688,-0.163396,-0.92209,0.116917,0.475573,0.06223999999999996,0.0,0.980755760781186,0.0,1.0,0.01924423921881402,-0.85985
643,2.679167,walk,-0.031309,-0.030019,0.949587,0.031978,0.044747,-0.623738,0.0021598272138232573,0.754259659227215,-0.0782337413007028,0.1137107147690981,0.21418202893573757,-0.14597404654133384,-0.48956083513315957,0.9457643388528275,-0.38972882169424083,-0.006239500839932004,0.004319654427649845,0.015118790496759472,0.059179999999999996,0.312975,-0.8611479999999999,-0.055723,-0.166521,-0.921701,0.114903,0.479496,0.06055300000000008,0.0,0.9718058018581279,0.0,1.0,0.028194198141872073,-0.8611479999999999
644,2.683333,walk,-0.031293,-0.02688,0.949214,0.031753,0.045083,-0.623802,0.0038406144983184703,0.7534805568890814,-0.08953432549206589,0.01596890017303831,0.1954585186070935,-0.03252984348337606,-0.34373499759960635,0.8485357657224949,-0.3720595295247161,-0.011761881901105624,0.0038406144983168045,0.01584253480556848,0.057732000000000006,0.313371,-0.862325,-0.055788000000000004,-0.16964400000000002,-0.921262,0.11352000000000001,0.48301499999999997,0.05893700000000002,0.0,0.9664971769578423,0.0,1.0,0.03350282304215768,-0.862325
645,2.6875,walk,-0.030966,-0.023206,0.948059,0.03415,0.048058,-0.62364,0.07847372210223562,0.8816894648428528,-0.27717782577395483,1.7934439636473596,0.39632053496335123,0.009481880748460377,-0.40244780417568465,0.8159347252220229,-0.3911687065034958,-0.016798656107512314,0.005279577633788157,0.015118790496761082,0.055728,0.313097,-0.8628,-0.056185000000000006,-0.173296,-0.920044,0.11191300000000001,0.486393,0.05724399999999996,0.0,0.9613187307352838,0.0,1.0,0.038681269264716156,-0.8628
646,2.691667,walk,-0.030949,-0.019915,0.947633,0.034171,0.048599,-0.623706,0.004079673626110014,0.7897768178546082,-0.10223182145429731,0.16969415070153895,0.19920327677286856,-0.04235026971283434,-0.375569954403665,0.7405807535397453,-0.41996640268780455,-0.01967842572594252,0.004079673626114178,0.0206383489320862,0.054146,0.312892,-0.8641239999999999,-0.056284,-0.17657,-0.9195319999999999,0.11043,0.48946199999999995,0.05540800000000001,0.0,0.9519888432355564,0.0,1.0,0.04801115676444356,-0.8641239999999999
647,2.695833,walk,-0.030941,-0.016624,0.947211,0.0341,0.048949,-0.623716,0.0019203072491600678,0.7899663946231178,-0.10129620739316152,0.07844287507818333,0.15301314767712748,-0.004428067808919293,-0.3684589534325387,0.6747479596735312,-0.4507921267402672,-0.020163226116178216,0.0040806529044620215,0.016082573211712862,0.052603,0.312412,-0.86558,-0.05637600000000001,-0.179844,-0.919043,0.108979,0.492256,0.05346300000000004,0.0,0.9564793606866003,0.0,1.0,0.04352063931339967,-0.86558
648,2.7,walk,-0.030797,-0.013308,0.94689,0.033872,0.049186,-0.623909,0.03455723542116379,0.79577633789292,-0.07703383729301563,-0.01627125240528436,0.16380243818428822,-0.11055789988972035,-0.3412526997839964,0.5769138468922176,-0.4134869210462883,-0.01943844492440432,0.003359731221505435,0.012239020878329572,0.051037,0.3115,-0.866982,-0.056601,-0.18314599999999998,-0.918671,0.10763800000000001,0.49464600000000003,0.051688999999999985,0.0,0.961308392848777,0.0,1.0,0.038691607151222995,-0.866982
649,2.704167,walk,-0.030776,-0.009955,0.946427,0.033897,0.04956,-0.624115,0.005039596832253694,0.8046556275498328,-0.11111111111111407,0.11957071921734153,0.1402210185667442,-0.12844821923618668,-0.27669786417087927,0.529877609791238,-0.45524358051358205,-0.013918886489082108,0.006959443244541054,0.01079913606911494,0.049863000000000005,0.310355,-0.8684160000000001,-0.05668000000000001,-0.18647,-0.9181630000000001,0.106543,0.49682499999999996,0.049746999999999986,0.0025300000000000322,0.9684303859520478,0.0025300000000000322,0.99747,0.03156961404795222,-0.8684160000000001
650,2.708333,walk,-0.030753,-0.006589,0.945955,0.033992,0.049931,-0.624246,0.005520883341334987,0.8079692750839913,-0.11329812770043568,0.14573679724340766,0.11558246075974964,-0.0850655884474314,-0.2294767162745973,0.47239558329332004,-0.4471915506480923,-0.015842534805567646,0.006721075372059405,0.011521843494958741,0.048884,0.30895700000000004,-0.869807,-0.056769,-0.18980799999999998,-0.917643,0.105653,0.498765,0.04783599999999999,0.021640000000000104,0.9654830299085906,0.021640000000000104,0.9783599999999999,0.034516970091409416,-0.869807
651,2.7125,walk,-0.030781,-0.003253,0.945548,0.033542,0.05028,-0.624381,-0.006719462443004926,0.8005759539237227,-0.0976721862250909,-0.06508557737524263,0.27015807659710733,-0.06724703408028276,-0.26373890088794166,0.4055675545956435,-0.45092392608593174,-0.015358771298295546,0.01103911687064857,0.017278617710583737,0.047812999999999994,0.307311,-0.871279,-0.056804999999999994,-0.193098,-0.9171640000000001,0.10461799999999999,0.500409,0.045885000000000065,0.04115000000000002,0.9573025961280469,0.04115000000000002,0.95885,0.04269740387195309,-0.871279
652,2.716667,walk,-0.030891,0.000121,0.94492,0.033834,0.05085,-0.62461,-0.026397888168944634,0.809695224382,-0.15070794336453916,0.27818644170340034,0.13485986876332967,-0.15329192298812694,-0.1799856011518962,0.32061435085191325,-0.3765298776097685,-0.016798656107510523,0.009119270458365235,0.021598272138227577,0.047173,0.305273,-0.87222,-0.056764999999999996,-0.196434,-0.916446,0.103938,0.501707,0.04422599999999999,0.057740000000000014,0.9519305681543136,0.057740000000000014,0.94226,0.04806943184568635,-0.87222
653,2.720833,walk,-0.030933,0.00349,0.944533,0.033143,0.050813,-0.624773,-0.010081613058090182,0.8086893903025124,-0.09289486317812215,-0.271735048030319,0.19843898459084186,-0.07434168073711346,-0.34757561209796356,0.5141622659625893,-0.5218434949592337,-0.01968314930388988,0.008401344215070154,0.0211233797407605,0.045767,0.304046,-0.874007,-0.056804999999999994,-0.199768,-0.915971,0.102572,0.503814,0.041964,0.08035999999999999,0.9498832994454254,0.08035999999999999,0.91964,0.05011670055457462,-0.874007
654,2.725,walk,-0.030969,0.00679,0.944267,0.031818,0.050863,-0.624775,-0.008639308855291364,0.7919366450683463,-0.06383489320853666,-0.4809031901371015,0.4148177502372269,0.047355989423935894,-0.37029037676983567,0.2992560595152201,-0.2908567314614665,-0.015598752099833342,0.010799136069117952,0.024958003359729683,0.04426,0.30199299999999996,-0.874953,-0.05683400000000001,-0.20302299999999998,-0.915601,0.101094,0.5050159999999999,0.04064800000000002,0.09351999999999999,0.947749419497758,0.09351999999999999,0.90648,0.05225058050224196,-0.874953
655,2.729167,walk,-0.030961,0.010176,0.943879,0.030908,0.050991,-0.62478,0.0019198464122873594,0.8125749940005169,-0.09311255099591112,-0.30214069046361663,0.3201730111500047,0.0297983916861112,-0.20686345092393552,0.3246940244780682,-0.2198224142068735,-0.0287976961843054,0.0019198464122823639,0.02519798416126847,0.04339,0.29996,-0.8754810000000001,-0.056962,-0.206401,-0.915108,0.100352,0.5063610000000001,0.03962699999999997,0.10373000000000004,0.9361440092090489,0.10373000000000004,0.8962699999999999,0.06385599079095106,-0.8754810000000001
656,2.733333,walk,-0.030954,0.01367,0.94338,0.030692,0.051306,-0.624868,0.0016802688430148512,0.8386941910705484,-0.11977916466634987,0.01282924390182956,0.1858563035303144,-0.047823568669531316,-0.4193470955352742,0.28684589534324745,-0.14402304368698676,-0.018482957273161696,0.013682189150264026,0.030964954392701305,0.041636,0.297661,-0.875582,-0.057046,-0.209838,-0.91448,0.09868199999999999,0.507499,0.03889799999999999,0.11102000000000001,0.9357165476181382,0.11102000000000001,0.88898,0.06428345238186184,-0.875582
657,2.7375,walk,-0.030945,0.017127,0.94285,0.030457,0.051677,-0.624887,0.002159827213822655,0.8296136309095651,-0.127189824814028,0.02344085535544544,0.21011116390526285,-0.004844115901663186,-0.29949604031678856,0.3842092632589481,-0.30045596352293263,-0.015118790496762747,0.014398848092154365,0.03287736981041708,0.040379,0.295805,-0.876304,-0.057118,-0.213235,-0.913813,0.097497,0.5090399999999999,0.037509000000000015,0.12491000000000008,0.9350892472073971,0.12491000000000008,0.8750899999999999,0.06491075279260294,-0.876304
658,2.741667,walk,-0.030963,0.02072,0.942241,0.030555,0.052071,-0.624885,-0.004319654427645682,0.8622510199183537,-0.14614830813533322,0.15525601569432598,0.11849840300030876,-0.004621641578237714,-0.3371730261578868,0.4026877849771804,-0.26109911207101644,-0.01847852171825991,0.014158867290616727,0.031677465802733895,0.038992,0.29389,-0.876783,-0.05717699999999999,-0.216769,-0.913072,0.09616899999999999,0.510659,0.036289000000000016,0.13711,0.9344808949082434,0.13711,0.8628899999999999,0.06551910509175662,-0.876783
659,2.745833,walk,-0.030954,0.024316,0.941648,0.030632,0.052526,-0.6249,0.0021603456553052846,0.8631781084973364,-0.14234277484396027,0.1655700372724702,0.14829570278187443,-0.014655469381390342,-0.2767642822851579,0.38742198751799334,-0.3161305808929339,-0.018722995679310246,0.012481997119537944,0.03432549207873184,0.03783,0.291908,-0.877507,-0.05726400000000001,-0.220313,-0.912336,0.09509400000000001,0.512221,0.034829,0.15171,0.9315937335199409,0.15171,0.84829,0.0684062664800591,-0.877507
660,2.75,walk,-0.03093,0.027926,0.941069,0.030789,0.052836,-0.624959,0.005759539236861246,0.8663306935445557,-0.13894888408927827,0.15122871238665556,0.07145099372642195,-0.043635666471898184,-0.30117590592753957,0.35973122150228964,-0.3081353491720821,-0.020638348932083703,0.014638828893690491,0.036477081833454834,0.036551,0.28979699999999997,-0.878212,-0.057373999999999994,-0.223862,-0.911605,0.093925,0.513659,0.033393000000000006,0.1660700000000001,0.9260102436311892,0.1660700000000001,0.8339299999999998,0.07398975636881078,-0.878212
661,2.754167,walk,-0.030694,0.031815,0.940011,0.033091,0.053923,-0.624976,0.056635469162469615,0.9332853371730696,-0.2538996880249704,1.1882030359072493,-0.2795758106469034,-0.10355599744546184,-0.26925845932326636,0.296856251499904,-0.32541396688266333,-0.023758099352053367,0.01751859851211737,0.04319654427645976,0.035193,0.28714500000000004,-0.87851,-0.057708999999999996,-0.22767800000000002,-0.910367,0.092902,0.514823,0.031857000000000024,0.18143000000000004,0.912801471468854,0.18143000000000004,0.81857,0.08719852853114596,-0.87851
662,2.758333,walk,-0.030681,0.035483,0.939358,0.033774,0.054113,-0.625066,0.003120499279884486,0.8804608737397737,-0.15674507921267325,0.3116293331022489,-0.12954627874222865,-0.08278504125484093,-0.2546807489198203,0.2707633221315246,-0.3113298127700346,-0.024963994239079218,0.020403264522323432,0.04032645223235643,0.034119,0.284605,-0.879154,-0.057826,-0.231261,-0.9095460000000001,0.091945,0.5158659999999999,0.030392000000000086,0.19608000000000003,0.9139490305886937,0.19608000000000003,0.80392,0.0860509694113063,-0.879154
663,2.7625,walk,-0.03069,0.039176,0.938773,0.034501,0.054106,-0.625197,-0.0021598272138224246,0.8862491000719407,-0.14038876889849342,0.2681741118637641,-0.21503772896102533,-0.10901062685287334,-0.24838012958961767,0.24478041756658478,-0.31749460043194555,-0.023758099352050838,0.026157907367408532,0.0410367170626319,0.033093,0.281932,-0.879892,-0.05791600000000001,-0.23484500000000003,-0.90879,0.091009,0.516777,0.02889799999999998,0.21101999999999999,0.9097427203621911,0.21101999999999999,0.78898,0.09025727963780894,-0.879892
664,2.766667,walk,-0.030693,0.042808,0.938256,0.034772,0.054176,-0.625158,-0.0007199424046083842,0.8716102711783447,-0.12407007439405167,0.12294062503265062,-0.056221680942717865,0.013182358290484704,-0.2279817614590937,0.21142308615312236,-0.28821694264460174,-0.023758099352053367,0.033117350611952374,0.0460763138948908,0.032146,0.279181,-0.880576,-0.05801200000000001,-0.23833900000000002,-0.908081,0.090158,0.51752,0.027505,0.22494999999999998,0.8974731349770335,0.22494999999999998,0.77505,0.10252686502296648,-0.880576
665,2.770833,walk,-0.030692,0.046474,0.937727,0.035229,0.05432,-0.625102,0.0002400384061452167,0.8799807969274849,-0.12698031685069305,0.21509472165257715,-0.0846827260504241,0.01563127123078689,-0.15890542486797454,0.20379260681708244,-0.27580412866057913,-0.02832453192510559,0.030004800768125436,0.049927988478155105,0.031483,0.276364,-0.881196,-0.058131,-0.24187999999999998,-0.9073439999999999,0.089614,0.518244,0.02614799999999995,0.23852000000000007,0.8920471912337771,0.23852000000000007,0.7614799999999999,0.10795280876622293,-0.881196
666,2.775,walk,-0.030697,0.050152,0.937316,0.035392,0.054559,-0.624991,-0.0011999040076789752,0.8826493880489965,-0.0986321094312354,0.1343552667857566,0.03675260956718408,0.06073383736750127,-0.16054715622750912,0.15142788576914362,-0.28581713462924213,-0.03359731221502463,0.028077753779700343,0.060715142788579625,0.030819,0.27331700000000003,-0.8819760000000001,-0.058266,-0.245441,-0.90668,0.089085,0.518758,0.024703999999999948,0.25296,0.875239471506132,0.25296,0.7470399999999999,0.12476052849386798,-0.8819760000000001
667,2.779167,walk,-0.0307,0.053883,0.936804,0.036133,0.054641,-0.624991,-0.0007199424046083076,0.8953683705303026,-0.12287017038637792,0.30192790725845947,-0.19064135266453644,-0.029709971042223244,-0.1991840652747659,0.20038396928243912,-0.34605231581471346,-0.04415646748259957,0.03359731221502105,0.07247420206383053,0.029992,0.27042099999999997,-0.882906,-0.058447,-0.24903199999999998,-0.905866,0.088439,0.5194529999999999,0.02295999999999998,0.2704,0.8478753894061004,0.2704,0.7296,0.1521246105938996,-0.882906
668,2.783333,walk,-0.030772,0.057619,0.936354,0.036594,0.054473,-0.624989,-0.017282765242439956,0.8967834853577273,-0.1080172827652391,0.12194040913601085,-0.20088301664192526,-0.01666057946357951,-0.19275084013443677,0.17138742198752976,-0.26068170907347327,-0.04824771963514373,0.03648583773403685,0.07921267402785,0.029261000000000002,0.267399,-0.883542,-0.058575999999999996,-0.252616,-0.9050860000000001,0.087837,0.520015,0.021544000000000008,0.28456000000000004,0.8338866975375916,0.28456000000000004,0.71544,0.1661133024624084,-0.883542
669,2.7875,walk,-0.030903,0.061365,0.935899,0.037141,0.054604,-0.624963,-0.03143748500119779,0.8989680825533425,-0.1091912646988134,0.2444607847338963,-0.11523981571561248,-0.006792945323588877,-0.16366690664745825,0.16534677225822142,-0.26277897768176917,-0.062395008399323375,0.04079673626109746,0.08303335733140987,0.02871,0.264342,-0.884182,-0.05870499999999999,-0.256192,-0.904285,0.08741499999999999,0.520534,0.020102999999999982,0.29897000000000007,0.8140187495080726,0.29897000000000007,0.7010299999999999,0.18598125049192737,-0.884182
670,2.791667,walk,-0.030933,0.064986,0.935715,0.036776,0.054424,-0.624803,-0.00719942404607635,0.8689704823614506,-0.04415646748262093,-0.18890305136358698,0.03526412737655176,0.11378503767166516,-0.16222702183826032,0.168946484281261,-0.2913366930645681,-0.06695464362851312,0.04559635229181771,0.08135349172066583,0.028064,0.261425,-0.885212,-0.05895399999999999,-0.259623,-0.903762,0.087018,0.521048,0.018549999999999955,0.3145,0.8086572137868997,0.3145,0.6855,0.1913427862131003,-0.885212
671,2.795833,walk,-0.030752,0.068985,0.934949,0.039237,0.054242,-0.624779,0.04344695151224008,0.9599135861737621,-0.1838694191070361,0.8668083866257061,-0.8042628550678442,-0.08524531250752745,-0.1557849255880898,0.13970235237636955,-0.26908305328851806,-0.0712914066250594,0.03720595295247527,0.0840134421507409,0.027234,0.25800799999999996,-0.885567,-0.059432,-0.263467,-0.9026460000000001,0.086666,0.5214749999999999,0.017079000000000066,0.32921,0.806171567447328,0.32921,0.67079,0.19382843255267201,-0.885567
672,2.8,walk,-0.030654,0.072789,0.934654,0.040282,0.054168,-0.624762,0.02351811855051724,0.9128869690425188,-0.07079433645309784,0.3690690861496909,-0.3404288965592266,-0.03244741710535338,-0.1130309575234034,0.11831053515719792,-0.23662107031438584,-0.06191504679625777,0.05087592992560587,0.12119030477562312,0.026665,0.254697,-0.886258,-0.059787999999999994,-0.267059,-0.901846,0.08645299999999999,0.521756,0.015588000000000046,0.3646442706740184,0.7578514962237568,0.3646442706740184,0.6353557293259816,0.2421485037762432,-0.886258
673,2.804167,walk,-0.030657,0.076546,0.934363,0.040716,0.053899,-0.624664,-0.0007199424046074749,0.9016078713702346,-0.06983441324691925,0.08249186574764564,-0.23439207291989456,0.042294726593791104,-0.0729541636669021,0.1454283657307316,-0.2678185745140223,-0.08495320374369703,0.06503479721621717,0.11015118790496115,0.026364,0.251546,-0.8870830000000001,-0.060139,-0.27054500000000004,-0.901096,0.086503,0.522091,0.014012999999999942,0.35986999999999997,0.7440711043183053,0.35986999999999997,0.6401300000000001,0.25592889568169475,-0.8870830000000001
674,2.808333,walk,-0.030653,0.080373,0.934026,0.041668,0.05334,-0.624646,0.0009601536245800339,0.9186269803168249,-0.08089294287086474,0.18832683185665894,-0.4946992304528638,-0.027937953248606852,-0.04224675948151587,0.15482477196351152,-0.298127700432061,-0.09049447911665674,0.06192990878540594,0.13754200672107258,0.026184,0.248364,-0.887988,-0.060520000000000004,-0.27411399999999997,-0.900186,0.086704,0.522478,0.012198000000000042,0.37802,0.7068259525013658,0.37802,0.62198,0.2931740474986342,-0.887988
675,2.8125,walk,-0.030654,0.084207,0.933712,0.042621,0.052841,-0.624669,-0.0002399808015361281,0.9200863930885959,-0.07535397168227762,0.20637365002422073,-0.47065800337181457,-0.053758550025250734,-0.014638828893689244,0.09863210943124873,-0.28677705783538665,-0.08063354931605578,0.06479481641468797,0.1478281737461067,0.026124,0.244941,-0.888869,-0.06085499999999999,-0.277678,-0.8992559999999999,0.08697899999999999,0.522619,0.010386999999999924,0.39613,0.6992910854579215,0.39613,0.60387,0.3007089145420785,-0.888869
676,2.816667,walk,-0.030715,0.088024,0.93343,0.043556,0.052415,-0.62464,-0.014638828893688827,0.916006719462485,-0.06767458603312151,0.2221012920462948,-0.4400065517643081,-0.021299806409631142,-0.09383249340053221,0.07343412526998859,-0.24310055195585464,-0.08255339572834813,0.06983441324694667,0.16822654187665761,0.025793999999999997,0.24143000000000003,-0.8896,-0.061138000000000005,-0.281204,-0.898273,0.08693200000000001,0.522634,0.008673000000000042,0.46205255447323873,0.6666996774195422,0.46205255447323873,0.5379474455267612,0.33330032258045783,-0.8896
677,2.820833,walk,-0.030783,0.09179,0.933241,0.043946,0.051919,-0.624573,-0.01632261161785891,0.90398463754198,-0.04536725876139932,-0.0027378584956716263,-0.30520293013765176,0.024029243477339476,-0.12578012481996778,0.06961113778203289,-0.12602016322611218,-0.08665386461833662,0.07777244359097026,0.14522323571771117,0.025338,0.237954,-0.889936,-0.061431,-0.284646,-0.897479,0.086769,0.5226,0.007543000000000077,0.6059469562521507,0.6897705444722964,0.6059469562521507,0.39405304374784933,0.31022945552770365,-0.889936
678,2.825,walk,-0.030865,0.095593,0.933014,0.044724,0.051474,-0.624618,-0.019678425725940425,0.9126469882408853,-0.05447564194863532,0.1570687294725029,-0.397169351860081,-0.06086499630242109,-0.15358771298295198,0.10103191744659924,-0.15238780897527357,-0.08975281977441242,0.09239260859130621,0.16966642668585463,0.02478,0.234572,-0.890344,-0.061723,-0.288064,-0.896545,0.086503,0.522636,0.006201000000000012,0.5400135969915547,0.6449622120107379,0.5400135969915547,0.4599864030084453,0.3550377879892621,-0.890344
679,2.829167,walk,-0.030933,0.099448,0.932769,0.045744,0.050757,-0.624765,-0.016318694504440057,0.9251259899208479,-0.058795296376304755,0.16503847209051886,-0.5671630163019968,-0.13415147781358436,-0.1449484041276763,0.09599232061435799,-0.14734821214303445,-0.10991120710343676,0.09671226301896636,0.18502519798416991,0.024243999999999998,0.23111700000000002,-0.890713,-0.062113,-0.291516,-0.8955289999999999,0.086357,0.522633,0.0048159999999999314,0.5720152556995729,0.6067653402219767,0.5720152556995729,0.4279847443004271,0.3932346597780233,-0.890713
680,2.833333,walk,-0.031047,0.103285,0.932511,0.046679,0.049737,-0.625062,-0.027364378300528052,0.921027364378277,-0.06192990878539928,0.04099859462780112,-0.6492175921647316,-0.22477185882406914,-0.1195391262601984,0.014162265962547797,-0.09433509361497688,-0.11353816610657423,0.12481997119538608,0.16178588574171449,0.023860000000000003,0.22733899999999996,-0.890848,-0.062472,-0.294833,-0.894597,0.086332,0.522172,0.0037490000000000023,0.7076174171146248,0.6103933137220587,0.6103933137220587,0.2923825828853752,0.38960668627794126,-0.890848
681,2.8375,walk,-0.031134,0.106993,0.932461,0.046978,0.049363,-0.625097,-0.020878329733621494,0.8898488120950737,-0.011999040076793083,-0.0009541319345154239,-0.2279739945559991,-0.0351794018625627,-0.11135109191265208,0.036237101031922035,-0.14542836573074708,-0.09743220542356809,0.10151187904968227,0.20014398848092935,0.023482999999999997,0.22378199999999998,-0.891404,-0.062791,-0.298118,-0.893713,0.08627399999999999,0.5219,0.0023090000000000055,0.6657222988699694,0.5922442439708951,0.5922442439708951,0.33427770113003064,0.40775575602910485,-0.891404
682,2.841667,walk,-0.031256,0.110776,0.932267,0.047616,0.048618,-0.625338,-0.029277657787375365,0.9078473722101666,-0.04655627549796392,0.013070270484753527,-0.4596093951737501,-0.17765967253610235,-0.05207583393328221,0.05687544996399635,-0.15838732901366948,-0.10439164866810136,0.12455003599711065,0.20998320134387988,0.023388,0.220236,-0.8918699999999999,-0.063104,-0.301382,-0.892644,0.086492,0.5216179999999999,0.0007740000000000524,0.6986556967440974,0.5574591273579911,0.5574591273579911,0.30134430325590256,0.4425408726420089,-0.8918699999999999
683,2.845833,walk,-0.03139,0.114597,0.932035,0.048687,0.047995,-0.625794,-0.03216514642343082,0.9171867498800547,-0.05568891022564291,0.21103233718738837,-0.5344104349157792,-0.3277021273491369,-0.0343254920787355,0.05976956313011869,-0.14858377340375672,-0.08761401824292682,0.12626020163227086,0.20499279884783203,0.023379,0.21666400000000002,-0.892257,-0.063335,-0.304677,-0.891558,0.086714,0.521341,0.0006990000000000052,0.7270135442812862,0.566005243689119,0.566005243689119,0.2729864557187138,0.433994756310881,-0.891558
684,2.85,walk,-0.031529,0.11837,0.931872,0.049462,0.047494,-0.626108,-0.033357331413484945,0.9054475641948089,-0.039116870650324764,0.1376599701720094,-0.4060083649764968,-0.22835525296693387,-0.013918886489079792,0.06647468202542713,-0.16462682985360147,-0.08999280057594852,0.1286297096232244,0.23110151187903527,0.02346,0.213168,-0.89278,-0.063571,-0.307914,-0.890432,0.087031,0.521082,0.0023480000000000167,0.7031900539855129,0.5108895577617572,0.5108895577617572,0.29680994601448707,0.48911044223824285,-0.890432
685,2.854167,walk,-0.031695,0.122016,0.931739,0.049402,0.046734,-0.626337,-0.0398368130549573,0.8749700023998471,-0.031917446604285055,-0.25279250119119,-0.25680148974640543,-0.14231229889387978,-0.00047996160307183986,0.06215502759779723,-0.1624670026397972,-0.08615310775138339,0.13438924886009185,0.2858171346292438,0.023624,0.209781,-0.893324,-0.063764,-0.311,-0.889108,0.08738800000000001,0.520781,0.0042159999999999975,0.7100814062266634,0.45783999999999997,0.45783999999999997,0.2899185937733366,0.54216,-0.889108
686,2.858333,walk,-0.031864,0.125768,0.931638,0.049725,0.046183,-0.626763,-0.040566490638501644,0.9006240998559503,-0.024243879020646897,-0.04694346123137961,-0.28499373761772134,-0.27896442116589737,-0.008641382621219057,0.05568891022563697,-0.13418146903504122,-0.06192990878540261,0.14738358137301646,0.26116178588573424,0.023757000000000004,0.20626100000000003,-0.893782,-0.063853,-0.31413800000000003,-0.887919,0.08761,0.5203990000000001,0.005862999999999952,0.7574407583924251,0.44137,0.44137,0.24255924160757492,0.55863,-0.887919
687,2.8625,walk,-0.03208,0.129472,0.931545,0.049918,0.045649,-0.627222,-0.05183585313175038,0.8888888888889326,-0.02231821454283993,-0.09050650005731603,-0.23825405608757294,-0.2939216203746337,-0.02351811855051724,0.05087592992560587,-0.134629229661633,-0.07871370290377341,0.1636669066474795,0.2733381329493768,0.023874999999999997,0.202769,-0.89425,-0.06396500000000001,-0.31716,-0.886687,0.08784,0.519929,0.007562999999999986,0.7569494129859424,0.42437,0.42437,0.24305058701405757,0.57563,-0.886687
688,2.866667,walk,-0.032305,0.133193,0.931515,0.049767,0.045197,-0.627729,-0.05399568034556978,0.8929685625149449,-0.007199424046069754,-0.1944753910724856,-0.1025483317564011,-0.3086170448427248,-0.02927765778737495,0.04847612191023942,-0.1341492680585481,-0.09575233981280833,0.18070554355650534,0.25341972642187116,0.023978,0.19924999999999998,-0.894779,-0.064139,-0.32012799999999997,-0.885601,0.088117,0.519378,0.00917800000000002,0.7573116896006593,0.4082199999999999,0.4082199999999999,0.2426883103993407,0.5917800000000001,-0.885601
689,2.870833,walk,-0.03259,0.136929,0.931448,0.049959,0.045229,-0.628342,-0.06841094575131847,0.8967834853576301,-0.016082573211696205,0.08003506522318336,-0.02021331926699799,-0.38562202027616077,-0.0028804608737396853,0.052328372539603936,-0.1298607777244323,-0.09289486317810558,0.1915506481036897,0.24027844455112038,0.024251,0.195732,-0.8952530000000001,-0.06424099999999999,-0.32306599999999996,-0.884533,0.088492,0.518798,0.010720000000000063,0.766604905681594,0.3928,0.3928,0.233395094318406,0.6072,-0.884533
690,2.875,walk,-0.032885,0.140682,0.931358,0.050147,0.044626,-0.629055,-0.07079433645308618,0.9006479481641895,-0.021598272138238207,-0.1140671240531394,-0.2518325123621554,-0.4514378411063353,0.01943844492440681,0.05567554595632843,-0.12359011279098107,-0.09623230141589079,0.2059035277177914,0.2522198224142192,0.024626999999999996,0.192211,-0.895678,-0.064347,-0.325961,-0.8833920000000001,0.088974,0.518172,0.012285999999999908,0.7717692716039932,0.37714000000000003,0.37714000000000003,0.22823072839600678,0.62286,-0.8833920000000001
691,2.879167,walk,-0.033174,0.14451,0.931083,0.051149,0.043564,-0.629978,-0.06935445164387274,0.9186465082793791,-0.06599472042237528,0.050238023029132946,-0.6588742958016759,-0.6183641844923781,0.037437005039598514,0.058555315574761964,-0.12934965202784482,-0.09239260859131607,0.2114230861531157,0.25101991840653853,0.025072000000000004,0.18862700000000002,-0.895942,-0.064443,-0.328908,-0.882071,0.089515,0.5175350000000001,0.013870999999999967,0.755268929865412,0.36129,0.36129,0.24473107013458795,0.63871,-0.882071
692,2.883333,walk,-0.03351,0.148171,0.930998,0.051074,0.042742,-0.63075,-0.0806529044647112,0.8787806048967588,-0.020403264522323432,-0.2784143118887067,-0.2515924455386972,-0.48017380639419077,0.04152664426308084,0.06289006240998014,-0.1272203552568366,-0.09409505520883167,0.22971675468074584,0.2537205952952409,0.025581,0.185228,-0.896387,-0.064499,-0.331612,-0.880929,0.09008,0.51684,0.015458000000000083,0.7535550493892118,0.34542,0.34542,0.2464449506107882,0.6545799999999999,-0.880929
693,2.8875,walk,-0.033862,0.151723,0.931122,0.050339,0.04258,-0.631234,-0.08447324214062482,0.8524118070553836,0.029757619390450067,-0.32342262387412957,0.18119603785709723,-0.27081529314369274,0.0698344132469361,0.08687305015597586,-0.15190784737220137,-0.10199184065274032,0.2327813774897863,0.24694024478040136,0.026224000000000004,0.18203799999999998,-0.897144,-0.06457199999999999,-0.334194,-0.880024,0.09079599999999999,0.516232,0.017120000000000024,0.685976972667597,0.32880000000000004,0.32880000000000004,0.31402302733240295,0.6712,-0.880024
694,2.891667,walk,-0.034275,0.155449,0.930992,0.050713,0.042391,-0.632071,-0.09911207103432099,0.8941684665227208,-0.031197504199656688,0.08121693377550813,-0.1489240299694069,-0.5341305857843879,0.011519078473722492,0.10031197504200828,-0.11183105351572412,-0.09671226301896303,0.2440604751619958,0.23662107031438584,0.026685,0.17873,-0.89748,-0.064562,-0.336903,-0.878908,0.091247,0.515633,0.018572000000000033,0.7488837916413718,0.31428,0.31428,0.25111620835862825,0.68572,-0.878908
695,2.895833,walk,-0.034671,0.159218,0.930818,0.051467,0.041878,-0.633096,-0.09505520883341087,0.9047047527604156,-0.04176668266922773,0.12396340178906531,-0.37642729212548426,-0.6696328778160718,0.018963034085453172,0.09097455592895051,-0.12938070091214188,-0.09889582333173266,0.2508401344214983,0.2318771003360478,0.02716,0.17534000000000002,-0.897845,-0.064578,-0.339627,-0.877768,0.091738,0.5149670000000001,0.02007700000000001,0.7345060564788252,0.29923,0.29923,0.26549394352117484,0.70077,-0.877768
696,2.9,walk,-0.035076,0.162766,0.930845,0.051234,0.042012,-0.633594,-0.09719222462203529,0.8514518838493299,0.006479481641468798,-0.04563348202942123,0.14076275357030676,-0.2981940264685682,0.0043196544276461425,0.09527237820974294,-0.13798896088313545,-0.10415166786657301,0.2630189584833366,0.21406287497001145,0.027583000000000003,0.172189,-0.898447,-0.064607,-0.342079,-0.876903,0.09219,0.514268,0.021544000000000008,0.7204346687876076,0.28456000000000004,0.28456000000000004,0.27956533121239235,0.71544,-0.876903
697,2.904167,walk,-0.035496,0.16639,0.930727,0.05128,0.041503,-0.634293,-0.10079193664506148,0.8696904247659696,-0.028317734581246774,-0.1383389874377742,-0.17402217241978352,-0.4393054793840905,-0.01655867530597463,0.10367170626348972,-0.04655627549795726,-0.10823134149267566,0.2860571154307478,0.18262538996879252,0.027934,0.16899699999999998,-0.898523,-0.064638,-0.344511,-0.8760239999999999,0.092572,0.513508,0.022499000000000047,0.8085907584104901,0.27501000000000003,0.27501000000000003,0.1914092415895099,0.72499,-0.8760239999999999
698,2.908333,walk,-0.035925,0.17002,0.930579,0.05125,0.040973,-0.635095,-0.10297647623620566,0.8713394143063566,-0.035525684109442554,-0.1729290806305722,-0.15453721009118462,-0.5011672293973355,-0.05040806529045049,0.04464714354297509,-0.05688910225636579,-0.11737878060490688,0.29956793086896255,0.16442630820932605,0.028152999999999997,0.165553,-0.8986120000000001,-0.064698,-0.346893,-0.875191,0.092851,0.512446,0.023421000000000025,0.8530806114034659,0.26579,0.26579,0.14691938859653408,0.73421,-0.875191
699,2.9125,walk,-0.036467,0.173709,0.930447,0.050881,0.039873,-0.636076,-0.13006959443243768,0.8852891768657963,-0.03167746580273889,-0.4729961094461561,-0.25541243668404046,-0.6040914527994454,-0.04799616030717242,0.026877849772016838,-0.04607631389488672,-0.13606911447083359,0.32277417806573816,0.12383009359250567,0.028495,0.161976,-0.898672,-0.064723,-0.349237,-0.8745430000000001,0.093218,0.511213,0.024128999999999956,0.880404885426575,0.25871,0.25871,0.11959511457342498,0.74129,-0.8745430000000001
700,2.916667,walk,-0.036965,0.177128,0.930491,0.050124,0.039779,-0.63658,-0.11951043916487189,0.8204943604512026,0.010559155267562993,-0.30884830384370576,0.21567059548116221,-0.28463037705156846,-0.04487640988721099,0.01583873290137113,-0.03695704343652543,-0.13630909527238422,0.3602111831053686,0.09887209023278486,0.028806,0.15862300000000001,-0.89887,-0.064793,-0.351155,-0.8741749999999999,0.093599,0.5097780000000001,0.024695000000000022,0.8995761664541622,0.25305000000000005,0.25305000000000005,0.10042383354583784,0.74695,-0.8741749999999999
701,2.920833,walk,-0.03745,0.180607,0.930388,0.050519,0.039228,-0.637308,-0.1164186269803135,0.8350936149783694,-0.024723955832924006,-0.022089559011355456,-0.2950185451626649,-0.4730779383902059,-0.03360537686029703,0.006721075372052743,-0.024723955832934002,-0.1509841574651914,0.3840614498319603,0.09625540086413528,0.029150999999999996,0.155172,-0.89887,-0.06493700000000001,-0.35303399999999996,-0.873671,0.094088,0.5082059999999999,0.02519899999999997,0.9295694155744609,0.24801,0.24801,0.07043058442553907,0.7519899999999999,-0.873671
702,2.925,walk,-0.037846,0.184098,0.930247,0.053583,0.037602,-0.63789,-0.0950323974082118,0.8377729781617905,-0.033837293016547434,0.6358172858096022,-1.5109553264380093,-0.49822219963008435,-0.046796256299497935,0.012718982481408127,-0.005279577633788157,-0.1761459083273415,0.41492680585555247,0.07103431725462397,0.029351999999999996,0.151734,-0.8987510000000001,-0.065275,-0.354796,-0.8732340000000001,0.094627,0.50653,0.025517000000000012,0.9186991858213198,0.24483000000000005,0.24483000000000005,0.08130081417868018,0.7551699999999999,-0.8732340000000001
703,2.929167,walk,-0.038314,0.187432,0.930096,0.053686,0.037492,-0.638096,-0.11231101511878441,0.8000959923205598,-0.03623710103191818,0.0049620262996188155,-0.06364502026446982,-0.13321631716295634,-0.04007679385648916,0.01559875209982668,0.009119270458361904,-0.18862491000718673,0.4576433885288879,0.06791456683464873,0.029653,0.148465,-0.8985620000000001,-0.065593,-0.35622299999999996,-0.8728,0.095246,0.504688,0.025762000000000063,0.9267304905279274,0.24238000000000004,0.24238000000000004,0.07326950947207256,0.75762,-0.8728
704,2.933333,walk,-0.038765,0.190711,0.930013,0.053796,0.037017,-0.63849,-0.10825732117138447,0.7870859337493793,-0.019923187710046322,-0.10402069791980932,-0.192850613263993,-0.2552150147632794,-0.02712433989438242,0.014642342774838231,0.00984157465194389,-0.1944311089774323,0.4800768122899537,0.04128660585693563,0.029991,0.145247,-0.898438,-0.06595200000000001,-0.357502,-0.872545,0.095943,0.502749,0.025892999999999944,0.9460714307761433,0.24107,0.24107,0.05392856922385669,0.75893,-0.872545
705,2.9375,walk,-0.039237,0.193968,0.930075,0.053904,0.036669,-0.638876,-0.11327093832493923,0.7816174706023898,0.014878809695226619,-0.06569633260913722,-0.14567205201566885,-0.24858816773254805,-0.010079193664506972,0.015598752099841665,0.003839692824574719,-0.22486201103912556,0.5423566114711033,0.066714662826977,0.030421000000000004,0.14205500000000001,-0.898484,-0.066417,-0.358499,-0.872329,0.096838,0.500554,0.02615499999999993,0.968392403647486,0.23845000000000005,0.23845000000000005,0.03160759635251398,0.76155,-0.872329
706,2.941667,walk,-0.039775,0.19724,0.930247,0.053943,0.03557,-0.639408,-0.12910967122630704,0.7852171826254252,0.04127669786418739,-0.3217879014743938,-0.39557734148907225,-0.3459693686150665,0.008159347252220029,0.018958483321334138,-0.0079193664506839,-0.23614110871131358,0.5968322534197578,0.11327093832493923,0.030993,0.138862,-0.8986890000000001,-0.066863,-0.359284,-0.872029,0.097856,0.498146,0.026660000000000017,0.9631551525384321,0.23340000000000005,0.23340000000000005,0.03684484746156791,0.7666,-0.872029
707,2.945833,walk,-0.040321,0.200241,0.930583,0.053542,0.035747,-0.63948,-0.13106096975515838,0.7203552568410757,0.08065290446471286,-0.09332671741230783,0.19076003775712064,-0.027636541451318136,0.018722995679308164,0.01968314930388112,-0.009121459433509905,-0.24195871339413857,0.6418626980316632,0.11305808929428379,0.031617000000000006,0.13594299999999998,-0.8990630000000001,-0.067325,-0.359611,-0.8718940000000001,0.098942,0.495554,0.027169,0.952239662086988,0.22831,0.22831,0.04776033791301204,0.77169,-0.8718940000000001
708,2.95,walk,-0.040713,0.203606,0.930974,0.05083,0.035722,-0.638779,-0.09407247420205726,0.807535397168179,0.09383249340050284,-1.0126685823569745,0.7919491239355169,0.540287644322575,0.022798176145906842,0.01847852171825991,-0.003119750419966002,-0.2502999760019018,0.709623230141549,0.05015598752099547,0.032104,0.13265499999999997,-0.899467,-0.067976,-0.360019,-0.872076,0.10007999999999999,0.49267399999999995,0.027391000000000054,0.950813691969691,0.22609,0.22609,0.04918630803030899,0.77391,-0.872076
709,2.954167,walk,-0.041134,0.206956,0.931159,0.052411,0.0357,-0.639095,-0.10103191744660835,0.8039356851452232,0.04439644828413707,0.5787615020085781,-0.4787797569181158,-0.2570856056132121,0.015118790496761082,0.018958483321334138,0.0007199424046083842,-0.28293736501081196,0.8089752819774751,0.022318214542838263,0.032588,0.12938399999999997,-0.8996489999999999,-0.06873399999999999,-0.35999800000000004,-0.8721679999999999,0.101322,0.489382,0.027480999999999978,0.9595676067368073,0.22519000000000006,0.22519000000000006,0.0404323932631927,0.77481,-0.8721679999999999
710,2.958333,walk,-0.041671,0.210049,0.931613,0.053008,0.035286,-0.639244,-0.12890062409985312,0.7424387902064157,0.1089774363898351,0.0937845759410783,-0.3292621611350069,-0.12027306485481974,0.006961113778204205,0.014642342774851555,0.005040806529044554,-0.2722035525684059,0.873739798367716,-0.014642342774843227,0.033154,0.126352,-0.900082,-0.069331,-0.359451,-0.872683,0.102485,0.485803,0.027399000000000062,0.9717027171783122,0.22601000000000004,0.22601000000000004,0.028297282821687753,0.77399,-0.872683
711,2.9625,walk,-0.042218,0.213181,0.932108,0.05417,0.034499,-0.639674,-0.13126949844013053,0.7516198704104005,0.11879049676027018,0.1889469878579335,-0.6282122816620793,-0.3218192112816547,0.002879769618430623,0.012718982481394806,0.0016798656107495662,-0.27117830573555163,0.9604031677466255,-0.03743700503959935,0.033713,0.12327299999999997,-0.9005700000000001,-0.069914,-0.35858100000000004,-0.873334,0.103627,0.481854,0.027236000000000038,0.9780855491051983,0.22764,0.22764,0.021914450894801707,0.7723599999999999,-0.873334
712,2.966667,walk,-0.042843,0.216133,0.93274,0.054708,0.034195,-0.639928,-0.14998800095991421,0.7084233261338619,0.15166786657065692,0.106407732904688,-0.2664077314522618,-0.18295384259260603,0.0035997120230382073,0.006959443244540312,0.00095992320614441,-0.2848572114230706,1.0367170626349238,-0.059035277177822934,0.034353,0.12034999999999998,-0.901198,-0.07047600000000001,-0.357213,-0.874212,0.104829,0.47756299999999996,0.026986000000000065,0.9868435451536688,0.23014000000000007,0.23014000000000007,0.013156454846331211,0.76986,-0.874212
713,2.970833,walk,-0.043487,0.219069,0.933497,0.054246,0.033931,-0.640204,-0.15458473355738112,0.7047527604417317,0.1817090734517685,-0.2505579527253607,0.05520405803761483,-0.15825769503785866,0.008881421027364804,0.00528084493519533,0.0019203072491602725,-0.2789246279404917,1.0895343254921688,-0.01944311089774464,0.035033999999999996,0.11743599999999998,-0.901947,-0.070994,-0.35561,-0.87505,0.106028,0.47304599999999997,0.02689700000000006,0.9824837739806397,0.23103000000000007,0.23103000000000007,0.017516226019360315,0.7689699999999999,-0.87505
714,2.975,walk,-0.043828,0.222214,0.934096,0.05505,0.034264,-0.640235,-0.08183345332372936,0.7547396208302831,0.14374850011998552,0.39978075774905886,-0.12229146588789278,-0.045926702767712026,0.01727861771058231,0.005999520038395902,-0.0035997120230382073,-0.2807775377969602,1.170866330693472,-0.06119510439164453,0.035447,0.114316,-0.9025610000000001,-0.071823,-0.35387599999999997,-0.875904,0.10727,0.468192,0.026657000000000042,0.9689309551460886,0.23343000000000003,0.23343000000000003,0.031069044853911376,0.76657,-0.875904
715,2.979167,walk,-0.044286,0.225417,0.934681,0.056469,0.034442,-0.64066,-0.10991120710343676,0.7686585073194523,0.14038876889848173,0.5813604391688225,-0.35173937278811346,-0.31827355319101835,0.014878809695224956,0.0026397888168907483,-0.0011999040076789752,-0.2874970002399917,1.2143028557715958,-0.04151667866570853,0.035967,0.11112399999999997,-0.903151,-0.07256299999999999,-0.35201899999999997,-0.8766619999999999,0.10852999999999999,0.46314299999999997,0.026489000000000096,0.9747354424488384,0.23511000000000004,0.23511000000000004,0.025264557551161637,0.76489,-0.8766619999999999
716,2.983333,walk,-0.044881,0.228496,0.93525,0.057309,0.034274,-0.641118,-0.14282285165626069,0.7390782525203826,0.1365818530965017,0.2611152444808938,-0.3003942066995495,-0.32135554222580726,0.010561689870379124,-0.001200192030719421,0.0,-0.2693230916946666,1.2537205952952108,-0.010321651464234324,0.036606,0.10804,-0.9037200000000001,-0.07309000000000002,-0.349875,-0.877274,0.109696,0.457915,0.02644600000000008,0.9822838935625837,0.23554000000000003,0.23554000000000003,0.01771610643741628,0.7644599999999999,-0.877274
717,2.9875,walk,-0.045395,0.23119,0.936193,0.055297,0.034889,-0.640966,-0.12335013198944661,0.646508279337683,0.22630189584834898,-0.5533465100385682,0.8365449524231271,0.1817948883745636,-0.002639788816894911,-0.0007199424046017234,0.0021598272138218222,-0.27669786417087594,1.3194144468443134,-0.06407487401008126,0.037108999999999996,0.10534300000000002,-0.9046540000000001,-0.07372899999999999,-0.347071,-0.878484,0.11083799999999999,0.45241400000000004,0.026170000000000027,0.9941901291711355,0.23829999999999996,0.23829999999999996,0.005809870828864527,0.7617,-0.878484
718,2.991667,walk,-0.045896,0.234072,0.937053,0.054336,0.035224,-0.641057,-0.12023038156946747,0.6916246700263547,0.20638348932083503,-0.2506299565825963,0.4213914625839774,-0.015187581241348181,-0.008399328053755262,-0.002399808015361025,0.0035997120230382073,-0.29925605951522344,1.381809455243496,-0.07511399088072515,0.037575,0.10245100000000001,-0.905499,-0.07447500000000001,-0.34419500000000003,-0.879657,0.11205000000000001,0.446646,0.02584200000000003,0.9842532439924566,0.24157999999999996,0.24157999999999996,0.015746756007543383,0.7584200000000001,-0.879657
719,2.995833,walk,-0.04648,0.236922,0.937905,0.053461,0.035624,-0.641207,-0.14018242918866664,0.6841094575131813,0.2045127220355114,-0.19854406932017551,0.42144299074604546,-0.05507668430081758,-0.0036005760921745027,-0.0040806529044620215,0.0038406144983201356,-0.30364858377339266,1.4294287085933364,-0.07249159865578382,0.038144,0.09958400000000003,-0.906335,-0.075156,-0.34109,-0.880811,0.1133,0.440674,0.02552399999999999,0.9888986742474729,0.24476000000000003,0.24476000000000003,0.011101325752527091,0.7552399999999999,-0.880811
720,3.0,walk,-0.047077,0.239794,0.938657,0.052625,0.035241,-0.641786,-0.14326853851692525,0.6892248620110738,0.18046556275498182,-0.42404797462182525,0.1386003180374915,-0.3345219319963331,-0.0014398848092155197,-0.008159347252228355,0.0011999040076789752,-0.2937365010799277,1.4749220062395678,-0.09671226301896303,0.038735,0.09667799999999999,-0.9070819999999999,-0.07578299999999999,-0.337816,-0.8819659999999999,0.114518,0.434494,0.025116000000000027,0.9860469054135432,0.24884,0.24884,0.013953094586456771,0.75116,-0.8819659999999999
721,3.004167,walk,-0.047617,0.242586,0.939613,0.050834,0.03496,-0.642042,-0.12958963282937927,0.6700263978881968,0.2294216462683253,-0.745811702262492,0.45644714492878863,-0.09565988101127854,-0.0021598272138230712,-0.005039596832252029,0.008639308855292285,-0.3088552915766871,1.530597552195893,-0.0839932805375599,0.039265999999999995,0.093865,-0.908002,-0.07652999999999999,-0.33423,-0.8832720000000001,0.115796,0.428095,0.02472999999999992,0.982946159822952,0.2527,0.2527,0.01705384017704803,0.7473000000000001,-0.8832720000000001
722,3.008333,walk,-0.047848,0.24576,0.940129,0.052293,0.034906,-0.642379,-0.05544887181949009,0.7618819011041582,0.12385981757079856,0.5222072101162237,-0.45493257031888007,-0.2662580076960141,0.0043206913106097365,-0.0033605376860330336,0.007681228996638606,-0.32093134901583825,1.5801728276523825,-0.06553048487757919,0.039515,0.09067699999999998,-0.908486,-0.07763600000000001,-0.33082100000000003,-0.884061,0.117151,0.421498,0.02442500000000003,0.9842799786330697,0.25575,0.25575,0.015720021366930292,0.7442500000000001,-0.884061
723,3.0125,walk,-0.048273,0.248791,0.940798,0.052216,0.034665,-0.642911,-0.10199184065274199,0.7273818094552007,0.16054715622749938,-0.10060268632191913,-0.044019355822314254,-0.3329812428008678,-0.0038396928245738936,-0.005039596832251492,0.005759539236861465,-0.33189344852409675,1.61987041036707,-0.06839452843772094,0.039924,0.08762499999999998,-0.909131,-0.078594,-0.327102,-0.885015,0.11851800000000001,0.414727,0.024116000000000026,0.9857294914207588,0.25884,0.25884,0.01427050857924117,0.74116,-0.885015
724,3.016667,walk,-0.048718,0.251543,0.941712,0.050684,0.03467,-0.642989,-0.10679145668346876,0.6604271658267651,0.21934245260379462,-0.5620157572439946,0.4758878960525468,0.008761923823506265,0.0023998080153591994,-0.009839212862974591,-0.0014398848092151033,-0.3364530837533119,1.663786897048314,-0.06479481641468963,0.040379,0.08483199999999996,-0.9100509999999999,-0.079551,-0.322921,-0.886199,0.11993,0.407753,0.023851999999999984,0.9829508507431769,0.26148000000000005,0.26148000000000005,0.017049149256823104,0.73852,-0.886199
725,3.020833,walk,-0.049246,0.254411,0.942465,0.04931,0.034409,-0.643431,-0.12674027844454783,0.6884301488237886,0.1807489198271683,-0.5848940622177747,0.3437421146877531,-0.2291258842651939,-0.006481036965914604,-0.007921267402785488,0.00456072971675412,-0.366058569371089,1.711953912625973,-0.06481036965914355,0.04088,0.08193099999999998,-0.910785,-0.080548,-0.31865699999999997,-0.887222,0.121428,0.40058799999999994,0.023563,0.9813251079901034,0.26437,0.26437,0.018674892009896582,0.73563,-0.887222
726,3.025,walk,-0.049836,0.256786,0.943298,0.050913,0.033733,-0.644576,-0.14158867290617402,0.5699544036477381,0.1999040076793882,0.384130473142912,-0.6983388229307395,-0.7836533718384767,-0.006479481641468798,-0.007679385649142777,0.00623950083993267,-0.41708663306937765,1.7969762419007287,-0.07295416366690967,0.041443,0.07952399999999998,-0.911592,-0.08169600000000002,-0.31354400000000004,-0.888359,0.12313900000000001,0.393068,0.023232999999999948,0.9802876225416398,0.26766999999999996,0.26766999999999996,0.019712377458360186,0.73233,-0.888359
727,3.029167,walk,-0.050505,0.259332,0.944291,0.048243,0.033325,-0.644834,-0.16054715622749272,0.6109911207103043,0.23830093592511667,-1.1063679991614521,0.6835280567863119,-0.06946492777230141,-0.007199424046075998,-0.007919366450684723,0.005999520038397568,-0.3957283417326334,1.7804175665945645,-0.05783537317014409,0.042082,0.07694499999999999,-0.91256,-0.082676,-0.30867100000000003,-0.889593,0.124758,0.385616,0.02296700000000007,0.9795507190926088,0.27033000000000007,0.27033000000000007,0.020449280907391176,0.7296699999999999,-0.889593
728,3.033333,walk,-0.051189,0.261803,0.945188,0.046356,0.033746,-0.64517,-0.16418626980318082,0.5931349015843007,0.21531445031207577,-0.5611024812487264,0.748940621886887,-0.14056670157635545,-0.007441190590495015,-0.0072011521843439435,0.0045607297167546065,-0.3048487758041512,1.784205472875802,0.03912626020163618,0.042734999999999995,0.07444400000000001,-0.913438,-0.08326199999999999,-0.303709,-0.890327,0.125997,0.378153,0.023110999999999993,0.9811417446801258,0.26889,0.26889,0.018858255319874173,0.7311099999999999,-0.890327
729,3.0375,walk,-0.051415,0.264863,0.9456,0.045972,0.033137,-0.645479,-0.05423566114710588,0.734341252699741,0.09887209023276766,-0.3293105792488259,-0.09349542837315954,-0.1856613790217102,-0.006959443244539896,-0.008399328053756927,0.0067194624430042095,-0.30981521478280194,1.7991360691143605,0.06551475881929104,0.042932000000000005,0.071349,-0.913822,-0.084327,-0.29927200000000004,-0.890466,0.127259,0.37062100000000003,0.023356000000000043,0.9786475516918015,0.26644,0.26644,0.02135244830819849,0.73356,-0.890466
730,3.041667,walk,-0.051834,0.267501,0.94648,0.04455,0.034113,-0.645433,-0.10055195584353609,0.6330693544516665,0.21118310535157958,-0.21850978968973522,0.7950559125251865,0.08575226173038236,-0.0047996160307179824,-0.006959443244541054,0.0059995200383965415,-0.5663546916246961,1.995200383969374,-0.17878569714423725,0.043330999999999995,0.06868200000000002,-0.914677,-0.08626800000000001,-0.29359599999999997,-0.892091,0.129599,0.362278,0.022585999999999995,0.9827224933473674,0.27414,0.27414,0.017277506652632613,0.72586,-0.892091
731,3.045833,walk,-0.052356,0.270094,0.947302,0.042672,0.034747,-0.645541,-0.1253000480076782,0.6224195871339273,0.19731156985116824,-0.491847140298381,0.8162726635009355,0.0011014857632617905,-0.008161305808929039,-0.006240998559775634,0.007201152184349838,-0.5201632261161648,1.9714354296686933,-0.046807489198270616,0.043819,0.06606299999999998,-0.915469,-0.087913,-0.287976,-0.893108,0.13173200000000002,0.354039,0.022360999999999964,0.979089239325692,0.27639,0.27639,0.02091076067430797,0.72361,-0.893108
732,3.05,walk,-0.052915,0.272842,0.947916,0.041642,0.033926,-0.645992,-0.13414926805856073,0.659467242620614,0.14734821214303612,-0.6325515283821039,0.033023674362402486,-0.2540680843783884,-0.0047996160307179824,-0.01103911687064857,0.00983921286297126,-0.39452843772500157,1.967842572594282,-0.010079193664507389,0.044357999999999995,0.06326900000000002,-0.916042,-0.08899800000000002,-0.282524,-0.893764,0.133356,0.345793,0.02227800000000002,0.9740883699916094,0.27722,0.27722,0.025911630008390585,0.72278,-0.893764
733,3.054167,walk,-0.053584,0.275453,0.948617,0.040307,0.033936,-0.646352,-0.16054715622749272,0.6265898728101442,0.16822654187665467,-0.4859841682896053,0.4285788247824665,-0.18218255888567067,-0.013678905687544105,-0.0014398848092166152,0.0028797696184298996,-0.39884809215260275,1.9692824574032877,0.053755699544033676,0.044969999999999996,0.060651999999999984,-0.9167310000000001,-0.08999100000000002,-0.276929,-0.8942410000000001,0.134961,0.33758099999999996,0.02249000000000001,0.9765788081402185,0.2751,0.2751,0.02342119185978153,0.7249,-0.8942410000000001
734,3.058333,walk,-0.054275,0.277953,0.949344,0.038249,0.033384,-0.64655,-0.16586653864617817,0.6000960153624421,0.17450792126737932,-0.9258582006152327,0.4413208822625592,-0.06130189624124543,0.00048007681229001695,-0.008161305808924043,-0.010321651464232659,-0.4558329332693068,2.00024003840609,0.014882381180988445,0.045662999999999995,0.058118,-0.917501,-0.091199,-0.271096,-0.894906,0.13686199999999998,0.329214,0.02259500000000003,0.9780547477165984,0.27405,0.27405,0.021945252283401606,0.72595,-0.894906
735,3.0625,walk,-0.055062,0.280204,0.950394,0.036703,0.034393,-0.646674,-0.18886489080874463,0.5401967842572848,0.2519798416126814,-0.2523278579878005,0.8518416815119088,-0.0249705647311006,-0.006719462443004926,-0.007199424046083843,0.003119750419966335,-0.4751619870410607,2.0249580033598233,0.04703623710103448,0.046422,0.05583699999999997,-0.918538,-0.092392,-0.264909,-0.89576,0.138814,0.320746,0.022777999999999965,0.982782782777344,0.27222,0.27222,0.01721721722265601,0.72778,-0.89576
736,3.066667,walk,-0.055805,0.282639,0.951144,0.034204,0.034523,-0.646677,-0.178305735541165,0.5843532517398791,0.17998560115192289,-0.8745098580680615,0.8213796562589806,0.07627729804528499,-0.010559155267579228,-0.005039596832252029,0.003119750419966335,-0.5281977441804917,2.1051115910728107,0.022798176145908854,0.047120999999999996,0.05338100000000001,-0.919275,-0.09385000000000002,-0.25857199999999997,-0.896415,0.140971,0.311953,0.02285999999999999,0.9798184532252734,0.27140000000000003,0.27140000000000003,0.02018154677472661,0.7285999999999999,-0.896415
737,3.070833,walk,-0.056535,0.285098,0.951781,0.032229,0.034119,-0.64685,-0.1752280364858333,0.5902544407105083,0.1529044647143498,-0.8493319855095938,0.4690628048416003,-0.050471809087700895,-0.00792126740278424,-0.002400384061452167,0.0014402304368696345,-0.5475276044166862,2.139462313970177,-0.0016802688430148512,0.047818,0.05091199999999996,-0.919906,-0.09540099999999999,-0.252118,-0.8970589999999999,0.14321899999999999,0.30302999999999997,0.02284700000000006,0.9859977596415419,0.27153000000000005,0.27153000000000005,0.014002240358458096,0.72847,-0.8970589999999999
738,3.075,walk,-0.057279,0.287528,0.952442,0.030561,0.033873,-0.646973,-0.17854571634268043,0.583153347732143,0.15862730981521056,-0.6873775243344056,0.43029264825140706,-0.02918802733942975,-0.03167746580273348,-0.0011999040076738517,-0.0055195584353253625,-0.5488360931125202,2.1579073674104756,0.017038636909046626,0.04843,0.04847699999999999,-0.92059,-0.096944,-0.245556,-0.897649,0.145374,0.294033,0.02294099999999999,0.9463714645135438,0.27059,0.27059,0.053628535486456186,0.72941,-0.897649
739,3.079167,walk,-0.057998,0.289935,0.953027,0.028953,0.034277,-0.646925,-0.17254619630430457,0.5776337892968808,0.14038876889848173,-0.46246680497929904,0.6448072537847678,0.07630869006896435,0.024718022558196214,-0.02207823374129714,0.023038156947444984,-0.5824334053276033,2.1751859851212885,0.05015598752100082,0.049252000000000004,0.04597800000000002,-0.921079,-0.09865200000000002,-0.238899,-0.898025,0.147904,0.28487700000000005,0.02305400000000002,0.9327280453049391,0.2694599999999999,0.2694599999999999,0.06727195469506086,0.7305400000000001,-0.898025
740,3.083333,walk,-0.058724,0.29234,0.953502,0.028219,0.034557,-0.646996,-0.17426788286125242,0.5772923667786665,0.11401824291886467,-0.18180880445069475,0.3320309129541328,-0.024263043755570438,-0.008401344215074257,-0.0072011521843565,0.009121459433509905,-0.6202592414786137,2.2412385981756477,0.02952472395583167,0.049943,0.043543,-0.921516,-0.10050999999999999,-0.23196699999999998,-0.898377,0.15045299999999998,0.27551,0.02313900000000002,0.9760997327072367,0.26861,0.26861,0.02390026729276329,0.73139,-0.898377
741,3.0875,walk,-0.05932,0.294637,0.954074,0.027045,0.03451,-0.646846,-0.14302855771538914,0.5512359011279334,0.13726901847853204,-0.443346707470421,0.3425107596431791,0.12704828450741557,-0.00983921286297126,-0.011279097672178037,-0.005279577633789822,-0.5951523878090048,2.222462203023859,0.005759539236860413,0.050498,0.04119900000000004,-0.92211,-0.102394,-0.22500299999999998,-0.898925,0.152892,0.26620200000000005,0.02318500000000001,0.9735476269677934,0.26815,0.26815,0.0264523730322066,0.73185,-0.898925
742,3.091667,walk,-0.059692,0.297228,0.95458,0.02671,0.034737,-0.646623,-0.08927285817134188,0.6217902567794221,0.12143028557714798,-0.05072768042970206,0.1808973265518146,0.1492828454869399,-0.007439404847611684,-0.00023998080154276333,0.00239980801535936,-0.6383489320853932,2.246700263978744,0.07295416366690356,0.050839,0.038607,-0.922606,-0.104682,-0.21823199999999998,-0.899127,0.155521,0.256839,0.023479000000000028,0.9869657061540675,0.26521,0.26521,0.013034293845932465,0.73479,-0.899127
743,3.095833,walk,-0.060255,0.299559,0.955012,0.02595,0.034867,-0.64635,-0.13514162265963647,0.5595295247240067,0.10369659145463807,-0.2361809455815048,0.27575114590115185,0.19237864289172274,-0.0004800768122900681,-0.006481036965914879,-0.0019203072491602725,-0.6543446951512775,2.2515602496401206,0.07057129140662961,0.0514,0.036248999999999976,-0.9230459999999999,-0.106845,-0.211183,-0.899265,0.158245,0.24743199999999999,0.02378099999999994,0.9887057175440118,0.26219000000000003,0.26219000000000003,0.01129428245598818,0.73781,-0.899265
744,3.1,walk,-0.060736,0.301835,0.955353,0.025607,0.034656,-0.646077,-0.11543076553874874,0.5461963042956232,0.08183345332373769,-0.18945267881042277,0.021623294454847976,0.1814170797702834,-0.017758579313653686,-0.0076793856491419584,0.010799136069112958,-0.6570674346051892,2.2886969042475216,0.053515718742497574,0.051807,0.033941,-0.923342,-0.10910199999999999,-0.20392200000000002,-0.899383,0.160909,0.23786300000000002,0.023958999999999953,0.9630705837280693,0.26041000000000003,0.26041000000000003,0.03692941627193069,0.73959,-0.899383
745,3.104167,walk,-0.061356,0.304134,0.955603,0.025504,0.034134,-0.645775,-0.1487880969522512,0.5517158627310056,0.059995200383965414,-0.19799592593278575,-0.16740471667978277,0.19351240655174087,-0.017278617710584154,0.0026397888168907483,0.0023998080153596157,-0.6853851691864957,2.3095752339813855,0.06575473962083415,0.052355,0.03165299999999999,-0.923582,-0.11133799999999999,-0.19659700000000002,-0.899359,0.16369299999999998,0.22825,0.024222999999999995,0.9705948703692291,0.25777,0.25777,0.02940512963077091,0.74223,-0.899359
746,3.108333,walk,-0.061793,0.306737,0.955464,0.026772,0.033964,-0.645444,-0.10489678348535476,0.6248199711953661,-0.03336533845415181,0.4137967320976262,-0.46337547124517553,0.17392489012136214,0.002640422467594885,-0.0019203072491617336,0.0007201152184339845,-0.6605856937109768,2.3137301968314317,0.07753240518482671,0.052803,0.029042000000000012,-0.92344,-0.11365299999999999,-0.18956099999999998,-0.898897,0.166456,0.218603,0.024543000000000093,0.9944277531296255,0.25456999999999996,0.25456999999999996,0.005572246870374498,0.74543,-0.898897
747,3.1125,walk,-0.062266,0.308949,0.955784,0.0258,0.033835,-0.644962,-0.11351091912647535,0.5308375329973825,0.07679385649148106,-0.3936111916682959,0.24041890306019975,0.3290798327648526,0.00047996160307183986,0.0002399808015427889,0.016078713702905596,-0.6628269738421264,2.3086153107752407,0.09527237820974793,0.053278000000000006,0.02683100000000005,-0.923693,-0.115942,-0.18215299999999998,-0.89882,0.16922,0.20898400000000003,0.024873000000000034,0.9731872238027416,0.25127,0.25127,0.026812776197258414,0.74873,-0.89882
748,3.116667,walk,-0.062984,0.311037,0.956029,0.025207,0.033431,-0.64478,-0.1723062155027484,0.5010799136068892,0.05879529637629849,-0.34164204374696633,0.030257120869633874,0.1304056513974296,0.00407967362610958,0.000479961603072205,0.016798656107510523,-0.673626109911167,2.342692584593095,0.11375089992799936,0.054013,0.024745000000000017,-0.923868,-0.11803100000000001,-0.174479,-0.898591,0.172044,0.199224,0.025276999999999994,0.9711773166559547,0.24723,0.24723,0.028822683344045252,0.7527699999999999,-0.898591
749,3.120833,walk,-0.063643,0.313332,0.956133,0.02525,0.033227,-0.644518,-0.15818530964954122,0.5508881421027193,0.024963994239075887,-0.04596992366964614,-0.0949187662997587,0.16403422454088823,-0.006240998559769388,-0.003840614498323467,0.004800768122899337,-0.701392222755617,2.361737878060422,0.17762842054728212,0.05464600000000001,0.02243400000000001,-0.923952,-0.12029399999999998,-0.166935,-0.8979550000000001,0.17493999999999998,0.189369,0.025996999999999937,0.9853990337726857,0.24003000000000002,0.24003000000000002,0.014600966227314327,0.75997,-0.8979550000000001
750,3.125,walk,-0.064443,0.315364,0.956297,0.024345,0.032701,-0.644461,-0.1919846412287093,0.4876409887209194,0.03935685145187172,-0.49463362675987377,0.08493018188060283,0.059878718612884206,-0.007199424046076766,-0.0004799616030722562,-0.0011999040076789752,-0.7122630189585155,2.353971682265529,0.1593472522198292,0.055416,0.02040000000000003,-0.924121,-0.12246199999999999,-0.15915799999999997,-0.897455,0.17787799999999998,0.179558,0.026665999999999968,0.9878091747427173,0.23334000000000005,0.23334000000000005,0.012190825257282656,0.7666599999999999,-0.897455
751,3.129167,walk,-0.065249,0.317362,0.956483,0.023692,0.032013,-0.644322,-0.19342452603792606,0.47948164146870437,0.04463642908567986,-0.4518872336020684,-0.05439612944514083,0.10480572464804991,-0.005759539236861246,-0.0035997120230352605,0.0016798656107512315,-0.6985841132709761,2.3652507799377074,0.16006719462443758,0.056198,0.018387000000000042,-0.9243,-0.12456700000000001,-0.1513,-0.8969739999999999,0.180765,0.16968700000000003,0.027326000000000072,0.9883390290879845,0.22674000000000005,0.22674000000000005,0.011660970912015456,0.77326,-0.8969739999999999
752,3.133333,walk,-0.066062,0.319119,0.956947,0.022294,0.032555,-0.643982,-0.19515122419586461,0.421747479596726,0.11137782045127394,-0.3431568903190431,0.6226011073243711,0.24665264445134863,0.024243879020642733,-0.004800768122904334,0.018242918867018145,-0.698511761881881,2.3658185309648907,0.16322611617858412,0.057111999999999996,0.016610000000000014,-0.924688,-0.126664,-0.143201,-0.8967579999999999,0.183776,0.159811,0.02793000000000001,0.948802747108038,0.22070000000000006,0.22070000000000006,0.051197252891961975,0.7792999999999999,-0.8967579999999999
753,3.1375,walk,-0.066822,0.321082,0.957168,0.021704,0.031835,-0.643752,-0.18238540916725807,0.4710823134148963,0.05303575713943203,-0.4378918676520255,-0.08790613284929727,0.16065492827786257,-0.005759539236860632,0.0014398848092166152,0.0014398848092149498,-0.7098632109430786,2.3767698584111816,0.19630429565633536,0.05784800000000001,0.014653000000000027,-0.924903,-0.12886199999999998,-0.13526,-0.896161,0.18671,0.14991300000000002,0.028742000000000045,0.9898184768727641,0.21258000000000005,0.21258000000000005,0.010181523127235859,0.78742,-0.896161
754,3.141667,walk,-0.067141,0.323767,0.956669,0.023566,0.031822,-0.643595,-0.07655387568994826,0.6443484521238712,-0.11975041996641468,0.6805833909029677,-0.5829094806053369,0.05310446102340714,0.007919366450684317,0.023038156947441654,0.019198464122870264,-0.6736261099112388,2.344612431005627,0.21574274058076434,0.05820000000000001,0.012063999999999964,-0.924324,-0.13135,-0.12817500000000004,-0.894763,0.18955,0.140239,0.02956100000000006,0.9483050060130385,0.20438999999999996,0.20438999999999996,0.051694993986961535,0.79561,-0.894763
755,3.145833,walk,-0.067615,0.325687,0.957073,0.022036,0.032286,-0.643033,-0.11377820451271611,0.46087373979834967,0.09697551608256094,-0.4151066570640437,0.6290272276834215,0.38871477456014303,0.014642342774843227,-0.006481036965914188,0.017282765242438946,-0.7227556409025212,2.416946711473775,0.184109457513198,0.058734999999999996,0.010116999999999987,-0.9246559999999999,-0.13388699999999998,-0.120026,-0.8944,0.192622,0.13014299999999998,0.03025599999999995,0.9607325404538594,0.19743999999999995,0.19743999999999995,0.03926745954614064,0.80256,-0.8944
756,3.15,walk,-0.068292,0.327509,0.957214,0.021047,0.031913,-0.642649,-0.16246700263979885,0.43724502039838575,0.03383729301657408,-0.4761062729685602,0.15856180397775232,0.26561222760138986,-0.01079913606911494,-0.0035997120230352605,0.016318694504440057,-0.6359491240701066,2.3472522198225176,0.22870170386370028,0.059367,0.00828000000000001,-0.924729,-0.13585999999999998,-0.112067,-0.893588,0.195227,0.12034700000000001,0.031140999999999974,0.9668388171695477,0.18858999999999998,0.18858999999999998,0.03316118283045233,0.81141,-0.893588
757,3.154167,walk,-0.068955,0.329564,0.957216,0.02126,0.0319,-0.642538,-0.1591072714182761,0.49316054715620444,0.0004799616030588834,0.07504001502180341,-0.07292754515533287,0.06420798108759336,0.006239500839932421,-0.006479481641468107,0.007439404847612517,-0.7139428845691923,2.399088072954019,0.20278377729780347,0.060056,0.006197999999999981,-0.9247,-0.13817200000000002,-0.10412500000000002,-0.8927449999999999,0.19822800000000002,0.110323,0.03195500000000007,0.9805449379937365,0.18045000000000005,0.18045000000000005,0.019455062006263457,0.81955,-0.8927449999999999
758,3.158333,walk,-0.06972,0.33177,0.956812,0.023012,0.031232,-0.64275,-0.18362938070092713,0.5295247239558715,-0.09697551608257128,0.43643349289946387,-0.780617082073961,-0.17353973345420975,-0.03888622179549011,-0.09553528564571315,-0.00024003840614524228,-0.6862698031685615,2.373739798367929,0.23115698511763846,0.060659000000000005,0.003593999999999986,-0.924297,-0.140266,-0.096442,-0.891378,0.20092500000000002,0.10003599999999999,0.03291900000000003,0.8280892781172248,0.17080999999999996,0.17080999999999996,0.17191072188277523,0.8291900000000001,-0.891378
759,3.1625,walk,-0.070457,0.333662,0.956883,0.022561,0.030983,-0.642798,-0.17686585073193103,0.45404367650585303,0.017038636909056618,-0.24296127283393373,0.04847979376211521,-0.018860371736189263,-0.028077753779696103,-0.026877849772016838,0.01775857931365327,-0.6762658987280575,2.3803695704342163,0.2299016078713564,0.06127900000000001,0.0015899999999999803,-0.9242940000000001,-0.142347,-0.08841500000000002,-0.890491,0.203626,0.090005,0.03380300000000003,0.9287776134421273,0.16196999999999995,0.16196999999999995,0.07122238655787272,0.83803,-0.890491
760,3.166667,walk,-0.071016,0.335546,0.956869,0.022567,0.030291,-0.642566,-0.13414926805855906,0.4521238300936124,-0.003359731221519115,-0.2102562338429265,-0.26178680632990986,0.14640917453435712,0.005999520038397374,-0.0011999040076739796,0.0079193664506839,-0.6695464362851313,2.377969762419115,0.2474202063834983,0.061862999999999994,-0.0002989999999999937,-0.9242469999999999,-0.144578,-0.08039000000000002,-0.889446,0.206441,0.08009100000000002,0.03480099999999997,0.983320806765865,0.15199000000000001,0.15199000000000001,0.016679193234135026,0.8480099999999999,-0.889446
761,3.170833,walk,-0.071634,0.337453,0.9569,0.022532,0.030223,-0.642456,-0.14834373499759734,0.4577532405184685,0.007441190590495055,-0.033276211424694314,-0.01677427488716322,0.06980067172276928,0.0024003840614496685,0.0009601536245808668,0.004560729716755786,-0.6749879980796698,2.3761401824291215,0.2626020163226039,0.062491000000000005,-0.0022019999999999817,-0.9242589999999999,-0.14677199999999999,-0.07239800000000002,-0.8883829999999999,0.20926299999999998,0.07019600000000004,0.03587600000000002,0.9912624701280821,0.1412400000000001,0.1412400000000001,0.008737529871917893,0.85876,-0.8883829999999999
762,3.175,walk,-0.072283,0.339358,0.956849,0.022243,0.030187,-0.642263,-0.1557475401967906,0.4571634269258644,-0.012239020878335873,-0.11632825943284639,0.07130715916571863,0.12774026589162416,-0.0002399808015357118,0.00023998080152946727,0.0009599232061428472,-0.6801055915527076,2.383969282457512,0.2620590352771921,0.063139,-0.0041059999999999985,-0.9242039999999999,-0.148957,-0.06436900000000001,-0.8872399999999999,0.212096,0.06026300000000001,0.036964,0.9983030794787976,0.13035999999999998,0.13035999999999998,0.0016969205212024052,0.86964,-0.8872399999999999
763,3.179167,walk,-0.072952,0.341317,0.956728,0.022881,0.029405,-0.642053,-0.16054715622749272,0.4701223902087519,-0.02903767698582178,-0.005596509236350983,-0.4889766075682295,0.11752389482901061,-0.0009599232061435775,0.003599712023034877,-0.0007199424046083076,-0.6570674346051959,2.37748980081579,0.26277897768176917,0.063804,-0.00605,-0.9240860000000001,-0.151026,-0.056421,-0.886024,0.21483000000000002,0.050371,0.03806200000000004,0.9936759506036199,0.11937999999999999,0.11937999999999999,0.006324049396380094,0.88062,-0.886024
764,3.183333,walk,-0.073667,0.343188,0.956742,0.022535,0.029374,-0.641788,-0.1716274603936567,0.44911185789725405,0.0033605376860197087,-0.13557065771386334,0.08905281343860064,0.17378207502701043,-0.0009601536245800339,0.0007201152184423124,0.0,-0.6375420067210559,2.350216034565465,0.26212193951031343,0.06451499999999999,-0.00791799999999998,-0.9241,-0.15296700000000002,-0.048501000000000016,-0.884946,0.217482,0.040583000000000036,0.03915400000000002,0.9979996799487842,0.10846,0.10846,0.0020003200512157537,0.89154,-0.884946
765,3.1875,walk,-0.074313,0.345157,0.956611,0.022827,0.028766,-0.641591,-0.15502759779218556,0.4725221982241633,-0.03143748500119947,-0.07910158643720773,-0.3181421716963669,0.1171792068170719,-0.012239020878330044,0.0019198464122890248,-0.00983921286297126,-0.6592272618190844,2.359251259899324,0.2985361171106436,0.06511,-0.009878999999999971,-0.92401,-0.15506799999999998,-0.04063899999999998,-0.883571,0.220178,0.03076000000000001,0.040439,0.9736324298474519,0.09561000000000008,0.09561000000000008,0.026367570152548092,0.9043899999999999,-0.883571
766,3.191667,walk,-0.075034,0.347079,0.95655,0.022978,0.028429,-0.641435,-0.17302615790737516,0.46124310055198525,-0.014638828893683831,-0.04760613715530953,-0.17403859975531746,0.09408462564274701,-0.029757619390450327,0.018718502519791347,-0.01247900167986534,-0.6268298536117405,2.352771778257842,0.27957763378930944,0.065707,-0.011723000000000039,-0.924001,-0.15695900000000002,-0.032757000000000036,-0.882345,0.222666,0.021033999999999997,0.041655999999999915,0.9378258777639491,0.08344000000000013,0.08344000000000013,0.0621741222360509,0.9165599999999998,-0.882345
767,3.195833,walk,-0.075677,0.349027,0.956504,0.02358,0.028072,-0.641302,-0.15434469515121776,0.4675948151704024,-0.011041766682666643,0.11217924746993231,-0.3196278681797605,0.06941596021955912,-0.0024003840614496685,0.01512241958714199,-0.011281805088813525,-0.6224195871339206,2.3230916946710884,0.3041286605856864,0.06634,-0.013607999999999953,-0.924002,-0.158909,-0.025026999999999966,-0.881032,0.22524899999999998,0.011419000000000012,0.04296999999999995,0.9683013957600471,0.07030000000000008,0.07030000000000008,0.031698604239952854,0.9297,-0.881032
768,3.2,walk,-0.076363,0.350912,0.95634,0.023559,0.027837,-0.641103,-0.16462682985360313,0.45236381089510697,-0.039356851451894166,-0.07936855940727493,-0.0846040752642328,0.12499802387820144,0.025677945764337157,0.011999040076791805,0.0009599232061427448,-0.5987520998319763,2.298296136308956,0.3026157907367222,0.067133,-0.015442999999999985,-0.9238339999999999,-0.16071799999999997,-0.01733499999999999,-0.879607,0.227851,0.0018920000000000048,0.044226999999999905,0.9527343408075639,0.05773000000000006,0.05773000000000006,0.04726565919243608,0.9422699999999999,-0.879607
769,3.204167,walk,-0.077017,0.352771,0.956326,0.023606,0.027343,-0.641021,-0.15694744420447124,0.44612431005521586,-0.003359731221492472,-0.13457887103478067,-0.19828376458453043,0.050111575560552714,0.003359731221502463,-0.002399808015361281,0.0023998080153596157,-0.6121910247180566,2.286057115430865,0.29517638588914447,0.067801,-0.017311999999999994,-0.92381,-0.162615,-0.00966800000000001,-0.878363,0.230416,0.007643999999999984,0.045447000000000015,0.9920407372441644,0.045530000000000015,0.045530000000000015,0.007959262755835583,0.9544699999999999,-0.878363
770,3.208333,walk,-0.077662,0.354577,0.956397,0.023511,0.026903,-0.640797,-0.1548247719635082,0.4335093614978216,0.017042726836303722,-0.16976524941279567,-0.13795458153907006,0.14210076107960967,0.012722035525683992,0.01176188190109563,-0.007681228996640271,-0.6625060009601318,2.3619779164665737,0.24339894383100655,0.06849899999999999,-0.019069000000000003,-0.9239130000000001,-0.16473,-0.0016339999999999688,-0.8774200000000001,0.233229,0.017435000000000034,0.04649300000000001,0.9684126725185684,0.035069999999999935,0.035069999999999935,0.03158732748143156,0.9649300000000001,-0.8774200000000001
771,3.2125,walk,-0.078323,0.356245,0.956552,0.02356,0.026196,-0.640991,-0.15862730981522413,0.400287976961862,0.03719702423803991,-0.20033311653903385,-0.27130067180708695,-0.12307493590649005,-0.0038396928245743025,0.016798656107515644,-0.003119750419966335,-0.5941924646028603,2.2970962323015134,0.294936405087605,0.06914400000000001,-0.02066699999999999,-0.9240809999999999,-0.166545,0.006269999999999998,-0.876346,0.235689,0.02693699999999999,0.04773499999999997,0.9708132958976685,0.022650000000000003,0.022650000000000003,0.029186704102331484,0.9773499999999999,-0.876346
772,3.216667,walk,-0.079055,0.358143,0.956559,0.023441,0.025908,-0.640889,-0.17566594672425054,0.4554835613150696,0.0016798656107727,-0.13223320657690907,-0.07177320626567624,0.06623353757139808,0.005999520038396319,0.0011999040076871733,-0.008879289656827468,-0.619150467962525,2.227981761458951,0.29517638588910966,0.069901,-0.02255999999999997,-0.9241250000000001,-0.16839300000000001,0.013656000000000001,-0.8751230000000001,0.238294,0.03621599999999997,0.04900199999999999,0.9820281241991344,0.009980000000000044,0.009980000000000044,0.017971875800865567,0.9900199999999999,-0.8751230000000001
773,3.220833,walk,-0.0797,0.359987,0.956559,0.023648,0.02478,-0.640855,-0.1548247719635247,0.44263082093138706,0.0,-0.2710944699470045,-0.4800688421725413,0.015401131297273735,0.0012001920307253785,0.00480076812289152,-0.006721075372060121,-0.5974555928949083,2.2609217474797783,0.28900624099858524,0.07055099999999999,-0.024384000000000017,-0.924153,-0.170237,0.021231,-0.873919,0.240788,0.04561500000000002,0.050234,0.9860895033999799,0.0,0.0,0.013910496600020084,1.0,-0.873919
774,3.225,walk,-0.080477,0.361846,0.9565,0.024319,0.02425,-0.640997,-0.1864650827933685,0.4461243100551683,-0.014158867290623387,0.08365781612261255,-0.39841039936040273,-0.1037890748081261,0.0033597312215016884,0.0021598272138315835,-0.00047996160307053984,-0.6013918886488667,2.269018478521578,0.27789776817852696,0.071342,-0.02623399999999998,-0.924096,-0.17196599999999995,0.02882699999999999,-0.872702,0.24330799999999997,0.05506099999999997,0.05139400000000005,0.9932953145291349,0.0,0.0,0.006704685470865113,1.0,-0.872702
775,3.229167,walk,-0.081178,0.363703,0.956572,0.024392,0.023571,-0.641075,-0.16822654187665595,0.44564434845214357,0.017278617710574578,-0.18239064601045293,-0.2708885998119084,-0.051940563736831855,0.0016798656107512315,-0.0014398848092167685,0.004079673626109182,-0.5646748260139566,2.2670986321095308,0.24430045596353528,0.07205,-0.028096999999999983,-0.924151,-0.17361800000000002,0.03641699999999998,-0.871756,0.24566800000000003,0.06451399999999996,0.05239499999999997,0.9922649869587181,0.0,0.0,0.00773501304128188,1.0,-0.871756
776,3.233333,walk,-0.081894,0.365545,0.956603,0.024203,0.023193,-0.640902,-0.17186749879980193,0.4421507441190494,0.007441190590495055,-0.18585501115723335,-0.08484007082346554,0.1115573076948433,-0.00024003840614480028,-0.002640422467604046,0.004800768122899337,-0.5943350936149568,2.2035525684108905,0.2827652424387821,0.072765,-0.029950000000000032,-0.9241619999999999,-0.175378,0.04375499999999999,-0.870609,0.248143,0.07370500000000002,0.05355299999999996,0.990859609810526,0.0,0.0,0.00914039018947399,1.0,-0.870609
777,3.2375,walk,-0.082654,0.367475,0.956518,0.024745,0.022637,-0.641104,-0.1823854091672775,0.46316294696426097,-0.020398368130550903,0.028194340997926864,-0.3671361385019811,-0.13913735298390634,0.0038396928245743025,-0.002159827213818492,0.002639788816895744,-0.5536357091432946,2.234701223902187,0.2807775377969901,0.07354100000000001,-0.031889,-0.9240659999999999,-0.176925,0.05113699999999999,-0.869354,0.250466,0.08302599999999999,0.05471199999999998,0.9914403109515126,0.0,0.0,0.008559689048487362,1.0,-0.869354
778,3.241667,walk,-0.083437,0.369303,0.956591,0.024534,0.022045,-0.641041,-0.18790496760257844,0.43868490520755576,0.017518598512115503,-0.2600387562989524,-0.15451296497213407,0.04213859762065199,0.004799616030717054,-0.004559635229179287,0.0011999040076788473,-0.539716822654155,2.188144948403998,0.22102231821452728,0.074344,-0.03373599999999999,-0.924134,-0.17839100000000002,0.05842700000000001,-0.868506,0.252735,0.092163,0.05562800000000001,0.988786620455266,0.0,0.0,0.011213379544734003,1.0,-0.868506
779,3.245833,walk,-0.084184,0.371137,0.956725,0.024456,0.021321,-0.641088,-0.17930868939029698,0.44023043686988766,0.03216514642344571,-0.2518209063921315,-0.2417823690311581,-0.030235385002668338,0.00960153624579909,-0.012481997119537944,-0.00456072971675412,-0.5542486797887524,2.1819491118578345,0.25492078732596696,0.07513099999999999,-0.03562199999999999,-0.9242870000000001,-0.17995300000000003,0.06568299999999999,-0.8675780000000001,0.25508400000000003,0.10130499999999998,0.05670900000000001,0.9726753059425062,0.0,0.0,0.027324694057493826,1.0,-0.8675780000000001
780,3.25,walk,-0.084934,0.373039,0.956682,0.024981,0.021202,-0.641272,-0.17998560115191622,0.4564434845212627,-0.010319174466046847,0.15667466407566855,-0.20146755736861302,-0.12587146933268098,-0.01079913606911494,0.005519558435324285,0.006959443244541054,-0.5709143268538692,2.154067674586141,0.2661387089032996,0.075836,-0.03750100000000001,-0.924215,-0.18158199999999997,0.07275700000000002,-0.866426,0.257418,0.11025800000000002,0.05778899999999998,0.9766952129718302,0.0,0.0,0.02330478702816985,1.0,-0.866426
781,3.254167,walk,-0.085738,0.375,0.956726,0.025007,0.020504,-0.641455,-0.19294456443485383,0.47060235181187426,0.010559155267562993,-0.20551154695137702,-0.2612602375316708,-0.11751860152674626,0.0007199424046075517,-0.0019198464122890248,0.00047996160307059096,-0.53635709143272,2.1521478281738387,0.22918166546677252,0.07664299999999999,-0.039470000000000005,-0.924257,-0.18301300000000004,0.079764,-0.8655149999999999,0.259656,0.119234,0.05874200000000007,0.9964902950214389,0.0,0.0,0.003509704978561068,1.0,-0.8655149999999999
782,3.258333,walk,-0.086577,0.376886,0.956777,0.024877,0.019954,-0.641551,-0.20139222275563692,0.4527124339894256,0.012241958713399389,-0.2174196540092371,-0.16059656003818112,-0.059433018093108685,0.0009601536245800339,-0.005520883341333322,0.0019203072491600678,-0.513682189150244,2.114978396543392,0.2359577532405115,0.077486,-0.041379,-0.9243,-0.18431399999999998,0.08668900000000002,-0.864583,0.2618,0.12806800000000002,0.05971700000000002,0.9901272502166341,0.0,0.0,0.009872749783365942,1.0,-0.864583
783,3.2625,walk,-0.087349,0.378816,0.956774,0.025191,0.019948,-0.641638,-0.18526517878568463,0.4631629469642116,-0.0007199424046016468,0.11382746066989344,-0.0970506360903552,-0.060947162730741244,-0.00047996160307178874,-0.005519558435323697,0.0007199424046083076,-0.5070794336452851,2.078713702903642,0.2265418766498543,0.07825599999999999,-0.04333199999999998,-0.9242940000000001,-0.18565500000000001,0.09342100000000003,-0.8636360000000001,0.263911,0.136753,0.06065799999999999,0.9906883875475403,0.0,0.0,0.009311612452459705,1.0,-0.8636360000000001
784,3.266667,walk,-0.088162,0.380688,0.95689,0.025047,0.019464,-0.641752,-0.19510439164867896,0.44924406047519216,0.027837772978164217,-0.2021666141407341,-0.13154889230625688,-0.07042466972258815,-0.0002399808015357118,-0.0067194624430115864,0.0011999040076789752,-0.5418766498680311,2.080633549316139,0.24310055195585464,0.079068,-0.04523200000000005,-0.924405,-0.1871,0.10021899999999995,-0.862739,0.266168,0.145451,0.061666,0.9886167110864955,0.0,0.0,0.011383288913504486,1.0,-0.862739
785,3.270833,walk,-0.089283,0.383058,0.957053,0.024733,0.019537,-0.643471,-0.26908305328851806,0.5688910225635906,0.03912626020163701,-0.09182566546848357,0.15767344990239385,-1.0706531033302829,0.0024003840614496685,-0.005760921747471876,0.00072011521843565,-0.4939990398463629,2.0691310609697027,0.18170907345174914,0.080199,-0.047626,-0.9245650000000001,-0.188037,0.10646899999999998,-0.862145,0.26823600000000003,0.15409499999999998,0.06242000000000003,0.9895293228290225,0.0,0.0,0.010470677170977494,1.0,-0.862145
786,3.275,walk,-0.090142,0.384953,0.957081,0.024764,0.019193,-0.643633,-0.20614350851932756,0.45476361891050315,0.006719462442984944,-0.09486141240178325,-0.13272788894972112,-0.10337369791841083,0.00047996160307183986,-0.007919366450685566,-0.0002399808015361281,-0.4850011999040286,2.021838252939861,0.17398608111351635,0.08106,-0.04955399999999999,-0.9245939999999999,-0.189199,0.11299900000000002,-0.861448,0.270259,0.162553,0.06314599999999992,0.9867707900099635,0.0,0.0,0.013229209990036517,1.0,-0.861448
787,3.279167,walk,-0.09095,0.386923,0.957016,0.025069,0.019158,-0.643576,-0.19390448764097767,0.4727621790256557,-0.01559875209982668,0.10119141327698758,-0.1081028473055784,0.029742525562475492,-0.0002399808015361025,-0.0076793856491419584,-0.001919846412287155,-0.5303575713942537,2.0064794816413483,0.2131029517638459,0.081867,-0.05155599999999999,-0.9245369999999999,-0.190601,0.11939,-0.860495,0.272468,0.170946,0.06404199999999993,0.9868010559155366,0.0,0.0,0.013198944084463426,1.0,-0.860495
788,3.283333,walk,-0.091835,0.388892,0.957092,0.0249,0.018932,-0.64367,-0.21243398943832623,0.472635621699509,0.018242918867038414,-0.13190544219263414,-0.028990260886123942,-0.05699446490390015,0.0024003840614503407,-0.008401344215076817,-0.00048007681229048457,-0.4366298607777626,2.004560729716913,0.17594815170428604,0.082762,-0.053559999999999997,-0.9246150000000001,-0.191535,0.125772,-0.8598380000000001,0.274297,0.179332,0.06477699999999997,0.9854154855708406,0.0,0.0,0.014584514429159423,1.0,-0.8598380000000001
789,3.2875,walk,-0.092754,0.390869,0.957156,0.024733,0.018919,-0.64383,-0.2205423566114584,0.47444204463640177,0.015358771298283917,-0.06521890629294053,0.04990573857858173,-0.09721227505018477,0.0026397888168942134,-0.008399328053756927,0.0007199424046083076,-0.3993280537556749,2.008879289656709,0.16126709863210104,0.083692,-0.05557200000000001,-0.924676,-0.19228,0.132166,-0.85923,0.275972,0.18773800000000002,0.065446,0.9852770479807149,0.0,0.0,0.014722952019285085,1.0,-0.85923
790,3.291667,walk,-0.093644,0.392801,0.957172,0.024882,0.01875,-0.643969,-0.21358291336694085,0.4636429085673332,0.0038396928245780495,0.002578506653682457,-0.10534466654748531,-0.09051943159509974,-0.002159827213822655,-0.007199424046083843,-0.0016798656107512315,-0.42980561555077246,1.9527237820975094,0.12910967122630704,0.08457300000000001,-0.05753400000000003,-0.924699,-0.193181,0.13837099999999997,-0.858708,0.277754,0.195905,0.06599100000000002,0.9871635816847486,0.0,0.0,0.012836418315251397,1.0,-0.858708
791,3.295833,walk,-0.094497,0.394786,0.956976,0.025762,0.018891,-0.64398,-0.2047527604416633,0.47647623619778207,-0.047047527604409174,0.36693493645792574,-0.2198025802676729,-0.023258247086890962,0.0014402304368696345,-0.008161305808924043,0.001200192030724418,-0.43903024483916825,1.933989438310072,0.133221315410462,0.085432,-0.05955300000000002,-0.924498,-0.19415700000000002,0.14444299999999993,-0.8579570000000001,0.27958900000000003,0.20399599999999996,0.06654099999999996,0.9860435561349806,0.0,0.0,0.013956443865019375,1.0,-0.8579570000000001
792,3.3,walk,-0.095508,0.396818,0.956902,0.026117,0.018829,-0.644228,-0.24262059035278238,0.4876409887209194,-0.017758579313660157,0.11153501634778669,-0.12741923053220255,-0.16265902048970116,0.0011999040076793915,-0.0074394048476133096,0.0023998080153596157,-0.4036477081833545,1.8773698104152583,0.11831053515719459,0.086448,-0.061616000000000004,-0.9244140000000001,-0.194828,0.15023399999999998,-0.85739,0.28127599999999997,0.21184999999999998,0.06702400000000008,0.9868192488174652,0.0,0.0,0.013180751182534811,1.0,-0.85739
793,3.304167,walk,-0.09651,0.398883,0.956673,0.027286,0.018669,-0.644284,-0.24046076313893494,0.4955603551715521,-0.05495560355172085,0.37983562589801645,-0.4186727184965318,-0.059391387572343794,0.010799136069113788,-0.0011999040076738517,0.0011999040076788473,-0.4038876889848542,1.8874490040795613,0.09023278137748462,0.087495,-0.06368599999999996,-0.92418,-0.195509,0.156034,-0.856785,0.283004,0.21971999999999997,0.06739499999999998,0.9817805903944821,0.0,0.0,0.018219409605517933,1.0,-0.856785
794,3.308333,walk,-0.097487,0.400899,0.956746,0.027098,0.018472,-0.644339,-0.23451752280364352,0.48391742678827715,0.01752280364858083,-0.1299285938745839,-0.013078477255265663,-0.03189604378202693,0.016802688430148514,0.004320691310600575,-0.002400384061450501,-0.41334613538165005,1.8434949591934253,0.09913586173787456,0.08854200000000001,-0.06568400000000002,-0.924263,-0.19625399999999998,0.161698,-0.856445,0.284796,0.22738200000000003,0.06781799999999993,0.9708090312898829,0.0,0.0,0.02919096871011706,1.0,-0.856445
795,3.3125,walk,-0.098494,0.402935,0.956793,0.026945,0.018372,-0.644366,-0.24166066714663786,0.4886009119270639,0.01127909767219136,-0.0870894079872945,0.011120960497646926,-0.014174851092318266,-0.0021598272138230712,-0.005279577633781497,-0.011519078473722492,-0.3657307415406995,1.8276937844973131,0.06695464362851312,0.08954,-0.06774199999999997,-0.924358,-0.196771,0.16727799999999998,-0.856213,0.286311,0.23501999999999995,0.06814500000000001,0.9785764950950497,0.0,0.0,0.021423504904950263,1.0,-0.856213
796,3.316667,walk,-0.099428,0.404975,0.956605,0.027397,0.018518,-0.644204,-0.2241420686345205,0.4895608351332084,-0.045116390688738794,0.2108308438177826,-0.08937004011129152,0.09318351969231722,-0.016798656107512314,-0.009599232061445124,-0.016798656107512314,-0.3777297816174926,1.7964962802976565,0.06407487401008292,0.090404,-0.069822,-0.9242400000000001,-0.197411,0.172724,-0.855758,0.28781500000000004,0.24254599999999998,0.06848200000000004,0.9572951033835958,0.0,0.0,0.0427048966164042,1.0,-0.855758
797,3.320833,walk,-0.100444,0.407015,0.956645,0.027079,0.018647,-0.644293,-0.24387902064329697,0.48967834853576236,0.009601536245782017,-0.07667125465399492,0.14743639277268505,-0.04884642828643786,-0.003360537686029286,-0.006721075372052743,-0.0007201152184339845,-0.34493518963032327,1.7678828612577686,0.05376860297647191,0.091406,-0.07189000000000001,-0.924283,-0.19783199999999998,0.178049,-0.855574,0.289238,0.24993900000000002,0.06870900000000002,0.9874186388274099,0.0,0.0,0.012581361172590122,1.0,-0.855574
798,3.325,walk,-0.101468,0.409129,0.956503,0.027542,0.018794,-0.644255,-0.24574034077272253,0.5073194144468145,-0.03407727381808659,0.21542242077120907,-0.08987793672967234,0.015722374407282327,0.001679865610750636,-0.008159347252214164,0.0002399808015361025,-0.33045356371488677,1.7377009839211666,-0.0009599232061410797,0.092437,-0.07403799999999999,-0.92414,-0.198185,0.18317599999999995,-0.855436,0.290622,0.25721399999999994,0.06870399999999999,0.9861101069081084,0.0,0.0,0.013889893091891592,1.0,-0.855436
799,3.329167,walk,-0.102623,0.411211,0.956503,0.027485,0.018566,-0.644118,-0.2771778257739515,0.49964002879771247,0.0,-0.09179539898297855,-0.06890974622769441,0.08577607846599775,-0.0011999040076793915,-0.008639308855300612,0.0002399808015344629,-0.336693064554848,1.706023518118636,0.011759059275256955,0.093587,-0.076156,-0.924139,-0.19843299999999997,0.188203,-0.855387,0.29202,0.264359,0.06875200000000004,0.9854574362349281,0.0,0.0,0.014542563765071903,1.0,-0.855387
800,3.333333,walk,-0.103804,0.413287,0.956428,0.027302,0.018597,-0.644034,-0.28348535765721444,0.4983197311569768,-0.01800288046088459,-0.05781993889066637,0.06616686727338514,0.056668265735755285,-0.0009601536245796176,-0.006000960153623755,0.0,-0.32117138742198015,1.6733077292366199,-0.007201152184349838,0.09476399999999999,-0.07825700000000002,-0.924064,-0.19859,0.19309799999999994,-0.8553419999999999,0.293354,0.27135499999999996,0.06872200000000006,0.9898711882691869,0.0,0.0,0.010128811730813148,1.0,-0.8553419999999999
801,3.3375,walk,-0.104951,0.415486,0.956195,0.02752,0.018958,-0.643883,-0.27525797936166585,0.5277177825774194,-0.05591552675784458,0.19146381615833813,0.06207763776523756,0.09217776753610943,-0.0023998080153591994,-0.007679385649142777,-0.00047996160307059096,-0.31461483081355085,1.6330693544517332,-0.037197024238059886,0.095901,-0.080488,-0.923833,-0.198754,0.197704,-0.855264,0.294655,0.278192,0.06856899999999999,0.9865667901577984,0.0,0.0,0.013433209842201643,1.0,-0.855264
802,3.341667,walk,-0.105933,0.417684,0.956008,0.027682,0.019414,-0.643526,-0.2356611471082162,0.5274778017758205,-0.04487640988721787,0.1998667314803299,0.10994234277543863,0.22298319440718,0.01919846412286905,-0.00767938564915528,0.002639788816893797,-0.35205183585310934,1.635229181665364,-0.022318214542837552,0.096963,-0.08271800000000001,-0.923635,-0.199239,0.20232,-0.85517,0.296202,0.285038,0.068465,0.9652579955791848,0.0,0.0,0.03474200442081521,1.0,-0.85517
803,3.345833,walk,-0.107014,0.41994,0.955688,0.028472,0.019792,-0.643273,-0.2594815170427471,0.5415266442631202,-0.07681228996639758,0.40683778454554864,-0.11028291750690304,0.1442936501998339,0.0026404224675951665,-0.0052808449351820054,-0.0024003840614490917,-0.3053288526164417,1.581613058089409,-0.05496879500720385,0.098055,-0.08499599999999996,-0.923325,-0.19943,0.20665299999999998,-0.8550789999999999,0.297485,0.29164899999999994,0.06824600000000003,0.989377565972685,0.0,0.0,0.010622434027314998,1.0,-0.8550789999999999
804,3.35,walk,-0.108062,0.422133,0.955524,0.028096,0.019809,-0.64293,-0.2514998800095857,0.5262778977681466,-0.03935685145186753,-0.13364929880660703,0.11477327247523404,0.22296055047609376,-0.011039116870649892,-0.004559635229192609,-0.0021598272138232573,-0.2908567314614632,1.5423566114710054,-0.08471322294216092,0.099057,-0.08720800000000001,-0.92317,-0.199594,0.21088700000000005,-0.855268,0.298651,0.29809500000000005,0.06790200000000002,0.9797709485378678,0.0,0.0,0.020229051462132164,1.0,-0.855268
805,3.354167,walk,-0.109131,0.424354,0.955369,0.028316,0.019997,-0.642935,-0.2565394768418645,0.5329973602112142,-0.03719702423806655,0.1389887598394233,0.0013829598951537203,-0.006638592137992766,-0.0014398848092151033,-0.007439404847599989,-0.0004799616030722562,-0.2817374610031346,1.5233981281498223,-0.09719222462203529,0.10012,-0.08945999999999998,-0.923017,-0.199699,0.21501400000000004,-0.855518,0.299819,0.304474,0.06749899999999998,0.9873455787380758,0.0,0.0,0.012654421261924176,1.0,-0.855518
806,3.358333,walk,-0.110274,0.42667,0.955147,0.029443,0.020157,-0.642984,-0.27436389822370616,0.5559289486317622,-0.05328852616419813,0.4640854136045863,-0.2875750458393247,-0.05380509523804585,-0.001440230436870051,-0.006721075372066067,-0.0009601536245792011,-0.2650024003840527,1.4915986557848708,-0.14810369659144879,0.101257,-0.091804,-0.9227989999999999,-0.19966,0.218912,-0.8559129999999999,0.300917,0.310716,0.066886,0.9884326833934918,0.0,0.0,0.011567316606508227,1.0,-0.8559129999999999
807,3.3625,walk,-0.111513,0.429052,0.954839,0.030564,0.020438,-0.642848,-0.2973362131029663,0.5716342692584843,-0.07391408687304753,0.49876833282370997,-0.24529913495318348,0.06250636636722735,-0.0009599232061432635,-0.007679385649142777,0.003119750419966335,-0.2759779217662809,1.439404847612271,-0.16486681065515682,0.102492,-0.09421799999999997,-0.922478,-0.19957100000000003,0.22252800000000006,-0.856292,0.302063,0.316746,0.06618599999999997,0.9860928416521051,0.0,0.0,0.01390715834789491,1.0,-0.856292
808,3.366667,walk,-0.112833,0.431349,0.954511,0.030737,0.020919,-0.642638,-0.31677465802733895,0.5512359011278746,-0.0787137029037617,0.21171017654409655,0.11864600714761134,0.1306086626406401,0.0011999040076792636,-0.00671946244301087,-0.0011999040076788473,-0.2754979601631659,1.4089272858170392,-0.17038636909046292,0.103817,-0.09654299999999999,-0.922155,-0.199399,0.22610200000000003,-0.856674,0.303216,0.322645,0.0654809999999999,0.9884493007933717,0.0,0.0,0.011550699206628323,1.0,-0.856674
809,3.370833,walk,-0.114174,0.433687,0.954354,0.031314,0.020877,-0.64245,-0.32189150264041244,0.561209793566957,-0.03768602976475238,0.19890585122631504,-0.1975837563796147,0.10461247804124925,0.0028804608737396853,-0.006481036965914188,0.0002400384061435511,-0.25972155544885794,1.3802208353336234,-0.21387421987517155,0.10517,-0.098908,-0.9219970000000001,-0.19913999999999998,0.22951400000000005,-0.8574080000000001,0.30430999999999997,0.32842200000000005,0.06458900000000001,0.9881727112345227,0.0,0.0,0.01182728876547734,1.0,-0.8574080000000001
810,3.375,walk,-0.115549,0.436065,0.954116,0.031557,0.020958,-0.642326,-0.3299736021118464,0.5706743460523398,-0.05711543076555852,0.11410567727316907,-0.047958388103399585,0.07270393881183285,-0.0021598272138230712,-0.006239500839926008,-0.003119750419966335,-0.2399808015358883,1.3438924886009584,-0.23398128149749176,0.10653599999999999,-0.10131199999999996,-0.9217719999999999,-0.19876499999999997,0.232736,-0.8581449999999999,0.305301,0.33404799999999996,0.06362699999999999,0.9878288744462915,0.0,0.0,0.012171125553708473,1.0,-0.8581449999999999
811,3.379167,walk,-0.116955,0.438439,0.953949,0.031577,0.020811,-0.642259,-0.33741300695945975,0.5697144228462085,-0.04007679385647344,-0.03819039814992665,-0.061783114371709295,0.04037790030723694,0.0007199424046075517,-0.00623950083993933,0.0014398848092151033,-0.24478041756661087,1.3011759059275942,-0.2371010319174581,0.107945,-0.10371200000000003,-0.9215990000000001,-0.198379,0.235784,-0.858966,0.306324,0.339496,0.06263300000000005,0.9892602819117586,0.0,0.0,0.010739718088241368,1.0,-0.858966
812,3.383333,walk,-0.118437,0.440821,0.953775,0.031687,0.021018,-0.642003,-0.3557369179068547,0.5717714834373332,-0.04176668266922773,0.10370276531238548,0.03623197919621382,0.1593337068407423,0.0007201152184352337,-0.007441190590495055,0.00072011521843565,-0.23835813730196698,1.265242438790178,-0.27148343734996694,0.10943,-0.10612500000000002,-0.9214220000000001,-0.19789,0.23867300000000002,-0.859923,0.30732000000000004,0.34479800000000005,0.06149900000000008,0.9874824069073744,0.0,0.0,0.012517593092625567,1.0,-0.859923
813,3.3875,walk,-0.119824,0.443195,0.953611,0.031495,0.021072,-0.641706,-0.33285337173024115,0.5697144228461345,-0.039356851451894166,-0.054809397071590917,0.07191979775336033,0.190490833183041,0.0011999040076792636,-0.0076793856491419584,0.00239980801535936,-0.22870170386367256,1.2167026637868008,-0.27093832493398995,0.110822,-0.10853099999999999,-0.921248,-0.19745600000000002,0.24136899999999994,-0.860888,0.308278,0.34989999999999993,0.06035999999999997,0.986442323608778,0.0,0.0,0.013557676391221962,1.0,-0.860888
814,3.391667,walk,-0.12127,0.445677,0.953219,0.031657,0.021622,-0.641542,-0.34701223902089484,0.5956323494120704,-0.09407247420205564,0.2288776619373213,0.14867433184734336,0.10239075715132451,-0.0002399808015361281,-0.007919366450685566,0.0014398848092151033,-0.23542116630670853,1.1708663306936167,-0.27117830573555496,0.112267,-0.11104599999999998,-0.9208500000000001,-0.19699100000000003,0.24376600000000004,-0.861626,0.30925800000000003,0.354812,0.059224000000000054,0.9865787043152021,0.0,0.0,0.013421295684797885,1.0,-0.861626
815,3.395833,walk,-0.122718,0.448176,0.953039,0.032456,0.021504,-0.641442,-0.347575612097924,0.5998559769563035,-0.043206913106112355,0.2577474941338284,-0.29156446790186163,0.04332438621614755,-0.0007201152184348172,-0.0072011521843565,0.002400384061448836,-0.21915506481036298,1.12361977916462,-0.27820451272202634,0.113712,-0.11357500000000004,-0.9206599999999999,-0.19645600000000002,0.24594799999999994,-0.862605,0.310168,0.359523,0.05805499999999997,0.9872920625905892,0.0,0.0,0.012707937409410786,1.0,-0.862605
816,3.4,walk,-0.124185,0.450767,0.952652,0.032953,0.022126,-0.641235,-0.3520518358531502,0.6217902567794751,-0.09287257019436834,0.3742929217052079,0.0711051861244798,0.12224362071108741,0.0043196544276461425,-0.0074394048476133096,-0.00047996160307059096,-0.21118310535157958,1.0664746820254876,-0.2872570194384589,0.11519700000000001,-0.116197,-0.9202750000000001,-0.19586900000000002,0.247801,-0.863415,0.311066,0.363998,0.05686000000000002,0.9856400903359583,0.0,0.0,0.014359909664041659,1.0,-0.863415
817,3.404167,walk,-0.125754,0.453433,0.952204,0.034064,0.022832,-0.641059,-0.3765298776097685,0.6397888168946099,-0.10751139908806735,0.6265648954533908,-0.08586273149179265,0.08779932274025953,0.002879769618430316,-0.006479481641468107,0.0016798656107510524,-0.23182145428364856,0.9894408447323582,-0.2932565394768242,0.116778,-0.11889,-0.9198200000000001,-0.19526600000000002,0.24925799999999998,-0.8641890000000001,0.31204400000000004,0.368148,0.055630999999999986,0.9878551904242159,0.0,0.0,0.012144809575784121,1.0,-0.8641890000000001
818,3.408333,walk,-0.127297,0.455915,0.952138,0.034344,0.021958,-0.641054,-0.3703792606817357,0.595775324051905,-0.015842534805572666,-0.16619968393479373,-0.4080206461002236,-0.0099826490721066,0.000720115218434894,-0.006000960153624394,0.005280844935188668,-0.2640422467595,0.9431108977437308,-0.28924627940472714,0.118324,-0.12139700000000003,-0.919732,-0.19482300000000002,0.250705,-0.8653280000000001,0.313147,0.37210200000000004,0.0544039999999999,0.9866232569232687,0.0,0.0,0.013376743076731312,1.0,-0.8653280000000001
819,3.4125,walk,-0.128847,0.458518,0.951821,0.034792,0.021822,-0.640917,-0.3719702423805859,0.6246700263978421,-0.07607391408687122,0.12279655094530009,-0.1911492685420301,0.07327712232032167,0.002399808015358527,-0.00095992320614441,0.0016798656107510524,-0.2495800335972935,0.8946484281256843,-0.3090952723781903,0.11988399999999999,-0.124004,-0.919408,-0.194313,0.25183,-0.866299,0.314197,0.375834,0.05310899999999996,0.9948623179830952,0.0,0.0,0.005137682016904788,1.0,-0.866299
820,3.416667,walk,-0.130476,0.461232,0.951561,0.035612,0.021912,-0.640697,-0.39092872570196635,0.6513078953683988,-0.062395008399340014,0.32924257346228525,-0.22432665565653395,0.11845570761398348,0.0043196544276461425,-0.004559635229179773,0.0009599232061445124,-0.26757859371250975,0.8360931125510443,-0.32085433165348354,0.12153100000000001,-0.126737,-0.919144,-0.19379899999999997,0.25260000000000005,-0.867376,0.31533,0.37933700000000004,0.051767999999999925,0.9894102853412754,0.0,0.0,0.010589714658724603,1.0,-0.867376
821,3.420833,walk,-0.132136,0.463929,0.951208,0.035877,0.022112,-0.64039,-0.39846375420065994,0.6473835813730031,-0.08473355736916155,0.15821129040094095,-0.01565128501642907,0.18682883937824327,0.005040806529044554,-0.006240998559762309,-0.0019203072491600678,-0.2210753720595247,0.8010081613057686,-0.3439750360057491,0.123212,-0.12945999999999996,-0.918799,-0.19305999999999998,0.25323999999999997,-0.868456,0.316272,0.38269999999999993,0.05034300000000003,0.9862515280225411,0.0,0.0,0.013748471977458876,1.0,-0.868456
822,3.425,walk,-0.13375,0.466757,0.950585,0.037008,0.023352,-0.640178,-0.3873290136789244,0.6786657067434908,-0.14950803935686793,0.7981966837599055,0.10422788079804994,0.1138151141251921,-0.0021598272138230712,-0.01607871370291392,0.003359731221502463,-0.20278377729783506,0.7655387568994892,-0.39404847612192934,0.12481700000000001,-0.132355,-0.918162,-0.19229100000000002,0.253602,-0.869475,0.317108,0.385957,0.048687000000000036,0.9723877200318318,0.01313000000000003,0.01313000000000003,0.027612279968168174,0.9868699999999999,-0.869475
823,3.429167,walk,-0.135414,0.469525,0.950178,0.037548,0.023798,-0.639966,-0.3993280537556749,0.664266858651279,-0.09767218622510714,0.3357662202129088,-0.007040275118317069,0.12200602204473587,0.0002399808015356862,-0.010319174466032425,0.005039596832253157,-0.19822414206862085,0.7446604271658,-0.5149988000959598,0.126482,-0.135166,-0.9177339999999999,-0.191453,0.253937,-0.8712139999999999,0.317935,0.38910300000000003,0.046520000000000006,0.9808557748279905,0.03479999999999994,0.03479999999999994,0.019144225172009532,0.9652000000000001,-0.8712139999999999
824,3.433333,walk,-0.137021,0.472328,0.949787,0.038519,0.023423,-0.639992,-0.3857417186749768,0.6728276524243695,-0.09385501680266646,0.24313086141657747,-0.43529488460515037,-0.0452479271294299,-0.0014402304368696345,-0.009361497839656788,0.006240998559768972,-0.2325972155544818,0.6356216994718942,-0.35141622659624744,0.128083,-0.13800800000000002,-0.917317,-0.190815,0.253782,-0.872287,0.318898,0.39179,0.045030000000000014,0.9810951234586136,0.04970000000000002,0.04970000000000002,0.018904876541386395,0.9502999999999999,-0.872287
825,3.4375,walk,-0.13873,0.475123,0.949399,0.039119,0.02377,-0.639894,-0.41012718982482993,0.6707463402928052,-0.09311255099593777,0.32782723755455173,-0.058824695063175246,0.04834347345609476,0.002399808015358783,-0.008879289656830078,0.00623950083993267,-0.24838012958964611,0.566594672426219,-0.3251739860811272,0.129802,-0.14084000000000002,-0.916903,-0.19014100000000003,0.25334799999999996,-0.873254,0.31994300000000003,0.394188,0.04364900000000005,0.9814758240510175,0.06350999999999996,0.06350999999999996,0.01852417594898248,0.93649,-0.873254
826,3.441667,walk,-0.140508,0.477935,0.949127,0.040304,0.023152,-0.639808,-0.42668586513080947,0.6748260139189128,-0.0652747780177469,0.24692469132839512,-0.5934221942530598,0.015447299327572188,0.0014398848092155197,-0.009839212862974591,0.007679385649149438,-0.2567794576433906,0.5821934245260739,-0.22534197264220113,0.13158599999999998,-0.14369300000000002,-0.916599,-0.189433,0.252962,-0.8739210000000001,0.321019,0.39665500000000004,0.042677999999999994,0.9790598510315778,0.07322000000000006,0.07322000000000006,0.020940148968422223,0.9267799999999999,-0.8739210000000001
827,3.445833,walk,-0.142247,0.480873,0.948596,0.040149,0.023731,-0.639677,-0.41742678828611873,0.7052328372539404,-0.1274603936629968,0.12028153600819991,0.2571974028280612,0.09188626727348663,0.0,-0.008881421027366354,0.008641382621219473,-0.18939030244839608,0.5324051848295442,-0.38286125780123753,0.13332500000000003,-0.14666800000000002,-0.916032,-0.188483,0.25224199999999997,-0.874985,0.32180800000000004,0.39891,0.041046999999999945,0.9793472403598307,0.08953000000000011,0.08953000000000011,0.020652759640169327,0.9104699999999999,-0.874985
828,3.45,walk,-0.143881,0.483802,0.948171,0.041123,0.023441,-0.639473,-0.3921286297095985,0.7029037676985449,-0.10199184065274365,0.2695060648338748,-0.41120502239265977,0.0974304134500488,-0.005039596832253157,-0.0076793856491419584,0.007439404847610852,-0.1809455243580348,0.457163426925829,-0.41252699784014724,0.134938,-0.149629,-0.915576,-0.187603,0.251218,-0.876279,0.322541,0.400847,0.039296999999999915,0.9802997994464129,0.10703000000000001,0.10703000000000001,0.01970020055358712,0.89297,-0.876279
829,3.454167,walk,-0.145725,0.486664,0.947829,0.041906,0.023594,-0.639441,-0.4425245980321739,0.6868250539957058,-0.08207343412526255,0.3361134810771644,-0.18436570350332532,-0.00044927168063506746,0.0,-0.007679385649142777,0.01175905927525862,-0.18142548596112634,0.42956563474922965,-0.3882889368850656,0.136782,-0.15252299999999996,-0.915185,-0.186515,0.250146,-0.8775550000000001,0.323297,0.40266899999999994,0.03762999999999994,0.9765924727807422,0.12369999999999998,0.12369999999999998,0.023407527219257762,0.8763000000000001,-0.8775550000000001
830,3.458333,walk,-0.147376,0.489644,0.94727,0.042784,0.024029,-0.639348,-0.39630340854535967,0.7153144503120396,-0.13418146903506287,0.4577055010228715,-0.11133646015795283,0.037977319350932945,-0.0038406144983197193,-0.006240998559775634,0.011041766682668309,-0.16346615458473931,0.3761401824291748,-0.4056649063850098,0.138417,-0.15552900000000003,-0.91458,-0.18554500000000002,0.24873299999999993,-0.878686,0.323962,0.40426199999999995,0.03589399999999998,0.9779129880911435,0.1410599999999999,0.1410599999999999,0.022087011908856535,0.85894,-0.878686
831,3.4625,walk,-0.149123,0.492616,0.946966,0.044434,0.023576,-0.639373,-0.4192464602831961,0.7132229421646533,-0.07295416366690301,0.4704491658757551,-0.671495890048025,-0.06822538823681072,-0.005519558435325534,-0.008159347252215033,0.01727861771058457,-0.16534677225822572,0.3306935445164781,-0.40700743940486694,0.14014100000000002,-0.15853499999999998,-0.914204,-0.184487,0.24713900000000005,-0.8800779999999999,0.324628,0.40567400000000003,0.0341260000000001,0.9668508797296331,0.15874,0.15874,0.03314912027036687,0.84126,-0.8800779999999999
832,3.466667,walk,-0.150763,0.49585,0.945916,0.043363,0.025111,-0.63897,-0.39356851451881514,0.7760979121669829,-0.2519798416126545,0.07379454352548817,0.8813948867372199,0.30005268238626537,-0.008399328053755262,-0.008879289656829133,0.015598752099831676,-0.16126709863210104,0.2848572114230539,-0.38972882169424083,0.141746,-0.161806,-0.9130889999999999,-0.18351900000000002,0.24509199999999998,-0.880652,0.325265,0.406898,0.03243699999999994,0.9669717476310695,0.17563,0.17563,0.03302825236893048,0.82437,-0.880652
833,3.470833,walk,-0.15267,0.498645,0.945993,0.045613,0.023282,-0.63908,-0.4577532405185173,0.6709073451752793,0.018482957273163667,0.2701724381306199,-1.3599297204984042,-0.15604312234065945,-0.0036005760921748865,-0.006000960153624394,0.015122419587135272,-0.1433029284685564,0.2287566010561827,-0.3706192990878843,0.143638,-0.164626,-0.913103,-0.18220899999999998,0.24324999999999997,-0.882273,0.325847,0.40787599999999996,0.030830000000000024,0.9722279494450154,0.19170000000000004,0.19170000000000004,0.02777205055498455,0.8083,-0.882273
834,3.475,walk,-0.154451,0.501691,0.945476,0.045726,0.022967,-0.639215,-0.4274058075353723,0.7309815214782356,-0.12407007439403844,-0.05409922729325564,-0.14650291246028108,-0.09162527136026516,-0.007919366450683474,-0.0052795776337942555,0.019918406527476527,-0.11687065034796869,0.20830333573312385,-0.3270938324933797,0.14538600000000002,-0.167694,-0.912503,-0.180915,0.24107199999999995,-0.883119,0.326301,0.40876599999999996,0.029383999999999966,0.9632072914996399,0.20616,0.20616,0.036792708500360094,0.79384,-0.883119
835,3.479167,walk,-0.156065,0.504781,0.945026,0.047151,0.02334,-0.639118,-0.3873290136789244,0.7415406767459031,-0.10799136069113774,0.6406860799150423,-0.30175891519808007,0.022986134275830714,-0.009599232061435549,-0.0035997120230352605,0.02159827213822988,-0.11543076553876437,0.1936645068394622,-0.3074154067674737,0.14696,-0.17079900000000003,-0.9119630000000001,-0.179782,0.23878899999999992,-0.88395,0.32674200000000003,0.40958799999999995,0.028013000000000066,0.9601534700320539,0.21987000000000007,0.21987000000000007,0.03984652996794613,0.78013,-0.88395
836,3.483333,walk,-0.157887,0.507842,0.944486,0.047403,0.023356,-0.639004,-0.43734997599614506,0.7347575612097688,-0.12962073931828377,0.09722664937003564,-0.07489194396969859,0.06377151902435317,-0.00960153624579909,-0.0016802688430098544,0.026164186269801968,-0.08809409505520792,0.22059529524723429,-0.2954872779644653,0.14874199999999999,-0.173867,-0.9113140000000001,-0.178327,0.23664699999999994,-0.884641,0.327069,0.41051399999999993,0.026673000000000058,0.953465143147401,0.23326999999999998,0.23326999999999998,0.04653485685259895,0.76673,-0.884641
837,3.4875,walk,-0.159441,0.511214,0.943559,0.047148,0.025833,-0.638557,-0.37293016558677006,0.809215262778998,-0.22246220302377093,0.6637499313367318,0.9768928821889601,0.31862117615546964,-0.012718982481401884,-0.0004799616030722562,0.0319174466042734,-0.08327333813294986,0.2335013198944195,-0.29901607871371755,0.150243,-0.17724099999999993,-0.910254,-0.17712,0.234248,-0.8849600000000001,0.327363,0.41148899999999994,0.025293999999999928,0.9427305036535525,0.24706000000000006,0.24706000000000006,0.05726949634644751,0.7529399999999999,-0.8849600000000001
838,3.491667,walk,-0.161122,0.514286,0.943038,0.047232,0.026027,-0.638538,-0.403407727381782,0.7372210223181875,-0.12502999760018285,0.09057633976381625,0.04527032515110554,0.011268833152052184,-0.01655867530597442,0.0007199424046016468,0.03695704343652315,-0.08303335733141154,0.19798416126710472,-0.2810175185984946,0.151855,-0.18031000000000003,-0.909579,-0.17578500000000002,0.232001,-0.88561,0.32764,0.41231100000000004,0.023969000000000018,0.9324942162040974,0.26031000000000004,0.26031000000000004,0.06750578379590255,0.73969,-0.88561
839,3.495833,walk,-0.16278,0.517384,0.942669,0.047724,0.026206,-0.638536,-0.3979836773883762,0.7436389822371218,-0.08857417186751167,0.23699650630515817,-0.08447063001631239,-0.011774198325317807,-0.018722995679308164,0.0014402304368713,0.04152664426308084,-0.07633221315409895,0.19467114738357752,-0.24507921267402138,0.15343500000000002,-0.18340199999999995,-0.909037,-0.174445,0.22971400000000008,-0.886262,0.32788,0.41311600000000004,0.02277499999999999,0.9240415498323965,0.27225000000000005,0.27225000000000005,0.0759584501676035,0.7277499999999999,-0.886262
840,3.5,walk,-0.164517,0.520542,0.942176,0.047869,0.026382,-0.63847,-0.41684665226783485,0.7578593712503332,-0.1183105351571846,0.10727818472638577,0.018393613426725325,0.038784143163069766,-0.02399808015358908,0.0011999040076739796,0.04967602591792856,-0.06983441324694001,0.19582433405326738,-0.2284617230621658,0.155072,-0.18655499999999997,-0.9083370000000001,-0.17299899999999999,0.22737200000000002,-0.886721,0.328071,0.413927,0.02161600000000008,0.9080299690768112,0.28384000000000004,0.28384000000000004,0.09197003092318878,0.7161599999999999,-0.886721
841,3.504167,walk,-0.166195,0.523779,0.941583,0.047948,0.027632,-0.638323,-0.4026877849772233,0.7768178545716806,-0.14230861531079741,0.41234440777129466,0.4320748592171548,0.10425380581391107,-0.025197984161268054,0.0026397888169040697,0.054475641948646125,-0.10775137988962159,0.1648668106551535,-0.24982001439885956,0.156645,-0.18978099999999998,-0.9075169999999999,-0.17177,0.22482199999999997,-0.887169,0.328415,0.41460299999999994,0.02034799999999992,0.899868108414362,0.29652,0.29652,0.10013189158563796,0.70348,-0.887169
842,3.508333,walk,-0.167999,0.526761,0.941399,0.048514,0.026229,-0.638659,-0.43302928468553786,0.7157945271243299,-0.044167066730666574,-0.2196522722403147,-0.6793190857510734,-0.24516460446189978,-0.025924147863657585,0.003600576092171588,0.060729716754679856,-0.06553048487757086,0.16874699951992078,-0.21243398943830358,0.158341,-0.19274800000000003,-0.90708,-0.17023899999999997,0.22254299999999994,-0.8878699999999999,0.32858,0.41529099999999997,0.01921000000000006,0.8897839988457521,0.34272979768470485,0.34272979768470485,0.1102160011542479,0.6572702023152952,-0.8878699999999999
843,3.5125,walk,-0.169697,0.529996,0.941051,0.048359,0.026597,-0.638666,-0.4074874010078891,0.7763378929685123,-0.08351331893448374,0.05580357734936937,0.1833383332646488,0.005489220946937999,-0.027597792176624312,0.0076793856491419584,0.06431485481161053,-0.05399568034557644,0.14470842332612993,-0.2073434125269861,0.15992399999999998,-0.19595100000000004,-0.9064639999999999,-0.16876600000000003,0.21991099999999997,-0.888386,0.32869000000000004,0.415862,0.018077999999999927,0.8826565860579046,0.38830575229244657,0.38830575229244657,0.11734341394209535,0.6116942477075534,-0.888386
844,3.516667,walk,-0.171306,0.53324,0.940485,0.048226,0.029794,-0.638108,-0.3861291096712504,0.7784977201824269,-0.13582913366930197,0.9298834830615538,1.2009719367569804,0.39027345998013063,-0.02927765778737807,0.014398848092154365,0.07775377969762724,-0.044636429085666535,0.1219102471802465,-0.1948644108471395,0.16141100000000003,-0.19913500000000006,-0.905574,-0.16734299999999996,0.217175,-0.888632,0.328754,0.41631000000000007,0.016942000000000013,0.859463742033487,0.4403284508398912,0.4403284508398912,0.14053625796651303,0.5596715491601087,-0.888632
845,3.520833,walk,-0.173032,0.536404,0.940151,0.048072,0.031504,-0.637927,-0.4143062890062243,0.7594815170426927,-0.08017282765243575,0.4675557586494322,0.6720430048384067,0.13639214940010858,-0.036245799327891494,0.016082573211722854,0.08593374939990263,-0.020883341334613864,0.09721555448871282,-0.19635141622659238,0.162986,-0.20223199999999997,-0.904882,-0.165704,0.21441600000000005,-0.889116,0.32869,0.416648,0.015765999999999947,0.8422641411871533,0.4755186060021308,0.4755186060021308,0.15773585881284669,0.5244813939978692,-0.889116
846,3.525,walk,-0.174681,0.539537,0.9399,0.047903,0.031849,-0.638068,-0.39572834173268223,0.75185985121195,-0.060235181185508205,0.04400100920569792,0.18398958026079193,-0.07850299827006466,-0.051355891528680205,0.019438444924406394,0.10343172546196797,-0.02015838732902144,0.08327333813294986,-0.19462443004560506,0.164421,-0.20528400000000002,-0.9042,-0.164139,0.21162999999999998,-0.8896759999999999,0.32856,0.416914,0.014524000000000092,0.8048262699269595,0.5003454663670738,0.5003454663670738,0.1951737300730405,0.4996545336329262,-0.8896759999999999
847,3.529167,walk,-0.176456,0.54278,0.939477,0.047457,0.031511,-0.638085,-0.4259659227261557,0.7782577393808011,-0.10151187904965812,-0.2687789756806832,0.011987061821280186,0.001356500136524047,-0.07151427885768695,0.024718022558185254,0.10751139908806569,0.00191984641228882,0.07775377969761728,-0.16678665706742474,0.165898,-0.20842400000000005,-0.903329,-0.162356,0.20871099999999998,-0.889948,0.328254,0.41713500000000003,0.013381000000000087,0.780885787940048,0.5594729523121825,0.5594729523121825,0.21911421205995196,0.4405270476878175,-0.889948
848,3.533333,walk,-0.178157,0.545944,0.939118,0.046745,0.031377,-0.637998,-0.4083053288526507,0.7594815170427737,-0.08617378780605536,-0.30497584389364074,0.16488260084636722,0.07716097720880917,-0.059289486317815714,0.035045607297178726,0.11953912626021072,0.01080172827652924,0.07177148343734083,-0.147863658185321,0.167352,-0.21144199999999996,-0.902472,-0.16060999999999998,0.20584599999999997,-0.890205,0.327962,0.41728799999999994,0.012267000000000028,0.7700661901660422,0.6028027063735946,0.6028027063735946,0.22993380983395784,0.39719729362640543,-0.890205
849,3.5375,walk,-0.179758,0.549228,0.938724,0.046106,0.034187,-0.637554,-0.3842092632589138,0.788096952243788,-0.09455243580513113,0.6251981381583426,1.2171698327530431,0.3239039230727732,-0.04007679385648916,0.04871610271176886,0.15790736741059727,0.020878329733620936,0.06263498920087614,-0.14998800095991421,0.168786,-0.21452300000000007,-0.90142,-0.15892199999999998,0.20282299999999998,-0.890436,0.327708,0.41734600000000005,0.010983999999999994,0.7165973381300788,0.6170328066113453,0.6170328066113453,0.28340266186992125,0.3829671933886547,-0.890436
850,3.541667,walk,-0.181435,0.55249,0.938309,0.044493,0.035229,-0.637166,-0.40244780417568715,0.7828173746100638,-0.09959203263740657,-0.2777413033351453,0.8631484464919238,0.30581634321624385,-0.08543316534677584,0.02471802255820121,0.18166546676266745,0.03311735061194571,0.05519558435324285,-0.14302855771538914,0.170107,-0.21768200000000004,-0.9002479999999999,-0.157107,0.19979099999999994,-0.890617,0.327214,0.417473,0.009630999999999945,0.6628874726508838,0.6422809985939717,0.6422809985939717,0.33711252734911623,0.3577190014060283,-0.890617
851,3.545833,walk,-0.18314,0.555783,0.938046,0.043385,0.037403,-0.636665,-0.40926548247718136,0.7904464714354057,-0.06313010081610537,0.2565883345240147,1.1240788936403816,0.3650612575598806,-0.08185309649543727,0.04152664426307585,0.19563130100815673,0.038406144983194695,0.057129140662521595,-0.13562169947191086,0.17147099999999998,-0.22080200000000005,-0.89917,-0.15524200000000002,0.19673600000000002,-0.890919,0.32671300000000003,0.4175380000000001,0.008251000000000008,0.6398457216237146,0.6640031164199918,0.6398457216237146,0.36015427837628544,0.33599688358000823,-0.890919
852,3.55,walk,-0.184807,0.55903,0.937734,0.041999,0.03782,-0.636307,-0.4000479961603259,0.7792176625870286,-0.07487401007921868,-0.38506522903400814,0.5636477519154225,0.27356879451383165,-0.08279337652988135,0.04463642908567986,0.22966162706984478,0.03959683225342783,0.060955123590109926,-0.14110871130310343,0.172793,-0.22386300000000003,-0.897901,-0.15341,0.193743,-0.891195,0.32620299999999997,0.41760600000000003,0.00670599999999999,0.5863723596601914,0.6683905684606044,0.5863723596601914,0.4136276403398086,0.3316094315393956,-0.891195
853,3.554167,walk,-0.186593,0.561965,0.938156,0.042227,0.036524,-0.636318,-0.42860571154305277,0.7043436525077615,0.101271898248142,-0.3126359988430345,-0.5487214322615305,-0.02180372985698314,-0.1005519558435262,0.04151667866571243,0.2848572114230689,0.047516198704095014,0.050875929925600444,-0.12886969042475716,0.17416,-0.22662500000000002,-0.8971359999999999,-0.151426,0.19101999999999997,-0.892154,0.32558600000000004,0.417645,0.004981999999999931,0.5,0.7060628463441375,0.5,0.5,0.2939371536558625,-0.892154
854,3.558333,walk,-0.188324,0.56516,0.938289,0.041271,0.036341,-0.635962,-0.41550648103695037,0.7669227076331878,0.031925108017293834,-0.4099780585919246,0.21100343741380354,0.25299568720228927,-0.1063370139222248,0.05496879500719466,0.259001440230429,0.046807489198270616,0.044167066730666574,-0.13082093134901318,0.175448,-0.229591,-0.89619,-0.14950000000000002,0.18800899999999998,-0.8928320000000001,0.324948,0.41759999999999997,0.003357999999999972,0.5244568164372599,0.7234305917508348,0.5244568164372599,0.47554318356274006,0.2765694082491652,-0.8928320000000001
855,3.5625,walk,-0.189937,0.56833,0.938251,0.040286,0.035982,-0.635661,-0.3870890328773883,0.7607391408687667,-0.009119270458386189,-0.4745223755722956,0.15653298010572284,0.21803555025913252,-0.12742980561555664,0.06167506599472497,0.311735061195119,0.06695464362851979,0.04823614110871512,-0.13006959443245153,0.17653,-0.232504,-0.8948529999999999,-0.147608,0.18503999999999998,-0.8933359999999999,0.324138,0.41754399999999997,0.0015169999999999906,0.5,0.728099764320685,0.5,0.5,0.271900235679315,-0.8933359999999999
856,3.566667,walk,-0.191622,0.571625,0.938088,0.038835,0.03707,-0.63484,-0.40436765058796953,0.7907367410607627,-0.039116870650328935,-0.2037151534708158,0.8168592955632211,0.5631088802010785,-0.11879049676026435,0.09431245500359843,0.30213582913368386,0.05951523878089316,0.04295656347493362,-0.11135109191265187,0.17772,-0.23540600000000006,-0.8934310000000001,-0.14567500000000003,0.18192399999999997,-0.893637,0.323395,0.41733000000000003,0.00020599999999992846,0.49793999999999994,0.7777239225218721,0.49793999999999994,0.5020600000000001,0.22227607747812794,-0.8934310000000001
857,3.570833,walk,-0.193305,0.574802,0.938206,0.037638,0.037304,-0.634301,-0.4039846375419999,0.7626020163225873,0.028324531925095594,-0.37119184935393224,0.4325947266589629,0.3750599839169114,-0.12073931829092324,0.09361497839654123,0.32405184829571776,0.05640902544407928,0.04296687469993383,-0.09361497839653957,0.1789,-0.23819300000000004,-0.892199,-0.14375699999999997,0.17892599999999992,-0.894145,0.32265699999999997,0.41711899999999996,0.0019460000000000033,0.48054,0.8042685041155786,0.48054,0.51946,0.1957314958844214,-0.892199
858,3.575,walk,-0.194857,0.578212,0.937746,0.037127,0.040711,-0.632978,-0.3724502039836581,0.8183345332372703,-0.11039116870650058,0.8547925021124558,1.3760595181624624,0.8463137448253681,-0.112311015118784,0.10727141828653791,0.3386129109671026,0.05927525797935737,0.0326373890088833,-0.10103191744659924,0.179984,-0.24115599999999993,-0.890328,-0.14195799999999997,0.17565200000000003,-0.894106,0.32194199999999995,0.41680799999999996,0.003777999999999948,0.46221999999999996,0.797335775009411,0.46221999999999996,0.53778,0.202664224990589,-0.890328
859,3.579167,walk,-0.196459,0.581159,0.938337,0.038079,0.037866,-0.632923,-0.38444924406049086,0.7072234221262701,0.14182865370771183,-0.5129602820898176,-1.3474399635054783,-0.005469624357739445,-0.08639308855291952,0.1559875209983234,0.311735061195119,0.06047516198703767,0.0333573314134885,-0.09839212862971428,0.181226,-0.24345299999999997,-0.88962,-0.140104,0.172844,-0.895107,0.32133,0.416297,0.00548700000000002,0.4451299999999999,0.799646369908701,0.4451299999999999,0.5548700000000001,0.20035363009129903,-0.88962
860,3.583333,walk,-0.198017,0.58425,0.938525,0.038107,0.038313,-0.63225,-0.3739798367738745,0.7419587133941385,0.04512722035527409,0.14878563390820068,0.13533277987366193,0.41763606650292884,-0.12001920307248842,0.14978396543446865,0.34157465194430026,0.055208833413346536,0.025444071051379642,-0.09985597695631021,0.182284,-0.24592000000000003,-0.8883850000000001,-0.138316,0.16985899999999998,-0.895711,0.3206,0.415779,0.007325999999999944,0.42674,0.8051593801445978,0.42674,0.57326,0.19484061985540224,-0.8883850000000001
861,3.5875,walk,-0.19964,0.587382,0.938591,0.038444,0.039419,-0.63129,-0.38948884089274954,0.7516198704103805,0.01583873290134449,0.46526360397269734,0.27735697815383475,0.5862058015181625,-0.12934965202784315,0.15454763618910664,0.33765298776099584,0.051595872330220914,0.027837772978164217,-0.08879289656827748,0.183368,-0.24840799999999996,-0.8870439999999999,-0.13647799999999996,0.16684300000000007,-0.8961469999999999,0.31984599999999996,0.41525100000000004,0.009102999999999972,0.40897,0.8226643630562758,0.40897,0.5910299999999999,0.17733563694372423,-0.8870439999999999
862,3.591667,walk,-0.201082,0.590479,0.938706,0.038242,0.039316,-0.630511,-0.34605231581471346,0.7432205423565701,0.02759779217664513,-0.10346496812808659,-0.0037098231023172776,0.4881056266180601,-0.11015118790496115,0.1828653707703236,0.3563714902807559,0.041036717062626904,0.027597792176618487,-0.08015358771297831,0.18435100000000001,-0.250743,-0.8856740000000001,-0.13486499999999998,0.16386100000000003,-0.8965960000000001,0.319216,0.41460400000000003,0.010921999999999987,0.39078,0.8430300107985604,0.39078,0.60922,0.15696998920143956,-0.8856740000000001
863,3.595833,walk,-0.202591,0.593545,0.938927,0.038691,0.039755,-0.629728,-0.36221795487280417,0.73595775324058,0.05304848775802526,0.30366532653060735,0.0016966136538970375,0.47011910067426627,-0.108257321171396,0.18122899663947803,0.3694191070571581,0.03072491598656436,0.024723955832926643,-0.07441190590495182,0.185409,-0.253054,-0.8843559999999999,-0.13322799999999999,0.16089799999999999,-0.897127,0.318637,0.413952,0.012771000000000088,0.37228999999999995,0.8596390942089193,0.37228999999999995,0.62771,0.14036090579108074,-0.8843559999999999
864,3.6,walk,-0.203993,0.596567,0.939141,0.039068,0.039649,-0.629074,-0.3364530837532827,0.7252219822413691,0.05135589152868597,0.11104262367151548,-0.1753764634126048,0.39031483663297356,-0.11927045836332388,0.19966402687783746,0.38588912886966653,0.0290376769858351,0.03623710103191818,-0.06743460523157653,0.186314,-0.25524399999999997,-0.882962,-0.131705,0.15802700000000003,-0.897622,0.318019,0.413271,0.014660000000000006,0.35340000000000005,0.8635393813558314,0.35340000000000005,0.6466,0.13646061864416859,-0.882962
865,3.604167,walk,-0.205506,0.599655,0.938907,0.037925,0.042299,-0.627782,-0.36309095272379543,0.7410607151428442,-0.05615550755938736,0.38129428424377154,1.288724039357725,0.8430059678334705,-0.13270938324934645,0.22054235661148192,0.3628509719222627,0.023038156947441654,0.04175665946724632,-0.06263498920086616,0.187274,-0.25741300000000006,-0.881216,-0.13009600000000002,0.15511299999999995,-0.897649,0.31737,0.412526,0.01643300000000003,0.33567,0.8687928148394564,0.33567,0.66433,0.13120718516054364,-0.881216
866,3.608333,walk,-0.206914,0.602549,0.939286,0.03811,0.041639,-0.627021,-0.3379740758521253,0.6946711473835508,0.09097455592892387,-0.12618283324229174,-0.3286036777153705,0.4610309741880132,-0.14786365818530525,0.23427748439750495,0.3694191070571187,0.009841574651947222,0.0328852616418747,-0.03912626020163201,0.18806599999999998,-0.259331,-0.880056,-0.128647,0.15235600000000005,-0.898191,0.316713,0.411687,0.018135000000000012,0.31865,0.9132506602290539,0.31865,0.68135,0.08674933977094612,-0.880056
867,3.6125,walk,-0.208451,0.605581,0.93924,0.03767,0.042845,-0.62609,-0.36885049196066255,0.7276217902568209,-0.01103911687064857,0.20453569313757758,0.5509852123458377,0.5907996304553458,-0.12119030477562312,0.2615790736741132,0.3594912407007602,0.008639308855287289,0.03071754259657111,-0.035037197024239734,0.189098,-0.26127300000000003,-0.878512,-0.12707400000000002,0.14945199999999992,-0.898291,0.316172,0.41072499999999995,0.01977899999999999,0.30221000000000003,0.9210166990929131,0.30221000000000003,0.6977899999999999,0.07898330090708694,-0.878512
868,3.616667,walk,-0.209833,0.608488,0.939468,0.037324,0.044004,-0.625061,-0.33165346772256066,0.6976241900647506,0.054715622750178085,0.22619270033882255,0.5019220875469076,0.6465309421626937,-0.13798896088312157,0.28965682745378935,0.33957283417324535,0.00383969282457764,0.030957523398137243,-0.03383729301655715,0.189905,-0.262973,-0.877325,-0.125676,0.14667399999999997,-0.89866,0.315581,0.409647,0.021334999999999993,0.28665,0.9232957719798229,0.28665,0.7133499999999999,0.07670422802017707,-0.877325
869,3.620833,walk,-0.21127,0.611333,0.939673,0.037315,0.044524,-0.624126,-0.3449351896303366,0.6829092654824552,0.049207873259722784,0.1595276701044919,0.1650667173558717,0.57498343910783,-0.12193951032164765,0.30748919827170945,0.31901104176667483,-0.004320691310613901,0.025684109457504874,-0.027604416706671603,0.190834,-0.264537,-0.876201,-0.124257,0.14393599999999995,-0.89898,0.315091,0.408473,0.022778999999999994,0.27221,0.936746856166356,0.27221,0.7277899999999999,0.063253143833644,-0.876201
870,3.625,walk,-0.212545,0.614095,0.940095,0.0375,0.044241,-0.623429,-0.3059755219582569,0.6628269738421064,0.1012718982481528,-0.010814795194138842,-0.1858078173388395,0.4208829120296586,-0.14806815454764283,0.33645308375331856,0.30549556035518466,-0.007679385649142777,0.025677945764359045,-0.020398368130550903,0.19149200000000002,-0.26589699999999994,-0.8753500000000001,-0.12301399999999998,0.1412810000000001,-0.899487,0.314506,0.40717800000000004,0.024136999999999964,0.25863,0.9438646653906062,0.25863,0.74137,0.056135334609393794,-0.8753500000000001
871,3.629167,walk,-0.213941,0.61689,0.940408,0.037369,0.045435,-0.622508,-0.3350131989440951,0.6707463402928319,0.07511399088073482,0.3156712485203604,0.45515049625942816,0.5706212144278991,-0.17902567794577254,0.38444924406049086,0.24886009119271504,-0.010559155267576314,0.021358291336695416,-0.010079193664507389,0.19214199999999998,-0.26709000000000005,-0.874626,-0.12166199999999999,0.138575,-0.899842,0.31380399999999997,0.40566500000000005,0.025216000000000016,0.24784000000000006,0.9568831525028083,0.24784000000000006,0.7521599999999999,0.04311684749719169,-0.874626
872,3.633333,walk,-0.215142,0.619451,0.941037,0.037494,0.04447,-0.621968,-0.28828612578011875,0.614738358137267,0.15098415746518806,-0.23837494442753368,-0.4190312128846363,0.3254233258235334,-0.18843014882380688,0.4366298607777161,0.22059529524723429,-0.016082573211722854,0.01728276524242895,-0.0026404224675940524,0.192558,-0.26783199999999996,-0.874336,-0.12052800000000002,0.13608600000000004,-0.900482,0.31308600000000003,0.403918,0.026146000000000003,0.23854000000000009,0.9604078091895106,0.23854000000000009,0.7614599999999999,0.03959219081048937,-0.874336
873,3.6375,walk,-0.216435,0.622124,0.941426,0.037403,0.045293,-0.621347,-0.3102951763858675,0.6414686825053693,0.09335253179744396,0.21669704627231606,0.3147964230968633,0.38442994769622085,-0.07991360691144221,0.4305255579553283,0.2589392848571982,-0.019918406527476527,0.013678905687537862,-0.0026397888168954624,0.193518,-0.26871100000000003,-0.8736459999999999,-0.11931800000000004,0.13346999999999998,-0.900882,0.312836,0.402181,0.027236000000000038,0.2276399999999999,0.9594885522214818,0.2276399999999999,0.7723600000000002,0.04051144777851823,-0.8736459999999999
874,3.641667,walk,-0.217522,0.624708,0.941965,0.037661,0.045212,-0.620925,-0.26085913126951144,0.6201103911687422,0.1293496520278598,0.0758997588268654,-0.12200153605106658,0.24870980859069217,-0.14518838492921263,0.4919606431485697,0.1910247180225648,-0.02207823374129714,0.011759059275250294,-0.0026397888168940785,0.194,-0.26924500000000007,-0.8733890000000001,-0.11832300000000001,0.1309349999999999,-0.901432,0.312323,0.40018,0.02804299999999993,0.21957000000000004,0.9580777053091741,0.21957000000000004,0.78043,0.04192229469082587,-0.8733890000000001
875,3.645833,walk,-0.218668,0.627283,0.94226,0.037216,0.04572,-0.620506,-0.27508401344214517,0.6180988958233133,0.07081132981275232,-0.012339851142235356,0.30865103373417113,0.27295560239784794,-0.16394623139701894,0.5616898703792474,0.18194911185789436,-0.02544407105136632,0.010561689870389534,-0.0014402304368696345,0.194463,-0.26948000000000005,-0.872926,-0.117283,0.12840399999999996,-0.901733,0.311746,0.397884,0.028807000000000027,0.21192999999999995,0.9540222182795335,0.21192999999999995,0.78807,0.045977781720466515,-0.872926
876,3.65,walk,-0.219723,0.629821,0.942824,0.037041,0.045956,-0.620147,-0.253179745620362,0.609071274298067,0.13534917206624303,0.0074982496719187075,0.12815937072452058,0.22588765647509054,-0.16030717542597286,0.6145908327334179,0.1511879049676075,-0.025437964962802935,0.008879289656816758,0.0016798656107512315,0.19485,-0.26945699999999995,-0.87286,-0.11633399999999999,0.125903,-0.90229,0.311184,0.39535999999999993,0.029430000000000067,0.20570000000000005,0.9550075995698339,0.20570000000000005,0.7943,0.04499240043016606,-0.87286
877,3.654167,walk,-0.22086,0.632348,0.943419,0.037256,0.047257,-0.619671,-0.2728581713462755,0.6064314854811382,0.14278857691384111,0.4733229321775794,0.40963711487216736,0.28312422467658166,-0.2234221262298883,0.7192224622029733,0.13174946004319038,-0.026637868970487397,0.00863930885529969,0.004079673626108747,0.195056,-0.26898700000000003,-0.872906,-0.11530800000000002,0.12341199999999997,-0.902868,0.31036400000000003,0.392399,0.029962000000000044,0.20037999999999995,0.952834291597435,0.20037999999999995,0.79962,0.047165708402564954,-0.872906
878,3.658333,walk,-0.221809,0.634833,0.944031,0.037,0.047347,-0.619503,-0.2277964474316084,0.5964954392703208,0.14690350456072837,-0.06809379669729794,0.10378802302185941,0.11218119055931923,-0.19635141622661165,0.758761401824358,0.1020163226116247,-0.02424387902063616,0.006481036965914879,0.00768122899664109,0.195187,-0.26831099999999997,-0.8730929999999999,-0.11445999999999998,0.120954,-0.9034479999999999,0.309647,0.38926499999999997,0.03035500000000002,0.19645,0.9562592616463643,0.19645,0.80355,0.04374073835363568,-0.8730929999999999
879,3.6625,walk,-0.222802,0.637227,0.944826,0.037249,0.047375,-0.619333,-0.23830093592511,0.5745140388768566,0.19078473722103498,0.10357963081600635,-0.0692872112309147,0.09467912426967146,-0.18262538996879168,0.8156947444203931,0.07151427885768528,-0.019678425725947083,0.002639788816890467,0.004079673626108747,0.195419,-0.267306,-0.8735900000000001,-0.11354900000000001,0.11857099999999998,-0.9042260000000001,0.308968,0.38587699999999997,0.030635999999999997,0.19364000000000003,0.9662174987380481,0.19364000000000003,0.80636,0.033782501261951925,-0.8735900000000001
880,3.666667,walk,-0.223713,0.639747,0.945347,0.037127,0.047887,-0.619213,-0.21862251019919288,0.60475161987043,0.12502999760019617,0.10783439715426255,0.22489664790085723,0.07782191617923133,-0.20638348932086367,0.8725701943844825,0.04295656347492696,-0.02111831053515263,0.004079673626120838,0.007679385649149438,0.19547,-0.26619,-0.873932,-0.11272599999999999,0.11606800000000006,-0.904715,0.30819599999999997,0.38225800000000004,0.030783000000000005,0.19216999999999995,0.961935736331568,0.19216999999999995,0.80783,0.038064263668431964,-0.873932
881,3.670833,walk,-0.224604,0.642218,0.945902,0.037298,0.048907,-0.618922,-0.21387421987517488,0.5931349015842374,0.13322131541045534,0.37134022208153555,0.32368504325455927,0.17088537838408455,-0.17714834373499252,0.9167066730676697,0.020643302928465317,-0.016562650023999963,0.0019203072491617336,0.006240998559768972,0.195623,-0.26484199999999997,-0.874401,-0.11190399999999998,0.11360500000000007,-0.905244,0.307527,0.37844700000000003,0.030843000000000065,0.19157000000000007,0.9703277618166348,0.19157000000000007,0.80843,0.029672238183365174,-0.874401
882,3.675,walk,-0.22553,0.644709,0.946576,0.037738,0.049791,-0.618644,-0.2222222222222348,0.5977921766259022,0.16174706023517715,0.431930443005315,0.19319403723288223,0.15245663772167672,-0.18958483321335134,0.96136309095277,0.014638828893690491,-0.012718982481408127,-0.0007199424046017234,0.006719462443004926,0.19575900000000002,-0.263327,-0.875014,-0.11103099999999999,0.11111100000000007,-0.90589,0.30679,0.37443800000000005,0.030876000000000015,0.19124000000000002,0.9759952546386215,0.19124000000000002,0.8087599999999999,0.024004745361378532,-0.875014
883,3.679167,walk,-0.226404,0.647136,0.947247,0.037902,0.049698,-0.618676,-0.20974322054234046,0.5824334053275546,0.16102711783055826,0.03377567257610749,-0.0824055242941005,-0.025946369549070737,-0.20662347012237778,1.0343172546195627,-0.010319174466042417,-0.011279097672190158,-0.0021598272138315835,0.0040796736261104125,0.195772,-0.26144400000000007,-0.875728,-0.11020400000000002,0.10867499999999997,-0.9065439999999999,0.305976,0.37011900000000003,0.030815999999999955,0.19184000000000007,0.9796880826724259,0.19184000000000007,0.80816,0.02031191732757409,-0.875728
884,3.683333,walk,-0.22729,0.64957,0.947869,0.038243,0.049954,-0.618608,-0.21267402784444878,0.5842534805568578,0.1493038886221782,0.20548287918890784,-0.006769839696179607,0.02832583136479509,-0.28372539606336294,1.1197791646663233,-0.038646183389339915,-0.006000960153623755,-0.003600576092171588,0.007441190590493389,0.19547599999999998,-0.25921299999999997,-0.8765109999999999,-0.10934300000000002,0.10622600000000004,-0.9071349999999999,0.304819,0.365439,0.030623999999999985,0.19376,0.9829749377252774,0.19376,0.8062400000000001,0.017025062274722558,-0.8765109999999999
885,3.6875,walk,-0.228127,0.651986,0.948632,0.0388,0.049984,-0.618628,-0.2008639308855394,0.5797936165106993,0.18310535157189922,0.21862715074712488,-0.15265492931808614,-0.033682738480692566,-0.27693784497241375,1.1634269258459766,-0.06143508519318884,-0.0009599232061445124,-0.0038396928245780495,0.0055195584353259506,0.195159,-0.256781,-0.87753,-0.10851000000000002,0.10379400000000005,-0.907875,0.303669,0.36057500000000003,0.030344999999999955,0.19655000000000006,0.9886801282312685,0.19655000000000006,0.80345,0.011319871768731504,-0.87753
886,3.691667,walk,-0.228926,0.654321,0.949541,0.039499,0.049279,-0.618614,-0.19174466042717317,0.5603551715863195,0.2181425485961073,0.05335324468151178,-0.4733005663821128,-0.018400659250617134,-0.2654187664986929,1.1891048716103356,-0.07463402927765923,0.0019198464122890248,-0.005519558435324285,0.0019198464122873594,0.194852,-0.254161,-0.8787499999999999,-0.10770300000000002,0.10143599999999997,-0.9087759999999999,0.302555,0.355597,0.030025999999999997,0.19973999999999997,0.9897480156643659,0.19973999999999997,0.80026,0.010251984335634123,-0.8787499999999999
887,3.695833,walk,-0.229695,0.656579,0.950669,0.040516,0.046927,-0.618864,-0.18458953432549174,0.542006721075353,0.2707633221315379,-0.3200419146572101,-1.1790741136176979,-0.1941335987681253,-0.2652424387901996,1.2349975996159073,-0.07849255880940924,0.003600576092171588,-0.004800768122904334,0.001200192030724418,0.19451600000000002,-0.251274,-0.880205,-0.10691900000000001,0.09915799999999997,-0.909899,0.301435,0.35043199999999997,0.029693999999999998,0.20306000000000002,0.9898003290254557,0.20306000000000002,0.79694,0.010199670974544328,-0.880205
888,3.7,walk,-0.230519,0.659058,0.951081,0.040792,0.048757,-0.618696,-0.19774418046554865,0.5949124070074053,0.09887209023276766,0.6509450562392189,0.6023691109692363,0.09458921757593888,-0.2267818574513904,1.250059995200299,-0.04847612191024275,0.00479961603072205,-0.006239500839925344,0.0055195584353253625,0.19439499999999998,-0.24854400000000004,-0.8808189999999999,-0.106075,0.09665299999999999,-0.910288,0.30047,0.34519700000000003,0.02946900000000008,0.20531,0.9839763013966842,0.20531,0.79469,0.01602369860331576,-0.8808189999999999
889,3.704167,walk,-0.23126,0.661413,0.951865,0.041479,0.048045,-0.618832,-0.17782577393809107,0.5651547876170154,0.18814494840413792,0.045526287743893,-0.466620655033845,-0.11052856057081661,-0.25557955363572,1.3098152147828817,-0.08543316534677833,0.009119270458359545,-0.005759539236867074,0.007679385649147773,0.194071,-0.24544100000000002,-0.8819589999999999,-0.10529600000000003,0.09427399999999997,-0.91104,0.29936700000000005,0.339715,0.029081000000000023,0.20919000000000004,0.9779327826187768,0.20919000000000004,0.79081,0.022067217381223192,-0.8819589999999999
890,3.708333,walk,-0.232117,0.663833,0.952621,0.042681,0.048873,-0.618825,-0.20571291406624417,0.580892942870838,0.18146903504562392,0.7001661023927848,-0.04345018027823858,-0.04158194270197255,-0.28564570331252304,1.353816610657663,-0.09961593855016498,-0.0007201152184289877,-0.006721075372066067,0.023763802208353134,0.193738,-0.24222100000000002,-0.8831300000000001,-0.10444200000000001,0.09182599999999996,-0.9116970000000001,0.29818,0.334047,0.02856700000000001,0.21433000000000008,0.9588225481239181,0.21433000000000008,0.7856699999999999,0.041177451876081905,-0.8831300000000001
891,3.7125,walk,-0.232903,0.66617,0.953391,0.0433,0.048372,-0.618888,-0.18862491000721018,0.5608351331893785,0.1847852171826188,0.0833848718434986,-0.36956041504719667,-0.06419611236030921,-0.27645788336934146,1.3854091672666886,-0.1036717062635041,0.009599232061431802,-0.01103911687064857,0.014158867290616571,0.193372,-0.23878500000000003,-0.884332,-0.10361600000000001,0.08944299999999994,-0.912408,0.29698800000000003,0.32822799999999996,0.02807599999999999,0.21924000000000005,0.9660686608147199,0.21924000000000005,0.7807599999999999,0.03393133918528013,-0.884332
892,3.716667,walk,-0.233674,0.66853,0.954116,0.044097,0.048098,-0.619069,-0.18502519798414854,0.5663546916246158,0.17398608111349448,0.21738185652433392,-0.3319790790319762,-0.1426988345689658,-0.31701463882887504,1.4497240220781367,-0.14278857691383778,0.003119750419962672,-0.010319174466045748,-0.011519078473721264,0.192822,-0.23510399999999998,-0.885652,-0.10283200000000003,0.08704,-0.913181,0.29565400000000003,0.322144,0.027529000000000026,0.22471000000000002,0.9737053357109123,0.22471000000000002,0.77529,0.026294664289087666,-0.885652
893,3.720833,walk,-0.234504,0.670816,0.955119,0.045629,0.046579,-0.619263,-0.1992318771003512,0.5487277964474775,0.24075852136345813,0.12284849154537093,-1.0184580171869941,-0.18500180900946528,-0.3290926548247974,1.4805568891023753,-0.1204992798847917,-0.001200192030719549,-0.017522803648582698,-0.01656265002400506,0.19228099999999998,-0.23122199999999998,-0.8871570000000001,-0.10200700000000001,0.084681,-0.9142530000000001,0.294288,0.315903,0.02709600000000001,0.22904000000000008,0.959764219750083,0.22904000000000008,0.7709599999999999,0.04023578024991703,-0.8871570000000001
894,3.725,walk,-0.235069,0.673117,0.955575,0.045299,0.046385,-0.619418,-0.1355891528677647,0.552195824334019,0.10943124550032952,-0.1830669556269428,0.030654479182121903,-0.08212954824172862,-0.31389488840890906,1.4998800095991487,-0.12095032397407245,0.025677945764342985,-0.026157907367415193,0.030237580993518944,0.19153799999999999,-0.22727299999999995,-0.8881169999999999,-0.10133499999999998,0.08227099999999998,-0.9145829999999999,0.292873,0.30954399999999993,0.02646599999999999,0.23534,0.9208043154784998,0.23534,0.76466,0.07919568452150016,-0.8881169999999999
895,3.729167,walk,-0.235855,0.675439,0.956316,0.045959,0.046691,-0.619402,-0.18862491000721018,0.5572354211663433,0.17782577393811771,0.34012362949980507,-0.08067738861167237,-0.015113462137027259,-0.3326133909287405,1.5397168226542526,-0.12958963282937927,-0.020638348932093695,-0.03311735061194571,0.016318694504440057,0.190938,-0.22317900000000002,-0.889398,-0.100635,0.07981099999999997,-0.9152560000000001,0.291573,0.30299,0.025858000000000048,0.24141999999999997,0.9295057104651843,0.24141999999999997,0.75858,0.07049428953481574,-0.889398
896,3.733333,walk,-0.236479,0.677697,0.957035,0.04648,0.04465,-0.619857,-0.14978396543446199,0.542006721075353,0.1725876140182176,-0.41543254636483806,-0.9053504297369854,-0.3084822670312059,-0.36845895343253954,1.5676908305328445,-0.13370139222275246,-0.0052808449351814425,-0.020883341334600538,0.019203072491599013,0.190027,-0.218906,-0.890674,-0.10003299999999998,0.07746600000000003,-0.915895,0.29006,0.296372,0.02522100000000005,0.24779,0.9519040524447782,0.24779,0.75221,0.04809594755522184,-0.890674
897,3.7375,walk,-0.237318,0.679949,0.957982,0.048331,0.043548,-0.620039,-0.20134389248861165,0.5404367650588275,0.2272618190544935,0.36738935111736504,-0.9560953538807315,-0.190581262938222,-0.3669306455483735,1.601151907847448,-0.1492680585553218,0.026397888168947448,-0.011759059275276937,0.03167746580273727,0.189337,-0.214486,-0.892243,-0.09908399999999998,0.07516499999999993,-0.91671,0.288421,0.28965099999999994,0.024467000000000017,0.25532999999999995,0.9285354436236761,0.25532999999999995,0.74467,0.07146455637632387,-0.892243
898,3.741667,walk,-0.237787,0.682218,0.958409,0.047749,0.043507,-0.620231,-0.11255099592031885,0.5445164386848638,0.10247180225580253,-0.23197545884713017,0.16465088262256172,-0.09476359061881508,-0.37149028077751367,1.6496280297575168,-0.1331893448524037,0.004079673626107082,-0.007439404847612517,0.027837772978159585,0.188258,-0.20988099999999998,-0.8932249999999999,-0.09859799999999999,0.07286499999999996,-0.917021,0.286856,0.28274599999999994,0.02379600000000004,0.26203999999999994,0.9514965612397261,0.26203999999999994,0.7379600000000001,0.048503438760273854,-0.8932249999999999
899,3.745833,walk,-0.238458,0.684446,0.959199,0.048519,0.042015,-0.620505,-0.1610657705232805,0.5348055688910098,0.18963034085454797,-0.15677805477425805,-0.7791018856442226,-0.20790477615966027,-0.39102256361016824,1.6689870379260194,-0.1430628900624059,0.001200192030719421,-0.006961113778191297,0.005760921747478538,0.1873,-0.205156,-0.894611,-0.09792200000000001,0.070608,-0.917787,0.28522200000000003,0.275764,0.023175999999999974,0.2682399999999999,0.9848080992590627,0.2682399999999999,0.7317600000000001,0.015191900740937347,-0.894611
900,3.75,walk,-0.239065,0.686737,0.959775,0.049198,0.042279,-0.620772,-0.14566834653228322,0.5497960163187299,0.13822894168467656,0.33419028374353565,-0.09156402745621636,-0.1875181938464132,-0.38420926325895643,1.6825053995681087,-0.1360691144708514,0.0014398848092167685,-0.0067194624430115864,0.004079673626110847,0.186306,-0.20043600000000006,-0.895754,-0.097309,0.06828899999999993,-0.918346,0.283615,0.268725,0.022591999999999945,0.2740800000000001,0.9866804049233177,0.2740800000000001,0.7259199999999999,0.013319595076682345,-0.895754
901,3.754167,walk,-0.239687,0.688946,0.960394,0.049989,0.041755,-0.620941,-0.14926805855532513,0.5301175905927541,0.14854811615069677,0.1407752417085314,-0.4249971537709995,-0.13857642715324645,-0.3782097432205599,1.7266618670507166,-0.13918886489081442,0.0,-0.005519558435324285,0.004559635229181438,0.18535200000000002,-0.19544999999999996,-0.896953,-0.096687,0.06605700000000003,-0.9189459999999999,0.282039,0.261507,0.02199299999999993,0.28007000000000004,0.9880678074632633,0.28007000000000004,0.71993,0.011932192536736719,-0.896953
902,3.758333,walk,-0.240237,0.691183,0.960938,0.05045,0.041612,-0.621174,-0.13202112337973593,0.5369659145463234,0.13058089294286462,0.13052449723845558,-0.1813291715868915,-0.1614586191214428,-0.3814210273643679,1.7575612097935176,-0.12938070091214188,0.0014402304368713,-0.004800768122904334,0.004320691310610569,0.184313,-0.190365,-0.898036,-0.096131,0.06379999999999997,-0.919472,0.280444,0.254165,0.02143600000000001,0.28564,0.988970996357738,0.28564,0.71436,0.011029003642262003,-0.898036
903,3.7625,walk,-0.240757,0.693325,0.961659,0.050975,0.040179,-0.621534,-0.12479001679864675,0.5140388768898121,0.17302615790737672,-0.23168623642270902,-0.6800116462667494,-0.25346203401876005,-0.3887688984880964,1.783297336212986,-0.14326853851691,-0.0014398848092166152,0.0011999040076871733,0.0014398848092149498,0.18321300000000001,-0.18507600000000002,-0.899354,-0.09561700000000001,0.06166300000000002,-0.9201870000000001,0.27883,0.24673900000000004,0.0208330000000001,0.29167000000000004,0.9960607720175125,0.29167000000000004,0.7083299999999999,0.00393922798248747,-0.899354
904,3.766667,walk,-0.24134,0.695505,0.962203,0.051462,0.039639,-0.621719,-0.1399088072954228,0.523158147348253,0.13054955603552046,0.021542932297125086,-0.34016039299476764,-0.13726671865762857,-0.3726901847852339,1.811135109191367,-0.14230861531078076,-0.0019198464122890248,0.0038396928245780495,0.008879289656826748,0.182243,-0.179709,-0.900491,-0.09504200000000002,0.05949899999999997,-0.920694,0.277285,0.23920799999999998,0.02020299999999997,0.29796999999999996,0.9835623369426147,0.29796999999999996,0.70203,0.016437663057385254,-0.900491
905,3.770833,walk,-0.241799,0.697607,0.962901,0.052301,0.038321,-0.622113,-0.1101776284205412,0.5045607297167258,0.16754680748918802,-0.07898431003826621,-0.7287811795619401,-0.28690374892968623,-0.3698991838694092,1.8355736917906265,-0.1144983197311551,-0.02808449351895704,-0.0016802688430098544,0.006240998559770637,0.181161,-0.17416399999999999,-0.901666,-0.0947,0.05739000000000005,-0.921366,0.275861,0.23155400000000004,0.01970000000000005,0.30300000000000005,0.9519689873731974,0.30300000000000005,0.697,0.04803101262680265,-0.901666
906,3.775,walk,-0.24232,0.699782,0.963383,0.052573,0.038083,-0.622285,-0.12502999760020284,0.5219582433405657,0.11567074634029384,0.031221332526906332,-0.16339599969761118,-0.11808684621494098,-0.369090472762197,1.8581713462923948,-0.12790976721862804,-0.008399328053757822,0.0023998080153479593,0.006959443244539389,0.180144,-0.16859599999999997,-0.902681,-0.09421399999999999,0.05522499999999997,-0.9218189999999999,0.274358,0.22382099999999994,0.01913799999999999,0.30862,0.9813853671254801,0.30862,0.69138,0.01861463287451992,-0.902681
907,3.779167,walk,-0.242755,0.701934,0.963908,0.052872,0.037166,-0.62261,-0.10439164866809802,0.5164386849051598,0.12598992080632726,-0.16191819691449152,-0.4201277638407998,-0.2207757256039605,-0.3762898968082307,1.8675305975520715,-0.10967122630188894,-0.00383969282457764,0.005279577633780934,0.005999520038397568,0.179011,-0.16296599999999994,-0.903663,-0.09379500000000002,0.053095,-0.922319,0.272806,0.21606099999999995,0.018656000000000006,0.31344000000000005,0.985222819612907,0.31344000000000005,0.68656,0.01477718038709297,-0.903663
908,3.783333,walk,-0.243226,0.704067,0.964396,0.053359,0.037009,-0.622842,-0.11305808929429585,0.5120019203073021,0.11713874219877163,0.13661788484954415,-0.19469064756486432,-0.16260141971224457,-0.359097455592926,1.9049447911667239,-0.10201632261162637,-0.01680268843014031,-0.007681228996621103,0.00048007681229048457,0.17798599999999998,-0.15716300000000005,-0.904576,-0.09339399999999998,0.05093000000000003,-0.922805,0.27137999999999995,0.20809300000000008,0.01822899999999994,0.31771000000000005,0.9691976691392157,0.31771000000000005,0.68229,0.03080233086078432,-0.904576
909,3.7875,walk,-0.243685,0.706199,0.964805,0.053447,0.03694,-0.622887,-0.11015118790496448,0.5116390688744643,0.09815214782816602,0.012502293142666642,-0.050281413571599716,-0.03182797008423034,-0.35325173986078656,1.9265658747299126,-0.10415166786656359,-0.01535877129829724,0.0033597312214921136,0.011279097672185162,0.17697300000000002,-0.15126700000000004,-0.905419,-0.09299899999999997,0.048811999999999967,-0.9231670000000001,0.269972,0.200079,0.017748000000000097,0.32252000000000003,0.9677510683220547,0.32252000000000003,0.67748,0.03224893167794529,-0.905419
910,3.791667,walk,-0.244108,0.708292,0.965339,0.053904,0.036057,-0.623204,-0.10151187904967561,0.5022798176146165,0.12814974802014586,-0.09236876145734577,-0.45458853887745415,-0.2220172734159711,-0.3489320854331839,1.9299256059516106,-0.0921526277897816,-0.013438924886009852,0.002879769618433537,-0.0004799616030722562,0.175942,-0.14531800000000006,-0.906337,-0.09263199999999999,0.04673099999999997,-0.9237029999999999,0.268574,0.19204900000000003,0.017365999999999993,0.32634,0.9770793556005186,0.32634,0.6736599999999999,0.022920644399481382,-0.906337
911,3.795833,walk,-0.244557,0.710539,0.965411,0.05399,0.038139,-0.622996,-0.10777724435909569,0.5393662986077622,0.017282765242455603,0.6571045172101668,0.7468237449209917,0.1484642233541898,-0.3240518482957161,1.9714354296686993,-0.07849255880940757,-0.01512241958714199,-0.00048007681227710855,-0.00528084493518977,0.175041,-0.13935200000000003,-0.906736,-0.09224600000000002,0.04448200000000002,-0.923797,0.26728700000000005,0.18383400000000005,0.017060999999999993,0.32939,0.973291419858406,0.32939,0.6706099999999999,0.02670858014159405,-0.906736
912,3.8,walk,-0.244907,0.712471,0.966129,0.054569,0.035385,-0.623495,-0.0839932805375649,0.4636429085673199,0.17230621550276679,-0.6079863168577818,-1.1847837693438468,-0.36133195513989275,-0.3138948884089425,1.9798416126710718,-0.0811135109191297,-0.0763138948884088,-0.03311735061197235,-0.05183585313175205,0.17408300000000002,-0.13303399999999999,-0.907792,-0.09221399999999999,0.042412000000000005,-0.924731,0.266297,0.175446,0.016938999999999926,0.33060999999999996,0.8366366937833551,0.33060999999999996,0.66939,0.16336330621664485,-0.907792
913,3.804167,walk,-0.245282,0.71457,0.966405,0.054664,0.035145,-0.623704,-0.08999280057594519,0.5037197024237929,0.06623470122388436,-0.03560257766401855,-0.10995095251360747,-0.13453312818327612,-0.3086153107751181,1.9935205183584253,-0.06071514278857399,0.04775617950563778,0.03575713942885929,0.00239980801535936,0.173172,-0.126826,-0.9083209999999999,-0.09164,0.040462,-0.924997,0.264812,0.167288,0.016676000000000024,0.33324000000000004,0.900487510839368,0.33324000000000004,0.66676,0.09951248916063204,-0.9083209999999999
914,3.808333,walk,-0.245711,0.71675,0.966612,0.054723,0.036221,-0.62357,-0.10297647623619802,0.5232837253960394,0.04968795007202654,0.3451157268036756,0.38030213733575347,0.09322188354222674,-0.29116658665385803,2.0040806529043955,-0.046327412385980184,0.02664426308208574,0.022803648583762274,-0.01584253480556931,0.172388,-0.12065700000000001,-0.908721,-0.09110000000000001,0.038376999999999994,-0.92527,0.26348800000000006,0.159034,0.016549000000000036,0.33451,0.9358623647279454,0.33451,0.66549,0.06413763527205463,-0.908721
915,3.8125,walk,-0.24604,0.718784,0.966937,0.055037,0.035238,-0.623939,-0.07895368370530621,0.4881209503239916,0.07799376049916835,-0.17606996368092082,-0.4470943815220978,-0.2506509270499139,-0.26421886249101395,2.0388768898489196,-0.04799616030717733,0.0035997120230485823,0.012718982481394806,-0.016558675305976187,0.171616,-0.11419499999999994,-0.909246,-0.09075599999999998,0.036395999999999984,-0.925664,0.262372,0.15059099999999992,0.016418000000000044,0.33582,0.9646871061516691,0.33582,0.66418,0.03531289384833092,-0.909246
916,3.816667,walk,-0.246403,0.720914,0.967088,0.055085,0.036433,-0.623791,-0.08711303095752791,0.51115910727146,0.0362371010318954,0.3767215773097541,0.4273485275749928,0.10403986106476006,-0.2651787856971551,2.043676505879615,-0.0254379649628046,-0.002159827213831814,0.01583873290137113,-0.02135829133669375,0.17087400000000003,-0.10780900000000004,-0.909503,-0.09040200000000001,0.03433199999999992,-0.925904,0.261276,0.14214099999999996,0.016401,0.33599,0.9555369403531404,0.33599,0.66401,0.04446305964685959,-0.909503
917,3.820833,walk,-0.246703,0.722836,0.967521,0.055797,0.034669,-0.624279,-0.07201152184349172,0.4613538166106401,0.1039366298607789,-0.2610457803321601,-0.8535295712836077,-0.34966464807974323,-0.23499759961593394,2.0631301008160787,-0.026884301488235954,0.007441190590495055,0.01488238118099011,-0.021123379740757415,0.17019499999999999,-0.101136,-0.910048,-0.09007100000000001,0.032471999999999945,-0.9264249999999999,0.260266,0.13360799999999995,0.016376999999999975,0.33623,0.9551839017423984,0.33623,0.66377,0.04481609825760158,-0.910048
918,3.825,walk,-0.247011,0.724892,0.967753,0.055673,0.034594,-0.624401,-0.0739140868730463,0.49340052795772055,0.05567554595632249,-0.06852791053961066,0.013830924429951446,-0.07129486058014792,-0.21262299016077368,2.0597552195823097,-0.016558675305976087,0.00095992320614441,-0.008399328053756927,0.0009599232061427448,0.16961700000000002,-0.09460899999999994,-0.910349,-0.089759,0.03038099999999999,-0.926653,0.259376,0.12498999999999993,0.016303999999999985,0.33696000000000004,0.9858194561225195,0.33696000000000004,0.66304,0.014180543877480467,-0.910349
919,3.829167,walk,-0.247377,0.726889,0.967975,0.056173,0.034172,-0.624714,-0.08783297336213629,0.4792416606671749,0.05327573794098047,0.0622844654345937,-0.2946804729605635,-0.2168243747287599,-0.19054475641949253,2.0839932805376313,0.008159347252221694,-0.024238060955115635,-0.001199904007660658,0.012239020878330877,0.16918900000000003,-0.08792200000000006,-0.910537,-0.08949399999999996,0.028379000000000043,-0.926824,0.258683,0.1163010000000001,0.01628699999999994,0.33713,0.9547010853529665,0.33713,0.6628700000000001,0.045298914647033506,-0.910537
920,3.833333,walk,-0.247652,0.728968,0.968078,0.056272,0.03461,-0.624933,-0.06601056168986796,0.4990398463753925,0.024723955832924006,0.1701957114679444,0.14313831903012253,-0.1321992029801153,-0.17714834373499336,2.0909745559288972,0.03648583773403629,-0.023763802208356465,0.00048007681227710855,0.015602496399424095,0.16872600000000001,-0.08128999999999997,-0.910488,-0.08931799999999998,0.026302000000000048,-0.926862,0.258044,0.10759200000000002,0.016374,0.33626,0.9526130977121545,0.33626,0.66374,0.04738690228784548,-0.910488
921,3.8375,walk,-0.247935,0.730932,0.968345,0.056507,0.034083,-0.625236,-0.06791456683465098,0.4713222942165026,0.06407487401008626,-0.06891094423820746,-0.2550896558639569,-0.2029493787970425,-0.17158627309816174,2.096472282217537,0.024478041756660088,-0.008639308855287289,-0.001679865610746236,0.01055915526757798,0.168294,-0.07451799999999997,-0.910653,-0.08907099999999998,0.02433099999999999,-0.927085,0.25736499999999995,0.09884899999999996,0.016432000000000002,0.33568,0.9770898272272366,0.33568,0.66432,0.022910172772763415,-0.910653
922,3.841667,walk,-0.248241,0.733079,0.968145,0.056868,0.036142,-0.625155,-0.0734341252699741,0.5152387808974992,-0.04799616030716722,0.7553857926166954,0.6588343721610165,0.06426466527908563,-0.16366690664745873,2.1495080393567187,0.04775617950563611,-0.0007199424046149684,0.006959443244526991,-0.0011999040076788473,0.16791799999999998,-0.06770799999999999,-0.910254,-0.08876800000000001,0.022212999999999927,-0.92689,0.25668599999999997,0.08992099999999992,0.016635999999999984,0.33364000000000005,0.9881687869308672,0.33364000000000005,0.66636,0.011831213069132818,-0.910254
923,3.845833,walk,-0.248567,0.735041,0.968327,0.056924,0.035734,-0.625404,-0.0782525204032757,0.470955352856499,0.04368698991839412,-0.10078745036271636,-0.15908862322415598,-0.16088528988912798,-0.1265002400384161,2.1404224675949735,0.0026404224675959996,-0.011521843494958304,-0.00552088334133391,-0.012962073931829758,0.167717,-0.06075300000000006,-0.910425,-0.08848999999999999,0.020227999999999913,-0.927126,0.25620699999999996,0.08098099999999997,0.016700999999999966,0.33299,0.9696662824655672,0.33299,0.66701,0.030333717534432814,-0.910425
924,3.85,walk,-0.248784,0.73709,0.968361,0.057531,0.035522,-0.625874,-0.05207583393328096,0.4917206623469745,0.008159347252214164,0.1660996560118977,-0.24136383322838786,-0.315841016200556,-0.10271178305734863,2.1360691144707236,0.06431485481161053,0.00863930885528637,0.010079193664502984,-0.007919366450683057,0.167506,-0.05390099999999998,-0.910191,-0.08823700000000001,0.01822099999999993,-0.927193,0.255743,0.07212199999999991,0.017002000000000073,0.32998000000000005,0.9742369683782388,0.32998000000000005,0.67002,0.02576303162176119,-0.910191
925,3.854167,walk,-0.249094,0.739115,0.968384,0.057492,0.03651,-0.626003,-0.07439404847612643,0.4859611231101598,0.005519558435324285,0.28407904636866316,0.3862157974000475,-0.0640187427632776,-0.11183105351572245,2.14110871130319,0.09143268538517321,0.019198464122876926,0.009839212862987912,-0.023998080153589497,0.16735,-0.047003999999999935,-0.909833,-0.08784699999999998,0.016237000000000057,-0.927316,0.255197,0.06324099999999999,0.017483000000000026,0.32517,0.9462180589608297,0.32517,0.67483,0.05378194103917033,-0.909833
926,3.858333,walk,-0.24941,0.741079,0.968472,0.057994,0.036109,-0.626313,-0.07585213634180853,0.4714354296687525,0.02112337974075242,0.06866860006809695,-0.28716244613565073,-0.21602097783831017,-0.0897743638982211,2.1449831973114977,0.08641382621219139,-0.009841574651947222,0.022563610177610393,-0.012241958713394391,0.167292,-0.04003200000000007,-0.909561,-0.08757200000000001,0.014366999999999908,-0.927455,0.254864,0.054398999999999975,0.017894000000000077,0.32106,0.9541791335434794,0.32106,0.67894,0.045820866456520615,-0.909561
927,3.8625,walk,-0.249577,0.743082,0.968468,0.058027,0.036494,-0.6267,-0.040076793856493424,0.4806815454763783,-0.0009599232061445124,0.13059519905691283,0.15012243577386225,-0.23420189274155806,-0.08519318454524222,2.1375089992801546,0.11207103431726025,-0.006719462442998265,0.014878809695226619,-0.005039596832253694,0.16710399999999997,-0.033128000000000046,-0.90909,-0.08743299999999998,0.012425999999999937,-0.927472,0.25453699999999996,0.04555399999999998,0.01838200000000001,0.31618,0.9715235141007486,0.31618,0.68382,0.028476485899251447,-0.90909
928,3.866667,walk,-0.249905,0.745026,0.968665,0.058212,0.036105,-0.626963,-0.0787137029037617,0.4665226781857037,0.047276217902565566,-0.04689712953585993,-0.18960636379963666,-0.17462369890727897,-0.07559395248379569,2.12910967122617,0.12023038156946747,-0.02591792656587243,-0.007199424046069754,-0.01703863690904496,0.167117,-0.0262,-0.908786,-0.08721299999999998,0.010452000000000017,-0.92774,0.25432999999999995,0.03665200000000002,0.018954000000000026,0.31046,0.9469307116490528,0.31046,0.68954,0.05306928835094715,-0.908786
929,3.870833,walk,-0.250143,0.747056,0.968557,0.05848,0.037253,-0.6271,-0.05712914066250827,0.4872779644743235,-0.025924147863656752,0.4481769671624422,0.3540628296694208,-0.07928624471138919,-0.03696591454632673,2.167546807489135,0.14546327412385474,0.011521843494957076,0.02400384061449502,0.014162265962552795,0.167201,-0.019200000000000106,-0.908072,-0.08692699999999998,0.008521999999999919,-0.927573,0.25412799999999997,0.027722000000000024,0.01950099999999999,0.30499000000000004,0.949736609883467,0.30499000000000004,0.6950099999999999,0.050263390116533024,-0.908072
930,3.875,walk,-0.250385,0.749042,0.968636,0.058705,0.037565,-0.627435,-0.05807535397168971,0.4766018718502575,0.018958483321347457,0.180206501743658,0.0632806085850995,-0.21120996382593754,-0.06983441324694334,2.1694264458844397,0.17902567794577337,0.016558675305972857,0.020158387329008116,-0.023758099352053367,0.16715200000000002,-0.01214599999999999,-0.907405,-0.08661599999999997,0.006619999999999959,-0.9277510000000001,0.253768,0.01876599999999995,0.020346000000000086,0.29653999999999997,0.9411924609798816,0.29653999999999997,0.70346,0.05880753902011837,-0.907405
931,3.879167,walk,-0.250594,0.751029,0.968653,0.058803,0.037433,-0.62782,-0.050155987520990826,0.4768418526518003,0.004079673626094195,-0.0013947526633680742,-0.06215557052846079,-0.24305345864252048,-0.036237101031918705,2.1231101511880137,0.20134389248860998,0.008399328053757822,0.02327813774898444,-0.026637868970483574,0.16720999999999997,-0.005285999999999902,-0.906583,-0.086372,0.004730000000000012,-0.927879,0.253582,0.010015999999999914,0.02129599999999998,0.28703999999999996,0.9394012176482804,0.28703999999999996,0.71296,0.06059878235171956,-0.906583
932,3.883333,walk,-0.250845,0.752969,0.96871,0.058784,0.038189,-0.627984,-0.060249639942389424,0.4656745079212673,0.013682189150257365,0.22261233605820746,0.29475441311149786,-0.09028962002560141,-0.06457033125299999,2.1200192030724216,0.17090734517522438,-0.0016802688430231792,0.008161305808950692,-0.012962073931828376,0.16719199999999998,0.0016059999999999963,-0.905928,-0.08612800000000004,0.0028240000000000487,-0.92799,0.25332,0.0012180000000000524,0.022062000000000026,0.27937999999999996,0.9743178847084076,0.27937999999999996,0.72062,0.025682115291592367,-0.905928
933,3.8875,walk,-0.251065,0.755,0.968732,0.05896,0.038618,-0.628242,-0.05279577633788927,0.487401007919338,0.005279577633807577,0.19690329142372473,0.11827345281920632,-0.16034039200657446,-0.0787137029037617,2.125989920806194,0.18214542836571865,-0.000479961603072205,0.008159347252214164,-0.0021598272138232573,0.16708399999999998,0.008433999999999942,-0.9051910000000001,-0.08591000000000004,0.0008270000000000222,-0.928021,0.25299400000000005,0.007606999999999919,0.022829999999999906,0.27169999999999994,0.9859099952373431,0.27169999999999994,0.7283000000000001,0.014090004762656871,-0.9051910000000001
934,3.891667,walk,-0.251233,0.756999,0.968763,0.058957,0.039081,-0.628486,-0.040316774658029554,0.4797216222702338,0.0074394048476133096,0.14022508251218233,0.18408771018442818,-0.14422029588811305,-0.1036717062635041,2.1288696904248807,0.200143988480931,-0.006239500839926008,0.0002399808015427889,0.0021598272138234876,0.16681999999999997,0.015306000000000042,-0.9043880000000001,-0.08576800000000001,-0.001170999999999922,-0.9280430000000001,0.252588,0.016476999999999964,0.02365499999999998,0.26344999999999996,0.9889881610287787,0.26344999999999996,0.73655,0.011011838971221266,-0.9043880000000001
935,3.895833,walk,-0.251574,0.758906,0.968923,0.058978,0.038937,-0.628623,-0.0818530964954456,0.4577532405184685,0.03840614498318137,-0.03523716338211372,-0.05403728425010578,-0.08709620694528308,-0.0916946711473795,2.1039366298607254,0.19995199231876562,-0.012481997119537944,0.019443110897742564,0.01056168987037954,0.166779,0.022164000000000073,-0.9037149999999999,-0.08547899999999997,-0.0029969999999999164,-0.928159,0.252258,0.02516099999999999,0.02444400000000002,0.25556,0.9576593147331426,0.25556,0.74444,0.042340685266857414,-0.9037149999999999
936,3.9,walk,-0.251726,0.760936,0.96894,0.058959,0.039466,-0.628849,-0.036477081833451504,0.48716102711784715,0.004079673626120838,0.15426536147738268,0.2126981129658025,-0.1320408623057251,-0.08615310775138339,2.1075113990881587,0.20926325893929387,-0.030477561795054963,0.0007199424046017234,0.034557235421167475,0.166572,0.028916000000000053,-0.90286,-0.08545399999999997,-0.005023999999999917,-0.928032,0.252026,0.03393999999999997,0.025171999999999972,0.24828,0.9231957283813927,0.24828,0.7517199999999999,0.07680427161860726,-0.90286
937,3.904167,walk,-0.251853,0.762762,0.969348,0.059058,0.037662,-0.629478,-0.030477561795051716,0.43820494360451023,0.09791216702662325,-0.5075019268702542,-0.6743879454015802,-0.4158585974510139,-0.08735301175905473,2.0784737221021126,0.2198224142068501,-0.00671946244301087,0.007199424046069754,-0.004799616030717054,0.166335,0.03575099999999998,-0.902352,-0.08535500000000001,-0.006820000000000048,-0.92846,0.25169,0.042571000000000025,0.02610799999999991,0.23892000000000002,0.9817411211734859,0.23892000000000002,0.76108,0.018258878826514113,-0.902352
938,3.908333,walk,-0.252183,0.76489,0.969223,0.058989,0.039868,-0.629168,-0.07921267402785,0.5108017282765426,-0.030004800768135297,0.6424515605560975,0.8289555340968648,0.22338410599065944,-0.10345655304849616,2.0722515602498044,0.24963994239080212,0.00024003840615190468,-0.00048007681230380936,-0.02448391742678973,0.166234,0.04225600000000007,-0.901187,-0.08502399999999999,-0.008950000000000014,-0.928437,0.251258,0.051206000000000085,0.027249999999999996,0.22750000000000004,0.9591836666427112,0.22750000000000004,0.7725,0.04081633335728885,-0.901187
939,3.9125,walk,-0.252237,0.766747,0.969471,0.058909,0.038457,-0.629669,-0.012958963282936215,0.4456443484520961,0.059515238780900134,-0.4560515884143089,-0.4795167842872026,-0.3241873403012606,-0.09383249340052283,2.067674586032981,0.26877849772016504,-0.000479961603072205,0.013678905687564503,-0.017758579313654935,0.165897,0.04901500000000003,-0.900315,-0.08497199999999999,-0.010749999999999926,-0.928759,0.250869,0.05976499999999996,0.028444000000000025,0.21556000000000003,0.9626313424857929,0.21556000000000003,0.78444,0.03736865751420715,-0.900315
940,3.916667,walk,-0.252512,0.768816,0.969615,0.059182,0.038668,-0.629805,-0.06599472042237528,0.4965202783777761,0.0345572354211758,0.16667458313407363,0.0023307562345694075,-0.09279147850889989,-0.07751379889609278,2.096712263019053,0.2325413966882783,0.006719462442998265,0.012239020878335873,-0.01967842572594252,0.16584900000000002,0.05568299999999993,-0.89949,-0.084669,-0.012768000000000002,-0.928985,0.250518,0.06845099999999993,0.029494999999999938,0.20504999999999995,0.9597858079696759,0.20504999999999995,0.79495,0.04021419203032406,-0.89949
941,3.920833,walk,-0.252634,0.770797,0.969644,0.059215,0.039346,-0.629811,-0.029284685549689785,0.47551608257317457,0.006961113778191297,0.21830480053853749,0.24273153995916574,0.004026008958746826,-0.11689870379260393,2.0472875660105077,0.24507921267401972,0.009841574651947222,0.007681228996620285,-0.01272203552568316,0.16548400000000002,0.062231000000000036,-0.8984979999999999,-0.08450599999999997,-0.01471699999999998,-0.929067,0.24999,0.07694800000000002,0.03056900000000007,0.19431000000000004,0.9702927216903035,0.19431000000000004,0.80569,0.02970727830969655,-0.8984979999999999
942,3.925,walk,-0.252836,0.772797,0.969887,0.059141,0.039071,-0.629869,-0.048476121910244585,0.4799616030717766,0.058315334773245825,-0.1109000385864897,-0.07754598499738746,-0.03641446983711871,-0.1327093832493456,2.0002399808016227,0.25557955363572,-0.01103911687064857,0.005759539236867074,-0.010799136069115773,0.165133,0.06856600000000002,-0.897676,-0.08434999999999998,-0.016692999999999958,-0.929355,0.24948299999999998,0.08525899999999997,0.03167900000000001,0.18321000000000004,0.9725300298636995,0.18321000000000004,0.8167899999999999,0.02746997013630048,-0.897676
943,3.929167,walk,-0.252872,0.774877,0.969821,0.058739,0.03979,-0.629935,-0.00863930885528637,0.49916006719461364,-0.015838732901369446,0.06859360387139754,0.3914438512722394,-0.01469239370084788,-0.10655147588192294,2.0177585793135515,0.2870170386368922,-0.0031197504199759933,0.003599712023034877,-0.010079193664506315,0.16472499999999998,0.07489400000000002,-0.896414,-0.08432700000000004,-0.018758000000000052,-0.929331,0.24905200000000002,0.09365200000000007,0.032916999999999974,0.17082999999999998,0.9814197749790607,0.17082999999999998,0.82917,0.018580225020939256,-0.896414
944,3.933333,walk,-0.253088,0.776879,0.970136,0.058642,0.039479,-0.629917,-0.051848295727313504,0.48055688910223077,0.07561209793565664,-0.13082294542018721,-0.08738973750323856,0.011560473750751912,-0.18386941910705276,1.9402304368698344,0.30100816130580194,-0.008641382621214475,0.003600576092171588,-0.001200192030724418,0.16417499999999996,0.08097500000000002,-0.895475,-0.08414700000000003,-0.020745000000000013,-0.929651,0.248322,0.10172000000000003,0.034175999999999984,0.15824,0.9842698005670303,0.15824,0.8417600000000001,0.015730199432969716,-0.895475
945,3.9375,walk,-0.253108,0.778962,0.969995,0.058629,0.040658,-0.629632,-0.004799616030722562,0.4998800095992686,-0.033837293016547434,0.35221565271063726,0.43033827609034164,0.19092783525125792,-0.14158867290617236,1.9484041276698723,0.31101511879050897,-0.008639308855287289,0.013438924886023173,-0.006959443244541054,0.163605,0.08701099999999995,-0.8940380000000001,-0.08416299999999999,-0.022772000000000014,-0.929539,0.247768,0.10978299999999996,0.035500999999999894,0.14499000000000006,0.9709561533643045,0.14499000000000006,0.8550099999999999,0.02904384663569548,-0.8940380000000001
946,3.941667,walk,-0.253319,0.781022,0.970396,0.058684,0.039818,-0.62984,-0.0506359491240764,0.49436045116391764,0.09623230141588746,-0.2338546401140007,-0.320145221390858,-0.1409253717501207,-0.1639068874490123,1.9318454523638995,0.31509479241662314,-0.002879769618433537,0.010559155267562993,-0.0007199424046067191,0.16313300000000003,0.093001,-0.8931260000000001,-0.08396399999999998,-0.024788000000000032,-0.9299430000000001,0.247097,0.11778900000000003,0.03681699999999999,0.13183,0.9817192306503295,0.13183,0.86817,0.01828076934967049,-0.8931260000000001
947,3.945833,walk,-0.253307,0.783149,0.970269,0.058716,0.040689,-0.629586,0.0028804608737426,0.5105616898703629,-0.030484877580409207,0.27562400863145853,0.30355737439122166,0.16632173709527254,-0.17042726836293395,1.917906865098376,0.3146903504560626,-0.011041766682666643,0.009841574651960547,0.006000960153623755,0.162411,0.09886400000000006,-0.891688,-0.08402199999999999,-0.026873999999999953,-0.929791,0.24643299999999999,0.12573800000000002,0.038103,0.11897000000000002,0.9733964953295655,0.11897000000000002,0.88103,0.026603504670434486,-0.891688
948,3.95,walk,-0.253524,0.785264,0.970346,0.058717,0.042499,-0.628949,-0.05207583393328762,0.5075593952483439,0.01847852171825991,0.5478874667723086,0.6456090202948617,0.41473457666507735,-0.1555075593952379,1.9193664506838162,0.26901847852170113,-0.00863930885529969,0.00503959683223817,0.001919846412287155,0.16198,0.10474700000000003,-0.890644,-0.083841,-0.028967999999999994,-0.92986,0.245821,0.13371500000000003,0.03921600000000003,0.1078400000000001,0.9830260817743208,0.1078400000000001,0.8921599999999998,0.016973918225679174,-0.890644
949,3.954167,walk,-0.253466,0.787401,0.970231,0.058374,0.043963,-0.628623,0.013918886489082108,0.5128389728822061,-0.02759779217664807,0.3152679340919384,0.6339955776085865,0.23246110307349155,-0.13150947924166498,1.9107271418287468,0.26013918886490306,-0.008399328053744501,0.0038396928245780495,0.0007199424046067191,0.16137400000000002,0.110572,-0.8894449999999999,-0.08393399999999995,-0.031089000000000033,-0.929742,0.24530799999999997,0.14166100000000004,0.04029700000000003,0.09703,0.9845610278652901,0.09703,0.90297,0.015438972134709905,-0.8894449999999999
950,3.958333,walk,-0.25401,0.78984,0.970688,0.058585,0.044052,-0.627514,-0.13058089294286462,0.5854536725875905,0.10969755160826408,0.10409066133084327,-0.08020430930823827,0.6752349737055671,-0.17378780604896366,1.8749399903984154,0.2791646663466072,-0.009361497839656788,0.003840614498323467,0.0014402304368713,0.161194,0.11594400000000005,-0.888739,-0.08342899999999998,-0.033511999999999986,-0.930193,0.24462299999999998,0.14945600000000003,0.0414540000000001,0.08546000000000009,0.9829655394014628,0.08546000000000009,0.9145399999999999,0.017034460598537193,-0.888739
951,3.9625,walk,-0.253932,0.792034,0.970403,0.058017,0.046383,-0.626771,0.01871850251980467,0.5265178785697455,-0.06839452843772324,0.4921909044100326,1.006688853663223,0.506680292838998,-0.17350611951044742,1.868490520758415,0.27189824814016333,0.011999040076793083,-0.0026397888168907483,0.012239020878329211,0.160393,0.12153599999999998,-0.887321,-0.083457,-0.035717,-0.929857,0.24385,0.15725299999999998,0.04253600000000002,0.07463999999999998,0.9710969494198254,0.07463999999999998,0.92536,0.028903050580174616,-0.887321
952,3.966667,walk,-0.253902,0.794125,0.970432,0.058135,0.047131,-0.626553,0.007199424046069754,0.5017998560114775,0.006959443244526991,0.2703754028111659,0.23416267393300727,0.13636142034871457,-0.18094552435804145,1.87089032877359,0.2872570194384283,-0.00191984641228882,-0.0014398848092299367,0.006959443244540312,0.159609,0.12724100000000005,-0.886153,-0.08349499999999999,-0.037814000000000014,-0.9298569999999999,0.243104,0.16505500000000006,0.043703999999999965,0.06295999999999996,0.9877306922244743,0.06295999999999996,0.9370400000000001,0.012269307775525706,-0.886153
953,3.970833,walk,-0.253881,0.796141,0.970673,0.058427,0.046334,-0.62662,0.0050408065290434255,0.4839174267883287,0.057849255880956754,-0.13168859406596684,-0.38213463740750525,-0.06252662956084372,-0.17642822851657652,1.8398943831014498,0.31036965914548514,-0.004080652904462456,0.00504080652905675,0.006000960153624394,0.15885300000000002,0.13289000000000006,-0.885101,-0.08353299999999997,-0.03980899999999998,-0.930073,0.242386,0.17269900000000005,0.04497200000000001,0.05028000000000005,0.9852735139067708,0.05028000000000005,0.9497199999999999,0.01472648609322924,-0.885101
954,3.975,walk,-0.25385,0.798248,0.970802,0.059258,0.046661,-0.626417,0.007439404847612517,0.5056395488360551,0.030957523398137243,0.4099673032660102,-0.13569058920945767,0.09093445948178676,-0.13174946004318705,1.8377729781616214,0.26493880489559407,-0.010319174466045748,0.009119270458358574,0.0021598272138232573,0.15827300000000002,0.13844100000000004,-0.8841260000000001,-0.08360699999999999,-0.04187799999999997,-0.930193,0.24188,0.180319,0.04606699999999997,0.039329999999999976,0.9767674014375543,0.039329999999999976,0.96067,0.02323259856244575,-0.8841260000000001
955,3.979167,walk,-0.253929,0.80038,0.971179,0.060063,0.046331,-0.62637,-0.018958483321334138,0.5116390688745188,0.09047276217902038,0.20173539917841776,-0.36613474440676236,-0.011416017818052644,-0.16222702183826274,1.7940964722823085,0.25221982241421753,-0.01247900167986534,0.004799616030722562,0.004799616030717566,0.157676,0.14378500000000005,-0.883452,-0.08357999999999999,-0.043989999999999974,-0.93055,0.241256,0.18777500000000003,0.04709799999999997,0.02901999999999999,0.9763240563363726,0.02901999999999999,0.97098,0.023675943663627352,-0.883452
956,3.983333,walk,-0.253484,0.802283,0.971548,0.057643,0.048783,-0.625037,0.10681709073452149,0.45679308689388765,0.08857417186748502,-0.1663135748474684,1.577892803594227,0.9541981593885445,-0.2148343734997524,1.8379740758520653,0.26884301488237283,-0.00912145943350491,0.006961113778191297,0.006721075372059405,0.15633599999999997,0.14953899999999998,-0.882701,-0.084063,-0.045864000000000016,-0.9308909999999999,0.24039899999999997,0.195403,0.048189999999999955,0.01810000000000006,0.9778370315499214,0.01810000000000006,0.9819,0.02216296845007859,-0.882701
957,3.9875,walk,-0.25339,0.804344,0.971817,0.057952,0.048642,-0.624522,0.022558195344369397,0.49460043196546044,0.06455483561317182,0.07391812146876889,-0.16889052469781166,0.30090428910221806,-0.23374130069595564,1.8389728821695313,0.2215022798176264,-0.01103911687064857,0.010799136069132425,0.003119750419966335,0.15526800000000002,0.15514100000000008,-0.882047,-0.08420299999999997,-0.04787999999999992,-0.9311470000000001,0.239471,0.203021,0.04910000000000003,0.008999999999999952,0.9737418645513457,0.008999999999999952,0.9910000000000001,0.026258135448654296,-0.882047
958,3.991667,walk,-0.253181,0.806424,0.971767,0.057536,0.049648,-0.623515,0.0501559875209988,0.49916006719461364,-0.011999040076791805,0.14829277128442356,0.45392093565452757,0.6456996101636284,-0.21382289416845418,1.7357811375088776,0.2860571154307478,0.000479961603072205,-0.0023998080153743466,0.0055195584353253625,0.15416799999999997,0.16029399999999994,-0.8808050000000001,-0.08440999999999999,-0.04997000000000007,-0.9310740000000001,0.23857799999999996,0.210264,0.05026900000000001,0.0,0.9899370085389789,0.0,1.0,0.010062991461021076,-0.8808050000000001
959,3.995833,walk,-0.253118,0.808597,0.971719,0.059108,0.049698,-0.622912,0.015122419587128663,0.5216034565530295,-0.0115218434949704,0.606564301923703,-0.4771615027897474,0.2975240568719597,-0.346135381661056,1.7731637061929502,0.2292366778684521,-0.015602496399432422,-0.005760921747458551,0.010081613058089108,0.152663,0.165508,-0.879802,-0.084538,-0.05216699999999996,-0.930984,0.237201,0.21767499999999995,0.05118200000000006,0.0,0.96758493855184,0.0,1.0,0.032415061448159976,-0.879802
960,4.0,walk,-0.252887,0.810675,0.9717,0.059243,0.050236,-0.621964,0.055435565154798964,0.49868010559158127,-0.004559635229179773,0.21367409433817952,0.11675317440862,0.5794181577627544,-0.22078233741301803,1.726901847852246,0.22990160787138092,-0.005759539236853753,0.007199424046070521,0.0009599232061428472,0.15151199999999998,0.17062599999999994,-0.878825,-0.08479300000000001,-0.05421500000000001,-0.930961,0.236305,0.22484099999999996,0.05213600000000007,0.0,0.9845506696137837,0.0,1.0,0.01544933038621632,-0.878825
961,4.004167,walk,-0.252831,0.812934,0.971603,0.060455,0.050051,-0.621627,0.013438924886009852,0.5421166306695738,-0.02327813774898444,0.40081559974650244,-0.4451060376446427,0.14766891009568103,-0.16534677225822572,1.7883369330454415,0.1687065034797282,-0.0019198464122890248,-0.005039596832265351,0.005999520038398207,0.15076699999999998,0.17581899999999995,-0.878025,-0.08485700000000002,-0.05649500000000007,-0.930839,0.235624,0.23231400000000002,0.05281399999999992,0.0,0.9865548865578833,0.0,1.0,0.01344511344211674,-0.878025
962,4.008333,walk,-0.252671,0.814962,0.971812,0.060145,0.049767,-0.621061,0.0384061449831906,0.4867978876619412,0.050168026884298306,-0.2014511069564997,-0.04202108170962079,0.35810510363744996,-0.22971675468071803,1.6682669227074125,0.27364378300524467,-0.017762842054730818,0.0031204992798941466,0.007921267402782978,0.14964999999999998,0.18074100000000004,-0.877094,-0.08509100000000003,-0.05850999999999995,-0.931015,0.234741,0.239251,0.053921,0.0,0.9671703660762818,0.0,1.0,0.03282963392371818,-0.877094
963,4.0125,walk,-0.252538,0.817203,0.971772,0.060444,0.05044,-0.620422,0.03191744660427173,0.5377969762419369,-0.009599232061445124,0.31503271970792446,0.13377596363404887,0.3832204948232214,-0.23254139668827498,1.7101031917447302,0.2169426445884433,-0.009839212862974591,0.011519078473707506,0.013198944084473724,0.14854799999999999,0.18562599999999996,-0.87615,-0.08526500000000004,-0.06070300000000006,-0.93092,0.23381300000000002,0.24632900000000002,0.054769999999999985,0.0,0.9665123819071627,0.0,1.0,0.03348761809283729,-0.87615
964,4.016667,walk,-0.252414,0.81944,0.971833,0.060597,0.051107,-0.619971,0.02975761939043992,0.5368370530357657,0.014638828893683831,0.2580477084152478,0.1838236970603613,0.2747805143087289,-0.2195824334053374,1.6431485481162371,0.25533957283418385,-0.003359731221492472,0.007919366450698889,0.006479481641468798,0.14750900000000003,0.19023600000000007,-0.8751469999999999,-0.08540299999999995,-0.06290699999999994,-0.930954,0.23291199999999998,0.253143,0.05580700000000005,0.0,0.9820503914308187,0.0,1.0,0.017949608569181263,-0.8751469999999999
965,4.020833,walk,-0.252283,0.821718,0.971856,0.060283,0.051965,-0.619314,0.03144503120500675,0.5468074891983156,0.0055208833413605595,0.13959147572138855,0.38388429995516005,0.42441993126465855,-0.19995199231878694,1.6718674987999136,0.19635141622661165,-0.00024003840615190468,0.0026404224675910027,-0.0007201152184340612,0.14654499999999998,0.19492299999999996,-0.874352,-0.08553500000000003,-0.06517399999999995,-0.93098,0.23208,0.2600969999999999,0.05662800000000001,0.0,0.9954210581123997,0.0,1.0,0.00457894188760033,-0.874352
966,4.025,walk,-0.252223,0.824008,0.971992,0.060496,0.05209,-0.619232,0.014398848092151294,0.54955603551707,0.03263738900885318,0.11789691430454637,-0.019821610479269686,0.040935701309312345,-0.1900647948163831,1.645548356131261,0.16918646508276772,-0.0014398848092164616,0.006959443244552892,0.0035997120230361586,0.14569299999999996,0.19949000000000006,-0.873783,-0.08560100000000004,-0.06743499999999991,-0.931101,0.231294,0.26692499999999997,0.05731799999999998,0.0,0.9867225080611799,0.0,1.0,0.013277491938820107,-0.873783
967,4.029167,walk,-0.252012,0.826153,0.972171,0.05956,0.052108,-0.618643,0.05063594912406308,0.5147588192944952,0.04295656347493362,-0.34646789043515375,0.254382122135705,0.40464744553888493,-0.22486201103912556,1.6085913126950346,0.1855051595872405,0.0014398848092167685,-0.001679865610772879,0.01319894408447539,0.14454500000000003,0.2040479999999999,-0.873189,-0.085806,-0.06958700000000007,-0.931225,0.23035100000000003,0.27363499999999996,0.058035999999999976,0.0,0.9776948348234479,0.0,1.0,0.022305165176552122,-0.873189
968,4.033333,walk,-0.251891,0.82822,0.972527,0.058671,0.051542,-0.618388,0.029044647143554328,0.4961593855017028,0.0854536725876263,-0.5040808699218603,0.036683430356473576,0.1926286050206764,-0.21747479596737296,1.6104176668268382,0.18795007201153816,0.002160345655300518,0.00024003840615190468,0.023283725396065182,0.14351799999999998,0.20869000000000004,-0.872762,-0.08591800000000005,-0.07165299999999997,-0.931484,0.22943600000000003,0.280343,0.05872199999999994,0.0,0.9610250586164586,0.0,1.0,0.038974941383541406,-0.872762
969,4.0375,walk,-0.251827,0.830795,0.972093,0.058751,0.053701,-0.617833,0.015358771298285554,0.6179505639549103,-0.10415166786658633,0.6764709129251025,0.7638478926950687,0.3523043311461985,-0.18310535157188257,1.5370770338373618,0.2087832973362216,-0.004079673626107516,0.0026397888168907483,0.017278617710582905,0.142691,0.21252000000000004,-0.871458,-0.08599899999999999,-0.07421699999999998,-0.930978,0.22869,0.286737,0.05952000000000002,0.0,0.9700851740639729,0.0,1.0,0.029914825936027123,-0.871458
970,4.041667,walk,-0.251676,0.833106,0.972127,0.058989,0.054334,-0.617529,0.03623710103191431,0.5545956323493343,0.008159347252213294,0.27985472932639904,0.15390445428245814,0.17893486865786662,-0.261339092872528,1.6798656107508867,0.09887209023276379,-0.005519558435323109,0.006239500839951322,0.008399328053754367,0.141451,0.2172090000000001,-0.87108,-0.086173,-0.07650199999999996,-0.9309769999999999,0.227624,0.29371100000000006,0.05989699999999998,0.0,0.9802835652445814,0.0,1.0,0.01971643475541862,-0.87108
971,4.045833,walk,-0.251499,0.835401,0.972187,0.059027,0.054148,-0.61747,0.04248679788767457,0.5508881421027647,0.014402304368714536,-0.04091455433060925,-0.084265331127471,0.03250574858361195,-0.21099375900145476,1.5187229956794221,0.17618819011043127,-0.0036005760921719717,0.004320691310601036,0.005280844935190333,0.140395,0.22124100000000013,-0.870406,-0.08636500000000003,-0.07877899999999993,-0.931015,0.22676000000000002,0.30002000000000006,0.060609000000000024,0.0,0.9871418157465384,0.0,1.0,0.012858184253461635,-0.870406
972,4.05,walk,-0.251288,0.837674,0.972174,0.059245,0.054549,-0.617133,0.05063594912406308,0.5454763618910929,-0.003119750419976326,0.20318479756165614,0.0706806427276571,0.19805527698873912,-0.21382289416847697,1.4984401247900652,0.16246700263979552,-0.002879769618433537,0.0074394048476133096,0.004799616030717566,0.139293,0.22521199999999997,-0.8697159999999999,-0.086588,-0.08102100000000001,-0.930982,0.225881,0.306233,0.06126600000000004,0.0,0.9844835095262181,0.0,1.0,0.015516490473781896,-0.8697159999999999
973,4.054167,walk,-0.251083,0.83997,0.972127,0.059013,0.054732,-0.616909,0.049196064314859636,0.5509959203263906,-0.01127909767219136,-0.03223503464554062,0.12635932358106158,0.14904205767341572,-0.21622270218383494,1.4605231581474234,0.17278617710584238,-0.004319654427650306,0.008159347252215033,0.0028797696184302067,0.138187,0.22900200000000004,-0.868949,-0.08681100000000003,-0.083283,-0.930923,0.22499800000000003,0.31228500000000003,0.061973999999999974,0.0,0.9838817361174262,0.0,1.0,0.016118263882573758,-0.868949
974,4.058333,walk,-0.250843,0.842268,0.972056,0.059638,0.055045,-0.616683,0.057609217474792564,0.5516082573211029,-0.017042726836275255,0.33045948510093953,-0.07672619516156857,0.10967061115931345,-0.24267882861254503,1.443590974555727,0.1675468074891735,-0.00264042246759044,0.0064810369659134975,0.004080652904464918,0.136936,0.23271799999999998,-0.8681800000000001,-0.08706200000000003,-0.08555400000000002,-0.9308350000000001,0.22399800000000003,0.318272,0.06265500000000002,0.0,0.9864982100890689,0.0,1.0,0.013501789910931095,-0.8681800000000001
975,4.0625,walk,-0.250336,0.844476,0.971544,0.061623,0.054558,-0.61601,0.12167026637869038,0.529877609791238,-0.122870170386391,0.6078995082692543,-0.8006483834996121,0.3078967330986,-0.19870410367171756,1.4864410847132987,0.10799136069115106,-0.0011999040076739796,0.0067194624430115864,0.00431965442764531,0.135601,0.23670400000000003,-0.8672179999999999,-0.08757399999999999,-0.08773399999999998,-0.9303049999999999,0.22317499999999998,0.324438,0.063087,0.0,0.9865370508921552,0.0,1.0,0.013462949107844846,-0.8672179999999999
976,4.066667,walk,-0.249975,0.846818,0.971149,0.063168,0.054309,-0.615657,0.08663306935445565,0.5620350371970392,-0.09479241660665737,0.5115097493049026,-0.565342981063812,0.13546985432142128,-0.19342452603792606,1.4528437724982675,0.09911207103432099,-0.004319654427650306,0.005759539236867074,0.003599712023038591,0.134434,0.24041600000000007,-0.86641,-0.087953,-0.09005199999999991,-0.929895,0.222387,0.330468,0.06348500000000001,0.0,0.9865846653617607,0.0,1.0,0.013415334638239296,-0.86641
977,4.070833,walk,-0.249799,0.849111,0.97141,0.06139,0.055192,-0.615443,0.04224675948151366,0.5504080652903702,0.0626500240038216,-0.4098508600483777,0.8447025270440484,0.22723360570286294,-0.17402784445508698,1.433749399903794,0.1080172827652294,0.001200192030732618,0.010321651464209906,0.0004800768122903822,0.133533,0.2440960000000001,-0.866221,-0.08812399999999998,-0.092302,-0.930154,0.221657,0.3363980000000001,0.06393300000000002,0.0,0.9826628671147608,0.0,1.0,0.017337132885239193,-0.866221
978,4.075,walk,-0.249566,0.851358,0.971622,0.059554,0.056642,-0.614852,0.055915526757857895,0.5392368610511403,0.05087592992560587,-0.2615257874606867,1.0571634759555604,0.46169382946982784,-0.18838492920567404,1.4156467482601742,0.0890328773698136,0.002159827213818492,0.0011999040076873012,0.0,0.132515,0.24774799999999997,-0.866062,-0.08834799999999998,-0.09454399999999996,-0.930366,0.22086299999999998,0.34229199999999993,0.06430400000000003,0.0,0.9958820773774151,0.0,1.0,0.004117922622584924,-0.866062
979,4.079167,walk,-0.249171,0.85381,0.971169,0.061571,0.055952,-0.615091,0.09479241660667734,0.5884329253659999,-0.10871130309576611,0.5575977771100697,-0.840159684185167,-0.25129134032737077,-0.19750419966403693,1.3993280537557975,0.04583633309335384,0.002159827213818492,0.0023998080153746024,0.0004799616030722562,0.131297,0.2511270000000001,-0.8654179999999999,-0.08873400000000001,-0.0969859999999999,-0.9299109999999999,0.220031,0.348113,0.06449300000000002,0.0,0.9945598470087305,0.0,1.0,0.005440152991269542,-0.8654179999999999
980,4.083333,walk,-0.248919,0.85623,0.970958,0.061338,0.056824,-0.614724,0.06048967834854109,0.5808929428709266,-0.05064810369658616,0.17243686093012,0.3796268742830706,0.2422260982041118,-0.17642822851657652,1.3734997599617038,0.06265002400384494,-0.002880460873742907,0.003360537686020067,0.0031204992798848185,0.13030999999999998,0.254429,-0.864946,-0.08899800000000002,-0.09939200000000004,-0.9296869999999999,0.219308,0.35382100000000005,0.06474099999999994,0.0,0.9909741445249884,0.0,1.0,0.009025855475011557,-0.864946
981,4.0875,walk,-0.248563,0.858555,0.970974,0.061173,0.056739,-0.614674,0.0854331653467568,0.5579553635707994,0.003839692824577231,-0.0875340048289403,0.01363159859542537,0.037931900900644085,-0.21694264458839374,1.3554115670743772,0.03839692824573568,0.0019198464122886156,0.010319174466044648,0.0033597312215017465,0.12905,0.257752,-0.864802,-0.08934600000000001,-0.10167399999999993,-0.929689,0.21839600000000003,0.3594259999999999,0.06488700000000003,0.0,0.9816319294405135,0.0,1.0,0.018368070559486527,-0.864802
982,4.091667,walk,-0.248172,0.860853,0.970889,0.060921,0.056353,-0.614483,0.09383249340053283,0.5514758819294762,-0.020398368130550903,-0.2093284822706935,-0.0819415537313306,0.125552327750594,-0.28269738420927915,1.3462922966163597,0.012718982481401468,0.004799616030722562,0.011999040076793083,-0.0009599232061445124,0.127481,0.2610640000000001,-0.864664,-0.08971699999999999,-0.10392199999999996,-0.929608,0.217198,0.36498600000000003,0.064944,0.0,0.978401727861769,0.0,1.0,0.021598272138230956,-0.864664
983,4.095833,walk,-0.247837,0.863326,0.970662,0.060804,0.057313,-0.614393,0.08041286605857621,0.5936149783966045,-0.05448871819491003,0.24127399335335883,0.39319216478950264,0.06809030935281994,-0.20211233797409078,1.309409505520984,0.030964954392706273,-0.00552088334133391,0.010321651464238754,0.008401344215075152,0.126304,0.264046,-0.8643080000000001,-0.09007499999999999,-0.106352,-0.929346,0.216379,0.370398,0.06503799999999993,0.0,0.975986159868039,0.0,1.0,0.02401384013196095,-0.8643080000000001
984,4.1,walk,-0.247436,0.865714,0.970546,0.060703,0.05744,-0.614293,0.09623230141589412,0.5730741540676877,-0.027837772978164217,-7.850252847522044e-05,0.07257005505614678,0.06684679500439004,-0.16894648428126433,1.2903767698584618,0.015118790496759418,-0.002879769618433537,0.00959923206141848,0.00623950083993267,0.125199,0.267035,-0.864129,-0.09048800000000001,-0.10870000000000002,-0.929204,0.21568700000000002,0.37573500000000004,0.065075,0.0,0.9803241758639542,0.0,1.0,0.01967582413604585,-0.864129
985,4.104167,walk,-0.247094,0.868165,0.970417,0.060225,0.058021,-0.614168,0.08207343412525173,0.5881929445643318,-0.030957523398133943,-0.007947378602071842,0.3535567809555789,0.1043051227097679,-0.17902567794573354,1.2853371730259227,-0.014158867290615218,-0.0016798656107458777,0.0026397888168901854,0.0062395008399330045,0.12411100000000001,0.26993999999999996,-0.864059,-0.09083699999999997,-0.11114000000000002,-0.929049,0.21494799999999997,0.38108,0.06498999999999999,0.0,0.9883664990222836,0.0,1.0,0.011633500977716427,-0.864059
986,4.108333,walk,-0.246625,0.870488,0.970352,0.059866,0.05782,-0.614095,0.11257801248200537,0.5576092174748581,-0.01560249639942076,-0.19536884289444972,0.025231217555403786,0.06117449836537805,-0.18939030244840627,1.2544407105138236,-0.006721075372060121,-0.0026404224676043276,0.0,0.006481036965914879,0.12285300000000002,0.27284300000000006,-0.864022,-0.09131700000000001,-0.11346300000000009,-0.928957,0.21417000000000003,0.38630600000000015,0.06493500000000008,0.0,0.988336230007104,0.0,1.0,0.011663769992895978,-0.864022
987,4.1125,walk,-0.246256,0.872854,0.97019,0.059416,0.057785,-0.614043,0.08855291576674468,0.5677945764339062,-0.03887688984881279,-0.1805954060001253,0.1158187208940777,0.05376539379224927,-0.18286537077034976,1.2260619150468062,-0.0398368130549573,0.0002399808015427889,0.0019198464122890248,0.004079673626109182,0.121722,0.2755859999999999,-0.864026,-0.09168499999999999,-0.11582100000000006,-0.928778,0.21340699999999999,0.39140699999999995,0.06475200000000003,0.0,0.9924746469393533,0.0,1.0,0.007525353060646722,-0.864026
988,4.116667,walk,-0.246009,0.875532,0.969846,0.059307,0.059289,-0.613803,0.05927525797936369,0.6426685865130982,-0.08255339572834813,0.40645211173394774,0.5895464066583728,0.16108374004562911,-0.15094792416607136,1.217902567794671,-0.06191504679625777,0.0014398848092167685,-0.00023998080151614568,0.004799616030717566,0.12084600000000001,0.2779830000000001,-0.8639399999999999,-0.09192599999999998,-0.11849999999999994,-0.928414,0.212772,0.39648300000000003,0.06447400000000003,0.0,0.9916388509077814,0.0,1.0,0.008361149092218634,-0.8639399999999999
989,4.120833,walk,-0.245668,0.878015,0.96962,0.059112,0.059931,-0.613644,0.08185309649543021,0.5960153624579165,-0.05424867978874656,0.11765584514770258,0.29231447573180036,0.11027005514943573,-0.16202592414784409,1.2124339894381277,-0.07609217474794897,0.003600576092171204,0.0019203072491615289,0.005280844935189207,0.11982999999999999,0.280551,-0.864031,-0.092252,-0.12097499999999994,-0.928166,0.212082,0.40152599999999994,0.06413500000000005,0.0,0.9888770693115265,0.0,1.0,0.011122930688473476,-0.864031
990,4.125,walk,-0.245213,0.880465,0.969405,0.058905,0.060242,-0.613533,0.10919126469883171,0.587952963762941,-0.05159587233023424,0.014577736450331722,0.17276176666832382,0.07957668642931023,-0.1648668106551535,1.1931845452364298,-0.10823134149268719,0.0014398848092167685,0.0007199424046017234,0.003599712023038591,0.11868799999999999,0.2830729999999999,-0.864267,-0.092701,-0.12342200000000003,-0.927936,0.211389,0.40649499999999994,0.06366899999999998,0.0,0.9934278550815316,0.0,1.0,0.006572144918468359,-0.864267
991,4.129167,walk,-0.244796,0.882993,0.969189,0.058731,0.060615,-0.613628,0.10007199424045884,0.6066714662827191,-0.05183585313175038,0.04406446634005936,0.19709038691496827,-0.04672649689544131,-0.1835853131749515,1.1763858891289143,-0.14590832733381934,-0.0002399808015427889,0.00047996160305893454,0.005039596832253694,0.11750600000000003,0.2854469999999999,-0.864659,-0.09311900000000001,-0.12594800000000006,-0.9276989999999999,0.21062500000000003,0.41139499999999996,0.06303999999999998,0.0,0.9915531909119509,0.0,1.0,0.008446809088049068,-0.864659
992,4.133333,walk,-0.244369,0.885408,0.969035,0.058251,0.061058,-0.61351,0.10249639942389666,0.5796927508400436,-0.03696591454631946,-0.049623173820267145,0.3023044340393276,0.09862340110137344,-0.1682669227076124,1.153864618338781,-0.16250600096013115,0.00432069131061344,-0.0012001920307059682,0.00816130580892817,0.11637800000000001,0.28783899999999996,-0.865182,-0.093528,-0.12836799999999993,-0.927511,0.209906,0.4162069999999999,0.06232899999999997,0.0,0.9844797849725819,0.0,1.0,0.015520215027418072,-0.865182
993,4.1375,walk,-0.243925,0.887987,0.968616,0.057838,0.062048,-0.613223,0.1065514758819343,0.6189104871610549,-0.10055195584352443,0.1393401011056214,0.4814821764552531,0.20005723582554777,-0.15430765538757715,1.1382289416847564,-0.1807055435565246,0.0033597312215057932,-0.0011999040076873012,0.008639308855292285,0.115291,0.2900030000000001,-0.8655160000000001,-0.09395799999999999,-0.13095199999999996,-0.927056,0.209249,0.4209550000000001,0.06153999999999993,0.0,0.9844217725828681,0.0,1.0,0.015578227417131885,-0.8655160000000001
994,4.141667,walk,-0.243502,0.890507,0.968358,0.057739,0.062419,-0.613087,0.10151187904968227,0.6047516198704567,-0.06191504679625444,0.07356808812290427,0.16267375821519292,0.08952773807776096,-0.16174706023519048,1.1358291336693287,-0.22462203023758942,0.0004799616030722562,0.0014398848092034469,0.005279577633789822,0.11419399999999999,0.2922159999999999,-0.866194,-0.09437899999999999,-0.13346600000000008,-0.926776,0.20857299999999998,0.425682,0.060582000000000025,0.0,0.9908443139410813,0.0,1.0,0.0091556860589187,-0.866194
995,4.145833,walk,-0.243047,0.893087,0.968096,0.056859,0.062562,-0.612971,0.10921747479597198,0.6192990878540855,-0.0628900624100135,-0.2902160035272709,0.305428948348474,0.11616235584224965,-0.16202592414787198,1.1060969755161572,-0.25852136341816945,0.002880460873742907,-0.0007201152184290645,0.004800768122899849,0.11306400000000003,0.29424399999999995,-0.8670089999999999,-0.09482199999999996,-0.13604899999999998,-0.9264939999999999,0.207886,0.4302929999999999,0.05948500000000001,0.0,0.9905921139251825,0.0,1.0,0.009407886074817462,-0.8670089999999999
996,4.15,walk,-0.242584,0.895647,0.967701,0.056758,0.063322,-0.612957,0.11111111111109705,0.6143508519317442,-0.09479241660663716,0.1871063561895016,0.31717650026292044,0.016401161540511824,-0.18502519798413547,1.0604751619869048,-0.3011759059274735,0.0028797696184196015,-0.00047996160305883225,0.00623950083993134,0.11182999999999998,0.2961030000000001,-0.867869,-0.09527300000000002,-0.13861099999999993,-0.926073,0.207103,0.43471400000000004,0.058204000000000033,0.0,0.9885187584238115,0.0,1.0,0.011481241576188461,-0.867869
997,4.154167,walk,-0.242099,0.898227,0.967431,0.056487,0.063787,-0.612929,0.11639068874490223,0.6191504679625977,-0.06479481641468797,0.035369884576282117,0.25415827422861476,0.03263705297127296,-0.15982721382290144,1.0345572354212025,-0.30717542596593755,0.0059995200383965415,-0.00143988480923009,0.0074394048476133096,0.110679,0.29783400000000004,-0.8688790000000001,-0.09573300000000001,-0.14119700000000002,-0.925772,0.206412,0.43903100000000006,0.05689299999999997,0.0,0.9838916642143762,0.0,1.0,0.016108335785623762,-0.8688790000000001
998,4.158333,walk,-0.241671,0.900816,0.967123,0.056361,0.064149,-0.612952,0.10273643783006375,0.6214594335093994,-0.07393182909268133,0.05935635580655098,0.17540959443334575,-0.006474310399080327,-0.15698511761882855,1.0278444551128747,-0.36245799327895273,0.0038406144983238765,-0.0026404224675910027,0.004800768122899849,0.109597,0.299527,-0.870081,-0.09614500000000001,-0.14379699999999995,-0.9254439999999999,0.205742,0.44332399999999994,0.05536299999999994,0.0,0.9888483278406397,0.0,1.0,0.011151672159360304,-0.870081
999,4.1625,walk,-0.241169,0.903418,0.966785,0.056056,0.064341,-0.612819,0.12047036237101641,0.6244300455964058,-0.08111351091911805,-0.05740940214496465,0.15509870997375438,0.0973817115810482,-0.12359011279098607,0.9892008639309209,-0.3854091672666354,0.003119750419963004,-0.0014398848092034469,-0.0004799616030722562,0.10857999999999998,0.30104699999999984,-0.871349,-0.09663400000000003,-0.146405,-0.925108,0.205214,0.44745199999999985,0.053759,0.0,0.9942177296637197,0.0,1.0,0.005782270336280315,-0.871349
1000,4.166667,walk,-0.24067,0.905995,0.966542,0.055388,0.064659,-0.612833,0.1197504199663825,0.6184305255578375,-0.05831533477320675,-0.15901685197627047,0.3164821230944178,0.026552685468228,-0.1574274058075066,0.8999280057594227,-0.2838972882168959,0.005279577633793693,-0.0014398848092297832,0.004079673626109978,0.10742499999999999,0.30222000000000004,-0.872289,-0.097111,-0.148988,-0.924848,0.204536,0.45120800000000005,0.05255900000000002,0.0,0.9886237399781286,0.0,1.0,0.01137626002187142,-0.872289
1001,4.170833,walk,-0.240147,0.908566,0.966208,0.054979,0.064966,-0.612789,0.12554008641383513,0.6171387421987983,-0.0801728276524443,-0.0636057142940932,0.23373632779233716,0.04892801450360243,-0.21315410465676193,0.8247719635142263,-0.4414306289006608,0.010321651464238754,-0.0009601536245809691,0.0019203072491602725,0.106014,0.30308500000000005,-0.873794,-0.09759099999999998,-0.151563,-0.9245059999999999,0.20360499999999998,0.45464800000000005,0.05071199999999998,0.0,0.9824290356408968,0.0,1.0,0.017570964359103214,-0.873794
1002,4.175,walk,-0.239682,0.911255,0.965828,0.054759,0.065291,-0.612785,0.11159107271418633,0.6453083753300156,-0.0911927045836221,0.012991534348219496,0.18743204734031021,0.014297181659182109,-0.10871130309575945,0.8000959923206384,-0.3170146388289088,0.008399328053757822,-0.0011999040076873012,0.00047996160307059096,0.105096,0.30372999999999994,-0.874735,-0.09802099999999997,-0.1542570000000001,-0.9241240000000001,0.20311699999999996,0.45798700000000003,0.049389000000000016,0.00611000000000006,0.9858363881212444,0.00611000000000006,0.9938899999999999,0.014163611878755589,-0.874735
1003,4.179167,walk,-0.239139,0.913938,0.965482,0.05426,0.066034,-0.612626,0.130309575233991,0.6438684905207855,-0.08303335733143372,0.032823768087266565,0.419744345829912,0.1233552458312853,-0.102231821454284,0.7506599472042627,-0.4029277657787561,0.008159347252215033,-0.001679865610746236,0.0021598272138234876,0.104127,0.304175,-0.876068,-0.09853,-0.15694700000000006,-0.923769,0.202657,0.46112200000000003,0.04770099999999999,0.022990000000000066,0.9856568105935286,0.022990000000000066,0.9770099999999999,0.01434318940647139,-0.876068
1004,4.183333,walk,-0.238688,0.916502,0.965366,0.053922,0.066053,-0.612473,0.10825732117136792,0.6154584733556571,-0.027844455112815518,-0.12073314367832258,0.0981200873165804,0.11039305382812133,-0.03504560729716459,0.662746039366213,-0.37710033605371546,0.007921267402784643,-0.00264042246759044,0.002640422467593771,0.10353000000000001,0.304372,-0.8775229999999999,-0.09894799999999998,-0.15952200000000005,-0.923642,0.202478,0.46389400000000003,0.04611900000000002,0.038809999999999956,0.9854045156449418,0.038809999999999956,0.96119,0.014595484355058197,-0.8775229999999999
1005,4.1875,walk,-0.238298,0.919293,0.964902,0.054419,0.065936,-0.612566,0.0935925125989967,0.6697864170866608,-0.11135109191263022,0.1526326858509543,-0.18474933888983336,-0.08237769949319722,0.05015598752099749,0.636669066474715,-0.3194144468442668,0.009359251259902335,-0.0038396928245780495,0.0014398848092167685,0.103349,0.304234,-0.87839,-0.09929899999999997,-0.16232900000000006,-0.923172,0.20264799999999997,0.46656300000000006,0.04478199999999999,0.052180000000000004,0.9829696273449697,0.052180000000000004,0.94782,0.017030372655030268,-0.87839
1006,4.191667,walk,-0.237904,0.9222,0.964411,0.053974,0.066941,-0.612257,0.09455243580514122,0.697624190064825,-0.11783057355412566,0.13254323173527446,0.495876024582537,0.21184990378063875,0.04679625629949835,0.46484281257503385,-0.1982241420686453,0.007199424046070521,-0.0035997120230352605,0.0028797696184302067,0.10314999999999999,0.3032640000000001,-0.878725,-0.099663,-0.16525100000000004,-0.922669,0.202813,0.4685150000000001,0.04394399999999998,0.06056000000000006,0.9857519293412176,0.06056000000000006,0.9394399999999999,0.014248070658782419,-0.878725
1007,4.195833,walk,-0.237502,0.925082,0.963903,0.053067,0.067961,-0.611735,0.09649543927027354,0.6917906865097345,-0.12193951032165048,-0.03552214355409958,0.6256967615292659,0.3645293325095733,0.02064330292846645,0.40902544407097924,-0.1697071531444802,0.010081613058084702,-0.005760921747484586,0.00240038406144858,0.10283399999999998,0.3020860000000001,-0.8789239999999999,-0.10002300000000003,-0.168157,-0.9221509999999999,0.202857,0.4702430000000001,0.043227000000000015,0.06773000000000001,0.9802382956709447,0.06773000000000001,0.9322699999999999,0.01976170432905533,-0.8789239999999999
1008,4.2,walk,-0.236932,0.927936,0.963427,0.052457,0.068818,-0.611498,0.13678905687545315,0.6849052075834302,-0.11423086153106375,0.025308422392494128,0.49161948373563363,0.17521468763452644,0.004319654427650306,0.31917446604274397,-0.1898248140148875,0.011039116870661891,-0.0047996160306959185,0.0002399808015361281,0.10228200000000001,0.3005620000000001,-0.879239,-0.10054699999999997,-0.17103099999999993,-0.921674,0.20282899999999998,0.47159300000000004,0.042435,0.07565,0.9799337205109784,0.07565,0.92435,0.02006627948902162,-0.879239
1009,4.204167,walk,-0.236399,0.930681,0.962924,0.051962,0.069424,-0.611539,0.1279097672186297,0.6587473002160121,-0.1207103431725592,-0.00904415133583872,0.37678901887414207,0.0008684695549011598,-0.09215262778977994,0.30837532997361156,-0.1965442764578924,0.008879289656816758,-0.005039596832265351,0.0002399808015361281,0.10136500000000001,0.2991020000000001,-0.879555,-0.10104300000000002,-0.17379699999999998,-0.92117,0.20240800000000003,0.47289900000000007,0.04161500000000007,0.08385000000000004,0.98297902341337,0.08385000000000004,0.91615,0.017020976586630043,-0.879555
1010,4.208333,walk,-0.235846,0.933515,0.962423,0.051652,0.070336,-0.611538,0.13274123859818573,0.6802688430149371,-0.1202592414786398,0.15223805800184798,0.43731697887564336,0.015844885480779027,-0.07585213634182328,0.2726836293807287,-0.18674987998081194,0.007921267402786333,-0.002880460873742907,0.0016802688430150303,0.100496,0.2974040000000001,-0.8798320000000001,-0.10156300000000001,-0.176643,-0.920662,0.20205900000000002,0.4740470000000001,0.04082999999999992,0.09170000000000006,0.9856756970795535,0.09170000000000006,0.9082999999999999,0.014324302920446508,-0.8798320000000001
1011,4.2125,walk,-0.235179,0.936148,0.962235,0.050965,0.070031,-0.611785,0.16006719462440347,0.6318694504438578,-0.04511639068875582,-0.35418406824993126,0.09670106049481086,-0.11281759465530806,-0.08903287736979795,0.28917686585065966,-0.27189824814010205,0.011039116870646218,-0.004559635229178801,0.0038396928245739005,0.09945799999999999,0.295976,-0.8807769999999999,-0.10218400000000002,-0.17929499999999998,-0.920458,0.20164200000000002,0.475271,0.03968100000000008,0.10319,0.9790904317692939,0.10319,0.89681,0.02090956823070611,-0.8807769999999999
1012,4.216667,walk,-0.234594,0.938929,0.961712,0.050832,0.0704,-0.611948,0.14038876889849505,0.6673866090713128,-0.1255099592032551,0.05637420935872258,0.1873684731630716,-0.09235468290734741,-0.085433165346775,0.2586993040556663,-0.30621550275979303,0.008639308855300612,-0.004559635229179773,0.0011999040076789752,0.098517,0.2942729999999999,-0.88153,-0.10273299999999999,-0.182095,-0.91993,0.20124999999999998,0.4763679999999999,0.03839999999999999,0.11599999999999999,0.9835964349616635,0.11599999999999999,0.884,0.01640356503833651,-0.88153
1013,4.220833,walk,-0.233935,0.94168,0.961281,0.051161,0.070921,-0.612334,0.15818530964955477,0.6603456553048886,-0.10345655304848615,0.27318288541748464,0.12186019722820067,-0.25248586066731155,-0.05328852616419048,0.2335573691791142,-0.3103696591454885,0.0052808449351820054,-0.0019203072491619383,0.0033605376860300607,0.097636,0.29249500000000006,-0.8823920000000001,-0.10337000000000002,-0.18485399999999996,-0.9194850000000001,0.20100600000000002,0.477349,0.03709300000000004,0.12907000000000002,0.9890877086758084,0.12907000000000002,0.87093,0.010912291324191581,-0.8823920000000001
1014,4.225,walk,-0.233274,0.944347,0.961134,0.050643,0.070473,-0.612574,0.1586273098152208,0.6400287976962341,-0.03527717782577752,-0.3323888723494434,-0.0069414288715282674,-0.11738363287983189,-0.10943124550036118,0.28701703863691613,-0.3196544276458029,0.005039596832265351,-0.0026397888168907483,0.006719462443004926,0.09651900000000002,0.29102399999999995,-0.8835770000000001,-0.10400999999999996,-0.18753200000000003,-0.9193100000000001,0.20052899999999999,0.478556,0.035733000000000015,0.14267000000000002,0.9853260248557263,0.14267000000000002,0.8573299999999999,0.01467397514427371,-0.8835770000000001
1015,4.229167,walk,-0.232566,0.947149,0.960633,0.050999,0.071175,-0.612885,0.16990640748737595,0.6724262059034082,-0.12023038156947463,0.33808823879869077,0.17869164793367268,-0.20868427659843453,-0.09911207103430653,0.28245740340767617,-0.29109671226297157,0.005279577633780371,-0.00023998080154273774,0.0057595392368608505,0.09539799999999998,0.28939899999999996,-0.884289,-0.10469600000000001,-0.19033500000000003,-0.918785,0.200094,0.479734,0.03449599999999997,0.15504000000000012,0.9869718442725463,0.15504000000000012,0.8449599999999999,0.01302815572745375,-0.884289
1016,4.233333,walk,-0.231914,0.950004,0.960244,0.051556,0.070947,-0.613427,0.15650504080653807,0.6853096495439671,-0.09337493999039931,0.13513649233279507,-0.22157433148809746,-0.3581202383094551,-0.04896783485357612,0.2611617858857571,-0.24195871339416103,0.002880460873742907,0.0019203072491619383,0.006961113778203698,0.09454200000000001,0.287632,-0.884908,-0.10533599999999999,-0.19318199999999996,-0.9183669999999999,0.199878,0.48081399999999996,0.033458999999999905,0.16541,0.9870426190264814,0.16541,0.8345899999999999,0.012957380973518617,-0.884908
1017,4.2375,walk,-0.231223,0.952889,0.959786,0.051036,0.071491,-0.61354,0.16582673386129798,0.6923446124310435,-0.10991120710342676,-0.036996272660068184,0.3643647495156658,-0.042019423767850096,-0.09119270458364208,0.30933525317978267,-0.2838972882169564,0.0014398848092167685,0.0004799616030855778,0.004319654427646975,0.093471,0.28603600000000007,-0.885633,-0.10602099999999998,-0.19606499999999993,-0.917891,0.19949199999999997,0.482101,0.03225800000000001,0.17742000000000008,0.9923690968609105,0.17742000000000008,0.8225799999999999,0.00763090313908954,-0.885633
1018,4.241667,walk,-0.230512,0.955734,0.959478,0.050727,0.071664,-0.613507,0.17062634989202055,0.6827453803695983,-0.07391408687304753,-0.06504499234452633,0.15431676632412342,0.03610431281077996,-0.08375329973602211,0.22630189584832233,-0.2195824334053374,0.002399808015361281,0.004319654427636984,0.013438924886009852,0.092411,0.284134,-0.88624,-0.10672199999999998,-0.19889199999999996,-0.9175270000000001,0.19913299999999998,0.48302599999999996,0.031287000000000065,0.18713000000000007,0.9761356149265263,0.18713000000000007,0.81287,0.02386438507347366,-0.88624
1019,4.245833,walk,-0.229899,0.958704,0.959084,0.050468,0.071473,-0.613859,0.14714354296685556,0.7129140662505113,-0.09457513202111202,-0.16007765999053702,0.02118568446832773,-0.19934240511396273,-0.008401344215075025,0.24435909745555137,-0.2606817090734177,0.0004800768122903822,0.004800768122903822,0.015602496399420766,0.09176299999999998,0.28218199999999993,-0.886932,-0.10733299999999998,-0.20184199999999997,-0.917068,0.19909599999999997,0.4840239999999999,0.03013599999999994,0.19864000000000004,0.9727809430418112,0.19864000000000004,0.80136,0.027219056958188825,-0.886932
1020,4.25,walk,-0.22923,0.961776,0.958375,0.051116,0.072469,-0.613945,0.16054715622750984,0.7372210223182395,-0.17014638828896161,0.5393765802284108,0.19310758044894882,-0.08970750307582717,-0.03503719702423474,0.19102471802257145,-0.24982001439885956,0.001679865610746236,0.006239500839926008,0.015598752099833338,0.090948,0.279906,-0.8872639999999999,-0.10799500000000001,-0.20488799999999996,-0.9162939999999999,0.198943,0.48479399999999995,0.02903,0.2097000000000001,0.9718597566605296,0.2097000000000001,0.7902999999999999,0.028140243339470405,-0.8872639999999999
1021,4.254167,walk,-0.228534,0.964773,0.957973,0.050834,0.072621,-0.614009,0.16702663786897862,0.7192224622030632,-0.09647228221743025,-0.06246897022483317,0.1434888494987154,-0.024110426636803566,-0.08447324214063716,0.18502519798418823,-0.2594192464602947,0.00023998080152946727,0.00599952003838322,0.013198944084473724,0.08989999999999998,0.27768000000000004,-0.8879429999999999,-0.10869000000000004,-0.20786000000000004,-0.915837,0.19859000000000002,0.4855400000000001,0.027894000000000085,0.2210600000000001,0.9758325312534754,0.2210600000000001,0.77894,0.024167468746524645,-0.8879429999999999
1022,4.258333,walk,-0.227872,0.967854,0.957365,0.050545,0.073098,-0.614145,0.1589054248679566,0.7395583293325942,-0.1459433509361163,0.030269717768306437,0.27271332760446726,-0.06840109273160837,-0.10033605376858994,0.16826692270762572,-0.2729236677868091,-0.001200192030719293,0.0031204992798941466,0.013442150744117377,0.08881999999999998,0.2753000000000001,-0.888472,-0.10935700000000001,-0.210928,-0.915173,0.198177,0.4862280000000001,0.026700999999999975,0.23299000000000009,0.9769138453412489,0.23299000000000009,0.76701,0.02308615465875108,-0.888472
1023,4.2625,walk,-0.227132,0.970756,0.957045,0.050068,0.073267,-0.614098,0.17758579313655495,0.6964242860571377,-0.07679385649148106,-0.129327008454921,0.20124588587450284,0.05385243677915789,-0.07895368370530621,0.14350851931843142,-0.2335013198944195,-0.00023998080152946727,0.005519558435324285,0.01367890568754598,0.087751,0.272996,-0.889125,-0.11009799999999997,-0.21380699999999997,-0.914796,0.19784899999999997,0.486803,0.025671,0.2679210039090039,0.9754125383740434,0.2679210039090039,0.7320789960909961,0.024587461625956597,-0.889125
1024,4.266667,walk,-0.226511,0.973808,0.956599,0.050418,0.072768,-0.614536,0.149028077753789,0.7324214062875436,-0.10703143748501988,-0.02307434767314883,-0.26923954278571105,-0.2831846228983396,-0.10367170626350077,0.1547876169906494,-0.2354211663067052,-0.0019198464122890248,0.006239500839926008,0.0143988480921527,0.086698,0.27058899999999997,-0.88966,-0.11072699999999999,-0.21683300000000005,-0.9142899999999999,0.197425,0.487422,0.02462999999999993,0.25370000000000004,0.9736506374018108,0.25370000000000004,0.7463,0.026349362598189208,-0.88966
1025,4.270833,walk,-0.2258,0.976911,0.956081,0.050873,0.073124,-0.61475,0.17066730676909403,0.7448391742679339,-0.12433989438311557,0.2743765870795588,0.01298872994158586,-0.15596468251807494,-0.11953912626021072,0.16562650024007058,-0.1956313010081759,0.0,0.008401344215076817,0.01488238118099003,0.08548900000000001,0.2681760000000001,-0.889957,-0.11143799999999998,-0.219901,-0.9137099999999999,0.196927,0.4880770000000001,0.023752999999999913,0.2910850834951563,0.9715166786504564,0.2910850834951563,0.7089149165048436,0.028483321349543567,-0.889957
1026,4.275,walk,-0.225021,0.979869,0.955773,0.050863,0.072905,-0.61485,0.18694504439641743,0.7098632109430095,-0.07391408687303176,-0.07049661852576883,-0.07498057445510323,-0.05942800690336088,-0.04679625629948838,0.11903047756178758,-0.1816654667626304,0.00023998080152941612,0.013198944084477571,0.016078713702900503,0.084515,0.2657140000000001,-0.890406,-0.11221600000000001,-0.222804,-0.913335,0.19673100000000002,0.4885180000000001,0.022928999999999977,0.40042300167483075,0.9653271339649628,0.40042300167483075,0.5995769983251693,0.034672866035037164,-0.890406
1027,4.279167,walk,-0.224289,0.982869,0.955477,0.050743,0.072456,-0.61518,0.17566594672427258,0.7199424046076649,-0.07103431725461398,-0.18405539762897966,-0.11805508254560283,-0.19284930505577322,-0.08471322294217329,0.11591072714178334,-0.19582433405328403,0.002399808015361281,0.012718982481394806,0.02303815694744665,0.08342999999999998,0.2631969999999999,-0.890926,-0.11293800000000001,-0.22575100000000003,-0.9129430000000001,0.196368,0.48894799999999994,0.022017000000000064,0.3751394576812787,0.9559580922615301,0.3751394576812787,0.6248605423187212,0.04404190773846994,-0.890926
1028,4.283333,walk,-0.223582,0.985924,0.954986,0.051115,0.071904,-0.615721,0.16970715314451307,0.733317330772989,-0.1178588574172007,-0.03223936784993568,-0.29044602036467815,-0.34739776149303175,-0.11737878060490355,0.11569851176191351,-0.20499279884783037,-0.0019203072491619383,0.013442150744133567,0.020403264522323942,0.082234,0.26062399999999997,-0.891289,-0.113653,-0.22875,-0.912367,0.195887,0.489374,0.02107800000000004,0.3508328951242508,0.9591523086560467,0.3508328951242508,0.6491671048757492,0.040847691343953274,-0.891289
1029,4.2875,walk,-0.222791,0.988693,0.954693,0.051196,0.071955,-0.615795,0.18982481401489082,0.6645068394528792,-0.07031437485001227,0.044627069070360945,-0.0006085475930388941,-0.049450021452246036,-0.09215262778977994,0.10319174466041518,-0.2030237580993612,-0.0014398848092167685,0.01343892488599653,0.02351811855051724,0.08105899999999999,0.2582849999999999,-0.891842,-0.11445000000000002,-0.23146300000000009,-0.911976,0.19550900000000002,0.48974799999999996,0.020133999999999985,0.3891912068348322,0.9547912290186635,0.3891912068348322,0.6108087931651678,0.045208770981336466,-0.891842
1030,4.291667,walk,-0.221898,0.991613,0.953826,0.05269,0.071989,-0.616228,0.2143028557714969,0.7007439404846253,-0.20806335493158554,0.5673990467971948,-0.4028480572735011,-0.34440667739878555,-0.1007919366450524,0.08615310775136503,-0.20254379649624746,-0.0035997120230344933,0.02087832973363203,0.032397408207338746,0.07974600000000001,0.25572399999999995,-0.8918189999999999,-0.11535799999999999,-0.23429599999999995,-0.910974,0.195104,0.4900199999999999,0.019155000000000033,0.4049742607906481,0.9354835370349384,0.4049742607906481,0.5950257392093519,0.06451646296506164,-0.8918189999999999
1031,4.295833,walk,-0.221277,0.994571,0.953782,0.051374,0.070991,-0.61659,0.14906385021604887,0.7100336053769204,-0.010561689870364011,-0.7994178628579977,0.027267730603927374,-0.1474067753139353,-0.06841094575132742,0.07417186749883323,-0.2057129140662661,-0.0036005760921719717,0.025684109457507612,0.03264522323571964,0.07884,0.25307500000000005,-0.892632,-0.11599399999999999,-0.237147,-0.910794,0.19483399999999998,0.49022200000000005,0.01816200000000001,0.43650114180712246,0.9305108276433834,0.43650114180712246,0.5634988581928775,0.06948917235661656,-0.892632
1032,4.3,walk,-0.220638,0.997543,0.953378,0.051131,0.070828,-0.616714,0.15334773218143266,0.7132229421646533,-0.09695224382051582,-0.14206210754486237,0.0160442830984896,-0.062131678520022854,-0.11639068874490223,0.09071274298056317,-0.18334533237341868,-0.022078233741310464,0.04079673626110181,0.017758579313656826,0.07771600000000001,0.25048100000000006,-0.8929919999999999,-0.11672500000000002,-0.23994899999999997,-0.9103159999999999,0.19444100000000003,0.49043000000000003,0.017324000000000006,0.4345047505177776,0.9172153188833077,0.4345047505177776,0.5654952494822224,0.08278468111669235,-0.8929919999999999
1033,4.304167,walk,-0.22016,1.000551,0.953053,0.052415,0.069415,-0.617584,0.114710823134156,0.7218622510199539,-0.07799376049914172,0.050130881748602085,-0.8673483935996036,-0.5959184971407272,-0.12143028557716092,0.09215262778976661,-0.19150467962563872,-0.010799136069105781,0.031917446604285055,0.04799616030717733,0.076732,0.247857,-0.8934650000000001,-0.11724799999999999,-0.24282399999999993,-0.909791,0.19397999999999999,0.4906809999999999,0.01632599999999995,0.4287930284242113,0.9022620262895521,0.4287930284242113,0.5712069715757887,0.0977379737104479,-0.8934650000000001
1034,4.308333,walk,-0.219633,1.003666,0.952565,0.053133,0.068949,-0.617975,0.1265002400383891,0.7477196351415174,-0.11713874219874666,0.1261997644856445,-0.36738319249558926,-0.27607253327567843,-0.1209793566970564,0.08761401824289482,-0.1745079212673807,-0.005520883341332733,0.027844455112815518,0.05304848775803393,0.07570099999999999,0.24510699999999996,-0.893704,-0.11779799999999999,-0.2458229999999999,-0.909082,0.19349899999999998,0.49092999999999987,0.015377999999999892,0.463375255123778,0.8997234949583504,0.463375255123778,0.536624744876222,0.10027650504164964,-0.893704
1035,4.3125,walk,-0.218916,1.006648,0.952384,0.052613,0.068418,-0.618149,0.17206623470123067,0.715622750180028,-0.04343652507799256,-0.35686514392859847,-0.03864646783949272,-0.07790066762443115,-0.11807055435565512,0.07583393328533655,-0.16534677225822572,-0.0074394048476133096,0.033837293016547434,0.07559395248380375,0.074492,0.2424409999999999,-0.894212,-0.11854599999999998,-0.248664,-0.908586,0.193038,0.4911049999999999,0.014373999999999998,0.4948161502821474,0.8614083456567263,0.4948161502821474,0.5051838497178526,0.1385916543432737,-0.894212
1036,4.316667,walk,-0.2183,1.009708,0.952088,0.052551,0.067817,-0.618494,0.14782817374610838,0.7343412526998326,-0.07103431725461398,-0.2074085122478578,-0.19114136775508145,-0.20689617226424661,-0.09479241660667734,0.08783297336215627,-0.1696664266858727,-0.007919366450685566,0.035517158627320314,0.07343412526998193,0.07348099999999999,0.23974699999999993,-0.8946230000000001,-0.119195,-0.251576,-0.907984,0.192676,0.49132299999999995,0.013360999999999956,0.5109289152408922,0.8634069743513614,0.5109289152408922,0.48907108475910777,0.13659302564863862,-0.8946230000000001
1037,4.320833,walk,-0.217696,1.012748,0.951638,0.053927,0.067874,-0.618833,0.14498319731154885,0.7297167546806348,-0.10801728276524272,0.5311247191460858,-0.3666930985307955,-0.279451828321579,-0.0986557849255736,0.06889102256358323,-0.1646663466154362,-0.010801728276526937,0.023523763802188753,0.08377340374458841,0.072466,0.23699399999999993,-0.894859,-0.119844,-0.254518,-0.907185,0.19231,0.49151199999999995,0.012326000000000059,0.5368301157136066,0.8538643327044,0.5368301157136066,0.4631698842863934,0.1461356672956,-0.894859
1038,4.325,walk,-0.217039,1.015758,0.951379,0.054036,0.068085,-0.619064,0.15766738660907628,0.7223422126230129,-0.06215502759779723,0.10139882885216923,0.05947822276223645,-0.14672569462584903,-0.0919126469882438,0.053275737941007116,-0.159587233021367,-0.0333573314134885,0.02015838732903476,0.11063114950804515,0.07142600000000002,0.23420600000000014,-0.895265,-0.12064,-0.2574439999999999,-0.906465,0.19206600000000001,0.49165000000000003,0.011199999999999988,0.5684763794465942,0.804506867268892,0.5684763794465942,0.43152362055340576,0.19549313273110802,-0.895265
1039,4.329167,walk,-0.216522,1.018944,0.951198,0.054883,0.069792,-0.618583,0.12407007439405833,0.7645788336933714,-0.04343652507799256,0.8357802715736902,0.3697431374137958,0.24759282285577838,-0.08975281977442531,0.04727621790257061,-0.14350851931845973,-0.014638828893683831,0.05183585313175038,0.11687065034797615,0.07053499999999999,0.231217,-0.895682,-0.12121799999999999,-0.26041400000000003,-0.905797,0.19175299999999998,0.49163100000000004,0.010114999999999985,0.6059464106588779,0.7855238947909358,0.6059464106588779,0.3940535893411221,0.21447610520906424,-0.895682
1040,4.333333,walk,-0.215817,1.021894,0.950785,0.055199,0.069735,-0.619121,0.1692270763322226,0.7081132981277585,-0.09913586173788512,0.09517898832724313,-0.08615300009512723,-0.3455799894153163,-0.08617378780605536,0.045367258761404156,-0.16082573211715243,-0.02256361017763945,0.050888142102738065,0.13418146903505718,0.069471,0.228456,-0.895939,-0.12201700000000001,-0.26315200000000005,-0.904825,0.19148800000000002,0.49160800000000004,0.00888599999999995,0.5977843891634664,0.7578832573637544,0.5977843891634664,0.40221561083653357,0.2421167426362456,-0.895939
1041,4.3375,walk,-0.215115,1.024741,0.950423,0.054871,0.069606,-0.619559,0.16846652267815948,0.683225341972485,-0.0868730501559666,-0.16753204188729465,0.071238099665191,-0.24947395120142016,-0.07631389488839253,0.05327573794094247,-0.14950803935682608,-0.022318214542821853,0.04991600671945072,0.1543076553875426,0.06845100000000001,0.22583100000000011,-0.8962,-0.12281199999999998,-0.2657909999999999,-0.9038200000000001,0.191263,0.491622,0.007620000000000071,0.6302831604371315,0.7271520420413378,0.6302831604371315,0.3697168395628685,0.27284795795866224,-0.8962
1042,4.341667,walk,-0.214473,1.027629,0.950141,0.054194,0.069286,-0.619894,0.15406767458604104,0.6930645548356452,-0.06767458603312151,-0.3547702858461948,0.09669821715617247,-0.16771210056962385,-0.0700743940484828,0.04847612191025791,-0.1485481161507151,0.0014398848092034469,0.05687544996398909,0.1624670026397972,0.067517,0.22314500000000015,-0.896537,-0.12344800000000003,-0.26844199999999996,-0.902861,0.19096500000000002,0.4915870000000001,0.006323999999999996,0.651341701179136,0.7130988506295539,0.651341701179136,0.34865829882086397,0.2869011493704461,-0.896537
1043,4.345833,walk,-0.213788,1.030462,0.949914,0.05358,0.069388,-0.62027,0.16442630820932438,0.6800288046088118,-0.05448871819491003,-0.20507297249423984,0.23953686822574952,-0.19683367922007686,-0.07225156024964464,0.0424867978876346,-0.12794047047528587,-0.029044647143541002,0.053048487758051904,0.17690830532886534,0.066531,0.22048899999999994,-0.8968430000000001,-0.124254,-0.271054,-0.9018970000000001,0.190785,0.49154299999999995,0.005054000000000003,0.6945407320679182,0.6883989281351339,0.6883989281351339,0.3054592679320818,0.3116010718648661,-0.8968430000000001
1044,4.35,walk,-0.213151,1.033257,0.949501,0.053392,0.069808,-0.620603,0.1528677705783604,0.6707463402928319,-0.09911207103432099,0.05106998050389526,0.2313196987328632,-0.19385393585745467,-0.06239500839933335,0.03911687065038222,-0.13534917206624136,-0.01967842572593586,0.043676505879535345,0.18022558195345234,0.065634,0.21785699999999997,-0.8969940000000001,-0.12497299999999997,-0.2736670000000001,-0.900733,0.19060699999999997,0.49152400000000007,0.003738999999999937,0.70579908262623,0.689193977985568,0.689193977985568,0.29420091737376997,0.31080602201443197,-0.8969940000000001
1045,4.354167,walk,-0.212624,1.036479,0.948704,0.054204,0.068746,-0.621531,0.126469882409386,0.7732181425484272,-0.1912646988240735,-0.025766104993345584,-0.5917309672195553,-0.6105754362209351,-0.061435085193169085,0.0388768898488045,-0.12239020878327601,-0.02951763858891748,0.06479481641467416,0.17326613870887436,0.06485100000000002,0.21479700000000013,-0.896707,-0.125623,-0.27661899999999995,-0.899214,0.19047400000000003,0.4914160000000001,0.002506999999999926,0.7376710845661671,0.687790961920097,0.687790961920097,0.26232891543383285,0.31220903807990297,-0.896707
1046,4.358333,walk,-0.211777,1.03916,0.948377,0.052841,0.068101,-0.621953,0.20331253000482033,0.6435429668747883,-0.07849255880940761,-0.7109402438089756,0.18275900873038126,-0.18501452903931737,-0.04440710513682985,0.04008641382622215,-0.11569851176189185,-0.03480556889102682,0.08401344215076817,0.15362457993280182,0.06381899999999999,0.212283,-0.896862,-0.12661500000000003,-0.27895000000000003,-0.898247,0.19043400000000002,0.49123300000000003,0.0013849999999999696,0.7690667006782035,0.7024628984508435,0.7024628984508435,0.23093329932179651,0.29753710154915647,-0.896862
1047,4.3625,walk,-0.211146,1.041815,0.947863,0.052678,0.068219,-0.62256,0.15142788576914362,0.6371490280777473,-0.12335013198944994,-0.03320433381612232,0.1239840602018667,-0.3632048590034838,-0.03095752339812722,0.03671706263495433,-0.10967122630190064,-0.033837293016547434,0.07943364530837181,0.18790496760260011,0.063059,0.209781,-0.896805,-0.12738699999999997,-0.2812739999999999,-0.89695,0.19044599999999998,0.4910549999999999,0.00014500000000006175,0.7990068494031133,0.6553466183435639,0.6553466183435639,0.20099315059688672,0.3446533816564361,-0.896805
1048,4.366667,walk,-0.210464,1.044627,0.947495,0.051096,0.067346,-0.623154,0.16366690664747283,0.6748260139189262,-0.08831293496521521,-0.8634644195940901,0.1714462823637824,-0.27987438945660403,-0.01991840652747865,0.03479721622271859,-0.10487161027118307,-0.0398368130549573,0.07799376049916835,0.20710343172547205,0.062294000000000016,0.20711400000000002,-0.896874,-0.12823499999999996,-0.28376099999999993,-0.8957189999999999,0.19052899999999998,0.49087499999999995,0.0011550000000000171,0.8128752360922187,0.6136840367952416,0.6136840367952416,0.18712476390778132,0.38631596320475836,-0.8957189999999999
1049,4.370833,walk,-0.209854,1.047519,0.946952,0.051627,0.067165,-0.623678,0.14642342774842,0.6941910705712264,-0.13034085453669886,0.1378840189725622,-0.19936919596074248,-0.3485321219591739,-0.002400384061451911,0.043686989918358156,-0.1277004320691134,-0.020163226116182726,0.08401344215072361,0.21555448871816507,0.06167400000000001,0.2044039999999998,-0.896863,-0.128929,-0.2863030000000001,-0.894278,0.190603,0.4907069999999999,0.0025849999999999485,0.7750202769481989,0.5871079704276476,0.5871079704276476,0.22497972305180114,0.4128920295723524,-0.894278
1050,4.375,walk,-0.209326,1.050278,0.946783,0.050854,0.067247,-0.624034,0.12670986321094907,0.6621070314375046,-0.04055675545955902,-0.2692128964980383,0.2786291286794784,-0.17856566271175883,-0.013198944084473724,0.03911687065038222,-0.11063114950804515,-0.024238060955128954,0.11015118790496956,0.22462203023759109,0.061091000000000006,0.201808,-0.897155,-0.129558,-0.28860300000000005,-0.893173,0.190649,0.49041100000000004,0.003982000000000041,0.8031950137834181,0.5412666429286701,0.5412666429286701,0.19680498621658193,0.4587333570713299,-0.893173
1051,4.379167,walk,-0.208865,1.053206,0.9465,0.051223,0.068105,-0.62454,0.11063114950804848,0.7026637868970903,-0.0679145668346643,0.3905580997735702,0.23803593984519386,-0.3308842247977247,-0.017998560115189625,0.03671706263500762,-0.09695224382049916,-0.025197984161260144,0.11063114950805514,0.2051835853131847,0.060555,0.19903300000000002,-0.897276,-0.130124,-0.29107000000000005,-0.892035,0.190679,0.49010300000000007,0.00524099999999994,0.8246287395536679,0.5568126645331779,0.5568126645331779,0.1753712604463321,0.4431873354668221,-0.892035
1052,4.383333,walk,-0.208473,1.056085,0.94644,0.051454,0.067324,-0.625097,0.09409505520882164,0.691070571291279,-0.014402304368711465,-0.1565452125084862,-0.33369258717259276,-0.35308259573838235,-0.007441190590494261,0.037686029764748365,-0.09265482477195049,-0.0283245319251059,0.10537686029762564,0.22107537205949948,0.06013199999999999,0.19631100000000012,-0.8976019999999999,-0.130634,-0.29350999999999994,-0.8910539999999999,0.190766,0.48982100000000006,0.006547999999999998,0.8328297216213161,0.5236236832382712,0.5236236832382712,0.16717027837868392,0.47637631676172876,-0.8910539999999999
1053,4.3875,walk,-0.208141,1.059106,0.946206,0.052162,0.06716,-0.625806,0.0796736261099146,0.724982001439957,-0.05615550755938736,0.20649990117683661,-0.2364339836225362,-0.47248632413584785,-0.008159347252221694,0.0477561795056029,-0.10199184065275287,-0.037437005039596016,0.12335013198944994,0.24934005279578897,0.059765999999999986,0.1934889999999998,-0.897793,-0.131122,-0.2960170000000001,-0.8897809999999999,0.19088799999999997,0.4895059999999999,0.008012000000000019,0.8118100605749441,0.45206223414941343,0.45206223414941343,0.1881899394250559,0.5479377658505866,-0.8897809999999999
1054,4.391667,walk,-0.207814,1.061906,0.946178,0.052555,0.066748,-0.626417,0.07847372210223395,0.6719462443004659,-0.0067194624430115864,0.01491906855396365,-0.24046123641010897,-0.395728780879169,0.010799136069119104,0.060235181185508205,-0.10127189824814448,-0.019678425725949182,0.13534917206624303,0.21262299016079633,0.05948400000000001,0.1909399999999999,-0.898187,-0.131531,-0.298253,-0.888867,0.19101500000000002,0.4891929999999999,0.009319999999999995,0.8027910318196507,0.48544248894862563,0.48544248894862563,0.19720896818034928,0.5145575110513744,-0.888867
1055,4.395833,walk,-0.207981,1.065228,0.946963,0.051417,0.069711,-0.625037,-0.040086413826215486,0.7974075852137087,0.1884301488238353,0.48852168181631433,1.3798364376652252,0.9039419052365953,0.03240518482957439,0.049447911665906584,-0.08353336533846104,-0.025444071051369033,0.15194431108978512,0.2237157945271426,0.059786000000000006,0.187824,-0.89932,-0.13147,-0.30094200000000004,-0.88872,0.191256,0.48876600000000003,0.010600000000000054,0.8294370831569201,0.44128218518863693,0.44128218518863693,0.1705629168430799,0.5587178148113631,-0.88872
1056,4.4,walk,-0.207635,1.068238,0.946563,0.052011,0.068984,-0.626168,0.08303335733140269,0.7223422126228589,-0.09599232061432421,-0.01287661030568352,-0.3913001075305558,-0.7250287563574918,0.011039116870646218,0.05591552675783266,-0.09287257019436852,-0.011279097672188956,0.1538276937844721,0.2251019918406137,0.05948599999999998,0.18504699999999996,-0.8993070000000001,-0.13186300000000004,-0.303311,-0.887382,0.19134900000000002,0.48835799999999996,0.011925000000000074,0.8183889800180556,0.42595736059056605,0.42595736059056605,0.1816110199819444,0.574042639409434,-0.887382
1057,4.404167,walk,-0.207319,1.071225,0.946108,0.052619,0.067436,-0.627412,0.07583393328533655,0.7168226541877152,-0.1091912646988517,-0.2575279024139842,-0.6972026034382343,-0.7955275504095671,0.004799616030715901,0.05351571874252326,-0.07199424046076683,-0.011999040076793083,0.16198704103671993,0.2277417806575591,0.05918999999999999,0.18228299999999997,-0.899152,-0.132229,-0.3056230000000001,-0.8859779999999999,0.191419,0.48790600000000006,0.013174000000000019,0.850276744865607,0.4020396864271373,0.4020396864271373,0.149723255134393,0.5979603135728627,-0.8859779999999999
1058,4.408333,walk,-0.206809,1.074019,0.94589,0.052025,0.068445,-0.627848,0.12241958713395364,0.6706673067691273,-0.05232837253959619,0.07922019890720075,0.5778238954890378,-0.23806804461680964,-0.009841574651941609,0.04320691310606366,-0.046807489198275605,0.004080652904462456,0.16562650024004394,0.253480556889121,0.058639,0.17966899999999986,-0.8991290000000001,-0.13272200000000003,-0.3077270000000001,-0.884704,0.19136100000000003,0.48739599999999994,0.014425000000000021,0.8925725700138906,0.35575,0.35575,0.10742742998610944,0.64425,-0.884704
1059,4.4125,walk,-0.206423,1.076686,0.945742,0.051325,0.068181,-0.628526,0.0926325893928522,0.6400287976962075,-0.035517158627320314,-0.3496920548548213,0.1456844400209878,-0.380575511383656,-0.015598752099835004,0.030237580993538817,-0.036477081833454834,-0.024238060955115635,0.16006719462443092,0.26133909287258206,0.05818799999999999,0.17712799999999995,-0.899133,-0.133209,-0.3097270000000001,-0.883467,0.19139699999999998,0.48685500000000004,0.015665999999999958,0.9168634010515511,0.34334,0.34334,0.08313659894844894,0.65666,-0.883467
1060,4.416667,walk,-0.20602,1.079467,0.945593,0.049947,0.068428,-0.628744,0.09671226301893909,0.6673866090711439,-0.03575713942882884,-0.4412746689228963,0.516254190531696,-0.06229145675543292,-0.01247900167986268,0.03767698584111746,-0.04079673626109145,-0.025917926565869664,0.17854571634268138,0.22654187664983017,0.05773300000000001,0.174504,-0.899154,-0.13371999999999998,-0.31176399999999993,-0.882374,0.19145299999999998,0.4862679999999999,0.016780000000000017,0.9051367294682202,0.3495236257369463,0.3495236257369463,0.09486327053177979,0.6504763742630537,-0.882374
1061,4.420833,walk,-0.205706,1.082387,0.945277,0.050049,0.067094,-0.629501,0.07537205952953278,0.7009121459434146,-0.0758521363418166,-0.3775453810402395,-0.49105050877308726,-0.4689881966911007,-0.011521843494958304,0.03984637542009689,-0.025204032645225454,-0.0441670667306846,0.19227076332213253,0.24675948151706253,0.057371000000000005,0.17175000000000007,-0.898943,-0.134218,-0.313883,-0.88103,0.191589,0.4856330000000001,0.017913000000000068,0.9191068988447785,0.32087,0.32087,0.08089310115522153,0.67913,-0.88103
1062,4.425,walk,-0.205409,1.085166,0.945135,0.049947,0.066604,-0.629952,0.07127429805615677,0.6669066474682539,-0.034077273818116864,-0.1927247530172554,-0.12974804049225097,-0.27208007614082547,-0.010799136069119104,0.030957523398140542,-0.01607871370290393,0.007919366450685566,0.21478281737464147,0.2445404367650714,0.057028999999999996,0.16910000000000003,-0.898868,-0.134482,-0.315767,-0.8798689999999999,0.191511,0.48486700000000005,0.0189990000000001,0.9391378007041563,0.31001,0.31001,0.06086219929584369,0.68999,-0.8798689999999999
1063,4.429167,walk,-0.205068,1.087804,0.94513,0.050408,0.06626,-0.630389,0.08183345332373974,0.6330693544516531,-0.001199904007660658,0.061428830282430215,-0.24498497924928384,-0.29287865728536694,-0.005759539236860413,0.025437964962789612,-0.015118790496761082,-0.021598272138224885,0.2248620110391189,0.23566114710824132,0.05666399999999999,0.16656800000000005,-0.898926,-0.13491299999999998,-0.317468,-0.878882,0.19157699999999997,0.484036,0.02004399999999995,0.9497550395077057,0.29956000000000005,0.29956000000000005,0.05024496049229432,0.70044,-0.878882
1064,4.433333,walk,-0.20478,1.090351,0.945264,0.050562,0.065771,-0.630951,0.06913106096974841,0.6113778204512088,0.032165146423415635,-0.0984475776443496,-0.2005773893559061,-0.3544950124438604,-0.0024003840614452484,0.02064330292847311,-0.01584253480556762,-0.04368698991838481,0.2373979836773608,0.23715794527121228,0.056366,0.164107,-0.899126,-0.135383,-0.31902600000000003,-0.878028,0.191749,0.48313300000000003,0.02109799999999995,0.9564462749231618,0.28901999999999994,0.28901999999999994,0.04355372507683819,0.7109800000000001,-0.878028
1065,4.4375,walk,-0.204458,1.093023,0.94539,0.051159,0.06558,-0.631381,0.07727381809455332,0.6412287017038948,0.030237580993512175,0.15868840175242743,-0.22926333219417205,-0.29593909500661336,-0.002159827213825153,0.011519078473680862,-0.008879289656826748,-0.058555315574761964,0.24358051355892357,0.2502999760019318,0.056035,0.16148299999999982,-0.899289,-0.13594900000000001,-0.32068300000000005,-0.877111,0.19198400000000002,0.4821659999999999,0.02217800000000003,0.9754940025885823,0.27821999999999997,0.27821999999999997,0.02450599741141768,0.7217800000000001,-0.877111
1066,4.441667,walk,-0.204183,1.095552,0.945594,0.05186,0.065389,-0.631921,0.06599472042236862,0.6069114470842618,0.04895608351334349,0.196166712071108,-0.2549307585803983,-0.37022195722638424,0.0002399808015361281,0.011519078473734148,-0.006479481641470463,-0.0463162946964261,0.26349892008638887,0.24502039836814032,0.055761000000000005,0.15900199999999987,-0.8995200000000001,-0.136417,-0.3221140000000001,-0.876294,0.19217800000000002,0.481116,0.02322600000000008,0.9779690595089476,0.26774,0.26774,0.022030940491052364,0.73226,-0.876294
1067,4.445833,walk,-0.204034,1.098102,0.945798,0.052525,0.064753,-0.632511,0.03576572251560016,0.6120979356695844,0.048967834853565685,0.04635239465300144,-0.4074051606322936,-0.3990588483269567,0.004080652904461586,0.016322611617846344,-0.007441190590492596,-0.0348055688910194,0.29140662505998216,0.21675468074889104,0.055628999999999984,0.15652,-0.8997550000000001,-0.13671100000000003,-0.3234499999999999,-0.875595,0.19234,0.4799699999999999,0.02416000000000007,0.9693382841153038,0.25839999999999996,0.25839999999999996,0.03066171588469624,0.7416,-0.875595
1068,4.45,walk,-0.203736,1.100621,0.946145,0.052927,0.064197,-0.632878,0.0715142788576929,0.6045116390689405,0.08327333813294986,-0.024485426349403316,-0.30948689748056474,-0.24806522363285713,0.015598752099835004,0.0266378689705302,-0.005039596832253694,-0.06431485481161572,0.3218142548596347,0.1898248140148875,0.055396,0.15411200000000003,-0.900123,-0.137277,-0.324628,-0.875151,0.192673,0.47874000000000005,0.024971999999999994,0.9478704960220621,0.25028,0.25028,0.05212950397793792,0.7497199999999999,-0.875151
1069,4.454167,walk,-0.203605,1.103108,0.946444,0.053074,0.063622,-0.63342,0.03143748500119947,0.5968322534197311,0.07175425965921571,-0.12668563709272856,-0.23075156201833008,-0.34331581421251706,0.02567794576433906,0.031197504199656688,0.003119750419966335,-0.037916966642668276,0.36909047276217866,0.13846892248620604,0.055372000000000005,0.15175500000000008,-0.9004089999999999,-0.137566,-0.325577,-0.874873,0.192938,0.4773320000000001,0.025535999999999892,0.9324563102370272,0.24464000000000008,0.24464000000000008,0.06754368976297276,0.7553599999999999,-0.874873
1070,4.458333,walk,-0.203452,1.105397,0.94689,0.052912,0.063247,-0.633897,0.036725876140188754,0.5494479116659066,0.10705712914068478,-0.17949471562783817,-0.06636981396683919,-0.28752330780461693,0.023763802208358997,0.025924147863659517,-0.003840614498320545,-0.08641382621219394,0.3864618338934536,0.13082093134902711,0.055318000000000006,0.1495740000000001,-0.900871,-0.13807899999999998,-0.326256,-0.874774,0.19339699999999999,0.4758300000000001,0.026096999999999926,0.9410383821273063,0.23903000000000002,0.23903000000000002,0.05896161787269372,0.7609699999999999,-0.874774
1071,4.4625,walk,-0.203347,1.107775,0.947274,0.052838,0.063257,-0.634355,0.025197984161261434,0.5706743460522181,0.09215262778974698,-0.028701041624082747,0.049159227669983784,-0.28002882337791096,0.022798176145900666,0.013198944084450928,-0.006959443244537906,-0.07823374130069448,0.4103671706262786,0.11351091912645116,0.055307999999999996,0.14725100000000002,-0.901284,-0.13851000000000002,-0.326924,-0.8746849999999999,0.19381800000000002,0.474175,0.02659900000000004,0.9545882170577478,0.23401000000000005,0.23401000000000005,0.04541178294225223,0.76599,-0.8746849999999999
1072,4.466667,walk,-0.203129,1.109998,0.948223,0.051173,0.064259,-0.634718,0.052315814734822635,0.5334773218142999,0.22774178065757908,-0.3133434302672751,0.8939924606682259,-0.14016032483152038,0.013438924886009852,0.0026397888168907483,-0.005999520038398207,-0.055915526757857895,0.4557235421166477,0.09527237820974627,0.055146,0.14503899999999992,-0.902258,-0.138961,-0.3272480000000001,-0.875237,0.194107,0.472287,0.02702099999999996,0.9750797144333322,0.22979000000000005,0.22979000000000005,0.02492028556666781,0.77021,-0.875237
1073,4.470833,walk,-0.203242,1.112474,0.948616,0.051468,0.063712,-0.635469,-0.027124339894385726,0.5943350936150069,0.09433509361498028,-0.06638604992941789,-0.25482889614055537,-0.48117262426227264,0.01632261161786315,-0.006721075372040134,-0.011761881901105211,-0.08065290446472145,0.4740758521363938,0.10153624579933755,0.055327000000000015,0.14253500000000008,-0.9027000000000001,-0.139184,-0.32774899999999996,-0.8752070000000001,0.19451100000000002,0.47028400000000004,0.02749299999999999,0.9646469249318083,0.22507,0.22507,0.03535307506819174,0.77493,-0.8752070000000001
1074,4.475,walk,-0.202523,1.114065,0.949793,0.047885,0.065616,-0.635482,0.1725461963043029,0.38180945524362675,0.28245740340773634,-0.7415209706272068,1.7929024835429679,0.17041455878212253,0.0028797696184268765,0.0011999040076873012,0.0014398848092151033,-0.05687544996400241,0.501799856011531,0.13150947924166498,0.05462,0.140949,-0.903871,-0.14014,-0.3272490000000001,-0.8758360000000001,0.19476,0.4681980000000001,0.02803499999999992,0.9942733297083134,0.21965000000000007,0.21965000000000007,0.005726670291686609,0.7803499999999999,-0.8758360000000001
1075,4.479167,walk,-0.202462,1.116252,0.950429,0.047446,0.066205,-0.635887,0.014638828893687372,0.5248380129588608,0.15262778977678507,0.01336084835882464,0.3715760618594604,-0.23138947231942084,0.006479481641467416,0.010559155267560742,0.002879769618431258,-0.06311495080392829,0.5593952483800558,0.1139908807295233,0.054585999999999996,0.13880599999999998,-0.9044949999999999,-0.140464,-0.327105,-0.8759969999999999,0.19505,0.46591099999999996,0.028498000000000023,0.9788016958643564,0.21502000000000004,0.21502000000000004,0.02119830413564361,0.78498,-0.8759969999999999
1076,4.483333,walk,-0.20222,1.118443,0.950912,0.048264,0.065327,-0.636614,0.058089294287088665,0.5259241478637128,0.11593855016803875,0.023439054563289517,-0.5382482004618055,-0.4906120340394003,0.008881421027367302,0.01104176668266782,0.0045607297167546065,-0.05904944791166297,0.6051368218915495,0.08905424867979495,0.05438100000000001,0.13666099999999992,-0.904959,-0.14095199999999997,-0.32677500000000004,-0.876109,0.19533299999999998,0.46343599999999996,0.02884999999999993,0.9751895795587864,0.21150000000000008,0.21150000000000008,0.02481042044121362,0.7885,-0.876109
1077,4.4875,walk,-0.202265,1.120965,0.951001,0.049929,0.064877,-0.63787,-0.010799136069112442,0.6052315814734889,0.021358291336695416,0.4617328433572824,-0.610416244351249,-0.8647096053760389,0.00983921286296793,0.005519558435350929,-0.004079673626110847,-0.0710343172546273,0.6709863210943214,0.07895368370530954,0.05446699999999999,0.13416200000000011,-0.905065,-0.141203,-0.32650100000000004,-0.875869,0.19566999999999998,0.46066300000000016,0.029196,0.9800055999520677,0.20803999999999995,0.20803999999999995,0.019994400047932293,0.79196,-0.875869
1078,4.491667,walk,-0.202581,1.122867,0.952535,0.047376,0.065783,-0.636086,-0.07583393328534321,0.45644348452127603,0.3681305495560608,-0.6429705674821191,1.0230611026340988,1.236653097738276,0.00863930885529395,-0.0004799616030855778,-0.005519558435324285,-0.04199664026877579,0.7456203503720239,0.016798656107512314,0.05481900000000001,0.132258,-0.906622,-0.14106199999999997,-0.32529600000000003,-0.877333,0.19588099999999997,0.457554,0.02928900000000001,0.9828946446041535,0.20711000000000002,0.20711000000000002,0.017105355395846455,0.79289,-0.877333
1079,4.495833,walk,-0.202764,1.124948,0.953172,0.046263,0.065589,-0.636863,-0.04392702832452333,0.499519923187643,0.1529044647143335,-0.48105704955761175,0.3037675636039363,-0.4265060090108205,0.0036005760921778663,-0.00600096015360979,-0.0067210753720586885,-0.05736917906865403,0.8084493518961775,-0.015602496399424097,0.05501700000000001,0.13015200000000005,-0.9072870000000001,-0.14111800000000002,-0.3240090000000001,-0.878035,0.19613500000000003,0.45416100000000015,0.029252000000000056,0.9838283061838775,0.2074800000000001,0.2074800000000001,0.01617169381612249,0.7925199999999999,-0.878035
1080,4.5,walk,-0.202627,1.127006,0.953645,0.046212,0.065001,-0.637616,0.032877369810416245,0.4938804895608321,0.11351091912646204,-0.20948470015606108,-0.16605362792688938,-0.46372512457477355,0.0007199424046083842,-0.006479481641468798,0.0007199424046067191,-0.04343652507799256,0.8581713462923415,-0.033117350611952374,0.054883000000000015,0.12806700000000015,-0.9077569999999999,-0.141436,-0.32249099999999997,-0.8786459999999999,0.19631900000000002,0.4505580000000001,0.029110999999999998,0.9890683542366878,0.20889000000000002,0.20889000000000002,0.010931645763312181,0.79111,-0.8786459999999999
1081,4.504167,walk,-0.202821,1.12934,0.953938,0.046272,0.063225,-0.639065,-0.04655627549796222,0.5601151907847768,0.07031437485001227,-0.5430751971911846,-0.6061908449356163,-0.8994506897863012,-0.0011999040076806405,0.00023998080151614568,0.002639788816895744,-0.05375569954403941,0.9155267578594162,-0.055915526757861225,0.05507200000000001,0.125734,-0.9080389999999999,-0.141466,-0.32101,-0.879172,0.19653800000000002,0.44674400000000003,0.028866999999999976,0.9951506456871524,0.21133000000000007,0.21133000000000007,0.004849354312847609,0.78867,-0.879172
1082,4.508333,walk,-0.202774,1.1315,0.954351,0.046525,0.063695,-0.639695,0.011281805088810657,0.5184829572730798,0.09913586173786398,0.2309151702239864,0.126655346303253,-0.4069086079691768,-0.0002400384061451911,0.0016802688429830256,0.0062409985597683066,-0.04920787325971754,0.973115698511632,-0.06913106096974508,0.05502400000000002,0.12358099999999994,-0.908426,-0.141718,-0.31911599999999996,-0.8798729999999999,0.19674200000000003,0.4426969999999999,0.02855300000000005,0.9892205204150362,0.21447,0.21447,0.010779479584963836,0.7855300000000001,-0.8798729999999999
1083,4.5125,walk,-0.202669,1.133479,0.95479,0.046801,0.062409,-0.640773,0.025197984161273466,0.47492200623951125,0.10535157187427364,-0.30833614973066564,-0.5077000220292998,-0.6826642560137522,-0.007679385649149438,-0.00023998080151614568,0.005039596832253694,-0.06431485481161572,1.0278377729782175,-0.07439404847612643,0.05488699999999999,0.12160100000000007,-0.908844,-0.14209100000000002,-0.31681199999999987,-0.880622,0.19697800000000001,0.43841299999999994,0.02822199999999997,0.984685873354869,0.21778000000000003,0.21778000000000003,0.015314126645130988,0.7822199999999999,-0.880622
1084,4.516667,walk,-0.20268,1.135499,0.95546,0.045767,0.0636,-0.641232,-0.0026397888168974088,0.4847612191025258,0.16078713702903263,-0.017041815951693594,0.7775140689490645,-0.24000924408141233,-0.0038396928245780495,-0.007919366450672245,-0.0011999040076789752,-0.018958483321334138,1.0595152387809332,-0.060235181185508205,0.054881999999999986,0.11954799999999999,-0.909519,-0.142159,-0.31441700000000006,-0.881543,0.197041,0.43396500000000005,0.027976,0.9851957799189637,0.2202400000000001,0.2202400000000001,0.014804220081036323,0.7797599999999999,-0.881543
1085,4.520833,walk,-0.202467,1.137515,0.956077,0.044716,0.063532,-0.641686,0.051128180508883306,0.4839174267883287,0.14810369659146125,-0.41304560994468126,0.3181838749135613,-0.23243890883668322,-0.0026404224675910027,-0.008881421027380626,0.001920307249158607,-0.04368698991839412,1.1156985117619669,-0.08065290446472145,0.05465800000000001,0.1174949999999999,-0.9101279999999999,-0.14255400000000001,-0.3117850000000001,-0.882496,0.19721200000000003,0.42928,0.02763199999999999,0.9842291539890734,0.22368000000000005,0.22368000000000005,0.015770846010926598,0.7763199999999999,-0.882496
1086,4.525,walk,-0.202514,1.139737,0.956376,0.044675,0.064183,-0.642433,-0.011279097672182294,0.5332373410126168,0.07175425965922706,0.17732048142727666,0.2878354477345428,-0.4680833156410428,0.009839212862965832,-0.008639308855272126,0.004079673626109978,-0.061675065994698505,1.191984641228515,-0.10271178305733769,0.05474599999999999,0.11523700000000003,-0.91041,-0.14276399999999997,-0.30904,-0.883223,0.19750999999999996,0.424277,0.027187000000000072,0.9771422573198736,0.22813000000000005,0.22813000000000005,0.022857742680126414,0.77187,-0.883223
1087,4.529167,walk,-0.202461,1.141682,0.956921,0.043606,0.064073,-0.642978,0.012718982481401468,0.46676265898732283,0.13078953683706326,-0.4335284866294141,0.31300920801564786,-0.2884775025209087,-0.0033597312214991323,-0.003119750419976326,0.0059995200383965415,-0.036717062634994295,1.2342212622990745,-0.12383009359251887,0.054679000000000005,0.11327899999999991,-0.91093,-0.14296999999999999,-0.30584200000000006,-0.8842840000000001,0.197649,0.41912099999999997,0.026645999999999948,0.9874153005979064,0.23354000000000008,0.23354000000000008,0.012584699402093613,0.7664599999999999,-0.8842840000000001
1088,4.533333,walk,-0.20243,1.143755,0.957306,0.043193,0.064391,-0.643745,0.007441190590495848,0.49759961593858754,0.09241478636581833,-0.06287858411645524,0.27988880710798364,-0.4621545483682671,-0.002880460873742907,-0.004800768122878196,0.002160345655305515,-0.013442150744120243,1.275804128660677,-0.09217474795967975,0.05463599999999999,0.11118600000000001,-0.911306,-0.143057,-0.3026000000000001,-0.885053,0.19769299999999998,0.4137860000000001,0.02625299999999997,0.9899983997439847,0.23747000000000001,0.23747000000000001,0.010001600256015264,0.7625299999999999,-0.885053
1089,4.5375,walk,-0.202415,1.145695,0.957772,0.042659,0.064245,-0.644596,0.0035997120230352605,0.46556275497958227,0.11183105351571579,-0.2524761133735394,0.15023955509761305,-0.5069587765213605,0.021598272138231546,-0.02207823374129714,-0.010079193664507389,-0.02591792656587519,1.3210943124550596,-0.13798896088313378,0.05471100000000001,0.1091540000000002,-0.9118139999999999,-0.14317999999999997,-0.29903499999999994,-0.8860939999999999,0.19789099999999998,0.40818900000000014,0.025719999999999965,0.9458519542411961,0.24279999999999996,0.24279999999999996,0.05414804575880394,0.7572000000000001,-0.8860939999999999
1090,4.541667,walk,-0.202204,1.148127,0.958041,0.041214,0.064824,-0.644503,0.05063594912406561,0.583633309335153,0.06455483561315807,-0.34775909134545047,0.6531669411570704,0.12408578525633583,-0.0004799616030721539,-0.007199424046122273,-0.0021598272138230274,-0.04199664026878016,1.3566114710820907,-0.12095032397406288,0.05449799999999999,0.10669200000000001,-0.912092,-0.14356600000000003,-0.2958139999999999,-0.8868670000000001,0.19806400000000002,0.4025059999999999,0.025224999999999942,0.987447120369117,0.24774999999999997,0.24774999999999997,0.01255287963088303,0.7522500000000001,-0.8868670000000001
1091,4.545833,walk,-0.202146,1.149782,0.958656,0.042416,0.064073,-0.646322,0.013922227556410727,0.39726356217002284,0.14762361977915744,0.18061597975468816,-0.5620517865292733,-1.1952440746602548,0.0014402304368714535,-0.00600096015361107,-0.0016802688430150303,-0.034805568891013494,1.3720595295248457,-0.13202112337975,0.054445999999999994,0.10501199999999988,-0.9127139999999999,-0.14376899999999998,-0.29175300000000004,-0.8880319999999999,0.19821499999999997,0.3967649999999999,0.02468199999999998,0.9893399643187322,0.2531799999999999,0.2531799999999999,0.010660035681267832,0.74682,-0.8880319999999999
1092,4.55,walk,-0.202208,1.151931,0.959086,0.039331,0.064853,-0.645951,-0.014878809695226619,0.5157187425006131,0.10319174466044183,-0.8791903697320027,1.2209010195076166,0.3746738637347455,0.0009599232061445124,-0.005759539236867074,0.002879769618431872,-0.03527717782577752,1.423086153107814,-0.12886969042477422,0.054512000000000005,0.1028389999999999,-0.9131319999999999,-0.14385399999999998,-0.287972,-0.888999,0.198366,0.3908109999999999,0.02413299999999996,0.9891491400957818,0.25867000000000007,0.25867000000000007,0.01085085990421819,0.7413299999999999,-0.888999
1093,4.554167,walk,-0.202184,1.153839,0.959527,0.03825,0.065009,-0.646526,0.005759539236860413,0.45788336933047946,0.10583153347733258,-0.35520536836579186,0.41678715572579345,-0.3116243909248799,0.005519558435324285,-0.0047996160306959185,0.007199424046075517,-0.04295656347493362,1.4754019678426236,-0.15022798176146632,0.054511000000000004,0.10091099999999997,-0.913543,-0.14405700000000002,-0.2837320000000001,-0.890066,0.19856800000000002,0.38464300000000007,0.02347699999999997,0.9828946446041757,0.26523,0.26523,0.01710535539582425,0.7347699999999999,-0.890066
1094,4.558333,walk,-0.20219,1.155614,0.960125,0.036775,0.065012,-0.647159,-0.0014402304368711465,0.4260681709072545,0.1435429668746777,-0.5478162662840844,0.4851058287325176,-0.32955811733673934,0.005760921747477924,-0.0019203072491615289,0.0004800768122903822,0.0021603456553133823,1.501680268842823,-0.12770043206911175,0.054541000000000006,0.0991280000000001,-0.914139,-0.14404199999999998,-0.2792509999999999,-0.891196,0.19858299999999998,0.378379,0.022943000000000047,0.9898475135698133,0.27057,0.27057,0.010152486430186736,0.72943,-0.891196
1095,4.5625,walk,-0.202283,1.157528,0.960542,0.036039,0.06522,-0.647723,-0.022318214542833267,0.4593232541396829,0.1000719942404655,-0.21280919286137684,0.3287847065629396,-0.3228622768673475,0.002399808015361281,-0.00215982721380517,0.0009599232061445124,-0.025437964962802935,1.5149988000960646,-0.19030477561795975,0.054644,0.09720500000000021,-0.914552,-0.144055,-0.2748519999999999,-0.892406,0.198699,0.3720570000000001,0.022146,0.9943861815664429,0.27854,0.27854,0.005613818433557127,0.72146,-0.892406
1096,4.566667,walk,-0.20229,1.159367,0.960956,0.035292,0.065269,-0.64827,-0.0016798656107528966,0.4413246940245332,0.09935205183586378,-0.26619461851671233,0.27317075047696276,-0.3103767484014482,-0.0035997120230419214,0.00215982721380517,0.00431965442764531,-0.04223662107031858,1.5601151907848034,-0.13174946004320442,0.05463599999999999,0.09537499999999999,-0.914948,-0.144224,-0.27019000000000004,-0.8933690000000001,0.19885999999999998,0.36556500000000003,0.021578999999999904,0.9899608828109736,0.2842100000000001,0.2842100000000001,0.010039117189026392,0.7157899999999999,-0.8933690000000001
1097,4.570833,walk,-0.202407,1.161058,0.961604,0.033252,0.065487,-0.648693,-0.02808449351896071,0.4059049447910851,0.15554488718192394,-0.6826560403850752,0.7304177494106963,-0.1762129848542476,-0.0016802688430096753,0.001200192030732618,0.005040806529044016,-0.03792606817090022,1.6039366298605546,-0.12457993278922759,0.05474600000000002,0.09368900000000013,-0.915575,-0.14426499999999998,-0.26519899999999996,-0.894536,0.199011,0.3588880000000001,0.02103900000000003,0.990921102802121,0.28961,0.28961,0.009078897197879021,0.7103900000000001,-0.894536
1098,4.575,walk,-0.202442,1.163008,0.961791,0.033342,0.06523,-0.649267,-0.008399328053757822,0.46796256299501016,0.044876409887196,-0.057771731443615894,-0.09739953109875256,-0.36319852450192275,0.00623950083993267,0.008879289656790114,0.0002399808015361281,-0.01247900167986534,1.6160307175426747,-0.13774898008160097,0.05480700000000002,0.09177599999999986,-0.9157609999999999,-0.14428199999999997,-0.26041500000000006,-0.895297,0.199089,0.3521909999999999,0.020463999999999927,0.9819083547270351,0.29536000000000007,0.29536000000000007,0.018091645272964918,0.7046399999999999,-0.895297
1099,4.579167,walk,-0.202546,1.164734,0.962298,0.03228,0.065379,-0.649709,-0.02495800335973068,0.41420686345091745,0.1216702663787037,-0.34773910454751994,0.40298791816581875,-0.23278571344519028,-0.003119750419969665,0.0004799616030855778,-0.003599712023038591,-0.13054955603553378,1.7017038636909991,-0.17950563954884396,0.054898,0.09005200000000002,-0.916283,-0.14472200000000002,-0.2550499999999999,-0.896552,0.19962000000000002,0.3451019999999999,0.019730999999999943,0.9920206634096168,0.30269,0.30269,0.00797933659038319,0.69731,-0.896552
1100,4.583333,walk,-0.202645,1.166469,0.962648,0.03166,0.065483,-0.650069,-0.023763802208352336,0.41646663466158895,0.08401344215074152,-0.1995590098632147,0.24590768118893025,-0.20078114365840002,0.01872299567930891,-0.004320691310574386,0.015602496399425757,-0.025924147863659517,1.6653864618340253,-0.11473835813730922,0.055074999999999985,0.08829900000000013,-0.9165679999999999,-0.14473100000000003,-0.24984699999999993,-0.89738,0.199806,0.33814600000000006,0.019187999999999983,0.9587468238763908,0.30811999999999995,0.30811999999999995,0.041253176123609236,0.69188,-0.89738
1101,4.5875,walk,-0.20273,1.168251,0.963071,0.031041,0.065622,-0.650416,-0.020398368130546556,0.42764578833684946,0.10151187904967396,-0.18792561103081393,0.2578254228672483,-0.19332904313532961,-0.0021598272138180314,-0.0112790976722156,0.015838732901364425,-0.09167266618668814,1.7096232301412804,-0.1178305735540972,0.055151000000000006,0.08647000000000005,-0.916925,-0.14502800000000002,-0.24450499999999997,-0.898294,0.20017900000000002,0.330975,0.018630999999999953,0.9673934073718855,0.31369,0.31369,0.032606592628114495,0.68631,-0.898294
1102,4.591667,walk,-0.202824,1.169927,0.963451,0.030222,0.065618,-0.650705,-0.02255819534437606,0.402207823374151,0.0911927045836221,-0.30436268693191004,0.2652969371638992,-0.1462599158377234,-0.03167746580274226,-0.0014398848092034469,0.01535877129829721,-0.0655147588192897,1.728341732661476,-0.11351091912647535,0.055112999999999995,0.08478800000000009,-0.917241,-0.14520699999999997,-0.23897899999999994,-0.8991469999999999,0.20031999999999997,0.323767,0.018094000000000054,0.9412768509647677,0.31906,0.31906,0.05872314903523235,0.68094,-0.8991469999999999
1103,4.595833,walk,-0.20299,1.171638,0.963786,0.029706,0.065222,-0.651056,-0.039846375420070246,0.4107057129141031,0.0804128660585962,-0.3184269836020126,0.0303641329036286,-0.19402262352229577,-0.03360537686030061,-0.013202112337955013,0.01656265002400506,-0.06721075372060122,1.7522803648585097,-0.09985597695632085,0.055138999999999994,0.08302200000000015,-0.9175070000000001,-0.14532099999999998,-0.23339,-0.8998980000000001,0.20045999999999997,0.31641200000000014,0.017608999999999986,0.9337945432778367,0.32391000000000003,0.32391000000000003,0.06620545672216327,0.67609,-0.8998980000000001
1104,4.6,walk,-0.20314,1.173387,0.96398,0.02954,0.065124,-0.65129,-0.03599712023037925,0.4197264218862684,0.046556275497942244,-0.09548664368739793,0.02551973812989749,-0.1395014340083466,-0.014158867290618236,0.009119270458359545,-0.0059995200383965415,-0.10367170626351409,1.7578593712503865,-0.06647468202544088,0.055229999999999974,0.08131100000000013,-0.9177259999999999,-0.14560300000000004,-0.22781399999999996,-0.900369,0.200833,0.3091250000000001,0.017356999999999956,0.9702030549041065,0.32643,0.32643,0.02979694509589348,0.67357,-0.900369
1105,4.604167,walk,-0.20328,1.174883,0.964395,0.028594,0.065722,-0.651262,-0.033597312215017466,0.3590112790975981,0.09959203263738534,-0.15531520379689104,0.5118949875715717,0.05070087238252537,-0.00071994240460157,-0.003839692824577231,-0.0021598272138230274,-0.09575233981279478,1.788816894648119,-0.11279097672184293,0.055367,0.07979900000000018,-0.91815,-0.14586200000000002,-0.22185599999999994,-0.901254,0.20122900000000002,0.3016550000000001,0.016896000000000022,0.9925601650916943,0.33104,0.33104,0.007439834908305687,0.66896,-0.901254
1106,4.608333,walk,-0.203377,1.176564,0.964714,0.02822,0.06554,-0.65149,-0.023283725396068513,0.40350456072975915,0.07657225156024568,-0.1974603632123189,0.059293140771612886,-0.12528976440885609,0.008881421027360639,-0.011761881901096885,0.01824291886702009,-0.2849255880941161,1.9522323571773166,-0.13082093134902711,0.055500999999999995,0.07806900000000017,-0.918393,-0.146952,-0.21540399999999993,-0.902118,0.202453,0.2934730000000001,0.01627500000000004,0.9609122925649796,0.33725000000000005,0.33725000000000005,0.039087707435020436,0.66275,-0.902118
1107,4.6125,walk,-0.203577,1.178263,0.964814,0.028021,0.065168,-0.651576,-0.047996160307178994,0.40772738180950197,0.023998080153586166,-0.1906919219561738,-0.07036336571252268,-0.04089888842391051,0.004799616030722562,0.003359731221492472,0.0019198464122873594,-0.09863210943124873,1.845932325414059,-0.05303575713943102,0.05572100000000002,0.07638400000000001,-0.918485,-0.147163,-0.209411,-0.902439,0.202884,0.285795,0.016046000000000005,0.9897246359661929,0.33954000000000006,0.33954000000000006,0.010275364033807133,0.6604599999999999,-0.902439
1108,4.616667,walk,-0.203767,1.179842,0.965022,0.027686,0.064991,-0.651542,-0.04559635229181771,0.3789296856251666,0.049916006719487996,-0.1764926241708194,0.03836326672695348,0.03824825539144872,-0.0002399808015361281,0.0009599232061178691,0.0009599232061428472,-0.20206383489322002,1.898728101751927,-0.09191264698824547,0.055910000000000015,0.0748089999999999,-0.9186890000000001,-0.147815,-0.2030780000000001,-0.90303,0.20372500000000002,0.277887,0.01565900000000009,0.997702358752715,0.34341,0.34341,0.0022976412472850427,0.65659,-0.90303
1109,4.620833,walk,-0.203909,1.1814,0.965248,0.027109,0.065002,-0.651555,-0.034085453672583824,0.3739798367738213,0.05424867978874656,-0.20631039622481265,0.18436069307842745,0.016250183921550636,-0.0036005760921778663,-0.0014402304368578219,-0.0036005760921745352,-0.14546327412383922,1.8785405664903867,-0.01728276524243544,0.056037000000000003,0.073245,-0.91893,-0.148279,-0.19681000000000004,-0.903328,0.204316,0.27005500000000005,0.015602000000000005,0.9911804257941098,0.34397999999999995,0.34397999999999995,0.00881957420589019,0.65602,-0.903328
1110,4.625,walk,-0.204071,1.182944,0.965424,0.026676,0.064795,-0.651551,-0.03887688984881279,0.3705303575714088,0.04223662107030526,-0.2220512614826918,0.05919011563093677,0.023523692045340768,0.0019198464122890248,0.0,0.003119750419966335,-0.14902807775378235,1.8737700983922232,-0.002879769618431872,0.05620700000000001,0.07170100000000001,-0.9190929999999999,-0.14873799999999998,-0.190546,-0.903516,0.204945,0.262247,0.015576999999999952,0.993894753410736,0.34423000000000004,0.34423000000000004,0.006105246589264035,0.65577,-0.903516
1111,4.629167,walk,-0.204303,1.184433,0.965635,0.025896,0.065075,-0.651373,-0.05567554595632843,0.357331413486955,0.050635949124089724,-0.19169775054864896,0.33827229143557136,0.14147223271163184,-0.0002399808015361281,-0.0023998080153746024,-0.00047996160307059096,-0.18478521718263213,1.896328293736579,-0.02519798416126847,0.056438000000000016,0.07020199999999988,-0.9193060000000001,-0.14927599999999996,-0.1841330000000001,-0.903832,0.20571399999999998,0.254335,0.015474000000000099,0.9959015475697852,0.34526000000000007,0.34526000000000007,0.004098452430214783,0.6547399999999999,-0.903832
1112,4.633333,walk,-0.204457,1.186049,0.96569,0.02598,0.064828,-0.651359,-0.03696591454631946,0.3879020643302024,0.013202112337978848,-0.04671979990179241,-0.11699862817133712,0.009076909577198701,0.013922227556407759,-0.0007201152184289109,-0.0024003840614502453,-0.15938550168024698,1.894383101295956,0.049447911665861065,0.056650000000000006,0.06858300000000006,-0.919371,-0.14978599999999997,-0.17785699999999993,-0.9036810000000001,0.20643599999999998,0.24644,0.015689999999999982,0.9764233619808673,0.34309999999999996,0.34309999999999996,0.02357663801913268,0.6569,-0.9036810000000001
1113,4.6375,walk,-0.204638,1.187553,0.965732,0.025966,0.064576,-0.651213,-0.04343652507799256,0.36093112551001694,0.010079193664504058,-0.08116161122681398,-0.09343261028730601,0.09650674929789216,-0.006719462443004926,0.007199424046070521,-0.0011999040076789752,-0.18886489080875296,1.9102471802256613,0.008399328053756157,0.05680299999999999,0.06710899999999986,-0.9194180000000001,-0.15039200000000003,-0.17140100000000014,-0.903688,0.20719500000000002,0.23851,0.015730000000000022,0.983465301489012,0.3427,0.3427,0.01653469851098799,0.6573,-0.903688
1114,4.641667,walk,-0.204838,1.188991,0.965952,0.025225,0.064636,-0.651043,-0.047996160307178994,0.3450923926085659,0.052795776337894895,-0.24681115046998298,0.24610353553816317,0.13725873186148313,-0.02471802255819455,0.004319654427663628,0.004559635229181438,-0.06863450923926602,1.8562514998801056,0.09311255099592444,0.056900000000000006,0.06568900000000011,-0.9196190000000001,-0.15047800000000003,-0.16510399999999992,-0.90352,0.20737800000000003,0.23079300000000003,0.016099000000000085,0.9574941073697801,0.33901,0.33901,0.042505892630219866,0.66099,-0.90352
1115,4.645833,walk,-0.205028,1.190514,0.965983,0.025104,0.064292,-0.650924,-0.045607297167549396,0.36557849255887753,0.007441190590495848,-0.14937931353463402,-0.09267063227541436,0.08527752715534202,-0.008881421027367302,-0.009601536245809691,-0.007681228996639425,-0.16466634661546298,1.82021123379758,0.08713394143063634,0.05705299999999999,0.0641259999999999,-0.919682,-0.150974,-0.15904399999999996,-0.903188,0.208027,0.22316999999999987,0.01649400000000001,0.9747198795359446,0.33506,0.33506,0.025280120464055367,0.66494,-0.903188
1116,4.65,walk,-0.205263,1.19198,0.966056,0.025169,0.064164,-0.650727,-0.05639548836092479,0.3518118550515291,0.017518598512113633,-0.01247003861637569,-0.07461838192265008,0.1235440304917591,0.01007919366450191,0.009119270458357602,-0.007199424046075647,-0.17182625389965792,1.877849772017917,0.05831533477320675,0.05732999999999999,0.06269799999999992,-0.9197850000000001,-0.15145499999999998,-0.15268499999999996,-0.903018,0.20878499999999997,0.21538299999999988,0.016767000000000087,0.9743645782594115,0.33233,0.33233,0.025635421740588527,0.66767,-0.903018
1117,4.654167,walk,-0.205472,1.19347,0.966114,0.025125,0.063734,-0.650665,-0.05015598752099749,0.3575713942884712,0.013918886489082108,-0.14947044005531004,-0.14590236363224787,0.04739638453135673,0.0004799616030722562,0.010559155267562993,-0.0007199424046083842,-0.18766498680106566,1.914806815454841,0.1250299976001995,0.05754099999999998,0.06125199999999986,-0.919846,-0.152028,-0.146196,-0.902555,0.20956899999999998,0.20744799999999985,0.017291000000000056,0.9823424205626654,0.32708999999999994,0.32708999999999994,0.017657579437334592,0.6729100000000001,-0.902555
1118,4.658333,walk,-0.205724,1.194969,0.966083,0.025293,0.063456,-0.650348,-0.06048967834854109,0.3598175708113384,-0.007441190590495848,-0.019629922134793223,-0.1660769451494953,0.19687346334602848,-0.004080652904462456,0.017522803648636,-0.006961113778203698,-0.2124339894383329,1.948391742678966,0.04872779644743421,0.057775999999999994,0.05982600000000016,-0.919844,-0.15266100000000002,-0.13957799999999998,-0.902321,0.210437,0.19940400000000014,0.017522999999999955,0.9678476940144236,0.32477,0.32477,0.03215230598557639,0.67523,-0.902321
1119,4.6625,walk,-0.205952,1.19637,0.966226,0.025122,0.063125,-0.650248,-0.05471562275018392,0.33621310295177576,0.03431725461963301,-0.16382355115182137,-0.07168480861566036,0.07495879328253635,0.0014398848092167685,-0.01271898248142145,0.020878329733621494,-0.24886009119271837,1.9292056635470354,0.10895128389729225,0.058010000000000006,0.05837200000000009,-0.9199,-0.15347000000000002,-0.13293999999999984,-0.90201,0.21148000000000003,0.19131199999999993,0.017890000000000073,0.9591836621732199,0.32110000000000005,0.32110000000000005,0.04081633782678007,0.6789,-0.90201
1120,4.666667,walk,-0.206256,1.197326,0.966833,0.02494,0.061181,-0.651157,-0.07295416366689413,0.22942164626824976,0.14566834653225882,-0.6929224925995263,-0.6195905548738131,-0.5403034763407638,-0.0023998080153607693,-0.00071994240460157,0.00623950083993134,-0.275737940964666,1.8977681785453515,0.1257499400047811,0.058303999999999995,0.05741300000000016,-0.9204810000000001,-0.15431499999999998,-0.125988,-0.902093,0.21261899999999997,0.18340100000000015,0.01838800000000007,0.9887937559186312,0.31611999999999996,0.31611999999999996,0.011206244081368832,0.68388,-0.902093
1121,4.670833,walk,-0.206499,1.198684,0.966935,0.024526,0.061022,-0.651075,-0.05832933269323391,0.3259721555449592,0.024483917426774738,-0.19872580839841184,0.06787588352983727,0.07034217380038991,-0.0021603456553071806,0.001440230436858129,-0.006000960153624394,-0.27556409025447165,1.937590014402477,0.09865578492559464,0.05853799999999998,0.056060999999999916,-0.920608,-0.15522000000000002,-0.1192740000000001,-0.901784,0.213758,0.17533500000000002,0.018823999999999952,0.9891023856041989,0.31176000000000004,0.31176000000000004,0.010897614395801059,0.68824,-0.901784
1122,4.675,walk,-0.206697,1.200091,0.967007,0.024353,0.06081,-0.650932,-0.047516198704106734,0.3376529877609792,0.017278617710574578,-0.12656488485955492,-0.02883903805839152,0.10009353807374119,0.0019198464122890248,-0.00023998080151614568,-0.004799616030717566,-0.29085673146149416,1.9028077753780746,0.12550995920326843,0.05874399999999999,0.05465300000000006,-0.9207,-0.156234,-0.11275199999999996,-0.9013329999999999,0.214978,0.16740500000000003,0.019367000000000023,0.991375146527139,0.30633000000000005,0.30633000000000005,0.008624853472861016,0.69367,-0.9013329999999999
1123,4.679167,walk,-0.206997,1.20146,0.967144,0.023996,0.06019,-0.650822,-0.07199424046076516,0.32853371730261965,0.03287736981042957,-0.3219045582373987,-0.11936230553181139,0.09184021898235345,0.02327813774898444,-0.011279097672218002,0.00431965442764531,-0.29085673146149416,1.9169666426686462,0.14398848092153366,0.059141,0.05323699999999998,-0.920819,-0.157146,-0.10613300000000003,-0.9008700000000001,0.216287,0.15937,0.019948999999999995,0.9562917133545085,0.30051,0.30051,0.043708286645491534,0.69949,-0.9008700000000001
1124,4.683333,walk,-0.20722,1.202826,0.967184,0.024095,0.060011,-0.650762,-0.053528564570324316,0.3278924627939979,0.009601536245807644,-0.018955269314843426,-0.0984202146447071,0.03623834957877034,-0.002400384061451911,-0.0033605376860193505,0.0,-0.31685069611133243,1.909505520883123,0.14474315890540698,0.05935399999999999,0.05185700000000004,-0.9208590000000001,-0.158243,-0.09954399999999985,-0.9003070000000001,0.21759699999999998,0.1514009999999999,0.020552000000000015,0.9931170385125401,0.29447999999999996,0.29447999999999996,0.0068829614874599265,0.70552,-0.9003070000000001
1125,4.6875,walk,-0.207501,1.204144,0.96743,0.023514,0.059318,-0.650728,-0.06743460523158538,0.31629469642433705,0.0590352771778209,-0.4276147732516035,-0.07349080499801941,0.05292444382871896,0.0009599232061445124,0.0011999040076873012,0.0023998080153596157,-0.32373410127192376,1.9073674106072012,0.14974802015839406,0.059639,0.05054399999999992,-0.921095,-0.15931100000000004,-0.09291400000000016,-0.899929,0.21895000000000003,0.14345800000000009,0.021166000000000018,0.9952506431137285,0.28833999999999993,0.28833999999999993,0.0047493568862715385,0.7116600000000001,-0.899929
1126,4.691667,walk,-0.207768,1.205546,0.967526,0.02326,0.059233,-0.650568,-0.06407487401008626,0.3364530837532919,0.023038156947441654,-0.11594813225831858,0.04232936466688218,0.11184967199246731,-0.0007199424046083842,0.0019198464122890248,-0.0009599232061445124,-0.3186945044396584,1.8891288696905353,0.18046556275498515,0.05990300000000001,0.04915000000000003,-0.921195,-0.16037200000000001,-0.08644399999999997,-0.899273,0.22027500000000003,0.135594,0.021921999999999997,0.9962267094104206,0.28078000000000003,0.28078000000000003,0.0037732905895794255,0.71922,-0.899273
1127,4.695833,walk,-0.208017,1.206888,0.967653,0.023389,0.058675,-0.650695,-0.05976956313009262,0.3221315410465133,0.030484877580405956,-0.13023872022586047,-0.23960863565447288,-0.07790238456878508,0.0009601536245807644,-0.001200192030732618,0.001920307249159863,-0.33341334613533063,1.8840614498317194,0.1639462313970023,0.060156000000000015,0.04780300000000004,-0.921314,-0.161512,-0.07993699999999992,-0.898717,0.221668,0.12773999999999996,0.022596999999999978,0.9959005637838148,0.27403,0.27403,0.004099436216185248,0.72597,-0.898717
1128,4.7,walk,-0.2083,1.208266,0.967831,0.023102,0.058383,-0.650658,-0.06791456683465764,0.3306935445164781,0.04271658267339083,-0.19510623362632565,-0.01863670673028133,0.03823028043075362,0.0011999040076806405,0.0011999040076873012,0.0023998080153596157,-0.3563714902807972,1.8780897528198335,0.17518598512120032,0.060444000000000025,0.04642999999999997,-0.921482,-0.162714,-0.07348900000000014,-0.898165,0.22315800000000002,0.11991900000000011,0.023317000000000032,0.9951014124014341,0.26682999999999996,0.26682999999999996,0.004898587598565873,0.7331700000000001,-0.898165
1129,4.704167,walk,-0.208562,1.20965,0.967893,0.023047,0.058183,-0.650621,-0.06287497000239894,0.3321334293256283,0.014878809695226619,-0.08194180039327995,-0.057251493881974924,0.02806498818017271,0.02831773458122981,-0.030237580993538817,-0.004559635229181438,-0.3090952723782266,1.9733621310296297,0.11543076553876104,0.06082399999999999,0.04492000000000007,-0.921563,-0.16374000000000002,-0.06664999999999988,-0.897746,0.224564,0.11156999999999995,0.023816999999999977,0.9305378666391019,0.26183,0.26183,0.06946213336089813,0.73817,-0.897746
1130,4.708333,walk,-0.208864,1.211026,0.968024,0.023061,0.057943,-0.65058,-0.07249159865578989,0.33029284685553356,0.03144503120499342,-0.06931804348471524,-0.09350649757458464,0.02840454393268633,-0.0007201152184357268,0.013442150744133567,0.0009601536245793035,-0.3374939990398642,1.8864618338935868,0.17906865098417085,0.06112299999999998,0.04360000000000008,-0.92169,-0.164844,-0.06016699999999986,-0.897131,0.22596699999999997,0.10376699999999994,0.024558999999999997,0.9775072926918137,0.25441,0.25441,0.02249270730818631,0.74559,-0.897131
1131,4.7125,walk,-0.209167,1.212371,0.968139,0.023146,0.057511,-0.650776,-0.07271418286535804,0.32277417806573705,0.027597792176615545,-0.10793889395237007,-0.1774668660295284,-0.1214372765126227,0.0059995200384019235,-0.003839692824577231,-0.0014398848092147965,-0.3501319894407832,1.829853611710755,0.21742260619146922,0.061451000000000006,0.042238999999999916,-0.9218109999999999,-0.16599999999999998,-0.05388700000000002,-0.8963399999999999,0.227451,0.09612599999999993,0.02547100000000002,0.9878881658029448,0.24529,0.24529,0.012111834197055193,0.75471,-0.8963399999999999
1132,4.716667,walk,-0.209484,1.21373,0.968245,0.02313,0.057193,-0.650791,-0.07607391408687933,0.32613390928724506,0.025437964962816254,-0.1056740121737072,-0.11063822923729551,-0.0051033075397594035,0.008639308855287289,0.003119750419976326,0.004079673626109182,-0.3690904727622053,1.8272138228942543,0.1991840652747865,0.061804,0.04089300000000007,-0.9219,-0.167221,-0.0476319999999999,-0.895616,0.229025,0.08852499999999996,0.026284000000000085,0.9832490268047596,0.23715999999999998,0.23715999999999998,0.016750973195240437,0.76284,-0.895616
1133,4.720833,walk,-0.209779,1.215042,0.9685,0.022736,0.057037,-0.650895,-0.07081132981277319,0.31493038886223806,0.06120979356697682,-0.19401149522853134,0.0693626230991859,-0.049004914856870405,0.0,-0.00048007681230380936,0.004080652904465788,-0.35261641862700777,1.8317330772924982,0.21003360537687712,0.06209899999999999,0.03957900000000003,-0.922138,-0.16839500000000002,-0.04131299999999993,-0.894996,0.230494,0.08089199999999996,0.027142,0.9931520072137002,0.22858,0.22858,0.0068479927862997725,0.77142,-0.894996
1134,4.725,walk,-0.210071,1.216483,0.968417,0.023503,0.056745,-0.651121,-0.0700743940484828,0.3458123350132209,-0.01991840652749197,0.18328712426117774,-0.3378303040615185,-0.16749290759735358,-0.0026397888168907483,0.0007199424046017234,0.0028797696184302067,-0.367170626349903,1.7871370290377542,0.2147828173746215,0.06238000000000002,0.03814099999999998,-0.922043,-0.16963299999999998,-0.03530699999999998,-0.894018,0.232013,0.07344799999999996,0.028024999999999967,0.993379351508987,0.21974999999999995,0.21974999999999995,0.006620648491012959,0.7802500000000001,-0.894018
1135,4.729167,walk,-0.210417,1.217772,0.968661,0.023011,0.056407,-0.651171,-0.08303335733139602,0.3093352531797168,0.05855531557474949,-0.28559451082763826,0.031679854276658134,-0.009504719853811548,0.001199904007673724,-0.002399808015374091,0.0,-0.4487640988720243,1.8221742260616005,0.17926565874726963,0.06273099999999998,0.03684199999999982,-0.922287,-0.17115700000000003,-0.029003000000000112,-0.893515,0.233888,0.06584499999999993,0.02877200000000002,0.9955282217872388,0.21227999999999997,0.21227999999999997,0.004471778212761235,0.78772,-0.893515
1136,4.733333,walk,-0.210709,1.219142,0.968654,0.023761,0.055998,-0.651462,-0.07009121459434411,0.3288526164186221,-0.0016802688430100335,0.1393341344165015,-0.3731734990663049,-0.20678781704400312,-0.001200192030719549,0.0036005760921986214,0.002880460873739576,-0.3607777244359327,1.7388382141144028,0.22299567930870687,0.06301800000000002,0.035487000000000046,-0.922268,-0.172368,-0.023128999999999955,-0.892579,0.235386,0.058616,0.029688999999999965,0.9920589561364426,0.20310999999999996,0.20310999999999996,0.007941043863557429,0.7968900000000001,-0.892579
1137,4.7375,walk,-0.211036,1.220402,0.969022,0.022823,0.056015,-0.651532,-0.07847372210223395,0.30237580993522833,0.08831293496521521,-0.3366625089963608,0.3011197509454559,-0.010008829405298885,0.01247900167986534,-0.004319654427663628,-0.003119750419966335,-0.3338132949364145,1.669786417086714,0.29349652027839157,0.06339700000000001,0.034208999999999934,-0.922649,-0.17343199999999998,-0.017430999999999974,-0.8917240000000001,0.23682899999999998,0.05163999999999991,0.03092499999999998,0.9773850012907243,0.19074999999999992,0.19074999999999992,0.022614998709275747,0.80925,-0.8917240000000001
1138,4.741667,walk,-0.211362,1.221802,0.968933,0.023548,0.055898,-0.651774,-0.07823374130069782,0.3359731221502596,-0.021358291336695416,0.22247716191889025,-0.260560733509,-0.17802885043590982,0.0035997120230352605,-0.0007199424046017234,0.0004799616030722562,-0.40100791936647706,1.7441804655628472,0.21934245260380128,0.06373799999999999,0.03280599999999989,-0.922558,-0.17477700000000002,-0.01156299999999999,-0.8907210000000001,0.238515,0.04436899999999988,0.03183699999999989,0.9938295941842552,0.18162999999999996,0.18162999999999996,0.006170405815744795,0.81837,-0.8907210000000001
1139,4.745833,walk,-0.211705,1.223047,0.969243,0.022749,0.055744,-0.651885,-0.0823331733077206,0.29884781565044977,0.07441190590491596,-0.3404686418996695,0.19698203613358922,-0.03935888173620428,0.0002400384061451911,-0.0024003840614119365,0.00120019203072429,-0.42366778684584255,1.7554008641380037,0.1716274603936384,0.064082,0.03155100000000011,-0.922863,-0.17619900000000002,-0.005495000000000028,-0.890316,0.24028100000000002,0.037046000000000134,0.03254699999999999,0.9955092926227476,0.17453000000000002,0.17453000000000002,0.004490707377252434,0.8254699999999999,-0.890316
1140,4.75,walk,-0.21206,1.224393,0.969364,0.022983,0.055356,-0.652247,-0.08519318454523889,0.323014158867322,0.029037676985851517,-0.04300673956057668,-0.20224766101940567,-0.23288398322809545,0.0026397888168974088,-0.0011999040076873012,-0.0014398848092151033,-0.367170626349903,1.6577873770099476,0.2183825293976601,0.064448,0.030200000000000005,-0.92299,-0.177374,6.700000000003925e-05,-0.889527,0.241822,0.030132999999999965,0.03346300000000002,0.9946041366437672,0.16536999999999996,0.16536999999999996,0.005395863356232766,0.83463,-0.889527
1141,4.754167,walk,-0.21241,1.225672,0.969536,0.022849,0.055467,-0.652478,-0.08399328053755824,0.30693544516440807,0.041276697864160744,-0.017736562065479196,0.09017429797749012,-0.14285622245687296,0.0019198464122823639,-0.0011999040076873012,-0.0023998080153579504,-0.36309095272379543,1.6705063594913159,0.18478521718263213,0.06480599999999997,0.028915999999999942,-0.923172,-0.178537,0.005749000000000004,-0.888929,0.24334299999999998,0.023166999999999938,0.03424300000000002,0.994501349058129,0.15757000000000004,0.15757000000000004,0.005498650941870964,0.84243,-0.888929
1142,4.758333,walk,-0.2128,1.227028,0.969588,0.023197,0.055217,-0.652758,-0.09361497839653125,0.32549207873253266,0.012481997119549938,0.043008046722515694,-0.19037103998715152,-0.18685310279094322,0.0012001920307259555,0.001200192030732618,-0.0033605376860293443,-0.3154104656744746,1.635141622659363,0.18626980316848174,0.06520099999999998,0.02756500000000006,-0.923238,-0.17946100000000004,0.01120499999999991,-0.888205,0.24466200000000002,0.016360000000000152,0.03503299999999998,0.9937252411820419,0.14967000000000008,0.14967000000000008,0.006274758817958137,0.8503299999999999,-0.888205
1143,4.7625,walk,-0.213148,1.228308,0.969732,0.023217,0.055132,-0.653079,-0.08351331893449264,0.30717542596592423,0.0345572354211758,-0.02485991390300803,-0.026293018098849617,-0.2030449155569236,0.0035997120230419214,-0.0011999040076873012,0.0019198464122873594,-0.29157667386609587,1.6078713702904863,0.26421886249101395,0.06556400000000001,0.02628000000000008,-0.923374,-0.180328,0.016625000000000112,-0.887248,0.245892,0.00965499999999997,0.03612599999999999,0.992912548937408,0.13874000000000003,0.13874000000000003,0.0070874510625920095,0.8612599999999999,-0.887248
1144,4.766667,walk,-0.213552,1.229612,0.969894,0.023032,0.05498,-0.65336,-0.09695224382049583,0.3129349652027913,0.03887688984881279,-0.11959388993497741,0.012025502135487134,-0.16945469705314684,0.0028797696184268765,-0.0002399808015694321,0.0,-0.5027597792176888,1.7844972402208634,0.15262778977682426,0.06597999999999998,0.02497499999999997,-0.923536,-0.18201900000000001,0.022757000000000138,-0.8867740000000001,0.247999,0.0022179999999998312,0.03676199999999996,0.995183747468687,0.13238000000000005,0.13238000000000005,0.0048162525313130145,0.86762,-0.8867740000000001
1145,4.770833,walk,-0.213937,1.230934,0.969919,0.02351,0.054939,-0.653647,-0.09241478636582501,0.3173307729237038,0.00600096015361107,0.1556247569984723,-0.15474967660788438,-0.19860598511289945,0.0009601536245809691,-0.0016802688429833838,0.0012001920307245458,-0.33821411425830655,1.5768122899664776,0.19443110897745303,0.06636899999999998,0.023646000000000056,-0.9235559999999999,-0.183043,0.028003999999999918,-0.8859889999999999,0.249412,0.004357999999999862,0.03756700000000002,0.9962046595533648,0.12433,0.12433,0.003795340446635209,0.87567,-0.8859889999999999
1146,4.775,walk,-0.214365,1.232198,0.970142,0.023413,0.054516,-0.654007,-0.10271178305734102,0.30333573314128154,0.05351571874248521,-0.17417413293605252,-0.11131821551935907,-0.22010101381015662,0.0007199424046082308,-0.0011999040076870456,0.002159827213821362,-0.4559635229180932,1.6172306215500172,0.18910487161023878,0.0668,0.02237700000000009,-0.92377,-0.184515,0.033479000000000037,-0.885424,0.251315,0.011101999999999945,0.03834599999999999,0.9957108210164092,0.11653999999999998,0.11653999999999998,0.0042891789835908245,0.88346,-0.885424
1147,4.779167,walk,-0.21476,1.233514,0.970167,0.023619,0.054782,-0.654309,-0.09479241660667734,0.3158147348212515,0.005999520038409863,0.15339655999882273,0.04254954569737737,-0.20211780547037042,0.0026397888168974088,-0.004319654427663628,-0.0009599232061428472,-0.23710103191745477,1.5517158627310723,0.16078713702904596,0.06720600000000002,0.021042999999999923,-0.923799,-0.185108,0.038629000000000024,-0.884779,0.25231400000000004,0.0175860000000001,0.039020000000000055,0.991412322792716,0.10979999999999995,0.10979999999999995,0.008587677207284039,0.8902000000000001,-0.884779
1148,4.783333,walk,-0.215186,1.234756,0.970336,0.023398,0.055022,-0.654514,-0.10225636101776661,0.2981277004320844,0.040566490638499306,-0.007854563194139082,0.16354879910342254,-0.12471347732254846,0.00048007681229048457,-0.0007201152184290645,-0.00024003840614524228,-0.320451272203572,1.5379260681710416,0.20187229956794556,0.067634,0.019797999999999982,-0.9239689999999999,-0.186017,0.04379400000000011,-0.884107,0.25365099999999996,0.02399600000000013,0.03986199999999995,0.9985030975409043,0.10138000000000003,0.10138000000000003,0.001496902459095728,0.89862,-0.884107
1149,4.7875,walk,-0.215625,1.236084,0.970401,0.023488,0.055019,-0.654742,-0.10535157187426032,0.3186945044396584,0.015598752099828344,0.027838921884315974,-0.02151578601554994,-0.14771505643504756,0.0007199424046017234,-0.0019198464122890248,-0.0002399808015361281,-0.3414926805855706,1.508759299256112,0.19462443004560673,0.068076,0.01846199999999998,-0.9240349999999999,-0.18700099999999997,0.048753000000000046,-0.883361,0.255077,0.030291000000000068,0.04067399999999999,0.9965593451455717,0.09325999999999995,0.09325999999999995,0.003440654854428349,0.9067400000000001,-0.883361
1150,4.791667,walk,-0.21608,1.237342,0.970526,0.023694,0.054922,-0.655087,-0.10919126469880178,0.3018958483320784,0.029997600191989635,0.03828755925181107,-0.0880035850553835,-0.22557520701520614,0.0028797696184329233,-0.008879289656788221,-0.0007199424046065656,-0.40652747780171467,1.5193184545234044,0.13030957523395656,0.06854299999999999,0.017167000000000154,-0.924163,-0.18824000000000002,0.05382600000000015,-0.882943,0.256783,0.036659,0.04121999999999992,0.9843961209478802,0.0878000000000001,0.0878000000000001,0.015603879052119796,0.9121999999999999,-0.882943
1151,4.795833,walk,-0.216543,1.238662,0.970626,0.023648,0.054869,-0.655252,-0.11113778204514058,0.3168506961114,0.024003840614497576,-0.036081773122670774,0.000818099773407302,-0.1024514567746324,-0.004320691310607698,0.0007201152184290645,0.0019203072491602725,-0.3094095055209042,1.5235237638023003,0.1221795487278084,0.06898800000000002,0.015850000000000142,-0.9242549999999999,-0.18906599999999998,0.058853000000000044,-0.8825339999999999,0.258054,0.0430029999999999,0.04172100000000001,0.9920287810669064,0.08279000000000003,0.08279000000000003,0.007971218933093605,0.91721,-0.8825339999999999
1152,4.8,walk,-0.217034,1.239981,0.970657,0.02399,0.054804,-0.655508,-0.117830573554119,0.3165346772258532,0.0074394048476133096,0.09902498597850427,-0.12211428293382491,-0.1742904840995234,-0.0014398848092167685,0.00023998080151614568,0.0009599232061428472,-0.39692824574035623,1.5425965922727127,0.15454763618910997,0.06947300000000001,0.01453199999999999,-0.924282,-0.19022899999999998,0.06396200000000007,-0.881921,0.259702,0.049430000000000085,0.04236100000000009,0.9970881889891717,0.07639000000000007,0.07639000000000007,0.002911811010828269,0.9236099999999999,-0.881921
1153,4.804167,walk,-0.217538,1.241305,0.970753,0.024077,0.055272,-0.65568,-0.12095032397408866,0.31773458123354054,0.023038156947441654,0.1763054975477443,0.1486262841745619,-0.11788087966699642,0.005519558435324285,0.003119750419976326,-0.0002399808015361281,-0.30381569474443176,1.4204463642909233,0.1545476361891133,0.07,0.013220999999999927,-0.924379,-0.19099099999999997,0.06855699999999998,-0.881373,0.260991,0.05533600000000005,0.04300599999999999,0.9894254027146541,0.06994,0.06994,0.010574597285345932,0.93006,-0.881373
1154,4.808333,walk,-0.21806,1.242618,0.970833,0.024182,0.054785,-0.655867,-0.12530004800766317,0.31517042726829614,0.01920307249158864,-0.11880561576688076,-0.2033765613461463,-0.1172177985104167,-0.00960153624579432,0.000480076812303707,-0.00240038406144858,-0.2784445511281552,1.3931829092652768,0.13802208353334497,0.07048200000000002,0.011910000000000087,-0.924469,-0.19162900000000002,0.073048,-0.8808779999999999,0.26211100000000004,0.061137999999999915,0.043591000000000046,0.9834855437345648,0.06409000000000009,0.06409000000000009,0.01651445626543524,0.9359099999999999,-0.8808779999999999
1155,4.8125,walk,-0.218564,1.243956,0.970818,0.024734,0.055063,-0.656066,-0.12095032397408866,0.321094312455033,-0.0035997120230352605,0.28409388917627393,-0.06550159783399545,-0.14958175962080442,0.0011999040076739796,-0.0035997120230619037,-0.004559635229183103,-0.2850971922246271,1.402927765778806,0.12335013198944661,0.070991,0.010556999999999928,-0.924473,-0.19231299999999998,0.07755599999999996,-0.8803489999999999,0.263304,0.06699900000000003,0.04412400000000005,0.9901134252505093,0.058760000000000034,0.058760000000000034,0.009886574749490729,0.94124,-0.8803489999999999
1156,4.816667,walk,-0.219085,1.245304,0.97097,0.024018,0.056344,-0.655556,-0.12502999760019617,0.3234941204703543,0.036477081833464826,0.15390689945236585,0.6721020405662451,0.33541259949231345,-0.0035997120230352605,-0.003119750419976326,0.0021598272138234876,-0.4593232541396962,1.5284377249820877,0.09695224382049916,0.071497,0.009195999999999982,-0.924616,-0.19370600000000002,0.08257700000000012,-0.880097,0.265203,0.07338100000000014,0.044518999999999975,0.9912828994809533,0.05481000000000008,0.05481000000000008,0.008717100519046728,0.94519,-0.880097
1157,4.820833,walk,-0.219627,1.246548,0.971121,0.024297,0.056179,-0.65585,-0.13010081613056032,0.2986077772443246,0.03624579932789054,0.043836898931837766,-0.13721976564145735,-0.19499020267808875,-0.0012001920307259555,-0.0033605376860193505,0.0002400384061451911,-0.27484397503597063,1.4001440230434938,0.0758521363418071,0.07203399999999999,0.007938,-0.924766,-0.19430900000000004,0.08716600000000008,-0.879932,0.266343,0.07922800000000008,0.04483399999999993,0.994039180498595,0.051659999999999984,0.051659999999999984,0.005960819501405035,0.94834,-0.879932
1158,4.825,walk,-0.220177,1.247815,0.971221,0.024179,0.056104,-0.656067,-0.1319894408447439,0.3040556755459479,0.023998080153586166,-0.06997360258267159,0.017443968813783742,-0.13271810851759328,-0.0007199424046083842,-0.0028797696184068937,-0.0023998080153596157,-0.3227741780657659,1.3702903767698926,0.07775377969762558,0.072581,0.0066590000000001925,-0.924876,-0.195104,0.09160900000000005,-0.879708,0.267685,0.08494999999999986,0.045167999999999986,0.9936381194622368,0.04832000000000003,0.04832000000000003,0.006361880537763209,0.95168,-0.879708
1159,4.829167,walk,-0.220737,1.249138,0.971315,0.024425,0.055822,-0.656479,-0.13438924886009185,0.3174946004320244,0.02255819534438272,-0.007061293709020443,-0.1651770235724044,-0.2675959239283433,-0.0014398848092167685,-0.0026397888168907483,-0.0016798656107512315,-0.29997600191985374,1.348452123830165,0.0890328773698136,0.07313499999999998,0.005325000000000024,-0.924977,-0.195794,0.09590499999999991,-0.8794310000000001,0.268929,0.09057999999999988,0.045545999999999975,0.994259379211904,0.04454000000000008,0.04454000000000008,0.005740620788096007,0.95546,-0.8794310000000001
1160,4.833333,walk,-0.221367,1.250456,0.971249,0.025598,0.055641,-0.656714,-0.15122419587135605,0.3163706192990962,-0.015842534805572666,0.36278499249049695,-0.42604405459161543,-0.19150031102718043,-0.0019203072491552758,-0.001440230436911428,0.0016802688430150303,-0.2957273163706453,1.3422947671628622,0.06000960153625061,0.07375700000000002,0.004000999999999921,-0.9249040000000001,-0.196396,0.10017900000000002,-0.8791150000000001,0.270153,0.0961780000000001,0.04578899999999997,0.9951165964091029,0.042110000000000036,0.042110000000000036,0.004883403590897117,0.9578899999999999,-0.8791150000000001
1161,4.8375,walk,-0.221909,1.251755,0.971265,0.025886,0.055395,-0.656987,-0.13006959443242047,0.3117350611950376,0.003839692824577231,0.021896115484633587,-0.17002811900431378,-0.1816971853739145,0.0007199424046082308,-0.0023998080153208048,-0.002399808015357439,-0.2932565394767929,1.326373890088585,0.047036237101024454,0.074302,0.0026920000000001387,-0.92493,-0.197076,0.10440700000000014,-0.878935,0.271378,0.101715,0.04599500000000001,0.9942177296637515,0.040050000000000086,0.040050000000000086,0.005782270336248452,0.9599499999999999,-0.878935
1162,4.841667,walk,-0.222531,1.253071,0.971223,0.027588,0.054335,-0.657291,-0.14926805855532513,0.3158147348212515,-0.010079193664530701,0.27457980439732615,-0.9086096349242311,-0.2462613103523338,-0.00503959683225869,-0.003359731221545758,0.003119750419966335,-0.28341732661388086,1.3071754259659776,0.056155507559397355,0.074903,0.0013619999999998633,-0.9248749999999999,-0.19763499999999998,0.10853800000000002,-0.878659,0.27253799999999995,0.10717600000000016,0.046215999999999924,0.9886448527584744,0.037840000000000096,0.037840000000000096,0.011355147241525643,0.9621599999999999,-0.878659
1163,4.845833,walk,-0.223055,1.254314,0.971254,0.027323,0.054005,-0.657421,-0.12578012481998035,0.29836773883820966,0.007441190590495848,-0.20201379253155854,-0.031548904223101255,-0.06989814778300417,-0.00024003840614524228,-0.0019203072491619383,0.00048007681229048457,-0.25924147863660846,1.3014882381182111,0.040806529044651214,0.07542599999999999,0.00011099999999997223,-0.924904,-0.198191,0.11271700000000018,-0.87852,0.273617,0.1126060000000002,0.04638399999999998,0.9966768187458286,0.03616000000000008,0.03616000000000008,0.0033231812541714145,0.9638399999999999,-0.87852
1164,4.85,walk,-0.223621,1.255566,0.971359,0.02721,0.053552,-0.657425,-0.13582913366930863,0.3004559635229393,0.025197984161273466,-0.1842104238742733,-0.12845096975405437,0.00595909863294907,-0.0007199424046083842,-0.007199424046070521,-0.0002399808015361281,-0.26733861291098027,1.3023758099352283,0.012958963282937596,0.07598899999999997,-0.0011710000000000331,-0.92501,-0.19873900000000003,0.116892,-0.878571,0.27472799999999997,0.11806300000000003,0.04643900000000001,0.9879344827381917,0.035610000000000086,0.035610000000000086,0.012065517261808267,0.9643899999999999,-0.878571
1165,4.854167,walk,-0.224205,1.256847,0.971217,0.028094,0.053595,-0.657488,-0.14014878809692904,0.3074154067674281,-0.03407727381808296,0.3318279869430342,-0.2602726722492509,-0.07358595301440497,-0.0023998080153541084,-0.0055195584352964655,0.0,-0.21214302855767886,1.2805375569952278,0.028557715382766514,0.07656299999999999,-0.002475000000000005,-0.924868,-0.19903900000000002,0.12094699999999992,-0.87831,0.275602,0.12342199999999992,0.04655799999999999,0.9899688535285771,0.034420000000000006,0.034420000000000006,0.010031146471422892,0.96558,-0.87831
1166,4.858333,walk,-0.224804,1.258168,0.971095,0.028649,0.05347,-0.657644,-0.14378300528086022,0.3170907345175253,-0.029284685549679584,0.15863333826346754,-0.21433985542562564,-0.11892750598570312,0.001680268843016696,-0.0052808449351820054,-0.00024003840614524228,-0.2585213634181661,1.222755640902625,-0.023523763802210423,0.07716900000000002,-0.003817999999999877,-0.924747,-0.199517,0.12471999999999994,-0.878286,0.276686,0.12853799999999982,0.046460999999999975,0.9907551448165488,0.03538999999999998,0.03538999999999998,0.009244855183451195,0.96461,-0.878286
1167,4.8625,walk,-0.225342,1.259404,0.970931,0.028754,0.054015,-0.657576,-0.1291096712263037,0.2966162706983612,-0.039356851451898364,0.21139244277380378,0.16192698525342777,0.03435645983636169,0.0007199424046017234,0.00023998080151614568,0.0014398848092151033,-0.24238060955124957,1.204703623710164,-0.011039116870651901,0.07770999999999997,-0.005052999999999974,-0.924577,-0.19998900000000003,0.12850399999999995,-0.878168,0.27769900000000003,0.13355699999999993,0.046409000000000034,0.9972872850239574,0.03591000000000005,0.03591000000000005,0.0027127149760426406,0.9640899999999999,-0.878168
1168,4.866667,walk,-0.226015,1.260713,0.970801,0.029192,0.05411,-0.657642,-0.16150707943365433,0.3141348692104786,-0.031197504199656688,0.18726013905855102,-0.10096279620928544,-0.059710853520150826,-0.00023998080152946727,0.0035997120230619037,-0.0019198464122873594,-0.14350851931845807,1.2505399568035311,0.09599232061435466,0.07838200000000001,-0.0063469999999998805,-0.924455,-0.199914,0.13240600000000002,-0.877638,0.278296,0.1387529999999999,0.046817,0.9931887903503669,0.031830000000000025,0.031830000000000025,0.00681120964963311,0.96817,-0.877638
1169,4.870833,walk,-0.226732,1.262021,0.970798,0.030247,0.053708,-0.657971,-0.1721075372059288,0.3139702352376168,-0.0007201152184289109,0.24902779666071273,-0.4655546339375689,-0.24665900729145482,-0.00648103696592016,-0.001200192030732618,-0.0002400384061451911,-0.21819491118575884,1.1833893422946329,-0.013442150744117377,0.07907199999999998,-0.00766,-0.9244530000000001,-0.200106,0.13602800000000004,-0.877691,0.279178,0.14368800000000004,0.04676200000000008,0.989007335842496,0.03238000000000002,0.03238000000000002,0.010992664157503995,0.9676199999999999,-0.877691
1170,4.875,walk,-0.227456,1.263355,0.970747,0.030688,0.053582,-0.658113,-0.17374610031198356,0.32013438924886184,-0.012239020878335873,0.11733600846171809,-0.1791658570940303,-0.10634980037278592,-0.001679865610746236,-0.004079673626147482,-0.0019198464122856943,-0.15982721382290144,1.2102231821454617,-0.023998080153586166,0.079789,-0.009011000000000102,-0.9244100000000001,-0.200048,0.139737,-0.87774,0.279837,0.1487480000000001,0.0466700000000001,0.9919806664843265,0.033299999999999996,0.033299999999999996,0.008019333515673521,0.9667,-0.87774
1171,4.879167,walk,-0.228159,1.264564,0.970609,0.031511,0.053837,-0.65833,-0.16870650347973154,0.29013678905689244,-0.03311735061194571,0.37495274945598434,-0.15867514808303393,-0.172319260910501,-0.0014398848092167685,-0.004079673626094195,-0.0002399808015361281,-0.20278377729782174,1.1317494600432345,-0.0314374850012028,0.080486,-0.010237000000000052,-0.924273,-0.20018999999999998,0.14324399999999993,-0.8777330000000001,0.280676,0.15348099999999998,0.046539999999999915,0.9927783896947411,0.03460000000000002,0.03460000000000002,0.007221610305258919,0.9654,-0.8777330000000001
1172,4.883333,walk,-0.228952,1.265896,0.970599,0.031863,0.053432,-0.658542,-0.19035045607294332,0.3197311569850481,-0.002400384061465236,-0.00411326181377748,-0.2494472909294134,-0.14593139830113708,0.0004800768122903822,-0.0014402304368578219,-0.0002400384061451911,-0.16130580892940852,1.0931349015840943,-0.05064810369658535,0.08128099999999999,-0.011574999999999891,-0.924264,-0.200069,0.14646599999999999,-0.877934,0.28135,0.15804099999999988,0.04632999999999998,0.9974383404395157,0.036700000000000066,0.036700000000000066,0.002561659560484264,0.9632999999999999,-0.877934
1173,4.8875,walk,-0.22975,1.267174,0.970593,0.032503,0.053067,-0.658814,-0.19150467962564371,0.30669546436289197,-0.0014398848092034469,0.11169920628215343,-0.3233572142487615,-0.195760899438706,-0.0014398848092167685,-0.00023998080151614568,0.0023998080153579504,-0.18790496760260844,1.1528677705784136,-0.055915526757861225,0.08207300000000001,-0.012853999999999921,-0.9242480000000001,-0.200054,0.1499919999999999,-0.8781610000000001,0.282127,0.16284599999999982,0.04608699999999999,0.9953184945561504,0.03913,0.03913,0.0046815054438495984,0.96087,-0.8781610000000001
1174,4.891667,walk,-0.230547,1.268491,0.970578,0.032967,0.053111,-0.658997,-0.19126469882410094,0.31605471562276766,-0.0035997120230352605,0.1790883904880385,-0.1233449116780301,-0.13516427972748515,0.0009599232061445124,-0.0011999040076873012,-0.0019198464122856943,-0.1591072714182864,1.1403887688985617,-0.056635469162469615,0.082874,-0.014175999999999966,-0.9242410000000001,-0.19992,0.15342699999999998,-0.878382,0.282794,0.16760299999999995,0.045859000000000094,0.9959015475698052,0.04141000000000006,0.04141000000000006,0.004098452430194799,0.9585899999999999,-0.878382
1175,4.895833,walk,-0.231396,1.269798,0.970533,0.033721,0.052789,-0.659182,-0.20379260681710415,0.3137301968315052,-0.010801728276542565,0.16748427405918334,-0.34704582041451876,-0.14593954852440552,-0.0019203072491619383,-0.0019203072491619383,-0.0007201152184357268,-0.15506481036967992,1.1245799327893475,-0.084493518963042,0.08371499999999998,-0.015490999999999921,-0.924199,-0.19971700000000003,0.15680500000000008,-0.8786889999999999,0.283432,0.172296,0.04551000000000005,0.9953173708150376,0.04490000000000005,0.04490000000000005,0.004682629184962428,0.9551,-0.8786889999999999
1176,4.9,walk,-0.232235,1.271134,0.970527,0.034234,0.052249,-0.659501,-0.20134389248856874,0.32061435085187906,-0.00143988480920314,0.009886548361616584,-0.34462262592349613,-0.2206294724169444,-0.0014398848092164616,-0.0021598272138579964,0.0019198464122869502,-0.13870890328770594,1.0943124550033918,-0.126469882409386,0.08454799999999998,-0.016836000000000073,-0.924185,-0.199456,0.16002899999999998,-0.87921,0.284004,0.17686500000000005,0.04497499999999999,0.9946189808626615,0.05025000000000007,0.05025000000000007,0.005381019137338461,0.9497499999999999,-0.87921
1177,4.904167,walk,-0.233061,1.272461,0.970426,0.035077,0.052199,-0.659848,-0.19822414206864197,0.31845452363814225,-0.024238060955128954,0.28416743827856367,-0.2705631332327772,-0.25466109756840105,-0.002159827213818492,-0.003359731221492472,0.0007199424046067191,-0.12982961363091874,1.076793856491561,-0.13606911447084807,0.085365,-0.01817700000000011,-0.924081,-0.19917100000000001,0.16318900000000003,-0.879676,0.284536,0.18136600000000014,0.04440500000000003,0.9932359273157174,0.05595,0.05595,0.006764072684282585,0.9440500000000001,-0.879676
1178,4.908333,walk,-0.233934,1.273772,0.970442,0.035566,0.05167,-0.660066,-0.20955352856458997,0.31469035045605953,0.0038406144983238765,0.005753679682075199,-0.33690389843149504,-0.15622858224333838,-0.0019203072491619383,-0.00048007681230380936,0.00048007681229048457,-0.11761881901104879,1.076572251560299,-0.15458473355737945,0.08623,-0.019490000000000007,-0.924095,-0.198788,0.16636300000000004,-0.880336,0.285018,0.18585300000000005,0.04375899999999999,0.9966053443053846,0.062409999999999966,0.062409999999999966,0.0033946556946153894,0.93759,-0.880336
1179,4.9125,walk,-0.23482,1.275084,0.9703,0.036171,0.051796,-0.660246,-0.21262299016079633,0.3148548116151336,-0.034077273818090226,0.25617082039917133,-0.13846369542028442,-0.13961941593603977,0.0009599232061445124,-0.0007199424046017234,-0.0021598272138234876,-0.11951043916487189,1.0755939524838738,-0.1713462922966256,0.08712,-0.020805000000000184,-0.9239620000000001,-0.1984,0.16953299999999993,-0.880908,0.28552,0.19033800000000012,0.04305400000000004,0.9958820773774164,0.06946000000000002,0.06946000000000002,0.004117922622583592,0.9305399999999999,-0.880908
1180,4.916667,walk,-0.235716,1.276415,0.970295,0.036854,0.051434,-0.660517,-0.21502279817611178,0.319414446844192,-0.0011999040076870456,0.1281850851908709,-0.335597156344668,-0.19919591863071417,0.0014398848092164616,-0.00047996160303218907,0.0014398848092164616,-0.11111111111109039,1.0266378689703113,-0.1653467722581905,0.08802200000000002,-0.02213799999999999,-0.923951,-0.19796699999999998,0.17247999999999997,-0.881592,0.285989,0.19461799999999996,0.042358999999999924,0.9965131597923964,0.07641000000000003,0.07641000000000003,0.003486840207603592,0.9235899999999999,-0.881592
1181,4.920833,walk,-0.236661,1.277717,0.970209,0.037527,0.051144,-0.660735,-0.22683629380702744,0.3125300048007723,-0.02064330292847751,0.1480209600919306,-0.3086217405959065,-0.16536909680943399,0.002160345655300518,-0.00048007681230380936,0.0016802688430150303,-0.11017762842055294,1.0254440710514623,-0.1800288046087518,0.088976,-0.023441999999999963,-0.923858,-0.19748099999999996,0.1754500000000001,-0.8822559999999999,0.28645699999999996,0.19889200000000007,0.04160200000000003,0.995368924266768,0.08398,0.08398,0.00463107573323196,0.9160200000000001,-0.8822559999999999
1182,4.925,walk,-0.237604,1.279112,0.97018,0.038508,0.05034,-0.66123,-0.22630189584834232,0.3347732181425723,-0.006959443244527732,0.0928367204199025,-0.5801772337037588,-0.3535732513950478,0.01967842572594252,0.017998560115202945,-0.016318694504441723,-0.10679145668347709,0.9947204223662185,-0.17854571634270278,0.090001,-0.02476199999999995,-0.9238970000000001,-0.196983,0.17819999999999991,-0.8829710000000001,0.286984,0.20296199999999986,0.04092600000000002,0.9478919819669087,0.09074000000000004,0.09074000000000004,0.052108018033091286,0.90926,-0.8829710000000001
1183,4.929167,walk,-0.238557,1.280401,0.970043,0.038921,0.050469,-0.66146,-0.22870170386369695,0.30933525317972943,-0.03287736981042957,0.187880705293258,-0.07488554764353028,-0.16437538188041337,0.011999040076799744,0.01655867530594621,-0.013678905687544315,-0.102231821454284,0.9563234941205446,-0.1732661387089113,0.091004,-0.02598199999999995,-0.923817,-0.196456,0.18089600000000017,-0.883556,0.28746,0.20687800000000012,0.04026099999999999,0.9589959639025507,0.09739000000000009,0.09739000000000009,0.04100403609744929,0.9026099999999999,-0.883556
1184,4.933333,walk,-0.239554,1.281735,0.969981,0.039743,0.050143,-0.66179,-0.2393182909265157,0.3202112337974051,-0.014882381180988523,0.1892199737699921,-0.36422889946188575,-0.24378737238741105,0.013442150744117377,0.023523763802242054,-0.020403264522321257,-0.11209793566969098,0.9260681709072012,-0.17522803648581295,0.092057,-0.027217999999999964,-0.92384,-0.195926,0.18341999999999992,-0.884224,0.287983,0.21063799999999988,0.039615999999999985,0.943471932162984,0.10384000000000004,0.10384000000000004,0.05652806783701603,0.89616,-0.884224
1185,4.9375,walk,-0.240578,1.2831,0.969964,0.040259,0.04971,-0.661978,-0.2457403407727487,0.3275737940964485,-0.004079673626094195,0.04607817683747447,-0.3115763300673917,-0.1404872268638649,0.0033597312214991323,0.01535877129825891,-0.011519078473722492,-0.09407247420206896,0.8896088312935143,-0.1713462922966256,0.09309499999999998,-0.02851899999999996,-0.923871,-0.195294,0.18576199999999998,-0.8849210000000001,0.288389,0.21428099999999994,0.03894999999999993,0.9675162938897431,0.1105000000000001,0.1105000000000001,0.03248370611025686,0.8895,-0.8849210000000001
1186,4.941667,walk,-0.241564,1.284441,0.969859,0.041137,0.049513,-0.662333,-0.23662107031438917,0.3218142548596347,-0.025197984161273466,0.250402990329453,-0.3343621843271328,-0.2632007439493275,-0.005519558435324285,-0.0028797696184068937,0.003599712023038591,-0.10799136069115106,0.8418526517879114,-0.1715862730981584,0.094058,-0.0298719999999999,-0.923751,-0.194758,0.187929,-0.8855310000000001,0.28881599999999996,0.2178009999999999,0.03821999999999992,0.9880142996050307,0.11780000000000007,0.11780000000000007,0.011985700394969268,0.8821999999999999,-0.8855310000000001
1187,4.945833,walk,-0.242636,1.285801,0.969793,0.041924,0.049183,-0.662624,-0.25732117138738503,0.3264522323571401,-0.015842534805569287,0.17570219134124296,-0.3560952485432237,-0.21853524282317627,-0.0067210753720586885,-0.000480076812303707,-0.0002400384061451911,-0.09529524723955425,0.7921267402783578,-0.16874699951989944,0.09510199999999999,-0.031233999999999984,-0.923686,-0.19408300000000003,0.18986900000000007,-0.8861680000000001,0.289185,0.22110300000000005,0.03751799999999994,0.9887625444829665,0.12481999999999999,0.12481999999999999,0.011237455517033479,0.8751800000000001,-0.8861680000000001
1188,4.95,walk,-0.243726,1.287169,0.96974,0.042757,0.04882,-0.662884,-0.26157907367411987,0.3282937365011035,-0.012718982481394806,0.18186755346114708,-0.38367158974564614,-0.2011799334531023,0.0002399808015361281,0.0007199424046017234,0.0007199424046067191,-0.05159587233020759,0.733861291096747,-0.13126949844013217,0.096193,-0.032599000000000045,-0.9236300000000001,-0.193208,0.19155900000000003,-0.8866620000000001,0.289401,0.22415800000000008,0.036968,0.9982565798961998,0.13032,0.13032,0.0017434201038002417,0.86968,-0.8866620000000001
1189,4.954167,walk,-0.24478,1.288578,0.969642,0.043347,0.048591,-0.663295,-0.2529397648188259,0.3381329493640648,-0.023518118550527232,0.13661465792249353,-0.25226477428873917,-0.287837414769502,0.004559635229179773,0.00599952003838322,-0.0002399808015361281,-0.11111111111111407,0.7036237101032082,-0.15838732901368469,0.09726599999999999,-0.033983000000000096,-0.923533,-0.19261699999999998,0.19308199999999998,-0.887224,0.289883,0.22706500000000007,0.036309000000000036,0.9874343827914728,0.13690999999999992,0.13690999999999992,0.012565617208527224,0.8630900000000001,-0.887224
1190,4.958333,walk,-0.245901,1.289965,0.969583,0.044108,0.048115,-0.66354,-0.2690830532885501,0.33293326932312456,-0.014162265962562632,0.11990589895162268,-0.4021804205187711,-0.18922118535618004,0.012962073931829758,0.022323571771514193,-0.005760921747479152,-0.1207393182909436,0.6773883821412208,-0.15602496399425425,0.098441,-0.035277,-0.9234979999999999,-0.191999,0.19451700000000005,-0.887815,0.29044000000000003,0.22979400000000005,0.03568299999999991,0.9559184645409862,0.14317000000000007,0.14317000000000007,0.04408153545901383,0.85683,-0.887815
1191,4.9625,walk,-0.24704,1.291381,0.969558,0.044932,0.047562,-0.663916,-0.2733381329493185,0.33981281497471194,-0.005999520038381941,0.11734208372458807,-0.4442163724589082,-0.27638225963650476,0.005759539236859186,0.0230381569474101,0.00935925125989701,-0.10703143748498374,0.6292296616269409,-0.17134629229658574,0.099604,-0.03659699999999999,-0.9234340000000001,-0.191306,0.1957230000000001,-0.8885040000000001,0.29091,0.23232000000000008,0.03493000000000002,0.9574583683676179,0.1507,0.1507,0.042541631632382115,0.8492999999999999,-0.8885040000000001
1192,4.966667,walk,-0.248213,1.292889,0.96937,0.045542,0.047696,-0.6641,-0.2814974802015918,0.3618910487161348,-0.04511639068876544,0.26110722929816077,-0.13772929545143683,-0.1434217187591546,-0.016798656107508983,-0.02951763858888381,-0.0079193664506839,-0.08831293496520189,0.5862730981521681,-0.19294456443485383,0.10070699999999999,-0.03822799999999993,-0.923279,-0.190501,0.196658,-0.8891199999999999,0.291208,0.23488599999999993,0.03415900000000005,0.9418765155547039,0.15841,0.15841,0.058123484445296136,0.8415900000000001,-0.8891199999999999
1193,4.970833,walk,-0.249322,1.294282,0.969272,0.046342,0.04741,-0.664426,-0.2662025924148072,0.3343734997599827,-0.02352376380219377,0.19441520955522607,-0.34280735366612497,-0.24378483355852545,-0.00864138262122206,-0.003120499279894812,-0.010321651464235424,-0.12530004800769654,0.5360057609218263,-0.1997119539126417,0.10177999999999998,-0.03963399999999995,-0.923224,-0.18991400000000003,0.19749800000000017,-0.889854,0.291694,0.23713200000000012,0.03337000000000001,0.9769693743564902,0.1663,0.1663,0.023030625643509772,0.8337,-0.889854
1194,4.975,walk,-0.250474,1.295725,0.969184,0.047253,0.047305,-0.6647,-0.2764578833693398,0.34629229661630645,-0.02111831053515263,0.29235325253636274,-0.3152023141408973,-0.21535609297665675,-0.005279577633788157,0.0004799616030855778,-0.0004799616030722562,-0.11807055435565512,0.4936405087593159,-0.18622510199184888,0.10290999999999997,-0.04107499999999997,-0.923138,-0.18925400000000003,0.19811200000000007,-0.8905420000000001,0.292164,0.23918700000000004,0.03259599999999996,0.9911282805324296,0.17403999999999997,0.17403999999999997,0.008871719467570371,0.82596,-0.8905420000000001
1195,4.979167,walk,-0.25169,1.297263,0.969165,0.048447,0.046646,-0.66514,-0.2918166546675898,0.36909047276212664,-0.004559635229178801,0.21590727411286562,-0.5965848616754824,-0.3357442925757005,-0.0009599232061443078,-0.00023998080156938096,0.004799616030718208,-0.12167026637866445,0.43244540436754436,-0.18598512119027313,0.10412200000000002,-0.04261400000000015,-0.923099,-0.18854499999999996,0.19837599999999989,-0.891298,0.292667,0.24099000000000004,0.03180099999999997,0.99183242226355,0.18198999999999999,0.18198999999999999,0.008167577736450049,0.81801,-0.891298
1196,4.983333,walk,-0.25287,1.298788,0.969039,0.049082,0.046318,-0.665383,-0.28324531925109275,0.366058569371128,-0.030244839174287202,0.12209187136875682,-0.3088677256004722,-0.18492301437946526,-0.0050408065290434255,0.001440230436911428,0.005040806529045091,-0.12794047047528753,0.36197791646667893,-0.20691310609699232,0.10528099999999999,-0.04413299999999998,-0.922952,-0.187898,0.19835899999999995,-0.892034,0.29317899999999997,0.24249199999999993,0.030918,0.9878786546586982,0.19082,0.19082,0.012121345341301826,0.80918,-0.892034
1197,4.9875,walk,-0.254026,1.300217,0.968917,0.049578,0.045963,-0.665651,-0.2774178065754843,0.3429325653947607,-0.029277657787367663,0.06356814007660029,-0.2731814774090632,-0.19517761414333284,-0.0011999040076806405,-0.0011999040076873012,0.0026397888168940785,-0.06935445164386775,0.26061915046795536,-0.2270218382529507,0.10643199999999997,-0.04556699999999991,-0.9228190000000001,-0.187031,0.19801599999999997,-0.892858,0.293463,0.24358299999999988,0.029961000000000015,0.9947697396885711,0.20039,0.20039,0.005230260311428925,0.7996099999999999,-0.892858
1198,4.991667,walk,-0.255142,1.301819,0.968627,0.049454,0.045985,-0.665825,-0.2678185745140525,0.3844492440605175,-0.06959443244541054,-0.03751944437070556,0.054869259961964796,-0.10609167518879964,-0.0043196544276436445,0.0011999040076873012,0.003839692824574719,-0.08831293496521521,0.23782097432205648,-0.2342212622990279,0.10752999999999999,-0.047163999999999984,-0.922513,-0.18628300000000003,0.19740499999999983,-0.893544,0.293813,0.24456899999999981,0.028969000000000023,0.9901620879319656,0.21031000000000005,0.21031000000000005,0.009837912068034416,0.78969,-0.893544
1199,4.995833,walk,-0.256363,1.303308,0.968545,0.050064,0.045316,-0.666168,-0.29308689390299186,0.35741718674979644,-0.019683149303892346,0.0034950134027186986,-0.4186870052596053,-0.25015579438120933,-0.005040806529042351,0.0004800768122504078,0.0004800768122887166,-0.09697551608256393,0.17882861257804078,-0.25108017282761674,0.10873000000000002,-0.048651,-0.9224289999999999,-0.18546600000000002,0.1966610000000002,-0.894508,0.294196,0.2453120000000002,0.027920999999999974,0.9915227956071405,0.22078999999999993,0.22078999999999993,0.008477204392859483,0.7792100000000001,-0.894508
1200,5.0,walk,-0.257469,1.304943,0.968191,0.050273,0.045373,-0.666438,-0.2654187664986912,0.39236861051118976,-0.0849532037436961,0.09308138065673723,-0.03438392876020622,-0.18223860519810464,-0.002399808015361281,-0.0009599232061178691,0.006959443244541054,-0.06839452843772324,0.11159107271417301,-0.2630189584833333,0.10982600000000001,-0.050289999999999946,-0.922046,-0.184645,0.19549100000000008,-0.89525,0.29447100000000004,0.24578100000000003,0.026796000000000042,0.9876268232155396,0.24239911245707663,0.24239911245707663,0.012373176784460371,0.7576008875429234,-0.89525
1201,5.004167,walk,-0.258656,1.306541,0.968072,0.050668,0.044695,-0.666753,-0.2848572114230976,0.38348932085434634,-0.028557715382765938,-0.07647457006973804,-0.35450069931332906,-0.22325893413603157,-0.003119750419969665,-0.0004799616030855778,0.005759539236862079,-0.0633549316054712,0.07079433645307119,-0.2567794576434006,0.11099999999999999,-0.05188999999999999,-0.921903,-0.183722,0.19418800000000003,-0.896201,0.294722,0.24607800000000002,0.025702000000000003,0.9890537299548746,0.2866620817669271,0.2866620817669271,0.010946270045125384,0.7133379182330729,-0.896201
1202,5.008333,walk,-0.259911,1.308107,0.967995,0.051216,0.044409,-0.666689,-0.301248199711915,0.37590014402298283,-0.01848295727315973,0.1041888995017846,-0.2796683382714156,0.01593249722752784,-0.0031204992798808217,-0.0014402304368578219,0.002880460873738962,-0.055688910225631036,0.05472875660107692,-0.24699951992315514,0.11224200000000001,-0.0534619999999999,-0.921814,-0.182699,0.1928500000000002,-0.8971530000000001,0.294941,0.2463120000000001,0.024660999999999933,0.9925261875131063,0.32164530189356044,0.32164530189356044,0.007473812486893716,0.6783546981064396,-0.8971530000000001
1203,5.0125,walk,-0.261178,1.309753,0.967839,0.051743,0.044423,-0.666583,-0.30405567554597457,0.3950083993280805,-0.03743700503960934,0.19305715201826432,-0.16748654034504545,0.04543297804531164,-0.0026397888168974088,-0.0014398848092034469,0.003359731221502463,-0.06431485481161572,0.06047516198702435,-0.22918166546677252,0.11349800000000002,-0.055113999999999885,-0.921644,-0.18169999999999997,0.19145600000000007,-0.897952,0.29519799999999996,0.24656999999999996,0.023692000000000046,0.9924852834861021,0.3537516831437966,0.3537516831437966,0.007514716513897901,0.6462483168562034,-0.897952
1204,5.016667,walk,-0.262382,1.311487,0.967675,0.05221,0.044227,-0.666789,-0.2889368850492051,0.4161267098632598,-0.039356851451898364,0.10442328841307272,-0.20971039384373172,-0.1544443557452787,-0.005279577633788157,0.0009599232061178691,0.0055195584353259506,-0.06119510439165272,0.09623230141586081,-0.19198464122871264,0.11468,-0.05684400000000012,-0.921457,-0.180751,0.19012299999999982,-0.8985879999999999,0.295431,0.24696699999999994,0.022869000000000028,0.9871698144689718,0.39914068703353184,0.39914068703353184,0.012830185531028215,0.6008593129664681,-0.8985879999999999
1205,5.020833,walk,-0.263675,1.313208,0.967587,0.052825,0.044151,-0.666655,-0.31036965914548514,0.4131060969755156,-0.02112337974075467,0.19556398703855885,-0.22904357470348347,0.059025612007862396,-0.004080652904462456,-0.0007201152184290645,0.003600576092175303,-0.053048487758051904,0.0955352856457398,-0.14786365818531932,0.115956,-0.05856799999999995,-0.921354,-0.17967900000000003,0.18880000000000008,-0.899116,0.29563500000000004,0.24736800000000003,0.02223799999999998,0.9908508588365939,0.47118533110277705,0.47118533110277705,0.00914914116340615,0.528814668897223,-0.899116
1206,5.025,walk,-0.264949,1.314963,0.967518,0.053438,0.043829,-0.666651,-0.30573554115665563,0.42116630669543537,-0.016558675305969325,0.11594882736904827,-0.3104994792987029,-0.02644840566646457,-0.01703863690904814,-0.012958963282934832,0.0047996160307165435,-0.029757619390433577,0.11543076553872646,-0.14038876889846513,0.11715899999999999,-0.060377000000000125,-0.921265,-0.178529,0.18752599999999986,-0.899632,0.29568799999999995,0.24790299999999998,0.021633000000000013,0.9634362736243988,0.4767191173137657,0.4767191173137657,0.036563726375601235,0.5232808826862343,-0.899632
1207,5.029167,walk,-0.26623,1.316758,0.967495,0.054392,0.043216,-0.666779,-0.30741540676748036,0.430765538756917,-0.005519558435324285,0.1447858312865849,-0.5172073754212345,-0.12874058585929166,-0.005039596832252029,-0.007199424046070521,0.0016798656107512315,-0.01103911687064857,0.1180705543556418,-0.13198944084474057,0.11841900000000002,-0.06220200000000009,-0.921235,-0.17729399999999995,0.1862229999999998,-0.900159,0.295713,0.2484249999999999,0.021075999999999984,0.9850881114452477,0.4935124113796258,0.4935124113796258,0.01491188855475234,0.5064875886203741,-0.900159
1208,5.033333,walk,-0.267544,1.318592,0.967327,0.054792,0.043645,-0.666544,-0.3154104656745286,0.440230436869908,-0.040326452232347404,0.28061598649367747,0.015404367526680294,0.13655200612581367,-0.003840614498317214,0.0,0.002880460873739576,-0.010321651464238754,0.12361977916468651,-0.13058089294287856,0.11971700000000002,-0.06403599999999998,-0.9210550000000001,-0.17602299999999999,0.18490399999999996,-0.9005350000000001,0.29574,0.24893999999999994,0.020519999999999983,0.9919987197951707,0.49461600137288664,0.49461600137288664,0.008001280204829264,0.5053839986271134,-0.9005350000000001
1209,5.0375,walk,-0.268855,1.320377,0.967272,0.055508,0.043613,-0.666367,-0.31461483081355085,0.4283657307415424,-0.013198944084480383,0.2456778452203558,-0.24737542092606596,0.08176008935615414,-0.004799616030722562,-0.0014398848092034469,0.008159347252220029,-0.004319654427650306,0.08039356851451632,-0.15886729061676028,0.121008,-0.06582699999999986,-0.9209660000000001,-0.17473,0.183454,-0.901142,0.295738,0.24928099999999986,0.019824000000000064,0.9840413268192449,0.504922028387433,0.504922028387433,0.015958673180755056,0.49507797161256695,-0.901142
1210,5.041667,walk,-0.270145,1.322233,0.967247,0.056071,0.043495,-0.666219,-0.3095752339812329,0.4454043676505325,-0.005999520038408584,0.16335011779867467,-0.22807713980996808,0.06882180822972472,-0.0023998080153541084,0.0,0.002639788816893516,-0.0019198464122886156,0.09239260859131636,-0.15214782817371958,0.12228800000000004,-0.06768299999999994,-0.92093,-0.173448,0.181983,-0.901751,0.295736,0.24966599999999994,0.019179000000000057,0.9940540481772251,0.5115197315074999,0.5115197315074999,0.005945951822774909,0.48848026849250015,-0.901751
1211,5.045833,walk,-0.271488,1.324106,0.967156,0.056454,0.043711,-0.6658,-0.3223715794527339,0.4495919347095924,-0.021843494959183734,0.2053426130483073,-0.06376892156459513,0.2539721567184719,-0.0038406144983238765,-0.0009601536246076187,0.004800768122901514,0.002880460873742907,0.07561209793569136,-0.15074411905906224,0.123615,-0.06956000000000007,-0.920819,-0.172093,0.18042500000000006,-0.902288,0.29570799999999997,0.24998500000000012,0.018531000000000075,0.9896291555474213,0.5335747812334748,0.5335747812334748,0.010370844452578742,0.4664252187665252,-0.902288
1212,5.05,walk,-0.272792,1.326064,0.967,0.056875,0.043901,-0.665734,-0.3129349652027913,0.4698824094072459,-0.03743700503960934,0.21171407154938768,-0.06894967936741483,0.025275308466931812,-0.0059995200383965415,-0.0019198464122890248,0.007439404847611645,0.010079193664504058,0.05591552675784458,-0.14614830813535548,0.12489399999999998,-0.07152599999999998,-0.920632,-0.17074700000000004,0.17870000000000008,-0.902741,0.29564100000000004,0.25022600000000006,0.01789099999999999,0.9837532229328938,0.5597501603256754,0.5597501603256754,0.0162467770671062,0.44024983967432463,-0.902741
1213,5.054167,walk,-0.274114,1.327871,0.967022,0.057403,0.044048,-0.665345,-0.3172546196304549,0.4336453083753771,0.005279577633808139,0.23525281173046234,-0.13320569250542777,0.22677644999493513,-0.004079673626107516,0.0004799616030855778,0.023758099352053367,0.035517158627320314,0.04199664026878911,-0.13606911447084807,0.12619900000000003,-0.07333100000000004,-0.920555,-0.16927699999999996,0.177068,-0.9033300000000001,0.29547599999999996,0.25039900000000004,0.017224999999999935,0.9598156544832985,0.5831415244966569,0.5831415244966569,0.04018434551670147,0.4168584755033431,-0.9033300000000001
1214,5.058333,walk,-0.275455,1.329764,0.966958,0.057699,0.0441,-0.664923,-0.3218915026403748,0.4543927028323737,-0.015362457993292231,0.12141845188671671,-0.09507155644591281,0.25813884712011154,0.0004800768122903822,0.0007201152184289109,-0.011521843494957513,0.03600576092173869,0.06072971675468671,-0.13274123859815742,0.12754200000000002,-0.07522099999999998,-0.920539,-0.167786,0.17542800000000014,-0.9038189999999999,0.29532800000000003,0.2506490000000001,0.016720000000000068,0.9807428283780499,0.5822187327364254,0.5822187327364254,0.019257171621950064,0.41778126726357456,-0.9038189999999999
1215,5.0625,walk,-0.276783,1.331722,0.966842,0.057938,0.044345,-0.66466,-0.3186945044396584,0.4698824094072992,-0.027837772978164217,0.16343431700769065,-0.00041912600898641266,0.16002779705440004,-0.002879769618433537,0.00215982721380517,0.0143988480921527,0.04223662107031858,0.0566354691624463,-0.13078953683705993,0.128858,-0.07717000000000018,-0.9203629999999999,-0.16628199999999999,0.17370599999999992,-0.9042479999999999,0.29513999999999996,0.2508760000000001,0.01611499999999999,0.975263345178683,0.5910966982351377,0.5910966982351377,0.02473665482131704,0.40890330176486234,-0.9042479999999999
1216,5.066667,walk,-0.278086,1.333639,0.966787,0.058255,0.044478,-0.6644,-0.31269498440126187,0.4600431965442846,-0.013198944084480383,0.15553399590709555,-0.06514739322446894,0.1535444278501389,-0.00983921286296793,-0.009119270458359545,0.020158387329014777,0.06215502759779723,0.06071514278859378,-0.14998800095992854,0.13012,-0.07912500000000011,-0.9202239999999999,-0.16471999999999998,0.17204200000000003,-0.9048179999999999,0.29484,0.25116700000000014,0.01540600000000003,0.9596428519630975,0.5570437457865723,0.5570437457865723,0.04035714803690249,0.44295625421342766,-0.9048179999999999
1217,5.070833,walk,-0.279399,1.33558,0.966788,0.058513,0.044408,-0.664123,-0.3151704272683228,0.4659145463273429,0.0002400384061518535,0.06925079549790247,-0.11996659952710031,0.16512184164141144,-0.004800768122903822,-0.0009601536245541147,0.008641382621218552,0.05280844935188874,0.06745079212672542,-0.11233797407583784,0.131413,-0.08106999999999998,-0.9201889999999999,-0.16318699999999997,0.17038200000000003,-0.905287,0.2946,0.251452,0.01490199999999997,0.9834468227991882,0.6155244008538545,0.6155244008538545,0.01655317720081184,0.3844755991461455,-0.905287
1218,5.075,walk,-0.280692,1.3376,0.966665,0.058527,0.044685,-0.663801,-0.31029517638590054,0.4847612191024725,-0.02951763858891045,0.09257449009575418,0.07965468346885142,0.20852861594770733,-0.0019198464122823639,0.0007199424046017234,0.003599712023038591,0.14350851931845807,0.11831053515721124,-0.029997600191986037,0.132698,-0.08308699999999991,-0.920051,-0.161296,0.1688550000000002,-0.905289,0.293994,0.2519420000000001,0.014761999999999942,0.993095481760811,0.5383916161762943,0.5383916161762943,0.006904518239189028,0.4616083838237057,-0.905289
1219,5.079167,walk,-0.281939,1.339568,0.966624,0.058623,0.044709,-0.663533,-0.29925605951525197,0.4722822174226738,-0.009839212862961268,0.04122679572468627,-0.03447324545366381,0.16762891170398458,-0.0002399808015361281,0.0023998080153746024,0.004799616030717566,-0.025197984161273466,-0.020158387329061403,-0.17158627309816007,0.133944,-0.08504500000000004,-0.9199900000000001,-0.16015400000000002,0.1668029999999998,-0.9059630000000001,0.294098,0.25184799999999985,0.014027000000000012,0.9910475044853896,0.5687396025772183,0.5687396025772183,0.008952495514610415,0.43126039742278166,-0.9059630000000001
1220,5.083333,walk,-0.283226,1.341437,0.966701,0.058885,0.044685,-0.663083,-0.3089294287086137,0.4486317810849848,0.018482957273163667,0.0849349108984136,-0.11287959949151687,0.2759063410362805,-0.002880460873742907,-0.0019203072491619383,0.005040806529045091,0.1089774363898334,0.07345175228040417,-0.038166106577055214,0.13521899999999998,-0.08692199999999994,-0.920046,-0.15841300000000003,0.16524000000000005,-0.906199,0.293632,0.252162,0.013847000000000054,0.9898081779461816,0.6334468448033019,0.6334468448033019,0.010191822053818411,0.36655315519669807,-0.906199
1221,5.0875,walk,-0.28453,1.343444,0.96662,0.058841,0.044813,-0.662692,-0.31293496520273795,0.48164146868244684,-0.01943844492440225,0.023669299744385173,0.04133693510836031,0.2538299666747891,-0.0038396928245705703,0.0009599232061176645,0.006479481641467416,0.06863450923925139,0.02831773458124376,-0.09527237820972763,0.13650700000000002,-0.08892500000000014,-0.919938,-0.156823,0.16335100000000002,-0.9065150000000001,0.29333,0.25227600000000017,0.013422999999999963,0.987345578738066,0.6644589085128854,0.6644589085128854,0.012654421261933946,0.33554109148711464,-0.9065150000000001
1222,5.091667,walk,-0.285805,1.345584,0.966479,0.058833,0.044802,-0.662503,-0.30597552195825023,0.5135589152867546,-0.03383729301657408,-0.007067880858343564,-0.01036253790646324,0.1212166170995113,-0.005519558435330946,-0.0014398848092034469,0.005279577633789822,0.07199424046077182,0.028797696184282084,-0.09215262778977994,0.13775899999999996,-0.0910709999999999,-0.919775,-0.155248,0.1613310000000001,-0.906758,0.29300699999999996,0.252402,0.013017000000000056,0.987045728549151,0.6691050308007982,0.6691050308007982,0.012954271450849042,0.3308949691992018,-0.906758
1223,5.095833,walk,-0.287005,1.34762,0.966493,0.059073,0.044609,-0.662257,-0.2880460873740109,0.48871819491126023,0.0033605376860467166,0.023831234489105,-0.15688388637359654,0.14452681391445496,0.00048007681229048457,0.003360537686020067,0.004320691310609364,0.07081132981277319,0.013682189150258822,-0.08593374939991179,0.138961,-0.09309300000000009,-0.919771,-0.15375299999999997,0.15935199999999994,-0.90713,0.292714,0.25244500000000003,0.012641000000000013,0.9908421162247985,0.6866106783883751,0.6866106783883751,0.009157883775201547,0.3133893216116249,-0.90713
1224,5.1,walk,-0.28826,1.34968,0.966321,0.059088,0.045081,-0.661878,-0.301175905927541,0.49436045116391764,-0.04127669786418739,0.15477881356364595,0.1468040159189079,0.2465921892176819,-0.0035997120230352605,0.0004799616030855778,0.009119270458364541,0.06407487401007293,0.021838252939780995,-0.09911207103432099,0.14020100000000002,-0.09515099999999999,-0.919561,-0.152231,0.15738300000000005,-0.9073709999999999,0.292432,0.25253400000000004,0.012190000000000034,0.9836403797006487,0.6780604108933763,0.6780604108933763,0.01635962029935134,0.3219395891066237,-0.9073709999999999
1225,5.104167,walk,-0.28949,1.351685,0.96627,0.059285,0.045462,-0.661448,-0.29517638588908157,0.48116150707936134,-0.012239020878333264,0.19116773434586437,0.054225841176410675,0.2691329809463814,-0.004319654427642724,0.00023998080151609453,0.007439404847610059,0.05711543076553303,0.016078713702910495,-0.10823134149266246,0.14141300000000004,-0.0971550000000001,-0.9194789999999999,-0.15076299999999998,0.15544500000000006,-0.907771,0.292176,0.25260000000000016,0.01170799999999994,0.9856568105935262,0.6772049817292143,0.6772049817292143,0.014343189406473833,0.3227950182707857,-0.907771
1226,5.108333,walk,-0.29074,1.353655,0.966332,0.059491,0.045156,-0.66108,-0.3000480076812464,0.4728756601056609,0.014882381180991696,-0.02467055889767876,-0.1926752173389124,0.2227904480523965,-0.002880460873742907,-0.0026404224675910027,0.008401344215075152,0.050888142102738065,0.02160345655303183,-0.10441670667307712,0.142651,-0.09913600000000011,-0.9195059999999999,-0.14930100000000002,0.15356499999999995,-0.908268,0.291952,0.25270100000000006,0.01123799999999997,0.9845573219190111,0.6907051779310642,0.6907051779310642,0.01544267808098887,0.30929482206893577,-0.908268
1227,5.1125,walk,-0.292016,1.355703,0.966215,0.059757,0.045346,-0.660682,-0.30621550275979303,0.4914806815455107,-0.028077753779680362,0.15511995315719557,-0.03459446697309177,0.24349358115527642,0.0,0.0019198464122890248,0.0074394048476133096,0.04559635229182437,0.014398848092141042,-0.08759299256059849,0.143927,-0.10117600000000015,-0.919358,-0.147835,0.15157699999999985,-0.9085160000000001,0.29176199999999997,0.252753,0.010841999999999907,0.9871947759430562,0.725256298588651,0.725256298588651,0.012805224056943842,0.27474370141134896,-0.9085160000000001
1228,5.116667,walk,-0.293187,1.357821,0.966013,0.059615,0.045874,-0.660321,-0.2810175185985196,0.5082793376529731,-0.04847612191025791,0.11580597718618234,0.21744832935373617,0.24246153001636594,-0.004559635229179773,0.0026397888168907483,0.009599232061435132,0.0429565634749203,0.02327813774898444,-0.07751379889609111,0.14507899999999999,-0.10328300000000001,-0.919116,-0.14648500000000003,0.14955600000000002,-0.908637,0.29156400000000005,0.25283900000000004,0.010479000000000016,0.9817498847347443,0.7424981520464549,0.7424981520464549,0.018250115265255662,0.25750184795354514,-0.908637
1229,5.120833,walk,-0.294444,1.359853,0.965963,0.060048,0.045743,-0.660051,-0.3017282765242054,0.4877580412865486,-0.01200192030724623,0.11370419915136233,-0.1966292192193186,0.15045640066533736,0.0,-0.0007201152184289109,0.00816130580892817,0.026884301488234754,0.020403264522347905,-0.08857417186748724,0.146336,-0.10531800000000002,-0.9190320000000001,-0.14511600000000002,0.1476090000000001,-0.908956,0.29145200000000004,0.2529270000000001,0.010076000000000085,0.9863449766635684,0.7412628322431585,0.7412628322431585,0.013655023336431649,0.2587371677568415,-0.908956
1230,5.125,walk,-0.295665,1.361822,0.965964,0.060037,0.045965,-0.659669,-0.293016558675326,0.47252219822418995,0.0002399808015427889,0.06540341382914078,0.06497845371035112,0.24663514110379747,0.0014398848092101078,0.002159827213858457,0.011519078473722492,0.036477081833451504,0.055435565154758996,-0.07751379889609278,0.147563,-0.10727799999999998,-0.918985,-0.143743,0.14587099999999986,-0.9092800000000001,0.291306,0.25314899999999985,0.009704999999999964,0.980320111030879,0.7328840944547301,0.7328840944547301,0.019679888969120984,0.26711590554526987,-0.9092800000000001
1231,5.129167,walk,-0.29686,1.363839,0.965891,0.059959,0.046108,-0.659335,-0.28677705783538665,0.4840412766978708,-0.01751859851211737,0.016237206431331353,0.05995070564632293,0.21816178500467218,-0.0014398848092101078,0.0011999040076340148,0.010319174466043517,0.018958483321334138,0.025677945764359045,-0.07703383729301885,0.14875200000000002,-0.10929000000000011,-0.918869,-0.142469,0.143961,-0.909528,0.29122100000000006,0.2532510000000001,0.009341000000000044,0.9825199796949031,0.7676156510817557,0.7676156510817557,0.017480020305096877,0.23238434891824433,-0.909528
1232,5.133333,walk,-0.29806,1.365919,0.965799,0.060084,0.046112,-0.659001,-0.28804608737393617,0.4992798847815178,-0.02208353336535758,0.04537370642639543,-0.054030586840208505,0.20718730852317238,0.0024003840614452484,0.0028804608737689427,0.010081613058088032,0.013202112337978848,0.02736437830051181,-0.08905424867977763,0.14996199999999998,-0.11135800000000007,-0.918735,-0.141214,0.14199499999999987,-0.9098069999999999,0.291176,0.25335299999999994,0.008928000000000047,0.9820728464534967,0.7538959285600775,0.7538959285600775,0.017927153546503316,0.24610407143992252,-0.9098069999999999
1233,5.1375,walk,-0.299296,1.367932,0.965697,0.060424,0.046131,-0.658607,-0.2966162706983612,0.4830813534916996,-0.0244780417566451,0.12764610817998046,-0.11913845357864229,0.23543184750911958,0.003119750419969665,0.0023998080153746024,0.0143988480921527,0.004319654427650306,0.03143748500122612,-0.07727381809455665,0.151211,-0.11336099999999982,-0.9185730000000001,-0.13995999999999997,0.14011300000000015,-0.910027,0.29117099999999996,0.253474,0.008546000000000054,0.9751214758177946,0.7753137867864031,0.7753137867864031,0.024878524182205375,0.22468621321359694,-0.910027
1234,5.141667,walk,-0.300305,1.370211,0.965441,0.058374,0.04739,-0.65804,-0.2421406287497068,0.546916246700323,-0.0614350851931955,-0.34291933364309246,1.0710915236821688,0.46929287562905225,0.009359251259895673,0.007199424046070521,0.01607871370290393,0.0,0.03503719702423474,-0.07799376049916336,0.15225899999999998,-0.11560999999999999,-0.91825,-0.138951,0.13798,-0.910096,0.29120999999999997,0.25359,0.008153999999999995,0.9667520959273392,0.7759562782930847,0.7759562782930847,0.03324790407266076,0.22404372170691533,-0.910096
1235,5.145833,walk,-0.301465,1.372123,0.965385,0.058451,0.047362,-0.657828,-0.2784445511282012,0.45895343254922355,-0.013442150744106918,0.01854488016730444,-0.044500662760793286,0.1315277374580164,0.015122419587136938,0.011761881901096885,0.018722995679310576,0.0014402304368714535,0.040806529044651214,-0.08353336533846104,0.15348199999999998,-0.11747299999999994,-0.918116,-0.137785,0.13623800000000008,-0.9103880000000001,0.29126699999999994,0.253711,0.007727999999999957,0.9553538602131453,0.7677552172521477,0.7677552172521477,0.04464613978685472,0.23224478274785232,-0.9103880000000001
1236,5.15,walk,-0.302612,1.374095,0.965359,0.058249,0.047028,-0.657702,-0.2752579793616072,0.4732421406286908,-0.006239500839951322,-0.17937042550771426,-0.0632330193366052,0.08695453837297686,0.007679385649147801,0.010079193664475267,0.020158387329010482,-0.007439404847611724,0.04703623710099115,-0.07055435565153502,0.154661,-0.11940300000000015,-0.918006,-0.13666899999999998,0.13446199999999986,-0.9106559999999999,0.29133,0.253865,0.007350000000000079,0.9603164010725412,0.7846308364243991,0.7846308364243991,0.03968359892745876,0.21536916357560087,-0.9106559999999999
1237,5.154167,walk,-0.30379,1.37605,0.965237,0.058259,0.046912,-0.657487,-0.28269738420927915,0.4691624670026442,-0.029277657787367663,-0.03361913542954743,-0.05530054489738261,0.13543447440959294,0.011279097672184699,0.009359251259928978,0.0175185985121207,-0.011759059275263616,0.04439644828416371,-0.07823374130069949,0.155886,-0.12131899999999995,-0.917811,-0.13554,0.13269200000000003,-0.91086,0.29142599999999996,0.254011,0.0069510000000000405,0.9619315338182913,0.7792925722845903,0.7792925722845903,0.03806846618170867,0.22070742771540974,-0.91086
1238,5.158333,walk,-0.304949,1.37795,0.96517,0.058357,0.046631,-0.657373,-0.27820451272206265,0.45607297167550725,-0.01608257321172457,-0.05393156027542586,-0.13774056299538978,0.06568709090733328,0.010321651464238754,0.009361497839631137,0.01704272683629388,-0.015122419587130276,0.061689870379253976,-0.06048967834854109,0.15708800000000003,-0.12318000000000007,-0.917673,-0.13444399999999995,0.13104899999999997,-0.911045,0.291532,0.25422900000000004,0.006627999999999967,0.9633095278501969,0.7875339611061726,0.7875339611061726,0.036690472149803144,0.21246603889382742,-0.911045
1239,5.1625,walk,-0.306085,1.379857,0.96506,0.058515,0.046438,-0.657239,-0.2726181905447618,0.45764338852891,-0.026397888168934125,-0.004307785209541576,-0.12568388613940606,0.07619988057836086,0.0059995200383965415,0.008159347252241676,0.016078713702905596,-0.01007919366451738,0.05615550755941401,-0.057835373170148585,0.158249,-0.12505299999999986,-0.917496,-0.13335000000000002,0.12937600000000016,-0.911176,0.29159900000000005,0.254429,0.006319999999999992,0.9683292010321728,0.8013997541862502,0.8013997541862502,0.03167079896782721,0.1986002458137498,-0.911176
1240,5.166667,walk,-0.307244,1.381803,0.9649,0.058752,0.046321,-0.657123,-0.27813774898004007,0.46700263978873946,-0.038396928245745664,0.04846011047577341,-0.122140367560365,0.061577205709672886,0.011279097672182294,0.009359251259873696,0.0213582913366892,-0.002399808015347448,0.047516198704076626,-0.06167506599471016,0.159455,-0.12695999999999996,-0.9172469999999999,-0.13220099999999996,0.12762800000000007,-0.911273,0.29165599999999997,0.25458800000000004,0.005973999999999924,0.9568275345829541,0.8104378782841726,0.8104378782841726,0.04317246541704589,0.18956212171582743,-0.911273
1241,5.170833,walk,-0.308347,1.383673,0.964729,0.058955,0.046228,-0.656897,-0.2647623619779291,0.44887181949116334,-0.041046567450803116,0.04348206318433167,-0.10808353369892534,0.13355059218671944,0.005280844935188668,0.014882381180991696,0.01656265002400506,0.006481036965914879,0.056409025444071975,-0.06577052328373142,0.16057999999999997,-0.128768,-0.9170069999999999,-0.131071,0.12599300000000002,-0.911376,0.291651,0.254761,0.005630999999999942,0.9618593986870976,0.798874564543545,0.798874564543545,0.03814060131290242,0.201125435456455,-0.911376
1242,5.175,walk,-0.309443,1.385524,0.964608,0.059151,0.045678,-0.656734,-0.2630189584833433,0.44420446364294014,-0.02903767698582487,-0.10376825183275068,-0.2680303218315115,0.08954407465426636,0.002159827213825153,0.01391888648910875,0.01967842572594252,0.007199424046070521,0.05447564194864113,-0.07655387568994826,0.16168500000000002,-0.13056099999999993,-0.9168040000000001,-0.12994499999999998,0.12436899999999995,-0.911574,0.29163,0.2549299999999999,0.005230000000000068,0.9596666427774964,0.7906444263656285,0.7906444263656285,0.04033335722250364,0.20935557363437152,-0.911574
1243,5.179167,walk,-0.31048,1.387396,0.964396,0.059588,0.045592,-0.656734,-0.24886009119270505,0.4492440604752055,-0.05087592992560587,0.13110888112872324,-0.16808412035558992,-0.021163209269114223,-0.0909527237820993,0.09311255099593777,-0.04295656347492363,0.011519078473720827,0.04583633309336716,-0.0412766978641724,0.162343,-0.13204499999999997,-0.916771,-0.12886000000000003,0.12268799999999991,-0.9115340000000001,0.291203,0.2547329999999999,0.005236999999999936,0.7715534863114131,0.8430485008540651,0.7715534863114131,0.22844651368858693,0.15695149914593487,-0.9115340000000001
1244,5.183333,walk,-0.311491,1.389167,0.96422,0.059896,0.045293,-0.656608,-0.24267882861255502,0.42510801728270037,-0.04224675948152699,0.016495878049910578,-0.21067791925336132,0.06256959917845652,-0.005760921747477924,0.013202112337952198,0.01632261161785634,0.01752280364857896,0.03696591454631946,-0.021363418146900355,0.16333000000000003,-0.13376100000000002,-0.916527,-0.127776,0.12107099999999993,-0.911447,0.29110600000000003,0.25483199999999995,0.005079999999999973,0.9637174805024723,0.8722815164376425,0.8722815164376425,0.0362825194975277,0.1277184835623575,-0.911447
1245,5.1875,walk,-0.31248,1.390919,0.964016,0.060021,0.045457,-0.65636,-0.23734101271898422,0.4204463642908701,-0.048956083513316845,0.09640867132655169,0.00824629416346276,0.15372677366984377,0.005039596832252029,0.017278617710601223,0.03575713942884812,0.025437964962802935,0.031197504199656688,-0.028317734581234807,0.16433999999999999,-0.13544099999999992,-0.9161739999999999,-0.12668100000000004,0.11944899999999992,-0.911361,0.29102100000000003,0.25488999999999984,0.004812999999999956,0.9332808292926649,0.8698424229713356,0.8698424229713356,0.06671917070733513,0.13015757702866437,-0.911361
1246,5.191667,walk,-0.313514,1.392663,0.963849,0.060438,0.045077,-0.656254,-0.24814014878811666,0.4185265178785811,-0.040076793856500086,0.03048441297493662,-0.2731224504465519,0.043978980522339325,0.01367890568754598,0.026637868970476913,0.0398368130549573,0.028317734581236473,0.03959683225341451,-0.035037197024239734,0.16543100000000002,-0.13707399999999992,-0.9158409999999999,-0.125529,0.11786999999999992,-0.9113399999999999,0.29096,0.25494399999999984,0.004500999999999977,0.916939443134129,0.8550260010410164,0.8550260010410164,0.083060556865871,0.14497399895898355,-0.9113399999999999
1247,5.195833,walk,-0.314495,1.39435,0.963703,0.060486,0.04488,-0.656016,-0.23547767642819928,0.404944791166531,-0.03504560729715792,-0.04585272279935436,-0.0976843608706166,0.14676260062400226,0.014642342774843333,0.039366298607731394,0.043686989918379805,0.02400384061449246,0.04080652904464251,-0.028564570331249425,0.16647300000000004,-0.13859700000000008,-0.915513,-0.124448,0.11635299999999993,-0.9113129999999999,0.29092100000000004,0.25495,0.0042000000000000925,0.8989959192774633,0.8658453616178203,0.8658453616178203,0.10100408072253675,0.13415463838217967,-0.9113129999999999
1248,5.2,walk,-0.315482,1.396118,0.963449,0.060386,0.045085,-0.655702,-0.23686105111591196,0.42428605711544815,-0.060955123590109926,0.02739908590377975,0.09042342975092348,0.20661165498653986,0.01583873290136447,0.04847612191025791,0.0508759299256092,0.018238540916732413,0.009839212863014556,0.024478041756660088,0.16752599999999998,-0.14016300000000004,-0.9150469999999999,-0.12338500000000002,0.11462600000000012,-0.910957,0.29091100000000003,0.25478900000000015,0.004089999999999927,0.8799402914614005,0.9056462553859304,0.8799402914614005,0.12005970853859949,0.09435374461406965,-0.910957
1249,5.204167,walk,-0.316461,1.397785,0.963297,0.0604,0.045079,-0.655356,-0.23494120470363627,0.40004799616034586,-0.036477081833464826,0.0019229705762427735,-0.023110840074837383,0.2190088680608223,0.015118790496762747,0.04655627549796888,0.04847612191024958,0.0004799616030722562,0.02591792656587519,-0.0011999040076789752,0.168568,-0.1416360000000001,-0.914693,-0.12240400000000001,0.11306700000000003,-0.91081,0.290972,0.2547030000000001,0.00388299999999997,0.8851813143136686,0.9179197896523366,0.8851813143136686,0.11481868568633136,0.08208021034766344,-0.91081
1250,5.208333,walk,-0.317418,1.399474,0.963137,0.060253,0.045574,-0.654945,-0.22971675468076366,0.40542486797892113,-0.03840614498318547,0.10173528264572193,0.20557062816801888,0.272795415531914,0.01656265002400173,0.0451272203552789,0.047047527604420845,0.01104176668266782,0.03312530004800346,-0.01968314930388988,0.16959399999999997,-0.14313700000000007,-0.9143370000000001,-0.12140100000000004,0.11151599999999995,-0.910732,0.290995,0.254653,0.0036050000000000804,0.8878956680574817,0.8971452995402945,0.8878956680574817,0.11210433194251834,0.10285470045970546,-0.910732
1251,5.2125,walk,-0.318359,1.401122,0.963064,0.05996,0.045643,-0.654531,-0.2258219342452286,0.3954883609310285,-0.017518598512113633,-0.085952065821438,0.09674206799477814,0.2769463560786615,0.014158867290615218,0.042956563474897826,0.053035757139419715,0.002639788816903507,0.028557715382759852,-0.02399808015358438,0.170594,-0.144606,-0.914043,-0.12044899999999997,0.10998700000000006,-0.910759,0.29104299999999994,0.25459300000000007,0.0032840000000000646,0.883828056027598,0.9048342552761339,0.883828056027598,0.11617194397240205,0.09516574472386607,-0.910759
1252,5.216667,walk,-0.31929,1.402754,0.963035,0.059835,0.046063,-0.654085,-0.22342212622991545,0.39164866810658805,-0.006959443244554375,0.08584639731079212,0.16990774061795225,0.2930362662445925,0.01367890568754598,0.049196064314859636,0.057835373170148585,-0.0067194624430115864,0.02375809935207002,-0.0019198464122856943,0.171582,-0.14603300000000008,-0.913773,-0.11954599999999999,0.10845400000000005,-0.9107379999999999,0.291128,0.25448700000000013,0.00303500000000001,0.8714147970041857,0.9283757051142858,0.8714147970041857,0.12858520299581433,0.0716242948857142,-0.9107379999999999
1253,5.220833,walk,-0.320219,1.404327,0.96313,0.059648,0.046034,-0.653556,-0.22299567930869688,0.37758041286609967,0.022803648583791355,-0.07862075304892868,0.022541821917170232,0.34359922972364854,0.009601536245803028,0.05880940950553772,0.06072971675468633,-0.011281805088819725,0.01704272683627889,0.0,0.17255099999999998,-0.14736100000000008,-0.9136150000000001,-0.11866400000000005,0.10695199999999994,-0.910833,0.291215,0.254313,0.002782000000000062,0.8581977644572287,0.9381157769924817,0.8581977644572287,0.14180223554277127,0.06188422300751828,-0.910833
1254,5.225,walk,-0.321142,1.40587,0.96324,0.059533,0.046601,-0.652991,-0.2215022798176264,0.37029037676983934,0.026397888168934125,0.13545988482328075,0.21457646809896638,0.3688647962271278,0.003119750419963004,0.06119510439162607,0.05495560355171671,-0.013198944084467062,0.013678905687539319,0.0021598272138218222,0.17348699999999997,-0.14864900000000003,-0.913496,-0.11779600000000001,0.10546600000000006,-0.910934,0.29128299999999996,0.2541150000000001,0.002561999999999953,0.8628191379771628,0.9424952492322807,0.8628191379771628,0.1371808620228372,0.057504750767719326,-0.910934
1255,5.229167,walk,-0.322013,1.407439,0.96338,0.05937,0.047091,-0.652517,-0.20902327813771654,0.37652987760976503,0.03359731221502413,0.09398794690310741,0.20598041549471457,0.312258544168118,-0.0019198464122819547,0.06671466282696278,0.05231581473481315,-0.011519078473718372,0.016798656107512064,0.0009599232061443078,0.17435,-0.14994000000000018,-0.9134180000000001,-0.116973,0.10396699999999992,-0.91107,0.291323,0.2539070000000001,0.0023480000000000167,0.8586623770528194,0.942534485583159,0.8586623770528194,0.14133762294718055,0.057465514416841,-0.91107
1256,5.233333,walk,-0.322882,1.409017,0.963505,0.059227,0.047723,-0.651988,-0.208593374940009,0.3787806048967792,0.030004800768108648,0.14594980805908533,0.2487824120025228,0.3471140803518847,-0.0024003840614524228,0.07825252040328236,0.05880940950552606,-0.00984157465194827,0.015842534805546017,0.002160345655303849,0.175209,-0.151192,-0.9132979999999999,-0.116145,0.10245499999999996,-0.9111859999999999,0.291354,0.25364699999999996,0.0021120000000000028,0.8368047740392469,0.9475879352424259,0.8368047740392469,0.1631952259607531,0.052412064757574095,-0.9111859999999999
1257,5.2375,walk,-0.323724,1.410534,0.963745,0.059154,0.048056,-0.651542,-0.20206383489322002,0.36405087592993995,0.05759539236861746,0.07747098805721243,0.12226497424570233,0.28841189110755616,0.003119750419963004,0.0986321094312354,0.06383489320854513,-0.009599232061431802,0.0177585793136868,0.0019198464122873594,0.176064,-0.15229800000000004,-0.913272,-0.11534299999999997,0.1010120000000001,-0.911418,0.29140699999999997,0.25331000000000015,0.0018540000000000223,0.8041193713530524,0.9476632954574752,0.8041193713530524,0.19588062864694755,0.052336704542524815,-0.911418
1258,5.241667,walk,-0.324538,1.412103,0.963993,0.058924,0.048186,-0.65111,-0.19534437245020844,0.37652987760984524,0.059515238780906476,-0.0435490193430301,0.0979425920787358,0.2849505422595888,0.0014398848092167685,0.10391168706507019,0.07343412526998193,-0.007199424046083843,0.01535877129825891,0.005759539236862079,0.17688399999999999,-0.15343400000000007,-0.913214,-0.11455900000000002,0.09950699999999979,-0.911642,0.291443,0.25294099999999986,0.0015720000000000178,0.7879184988216644,0.9544240563051087,0.7879184988216644,0.21208150117833557,0.04557594369489126,-0.911642
1259,5.245833,walk,-0.325248,1.413709,0.964262,0.058507,0.048564,-0.650652,-0.17042726836291244,0.3855016802687905,0.06457033125298312,-0.033825278708736195,0.2451060679574236,0.3123504123214076,-0.015122419587127052,0.09697551608257725,0.07297167546806647,-0.015122419587127052,0.007441190590520911,0.00240038406144858,0.177531,-0.154636,-0.913179,-0.11391200000000001,0.09793199999999991,-0.911901,0.291443,0.2525679999999999,0.0012780000000000014,0.7961631663269468,0.9588464630716873,0.7961631663269468,0.20383683367305316,0.041153536928312695,-0.911901
1260,5.25,walk,-0.326023,1.415212,0.964571,0.058654,0.048909,-0.650232,-0.18598512119031943,0.3606911447083942,0.0741540676745903,0.16162643154504894,0.05976499145931936,0.2610006154156287,-0.016558675305979518,0.11975041996636139,0.0700743940484778,-0.01103911687064857,0.01199904007676644,0.004079673626110847,0.178237,-0.15564,-0.913196,-0.11318299999999998,0.09647899999999998,-0.9121929999999999,0.29142,0.252119,0.0010030000000000872,0.7671148738632062,0.9619579588914938,0.7671148738632062,0.2328851261367938,0.038042041108506175,-0.9121929999999999
1261,5.254167,walk,-0.326822,1.416703,0.964862,0.058895,0.048927,-0.649802,-0.19174466042717317,0.35781137509004063,0.06983441324695333,0.09329253556777659,-0.08900367124251425,0.2600822211174021,-0.010799136069112442,0.13390928725703957,0.08447324214063383,-0.004799616030722562,0.015118790496796052,0.003599712023038591,0.178991,-0.15657300000000007,-0.913135,-0.112404,0.095051,-0.912469,0.291395,0.25162400000000007,0.0006660000000000554,0.7355086265254799,0.9662305476316025,0.7355086265254799,0.2644913734745201,0.03376945236839746,-0.912469
1262,5.258333,walk,-0.327576,1.418217,0.965207,0.059318,0.048657,-0.649398,-0.18098895823328753,0.3634181469034595,0.08281325012001764,0.06947397804090276,-0.24917837814627264,0.23236030055966045,-0.027844455112815518,0.13730196831491606,0.07345175228035519,-0.008161305808923172,0.009841574651932848,0.004080652904463252,0.17962899999999998,-0.15751500000000007,-0.913174,-0.111684,0.09357799999999994,-0.9127970000000001,0.291313,0.251093,0.0003769999999999607,0.7363593349486713,0.973862163948662,0.7363593349486713,0.26364066505132866,0.026137836051338015,-0.9127970000000001
1263,5.2625,walk,-0.328271,1.41973,0.965532,0.059242,0.048622,-0.648981,-0.1667866570674425,0.3630909527237688,0.07799376049914172,-0.03915972763401704,-0.009417366073741964,0.26596662540450666,-0.03959683225342117,0.15022798176146965,0.07631389488841213,-0.0033597312215057932,0.006959443244554375,0.0023998080153596157,0.18015899999999999,-0.15840199999999993,-0.9131809999999999,-0.11100300000000002,0.09209400000000012,-0.9131119999999999,0.29116200000000003,0.25049600000000005,6.899999999998574e-05,0.7115165796133662,0.9858233066953717,0.7115165796133662,0.28848342038663377,0.01417669330462834,-0.9131119999999999
1264,5.266667,walk,-0.328912,1.42122,0.965806,0.059238,0.049069,-0.648501,-0.1538276937845049,0.3575713942884712,0.06575473962085913,0.13809257041545372,0.14105460345410897,0.3064862996847836,-0.04727621790257061,0.12239020878330543,0.10271178305735958,-0.006959443244541054,0.002399808015321316,0.0004799616030722562,0.18060299999999999,-0.1593819999999999,-0.913027,-0.11039100000000002,0.09061399999999997,-0.9133840000000001,0.290994,0.24999599999999988,0.0003570000000000517,0.7187205476941048,0.987704642709451,0.7187205476941048,0.28127945230589524,0.01229535729054898,-0.913027
1265,5.270833,walk,-0.329589,1.422744,0.966038,0.05934,0.049205,-0.648116,-0.16250600096017578,0.3658185309650028,0.055688910225616256,0.07959318104238534,-0.0006323655486625461,0.23888591138145882,-0.052088334133464274,0.2042726836293813,0.066010561689875,-0.0007201152184290645,0.004560729716752941,0.002880460873739576,0.18106300000000003,-0.16005500000000006,-0.9129839999999999,-0.10971699999999995,0.08910899999999988,-0.913604,0.29078,0.24916399999999994,0.0006200000000000649,0.6256291531678325,0.990929921548448,0.6256291531678325,0.3743708468321675,0.009070078451552055,-0.9129839999999999
1266,5.275,walk,-0.330267,1.424201,0.966316,0.059926,0.049326,-0.64766,-0.16270698344128698,0.3496520278377244,0.06671466282696278,0.2519282472704273,-0.1592103171688003,0.2599435155695519,-0.05783537317014126,0.19342452603790483,0.09263258939283411,-0.0004799616030721539,0.003839692824577231,0.0019198464122869502,0.18149999999999997,-0.16070600000000002,-0.9128759999999999,-0.109041,0.08766799999999986,-0.913874,0.29054099999999994,0.24837399999999987,0.0009980000000000544,0.6198144479363937,0.9928005759539189,0.6198144479363937,0.38018555206360627,0.007199424046081093,-0.9128759999999999
1267,5.279167,walk,-0.330931,1.425632,0.966646,0.060231,0.049177,-0.647251,-0.1593472522198292,0.34341252699784625,0.07919366450685567,0.06468797089823469,-0.16870991530512344,0.2414210178072373,-0.07007439404847614,0.2018238540916506,0.1000719942404655,0.0007199424046017234,0.0,0.0026397888168940785,0.18187199999999998,-0.1612960000000001,-0.912789,-0.10837400000000003,0.0862369999999999,-0.914193,0.290246,0.247533,0.0014040000000000719,0.5927619554243097,0.9954396631265569,0.5927619554243097,0.40723804457569035,0.004560336873443149,-0.912789
1268,5.283333,walk,-0.331582,1.427054,0.966942,0.06058,0.049291,-0.646737,-0.15626500240039948,0.3413346135382014,0.07105136821891177,0.16295607376991847,-0.09132084687111185,0.3073991073403255,-0.08857417186750778,0.2318771003360775,0.10777724435910552,-0.013202112337968338,-0.011281805088793074,0.004080652904465788,0.18215399999999998,-0.16175200000000012,-0.912636,-0.10777799999999998,0.08476799999999995,-0.914472,0.28993199999999997,0.24652000000000007,0.0018359999999999488,0.530627842046345,0.9702684873328082,0.530627842046345,0.46937215795365494,0.029731512667191762,-0.912636
1269,5.2875,walk,-0.331823,1.428595,0.966957,0.058633,0.05103,-0.646518,-0.05783537317014692,0.369810415166807,0.0035997120230352605,-0.1705577650242909,1.2259312531649948,0.2462157969420644,-0.1017518598512184,0.26709863210947743,0.10631149508039817,-0.012239020878335873,-0.016798656107515644,0.0079193664506839,0.18197099999999997,-0.16218,-0.9122079999999999,-0.10758800000000002,0.08315699999999993,-0.914454,0.289559,0.24533699999999992,0.0022460000000000813,0.47754,0.9629300644404866,0.47754,0.5224599999999999,0.037069935559513434,-0.9122079999999999
1270,5.291667,walk,-0.332392,1.42998,0.96724,0.058736,0.05096,-0.646386,-0.1365490760739012,0.33237341012712684,0.06791456683464983,0.015962742104818902,-0.06384360101237334,0.07741233904864593,-0.09095272378207991,0.2853371730260824,0.14014878809692904,-0.01847852171825794,-0.028557715382759852,0.01511879049675786,0.18216100000000002,-0.16237600000000008,-0.911907,-0.10709599999999997,0.08165299999999998,-0.914674,0.289257,0.24402900000000005,0.002766999999999964,0.47233,0.9379611076541563,0.47233,0.52767,0.0620388923458437,-0.911907
1271,5.295833,walk,-0.332923,1.431314,0.967692,0.059148,0.04986,-0.646394,-0.12746039366299705,0.32021123379742006,0.1084973595775429,-0.19236949637787334,-0.5292921841791549,-0.033461498921468574,-0.1221795487278084,0.35285645703317303,0.07009121459434078,-0.041286605856941695,-0.060969755160824916,0.023523763802210423,0.182183,-0.16223999999999994,-0.912067,-0.10673699999999997,0.08006500000000005,-0.915028,0.28891999999999995,0.242305,0.0029609999999999914,0.47039000000000003,0.8711669649531313,0.47039000000000003,0.5296099999999999,0.12883303504686872,-0.912067
1272,5.3,walk,-0.33339,1.432675,0.967893,0.058983,0.049894,-0.646326,-0.11207103431725858,0.3266138708903306,0.04823614110871512,-0.049868542088698134,0.060019659933032266,0.050784574113928546,-0.11183105351572245,0.36501079913605783,0.11399088072954594,-0.022558195344369397,-0.04199664026878911,0.01607871370290393,0.182184,-0.16208,-0.911793,-0.10636399999999996,0.07852900000000007,-0.915162,0.28854799999999997,0.24060900000000007,0.0033690000000000664,0.46631,0.9161496868520927,0.46631,0.53369,0.08385031314790725,-0.911793
1273,5.304167,walk,-0.333921,1.433884,0.968365,0.059619,0.048634,-0.646434,-0.12742980561555747,0.29013678905689244,0.11327093832494589,-0.16005107623283002,-0.6519157214970919,-0.10855369068161744,-0.12479001679866004,0.41420686345097074,0.09839212862971428,0.009119270458359545,-0.00599952003838322,0.0002399808015361281,0.18219500000000002,-0.1615629999999999,-0.9118550000000001,-0.10579499999999997,0.07729500000000011,-0.915633,0.28798999999999997,0.23885800000000001,0.003777999999999948,0.46222,0.9818025547299156,0.46222,0.5377799999999999,0.018197445270084378,-0.9118550000000001
1274,5.308333,walk,-0.334348,1.435152,0.968697,0.059942,0.047625,-0.646639,-0.10249639942388333,0.3043686989918092,0.07969275084012349,-0.19628950660282776,-0.458870123462453,-0.1536425921842154,-0.12746039366296988,0.4042246759481021,0.14378300528082621,0.013682189150255906,0.00528084493518088,-0.0067210753720586885,0.18209099999999998,-0.16114699999999993,-0.9115880000000001,-0.10531100000000004,0.07604900000000003,-0.9159930000000001,0.28740200000000005,0.23719599999999996,0.004404999999999992,0.45595,0.9731122458000704,0.45595,0.5440499999999999,0.026887754199929614,-0.9115880000000001
1275,5.3125,walk,-0.33477,1.436332,0.96905,0.060308,0.046994,-0.646713,-0.1012718982481528,0.28317734581233805,0.0847132229421533,-0.06271323228112086,-0.3401255545047423,-0.0696142499592317,-0.16462682985361735,0.4907607391408557,0.09335253179746057,0.010319174466046847,0.006239500839952652,-0.005279577633789822,0.18182700000000002,-0.16028200000000004,-0.9115519999999999,-0.104846,0.07489500000000016,-0.916368,0.286673,0.2351770000000002,0.0048160000000000425,0.45184,0.9780600141558021,0.45184,0.54816,0.021939985844197873,-0.9115519999999999
1276,5.316667,walk,-0.335162,1.437565,0.9694,0.060558,0.045785,-0.646711,-0.09407247420206896,0.2958963282937595,0.08399328053757822,-0.28578648207027874,-0.5192851935182722,-0.022523229584738867,-0.0952723782097496,0.5152387808975808,0.10247180225582345,0.008639308855287289,0.00215982721380517,-0.0019198464122873594,0.181822,-0.15936799999999995,-0.911475,-0.10441800000000001,0.07367100000000004,-0.916726,0.28624000000000005,0.233039,0.005251000000000006,0.44749,0.984817012322146,0.44749,0.5525100000000001,0.015182987677853976,-0.911475
1277,5.320833,walk,-0.335568,1.438762,0.969714,0.060713,0.045222,-0.646797,-0.09745559289484099,0.2873259721555339,0.07537205952949673,-0.11869884714027831,-0.2496105659706693,-0.06725359813447829,-0.13874219875178054,0.5252040326451718,0.11665866538644629,0.008401344215075025,-0.0019203072491615289,0.0002400384061451911,0.18164999999999998,-0.158377,-0.911303,-0.10397700000000004,0.07246599999999992,-0.9170389999999999,0.285627,0.2308429999999999,0.005735999999999963,0.44264000000000003,0.98563107297482,0.44264000000000003,0.55736,0.01436892702518,-0.911303
1278,5.325,walk,-0.335997,1.440027,0.96997,0.061142,0.044148,-0.646855,-0.10295176385889904,0.3035757139428623,0.0614350851931955,-0.17779767738349184,-0.5222265873565068,-0.06825279151167274,-0.15142788576914362,0.5543556515478564,0.11063114950804515,0.004319654427650306,0.0007199424046017234,0.0016798656107512315,0.181448,-0.15733200000000003,-0.911098,-0.10353000000000001,0.07120400000000005,-0.917288,0.284978,0.22853600000000007,0.006190000000000029,0.4381,0.9921826972699361,0.4381,0.5619000000000001,0.007817302730063869,-0.911098
1279,5.329167,walk,-0.336326,1.441217,0.970309,0.061171,0.043719,-0.646763,-0.07895368370531287,0.28557715382771265,0.08135349172066084,-0.12364152838239212,-0.17009846520902955,0.05166241227180436,-0.1603071754259737,0.5790736741060976,0.09599232061435466,0.0026397888168907483,-0.004559635229179773,0.0023998080153596157,0.18110900000000002,-0.15610900000000005,-0.911037,-0.10319,0.06999500000000003,-0.917617,0.284299,0.22610400000000008,0.00658000000000003,0.43420000000000003,0.9903509014624361,0.43420000000000003,0.5658,0.009649098537563905,-0.911037
1280,5.333333,walk,-0.336732,1.442463,0.970575,0.061327,0.043033,-0.646684,-0.09745559289486176,0.299087854056692,0.06385021603456782,-0.15726134547967077,-0.30268581767153896,0.03455177364123113,-0.14954392702833935,0.6058569371100319,0.10249639942391685,0.002160345655313843,-0.0026404224675910027,0.0009601536245793035,0.18089199999999997,-0.15483099999999994,-0.910876,-0.102775,0.06873799999999997,-0.917879,0.283667,0.2235689999999999,0.0070029999999999815,0.42996999999999996,0.9940931256760106,0.42996999999999996,0.57003,0.005906874323989397,-0.910876
1281,5.3375,walk,-0.337089,1.443645,0.970928,0.061477,0.042637,-0.646597,-0.08567314614830619,0.2836573074153632,0.0847132229421619,-0.06893878453808068,-0.19512576497929077,0.04301420776065857,-0.14350851931842748,0.6249100071992783,0.0921526277897603,0.0031197504199623393,-0.002399808015374091,0.00023998080153607695,0.18065100000000003,-0.15340900000000013,-0.910845,-0.10240499999999997,0.06754599999999988,-0.918231,0.283056,0.220955,0.007386000000000004,0.42614,0.9934278550815212,0.42614,0.57386,0.006572144918478795,-0.910845
1282,5.341667,walk,-0.337487,1.444848,0.971236,0.061527,0.042285,-0.646604,-0.0955123590112724,0.2886969042476357,0.07391408687304753,-0.09146036283103035,-0.14377157568082904,-0.010856664825641385,-0.15190784737221588,0.6433885289177532,0.08879289656827914,0.0007199424046017234,-0.0016798656107195925,0.0002399808015361281,0.180416,-0.15193099999999982,-0.910783,-0.10200400000000004,0.06633600000000017,-0.918538,0.28242,0.218267,0.007754999999999956,0.42245,0.9969277874779061,0.42245,0.57755,0.0030722125220938867,-0.910783
1283,5.345833,walk,-0.33785,1.445996,0.971609,0.06163,0.041967,-0.646615,-0.08713394143063634,0.2755640902544983,0.08953432549207543,-0.06139763362751886,-0.14754558852284913,-0.01549291111779671,-0.1370619299088001,0.6829092654825281,0.07345175228037085,0.016562650024015056,0.010801728276489266,-0.002160345655305515,0.18020799999999998,-0.15023399999999998,-0.9108499999999999,-0.101572,0.06523299999999987,-0.91892,0.28178,0.21546699999999985,0.008070000000000022,0.4193,0.9668477500793892,0.4193,0.5807,0.03315224992061083,-0.9108499999999999
1284,5.35,walk,-0.338223,1.447104,0.972016,0.061785,0.041524,-0.646624,-0.08951283897288918,0.26589872810173687,0.09767218622511754,-0.08127799058369851,-0.20931432787532864,-0.01857433320211196,-0.15310775137989652,0.688264938804896,0.07871370290377175,0.010079193664504058,0.0038396928245780495,0.0,0.179943,-0.148474,-0.910929,-0.101157,0.064141,-0.919327,0.2811,0.212615,0.008398000000000017,0.41601999999999995,0.9820236740626815,0.41601999999999995,0.58398,0.01797632593731846,-0.910929
1285,5.354167,walk,-0.338539,1.448183,0.972442,0.061691,0.04143,-0.646542,-0.07583393328532038,0.25893928485718054,0.10223182145427552,-0.064280946452394,-0.009183312553355099,0.05503412440747888,-0.13006959443242047,0.7360211183104486,0.06479481641467583,0.01007919366450191,0.011999040076817168,-0.007439404847610059,0.179717,-0.1464859999999999,-0.911085,-0.10079900000000003,0.06311200000000006,-0.919784,0.280516,0.20959799999999995,0.008699000000000012,0.41301,0.971088648318512,0.41301,0.58699,0.02891135168148795,-0.911085
1286,5.358333,walk,-0.338952,1.449274,0.972801,0.062076,0.041224,-0.646656,-0.09913586173788512,0.2618819011041862,0.08617378780605536,0.07761903885974379,-0.18886354164076175,-0.0919373091707146,-0.12914066250601375,0.7532405184829841,0.07177148343735582,-0.0036005760921719717,0.008881421027327327,0.005760921747479152,0.17959199999999997,-0.14443899999999998,-0.911145,-0.10040100000000002,0.06205799999999995,-0.920119,0.279993,0.20649699999999993,0.008974000000000038,0.41025999999999996,0.9813637146762357,0.41025999999999996,0.58974,0.018636285323764268,-0.911145
1287,5.3625,walk,-0.339314,1.450337,0.973258,0.06221,0.040673,-0.646749,-0.08687305015599844,0.2550995920326577,0.10967122630188399,-0.12221310825903274,-0.23837139819785547,-0.07188547324104472,-0.09839212862971261,0.7736981041517309,0.08519318454523889,-0.0004799616030722562,-0.0009599232061178691,0.003839692824574719,0.179544,-0.1422779999999999,-0.9112469999999999,-0.10004099999999999,0.06099100000000002,-0.9205599999999999,0.279585,0.20326899999999992,0.009313000000000016,0.40687000000000006,0.9933552324910753,0.40687000000000006,0.5931299999999999,0.0066447675089247316,-0.9112469999999999
1288,5.366667,walk,-0.339665,1.451336,0.973639,0.062429,0.040753,-0.646684,-0.08423326133909437,0.23974082073434552,0.09143268538519153,0.10487419111378705,-0.041439326260884306,0.032348732885603595,-0.1358291336693153,0.7401007919366464,0.09887209023278652,-0.0011999040076739796,-0.008399328053757822,0.004559635229181438,0.179329,-0.140193,-0.911216,-0.09969499999999998,0.05995700000000004,-0.920922,0.27902399999999994,0.20015000000000005,0.009705999999999992,0.40294,0.9839463784974068,0.40294,0.5970599999999999,0.01605362150259315,-0.911216
1289,5.370833,walk,-0.340011,1.452326,0.974036,0.062719,0.040803,-0.64675,-0.08305328852615618,0.23763802208351267,0.09529524723954093,0.12240365348221657,-0.0682094216901735,-0.053995521308594384,-0.08353336533843989,0.7897263562168926,0.06529044647142702,0.002400384061438586,-0.0019203072491615289,0.00120019203072429,0.17932700000000001,-0.13789300000000004,-0.911341,-0.09933900000000001,0.058958999999999984,-0.921314,0.278666,0.19685200000000003,0.00997300000000001,0.40026999999999996,0.9945000291707327,0.40026999999999996,0.5997300000000001,0.005499970829267342,-0.911341
1290,5.375,walk,-0.340357,1.453268,0.974463,0.062743,0.040372,-0.646714,-0.0830333573314204,0.2260619150468062,0.10247180225581345,-0.12590598732405864,-0.16656610623532841,0.01581217196660752,-0.10607151427886204,0.8135349172066616,0.06599472042236862,-0.0009599232061445124,-0.0011999040076873012,0.0016798656107512315,0.17923100000000003,-0.13544500000000004,-0.911493,-0.098997,0.05801199999999995,-0.9217339999999999,0.27822800000000003,0.193457,0.010240999999999945,0.39759,0.9962055703621612,0.39759,0.60241,0.0037944296378388254,-0.911493
1291,5.379167,walk,-0.340674,1.454275,0.974762,0.063052,0.040473,-0.646751,-0.076073914086866,0.24166066714663453,0.07175425965924236,0.1451074252373469,-0.05678095450461231,-0.03598111766164136,-0.09551235901128573,0.8828893688505294,0.026397888168947448,0.0004799616030722562,-0.003359731221492472,0.0014398848092151033,0.17914999999999998,-0.13277300000000003,-0.911682,-0.09867800000000004,0.056991000000000014,-0.922027,0.277828,0.18976400000000004,0.010345000000000049,0.39655,0.9938555749557236,0.39655,0.60345,0.006144425044276369,-0.911682
1292,5.383333,walk,-0.340997,1.455273,0.975051,0.063434,0.040452,-0.646883,-0.07753240518482343,0.23955832933267418,0.06937109937588694,0.13443824450872868,-0.11948520197585358,-0.10055678954971006,-0.08881421027363409,0.8725396063369102,0.04536725876139781,-0.00024003840613852869,-0.001680268843036325,0.0014402304368711465,0.17910299999999998,-0.13013600000000003,-0.911782,-0.098356,0.05598599999999987,-0.92231,0.277459,0.1861219999999999,0.010527999999999982,0.39471999999999996,0.9962899589952138,0.39471999999999996,0.60528,0.0037100410047862242,-0.911782
1293,5.3875,walk,-0.341313,1.456165,0.975334,0.063653,0.040354,-0.646837,-0.07583393328533655,0.21406287496998647,0.0679145668346643,0.049440504854842575,-0.10559456187296778,0.017591271630736358,-0.07511399088072816,0.8867290616751075,0.023038156947444984,0.013918886489082108,0.0026397888168907483,-0.013918886489082108,0.179106,-0.12733299999999992,-0.911969,-0.09798200000000001,0.05510499999999996,-0.922651,0.277088,0.18243799999999988,0.01068199999999997,0.39318,0.9668991739281627,0.39318,0.60682,0.033100826071837286,-0.911969
1294,5.391667,walk,-0.341602,1.457084,0.975619,0.063984,0.040041,-0.646947,-0.06935445164388107,0.22054235661150856,0.06839452843772324,0.02446791274604609,-0.21137424730247803,-0.08863783254428988,-0.06047516198704433,0.8759299256059749,0.04679625629949835,0.032397408207343985,0.0319174466043117,-0.021838252939766007,0.17914300000000002,-0.1246020000000001,-0.912059,-0.09755799999999998,0.054319000000000006,-0.923027,0.276701,0.1789210000000001,0.010968000000000089,0.39031999999999994,0.9159162991789734,0.39031999999999994,0.60968,0.08408370082102656,-0.912059
1295,5.395833,walk,-0.341873,1.45796,0.975843,0.064352,0.040182,-0.64699,-0.06505040806528736,0.21027364378299238,0.05376860297648097,0.17932369475914114,-0.060169327732373705,-0.04170059170969874,-0.041526644263086936,0.8898223715795537,0.036005760921749695,-0.03168506961114533,-0.03240518482957439,0.03240518482957606,0.17924099999999998,-0.12177099999999985,-0.912133,-0.09741900000000003,0.05330800000000013,-0.923116,0.27666,0.17507899999999998,0.010983000000000076,0.39017,0.9071420492852271,0.39017,0.60983,0.09285795071477287,-0.912133
1296,5.4,walk,-0.342131,1.458785,0.976053,0.064555,0.040172,-0.647034,-0.061915046796254564,0.19798416126708362,0.050395968322509546,0.07166817463346714,-0.06425949710228025,-0.037325845624159415,-0.0619150467962479,0.9040076793854627,0.03911687065034058,-0.0023998080153607693,0.00215982721380471,0.0047996160307165435,0.179241,-0.11882900000000007,-0.91218,-0.09717100000000001,0.05249199999999998,-0.923306,0.276412,0.17132100000000006,0.01112599999999997,0.38874000000000003,0.9903591946298858,0.38874000000000003,0.6112599999999999,0.009640805370114247,-0.91218
1297,5.404167,walk,-0.342398,1.459589,0.97625,0.064899,0.040062,-0.647151,-0.06407487401007293,0.1929445644348605,0.04727621790257061,0.09265445869662148,-0.14088715770838736,-0.090841728473476,-0.02207823374129714,0.9277657787377787,0.019198464122870264,0.000719942404615045,0.0023998080153746024,0.004799616030717566,0.179416,-0.11576699999999995,-0.9122969999999999,-0.09690100000000001,0.05169800000000002,-0.9234829999999999,0.27631700000000003,0.16746499999999997,0.01118600000000003,0.38814000000000004,0.9909763105569993,0.38814000000000004,0.61186,0.009023689443000693,-0.9122969999999999
1298,5.408333,walk,-0.342631,1.460383,0.976489,0.065321,0.039751,-0.647314,-0.05592894863179481,0.1905904944791225,0.05736917906867959,0.058839438507111874,-0.23624303459464893,-0.12625110859262276,-0.02640422467595,0.9229476716275038,0.034565530484881576,-0.0024003840614524228,-0.0012001920307328738,0.00048007681229048457,0.17953900000000003,-0.11271600000000004,-0.9123920000000001,-0.09667799999999999,0.05089900000000003,-0.9237200000000001,0.27621700000000005,0.16361500000000007,0.011328000000000005,0.38672,0.995456146306759,0.38672,0.61328,0.004543853693240951,-0.9123920000000001
1299,5.4125,walk,-0.342835,1.46112,0.976688,0.065502,0.039659,-0.64744,-0.048956083513316845,0.17686585073194655,0.04775617950562954,0.038626462967099116,-0.08350073547104084,-0.08917229241478405,-0.016318694504443388,0.9289656827454127,0.03095752339813055,0.010319174466046847,0.008159347252241676,-0.003839692824574719,0.179675,-0.10958200000000007,-0.912462,-0.09643099999999999,0.05019600000000013,-0.923935,0.27610599999999996,0.1597780000000002,0.011472999999999955,0.38526999999999995,0.977159760762681,0.38526999999999995,0.61473,0.022840239237319038,-0.912462
1300,5.416667,walk,-0.343001,1.461742,0.976867,0.065427,0.039716,-0.647368,-0.03983681305494881,0.14926805855531997,0.04295656347492447,-0.010255626923046731,0.04054947344811317,0.049621474924355015,0.007199424046075647,0.9450443964481251,0.04223662107030625,0.01847852171825794,0.011759059275247787,-0.01823854091672353,0.179871,-0.1062660000000002,-0.9124650000000001,-0.096188,0.04962299999999997,-0.9241900000000001,0.276059,0.15588900000000017,0.011724999999999985,0.38275000000000003,0.952496327197494,0.38275000000000003,0.61725,0.047503672802506,-0.9124650000000001
1301,5.420833,walk,-0.343147,1.462465,0.976929,0.065635,0.039932,-0.647531,-0.035045607297165396,0.1735477676427903,0.014882381180991696,0.14505358026169074,0.022334263542828487,-0.10904508479471754,0.010081613058086851,0.9563130100816858,0.028084493518966698,0.02496399423907855,-0.011521843494971628,0.006481036965914879,0.18005899999999997,-0.10300500000000001,-0.91241,-0.09593800000000002,0.04885200000000012,-0.9242250000000001,0.275997,0.15185700000000013,0.01181500000000002,0.3818499999999999,0.9529197574452545,0.3818499999999999,0.6181500000000001,0.04708024255474552,-0.91241
1302,5.425,walk,-0.343316,1.463148,0.977049,0.065916,0.040019,-0.647739,-0.040556755459572345,0.16390688744900897,0.028797696184282084,0.13179362142264917,-0.04517330211838854,-0.14235589445459995,0.03743700503960268,0.9935205183585845,0.008879289656826748,0.021358291336695416,0.035997120230352606,-0.02327813774898111,0.18038400000000002,-0.09954799999999997,-0.912493,-0.09567999999999999,0.048319,-0.924442,0.276064,0.14786699999999997,0.011948999999999987,0.38051,0.9201765668845336,0.38051,0.61949,0.07982343311546636,-0.912493
1303,5.429167,walk,-0.34346,1.463853,0.977149,0.066093,0.039837,-0.648049,-0.03455723542116248,0.16918646508284374,0.023998080153612808,0.010427641592195079,-0.10622391423763067,-0.2061827265080277,0.008639308855287289,0.9493640508759902,0.05903527717782756,-0.08687305015599844,-0.00047996160303229136,-0.01919846412287193,0.18056399999999997,-0.09629700000000008,-0.912347,-0.09589800000000004,0.04761199999999999,-0.924622,0.276462,0.14390900000000006,0.012275000000000036,0.37725,0.85171594234915,0.37725,0.62275,0.14828405765084995,-0.912347
1304,5.433333,walk,-0.343572,1.464423,0.97724,0.065786,0.039901,-0.648161,-0.026884301488234754,0.13682189150261234,0.021843494959179078,-0.09161558139182031,0.12372205081808917,-0.05523744565750194,0.03144503120499338,0.9620739318289665,0.02640422467594437,-0.0266442630820829,-0.004080652904501561,-0.0247239558329297,0.180807,-0.09285900000000002,-0.912328,-0.09589700000000001,0.04702499999999987,-0.924816,0.276704,0.1398839999999999,0.012487999999999944,0.37512,0.9390391182956251,0.37512,0.62488,0.06096088170437486,-0.912328
1305,5.4375,walk,-0.343673,1.464999,0.977295,0.065763,0.040005,-0.648354,-0.024238060955128954,0.13822894168464991,0.013198944084480383,0.025630280236606944,0.054302243137605954,-0.11902938798503973,0.05831533477321918,0.9793616510679596,0.019198464122870264,-0.009359251259902335,0.001679865610772879,0.0021598272138234876,0.181151,-0.08935399999999993,-0.9123030000000001,-0.095835,0.04645600000000005,-0.9248620000000001,0.276986,0.13581,0.012558999999999987,0.3744100000000001,0.9837483004128275,0.3744100000000001,0.6255899999999999,0.01625169958717254,-0.9123030000000001
1306,5.441667,walk,-0.34375,1.465623,0.977315,0.065878,0.040115,-0.648714,-0.018478521718261882,0.14974802015838407,0.004799616030722562,0.07938350628665664,0.02180647412073031,-0.2307461105584024,0.05519558435325617,0.9805615550756469,0.04079673626110181,0.008399328053757822,0.011999040076819727,0.004559635229181438,0.181458,-0.08589199999999986,-0.912153,-0.095723,0.0458820000000002,-0.924863,0.277181,0.13177400000000006,0.012709999999999999,0.3729,0.9744333144316148,0.3729,0.6271,0.02556668556838515,-0.912153
1307,5.445833,walk,-0.343821,1.466166,0.977331,0.06587,0.040265,-0.648957,-0.01704272683628858,0.13034085453675215,0.003840614498296408,0.04592706303592595,0.06883812669090524,-0.15038382956774832,0.10465674507919671,1.0235237638020822,0.0016802688430163377,0.012722035525688466,-0.002160345655340032,0.0064810369659134975,0.181965,-0.082171,-0.9121619999999999,-0.09559899999999999,0.04532999999999987,-0.924852,0.277564,0.12750099999999986,0.01269000000000009,0.37309999999999993,0.9759328992755576,0.37309999999999993,0.6269,0.024067100724442403,-0.9121619999999999
1308,5.45,walk,-0.34388,1.466689,0.977347,0.065685,0.040316,-0.64923,-0.014158867290624896,0.12550995920322847,0.0038396928245780495,-0.04961095659424611,0.08905206237834856,-0.16282426430091423,0.06479481641468797,0.9932805375570151,0.030237580993522164,-0.002159827213831814,-0.0007199424046017234,0.0009599232061445124,0.182294,-0.07855499999999993,-0.912052,-0.095549,0.044804000000000066,-0.9248639999999999,0.277843,0.123359,0.012811999999999935,0.37188,0.9958820773774042,0.37188,0.62812,0.004117922622595804,-0.912052
1309,5.454167,walk,-0.34393,1.467182,0.977349,0.065365,0.040421,-0.649443,-0.011999040076793083,0.11831053515721124,0.0004799616030855778,-0.08257508346528178,0.14765832937705722,-0.1177110340600366,0.07463402927766256,0.973842092632662,0.0381569474442044,-0.010559155267576314,-0.00599952003838322,0.006719462443004926,0.182655,-0.07498999999999989,-0.911895,-0.09554299999999999,0.04428600000000005,-0.924838,0.278198,0.11927599999999994,0.012943000000000038,0.37057000000000007,0.976867460617689,0.37057000000000007,0.6294299999999999,0.023132539382310968,-0.911895
1310,5.458333,walk,-0.343966,1.467664,0.977354,0.065089,0.040542,-0.649679,-0.008641382621215396,0.11569851176191351,0.0012001920307062241,-0.06125662201097822,0.14101259955339285,-0.13455065965777477,0.08065290446472145,0.9992798847816242,0.01632261161785982,0.007201152184357268,-0.02424387902067613,0.020403264522323942,0.183027,-0.07130900000000007,-0.911832,-0.09547699999999998,0.043702999999999825,-0.924758,0.278504,0.11501199999999989,0.012925999999999993,0.37074,0.9458419118095671,0.37074,0.6292599999999999,0.054158088190432885,-0.911832
1311,5.4625,walk,-0.343989,1.468177,0.977348,0.065131,0.040532,-0.650012,-0.005519558435323109,0.12311015118788092,-0.00143988480920314,0.014676915731651816,-0.000700049594625513,-0.21212824963565993,0.07607391408686312,1.013198944084291,0.022078233741299094,-0.017758579313656372,-0.026157907367385762,0.015358771298293937,0.183367,-0.0676000000000001,-0.911734,-0.095528,0.043080999999999925,-0.924688,0.278895,0.11068100000000003,0.01295399999999991,0.3704599999999999,0.9414173159620274,0.3704599999999999,0.6295400000000001,0.05858268403797262,-0.911734
1312,5.466667,walk,-0.343998,1.468639,0.977338,0.06501,0.040617,-0.650242,-0.002159827213831814,0.11087113030957128,-0.0023998080153479593,-0.015861421632189638,0.07951874532261513,-0.13834963963953056,0.08015358771298019,1.0043196544277169,0.025437964962802935,-0.0026397888168907483,-0.03167746580274226,0.015118790496761082,0.18371,-0.06387699999999996,-0.911618,-0.09552999999999995,0.04248699999999994,-0.9246150000000001,0.27923999999999993,0.1063639999999999,0.012997000000000036,0.37002999999999997,0.9413340873446503,0.37002999999999997,0.62997,0.058665912655349706,-0.911618
1313,5.470833,walk,-0.343995,1.469069,0.97731,0.064805,0.040829,-0.650409,0.0007201152184423892,0.10321651464233425,-0.006721075372066784,-0.007157758981032215,0.14882466186308188,-0.0930637693038842,0.089774363898234,1.0108017282765958,0.01104176668267115,0.022323571771474218,-0.009361497839631137,0.004080652904465788,0.184081,-0.06009599999999993,-0.911544,-0.09544000000000002,0.04201800000000011,-0.92457,0.279521,0.10211400000000004,0.013025999999999982,0.36973999999999996,0.9590857527339768,0.36973999999999996,0.63026,0.04091424726602322,-0.911544
1314,5.475,walk,-0.344001,1.469421,0.977294,0.064438,0.040983,-0.650477,-0.0014398848092167685,0.0844732421406638,-0.0038396928245780495,-0.08528514478565877,0.17322566687891472,-0.02360861113386049,0.03383729301656076,1.0023998080153746,0.01967842572594252,0.0019198464122890248,0.012718982481368163,-0.0011999040076806405,0.184228,-0.05627100000000018,-0.911446,-0.09542600000000001,0.04171899999999984,-0.924559,0.279654,0.09799000000000002,0.013113000000000041,0.3688699999999999,0.9784684923867515,0.3688699999999999,0.6311300000000001,0.021531507613248513,-0.911446
1315,5.479167,walk,-0.343989,1.469827,0.977272,0.064175,0.041028,-0.650578,0.0028797696184329233,0.09743220542352735,-0.005279577633780371,-0.08125439788152836,0.10287258650027888,-0.050984932279050446,0.08399328053754034,0.9968802495798644,0.04223662107030625,0.007199424046082308,0.008399328053756032,-0.0038396928245722356,0.18456599999999998,-0.0525230000000001,-0.9112480000000001,-0.09540799999999999,0.04134799999999994,-0.9245530000000001,0.27997399999999995,0.09387100000000004,0.013305000000000011,0.36695,0.9804833646928097,0.36695,0.63305,0.019516635307190278,-0.9112480000000001
1316,5.483333,walk,-0.343863,1.470277,0.976873,0.065185,0.040781,-0.650524,0.030244839174273876,0.10801728276526575,-0.09577532405186505,0.2911290961902599,-0.4061822435402103,-0.01634766677282263,0.07585213634182328,1.0139222275564908,0.03048487758041579,0.0019203072491619383,0.0028804608737695568,0.0019203072491602725,0.18475599999999998,-0.04874900000000015,-0.910722,-0.095526,0.04091,-0.924146,0.280282,0.08965900000000016,0.013423999999999991,0.36576000000000003,0.993401975315024,0.36576000000000003,0.6342399999999999,0.006598024684975945,-0.910722
1317,5.4875,walk,-0.343836,1.470702,0.976836,0.065084,0.040744,-0.650766,0.006479481641468798,0.10199184065272789,-0.008879289656816758,-0.04675346467482835,0.0295440316243907,-0.1484508412246886,0.06623470122390475,1.0206383489321469,0.02591792656587519,0.005279577633781497,0.015598752099828344,-0.006239500839934335,0.18500499999999998,-0.04492099999999999,-0.9105770000000001,-0.09553100000000003,0.040550000000000086,-0.924135,0.280536,0.08547100000000007,0.013557999999999959,0.36441999999999997,0.9706493243597278,0.36441999999999997,0.63558,0.02935067564027216,-0.9105770000000001
1318,5.491667,walk,-0.343793,1.471106,0.976776,0.064855,0.040704,-0.65093,0.010319174466033525,0.09695224382051582,-0.014398848092167685,-0.09497766991008534,0.06449389660194937,-0.09371164539839782,0.07583393328534321,1.013198944084507,0.017038636909048444,0.0033597312215057932,0.010079193664477414,-0.0016798656107512315,0.18527800000000003,-0.04110300000000011,-0.910446,-0.09555999999999998,0.04018799999999989,-0.924082,0.28083800000000003,0.081291,0.013635999999999981,0.36363999999999996,0.9820726863203265,0.36363999999999996,0.63636,0.017927313679673484,-0.910446
1319,5.495833,walk,-0.343743,1.471475,0.976748,0.064417,0.040713,-0.651065,0.01200192030724623,0.08857417186750223,-0.006721075372065351,-0.15617843990314825,0.14588373909748367,-0.0647970987906279,0.05472875660104361,1.0110417666825589,0.017522803648582295,0.006721075372052026,0.007921267402824618,-0.006000960153623115,0.185456,-0.03726000000000007,-0.910345,-0.095582,0.039852,-0.924079,0.281038,0.07711200000000007,0.013734000000000024,0.36266,0.9800048023689834,0.36266,0.63734,0.019995197631016648,-0.910345
1320,5.5,walk,-0.34367,1.471824,0.976706,0.063825,0.040851,-0.651114,0.01751859851213069,0.08375329973600878,-0.010079193664504058,-0.17241123002408731,0.23652646647090397,-0.0019258566910353148,0.06647468202544088,1.0011999040077406,0.023038156947444984,0.00623950083993933,0.005759539236867074,-0.00623950083993267,0.18565999999999996,-0.03343699999999994,-0.910207,-0.09562900000000002,0.03952700000000009,-0.924063,0.281289,0.07296400000000003,0.01385599999999998,0.36144,0.9824378062554077,0.36144,0.63856,0.017562193744592336,-0.910207
1321,5.504167,walk,-0.343601,1.472152,0.976636,0.063199,0.040958,-0.651118,0.016558675305972857,0.07871370290374344,-0.016798656107515644,-0.19488826683748495,0.23367429422289676,0.02785231026159893,0.06095512359011659,0.9978401727861949,0.014398848092151034,0.002399808015361281,0.00431965442761034,-0.002639788816895744,0.18584499999999998,-0.02960699999999994,-0.9100769999999999,-0.095688,0.03921700000000006,-0.9240039999999999,0.281533,0.068824,0.013927000000000023,0.36073000000000005,0.9906626529638628,0.36073000000000005,0.63927,0.0093373470361372,-0.9100769999999999
1322,5.508333,walk,-0.343488,1.472435,0.976589,0.06245,0.041111,-0.650966,0.02712433989437328,0.06793086893902912,-0.01128180508879067,-0.2263323499109162,0.28137090861629294,0.13199615916638607,0.053528564570324316,0.9930388862216762,0.013682189150262567,0.001200192030719293,0.005040806529055675,-0.001440230436869481,0.185955,-0.025752999999999915,-0.909973,-0.09579599999999999,0.03895500000000007,-0.9239630000000001,0.281751,0.06470799999999999,0.013990000000000058,0.3601000000000001,0.9910364232267381,0.3601000000000001,0.6398999999999999,0.008963576773261872,-0.909973
1323,5.5125,walk,-0.343386,1.472764,0.976513,0.061796,0.041319,-0.650873,0.024478041756658422,0.07895368370531287,-0.018238540916745736,-0.1739855530269662,0.274535252000601,0.0912881267157775,0.059755219582435945,0.9968802495800769,0.011999040076796414,-0.008159347252215033,0.0023998080153746024,0.022558195344374393,0.18610200000000002,-0.021927999999999948,-0.909847,-0.09593199999999996,0.038636000000000115,-0.923793,0.282034,0.06056400000000006,0.013946000000000014,0.36053999999999997,0.9598196356935436,0.36053999999999997,0.63946,0.04018036430645644,-0.909847
1324,5.516667,walk,-0.343283,1.473112,0.976439,0.061284,0.041522,-0.650799,0.02471802255820121,0.08351331893449264,-0.017758579313660157,-0.12360033685194907,0.2294807177224437,0.0726866776541898,0.043916486681071475,1.0047996160307493,-0.006479481641468798,-0.01247900167986534,-0.006239500839952652,0.026157907367411318,0.18618200000000001,-0.01808900000000002,-0.9097999999999999,-0.09608699999999998,0.03826200000000002,-0.9236099999999999,0.282269,0.05635100000000004,0.013809999999999989,0.3619,0.9505897848084268,0.3619,0.6381,0.04941021519157318,-0.9097999999999999
1325,5.520833,walk,-0.343155,1.473419,0.97639,0.060633,0.041749,-0.650565,0.03072491598656436,0.07369179068652941,-0.011761881901096885,-0.16766156205981658,0.2740526295692051,0.1798382144923739,0.03768602976476306,0.9894383101296893,0.012481997119539274,-0.004560729716752941,-0.007921267402773009,0.009361497839654455,0.186211,-0.01427400000000012,-0.909699,-0.09623399999999999,0.03792200000000001,-0.923522,0.28244499999999995,0.05219600000000013,0.013822999999999919,0.36177,0.9781937588815748,0.36177,0.6382300000000001,0.021806241118425218,-0.909699
1326,5.525,walk,-0.343037,1.473727,0.97635,0.060082,0.041902,-0.650332,0.028317734581230436,0.07391408687303176,-0.009599232061416434,-0.15432307713978433,0.21604510088933038,0.17371378819705094,0.03839692824573235,0.9846412287015845,0.005519558435323109,-0.004079673626119969,-0.0028797696184595665,0.00023998080153607695,0.18625299999999997,-0.010478999999999905,-0.9096360000000001,-0.09636900000000004,0.03760199999999991,-0.923481,0.28262200000000004,0.04808099999999982,0.013844999999999885,0.36155000000000004,0.9916675999295642,0.36155000000000004,0.63845,0.008332400070435786,-0.9096360000000001
1327,5.529167,walk,-0.34293,1.474025,0.976294,0.059574,0.041903,-0.650006,0.0256779457643324,0.07151427885767292,-0.013438924886023173,-0.18671466878792023,0.14309076354072436,0.22843519855263192,0.02879769618430873,0.9810415166786792,-0.004559635229179773,0.002399808015361281,-0.0016798656107195925,-0.0021598272138234876,0.18626600000000001,-0.006688999999999945,-0.909599,-0.096466,0.037297000000000136,-0.923434,0.282732,0.04398600000000008,0.01383499999999993,0.3616499999999999,0.9939341849099869,0.3616499999999999,0.6383500000000001,0.006065815090013138,-0.909599
1328,5.533333,walk,-0.342821,1.474307,0.976234,0.059162,0.042016,-0.64966,0.026164186269811422,0.06769083053291834,-0.014402304368687887,-0.11665968468106391,0.15318772035589182,0.2382730834196067,0.020403264522325607,0.9805568891023619,-0.0033605376860300607,0.00024003840615190468,-0.007681228996647753,-0.009601536245799697,0.186242,-0.002885999999999944,-0.9095530000000001,-0.096574,0.03698299999999999,-0.9234140000000001,0.28281599999999996,0.03986899999999993,0.013861000000000012,0.36139,0.9795028189190985,0.36139,0.63861,0.020497181080901483,-0.9095530000000001
1329,5.5375,walk,-0.342724,1.47458,0.976181,0.058798,0.041998,-0.649315,0.02327813774898444,0.0655147588192897,-0.01271898248142145,-0.14009335598495007,0.09061128132679848,0.23347665306172652,0.025437964962802935,0.9647228221742491,-0.003839692824574719,-0.014878809695226619,-0.021358291336695416,-0.01535877129829721,0.18625099999999997,0.0008610000000000007,-0.909516,-0.09673300000000001,0.036621000000000015,-0.9234249999999999,0.282984,0.035760000000000014,0.01390899999999995,0.36090999999999995,0.9496278449228113,0.36090999999999995,0.63909,0.05037215507718873,-0.909516
1330,5.541667,walk,-0.342574,1.474845,0.976143,0.058336,0.042139,-0.648816,0.035997120230371576,0.06359491240698711,-0.009119270458357602,-0.12674442771709743,0.17194165663796998,0.33672367535574377,0.017998560115185788,0.9479241660665314,-0.0004799616030721539,-0.026157907367412404,-0.03167746580273551,-0.02639788816894182,0.18617599999999998,0.004545999999999939,-0.90948,-0.09699200000000002,0.036224000000000034,-0.923497,0.283168,0.031678000000000095,0.014017000000000057,0.35983,0.9186136365280884,0.35983,0.64017,0.08138636347191164,-0.90948
1331,5.545833,walk,-0.342419,1.47504,0.976112,0.057576,0.042354,-0.648204,0.03720595295247924,0.04680748919826228,-0.007441190590495848,-0.21300698347012234,0.286245432103108,0.4215095009698663,0.001680268843016696,0.9558329332694353,-0.013922227556410727,-0.01104176668266782,0.0016802688430366832,-0.022083533365340635,0.18602799999999997,0.008333000000000146,-0.909507,-0.09719300000000003,0.03603600000000018,-0.923558,0.283221,0.027703000000000033,0.014051000000000036,0.35949,0.9587545840675912,0.35949,0.64051,0.041245415932408824,-0.909507
1332,5.55,walk,-0.342262,1.475292,0.97607,0.057113,0.042454,-0.647676,0.037676985841125485,0.060475161987077634,-0.010079193664504058,-0.1398875939747902,0.15608299748095722,0.35362846659390335,0.019438444924406394,0.9522438204943972,-0.036957043436527094,0.0007199424046017234,0.021118310535125986,-0.015358771298295546,0.185952,0.012048999999999976,-0.909619,-0.09734700000000002,0.035871999999999904,-0.92358,0.283299,0.023822999999999928,0.013961000000000001,0.3603900000000001,0.9564622382064429,0.3603900000000001,0.6396099999999999,0.04353776179355706,-0.909619
1333,5.554167,walk,-0.342098,1.475572,0.975976,0.056561,0.042643,-0.647144,0.03935685145188504,0.06719462443006258,-0.02255819534438272,-0.14468082609847485,0.2159421707491167,0.36089235184007196,-0.00623950083993267,0.9510439164867098,-0.03719702423806322,0.009359251259902335,0.021358291336695416,-0.010319174466043517,0.185762,0.015731999999999857,-0.9096799999999999,-0.097472,0.03568099999999985,-0.9235289999999999,0.283234,0.019948999999999995,0.013849,0.3615100000000001,0.9574997531173908,0.3615100000000001,0.6384899999999999,0.04250024688260923,-0.9096799999999999
1334,5.558333,walk,-0.341927,1.475807,0.975904,0.05596,0.042825,-0.646563,0.041046567450794366,0.05640902544405994,-0.017282765242427108,-0.16493811683989756,0.2264350762303618,0.39331805508768825,0.0064810369659134975,0.9347095535284548,-0.03336533845414825,0.01680268843015005,0.010321651464236555,-0.00576092174747959,0.18561799999999998,0.019390999999999936,-0.909747,-0.09757300000000002,0.03548899999999988,-0.923481,0.28319099999999997,0.016097999999999946,0.013734000000000024,0.36266000000000004,0.96576003606852,0.36266000000000004,0.63734,0.03423996393147999,-0.909747
1335,5.5625,walk,-0.341734,1.476079,0.975839,0.055436,0.042927,-0.646004,0.0463162946964261,0.06527477801772026,-0.015598752099828344,-0.1615402343331445,0.1743419740816343,0.37495481211386256,-0.013918886489082108,0.920806335493171,-0.05807535397168305,0.021838252939767672,-0.01103911687064857,-0.0002399808015344629,0.18536699999999998,0.022955999999999976,-0.909924,-0.09767500000000001,0.03517100000000006,-0.923417,0.283042,0.012215000000000087,0.013493000000000088,0.36507,0.959215029200213,0.36507,0.63493,0.040784970799787046,-0.909924
1336,5.566667,walk,-0.341562,1.476297,0.975769,0.054988,0.043038,-0.645412,0.04127669786417407,0.05231581473483596,-0.016798656107515644,-0.13090207311220747,0.15275032921150952,0.392178787384262,-0.007919366450685566,0.9371250299976543,-0.08303335733141706,-0.004799616030722562,0.024718022558187887,0.0011999040076789752,0.18516199999999997,0.026642999999999972,-0.9102,-0.09786700000000004,0.035055999999999976,-0.923342,0.283029,0.008413000000000004,0.013141999999999987,0.36858,0.9579862217422435,0.36858,0.63142,0.04201377825775654,-0.9102
1337,5.570833,walk,-0.341371,1.476509,0.975691,0.054441,0.043234,-0.644828,0.04584733557368486,0.050888142102753865,-0.018722995679311582,-0.14078091453268063,0.21481521510724766,0.3920915526375863,-0.0002400384061451911,0.9116658665385163,-0.06072971675467339,0.005280844935194204,0.037205952952497956,-0.008641382621218552,0.18496999999999997,0.03022899999999984,-0.9103749999999999,-0.09803600000000001,0.034999,-0.9233,0.283006,0.004770000000000163,0.012925000000000075,0.37075,0.9357339783932063,0.37075,0.62925,0.06426602160679373,-0.9103749999999999
1338,5.575,walk,-0.341189,1.476718,0.975588,0.054015,0.043351,-0.644222,0.04367650587952203,0.0501559875209775,-0.024718022558187887,-0.12084945541130518,0.14763031383786568,0.399173504826182,-0.01991840652747865,0.9004079673627,-0.06455483561315518,0.01127909767219136,0.016798656107515644,0.003359731221502463,0.184705,0.033772000000000135,-0.910541,-0.09817099999999995,0.03486000000000011,-0.923183,0.28287599999999996,0.0010879999999999779,0.012641999999999931,0.3735800000000001,0.9658150177060264,0.3735800000000001,0.62642,0.0341849822939736,-0.910541
1339,5.579167,walk,-0.340997,1.476928,0.975487,0.053536,0.043453,-0.643668,0.04607631389489663,0.05039596832254693,-0.024238060955128954,-0.1449343336462463,0.160693789282736,0.368818062076902,0.030237580993525495,0.8677705783537333,-0.028317734581233142,0.010799136069105781,0.020158387329008116,0.0007199424046083842,0.184639,0.03717799999999993,-0.910558,-0.09831800000000002,0.03473400000000004,-0.923079,0.282957,0.0024439999999998907,0.012521000000000004,0.37479000000000007,0.9618664540867183,0.37479000000000007,0.6252099999999999,0.03813354591328166,-0.910558
1340,5.583333,walk,-0.340788,1.477135,0.975371,0.053037,0.04365,-0.643117,0.050168026884309,0.04968795007203184,-0.027844455112821454,-0.12276264460001124,0.2019389387414577,0.3678865599572152,0.020643302928470848,0.8490158425349025,-0.029284685549689576,0.006721075372066784,0.0072011521843439435,-0.0014402304368714535,0.18451599999999999,0.04050799999999999,-0.9105639999999999,-0.098499,0.03455699999999995,-0.922969,0.283015,0.00595100000000004,0.01240500000000011,0.37594999999999995,0.9834081922280924,0.37594999999999995,0.62405,0.016591807771907607,-0.9105639999999999
1341,5.5875,walk,-0.340578,1.477325,0.975249,0.052531,0.043889,-0.642552,0.05039596832252287,0.04559635229178801,-0.02927765778736142,-0.11229263828308496,0.21885970058487,0.37722557296824305,-0.0004799616030721539,0.8228941684663619,-0.045356371490275244,0.0033597312214917554,-0.00023998080156938096,-0.002159827213821362,0.184304,0.04374699999999998,-0.9106310000000001,-0.09869500000000003,0.0343659999999999,-0.922856,0.282999,0.009381000000000084,0.01222499999999993,0.3777500000000001,0.9933312007037433,0.3777500000000001,0.62225,0.006668799296256744,-0.9106310000000001
1342,5.591667,walk,-0.340369,1.477483,0.975103,0.052052,0.044171,-0.641967,0.05015598752100414,0.037916966642694915,-0.03503719702423474,-0.08897225779209304,0.22556874712117492,0.38815091833940646,0.006479481641468798,0.808015358771364,-0.037197024238059886,-0.0009599232061311908,-0.005039596832212064,-0.005039596832253694,0.18412199999999998,0.046956,-0.91064,-0.098908,0.03418699999999997,-0.9227310000000001,0.28303,0.01276900000000003,0.012091000000000074,0.3790899999999999,0.9880142996050649,0.3790899999999999,0.6209100000000001,0.011985700394935073,-0.91064
1343,5.595833,walk,-0.340135,1.477635,0.974976,0.051512,0.04446,-0.641394,0.056168987037920066,0.03648583773402353,-0.030484877580439107,-0.1093051058108994,0.2474161559147264,0.3834637988830838,0.004560729716752941,0.7681228996639757,-0.05688910225636579,-0.004320691310614361,-0.001440230436911428,-0.00768122899664109,0.18390700000000001,0.05000399999999994,-0.91075,-0.09915999999999997,0.034028999999999865,-0.922636,0.28306699999999996,0.015975000000000072,0.011886000000000063,0.3811399999999999,0.9851167584911507,0.3811399999999999,0.6188600000000001,0.014883241508849343,-0.91075
1344,5.6,walk,-0.339882,1.477759,0.974851,0.05101,0.044746,-0.640823,0.06071514278858046,0.029757619390453238,-0.029997600191969384,-0.09613433212125107,0.23475716958713733,0.379598240306102,0.033117350611952374,0.7065034797216684,-0.03359731221502463,-0.0019198464122890248,-0.0047996160306959185,-0.003359731221502463,0.183792,0.05282399999999998,-0.910765,-0.09942099999999998,0.03388499999999994,-0.922525,0.283213,0.01893900000000004,0.011759999999999993,0.38239999999999996,0.9897246359662175,0.38239999999999996,0.6176,0.010275364033782486,-0.910765
1345,5.604167,walk,-0.339609,1.477893,0.974726,0.050448,0.045103,-0.640299,0.06551475881928906,0.0321574274057677,-0.029997600191989635,-0.09637252520616142,0.2812579868922922,0.3533799718255322,0.04799616030716876,0.6647468202542537,-0.05951523878088713,-0.003359731221505077,-0.00071994240460157,-0.0043196544276443895,0.183719,0.055460000000000065,-0.9108879999999999,-0.09970800000000002,0.03374800000000011,-0.922418,0.283427,0.021711999999999954,0.01153000000000004,0.38469999999999993,0.990800735941125,0.38469999999999993,0.6153000000000001,0.009199264058874945,-0.9108879999999999
1346,5.608333,walk,-0.339337,1.47802,0.974611,0.049835,0.045386,-0.639811,0.06529044647143928,0.030484877580412458,-0.02760441670666955,-0.1380503171415775,0.271233540490154,0.3318682629841116,0.057849255880943425,0.6185789726356831,-0.056649063850220546,0.0014402304368714535,-0.0016802688430366832,-0.005040806529045091,0.183688,0.05791000000000013,-0.911009,-0.09997400000000001,0.03361400000000003,-0.922324,0.28366199999999997,0.024296000000000095,0.011315000000000075,0.3868499999999999,0.9908246559920025,0.3868499999999999,0.6131500000000001,0.009175344007997466,-0.911009
1347,5.6125,walk,-0.339048,1.478153,0.974507,0.049156,0.045596,-0.639336,0.06935445164386775,0.0319174466043117,-0.02495800335973068,-0.1848972097845073,0.26498901538521946,0.32578239221008437,0.06599472042236862,0.5757139428846051,-0.08687305015599178,0.0038396928245780495,-0.002399808015321316,-0.0021598272138234876,0.183674,0.06017600000000001,-0.911267,-0.10024699999999998,0.03347100000000003,-0.922229,0.283921,0.02670499999999998,0.010961999999999916,0.39037999999999995,0.9916388509078049,0.39037999999999995,0.60962,0.008361149092195097,-0.911267
1348,5.616667,walk,-0.338771,1.478267,0.974393,0.048604,0.045775,-0.638911,0.06647468202544754,0.027357811375078638,-0.02735781137510528,-0.14765638822896374,0.2168730720707589,0.28885325204549694,0.06887449004080215,0.5315574754019575,-0.09575233981282186,0.05183585313175038,0.03335733141346186,0.02927765778737932,0.183684,0.062276999999999916,-0.9115519999999999,-0.10030800000000001,0.03349599999999997,-0.921993,0.283992,0.028780999999999946,0.010441000000000034,0.3955900000000001,0.886264824232894,0.3955900000000001,0.6044099999999999,0.11373517576710601,-0.9115519999999999
1349,5.620833,walk,-0.338471,1.478355,0.974255,0.047971,0.045961,-0.638529,0.07201152184347738,0.021123379740776816,-0.033125300047996395,-0.17554457314060493,0.24605198740249618,0.2652301495718702,0.07033125300047437,0.47839654344691945,-0.10393662986076281,-0.004080652904461586,0.02064330292847311,0.010561689870376749,0.18367700000000003,0.06418199999999996,-0.911847,-0.10062499999999996,0.03349399999999991,-0.9218109999999999,0.284302,0.03068800000000005,0.009963999999999973,0.40036,0.9607590429086091,0.40036,0.59964,0.03924095709139086,-0.911847
1350,5.625,walk,-0.338172,1.478448,0.974091,0.047351,0.046207,-0.638165,0.07175425965924236,0.022318214542813287,-0.03935685145187172,-0.1522668620270511,0.2649443310669857,0.2535077749859908,0.0477561795056362,0.4281257499400262,-0.09167266618670934,0.0019198464122890248,0.0014398848092034469,-0.0007199424046067191,0.18357699999999996,0.06587300000000007,-0.912065,-0.100916,0.033406999999999965,-0.9216500000000001,0.284493,0.032466000000000106,0.009585000000000066,0.40415,0.9958242114595282,0.40415,0.59585,0.0041757885404718476,-0.912065
1351,5.629167,walk,-0.337856,1.478521,0.973948,0.046664,0.046435,-0.63784,0.07583393328533655,0.01751859851211737,-0.03431725461963301,-0.1826524792701703,0.2803688364835492,0.2313440480797351,0.05375569954403941,0.36789056875451803,-0.08303335733141706,0.005519558435324285,-0.0004799616030855778,0.0,0.18348499999999998,0.06733300000000009,-0.9122680000000001,-0.101209,0.03333199999999992,-0.9215070000000001,0.284694,0.03400100000000017,0.009238999999999997,0.40761000000000003,0.9907660216137782,0.40761000000000003,0.59239,0.009233978386221753,-0.9122680000000001
1352,5.633333,walk,-0.337515,1.478596,0.973751,0.046039,0.046879,-0.637541,0.08185309649542355,0.01800288046088267,-0.04728756601055601,-0.09342046391372046,0.34247463200274125,0.21333614364394146,0.05160825732116945,0.2868458953431769,-0.09913586173786398,0.014882381180988523,-0.019683149303865697,-0.0031204992798841533,0.18335900000000002,0.06845299999999988,-0.9124840000000001,-0.10148799999999997,0.033174999999999955,-0.921323,0.28484699999999996,0.03527799999999992,0.00883899999999993,0.41161000000000003,0.958545568797029,0.41161000000000003,0.58839,0.04145443120297099,-0.9124840000000001
1353,5.6375,walk,-0.337155,1.478692,0.973572,0.045219,0.047249,-0.637295,0.08639308855292618,0.02303815694741501,-0.04295656347493362,-0.1884579294483669,0.37659924589626986,0.18794293530227357,0.04655627549796222,0.20734341252705482,-0.10199184065275287,0.007679385649142777,0.010799136069132425,-0.02159827213822988,0.183193,0.0692210000000002,-0.91273,-0.10181600000000002,0.03312400000000015,-0.921234,0.285009,0.036097000000000046,0.008503999999999956,0.5221032510643524,0.9577678485055872,0.5221032510643524,0.4778967489356476,0.04223215149441284,-0.91273
1354,5.641667,walk,-0.336777,1.478757,0.973416,0.044507,0.047582,-0.637054,0.09071274298056317,0.01559875209988163,-0.03743700503960934,-0.15986999640164942,0.33026385917333506,0.17978917223663074,0.07511399088072816,0.1245500359971106,-0.1255099592032701,-0.013678905687539319,-0.022798176145898866,-0.007679385649149438,0.18312799999999999,0.06967499999999993,-0.9130969999999999,-0.10225099999999998,0.03296399999999999,-0.92111,0.28537899999999994,0.03671099999999994,0.008013000000000048,0.5996809371354073,0.9538769080389711,0.5996809371354073,0.40031906286459273,0.04612309196102893,-0.9130969999999999
1355,5.645833,walk,-0.336408,1.478787,0.973262,0.043898,0.047772,-0.636836,0.08857417186750778,0.0072011521843439435,-0.03696591454632733,-0.1658258897265674,0.24699378499119445,0.16074410597898295,0.07273163706193513,0.056409025444071975,-0.13898223715795538,-0.01968314930389654,-0.012481997119579247,-0.017762842054729607,0.18306199999999997,0.06987999999999994,-0.913522,-0.10270200000000002,0.032881999999999856,-0.92103,0.285764,0.036998000000000086,0.00750800000000007,0.6470914586161639,0.9511594096270002,0.6470914586161639,0.3529085413838361,0.048840590372999815,-0.913522
1356,5.65,walk,-0.336025,1.478793,0.973131,0.043073,0.047826,-0.63658,0.09191264698821755,0.00143988480920314,-0.031437485001192776,-0.28720609143030107,0.2608381615913307,0.19239330317512457,0.07463402927764666,-0.015118790496739544,-0.16150707943361825,0.04751619870408995,0.021598272138260245,0.04391648668105878,0.18299,0.06981100000000007,-0.914064,-0.102887,0.03296600000000005,-0.920716,0.28587700000000005,0.03684500000000002,0.006651999999999991,0.6358814968886679,0.8863126570485169,0.6358814968886679,0.3641185031113321,0.11368734295148308,-0.914064
1357,5.654167,walk,-0.335633,1.478842,0.972977,0.042404,0.047896,-0.636493,0.09407247420206896,0.011759059275250294,-0.036957043436523764,-0.2255537437655199,0.22601366999054479,0.08097571155645947,0.055915526757864556,-0.06647468202546085,-0.16126709863211655,0.011999040076806404,0.007439404847586667,0.01247900167986534,0.18283100000000002,0.06948500000000002,-0.914582,-0.10322899999999996,0.03294799999999998,-0.9205099999999999,0.28606,0.03653700000000004,0.005927999999999933,0.635430944876206,0.9685955067715363,0.635430944876206,0.364569055123794,0.031404493228463726,-0.914582
1358,5.658333,walk,-0.33522,1.478879,0.97281,0.041733,0.048057,-0.636365,0.09913586173788512,0.008881421027380626,-0.04008641382622215,-0.19816660081524887,0.25877941740315175,0.10657840620497576,0.012481997119539274,-0.0674507921267398,-0.10993759001441103,0.009841574651934946,0.0036005760921986214,0.002160345655305515,0.18247000000000002,0.06916699999999998,-0.9148729999999999,-0.103601,0.03292600000000001,-0.920334,0.286071,0.03624099999999997,0.005461000000000049,0.7294187872269806,0.9821668354232503,0.7294187872269806,0.2705812127730194,0.01783316457674966,-0.9148729999999999
1359,5.6625,walk,-0.334747,1.478888,0.972629,0.04091,0.048458,-0.636179,0.11351091912647535,0.00215982721380517,-0.04343652507799256,-0.18036313014509253,0.39161216662302084,0.14848375297931435,-0.022798176145912185,-0.0844732421406638,-0.08303335733141706,0.007199424046083843,-0.002159827213858457,-0.0016798656107512315,0.181902,0.06880599999999992,-0.915038,-0.10404399999999997,0.03290799999999994,-0.92016,0.285946,0.035897999999999985,0.00512199999999996,0.7477408668341875,0.9871635816847318,0.7477408668341875,0.2522591331658125,0.012836418315268161,-0.915038
1360,5.666667,walk,-0.334292,1.478933,0.972459,0.040218,0.048589,-0.636042,0.1091912646988151,0.010799136069130123,-0.04079673626109311,-0.21497020264019426,0.2536734534384556,0.11228075748514886,0.05351571874249187,-0.10559155267576728,-0.1060715142788411,-0.0021598272138313532,-0.009839212862959173,-0.014398848092151294,0.18166999999999997,0.06832099999999985,-0.91531,-0.10450800000000005,0.03282199999999991,-0.9200499999999999,0.28617800000000004,0.03549899999999995,0.0047399999999999665,0.6876855783338742,0.9707120716118456,0.6876855783338742,0.3123144216661258,0.029287928388154416,-0.91531
1361,5.670833,walk,-0.333815,1.478961,0.972302,0.039548,0.048723,-0.635906,0.11449831973116731,0.006721075372040134,-0.0376860297647564,-0.2059678100060872,0.24819031953040357,0.11087256188965244,0.05664906385022388,-0.085453672587573,-0.11617858857418067,-0.02424387902063616,-0.01968314930386989,-0.025444071051369033,0.18142899999999998,0.06793700000000014,-0.915637,-0.10508600000000001,0.032712000000000074,-0.919999,0.28651499999999996,0.03522500000000006,0.004361999999999977,0.6981331809548406,0.932864300187506,0.6981331809548406,0.30186681904515944,0.06713569981249401,-0.915637
1362,5.675,walk,-0.333331,1.479013,0.972131,0.038903,0.048744,-0.635826,0.1161507079433661,0.012479001679852017,-0.0410367170626446,-0.23170859697999618,0.2008034774674249,0.07492799998965248,0.0494360451163891,-0.05519558435329614,-0.11615070794336943,-0.01871850251980467,-0.007679385649156099,-0.029997600191986037,0.18115099999999998,0.06765500000000002,-0.9159499999999999,-0.10564800000000002,0.0326280000000001,-0.919953,0.286799,0.03502699999999992,0.00400300000000009,0.7303479552019994,0.9396949578805425,0.7303479552019994,0.26965204479800065,0.06030504211945753,-0.9159499999999999
1363,5.679167,walk,-0.332815,1.479068,0.972004,0.038077,0.048782,-0.635732,0.12383009359250888,0.013198944084507027,-0.030477561795054963,-0.29337996640419156,0.26161062175474337,0.09044752693773,0.026157907367411318,-0.01919846412283696,-0.11903047756180131,-0.007679385649142777,0.0011999040076873012,-0.020638348932087033,0.18074400000000002,0.06752000000000002,-0.916319,-0.10619599999999996,0.032577999999999996,-0.919912,0.28694,0.03494200000000003,0.0035929999999999573,0.7584471539720489,0.9632442680124544,0.7584471539720489,0.24155284602795113,0.03675573198754556,-0.916319
1364,5.683333,walk,-0.3323,1.479131,0.971874,0.037286,0.048804,-0.635565,0.12361977916466016,0.015122419587113727,-0.031204992798834867,-0.28475578358216835,0.24238852401803268,0.1340236621122435,-0.010081613058084702,0.007201152184342408,-0.08977436389821153,0.003600576092171204,0.0036005760921445544,-0.0069611137782038795,0.18018699999999999,0.06748700000000007,-0.916563,-0.10669600000000001,0.03252999999999995,-0.919811,0.286883,0.03495700000000013,0.0032480000000000286,0.8164779535364453,0.9856255047021993,0.8164779535364453,0.18352204646355474,0.01437449529780066,-0.916563
1365,5.6875,walk,-0.331745,1.479165,0.971736,0.036401,0.048955,-0.635364,0.1331893448524112,0.008159347252241676,-0.03311735061194571,-0.2796734470260227,0.31750762434679874,0.1580769933206847,-0.027597792176628087,0.031197504199656688,-0.06551475881929802,0.0074394048476133096,0.0002399808015694321,-0.003119750419966335,0.179517,0.06758299999999995,-0.916698,-0.10721999999999998,0.032497,-0.919686,0.286737,0.03508599999999995,0.0029879999999999907,0.8407292693464359,0.9865489387082598,0.8407292693464359,0.15927073065356412,0.01345106129174023,-0.916698
1366,5.691667,walk,-0.331227,1.4792,0.971601,0.035894,0.048819,-0.6352,0.12431005519559446,0.008399328053757822,-0.032397408207343985,-0.2278783325234164,0.09754871554577035,0.12136209390188993,-0.05879529637629143,0.04511639068876544,-0.06407487401008126,0.041516678665703535,0.0028797696184068937,0.03239740820734565,0.178754,0.06773600000000002,-0.91683,-0.10756500000000002,0.03247399999999989,-0.919416,0.286319,0.03526200000000013,0.002585999999999977,0.8108579922124757,0.9120998081938674,0.8108579922124757,0.18914200778752432,0.08790019180613262,-0.91683
1367,5.695833,walk,-0.330659,1.479235,0.971464,0.03538,0.048888,-0.635028,0.1363418146903353,0.008401344215075025,-0.032885261641871194,-0.1676987193308042,0.17550985614265546,0.12591035639892348,-0.06985117618818398,0.059049447911650385,-0.056649063850208466,0.014162265962559612,-0.0014402304368578219,0.004080652904463252,0.17789499999999997,0.06794699999999998,-0.916929,-0.108074,0.032432999999999934,-0.919262,0.285969,0.035514000000000046,0.0023330000000000295,0.7973569547671167,0.9753189361254743,0.7973569547671167,0.20264304523288335,0.024681063874525733,-0.916929
1368,5.7,walk,-0.330071,1.479285,0.971361,0.03489,0.048828,-0.634768,0.14110871130309677,0.01199904007676644,-0.024718022558187887,-0.19739869058775675,0.11709876391453199,0.18003715551772106,-0.06527477801776023,0.0731941444684458,-0.054235661147109995,0.007919366450685566,-0.001679865610772879,-0.0007199424046067191,0.177035,0.0682020000000001,-0.917052,-0.10862899999999998,0.03237599999999996,-0.919162,0.285664,0.035826000000000136,0.0021100000000000563,0.7921166557374878,0.9864541282922257,0.7921166557374878,0.2078833442625122,0.013545871707774326,-0.917052
1369,5.704167,walk,-0.329442,1.479332,0.971274,0.034236,0.048835,-0.634438,0.15094792416607136,0.011279097672218002,-0.020878329733636482,-0.23698890552306487,0.1892583417462096,0.22916461327907622,-0.04823614110871512,0.0655147588192897,-0.05975521958243761,0.011279097672178037,-0.00047996160303229136,0.0019198464122873594,0.176205,0.06842799999999993,-0.917214,-0.109211,0.032326999999999995,-0.919067,0.285416,0.03610099999999994,0.0018529999999999935,0.813230791995817,0.9809143583866409,0.813230791995817,0.18676920800418295,0.019085641613359128,-0.917214
1370,5.708333,walk,-0.328851,1.479421,0.97118,0.033713,0.04875,-0.634192,0.14186269803169826,0.021363418146906576,-0.0225636101776128,-0.21741832809977524,0.11838741349463604,0.17223732646315676,-0.042246759481516,0.05400864138260623,-0.06649063850216548,0.012481997119539274,-0.0021603456553404925,0.003600576092173637,0.175438,0.06856399999999985,-0.917397,-0.10975000000000001,0.03222899999999984,-0.918958,0.285188,0.036335000000000006,0.0015610000000000346,0.8252017201488397,0.978051101417265,0.8252017201488397,0.17479827985116025,0.021948898582734966,-0.917397
1371,5.7125,walk,-0.328237,1.479522,0.971079,0.03335,0.04871,-0.633983,0.1473482121430047,0.024238060955097146,-0.024238060955123788,-0.14465454607398798,0.08788859468319203,0.14270617892446266,-0.043196544276453884,0.03599712023039822,-0.06839452843771365,0.013438924886006986,-0.00023998080151609453,0.004319654427646055,0.174644,0.06861300000000004,-0.917581,-0.11030800000000002,0.03212700000000002,-0.9188390000000001,0.284952,0.03648600000000002,0.0012580000000000924,0.8398513189795022,0.9764697766897363,0.8398513189795022,0.16014868102049784,0.023530223310263665,-0.917581
1372,5.716667,walk,-0.327581,1.479618,0.970984,0.032787,0.048641,-0.633549,0.15742740580754017,0.023038156947468295,-0.022798176145925508,-0.22539073713003707,0.12980625957417968,0.29013355561286536,-0.04703623710103448,0.015358771298312198,-0.06527477801776023,0.013438924886009852,-0.0004799616030855778,0.003839692824573054,0.173792,0.068581,-0.917758,-0.110908,0.03202899999999986,-0.918728,0.2847,0.03655200000000014,0.0009700000000000264,0.8537848797376635,0.9766917810025848,0.8537848797376635,0.14621512026233652,0.023308218997415198,-0.917758
1373,5.720833,walk,-0.326955,1.47972,0.970915,0.032255,0.048523,-0.633112,0.1502640422467751,0.02448391742674809,-0.01656265002400173,-0.22882825613445756,0.10216671868539964,0.29042735273501163,-0.0528084493519,0.006240998559736324,-0.04752760441671133,0.011281805088819725,-0.0007201152184290645,0.0007201152184357268,0.172946,0.06850500000000004,-0.917887,-0.111487,0.03192400000000006,-0.9186559999999999,0.284433,0.036580999999999975,0.0007689999999999086,0.8734431794779667,0.9811205389438273,0.8734431794779667,0.12655682052203332,0.018879461056172664,-0.917887
1374,5.725,walk,-0.326289,1.479835,0.970872,0.031609,0.048595,-0.632752,0.15982721382290144,0.02759779217664807,-0.010319174466046847,-0.21396540866361757,0.2100174022206803,0.2458536595918044,-0.06575473962083249,-0.007199424046070521,-0.04799616030717733,0.015598752099828344,-0.0004799616030855778,0.0011999040076789752,0.172006,0.06835999999999998,-0.918044,-0.11208800000000002,0.03180699999999992,-0.918608,0.284094,0.03655300000000006,0.0005640000000000089,0.8581498998949,0.9739130087847101,0.8581498998949,0.14185010010510002,0.0260869912152899,-0.918044
1375,5.729167,walk,-0.325656,1.479939,0.970824,0.031405,0.048377,-0.63232,0.1519078473721835,0.024958003359698715,-0.01151907847370505,-0.13745543439641472,-0.034187400605253104,0.2760510117599206,-0.07151427885767767,-0.0033597312214917554,-0.04007679385648488,0.013438924886006986,-0.003119750419975661,0.0009599232061443078,0.171075,0.06824200000000014,-0.9181630000000001,-0.11266500000000002,0.031689999999999996,-0.918556,0.28374,0.03655200000000014,0.0003929999999999767,0.8593248062978533,0.9769505966975058,0.8593248062978533,0.14067519370214665,0.023049403302494165,-0.9181630000000001
1376,5.733333,walk,-0.325019,1.480081,0.970779,0.031043,0.048223,-0.631881,0.15290446471436608,0.03408545367261108,-0.010801728276542565,-0.17657345623471737,0.037282335362875715,0.28486574579417284,-0.06481036965914878,-0.0028804608737695568,-0.03648583773404018,0.00984157465194827,-0.006240998559736324,0.002880460873739576,0.170168,0.06808799999999993,-0.9182699999999999,-0.113261,0.03152200000000005,-0.918499,0.28342900000000004,0.036565999999999876,0.00022900000000003473,0.8736591879941088,0.9799927992478231,0.8736591879941088,0.1263408120058912,0.02000720075217688,-0.9182699999999999
1377,5.7375,walk,-0.324367,1.480214,0.970707,0.030607,0.048287,-0.631378,0.15646748260139565,0.03191744660425841,-0.017278617710574578,-0.13702843087466113,0.13864125163048535,0.3265421833437438,-0.059275257979370354,0.004559635229179773,-0.041996640268780784,0.01247900167986534,-0.004559635229179773,-0.0004799616030722562,0.169269,0.06797399999999998,-0.918373,-0.11386099999999999,0.03137000000000012,-0.9184289999999999,0.28313,0.03660399999999986,5.599999999994498e-05,0.8781269948827338,0.9778423502368392,0.8781269948827338,0.12187300511726618,0.022157649763160814,-0.918373
1378,5.741667,walk,-0.323706,1.480334,0.970651,0.030216,0.048291,-0.630864,0.15862730981522746,0.02879769618433537,-0.01343892488599653,-0.13839915163996655,0.10233997737466885,0.33173095808093483,-0.05447564194864113,0.010559155267616279,-0.040076793856493424,0.014878809695226619,-0.0007199424046017234,0.0007199424046083842,0.168381,0.06789800000000001,-0.9184840000000001,-0.11446,0.031247000000000025,-0.91837,0.282841,0.03665099999999999,0.0001140000000000585,0.8859186361078437,0.9740039917793913,0.8859186361078437,0.11408136389215628,0.025996008220608657,-0.91837
1379,5.745833,walk,-0.323101,1.480454,0.970635,0.02994,0.048188,-0.630382,0.1452232357176874,0.028804608737369633,-0.0038406144983230577,-0.12849728916725406,0.02883033552600826,0.30813314473563996,-0.04512722035525595,0.004800768122877172,-0.0420067210753668,0.015122419587127052,-0.00264042246759044,-0.0004800768122903822,0.16758800000000001,0.06779800000000002,-0.918643,-0.115002,0.031116000000000144,-0.9183560000000001,0.28259,0.03668199999999988,0.0002869999999999262,0.8969347832267635,0.9715321551079555,0.8969347832267635,0.10306521677323655,0.028467844892044458,-0.9183560000000001
1380,5.75,walk,-0.322459,1.480621,0.970622,0.029674,0.048045,-0.629932,0.1540676745860477,0.040076793856500086,-0.003119750419976326,-0.13723377313246893,0.011972249980937974,0.287798270844104,-0.02807775377969368,0.004559635229179773,-0.02975761939044991,0.012718982481408127,-0.0014398848092567335,-0.004079673626109182,0.166829,0.06764999999999999,-0.918754,-0.115591,0.030942999999999943,-0.91836,0.28242,0.036707000000000045,0.00039400000000000546,0.9313894557317423,0.9736689352815144,0.9313894557317423,0.06861054426825774,0.026331064718485564,-0.91836
1381,5.754167,walk,-0.321821,1.480785,0.970609,0.029252,0.047815,-0.629366,0.15310775137988986,0.039356851451898364,-0.003119750419949683,-0.220355218902519,0.022719897009423038,0.36502864686193925,-0.030237580993525495,0.0165586753059995,-0.01607871370290393,0.016798656107515644,-0.0026397888168907483,-0.0016798656107512315,0.16606500000000002,0.06755500000000003,-0.9188080000000001,-0.11615899999999996,0.030767999999999907,-0.918354,0.282224,0.036787000000000125,0.00045400000000006546,0.9366003402881222,0.966980705353297,0.9366003402881222,0.06339965971187778,0.033019294646702946,-0.918354
1382,5.758333,walk,-0.321208,1.480915,0.970593,0.028926,0.047718,-0.628888,0.14714354296686225,0.031204992798834867,-0.0038406144983230577,-0.14534177575684104,0.0463728822858584,0.3066554958933905,-0.01416226596255295,0.019443110897740493,-0.01680268843014672,0.01536245799326558,-0.001200192030732618,-0.0004800768122903822,0.16539299999999998,0.06750600000000007,-0.9188620000000001,-0.11670800000000003,0.03063299999999991,-0.91834,0.28210100000000005,0.036873000000000156,0.0005220000000000224,0.9510971860314168,0.9690854237104846,0.9510971860314168,0.0489028139685832,0.03091457628951544,-0.91834
1383,5.7625,walk,-0.320564,1.481074,0.970559,0.028535,0.047771,-0.628379,0.15454763618910664,0.03815694744421106,-0.008159347252241676,-0.12376386586886587,0.1209697153794604,0.3271245868094905,-0.0033597312214991323,0.020638348932093695,-0.02135829133669375,0.014638828893697152,-0.004079673626094195,-0.0019198464122873594,0.16473500000000002,0.06743300000000008,-0.918917,-0.11729099999999998,0.030456999999999956,-0.918314,0.282026,0.03697600000000012,0.0006030000000000202,0.9501835076018812,0.968440884893629,0.9501835076018812,0.049816492398118806,0.031559115106370994,-0.918314
1384,5.766667,walk,-0.319939,1.481196,0.97056,0.028074,0.047743,-0.627887,0.14998800095994017,0.029277657787367663,0.0002399808015427889,-0.17455576783064272,0.11230967728011647,0.31917793186049137,0.1619870410367266,-0.07655387568999156,-0.13102951763859438,0.01967842572593586,-0.011759059275250294,0.00623950083993267,0.164785,0.06699199999999994,-0.919464,-0.11783400000000005,0.030286000000000035,-0.918289,0.28261900000000006,0.036705999999999905,0.001174999999999926,0.6300561910551086,0.9486531677465951,0.6300561910551086,0.36994380894489143,0.05134683225340486,-0.918289
1385,5.770833,walk,-0.319351,1.481358,0.970554,0.027802,0.047445,-0.627448,0.1411425828132559,0.03888622179548928,-0.001440230436858129,-0.18630120368171701,-0.043769388337459754,0.28128177032880075,0.013682189150258822,0.015362457993295506,-0.01656265002400506,0.011761881901110209,0.00600096015361107,0.009601536245801363,0.16425399999999998,0.06689400000000001,-0.919527,-0.118373,0.03014899999999998,-0.918243,0.28262699999999996,0.03674500000000003,0.0012839999999999518,0.9559820493890118,0.9599497646453312,0.9559820493890118,0.04401795061098823,0.040050235354668784,-0.918243
1386,5.775,walk,-0.318742,1.481528,0.970554,0.027651,0.047221,-0.626984,0.14614830813531765,0.04079673626109311,0.0,-0.11842758599910098,-0.05317276637494511,0.2917777813391063,0.01943844492440891,0.01655867530599597,-0.015358771298293937,0.015598752099825018,-0.010319174466044648,0.008879289656824855,0.16372600000000004,0.0667930000000001,-0.919591,-0.118917,0.029935999999999963,-0.9182060000000001,0.28264300000000003,0.03685700000000014,0.0013849999999999696,0.9503362773590114,0.9516436312825902,0.9503362773590114,0.04966372264098862,0.04835636871740978,-0.9182060000000001
1387,5.779167,walk,-0.31814,1.481688,0.970554,0.027346,0.047064,-0.626572,0.14446844252461588,0.038396928245727206,0.0,-0.15633915399099194,0.019779300488630684,0.26442439645749183,0.02591792656587519,0.03887688984881279,-0.04343652507799589,0.010799136069119104,-0.006479481641468798,0.003599712023038591,0.163232,0.06679500000000016,-0.919772,-0.11947400000000002,0.029749000000000025,-0.918191,0.282706,0.037046000000000134,0.0015810000000000546,0.8936739397387792,0.9623596599488051,0.8936739397387792,0.10632606026122082,0.037640340051194876,-0.918191
1388,5.783333,walk,-0.317529,1.481847,0.970586,0.027035,0.046741,-0.626163,0.1466634661545898,0.03816610657706021,0.007681228996621103,-0.20872225177614695,-0.040510461166227446,0.2637309277271084,0.01872299567930891,0.020403264522298955,-0.01944311089774464,0.015842534805572666,-0.004800768122878196,-0.0033605376860300607,0.162699,0.06672100000000003,-0.919885,-0.12001899999999999,0.029570000000000096,-0.918237,0.282718,0.037150999999999934,0.0016479999999999828,0.9436065820488597,0.9553673162333869,0.9436065820488597,0.05639341795114028,0.04463268376661311,-0.918237
1389,5.7875,walk,-0.316981,1.482013,0.970619,0.026934,0.04632,-0.625811,0.13150947924166498,0.03983681305498394,0.007919366450698889,-0.16038235794789274,-0.1383822248383142,0.22197972484623577,0.01967842572594252,0.022798176145898866,-0.01535877129829721,0.011519078473720827,0.009359251259875691,-0.0004799616030722562,0.16223300000000002,0.06664999999999988,-0.919982,-0.12051899999999999,0.029442999999999886,-0.918272,0.282752,0.03720699999999999,0.0017099999999999893,0.9436555945194529,0.9581504143598296,0.9436555945194529,0.05634440548054709,0.041849585640170384,-0.918272
1390,5.791667,walk,-0.316473,1.48208,0.971036,0.028724,0.045227,-0.625408,0.1219102471802072,0.016078713702910495,0.10007199424044418,0.34498969327604445,-0.9582742209881776,0.19390389328713964,0.020878329733618712,0.026397888168955143,-0.007679385649147801,0.005999520038395263,0.003119750419975661,-0.0050395968322526205,0.161812,0.06669299999999989,-0.920431,-0.121002,0.029388999999999887,-0.91871,0.282814,0.037304000000000004,0.0017209999999999726,0.9424643560671901,0.9687340977595318,0.9424643560671901,0.057535643932809855,0.03126590224046821,-0.91871
1391,5.795833,walk,-0.315905,1.482225,0.971091,0.028668,0.045167,-0.624995,0.13634181469036435,0.03480556889098684,0.013202112337981662,-0.03462280597645586,-0.018621723901455008,0.2559166967089528,0.02328372539606185,0.019683149303923193,-0.006000960153624394,0.010321651464238754,-0.004560729716752941,-0.0016802688430150303,0.16134099999999998,0.06663000000000019,-0.9205110000000001,-0.121527,0.029225000000000056,-0.918772,0.282868,0.03740500000000013,0.001739000000000046,0.9482106360767983,0.963595382239847,0.9482106360767983,0.05178936392320166,0.036404617760153024,-0.918772
1392,5.8,walk,-0.315367,1.482408,0.971194,0.028598,0.044987,-0.624653,0.1291096712263037,0.043916486681078136,0.024718022558187887,-0.07670934979206631,-0.05723334750324987,0.2132696692214071,0.028077753779700343,0.012958963282937596,-0.0007199424046083842,0.013918886489082108,-0.006959443244554375,-0.005279577633788157,0.16092,0.06650100000000014,-0.920617,-0.12200699999999998,0.029012999999999955,-0.918897,0.282927,0.03748800000000019,0.0017200000000000548,0.9484460017783954,0.9554116817602162,0.9484460017783954,0.05155399822160456,0.04458831823978382,-0.918897
1393,5.804167,walk,-0.314843,1.482602,0.971308,0.028697,0.044884,-0.624277,0.1257499400048112,0.04655627549796888,0.027357811375078638,0.010084506555332634,-0.07992071133072616,0.22818786720875733,0.026877849772019704,0.013438924885969887,-0.00047996160307059096,0.01223902087832255,-0.012239020878282585,-0.00935925125990067,0.16050799999999998,0.06636299999999995,-0.9207329999999999,-0.12248000000000003,0.028768000000000127,-0.9190499999999999,0.282988,0.03759499999999982,0.00168299999999999,0.949909696170083,0.9503750627101188,0.949909696170083,0.05009030382991697,0.049624937289881155,-0.9190499999999999
1394,5.808333,walk,-0.314327,1.482822,0.971464,0.028837,0.044506,-0.623956,0.12385981757078536,0.05280844935191539,0.037445991358623164,-0.05774809243683175,-0.19369717867733985,0.19370082773979583,0.022803648583773168,0.008641382621253529,0.004080652904463252,0.013202112337978848,-0.01128180508884397,-0.005760921747477924,0.16008700000000003,0.06617899999999999,-0.920872,-0.12294099999999997,0.028500999999999888,-0.91923,0.283028,0.0376780000000001,0.0016420000000000323,0.9587914649325522,0.9530857785242732,0.9530857785242732,0.041208535067447816,0.04691422147572677,-0.91923
1395,5.8125,walk,-0.313789,1.483029,0.971618,0.028749,0.044355,-0.623655,0.12910967122631703,0.04967602591789192,0.036957043436523764,-0.07520900157125633,-0.03970036934308804,0.1878935938577504,0.024238060955122293,-0.007439404847639953,0.013438924886009852,0.009839212862974591,-0.008399328053757822,-0.0014398848092167685,0.15965,0.06594100000000003,-0.92097,-0.12343799999999999,0.028259000000000034,-0.9193899999999999,0.283088,0.03768199999999999,0.0015800000000000258,0.9521741281823342,0.9625056529520437,0.9521741281823342,0.047825871817665844,0.03749434704795629,-0.9193899999999999
1396,5.816667,walk,-0.313317,1.483272,0.971694,0.02895,0.044258,-0.623419,0.11327093832493257,0.05831533477321918,0.01823854091671909,0.04864851014632939,-0.10371261923853033,0.13869856583526546,0.010079193664504058,-0.012239020878335873,0.006719462443004926,0.006479481641468798,-0.008399328053757822,0.0011999040076806405,0.15922,0.06564700000000001,-0.9210179999999999,-0.12388299999999997,0.027981000000000034,-0.919461,0.283103,0.03766599999999998,0.0015569999999999196,0.9712996829039064,0.9666370423009846,0.9666370423009846,0.028700317096093553,0.03336295769901543,-0.919461
1397,5.820833,walk,-0.312833,1.48347,0.971835,0.028969,0.044127,-0.623146,0.11617858857415257,0.04752760441673451,0.033845415266451954,-0.02941785296167676,-0.06332171068667165,0.1673560011110993,0.018722995679311582,-0.0014402304368578219,0.007921267402782978,0.006000960153623115,-0.011041766682665466,0.005040806529044016,0.15881400000000004,0.06544299999999992,-0.921126,-0.12434199999999995,0.0277369999999999,-0.919581,0.28315599999999996,0.03770600000000002,0.0015450000000000186,0.9660322330818873,0.9619827015903882,0.9619827015903882,0.03396776691811265,0.038017298409611766,-0.919581
1398,5.825,walk,-0.312332,1.483665,0.97195,0.028906,0.044068,-0.622925,0.12023038156948694,0.04679625629948503,0.027597792176621425,-0.03910493115351641,-0.010203110449840225,0.13801659858314014,0.016798656107508983,0.0007199424046017234,0.0055195584353259506,0.00479961603070924,-0.012239020878335873,0.007439404847611645,0.158383,0.06525099999999995,-0.921218,-0.12482300000000002,0.027490999999999932,-0.919665,0.283206,0.037760000000000016,0.0015530000000000266,0.970505241077379,0.9592942460893394,0.9592942460893394,0.02949475892262099,0.04070575391066056,-0.919665
1399,5.829167,walk,-0.311827,1.483886,0.972052,0.028732,0.043939,-0.622721,0.12119030477561812,0.05303575713943768,0.024478041756671745,-0.10187790485732556,-0.0028552831280080513,0.13093187757833924,0.018718502519798008,0.003119750419976326,0.003359731221502463,0.009839212862974591,0.005999520038436506,-0.013918886489080443,0.157956,0.06504299999999996,-0.9213060000000001,-0.12528699999999998,0.02729500000000007,-0.919825,0.283243,0.03774799999999989,0.0014810000000000656,0.9678803031550833,0.955072648432874,0.955072648432874,0.03211969684491667,0.04492735156712602,-0.919825
1400,5.833333,walk,-0.311348,1.484071,0.972163,0.028368,0.043808,-0.622441,0.11497839654345779,0.044407105136796535,0.02664426308208858,-0.17304458259281696,0.05071296728494717,0.1837562845866047,0.017042726836298875,0.00024003840612525507,-0.0007201152184340612,0.0069611137782053635,-0.0009601536246076187,-0.003600576092175303,0.15754800000000002,0.064859,-0.92142,-0.125737,0.027106000000000074,-0.919951,0.283285,0.037752999999999926,0.0014690000000000536,0.9715672957093353,0.9721503870992099,0.9715672957093353,0.02843270429066469,0.027849612900790133,-0.919951
1401,5.8375,walk,-0.310875,1.484303,0.972262,0.028273,0.043574,-0.622401,0.11351091912645116,0.05567554595631656,0.023758099352038313,-0.10532679085232341,-0.06087930569619297,0.028143894491833014,0.012718982481398756,0.002399808015374091,-0.0014398848092164616,0.005039596832250955,-0.00287976961840628,0.0014398848092147965,0.15712800000000002,0.06463700000000006,-0.9215249999999999,-0.126189,0.026862000000000164,-0.920044,0.28331700000000004,0.03777499999999989,0.0014809999999999546,0.9782945947504753,0.9752228487366225,0.9752228487366225,0.02170540524952469,0.02477715126337754,-0.920044
1402,5.841667,walk,-0.310369,1.484504,0.972339,0.028059,0.043472,-0.622341,0.12143028557716092,0.04823614110874176,0.018478521718261882,-0.1102718970056761,0.023583669748423023,0.044102801521734285,0.012718982481401468,0.004559635229179773,-0.0014398848092151033,0.005519558435324285,-0.006959443244554375,0.0079193664506839,0.156675,0.06445499999999993,-0.921608,-0.126672,0.02663199999999999,-0.9200879999999999,0.283347,0.03782299999999994,0.0015200000000000768,0.9773531914776556,0.9649662646696657,0.9649662646696657,0.022646808522344353,0.03503373533033427,-0.9200879999999999
1403,5.845833,walk,-0.3099,1.484685,0.972397,0.027826,0.043288,-0.622266,0.11257801248200537,0.04344695151224221,0.013922227556410727,-0.1418242190274475,-0.002016430343841317,0.053810008207991804,0.0036005760921719717,0.001440230436858129,-0.0007201152184340612,0.008161305808938236,0.004320691310627686,-0.006000960153624394,0.156221,0.06427999999999989,-0.921669,-0.12710699999999997,0.026469000000000076,-0.920171,0.28332799999999997,0.03781099999999982,0.0014979999999999993,0.993426277514352,0.966664951597106,0.966664951597106,0.006573722485648026,0.03333504840289403,-0.920171
1404,5.85,walk,-0.309411,1.484872,0.972446,0.027626,0.043145,-0.622323,0.1173506119510534,0.044876409887196,0.011759059275276937,-0.11846000028321699,0.007526781196558517,-0.028382623487709414,0.003119750419969665,0.0009599232061711556,-0.005039596832253694,0.006239500839926008,0.0011999040076340148,0.0002399808015361281,0.155745,0.06409700000000007,-0.9217390000000001,-0.12757000000000002,0.02628699999999995,-0.920219,0.283315,0.03781000000000012,0.0015200000000000768,0.9899928037731301,0.9742027347416526,0.9742027347416526,0.010007196226869852,0.025797265258347357,-0.920219
1405,5.854167,walk,-0.308925,1.485107,0.972448,0.027443,0.043009,-0.622367,0.1166306695464135,0.056395488360918136,0.00047996160305883225,-0.10985947733974165,0.00469380766308937,-0.020781378465397408,0.0004799616030721539,-0.00023998080156938096,-0.0059995200383969275,0.003839692824577231,0.0021598272138579964,0.0014398848092147965,0.155261,0.06386099999999995,-0.921766,-0.12804,0.026061000000000112,-0.920215,0.283301,0.037799999999999834,0.001550999999999969,0.989960882810964,0.9767653348068528,0.9767653348068528,0.010039117189036051,0.023234665193147208,-0.920215
1406,5.858333,walk,-0.308444,1.485252,0.972482,0.027299,0.042788,-0.622396,0.11545847335574827,0.03480556889104014,0.008161305808924912,-0.12054658991879665,-0.039337373610297426,-0.012605176918474953,0.00024003840614524228,0.0016802688430366832,-0.003600576092175303,0.0052808449351820054,-0.00024003840617855429,0.0016802688430150303,0.154781,0.06372299999999997,-0.9218149999999999,-0.12849900000000003,0.02591499999999991,-0.920242,0.28328000000000003,0.037808000000000064,0.0015729999999999356,0.9933656889295017,0.9750251448165472,0.9750251448165472,0.006634311070498278,0.02497485518345277,-0.920242
1407,5.8625,walk,-0.307948,1.485432,0.972509,0.027121,0.042579,-0.622523,0.11903047756179964,0.043196544276476415,0.006479481641468798,-0.1306823908441194,-0.021807353672484184,-0.07148646591404309,-0.005279577633788157,0.0011999040076873012,-0.003119750419966335,0.004319654427650306,-0.0007199424046017234,0.0007199424046067191,0.154263,0.06354799999999994,-0.921855,-0.128977,0.025731999999999866,-0.9202659999999999,0.28324000000000005,0.03781600000000007,0.0015890000000000626,0.9895854599101731,0.9767132949328371,0.9767132949328371,0.010414540089826896,0.023286705067162905,-0.9202659999999999
1408,5.866667,walk,-0.307458,1.485621,0.972493,0.026866,0.042338,-0.622615,0.11759059275258286,0.045356371490281586,-0.0038396928245514063,-0.16879424476558136,-0.011884637422218383,-0.047947739912172715,-0.004559635229186434,-0.008639308855273968,-0.0007199424046067191,0.0052795776337948176,0.0009599232061711556,-0.0014398848092151033,0.153754,0.06332300000000002,-0.921842,-0.12944499999999998,0.025546999999999986,-0.9202560000000001,0.283199,0.03777600000000003,0.0015859999999999763,0.9836746407231975,0.9748800712720495,0.9748800712720495,0.016325359276802454,0.025119928727950547,-0.9202560000000001
1409,5.870833,walk,-0.306951,1.485797,0.972507,0.026565,0.042167,-0.62272,0.12169947191549862,0.042246759481500334,0.0033605376860193505,-0.1652665337903008,0.028516737258592478,-0.05458200712556472,-0.004080652904461586,-0.003600576092197854,-0.0021603456553050543,0.004800768122890497,-0.001440230436911121,-0.0007201152184339077,0.15322999999999998,0.06313199999999997,-0.921865,-0.12993200000000005,0.02536499999999986,-0.920273,0.283162,0.037767000000000106,0.0015920000000000378,0.9902413898882416,0.9756406404585769,0.9756406404585769,0.009758610111758381,0.024359359541423098,-0.920273
1410,5.875,walk,-0.306465,1.485949,0.972519,0.026216,0.041961,-0.622851,0.11663066954643836,0.03647708183343818,0.002879769618433537,-0.19397395404582896,0.03043468787224896,-0.06916790333279504,-0.00623950083993267,-0.004079673626094195,-0.004799616030717566,0.011759059275263616,-0.0026397888168907483,-0.004079673626110847,0.152718,0.0629630000000001,-0.921897,-0.130369,0.025201999999999947,-0.9203020000000001,0.283087,0.037761000000000156,0.001594999999999902,0.9852228196129142,0.9628441506410423,0.9628441506410423,0.014777180387085753,0.03715584935895766,-0.9203020000000001
1411,5.879167,walk,-0.306021,1.486114,0.972514,0.02591,0.041761,-0.623044,0.1065514758819343,0.03959683225341451,-0.0011999040076873012,-0.17667338603506597,0.021635772889600297,-0.10843860253772744,-0.004319654427650306,-0.0009599232061711556,-0.0028797696184302067,0.008879289656830078,0.0007199424046550099,-0.0009599232061428472,0.15225599999999997,0.06279400000000002,-0.921904,-0.130776,0.025040000000000173,-0.920301,0.28303199999999995,0.03775399999999984,0.00160299999999991,0.9912007039436703,0.9690366709042415,0.9690366709042415,0.008799296056329675,0.030963329095758496,-0.920301
1412,5.883333,walk,-0.305566,1.4863,0.972493,0.025683,0.041599,-0.623284,0.10921747479594869,0.04464714354296557,-0.0050408065290290256,-0.13616278079356947,0.013679177033700134,-0.13975240597326416,-0.003840614498316395,-0.005040806529055675,-0.005040806529044016,-0.0009601536245807644,-0.005280844935234179,0.004320691310608443,0.151785,0.06258699999999995,-0.9219040000000001,-0.131235,0.024831999999999965,-0.920262,0.28302,0.03775499999999998,0.0016420000000000323,0.9865041384273938,0.972096002484816,0.972096002484816,0.013495861572606183,0.02790399751518402,-0.920262
1413,5.8875,walk,-0.305107,1.486513,0.972459,0.025396,0.041401,-0.623416,0.11015118790496956,0.051115910727148654,-0.008159347252241676,-0.168315992675605,0.01503139714910718,-0.07188398632256779,-0.0038396928245713886,-0.0011999040076340148,-0.004799616030717566,0.009359251259902335,0.0007199424046017234,-0.0055195584353259506,0.15131000000000003,0.06236900000000012,-0.92189,-0.13165499999999997,0.02462199999999992,-0.9202509999999999,0.282965,0.0377470000000002,0.001639000000000057,0.9895624443239113,0.9654609698351473,0.9654609698351473,0.010437555676088728,0.03453903016485271,-0.9202509999999999
1414,5.891667,walk,-0.304641,1.486704,0.972438,0.025197,0.041168,-0.623649,0.11183105351572911,0.04583633309336716,-0.005039596832238707,-0.14684757731079864,-0.02156829013886295,-0.1361255356889772,0.0019198464122823639,0.0009599232061178691,-0.0014398848092167685,0.021598272138224885,0.006959443244554375,-0.02327813774898111,0.15085199999999999,0.06218199999999996,-0.921875,-0.132031,0.024459999999999926,-0.920327,0.282883,0.03772200000000003,0.0015479999999999938,0.9956922127772905,0.9303394657061655,0.9303394657061655,0.004307787222709525,0.06966053429383445,-0.920327
1415,5.895833,walk,-0.30418,1.486885,0.972431,0.025013,0.040926,-0.62381,0.11065770523284342,0.04344695151224221,-0.0016802688430100335,-0.1432254400055736,-0.03143299327722613,-0.09252924697069045,0.0,-0.001440230436858129,-0.00552088334133391,0.00024003840615190468,0.0074411905905224975,-0.012001920307248788,0.150391,0.06199500000000002,-0.921891,-0.13249099999999997,0.024310000000000054,-0.92037,0.28288199999999997,0.03768499999999997,0.0015209999999999946,0.9904905870347278,0.9612507286231864,0.9612507286231864,0.00950941296527219,0.03874927137681361,-0.92037
1416,5.9,walk,-0.303724,1.487042,0.97242,0.024801,0.040744,-0.623979,0.10943124550034451,0.03767698584111746,-0.0026397888169168286,-0.13575962649218498,-0.0003041204475620721,-0.09692672707536372,0.0007199424046082308,-0.0026397888168901854,0.0009599232061426426,0.0009599232061309861,0.0011999040076870456,-0.004319654427646055,0.149938,0.061827000000000076,-0.9218759999999999,-0.13294300000000003,0.024158000000000124,-0.920377,0.28288100000000005,0.03766899999999995,0.001498999999999917,0.9951671682371102,0.9773686220404203,0.9773686220404203,0.004832831762889844,0.0226313779595797,-0.920377
1417,5.904167,walk,-0.303286,1.48719,0.972432,0.024599,0.040413,-0.624222,0.10511159107271753,0.035517158627320314,0.002879769618433537,-0.17747934431034415,-0.05720074415256307,-0.1418724286237031,-0.0002399808015361281,-0.004079673626147482,-0.007439404847611645,0.008879289656830078,-0.0011999040076873012,0.004079673626110847,0.149499,0.061661999999999884,-0.9219189999999999,-0.13334400000000002,0.024005000000000054,-0.920372,0.282843,0.03765699999999983,0.001546999999999965,0.985853340385678,0.9681215594778227,0.9681215594778227,0.014146659614322044,0.031878440522177254,-0.920372
1418,5.908333,walk,-0.302833,1.487328,0.972433,0.024305,0.040327,-0.624401,0.10873739798368148,0.03312530004800346,0.00024003840615190468,-0.13777444920313034,0.06054443050543655,-0.10128153950601185,0.00024003840614524228,-0.001440230436858129,-0.0007201152184357268,0.004080652904475781,-0.0019203072491619383,-0.00048007681229048457,0.149047,0.06151799999999996,-0.921923,-0.13377999999999995,0.023859000000000075,-0.9203749999999999,0.28282699999999994,0.03765899999999989,0.0015480000000001048,0.9972866338681855,0.9769610131110031,0.9769610131110031,0.0027133661318144986,0.02303898688899686,-0.9203749999999999
1419,5.9125,walk,-0.302386,1.487458,0.972435,0.024151,0.040211,-0.624637,0.10727141828654935,0.031197504199656688,0.0004799616030855778,-0.09487324044858328,0.008960364736318255,-0.1403322183297352,0.00623950083993267,0.0009599232061711556,0.0004799616030722562,0.0059995200383965415,0.00047996160303229136,-0.003359731221502463,0.14862599999999998,0.06139200000000011,-0.921923,-0.134202,0.023730999999999947,-0.9203910000000001,0.28282799999999997,0.03766100000000017,0.0015319999999999778,0.9894481193838242,0.9731917937634278,0.9731917937634278,0.010551880616175846,0.026808206236572207,-0.9203910000000001
1420,5.916667,walk,-0.301941,1.487594,0.972422,0.024003,0.040031,-0.624844,0.106791456683441,0.03263738900890646,-0.003119750419975661,-0.11156909185431649,-0.017640176296307795,-0.12224545060277371,0.0011999040076803847,-0.002399808015374091,-0.0011999040076787195,0.001919846412275294,-0.0009599232061176645,0.0004799616030721539,0.148186,0.06124599999999991,-0.921915,-0.134639,0.023590999999999918,-0.920376,0.282825,0.037654999999999994,0.001539000000000068,0.9951014124014205,0.9809442327054546,0.9809442327054546,0.004898587598579529,0.01905576729454539,-0.920376
1421,5.920833,walk,-0.301491,1.487677,0.97243,0.023947,0.039891,-0.625096,0.10801728276525242,0.019923187709995148,0.0019203072491619383,-0.06556753555074019,-0.02896947857482916,-0.15271750754855387,0.002880460873742907,-0.0038406144983238765,-0.0012001920307262114,0.009361497839657786,0.001440230436858129,-0.0016802688430150303,0.14774800000000002,0.06114700000000006,-0.921928,-0.13505,0.023514000000000035,-0.920391,0.282798,0.03763300000000003,0.0015370000000000106,0.9917524691438189,0.9685974628664448,0.9685974628664448,0.008247530856181129,0.03140253713355523,-0.920391
1422,5.925,walk,-0.301037,1.487822,0.972433,0.023867,0.039664,-0.62532,0.10895128389729558,0.03479721622271859,0.0007199424046017234,-0.10040317327456241,-0.05513588989804547,-0.13464963538008926,0.001679865610746236,-0.005279577633781497,-0.0014398848092151033,0.0038396928245780495,-0.00023998080151614568,0.0007199424046067191,0.147301,0.060980000000000034,-0.921937,-0.135488,0.023368000000000055,-0.920391,0.28278899999999996,0.03761199999999998,0.0015460000000000473,0.9904592749045209,0.9780167192903325,0.9780167192903325,0.009540725095479097,0.021983280709667485,-0.920391
1423,5.929167,walk,-0.300606,1.48798,0.972444,0.023784,0.039294,-0.62556,0.1034317254619713,0.037916966642694915,0.0026397888168907483,-0.14467933760003807,-0.10740394836383485,-0.1440136974729011,0.0052795776337948176,0.00023998080151614568,-0.003839692824574719,0.0038396928245780495,-0.0007199424046017234,0.0004799616030722562,0.146892,0.06082299999999985,-0.921964,-0.135903,0.023206999999999978,-0.9204,0.282795,0.03761599999999987,0.0015640000000000098,0.9891123449413448,0.9778000370102916,0.9778000370102916,0.010887655058655188,0.02219996298970839,-0.9204
1424,5.933333,walk,-0.300177,1.488153,0.972466,0.023526,0.039041,-0.625724,0.10297647623617372,0.04152664426307142,0.005280844935207529,-0.17428270304197244,-0.01316590516464625,-0.09237541112609986,0.0072011521843490705,-0.0009601536245541147,0.0033605376860293443,0.004800768122890497,0.0,-0.00120019203072429,0.14649300000000004,0.06064599999999998,-0.921972,-0.136312,0.023034,-0.9204270000000001,0.28280500000000003,0.03761199999999998,0.0015449999999999076,0.986659199871559,0.9763024691438427,0.9763024691438427,0.013340800128440966,0.023697530856157334,-0.9204270000000001
1425,5.9375,walk,-0.299734,1.488318,0.97249,0.023406,0.038816,-0.625978,0.10631149508040483,0.03959683225341451,0.005759539236840431,-0.1150483095274097,-0.04164573999172668,-0.15198601719694665,0.0004799616030655954,-0.003359731221492472,-0.0014398848092151033,0.0035997120230485823,-0.001679865610772879,0.0016798656107512315,0.146052,0.06046700000000005,-0.922002,-0.13673999999999997,0.022861999999999938,-0.9204439999999999,0.28279199999999993,0.03760500000000011,0.0015580000000000593,0.993855574955725,0.9772316947621458,0.9772316947621458,0.006144425044275037,0.022768305237854225,-0.9204439999999999
1426,5.941667,walk,-0.299327,1.48847,0.972502,0.023292,0.038477,-0.626233,0.09767218622510422,0.03647708183343818,0.002879769618433537,-0.1471095246778967,-0.0860904629194791,-0.15285089914346717,-0.0011999040076739796,-0.005279577633834783,-0.0021598272138218222,0.0028797696184202155,0.0011999040076873012,0.0021598272138218222,0.14564000000000002,0.06029299999999993,-0.9220229999999999,-0.137135,0.02271500000000004,-0.920447,0.282775,0.03757799999999989,0.0015759999999999108,0.9902848109738631,0.9779159506036249,0.9779159506036249,0.009715189026136883,0.022084049396375094,-0.920447
1427,5.945833,walk,-0.298905,1.488539,0.972536,0.023114,0.03824,-0.626398,0.10129620739317736,0.01656265002402485,0.008161305808923172,-0.1395253843352769,-0.031074589392144917,-0.0955898837495586,0.005040806529042351,0.002160345655340032,-0.0004800768122903822,0.003600576092184529,0.0002400384061252039,0.0002400384061451911,0.14523899999999998,0.06023299999999998,-0.922059,-0.137542,0.02264699999999986,-0.92048,0.28278099999999995,0.03758600000000012,0.001578999999999997,0.9908246559919953,0.9781824279191254,0.9781824279191254,0.009175344008004682,0.021817572080874648,-0.92048
1428,5.95,walk,-0.298467,1.48864,0.972565,0.022931,0.038104,-0.626588,0.10511159107271753,0.024238060955102312,0.006959443244554375,-0.11116447876362223,0.008915831486567095,-0.11150937999973791,0.004079673626107516,-0.0004799616030855778,-0.0011999040076789752,0.0035997120230352605,0.0,0.0007199424046083842,0.14481799999999997,0.06013000000000002,-0.922093,-0.137965,0.022545999999999955,-0.920506,0.282783,0.03758400000000006,0.001587000000000005,0.992867548796047,0.9780116660504091,0.9780116660504091,0.007132451203953005,0.021988333949590877,-0.920506
1429,5.954167,walk,-0.29801,1.488764,0.972606,0.022422,0.038197,-0.626801,0.10967122630189731,0.029757619390453238,0.009839212862961268,-0.16422940945640963,0.19311355561324509,-0.11793187498138444,-0.001679865610746236,-0.003359731221492472,-0.0016798656107512315,0.0026397888168907483,-0.0011999040076340148,0.0,0.144354,0.059992000000000045,-0.922141,-0.138411,0.02241700000000013,-0.920547,0.28276500000000004,0.037574999999999914,0.0015939999999999843,0.9931419773620347,0.9792271682371405,0.9792271682371405,0.006858022637965311,0.02077283176285949,-0.920547
1430,5.958333,walk,-0.297593,1.488895,0.972629,0.022338,0.038038,-0.627057,0.1000960153624661,0.031445031205020076,0.00552088334133391,-0.08180047743833829,-0.027753832715393122,-0.1547561383036202,0.00024003840613857986,-0.00024003840612525507,0.002640422467594334,0.0016802688430100335,-0.0012001920307328738,0.0031204992798848185,0.14393799999999998,0.059860000000000024,-0.922153,-0.13882100000000003,0.022280999999999995,-0.920557,0.282759,0.03757900000000003,0.0015960000000000418,0.9955630754895193,0.9778036192718349,0.9778036192718349,0.004436924510480722,0.0221963807281651,-0.920557
1431,5.9625,walk,-0.297198,1.489017,0.972624,0.022384,0.037802,-0.627258,0.09479241660665048,0.02927765778736142,-0.0011999040076604024,-0.055896584201901744,-0.09700776095653221,-0.1241452721025931,-0.00071994240460157,-0.005039596832264276,-0.008399328053754367,0.0028797696184329233,-0.000959923206170951,-0.0004799616030721539,0.14354000000000003,0.05971700000000002,-0.9221830000000001,-0.139204,0.022154999999999925,-0.9205540000000001,0.282744,0.037562000000000095,0.0016289999999999916,0.9836306040079279,0.9785879103772055,0.9785879103772055,0.0163693959920721,0.021412089622794506,-0.9205540000000001
1432,5.966667,walk,-0.296796,1.489158,0.972646,0.0222,0.037584,-0.627472,0.09647228221743025,0.033837293016547434,0.005279577633781497,-0.13650734618348304,-0.020834039658425466,-0.12583470502261557,0.0011999040076739796,0.00215982721380517,0.004799616030717566,0.002879769618433537,-0.0026397888168907483,0.0009599232061445124,0.143143,0.059585,-0.922185,-0.139594,0.022002999999999995,-0.9205720000000001,0.282737,0.037582000000000004,0.0016129999999999756,0.9910029422612713,0.9771653145291419,0.9771653145291419,0.00899705773872872,0.022834685470858096,-0.9205720000000001
1433,5.970833,walk,-0.296404,1.489299,0.972694,0.02206,0.037322,-0.627699,0.09409505520884169,0.033845415266432526,0.01152184349494498,-0.1334900858955271,-0.05017796004367309,-0.13529312760356046,-0.002160345655300518,0.0009601536246076187,-0.0024003840614490917,0.0038406144983238765,-0.00048007681230380936,0.0007201152184340612,0.142742,0.05944800000000017,-0.9222429999999999,-0.13996999999999998,0.02185999999999999,-0.9206169999999999,0.28271199999999996,0.03758800000000018,0.0016260000000000163,0.9943848340343906,0.9771784623672268,0.9771784623672268,0.005615165965609403,0.02282153763277317,-0.9206169999999999
1434,5.975,walk,-0.296017,1.489454,0.972725,0.021864,0.037097,-0.627901,0.09287257019439497,0.03719702423809319,0.0074394048476133096,-0.14296574376495164,-0.02011487632965467,-0.11851416063866926,-0.0002399808015361281,0.0009599232061178691,0.0007199424046067191,0.002399808015361281,0.0009599232061711556,0.0002399808015361281,0.14235399999999998,0.05929699999999993,-0.922271,-0.140347,0.02170899999999998,-0.920647,0.282701,0.037587999999999955,0.0016239999999999588,0.9979605553501691,0.9794336845746563,0.9794336845746563,0.002039444649830857,0.020566315425343706,-0.920647
1435,5.979167,walk,-0.295621,1.489564,0.97275,0.02164,0.036964,-0.62805,0.0950323974081799,0.026397888168955143,0.005999520038408584,-0.12514887458997984,0.021386905230958823,-0.08552896433042782,-0.0004799616030721539,-0.00215982721380471,-0.0014398848092147965,0.0021598272138180314,0.0016798656107192345,0.0,0.14195600000000003,0.05917799999999995,-0.922302,-0.14073399999999997,0.021605999999999792,-0.920672,0.28269,0.03757200000000016,0.0016299999999999093,0.9956003519718674,0.9791396631265924,0.9791396631265924,0.004399648028132641,0.020860336873407603,-0.920672
1436,5.983333,walk,-0.295236,1.489691,0.97277,0.021475,0.036745,-0.628229,0.09241478636583167,0.030484877580412458,0.0048007681229048456,-0.12940486278555813,-0.02777454404406579,-0.1053137263612294,-0.003360537686033392,0.00024003840612525507,-0.0012001920307245458,0.0,-0.0019203072491619383,0.001440230436869788,0.141557,0.05905199999999988,-0.922327,-0.141119,0.021470999999999796,-0.920686,0.282676,0.03758100000000009,0.0016410000000000036,0.994039180498576,0.979589359897581,0.979589359897581,0.0059608195014240195,0.020410640102418998,-0.920686
1437,5.9875,walk,-0.294854,1.489797,0.972807,0.021188,0.036641,-0.628409,0.09167266618670768,0.025437964962789612,0.008879289656816758,-0.14018476858037962,0.05194328597134365,-0.10292738333335971,-0.001679865610746236,-0.00215982721380517,0.00047996160307059096,0.0009599232061445124,-0.0011999040076340148,-0.0007199424046067191,0.14116800000000002,0.05893700000000002,-0.922362,-0.14149699999999998,0.021360000000000046,-0.9207259999999999,0.282665,0.03757699999999997,0.0016360000000000818,0.9953700356360613,0.9808117991313765,0.9808117991313765,0.004629964363938699,0.019188200868623495,-0.9207259999999999
1438,5.991667,walk,-0.294458,1.489909,0.972835,0.020785,0.036773,-0.628604,0.09503239740821347,0.02687784977199306,0.0067194624430115864,-0.11229936229439381,0.1754331043339107,-0.11041318467300411,-0.004799616030722562,-0.0038396928245780495,-0.004559635229181438,0.001679865610746236,0.00023998080151614568,0.0014398848092151033,0.140752,0.05880900000000011,-0.922409,-0.141886,0.021249000000000073,-0.920748,0.282638,0.03756000000000004,0.0016610000000000236,0.987244845437075,0.9796808493338649,0.9796808493338649,0.012755154562924975,0.0203191506661351,-0.920748
1439,5.995833,walk,-0.294095,1.49005,0.972847,0.020585,0.036604,-0.628845,0.08713394143061776,0.03384541526647861,0.002880460873742293,-0.12800238562052532,0.0029673480518858965,-0.1429280586258866,0.002400384061451911,0.0019203072491615289,0.0036005760921745352,0.00264042246759044,-0.0019203072491615289,0.001440230436869481,0.140399,0.05867599999999995,-0.9224060000000001,-0.14223800000000003,0.021099999999999897,-0.9207540000000001,0.282637,0.037576000000000054,0.0016519999999999868,0.9921095043513672,0.977532620920424,0.977532620920424,0.007890495648632756,0.022467379079575966,-0.9207540000000001
1440,6.0,walk,-0.293769,1.490145,0.972846,0.020631,0.036371,-0.629039,0.07823374130069782,0.022798176145898866,-0.0002399808015427889,-0.055129001068388674,-0.09619211481909436,-0.12007199040335412,0.0,0.0004799616030855778,-0.0019198464122873594,0.0019198464122890248,0.0004799616030855778,0.0014398848092151033,0.140073,0.05858300000000005,-0.922413,-0.14255600000000002,0.021006999999999998,-0.920747,0.282629,0.037576000000000054,0.0016660000000000563,0.9967017793571511,0.9792611107002628,0.9792611107002628,0.0032982206428489036,0.020738889299737218,-0.920747
1441,6.004167,walk,-0.293427,1.490255,0.972847,0.020433,0.036239,-0.629164,0.08207343412527587,0.026397888168960767,0.0002399808015427889,-0.11492220863046497,0.013391348501430053,-0.07129218923264803,-0.0009599232061445124,0.0014398848092034469,-0.0009599232061428472,-0.00023998080152946727,0.0016798656107195925,-0.0021598272138234876,0.139727,0.05847899999999995,-0.922418,-0.142899,0.02090399999999981,-0.920757,0.282626,0.037575000000000136,0.0016609999999999125,0.9967017793571713,0.9788121569705709,0.9788121569705709,0.0032982206428286975,0.02118784302942911,-0.920757
1442,6.008333,walk,-0.293091,1.490338,0.972858,0.020358,0.036006,-0.629324,0.08065290446470426,0.019923187709990898,0.00264042246759044,-0.09995897542968893,-0.06056092217722031,-0.09593875595992447,0.0012001920307259555,0.0,-0.0004800768122903822,-0.001680268843023,-0.0016802688429830256,0.0021603456553050543,0.139396,0.058396000000000114,-0.922431,-0.14324200000000004,0.02081400000000011,-0.920759,0.28263800000000006,0.037582000000000004,0.0016720000000000068,0.9978455893714437,0.9779275083372505,0.9779275083372505,0.002154410628556258,0.022072491662749494,-0.920759
1443,6.0125,walk,-0.292745,1.490463,0.972857,0.020172,0.035791,-0.629499,0.0830333573314204,0.02999760019202267,-0.0002399808015427889,-0.13600375070187837,-0.019994873294081488,-0.10242916735478491,0.002159827213825153,0.00215982721380517,-0.0016798656107512315,0.0014398848092167685,-0.0009599232061711556,0.0009599232061428472,0.139059,0.05827999999999989,-0.922437,-0.14358200000000004,0.020684999999999842,-0.920754,0.28264100000000003,0.037595000000000045,0.00168299999999999,0.9941901291711486,0.9798717793571337,0.9798717793571337,0.005809870828851427,0.020128220642866346,-0.920754
1444,6.016667,walk,-0.292412,1.490559,0.97287,0.019956,0.035629,-0.629612,0.07991360691144406,0.02303815694741501,0.003119750419976326,-0.13056255529575034,0.007382034226811752,-0.06380884646566193,0.0035997120230352605,0.0023998080153746024,-0.0016798656107512315,0.0016798656107595575,-0.0019198464122890248,0.0016798656107512315,0.138741,0.05819400000000008,-0.922457,-0.14390799999999998,0.02058099999999996,-0.92076,0.282649,0.03761300000000012,0.0016969999999999485,0.9922649869587079,0.9779392384363721,0.9779392384363721,0.007735013041292094,0.022060761563627906,-0.92076
1445,6.020833,walk,-0.292089,1.490647,0.972873,0.019687,0.035494,-0.629689,0.07753240518483996,0.02112337974078132,0.0007201152184290645,-0.1418354022227697,0.03261921811847578,-0.04048479724636286,0.0014402304368714535,0.003120499279894812,0.0007201152184357268,-0.0012001920307328738,-0.00048007681225051014,-0.0009601536245793035,0.138424,0.05811900000000003,-0.922457,-0.14423600000000003,0.020491000000000037,-0.920767,0.28266,0.037627999999999995,0.0016899999999999693,0.9941475680755447,0.980416289033256,0.980416289033256,0.005852431924455281,0.01958371096674405,-0.920767
1446,6.025,walk,-0.291757,1.49078,0.972874,0.019399,0.035372,-0.629769,0.07967362610989762,0.03191744660425161,0.00023998080154273774,-0.14497928240192454,0.04325664587505553,-0.04175007559757734,0.004319654427642724,0.00071994240460157,-0.002639788816895181,0.0007199424046148916,0.00023998080151609453,0.0007199424046082308,0.13810999999999998,0.05798900000000007,-0.922469,-0.144565,0.020359000000000016,-0.9207650000000001,0.282675,0.03763000000000005,0.0017039999999999278,0.991477771477222,0.9812165798961905,0.9812165798961905,0.008522228522777953,0.01878342010380951,-0.9207650000000001
1447,6.029167,walk,-0.291433,1.490914,0.972862,0.019177,0.035262,-0.6299,0.07775377969762558,0.03215742740582784,-0.002879769618433537,-0.11723497263198855,0.028996872380637185,-0.07504696312959591,-0.0016798656107528966,-0.0007199424046017234,-0.0023998080153579504,-0.0011999040076873012,-0.0011999040076873012,0.0021598272138218222,0.13777899999999998,0.057852000000000015,-0.922467,-0.14489400000000002,0.020219999999999905,-0.920744,0.282673,0.03763200000000011,0.00172300000000003,0.9949724801655979,0.9781921569705284,0.9781921569705284,0.005027519834402083,0.021807843029471585,-0.920744
1448,6.033333,walk,-0.291118,1.491076,0.972861,0.018639,0.035304,-0.630031,0.07561209793567802,0.03888622179548928,-0.00024003840615190468,-0.18897509111776364,0.18114509362048936,-0.06801380074534884,0.0024003840614524228,0.00048007681225051014,0.00024003840614524228,-0.0016802688430100335,-0.0012001920307328738,-0.0009601536245793035,0.13747399999999999,0.057691999999999855,-0.922465,-0.145216,0.020052999999999876,-0.920747,0.28269,0.03763899999999998,0.0017179999999999973,0.9959005637838301,0.9790246595533258,0.9790246595533258,0.004099436216169927,0.02097534044667415,-0.920747
1449,6.0375,walk,-0.290823,1.49113,0.972881,0.01845,0.035122,-0.630055,0.07079433645308451,0.012958963282937596,0.004799616030722562,-0.12573968981931002,-0.010277801712201053,-0.009173531861580944,0.005759539236860413,0.0026397888168907483,0.0023998080153579504,0.002879769618433537,-0.0026397888168907483,0.0009599232061428472,0.137203,0.05764899999999984,-0.922475,-0.145499,0.019987999999999895,-0.920763,0.282702,0.037660999999999945,0.0017120000000000468,0.988708427954973,0.9761753145291425,0.9761753145291425,0.011291572045026954,0.023824685470857476,-0.920763
1450,6.041667,walk,-0.29053,1.491228,0.972872,0.018209,0.035037,-0.630074,0.07031437484999728,0.023518118550495574,-0.0021598272138313532,-0.11566942764248438,0.04152580336213355,-0.005879258756185892,0.0031197504199690002,0.0004799616030854755,-0.0011999040076787195,0.00023998080152941612,0.00023998080156938096,0.0007199424046082308,0.13692300000000002,0.057552999999999965,-0.9224709999999999,-0.145791,0.019891000000000103,-0.920751,0.282714,0.03766199999999986,0.0017199999999999438,0.9943719513320984,0.9814734562073468,0.9814734562073468,0.005628048667901564,0.018526543792653172,-0.920751
1451,6.045833,walk,-0.290245,1.491302,0.972858,0.018335,0.034802,-0.630118,0.06841094575133409,0.017762842054707954,-0.003360537686020067,-0.024667509861836585,-0.12475123827841005,-0.029025066051705944,0.00240038406144576,0.002160345655287193,-0.001440230436869788,-0.00024003840613857986,-0.0016802688430366832,0.0009601536245793035,0.13664799999999996,0.057487999999999984,-0.922463,-0.146077,0.019810000000000105,-0.920733,0.282725,0.03767799999999988,0.0017300000000000093,0.9941066891252202,0.9794498646164548,0.9794498646164548,0.005893310874779845,0.02055013538354522,-0.920733
1452,6.05,walk,-0.289952,1.49141,0.972845,0.018205,0.034652,-0.63016,0.07031437485001227,0.02591792656587519,-0.003119750419976326,-0.09424270251794378,-0.015744973910637006,-0.02203979918298695,0.0035997120230419214,0.0011999040076873012,0.0014398848092151033,0.0009599232061445124,-0.0011999040076873012,0.0002399808015361281,0.13637,0.05738500000000002,-0.9224439999999999,-0.146366,0.019697000000000076,-0.920719,0.282736,0.037687999999999944,0.0017249999999999766,0.9932359273156903,0.9801579110877385,0.9801579110877385,0.006764072684309674,0.01984208891226147,-0.920719
1453,6.054167,walk,-0.289665,1.491519,0.972829,0.018086,0.034491,-0.630184,0.06887449004079549,0.02615790736744462,-0.0038396928245514063,-0.09329845102633745,-0.023556274962191804,-0.01138492877040376,0.004799616030715901,0.0014398848092567335,-0.0016798656107512315,0.0014398848092167685,-0.0023998080153746024,0.0,0.136103,0.057282000000000055,-0.922435,-0.14664699999999997,0.019577999999999873,-0.920703,0.28274999999999995,0.03770400000000018,0.0017319999999999558,0.9911916184522893,0.978015611635169,0.978015611635169,0.008808381547710686,0.021984388364830965,-0.920703
1454,6.058333,walk,-0.289384,1.491613,0.972816,0.017942,0.034374,-0.630156,0.06745079212673874,0.022563610177634637,-0.0031204992798941466,-0.08881995536661837,-0.0007649449690681007,0.021473665099688358,0.0038406144983230577,0.004080652904448262,-0.0031204992798841533,0.001920307249148204,0.0002400384061785031,0.0007201152184355732,0.135838,0.05720499999999995,-0.922435,-0.14692000000000005,0.019484999999999975,-0.920687,0.28275800000000006,0.037719999999999976,0.0017479999999999718,0.9893099782238206,0.9790785192562752,0.9790785192562752,0.010690021776179393,0.020921480743724796,-0.920687
1455,6.0625,walk,-0.289117,1.491695,0.97286,0.017725,0.034081,-0.630143,0.06407487401007293,0.019678425725922537,0.010559155267562993,-0.16941432642895463,-0.043999699084305795,0.014364301559439208,-0.0074394048476133096,0.004319654427663628,0.00431965442764531,0.0,-0.0019198464122890248,-0.0009599232061445124,0.13554000000000002,0.05714100000000011,-0.922461,-0.147187,0.01939500000000005,-0.920735,0.28272700000000006,0.03774600000000006,0.0017260000000000053,0.9839563465961526,0.9791625774298023,0.9791625774298023,0.01604365340384739,0.020837422570197717,-0.920735
1456,6.066667,walk,-0.288786,1.491537,0.97296,0.018749,0.034717,-0.630326,0.07943364530838513,-0.037916966642694915,0.023998080153612808,0.5722286103366504,-0.06812419571328475,-0.1402478541119932,0.0035997120230352605,0.0019198464122890248,0.0002399808015361281,0.0011999040076873012,-0.00287976961846018,0.0011999040076806405,0.13522399999999998,0.05730700000000022,-0.92256,-0.147513,0.01954100000000003,-0.92083,0.282737,0.03776600000000019,0.0017300000000000093,0.9931887903504041,0.9771290903618493,0.9771290903618493,0.006811209649595917,0.02287090963815075,-0.92083
1457,6.070833,walk,-0.288532,1.491651,0.973001,0.018747,0.034539,-0.630424,0.06096975516081191,0.02736437830056511,0.009841574651932848,-0.05560237769808606,-0.06358388209879896,-0.05953099500556908,0.0036005760921778663,0.0004800768122504078,0.001920307249159863,0.0031204992798808217,-0.0007201152184289109,0.00120019203072429,0.13498500000000002,0.057194999999999885,-0.922593,-0.147754,0.019423999999999886,-0.920866,0.282739,0.037771,0.001727000000000034,0.9931520072137079,0.9770299652549392,0.9770299652549392,0.006847992786292112,0.022970034745060763,-0.920866
1458,6.075,walk,-0.288276,1.491812,0.973013,0.018864,0.034452,-0.630482,0.0614350851931955,0.03863690904724335,0.002879769618433537,0.016662892722539267,-0.06648939391050641,-0.03822238638673242,0.0028797696184268765,-0.0009599232061178691,-0.003119750419966335,0.0002399808015427889,-0.0016798656107195925,0.0007199424046067191,0.13474099999999997,0.057030000000000136,-0.922618,-0.148009,0.019256000000000162,-0.920875,0.28274999999999995,0.037773999999999974,0.00174300000000005,0.992745237522125,0.9794977874779014,0.9794977874779014,0.007254762477875043,0.020502212522098606,-0.920875
1459,6.079167,walk,-0.288042,1.491931,0.973065,0.018922,0.034311,-0.630489,0.05615550755938736,0.028557715382765938,0.012479001679852017,-0.021194167515684703,-0.06993326319868996,-0.0051427807796367575,0.0019198464122890248,0.002399808015321316,0.0014398848092151033,-0.0004799616030722562,-0.0007199424046017234,0.0004799616030722562,0.13451500000000002,0.056921,-0.9226639999999999,-0.14824499999999996,0.019134000000000206,-0.920925,0.28276,0.03778699999999979,0.001738999999999935,0.9943435982626889,0.9809608896785851,0.9809608896785851,0.005656401737311079,0.01903911032141492,-0.920925
1460,6.083333,walk,-0.287801,1.492047,0.973119,0.018953,0.034221,-0.630485,0.057849255880956754,0.027844455112821454,0.012962073931829758,-0.015693139463645103,-0.04301272058060958,0.001976547193361892,0.0009601536245809691,0.0007201152184823636,-0.0033605376860300607,0.002160345655300518,-0.0016802688430366832,0.0016802688430150303,0.13427799999999998,0.05680800000000019,-0.922732,-0.14847700000000003,0.01901100000000011,-0.9209719999999999,0.282755,0.03779700000000008,0.0017600000000000948,0.994052620920403,0.9770475083372159,0.9770475083372159,0.0059473790795969705,0.022952491662784125,-0.9209719999999999
1461,6.0875,walk,-0.287528,1.492196,0.973191,0.018509,0.034442,-0.630491,0.06551475881927574,0.035757139428882125,0.01727861771059754,-0.09838628392747509,0.2167067583038274,0.005860095511864597,-0.00023998080153607695,0.0016798656107192345,0.0,0.001199904007673724,0.0004799616030854755,-0.0014398848092147965,0.134004,0.05666599999999988,-0.9228040000000001,-0.14874500000000002,0.018863999999999992,-0.92105,0.28274900000000003,0.03780199999999989,0.0017540000000000333,0.9971717991313759,0.9792353548722916,0.9792353548722916,0.00282820086862412,0.02076464512770837,-0.92105
1462,6.091667,walk,-0.287296,1.492341,0.973241,0.018632,0.034357,-0.63056,0.05567554595632843,0.0347972162226653,0.011999040076793083,0.019390790842915187,-0.06732512075259066,-0.04510496265861117,0.0014398848092167685,0.0019198464122890248,-0.0023998080153596157,0.0019198464122890248,-0.0002399808015694321,0.0002399808015361281,0.133778,0.05652900000000005,-0.922864,-0.14896900000000002,0.018718000000000012,-0.921099,0.282747,0.03781100000000004,0.0017650000000000166,0.9943435982626427,0.9791006445865684,0.9791006445865684,0.005656401737357264,0.020899355413431575,-0.921099
