frame_id,timestamp,gait_type,root_position_x,root_position_y,root_position_z,root_orientation_x,root_orientation_y,root_orientation_z,root_linear_velocity_x,root_linear_velocity_y,root_linear_velocity_z,root_angular_velocity_x,root_angular_velocity_y,root_angular_velocity_z,left_linear_velocity_x,left_linear_velocity_y,left_linear_velocity_z,right_linear_velocity_x,right_linear_velocity_y,right_linear_velocity_z,left_pos_rel_x,left_pos_rel_y,left_pos_rel_z,right_pos_rel_x,right_pos_rel_y,right_pos_rel_z,step_length,step_width,step_height,left_contact_prob,right_contact_prob,support_type,left_swing_phase,right_swing_phase,max_foot_height
1,0.004167,walk,1.136362,0.78959,0.966218,0.02741,0.006063,-0.456585,0.00023998080156942118,0.007919366450698526,-0.0004799616030589127,0.015193691646310627,-0.008670955617136242,0.008402024520968155,-0.0014398848092033814,0.0,0.0,0.0007199424046016907,0.0004799616030589127,0.0007199424046066863,-0.11859900000000012,0.04982299999999995,-0.921981,0.16799799999999987,-0.07436500000000001,-0.920309,0.286597,0.12418799999999997,0.0016720000000000068,0.9976001919846611,0.9814039837773849,0.9814039837773849,0.0023998080153389,0.018596016222615086,-0.920309
2,0.008333,walk,1.136358,0.789616,0.966219,0.027377,0.006034,-0.456578,-0.0009601536246075425,0.00624099855976248,0.00024003840615188562,0.0078041011189005855,0.019533160870478482,-0.004150654342138187,0.0,0.0009601536245808929,0.0012001920307244506,-0.0014402304368580146,0.0007201152184290073,0.0007201152184356697,-0.118595,0.049800999999999984,-0.921977,0.16799600000000003,-0.07438800000000001,-0.9203070000000001,0.28659100000000004,0.124189,0.0016699999999999493,0.9974383404394969,0.9803601419313889,0.9803601419313889,0.002561659560503138,0.019639858068611127,-0.9203070000000001
3,0.0125,walk,1.136356,0.789639,0.966216,0.02743,0.00605,-0.456596,-0.00047996160308555583,0.005519558435324033,-0.0007199424046283338,-0.01929777520231232,-0.018235685727796845,0.009930574479700062,0.0007199424046016905,0.00047996160308555583,-0.000719942404606686,-0.00023998080151613468,0.00023998080154277791,-0.0011999040076789203,-0.11858999999999997,0.049780000000000046,-0.9219769999999999,0.16799700000000017,-0.07440999999999998,-0.9203089999999999,0.28658700000000015,0.12419000000000002,0.0016680000000000028,0.998123983777366,0.9812417052944986,0.9812417052944986,0.0018760162226340027,0.018758294705501388,-0.9203089999999999
4,0.016667,walk,1.136367,0.789687,0.966226,0.027476,0.006122,-0.456656,0.0026397888168906273,0.01151907847373362,0.0023998080153744927,-0.004462634952223705,-0.040116084161345385,0.033654023159980326,-0.001439884809203381,-0.0011999040076872464,0.0011999040076789203,0.00023998080151613468,0.0011999040076872464,0.0009599232061428032,-0.11860699999999991,0.049726999999999966,-0.9219820000000001,0.1679870000000001,-0.07445299999999999,-0.920315,0.286594,0.12417999999999996,0.001667000000000085,0.9962908493338611,0.9807379110877454,0.9807379110877454,0.0037091506661388607,0.01926208891225456,-0.920315
5,0.020833,walk,1.136372,0.789716,0.966224,0.027483,0.006105,-0.456689,0.0012001920307327788,0.006961113778191488,-0.00048007681230377136,-0.0070363190229156755,0.00610773162907677,0.01756924211356758,0.00048007681230377136,0.0007201152184290074,0.00024003840614522328,0.00048007681230377136,0.0,-0.0012001920307244509,-0.11860999999999988,0.049700999999999995,-0.921979,0.16798400000000013,-0.07448199999999994,-0.920318,0.286594,0.12418299999999993,0.0016610000000000236,0.9985030975408925,0.9812355893714377,0.9812355893714377,0.0014969024591074964,0.018764410628562267,-0.920318
6,0.025,walk,1.136353,0.789748,0.966239,0.027294,0.006126,-0.456681,-0.0045596352291795645,0.007679385649155747,0.0035997120230350957,0.08540529908193985,0.032386143355908684,-0.004556114727650186,-0.00047996160308555583,-0.001439884809203381,-0.0002399808015361171,-0.00047996160308555583,-0.0009599232061444684,0.0014398848092150374,-0.11859299999999995,0.04966300000000001,-0.921995,0.16800100000000007,-0.07451799999999997,-0.920327,0.286594,0.12418099999999999,0.0016680000000000028,0.9974389551886231,0.9803269135374911,0.9803269135374911,0.002561044811376867,0.01967308646250887,-0.920327
7,0.029167,walk,1.136359,0.789772,0.966231,0.027343,0.006145,-0.456716,0.0014398848092033823,0.005759539236866815,-0.0019198464122889385,-0.01709929802087352,-0.018446414703973363,0.01920663496226868,0.0011999040076872472,0.0014398848092033823,-0.0007199424046066867,0.0007199424046016911,0.0,-0.002639788816895625,-0.11859399999999987,0.04964499999999994,-0.92199,0.1679980000000001,-0.074542,-0.92033,0.28659199999999996,0.12418699999999994,0.0016599999999999948,0.9966536276036624,0.9788396631265543,0.9788396631265543,0.0033463723963376157,0.02116033687344565,-0.92033
8,0.033333,walk,1.136357,0.789804,0.966228,0.027351,0.00614,-0.456721,-0.00048007681225047176,0.007681228996620489,-0.0007201152184290069,-0.004565388441448588,0.0004370653880427405,0.002702894506560826,0.0,0.0002400384061518855,0.0004800768122887806,-0.000480076812303771,0.0009601536245808924,0.0021603456553053423,-0.11859200000000003,0.04961400000000005,-0.9219849999999999,0.16799799999999987,-0.07456999999999991,-0.920318,0.2865899999999999,0.12418399999999996,0.001666999999999974,0.9991054296777451,0.9793094064565787,0.9793094064565787,0.0008945703222549284,0.020690593543421287,-0.920318
9,0.0375,walk,1.136353,0.789831,0.966228,0.027347,0.006116,-0.45674,-0.0009599232061711124,0.006479481641468506,0.0,-0.003728078235105966,0.011342128633865991,0.009778169909963904,0.0011999040076872472,-0.0002399808015427781,-0.0007199424046066867,0.0004799616030855562,0.0007199424046016911,-0.000959923206142804,-0.11858299999999988,0.04958600000000002,-0.921988,0.16800400000000004,-0.07459399999999994,-0.920322,0.2865869999999999,0.12417999999999996,0.0016660000000000563,0.9976337573861571,0.9811861063886329,0.9811861063886329,0.002366242613842884,0.018813893611367094,-0.920322
10,0.041667,walk,1.136352,0.789864,0.966229,0.027339,0.006155,-0.456746,-0.00023998080151613449,0.007919366450698519,0.0002399808015427777,0.011893476047977797,-0.014822977992789893,0.003972823672594746,-0.00023998080156942094,-0.0007199424046016899,-0.0009599232061444676,-0.0007199424046016899,0.0002399808015427777,0.0009599232061428024,-0.1185830000000001,0.04954999999999998,-0.9219930000000001,0.16800199999999998,-0.07462599999999997,-0.920319,0.2865850000000001,0.12417599999999995,0.0016740000000000643,0.9979605553501285,0.9812205553501394,0.9812205553501394,0.0020394446498714913,0.018779444649860588,-0.920319
11,0.045833,walk,1.136348,0.789892,0.966219,0.027387,0.006131,-0.456753,-0.0009601536246075436,0.006721075372066257,-0.00240038406143891,-0.025825158285571866,-0.0002003529298613268,0.0034083032170457144,0.0002400384061785355,0.0002400384061518859,-0.00048007681228878134,0.0004800768123037718,-0.0004800768123037718,-0.0012001920307244517,-0.11857799999999985,0.049522999999999984,-0.921985,0.16800800000000016,-0.07465600000000006,-0.9203140000000001,0.286586,0.12417900000000004,0.001670999999999978,0.9990200473104305,0.9809918072305264,0.9809918072305264,0.0009799526895695188,0.01900819276947363,-0.9203140000000001
12,0.05,walk,1.136356,0.789931,0.966222,0.027422,0.006137,-0.456749,0.0019198464122889352,0.009359251259901898,0.0007199424046016899,-0.013596276397752512,-0.010283017670692425,-0.0019503805969458838,0.0014398848092033799,0.0004799616030589122,0.0021598272138217216,-0.0007199424046016899,0.0004799616030855554,0.0009599232061428024,-0.11857999999999991,0.04948599999999992,-0.921979,0.16799700000000017,-0.07469300000000001,-0.920313,0.2865770000000001,0.12417899999999993,0.0016659999999999453,0.9956003519718586,0.9811861063886329,0.9811861063886329,0.004399648028141412,0.018813893611367094,-0.920313
13,0.054167,walk,1.136357,0.789951,0.966219,0.027416,0.00614,-0.4568,0.00023998080156942131,0.0047996160306957025,-0.0007199424046016911,0.0027257963328724414,0.000629708292917171,0.027521612801692498,-0.0014398848092033823,-0.0002399808015161349,-0.0011999040076789212,-0.00023998080156942131,-0.0004799616030855562,-0.0002399808015361173,-0.118587,0.04946500000000009,-0.921981,0.1679949999999999,-0.07471499999999998,-0.9203110000000001,0.2865819999999999,0.12418000000000007,0.0016699999999999493,0.9968506487985112,0.9823202824802466,0.9823202824802466,0.003149351201488848,0.01767971751975339,-0.9203110000000001
14,0.058333,walk,1.136361,0.789987,0.966211,0.027469,0.006157,-0.456795,0.0009601536245542427,0.00864138262122803,-0.0019203072491617847,-0.018880164248365056,-0.018945091763582497,-0.002066720332224281,0.0,0.0016802688430098993,0.0014402304368696728,0.0014402304368580138,0.000480076812303771,-0.0012001920307244498,-0.11859099999999989,0.049436000000000035,-0.9219670000000001,0.16799699999999995,-0.07474899999999995,-0.920308,0.28658799999999984,0.12418499999999999,0.001659000000000077,0.9963115920718209,0.9801845808336235,0.9801845808336235,0.0036884079281791493,0.019815419166376524,-0.920308
15,0.0625,walk,1.13636,0.790013,0.966217,0.027442,0.006173,-0.456821,-0.0002399808015161349,0.006239500839925728,0.0014398848092033823,0.014795018077777092,-0.000601027756993693,0.01401707066748338,-0.00023998080156942131,0.0002399808015161349,0.0009599232061444692,-0.0011999040076339609,0.00047996160305891297,0.0021598272138233904,-0.11859100000000011,0.04941099999999998,-0.921969,0.16799300000000006,-0.07477299999999998,-0.920305,0.28658400000000017,0.12418399999999996,0.0016639999999999988,0.998303079478787,0.9791651001993429,0.9791651001993429,0.0016969205212129523,0.020834899800657114,-0.920305
16,0.066667,walk,1.136371,0.790052,0.966213,0.027375,0.006159,-0.4569,0.002639788816890625,0.009359251259901898,-0.0009599232061444676,0.024774297908427584,0.021589528830195187,0.04227763198770108,0.0009599232061711108,-0.0009599232061178244,-0.0002399808015361169,0.00047996160303226897,-0.0004799616030589122,-0.0011999040076789193,-0.11859799999999998,0.04936800000000008,-0.921966,0.1679839999999999,-0.07481399999999994,-0.920306,0.2865819999999999,0.12418200000000001,0.0016599999999999948,0.9977023587526823,0.9811023587527157,0.9811023587527157,0.0022976412473176833,0.018897641247284325,-0.920306
17,0.070833,walk,1.136372,0.790084,0.966214,0.027382,0.006187,-0.456934,0.00024003840612523667,0.007681228996647164,0.00024003840615188627,0.0028168621115429756,-0.013092911286586472,0.01880757028510094,-0.0012001920307327819,-0.00048007681230377255,0.00024003840614522388,0.0009601536246075451,0.0012001920307061322,-0.00024003840614522388,-0.11860399999999993,0.04933399999999999,-0.9219660000000001,0.1679870000000001,-0.07484100000000005,-0.920308,0.28659100000000004,0.12417500000000004,0.0016580000000000483,0.9978087591714263,0.9808272888868544,0.9808272888868544,0.002191240828573693,0.019172711113145557,-0.920308
18,0.075,walk,1.13637,0.790113,0.96621,0.027381,0.006197,-0.456943,-0.00047996160303226897,0.006959443244527408,-0.0009599232061444676,0.002540526868085654,-0.003941420054437275,0.004852056301139158,-0.00023998080151613449,-0.0002399808015427777,-0.0009599232061444676,-0.0019198464122889352,0.0,0.0002399808015361169,-0.11860300000000001,0.049304000000000014,-0.9219660000000001,0.16798099999999994,-0.07486999999999999,-0.920303,0.28658399999999995,0.124174,0.001663000000000081,0.9983030794787975,0.9801453548722876,0.9801453548722876,0.0016969205212025162,0.0198546451277124,-0.920303
19,0.079167,walk,1.136359,0.790153,0.966211,0.02725,0.006167,-0.456967,-0.0026397888169439115,0.009599232061444677,0.0002399808015427777,0.049143192222102575,0.04182321111485877,0.011990969145524047,0.0014398848092033799,0.0002399808015427777,-0.0014398848092150361,0.0,0.0007199424046283331,-0.0004799616030722338,-0.11858599999999986,0.049265,-0.921973,0.16799200000000014,-0.07490699999999995,-0.9203060000000001,0.286578,0.12417199999999995,0.001666999999999974,0.9965826718881348,0.9818878948581966,0.9818878948581966,0.0034173281118652366,0.018112105141803392,-0.9203060000000001
20,0.083333,walk,1.136367,0.790183,0.96621,0.027278,0.006177,-0.456986,0.0019203072491617847,0.0072011521843433676,-0.0002400384061518855,-0.009957037638689673,-0.010194723627216276,0.010570481123219502,0.0014402304368580138,0.000480076812303771,0.0002400384061452231,-0.0002400384061785351,-0.0002400384061518855,-0.0004800768122904462,-0.11858799999999992,0.049237000000000086,-0.921971,0.167983,-0.07493799999999995,-0.920307,0.2865709999999999,0.12417500000000004,0.0016639999999999988,0.9974383404395085,0.9823800473104283,0.9823800473104283,0.0025616595604914805,0.017619952689571727,-0.920307
21,0.0875,walk,1.136358,0.790204,0.966216,0.027231,0.006154,-0.457012,-0.002159827213805077,0.005039596832265132,0.0014398848092033846,0.014776093820320394,0.02042776150638978,0.013564506694371162,0.0019198464122889415,-0.0016798656107728062,-0.0004799616030722354,-0.00023998080151613527,-0.0009599232061444707,-0.0011999040076789234,-0.11857099999999998,0.04920899999999995,-0.921979,0.167991,-0.074963,-0.920318,0.286562,0.12417199999999995,0.0016610000000000236,0.9956736845746513,0.9807979110877545,0.9807979110877545,0.00432631542534867,0.019202088912245507,-0.920318
22,0.091667,walk,1.136358,0.79023,0.966213,0.027214,0.006141,-0.457029,0.0,0.006239500839925718,-0.0007199424046016899,0.004247542863904176,0.009474534645593502,0.008888933258328569,0.0,0.0007199424046283331,0.0007199424046083507,-0.0007199424046016899,0.0009599232061444676,0.0023998080153578385,-0.11857099999999998,0.04918600000000006,-0.9219729999999999,0.16798800000000003,-0.07498499999999997,-0.920305,0.286559,0.12417100000000003,0.0016679999999998918,0.9983030794787687,0.9788482217872609,0.9788482217872609,0.001696920521231271,0.02115177821273906,-0.920305
23,0.095833,walk,1.136341,0.790265,0.966221,0.027136,0.006152,-0.457085,-0.0040806529044488055,0.008401344215076146,0.0019203072491617847,0.03519872334265051,0.013074134509187076,0.029978819609633556,0.0009601536245542427,0.00048007681227712134,-0.0007201152184356692,0.000480076812303771,0.0007201152184290069,-0.0021603456553036765,-0.11855000000000016,0.049153,-0.921984,0.16800700000000002,-0.075017,-0.920322,0.2865570000000002,0.12417,0.0016620000000000523,0.9978455893714847,0.979501235511749,0.979501235511749,0.002154410628515291,0.020498764488251053,-0.920322
24,0.1,walk,1.136341,0.790291,0.966221,0.027158,0.006162,-0.45711,0.0,0.006239500839925718,0.0,-0.007449285683415138,-0.00880896286199752,0.013803647672027254,-0.001199904007633959,0.0,0.0009599232061444676,-0.0004799616030855554,-0.0002399808015427777,0.001679865610751153,-0.11855499999999997,0.04912700000000003,-0.92198,0.16800499999999996,-0.075044,-0.920315,0.2865599999999999,0.12417100000000003,0.0016650000000000276,0.9974389551886699,0.980410847440857,0.980410847440857,0.0025610448113301265,0.019589152559142953,-0.920315
25,0.104167,walk,1.13634,0.790324,0.966212,0.027122,0.00618,-0.457129,-0.00023998080156942172,0.007919366450698545,-0.00215982721383172,0.019148874341308728,0.0004421087040603466,0.010203047810259125,0.0007199424046016923,0.0002399808015427785,-0.0002399808015361177,-0.000479961603085557,0.000479961603085557,0.0007199424046066879,-0.11855099999999985,0.049095,-0.921972,0.16800400000000004,-0.075075,-0.920303,0.2865549999999999,0.12417,0.0016690000000000316,0.9986734562073667,0.9816608896785575,0.9816608896785575,0.0013265437926333057,0.01833911032144253,-0.920303
26,0.108333,walk,1.136327,0.790352,0.966212,0.027081,0.006169,-0.457144,-0.003120499279841263,0.006721075372066247,0.0,0.014947964724191371,0.013866761472135702,0.007916187755743018,0.0009601536245542427,0.0002400384061518855,0.0,0.0002400384061785351,0.0002400384061518855,-0.0004800768122887806,-0.11853400000000014,0.049068,-0.921972,0.168018,-0.075102,-0.9203049999999999,0.28655200000000014,0.12417,0.001667000000000085,0.9983504938288044,0.9823500473104305,0.9823500473104305,0.001649506171195636,0.01764995268956948,-0.9203049999999999
27,0.1125,walk,1.13633,0.790384,0.966218,0.02709,0.006184,-0.457176,0.0007199424046016899,0.007679385649129097,0.001439884809230023,-0.0008645336908056179,-0.008009100786456736,0.017551633731353565,0.0007199424046016899,-0.0009599232061444676,0.0,-0.0009599232061711108,0.001199904007660602,-0.0002399808015361169,-0.11853400000000014,0.049032000000000076,-0.921978,0.1680109999999999,-0.075129,-0.920312,0.28654500000000005,0.12416100000000008,0.0016659999999999453,0.9980001599872057,0.9807479110877455,0.9807479110877455,0.001999840012794296,0.019252088912254495,-0.920312
28,0.116667,walk,1.136325,0.790412,0.966214,0.027078,0.006157,-0.457177,-0.0011999040076872453,0.006719462443011273,-0.0009599232061444676,-0.0008075988734715502,0.014165894137554784,0.00011121671937514028,-0.00047996160303226897,0.001199904007660602,0.0004799616030705686,0.0007199424046016899,-0.0009599232061444676,-0.0011999040076805846,-0.11853099999999994,0.04900899999999997,-0.921972,0.16801899999999992,-0.07516100000000003,-0.920313,0.28654999999999986,0.12417,0.001658999999999966,0.9977023587527354,0.9805817991313253,0.9805817991313253,0.0022976412472646146,0.01941820086867474,-0.920313
29,0.120833,walk,1.136326,0.790443,0.966215,0.027067,0.006195,-0.457203,0.00024003840612523667,0.007441190590495278,0.00024003840615188627,0.012788761304432314,-0.013503053132066607,0.014475507204337018,0.00048007681225047333,-0.0009601536245808955,-0.00024003840614355827,-0.00048007681230377255,0.0012001920307327819,0.0012001920307261194,-0.11853000000000002,0.04897399999999996,-0.9219740000000001,0.16801599999999994,-0.075187,-0.920309,0.28654599999999997,0.12416099999999997,0.0016650000000000276,0.9981666763902679,0.9804101419313527,0.9804101419313527,0.001833323609732096,0.019589858068647326,-0.920309
30,0.125,walk,1.13632,0.790477,0.966213,0.027014,0.006153,-0.457237,-0.0014398848092033799,0.008159347252214653,-0.0004799616030855554,0.013087117611623077,0.029943813892137836,0.017629160418772456,-0.002399808015321204,0.0,-0.0002399808015361169,-0.00047996160303226897,0.0,-0.0002399808015361169,-0.11853399999999992,0.048939999999999984,-0.9219729999999999,0.16802000000000006,-0.07522099999999998,-0.920308,0.286554,0.12416099999999997,0.0016649999999999165,0.9959803713219082,0.9824556443575101,0.9824556443575101,0.004019628678091802,0.017544355642489906,-0.920308
31,0.129167,walk,1.136319,0.790512,0.966215,0.027013,0.006178,-0.457269,-0.00023998080151613449,0.00839932805375743,0.0004799616030855554,0.0055981342185767585,-0.010081956596179838,0.01771047532890328,0.0007199424046016899,0.0002399808015427777,0.0007199424046066855,0.00023998080151613449,0.0,-0.001679865610751153,-0.11853000000000002,0.048906000000000005,-0.921972,0.1680219999999999,-0.07525599999999999,-0.920317,0.2865519999999999,0.124162,0.001654999999999962,0.9982565798961973,0.9806217991313279,0.9806217991313279,0.0017434201038026842,0.019378200868672146,-0.920317
32,0.133333,walk,1.136274,0.790543,0.966166,0.027041,0.006,-0.457302,-0.010801728276541701,0.007441190590495253,-0.011761881901122593,-0.051329386272233817,0.07019328781100953,0.015203356531247474,0.0,0.000480076812303771,-0.0004800768122887806,-0.000480076812303771,0.0007201152184290069,0.0002400384061452231,-0.11848499999999995,0.04887700000000006,-0.921925,0.1680649999999999,-0.07528400000000002,-0.920267,0.28654999999999986,0.12416100000000008,0.0016580000000000483,0.9988684481017829,0.9819230975408926,0.9819230975408926,0.0011315518982171202,0.018076902459107425,-0.920267
33,0.1375,walk,1.136266,0.790574,0.966172,0.026976,0.005982,-0.457325,-0.0019198464122889352,0.0074394048476129635,0.001439884809230023,0.023584048986616177,0.022215706438054754,0.011960896625007785,0.0007199424046016899,-0.0011999040076872453,-0.0004799616030722338,0.0,0.0002399808015427777,0.0011999040076789193,-0.11847399999999997,0.04884100000000002,-0.921933,0.16807299999999992,-0.07531399999999999,-0.9202680000000001,0.2865469999999999,0.12415500000000002,0.0016649999999999165,0.9975344316442748,0.9813105553501333,0.9813105553501333,0.0024655683557252006,0.01868944464986666,-0.9202680000000001
34,0.141667,walk,1.136262,0.79061,0.966161,0.027031,0.005962,-0.457356,-0.0009599232061178308,0.008639308855300266,-0.0026397888168906425,-0.028163372565296472,-0.003187383398164627,0.016539940777068943,0.0016798656107195255,-0.0004799616030855586,0.0016798656107511643,0.0007199424046016947,-0.0004799616030855586,-0.0009599232061428088,-0.11846300000000021,0.04880299999999993,-0.921915,0.16807999999999979,-0.07535200000000009,-0.920261,0.286543,0.12415500000000002,0.0016540000000000443,0.9959605211829925,0.9813061063886329,0.9813061063886329,0.0040394788170075024,0.018693893611367085,-0.920261
35,0.145833,walk,1.13625,0.790639,0.966161,0.026976,0.005945,-0.457361,-0.0028804608737693265,0.006961113778191482,0.0,0.019709560193056495,0.01939235046221373,0.0022899678621674897,-0.00048007681225047176,-0.00048007681227712134,-0.0007201152184356692,-0.00024003840612523588,0.000480076812303771,0.0,-0.11845299999999992,0.04877200000000004,-0.921918,0.168091,-0.07537899999999997,-0.920261,0.2865439999999999,0.12415100000000001,0.0016570000000000196,0.998350493828807,0.9825354296777427,0.9825354296777427,0.0016495061711929715,0.017464570322257345,-0.920261
36,0.15,walk,1.136244,0.79067,0.966161,0.026976,0.005941,-0.45738,-0.0014398848092033799,0.0074394048476129635,0.0,-0.0010617516054674209,0.0019239274545848968,0.010249051373528235,0.0011999040076872453,0.0016798656107461574,0.0007199424046083507,0.00023998080151613449,-0.0009599232061444676,-0.0009599232061444676,-0.11844199999999994,0.048748000000000014,-0.921915,0.16809799999999986,-0.07541399999999998,-0.920265,0.2865399999999998,0.124162,0.0016500000000000403,0.9963561180788948,0.9812023587526881,0.9812023587526881,0.0036438819211052076,0.01879764124731187,-0.920265
37,0.154167,walk,1.136243,0.790695,0.966149,0.027052,0.005937,-0.457377,-0.00023998080156942094,0.005999520038409583,-0.002879769618433403,-0.03329189998904292,-0.015016286568800167,-0.0015483298704202968,-0.0004799616030855554,-0.0002399808015427777,-0.0002399808015361169,-0.0007199424046016899,0.0016798656107461574,0.0002399808015361169,-0.11844299999999985,0.04872199999999993,-0.9219040000000001,0.16809600000000002,-0.07543200000000005,-0.9202520000000001,0.2865389999999999,0.12415399999999999,0.0016519999999999868,0.9990202824802646,0.9804077874778657,0.9804077874778657,0.000979717519735357,0.019592212522134278,-0.9202520000000001
38,0.158333,walk,1.136244,0.790725,0.966148,0.027068,0.005957,-0.457419,0.0002400384061785351,0.0072011521843433676,-0.0002400384061518855,-0.002854287478686479,-0.011567563230982358,0.023186305040389186,0.0007201152184290069,-0.0007201152184290069,0.0014402304368696728,0.000480076812303771,0.000480076812303771,0.0004800768122904462,-0.11844100000000002,0.04868899999999998,-0.921897,0.16809699999999994,-0.07545999999999997,-0.920249,0.28653799999999996,0.12414899999999995,0.0016479999999999828,0.9970601419313776,0.9821341376159364,0.9821341376159364,0.002939858068622403,0.017865862384063624,-0.920249
39,0.1625,walk,1.136222,0.79076,0.966156,0.026966,0.005915,-0.457433,-0.00527957763378125,0.00839932805375743,0.0019198464122889352,0.03420029545324982,0.04048107220872919,0.0065965484956782006,-0.0019198464122889352,0.0011999040076872453,-0.0011999040076789193,-0.0011999040076872453,0.0,0.0004799616030705686,-0.11842700000000006,0.04865900000000001,-0.92191,0.16811399999999987,-0.07549499999999998,-0.920255,0.28654099999999993,0.12415399999999999,0.001654999999999962,0.9957295103383522,0.9812961063886237,0.9812961063886237,0.0042704896616477805,0.018703893611376254,-0.920255
40,0.166667,walk,1.136205,0.790792,0.966154,0.027015,0.005898,-0.457373,-0.004079673626147291,0.007679385649155741,-0.0004799616030855554,-0.024077002001870216,-0.004197204262281725,-0.03254147870564598,0.0023998080153744905,0.0009599232061444676,0.002159827213823387,0.00023998080156942094,-0.0009599232061444676,0.0002399808015361169,-0.11839999999999984,0.04863099999999998,-0.9218989999999999,0.16813200000000017,-0.07553100000000001,-0.920252,0.286532,0.124162,0.001646999999999954,0.9943861815664077,0.9818330794787793,0.9818330794787793,0.005613818433592321,0.01816692052122071,-0.920252
41,0.170833,walk,1.13621,0.790813,0.966122,0.027055,0.005809,-0.457337,0.0012001920307327777,0.005040806529029698,-0.007681228996620489,-0.036275268854737,0.028778635579744822,-0.020581555962860727,-0.0002400384061785351,-0.000480076812303771,-0.0007201152184356692,-0.0002400384061785351,0.0007201152184290069,0.0004800768122904462,-0.11840600000000001,0.048607999999999985,-0.9218700000000001,0.168126,-0.07554899999999998,-0.920218,0.286532,0.12415699999999996,0.0016520000000000978,0.9985030975408687,0.9819830975408896,0.9819830975408896,0.0014969024591312552,0.018016902459110362,-0.920218
42,0.175,walk,1.136204,0.790841,0.966123,0.027068,0.0058,-0.457343,-0.0014398848092033894,0.0067194624430113176,0.00023998080151613608,-0.007577278905306914,0.0010555735786368385,0.00306511773109267,0.0007199424046016947,-0.00023998080151613608,0.0007199424046083555,0.0,0.000959923206144474,-0.0007199424046083555,-0.11839700000000009,0.04857900000000004,-0.9218679999999999,0.16813199999999995,-0.075573,-0.920222,0.28652900000000003,0.12415200000000004,0.0016459999999999253,0.9982565798962055,0.9815401599871991,0.9815401599871991,0.0017434201037944685,0.018459840012800877,-0.920222
43,0.179167,walk,1.136193,0.790866,0.966121,0.027066,0.005795,-0.457364,-0.002639788816890625,0.00599952003838294,-0.0004799616030589122,-0.000445664639326943,0.002814307380982812,0.011314170684212291,-0.00047996160303226897,0.0,0.0,0.0,-0.001439884809230023,0.0,-0.11838799999999994,0.0485540000000001,-0.921866,0.16814299999999993,-0.075604,-0.92022,0.28653099999999987,0.1241580000000001,0.0016459999999999253,0.9992000639949462,0.9811401919846168,0.9811401919846168,0.0007999360050537918,0.018859808015383228,-0.92022
44,0.183333,walk,1.136176,0.790896,0.966141,0.026766,0.005772,-0.457381,-0.0040806529044488055,0.007201152184370017,0.004800768122904461,0.12291732766561275,0.07590630675705518,0.007789924995656915,-0.0002400384061785351,0.00048007681227712134,0.0007201152184340036,0.0007201152184290069,0.000480076812303771,-0.0002400384061435575,-0.11837200000000014,0.04852599999999996,-0.921883,0.16816299999999984,-0.07563200000000003,-0.920241,0.286535,0.12415799999999999,0.0016420000000000323,0.9985030975408947,0.9820830975408932,0.9820830975408932,0.001496902459105276,0.01791690245910682,-0.920241
45,0.1875,walk,1.136164,0.790926,0.966138,0.026792,0.005783,-0.457397,-0.002879769618460046,0.007199424046070185,-0.0007199424046016899,-0.008837117275469169,-0.01021979486501386,0.00887082882743876,0.0007199424046016899,-0.0002399808015427777,0.001679865610751153,-0.00023998080151613449,0.0007199424046016899,0.0004799616030705686,-0.11835700000000005,0.048494999999999955,-0.921873,0.16817400000000005,-0.07565900000000003,-0.920236,0.2865310000000001,0.12415399999999999,0.0016369999999999996,0.9969277874778566,0.9821334567687667,0.9821334567687667,0.0030722125221434027,0.017866543231233267,-0.920236
46,0.191667,walk,1.136113,0.790955,0.966109,0.026781,0.005648,-0.457456,-0.012239020878335302,0.006959443244527408,-0.006959443244554051,-0.0254809322017204,0.06068528598043141,0.029830942464612913,-0.0007199424046016899,0.0002399808015427777,-0.0004799616030722338,0.0004799616030855554,-0.0011999040076872453,-0.0011999040076789193,-0.118309,0.04846700000000004,-0.9218459999999999,0.16822700000000013,-0.07569300000000001,-0.920212,0.2865360000000001,0.12416000000000005,0.0016339999999999133,0.9985034567687534,0.9807208474408502,0.9807208474408502,0.0014965432312465943,0.019279152559149804,-0.920212
47,0.195833,walk,1.136098,0.790986,0.966112,0.02676,0.005666,-0.457486,-0.003600576092145034,0.007441190590495253,0.0007201152184290069,0.01263950214836627,-0.002723625434054372,0.01638350200262673,0.0016802688430365487,-0.0007201152184290069,-0.0002400384061435575,-0.000960153624607542,0.0009601536245808924,-0.0004800768122904462,-0.11828700000000003,0.04843300000000006,-0.92185,0.1682379999999999,-0.07572000000000001,-0.920217,0.2865249999999999,0.12415300000000007,0.0016329999999999956,0.9969270500288284,0.9812696159385181,0.9812696159385181,0.003072949971171579,0.018730384061481864,-0.920217
48,0.2,walk,1.136082,0.791009,0.966117,0.026714,0.005659,-0.457502,-0.0038396928245778704,0.005519558435324028,0.0011999040076872453,0.017952601633927284,0.013273065297918971,0.008397627794708198,-0.0004799616030855554,0.0002399808015427777,-0.0011999040076805846,0.0004799616030855554,0.0009599232061444676,0.0002399808015361169,-0.11827300000000007,0.04841100000000009,-0.92186,0.16825599999999996,-0.075739,-0.920221,0.28652900000000003,0.1241500000000001,0.001639000000000057,0.9978092850271648,0.9817771163526979,0.9817771163526979,0.002190714972835184,0.01822288364730207,-0.920221
49,0.204167,walk,1.136072,0.791033,0.966123,0.026696,0.005662,-0.457532,-0.0023998080153745066,0.005759539236866844,0.0014398848092033894,0.008063467923371854,0.0030166579195141344,0.016178650772381016,0.0007199424046016947,0.0007199424046016947,0.00239980801535952,-0.0007199424046016947,-0.00023998080151613608,0.000959923206144474,-0.11826000000000003,0.048390000000000044,-0.921856,0.16826300000000005,-0.07576399999999994,-0.9202229999999999,0.2865230000000001,0.12415399999999999,0.0016330000000001066,0.9956552353846935,0.9816305553501459,0.9816305553501459,0.004344764615306529,0.018369444649854128,-0.9202229999999999
50,0.208333,walk,1.136035,0.791072,0.966112,0.026808,0.005624,-0.457634,-0.008881421027379916,0.009361497839657038,-0.0026404224675907915,-0.05712986212801648,-0.007232004084771623,0.055030361584876085,-0.00048007681225047176,-0.0007201152184290069,-0.001920307249160119,-0.00024003840612523588,-0.000480076812303771,-0.0012001920307261153,-0.1182249999999998,0.04834800000000006,-0.9218529999999999,0.1682990000000002,-0.07580500000000001,-0.920217,0.286524,0.12415300000000007,0.0016359999999999708,0.9964894525574703,0.9814487591714426,0.9814487591714426,0.0035105474425296546,0.018551240828557414,-0.920217
51,0.2125,walk,1.136053,0.791115,0.966135,0.026743,0.005715,-0.457613,0.0043196544276634255,0.010319174466046365,0.005519558435324028,0.047937611860206265,-0.024774180881310393,-0.010466638463208276,0.001199904007633959,0.0016798656107461574,-0.0002399808015361169,0.00023998080151613449,0.0002399808015427777,-0.0007199424046066855,-0.11823800000000007,0.04831200000000002,-0.921877,0.16828200000000004,-0.075847,-0.9202429999999999,0.2865200000000001,0.12415900000000002,0.0016340000000000243,0.9965361754908734,0.9823334562073691,0.9823334562073691,0.003463824509126634,0.017666543792630884,-0.9202429999999999
52,0.216667,walk,1.136015,0.791151,0.966133,0.026791,0.005703,-0.457702,-0.00911927045835912,0.00863930885530021,-0.0004799616030589122,-0.02397060893554404,-0.004413174376865064,0.04822044092910886,-0.00047996160303226897,-0.0011999040076872453,0.0,0.0,0.0,0.0021598272138217216,-0.11820199999999992,0.04827099999999995,-0.921875,0.16832000000000003,-0.07588300000000003,-0.920232,0.28652199999999994,0.12415399999999999,0.00164299999999995,0.9978461063886475,0.9799702879769638,0.9799702879769638,0.002153893611352542,0.02002971202303616,-0.920232
53,0.220833,walk,1.136002,0.791172,0.966138,0.02678,0.005677,-0.457749,-0.0031204992798945625,0.005040806529029698,0.0012001920307327777,-0.0014445388772987618,0.014051129337418809,0.024801459162064388,0.0009601536245542427,0.0002400384061518855,-0.0002400384061452231,-0.0012001920307327777,0.0012001920307327777,-0.0004800768122887806,-0.11818499999999998,0.048251000000000044,-0.9218810000000001,0.16832800000000003,-0.07589899999999994,-0.920239,0.286513,0.12414999999999998,0.0016420000000000323,0.9983026721527343,0.9806401419313518,0.9806401419313518,0.0016973278472657283,0.01935985806864815,-0.920239
54,0.225,walk,1.135983,0.791195,0.966136,0.026818,0.005672,-0.457775,-0.00455963522917956,0.005519558435324028,-0.0004799616030855554,-0.017570020613104344,-0.005922745711689083,0.01421731598675016,-0.0004799616030855554,0.0009599232061444676,0.0007199424046083507,0.0011999040076872453,-0.0009599232061444676,-0.001679865610751153,-0.11816800000000005,0.04823200000000005,-0.921876,0.16835200000000006,-0.07592599999999994,-0.920244,0.2865200000000001,0.12415799999999999,0.0016320000000000778,0.9978461063886247,0.9798855703621614,0.9798855703621614,0.0021538936113753016,0.020114429637838604,-0.920244
55,0.229167,walk,1.135965,0.791222,0.966139,0.026765,0.005663,-0.457776,-0.0043196544276634255,0.006479481641468495,0.0007199424046016899,0.020650910889802313,0.015501819596071184,1.5526277520988676e-05,-0.00023998080151613449,-0.0007199424046283331,-0.0011999040076789193,-0.0004799616030855554,0.0009599232061444676,0.001679865610751153,-0.1181509999999999,0.04820199999999997,-0.9218839999999999,0.16836800000000007,-0.07594899999999993,-0.92024,0.28651899999999997,0.1241509999999999,0.0016439999999999788,0.997633757386158,0.9802376162455269,0.9802376162455269,0.0023662426138419956,0.019762383754473145,-0.92024
56,0.233333,walk,1.135945,0.791269,0.966111,0.026971,0.005658,-0.457797,-0.004800768122877812,0.011281805088818823,-0.006721075372039597,-0.08925777326775225,-0.04291538920066553,0.012070742173268409,0.00024003840612523588,0.0014402304368846632,0.001680268843014896,0.0002400384061785351,0.0,0.0002400384061452231,-0.11813000000000007,0.04816100000000001,-0.921849,0.16838900000000012,-0.07599599999999995,-0.920211,0.2865190000000002,0.12415699999999996,0.0016380000000000283,0.9962899589952285,0.9830542240508591,0.9830542240508591,0.0037100410047714583,0.01694577594914093,-0.920211
57,0.2375,walk,1.135925,0.791292,0.966112,0.026948,0.005647,-0.457803,-0.004799616030695727,0.005519558435324065,0.00023998080151613608,0.007337585164716983,0.009814786932302196,0.0031382877776069545,0.0,0.0,0.0004799616030705718,-0.0004799616030855586,-0.0007199424046283379,-0.0021598272138234013,-0.11811000000000016,0.048138000000000014,-0.921848,0.16840699999999997,-0.07602200000000003,-0.920221,0.28651700000000013,0.12416000000000005,0.001627000000000045,0.9992000639948824,0.9798521663407435,0.9798521663407435,0.0007999360051176296,0.020147833659256542,-0.920221
58,0.241667,walk,1.135893,0.79133,0.966101,0.027089,0.005642,-0.45788,-0.007679385649155741,0.00911927045835912,-0.002639788816890625,-0.062013924409190235,-0.027972443671889197,0.04206224318853118,-0.0007199424046016899,-0.0009599232061444676,-0.0004799616030705686,-0.00023998080156942094,-0.0004799616030589122,-0.0004799616030722338,-0.1180810000000001,0.04809600000000003,-0.921839,0.16843799999999987,-0.07606199999999996,-0.920212,0.28651899999999997,0.12415799999999999,0.001626999999999934,0.9978461063886401,0.9825300959923158,0.9825300959923158,0.0021538936113598695,0.017469904007684223,-0.920212
59,0.245833,walk,1.135875,0.791356,0.966098,0.027108,0.005629,-0.457909,-0.0043206913106273405,0.006240998559762475,-0.0007201152184290069,-0.011236424775828783,0.0017056219041010816,0.015447794460137646,-0.00024003840612523588,0.0016802688430098993,-0.0004800768122904462,-0.00024003840612523588,0.00048007681227712134,0.0004800768122904462,-0.11806399999999995,0.048077000000000036,-0.921838,0.16845500000000002,-0.07608599999999999,-0.920207,0.28651899999999997,0.12416300000000002,0.001631000000000049,0.9970601419313814,0.9824898079692999,0.9824898079692999,0.002939858068618628,0.017510192030700145,-0.920207
60,0.25,walk,1.135853,0.791381,0.966108,0.027073,0.00564,-0.45795,-0.00527957763378125,0.005999520038409583,0.0023998080153478474,0.01697332192429895,0.0034803994126705266,0.022118863957134936,0.00023998080151613449,-0.0011999040076872453,0.0004799616030722338,0.0009599232061711108,-0.00023998080151613449,0.0,-0.11804100000000006,0.04804699999999995,-0.9218459999999999,0.1684810000000001,-0.07611199999999996,-0.920217,0.28652200000000017,0.12415899999999991,0.0016289999999999916,0.9978092850271709,0.9820608896785421,0.9820608896785421,0.0021907149728290776,0.017939110321457896,-0.920217
61,0.254167,walk,1.135836,0.791407,0.966094,0.027079,0.005635,-0.457952,-0.004079673626094032,0.006239500839925759,-0.0033597312214923374,-0.003676211122260574,0.0008368345730588596,0.000991523694386476,0.0004799616030855586,0.0007199424046283379,0.0011999040076789273,0.0007199424046016947,0.00023998080151613608,-0.0002399808015361185,-0.11802200000000007,0.04802400000000007,-0.921827,0.168501,-0.07613700000000001,-0.920204,0.2865230000000001,0.12416100000000008,0.00162299999999993,0.9975344316442571,0.98244345620738,0.98244345620738,0.002465568355742853,0.01755654379261995,-0.920204
62,0.258333,walk,1.135814,0.791431,0.966103,0.027025,0.005648,-0.458002,-0.005280844935181583,0.005760921747485354,0.0021603456553136702,0.02543263668795994,0.006908963110148301,0.02713992307532848,-0.0009601536245542427,0.0,0.0,0.0016802688429832496,-0.0016802688430098993,0.0002400384061452231,-0.118004,0.04800000000000004,-0.9218360000000001,0.16852999999999985,-0.07616800000000001,-0.920212,0.28653399999999984,0.12416800000000006,0.0016240000000000698,0.9983997439590763,0.9797794133577535,0.9797794133577535,0.001600256040923731,0.020220586642246463,-0.920212
63,0.2625,walk,1.135787,0.791456,0.966104,0.027005,0.005662,-0.45804,-0.006479481641468453,0.005999520038409543,0.00023998080151613289,0.011257202301800993,-0.0011325323766928044,0.020617809441111908,0.0014398848092033701,0.0,0.0002399808015361153,0.0004799616030855522,-0.000479961603058909,-0.0009599232061444612,-0.11797100000000005,0.04797499999999999,-0.921836,0.1685589999999999,-0.07619500000000001,-0.920217,0.28652999999999995,0.12417,0.001619000000000037,0.9975670896207305,0.9818505649605748,0.9818505649605748,0.002432910379269515,0.018149435039425232,-0.920217
64,0.266667,walk,1.135767,0.791479,0.966113,0.026955,0.005688,-0.458083,-0.004799616030749013,0.005519558435324065,0.002159827213831727,0.02664922152438236,0.00040472067053428886,0.023426795742380477,0.00047996160303227217,0.00023998080151613608,0.0004799616030705718,0.0009599232061178308,0.00023998080151613608,0.0002399808015361185,-0.11794900000000008,0.04795299999999991,-0.921843,0.16858299999999993,-0.07621700000000009,-0.920225,0.286532,0.12417,0.0016180000000000083,0.9988000959923768,0.982123079478842,0.982123079478842,0.0011999040076231537,0.01787692052115797,-0.920225
65,0.270833,walk,1.135733,0.791507,0.966112,0.026933,0.005678,-0.458107,-0.008161305808897611,0.006721075372039597,-0.0002400384061518855,0.006976841078954543,0.009384062405820006,0.012586688599840698,0.000480076812303771,0.000480076812303771,-0.0004800768122887806,0.0012001920307327777,0.0016802688430365487,0.0024003840614505653,-0.11791300000000016,0.04792700000000005,-0.921844,0.16862199999999983,-0.07623799999999992,-0.920214,0.286535,0.12416499999999997,0.0016300000000000203,0.9986141376159381,0.978422793263588,0.978422793263588,0.0013858623840619089,0.021577206736411947,-0.920214
66,0.275,walk,1.135705,0.791523,0.966123,0.026917,0.005697,-0.458155,-0.006719462443037872,0.003839692824577845,0.0026397888168906074,0.010546534144575768,-0.004031871604131233,0.026254796104871667,0.0004799616030855522,0.0,0.0002399808015361153,-0.00023998080151613289,-0.0004799616030855522,-0.006239500839932337,-0.11788299999999996,0.04791100000000004,-0.921854,0.16864900000000005,-0.07625599999999999,-0.9202509999999999,0.286532,0.12416700000000003,0.001603000000000021,0.9991056443574308,0.9735324443238944,0.9735324443238944,0.0008943556425692334,0.026467555676105592,-0.9202509999999999
67,0.279167,walk,1.135675,0.791543,0.966131,0.026896,0.005722,-0.45818,-0.007199424046070233,0.0047996160307223696,0.001919846412288948,0.014228856432814622,-0.005752502133702627,0.013679664975835091,0.001919846412288948,-0.0007199424046016947,0.0004799616030705718,0.00023998080151613608,-0.000959923206144474,-0.0031197504199678753,-0.11784499999999998,0.04788800000000004,-0.92186,0.16867999999999994,-0.07628000000000001,-0.920272,0.2865249999999999,0.12416800000000006,0.0015880000000000338,0.9964902950214423,0.9786651637081086,0.9786651637081086,0.0035097049785577372,0.021334836291891368,-0.920272
68,0.283333,walk,1.135647,0.791555,0.966135,0.026907,0.005754,-0.458232,-0.006721075372039597,0.002880460873742677,0.0009601536245808924,0.0018556162696778957,-0.015470839690822613,0.02850078630607446,0.0043206913106273405,0.0016802688430098993,-0.0028804608737393457,0.000960153624607542,-0.0019203072491617847,-0.0004800768122887806,-0.11779899999999999,0.04788300000000001,-0.9218759999999999,0.16871199999999997,-0.07630000000000003,-0.9202779999999999,0.28651099999999996,0.12418300000000004,0.0015979999999999883,0.9909034909578113,0.9803533527804578,0.9803533527804578,0.009096509042188727,0.019646647219542235,-0.9202779999999999
69,0.2875,walk,1.13561,0.791565,0.966142,0.026927,0.005755,-0.458263,-0.008879289656843046,0.0023998080153478634,0.0016798656107461687,-0.008613244790104483,-0.004471679940043259,0.01691498787543748,-0.0007199424046016947,0.0,0.0011999040076789273,0.0014398848092033894,0.0002399808015427793,0.0014398848092150459,-0.1177649999999999,0.047873000000000054,-0.921878,0.168755,-0.07630899999999996,-0.920279,0.2865199999999999,0.12418200000000001,0.001599000000000017,0.9976678058176023,0.9805926718881347,0.9805926718881347,0.0023321941823977177,0.019407328111865296,-0.920279
70,0.291667,walk,1.135573,0.791572,0.966146,0.026926,0.005778,-0.458308,-0.008879289656842928,0.0016798656107727896,0.0009599232061444612,0.005063662291361054,-0.009069043587627916,0.024546514191959825,0.0011999040076339509,0.000479961603058909,0.0007199424046083459,0.0028797696184067402,-0.0016798656107461464,-0.0004799616030722306,-0.11772300000000002,0.04786799999999991,-0.9218789999999999,0.16880399999999995,-0.07632300000000003,-0.9202849999999999,0.286527,0.12419099999999994,0.0015939999999999843,0.9975344316443486,0.9784461815664653,0.9784461815664653,0.0024655683556513708,0.021553818433534655,-0.9202849999999999
71,0.295833,walk,1.135522,0.791579,0.966163,0.026861,0.005771,-0.458361,-0.012241958713399715,0.0016802688430098993,0.004080652904475455,0.025698219744396667,0.01789987561203729,0.02841409026203741,-0.00024003840612523588,-0.00024003840612523588,0.0004800768122904462,0.000960153624607542,0.0007201152184290069,-0.0012001920307244498,-0.11767299999999992,0.047860000000000014,-0.921894,0.1688590000000001,-0.07632700000000003,-0.920307,0.286532,0.12418700000000005,0.001587000000000005,0.9990200473104827,0.9813011202544732,0.9813011202544732,0.0009799526895173383,0.018698879745526753,-0.920307
72,0.3,walk,1.135465,0.791587,0.966164,0.027031,0.005779,-0.458458,-0.013678905687538772,0.001919846412288948,0.0002399808015427793,-0.07170064122948079,-0.03971203280064638,0.05308989484440421,0.0011999040076872533,0.000959923206144474,0.0011999040076789273,0.004079673626094032,-0.0002399808015427793,-0.0019198464122872829,-0.11761099999999991,0.04785600000000001,-0.92189,0.168933,-0.07633600000000007,-0.920316,0.2865439999999999,0.12419200000000008,0.0015739999999999643,0.9967506445865704,0.9767346469393773,0.9767346469393773,0.003249355413429633,0.023265353060622718,-0.920316
73,0.304167,walk,1.135412,0.791568,0.966177,0.026972,0.005763,-0.45851,-0.012718982481367486,-0.00455963522917953,0.0031197504199495167,0.02116499780076792,0.020409284647840625,0.027626973816170453,0.0011999040076872372,0.000479961603058909,0.0007199424046066807,0.0016798656107727896,0.0016798656107461464,-0.0014398848092150266,-0.11755300000000002,0.04787699999999995,-0.9218999999999999,0.16899299999999995,-0.0763100000000001,-0.9203349999999999,0.28654599999999997,0.12418700000000005,0.0015650000000000386,0.997534431644278,0.9797200356360164,0.9797200356360164,0.002465568355721981,0.020279964363983605,-0.9203349999999999
74,0.308333,walk,1.135353,0.791557,0.966192,0.027001,0.005762,-0.458546,-0.0141622659625615,-0.002640422467617441,0.0036005760921983335,-0.012932314665713924,-0.005543462543312258,0.019440701709780635,0.0016802688429832496,0.0012001920307327777,0.0004800768122904462,0.0024003840614655555,0.0009601536245808924,-0.001680268843014896,-0.11748700000000012,0.047893000000000074,-0.9219130000000001,0.16906200000000005,-0.076295,-0.9203570000000001,0.28654900000000016,0.12418800000000008,0.0015560000000000018,0.9964667303303558,0.9793010847420718,0.9793010847420718,0.003533269669644179,0.02069891525792822,-0.9203570000000001
75,0.3125,walk,1.135326,0.791532,0.966225,0.02702,0.005893,-0.458535,-0.0064794816414685385,-0.00599952003838298,0.007919366450671927,0.020813198961399926,-0.06016126644434574,-0.003924737397074163,-0.0011999040076872533,-0.0002399808015427793,-0.0016798656107511643,0.0045596352291795905,0.000959923206144474,-0.000479961603072237,-0.11746500000000015,0.04791699999999999,-0.921953,0.16910800000000004,-0.07626600000000006,-0.920392,0.2865730000000002,0.12418300000000004,0.0015610000000000346,0.996536175490814,0.976582936046742,0.976582936046742,0.003463824509186031,0.023417063953258044,-0.920392
76,0.316667,walk,1.135228,0.791519,0.966243,0.027088,0.005895,-0.458626,-0.023518118550552934,-0.003119750419976201,0.004319654427636811,-0.0294427121318549,-0.014776483726482102,0.04941295884741186,0.0004799616030855586,0.0016798656107461687,0.0019198464122872829,0.002879769618406779,0.0007199424046283379,-0.0016798656107511643,-0.11736499999999994,0.04793700000000001,-0.921963,0.1692180000000001,-0.07624999999999993,-0.9204169999999999,0.28658300000000003,0.12418699999999994,0.0015460000000000473,0.9956736845746781,0.9788553866076768,0.9788553866076768,0.004326315425321914,0.021144613392323208,-0.9204169999999999
77,0.320833,walk,1.135164,0.79148,0.966264,0.027113,0.005914,-0.458651,-0.015362457993240979,-0.009361497839657038,0.0050408065290563474,-0.006729542629367723,-0.013320557661262894,0.013918859599559841,0.0012001920307327777,0.0007201152184290069,0.0026404224675941226,0.0033605376860197985,-0.000480076812303771,-0.001680268843014896,-0.11729600000000007,0.047978999999999994,-0.921973,0.1692959999999999,-0.07621299999999998,-0.920445,0.28659199999999996,0.12419199999999997,0.0015280000000000848,0.995019243239721,0.9784070964002121,0.9784070964002121,0.0049807567602789815,0.021592903599787938,-0.920445
78,0.325,walk,1.135087,0.791443,0.966271,0.027151,0.005899,-0.458654,-0.01847852171828754,-0.008879289656816284,0.0016798656107461464,-0.019548749386343267,-0.0019401957859926093,0.0016362258792050413,0.0014398848092033701,0.0009599232061444612,0.0,0.004319654427663397,0.0011999040076872372,-0.0023998080153578225,-0.11721300000000001,0.04801999999999995,-0.92198,0.16939100000000007,-0.07617099999999999,-0.920462,0.2866040000000001,0.12419099999999994,0.0015180000000000193,0.9971157897164671,0.9763448299734079,0.9763448299734079,0.0028842102835329175,0.02365517002659212,-0.920462
79,0.329167,walk,1.134999,0.791389,0.966318,0.027185,0.006017,-0.458651,-0.02111831053512514,-0.012958963282937077,0.011279097672190909,0.011490646848304692,-0.057826252933632846,0.00016256884757377026,-0.0035997120230084733,0.0,0.0043196544276468025,0.002159827213805084,0.0004799616030589154,-0.0002399808015361185,-0.11714000000000002,0.04807399999999995,-0.922009,0.16948799999999986,-0.07611500000000004,-0.92051,0.2866279999999999,0.124189,0.001498999999999917,0.9906284501129334,0.9813008493338884,0.9813008493338884,0.009371549887066566,0.018699150666111608,-0.92051
80,0.333333,walk,1.134917,0.79132,0.966349,0.027234,0.006018,-0.45867,-0.019683149303921618,-0.016562650024000404,0.007441190590495253,-0.02087159316308951,-0.010999400778418404,0.010395071424051362,0.004560729716752576,0.0019203072491617847,-0.0031204992798845687,0.007681228996647139,0.0031204992798945625,0.004320691310609018,-0.1170389999999999,0.048150999999999944,-0.922053,0.16960200000000003,-0.07603300000000002,-0.920523,0.2866409999999999,0.12418399999999996,0.0015300000000000313,0.9902495938494547,0.9691180332099778,0.9691180332099778,0.009750406150545343,0.030881966790022197,-0.920523
81,0.3375,walk,1.134832,0.791252,0.966387,0.02721,0.006003,-0.458635,-0.020398368130523176,-0.01631869450445584,0.00911927045835906,0.007278174724328485,0.011275142458949812,-0.01922952238559471,0.0021598272138050553,0.0,0.0007199424046066807,0.004319654427663397,0.0023998080153478313,-0.004079673626108965,-0.11694500000000008,0.04821900000000001,-0.922088,0.169705,-0.075955,-0.920578,0.28665000000000007,0.124174,0.0015100000000000113,0.9962055703621977,0.9742200304592963,0.9742200304592963,0.003794429637802299,0.025779969540703718,-0.920578
82,0.341667,walk,1.134719,0.791159,0.966425,0.027331,0.005954,-0.458563,-0.02711783057356141,-0.022318214542839037,0.009119270458359181,-0.061729664233374205,-0.006592103721604205,-0.03894608507137734,0.0014398848092033894,0.001919846412288948,0.0016798656107511643,0.0050395968322651495,0.0033597312215189806,0.0033597312215023285,-0.1168260000000001,0.04832000000000003,-0.922119,0.16983900000000007,-0.07584799999999992,-0.9206019999999999,0.28666500000000017,0.12416799999999995,0.0015170000000001016,0.9951177683322475,0.9732862277500227,0.9732862277500227,0.004882231667752479,0.026713772249977286,-0.9206019999999999
83,0.345833,walk,1.134623,0.791073,0.966463,0.027369,0.005981,-0.458521,-0.023043686989941414,-0.020643302928449212,0.009121459433505152,-0.009864227688344674,-0.02036977728642628,-0.02228681646458472,0.0007201152184290069,0.0012001920307327777,-0.0002400384061452231,0.0033605376860197985,0.0012001920307061283,-0.0028804608737410115,-0.11672700000000003,0.04841099999999998,-0.9221579999999999,0.16994900000000013,-0.07575700000000007,-0.9206519999999999,0.28667600000000015,0.12416800000000006,0.0015060000000000073,0.9976331893970576,0.9772967878162526,0.9772967878162526,0.002366810602942415,0.02270321218374738,-0.9206519999999999
84,0.35,walk,1.13451,0.790977,0.966486,0.027415,0.005903,-0.458445,-0.02711783057356141,-0.023038156947440734,0.005519558435324065,-0.03605913118994635,0.022240532196786927,-0.041919897819823145,0.001919846412288948,0.007199424046070233,0.004559635229182921,0.007199424046070233,0.0014398848092300326,0.0028797696184317567,-0.11660599999999999,0.04853699999999994,-0.9221619999999999,0.17009200000000013,-0.07565500000000003,-0.920663,0.2866980000000001,0.12419199999999997,0.001498999999999917,0.9854409449458499,0.971865710163067,0.971865710163067,0.014559055054150116,0.028134289836933002,-0.920663
85,0.354167,walk,1.134376,0.790861,0.966544,0.027291,0.005859,-0.458303,-0.03215742740577284,-0.02783777297816273,0.013918886489081366,0.04461325770367956,0.04439596375893214,-0.07793075799769127,0.0004799616030855522,0.004799616030722306,0.006239500839932337,0.0043196544276101105,0.004079673626093978,0.0007199424046066807,-0.11647000000000007,0.048672999999999966,-0.922194,0.17024399999999984,-0.07552200000000009,-0.9207179999999999,0.2867139999999999,0.12419500000000006,0.0014760000000000328,0.9868557101630573,0.9752648268832387,0.9752648268832387,0.013144289836942713,0.024735173116761322,-0.9207179999999999
86,0.358333,walk,1.134248,0.790774,0.966593,0.027357,0.005867,-0.458246,-0.030724915986588556,-0.020883341334627745,0.011761881901122593,-0.02587343331268968,-0.018604051793824083,-0.030330737748318667,0.0012001920307327777,0.0019203072491617847,0.0050408065290446875,0.0050408065290563474,0.002640422467617441,0.0002400384061452231,-0.11633699999999991,0.048768000000000034,-0.922222,0.17039300000000002,-0.07542399999999994,-0.9207660000000001,0.28672999999999993,0.12419199999999997,0.0014559999999999018,0.9907898348269912,0.9759474327750455,0.9759474327750455,0.009210165173008766,0.024052567224954524,-0.9207660000000001
87,0.3625,walk,1.134123,0.790669,0.966667,0.027283,0.005903,-0.458123,-0.029997600191968187,-0.02519798416127246,0.017758579313659446,0.040670610381891015,-0.0005064613909126276,-0.0660611351907396,0.00023998080151613608,0.0045596352291795905,0.0064794816414685385,0.0035997120230617597,0.0035997120230351165,0.0002399808015361185,-0.11621100000000006,0.04889200000000005,-0.922269,0.17053300000000005,-0.07530399999999993,-0.9208390000000001,0.2867440000000001,0.12419599999999997,0.0014299999999999313,0.9867889412327735,0.9772059752893145,0.9772059752893145,0.013211058767226502,0.02279402471068548,-0.9208390000000001
88,0.366667,walk,1.133956,0.790581,0.966726,0.027354,0.005787,-0.458165,-0.04007679385649795,-0.021118310535151504,0.0141588672905975,-0.056202413263313294,0.03433819526943741,0.0212468521075165,0.0009599232061711044,0.004079673626120621,0.007199424046076798,0.00455963522917953,0.0035997120230350688,-0.0011999040076789112,-0.11603999999999992,0.04899700000000007,-0.922298,0.17071900000000007,-0.07520099999999996,-0.920903,0.286759,0.12419800000000003,0.001394999999999924,0.9861158667644763,0.9761634252505393,0.9761634252505393,0.013884133235523732,0.02383657474946066,-0.920903
89,0.370833,walk,1.133842,0.79046,0.966778,0.027641,0.005808,-0.458047,-0.027364378300515458,-0.029044647143525355,0.012481997119551601,-0.11677960348173992,-0.07348883124325874,-0.062287785165368065,0.0012001920307327777,0.006240998559762475,0.007201152184348364,0.0031204992798945625,0.0033605376860197985,-0.0004800768122904462,-0.11592099999999994,0.049143999999999965,-0.92232,0.17084600000000005,-0.07506600000000008,-0.920957,0.286767,0.12421000000000004,0.001363000000000003,0.9839924395713449,0.9786850213184926,0.9786850213184926,0.016007560428655143,0.021314978681507446,-0.920957
90,0.375,walk,1.133662,0.790352,0.966897,0.027685,0.005949,-0.458133,-0.04319654427647469,-0.025917926565874154,0.028557715382764796,0.011384962599463987,-0.06878790695662824,0.048534270866998346,0.002879769618406779,-0.012479001679878162,-0.01823854091672669,0.005519558435297421,0.0023998080153745066,0.0002399808015361185,-0.11572899999999997,0.04919999999999991,-0.922515,0.171049,-0.07494800000000001,-0.921075,0.286778,0.12414799999999993,0.0014399999999999968,0.9628567738061085,0.9755608828109981,0.9628567738061085,0.03714322619389154,0.024439117189001935,-0.921075
91,0.379167,walk,1.133491,0.790249,0.966933,0.02776,0.005926,-0.458143,-0.041036717062616315,-0.024718022558213544,0.008639308855300266,-0.037173256664061724,-0.006573915911503068,0.005503460756043861,0.004079673626094032,0.0004799616030855586,-0.004559635229181256,0.002879769618460065,0.003839692824551253,0.0011999040076789273,-0.11554100000000012,0.04930500000000004,-0.92257,0.17123200000000005,-0.07482900000000003,-0.9211060000000001,0.28677300000000017,0.12413400000000008,0.0014639999999999098,0.9897714488020766,0.9771144483928942,0.9771144483928942,0.01022855119792343,0.022885551607105814,-0.9211060000000001
92,0.383333,walk,1.133291,0.790118,0.966971,0.027903,0.005941,-0.458118,-0.048007681228991315,-0.03144503120499091,0.009121459433505152,-0.05750100826849311,-0.03815720768338095,-0.012849218008352195,0.005520883341360118,0.0021603456552870205,0.0004800768122904462,0.0028804608737160275,0.0038406144983235695,-0.0007201152184356692,-0.11531800000000003,0.04944499999999996,-0.922606,0.17144399999999993,-0.07468200000000003,-0.921147,0.28676199999999996,0.12412699999999999,0.001458999999999988,0.9900868045340057,0.9773192061065328,0.9773192061065328,0.00991319546599434,0.02268079389346722,-0.921147
93,0.3875,walk,1.133109,0.78996,0.967,0.028014,0.005909,-0.458038,-0.043676505879559666,-0.03791696664266625,0.006959443244527361,-0.05364446825889881,-0.011727204679085406,-0.042993724732561356,0.0035997120230084256,0.0004799616030855522,0.0021598272138217073,0.0059995200383829005,0.0007199424046283283,-0.0002399808015344501,-0.11512100000000003,0.04960500000000001,-0.922626,0.171651,-0.07452099999999995,-0.9211769999999999,0.286772,0.12412599999999996,0.0014490000000000336,0.9929578366284467,0.9754311237754338,0.9754311237754338,0.007042163371553278,0.02456887622456616,-0.9211769999999999
94,0.391667,walk,1.132895,0.7898,0.967042,0.027972,0.005836,-0.45796,-0.05135589152866275,-0.03839692824575232,0.010079193664503655,0.002647709305539103,0.039433227553961066,-0.04335745094229358,0.005279577633834572,0.001919846412288948,0.0011999040076805924,0.003839692824577896,0.0035997120230351165,-0.000479961603072237,-0.1148849999999999,0.04977300000000007,-0.922663,0.17188099999999995,-0.07434599999999991,-0.921221,0.28676599999999985,0.12411899999999998,0.0014420000000000543,0.9904257985731746,0.9767716184523044,0.9767716184523044,0.009574201426825413,0.023228381547695576,-0.921221
95,0.395833,walk,1.132652,0.789627,0.967063,0.027864,0.005634,-0.457846,-0.05832933269322925,-0.04152664426307696,0.0050408065290563474,0.002835812702663084,0.10855692423834537,-0.06510802721839619,0.006721075372039597,0.002400384061438906,0.004320691310609018,0.0028804608737693265,0.0036005760921716838,0.001680268843014896,-0.114614,0.049956,-0.922666,0.17213600000000007,-0.07415799999999995,-0.921235,0.28675000000000006,0.12411399999999995,0.00143099999999996,0.9860952574836437,0.9775106719873885,0.9775106719873885,0.013904742516356317,0.022489328012611498,-0.921235
96,0.4,walk,1.132404,0.789429,0.967161,0.027548,0.005675,-0.457669,-0.059515238780903305,-0.047516198704084224,0.023518118550525977,0.14560757747231542,0.04986068948040074,-0.09627920936906663,0.003599712023061712,0.0011999040076872372,0.003359731221502284,0.004079673626093978,0.0009599232061444612,0.0019198464122872573,-0.11435099999999987,0.050158999999999954,-0.9227500000000001,0.17240100000000003,-0.07395600000000002,-0.9213250000000001,0.2867519999999999,0.12411499999999998,0.0014250000000000096,0.9915531909119188,0.9780668655658582,0.9780668655658582,0.008446809088081153,0.0219331344341418,-0.9213250000000001
97,0.404167,walk,1.132197,0.789261,0.967247,0.027618,0.005741,-0.457563,-0.04967602591794323,-0.04031677465804127,0.020638348932066227,-0.01438312540205538,-0.044787381449499335,-0.055952803984812026,0.005759539236813558,0.0023998080153478634,0.0021598272138234013,0.002159827213805084,0.0002399808015427793,0.0007199424046066903,-0.11412,0.050336999999999965,-0.922827,0.17261700000000002,-0.07378699999999994,-0.921408,0.286737,0.1241239999999999,0.001418999999999948,0.9889954271721435,0.9819945484304851,0.9819945484304851,0.011004572827856496,0.01800545156951494,-0.921408
98,0.408333,walk,1.131938,0.78911,0.967341,0.027637,0.005824,-0.457527,-0.06216994719149952,-0.03624579932789537,0.022563610177637645,0.01045032896158775,-0.0400167623109848,-0.018045907840098678,0.0038406144983235695,0.0031204992798945625,0.0026404224675941226,0.000960153624607542,0.0021603456552870205,0.0048007681228994644,-0.1138450000000002,0.05050100000000002,-0.92291,0.17287999999999992,-0.073627,-0.921482,0.2867250000000001,0.12412800000000002,0.0014279999999999848,0.990651847139091,0.9768011742640431,0.9768011742640431,0.009348152860908954,0.023198825735956885,-0.921482
99,0.4125,walk,1.131586,0.788951,0.96737,0.027585,0.005559,-0.45747,-0.08447324214066043,-0.038156947444209534,0.006959443244527454,-0.035414354208988974,0.1237946674088888,-0.03493060340749529,0.004079673626147319,0.0002399808015427793,-0.0009599232061428088,0.004319654427663454,0.0016798656107461687,0.0033597312215023285,-0.11347599999999991,0.05066100000000007,-0.922943,0.17325000000000013,-0.073461,-0.921497,0.28672600000000004,0.12412200000000007,0.0014459999999999473,0.9930034174527285,0.9759992749044866,0.9759992749044866,0.006996582547271535,0.02400072509551343,-0.921497
100,0.416667,walk,1.131321,0.788759,0.967386,0.027569,0.005384,-0.45735,-0.06359491240699729,-0.04607631389488085,0.003839692824577845,-0.0304448384238639,0.07674394113115791,-0.0672966689396264,0.009599232061444612,-0.006239500839925676,0.0021598272138233727,0.005279577633781215,0.0023998080153744745,0.0028797696184317185,-0.11317099999999991,0.05082700000000007,-0.9229499999999999,0.17353700000000005,-0.07325899999999996,-0.921501,0.28670799999999996,0.12408600000000003,0.0014489999999999226,0.9805819756916364,0.9747182732875518,0.9747182732875518,0.01941802430836359,0.025281726712448216,-0.921501
101,0.420833,walk,1.131028,0.788569,0.967433,0.027519,0.005303,-0.457255,-0.07033125300050373,-0.045607297167552414,0.011281805088818823,0.004471578912487448,0.0444163757827911,-0.052678263333661754,0.0033605376860197985,0.0064810369659143606,-0.0009601536245808924,0.0040806529044488055,0.0021603456552870205,0.0050408065290446875,-0.11286399999999985,0.05104400000000009,-0.923001,0.17384700000000008,-0.07306000000000001,-0.921527,0.28671099999999994,0.1241040000000001,0.0014739999999999753,0.9877277471194044,0.9738669524196938,0.9738669524196938,0.012272252880595635,0.026133047580306212,-0.921527
102,0.425,walk,1.130735,0.788389,0.967449,0.027381,0.005193,-0.457198,-0.0703143748499828,-0.04319654427644804,0.003839692824577896,0.03532865248422315,0.07654968433465302,-0.032881647163706035,0.009359251259875318,-0.005279577633807929,0.00311975041996621,0.003839692824577896,0.0035997120230617597,0.004799616030717374,-0.11253200000000008,0.05120199999999997,-0.923004,0.17415599999999998,-0.07286499999999996,-0.921523,0.28668800000000005,0.12406699999999993,0.0014810000000000656,0.9813510227551987,0.9733182920728862,0.9733182920728862,0.0186489772448013,0.026681707927113774,-0.921523
103,0.429167,walk,1.130416,0.788172,0.967511,0.027339,0.005148,-0.457196,-0.07655387568993419,-0.05207583393329039,0.014878809695225826,0.008089078014534165,0.028396875277863075,-0.0019983147413726405,0.011279097672217402,-0.005759539236866767,-0.0004799616030705654,0.004319654427663397,0.0028797696184067402,0.007679385649147364,-0.11216599999999999,0.05139499999999997,-0.923068,0.174493,-0.07263600000000003,-0.9215530000000001,0.286659,0.124031,0.001514999999999933,0.9788772963338254,0.9694006696137683,0.9694006696137683,0.021122703666174636,0.03059933038623175,-0.9215530000000001
104,0.433333,walk,1.130139,0.787938,0.967618,0.027236,0.005368,-0.457094,-0.06649063850218016,-0.05616898703791558,0.025684109457505558,0.09320421910470651,-0.07248401215056807,-0.05223941770926174,0.007921267402772374,-0.00048007681227712134,-0.004800768122901131,0.003600576092145034,0.002640422467617441,0.004560729716754241,-0.11185599999999996,0.05162699999999998,-0.923195,0.17478499999999997,-0.07239099999999998,-0.9216409999999999,0.2866409999999999,0.12401799999999996,0.0015540000000000553,0.9845417834162743,0.973822509361264,0.973822509361264,0.015458216583725704,0.02617749063873598,-0.9216409999999999
105,0.4375,walk,1.129782,0.787744,0.967725,0.027418,0.005362,-0.45711,-0.0856731461482944,-0.04655627549796702,0.025677945764331377,-0.07919610262422236,-0.03719539202114663,0.009350943294695957,0.003119750419976201,0.002879769618433422,-0.003599712023036782,0.003839692824577896,0.005039596832238506,0.007439404847613013,-0.11148599999999997,0.05183300000000002,-0.9233169999999999,0.17515799999999992,-0.07217600000000002,-0.9217169999999999,0.2866439999999999,0.12400900000000004,0.0016000000000000458,0.9907228113712856,0.9677138844320529,0.9677138844320529,0.009277188628714406,0.03228611556794714,-0.9217169999999999
106,0.441667,walk,1.12945,0.787532,0.96777,0.027298,0.005216,-0.456964,-0.07967362610991141,-0.05087592992560384,0.010799136069131993,0.020597436945783094,0.08690613450118355,-0.0814582122150268,0.0033597312214923374,-0.0002399808015427793,-0.006479481641470204,0.002159827213805084,0.0033597312215189806,0.00623950083993242,-0.11114000000000002,0.05204399999999998,-0.923389,0.17549899999999985,-0.07194999999999996,-0.921736,0.28663899999999987,0.12399399999999994,0.0016530000000000156,0.9878288744462869,0.9711227085509659,0.9711227085509659,0.012171125553713136,0.02887729144903406,-0.921736
107,0.445833,walk,1.129089,0.787343,0.967825,0.026984,0.005124,-0.456866,-0.08665386461835224,-0.04536725876140053,0.013202112337980607,0.11488119421066123,0.1070197913712206,-0.05562905619219021,0.0012001920307327777,0.0026404224675907915,0.001680268843014896,0.00216034565534032,0.004800768122877812,0.0052808449351899114,-0.11077399999999993,0.05224399999999996,-0.9234370000000001,0.17586900000000005,-0.07174100000000005,-0.9217690000000001,0.286643,0.12398500000000001,0.0016680000000000028,0.9944134101281135,0.9708922319035033,0.9708922319035033,0.005586589871886538,0.029107768096496733,-0.9217690000000001
108,0.45,walk,1.128713,0.787135,0.967763,0.027077,0.004822,-0.456843,-0.09023278137747279,-0.04991600671945869,-0.014878809695225826,-0.1057226563368809,0.1082091625102835,-0.016147790013816464,0.004079673626093978,0.0009599232061444612,0.0019198464122872573,0.0021598272138050553,0.004799616030722306,0.008159347252219595,-0.11038100000000006,0.05245599999999995,-0.923367,0.1762539999999999,-0.07151300000000005,-0.9216730000000001,0.286635,0.123969,0.0016939999999999733,0.9923168655658583,0.9668773519525317,0.9668773519525317,0.007683134434141703,0.03312264804746834,-0.9216730000000001
109,0.454167,walk,1.128339,0.786906,0.96776,0.027073,0.00471,-0.456786,-0.08975281977444172,-0.05495560355172451,-0.0007199424046283379,-0.022329143426587324,0.048001113801843125,-0.03234873490251145,0.003119750419976201,0.000959923206144474,0.00239980801535952,0.0033597312214923374,0.002879769618433422,0.00863930885529194,-0.10999399999999993,0.052688999999999986,-0.923354,0.17664199999999997,-0.071272,-0.921634,0.2866359999999999,0.12396099999999999,0.0017200000000000548,0.9932477629724948,0.9666222954834398,0.9666222954834398,0.006752237027505159,0.03337770451656019,-0.921634
110,0.458333,walk,1.127967,0.786634,0.967836,0.026855,0.004861,-0.456545,-0.08929428708594304,-0.06529044647142072,0.018242918867036953,0.1284034385585456,-0.019488664412832563,-0.1289260438191537,-0.000480076812303771,0.0012001920307327777,-0.0004800768122904462,0.000960153624607542,0.005280844935181583,0.006961113778204807,-0.10962399999999994,0.05296599999999996,-0.923432,0.17701800000000012,-0.0709780000000001,-0.921681,0.28664200000000006,0.12394400000000005,0.001751000000000058,0.9977018072305219,0.9678397892273986,0.9678397892273986,0.002298192769478069,0.03216021077260145,-0.921681
111,0.4625,walk,1.127585,0.786367,0.967885,0.027048,0.004768,-0.456341,-0.09167266618667615,-0.06407487401008284,0.011759059275249667,-0.10100300401500818,-0.004995026099217158,-0.11041377584965313,0.003599712023061712,-0.0014398848092300135,-0.0021598272138233727,0.0019198464122889224,0.005039596832265082,0.008879289656826274,-0.10922699999999996,0.05322699999999991,-0.92349,0.177408,-0.07069000000000003,-0.921693,0.286635,0.12391699999999994,0.0017970000000000486,0.9926032949328024,0.9647154965027407,0.9647154965027407,0.007396705067197584,0.03528450349725931,-0.921693
112,0.466667,walk,1.127181,0.786118,0.967945,0.027286,0.004522,-0.456475,-0.09695224382051194,-0.05975521958244688,0.01439884809216711,-0.1567555341164488,0.05444944927096089,0.06988916360445142,0.0,0.0014398848092300326,0.0021598272138234013,0.0,0.005279577633781285,0.005759539236861848,-0.10882299999999989,0.05348200000000003,-0.9235410000000001,0.17781200000000008,-0.07041900000000001,-0.921729,0.286635,0.12390100000000004,0.0018120000000000358,0.9956736845746629,0.9688579852843056,0.9688579852843056,0.004326315425337124,0.031142014715694444,-0.921729
113,0.470833,walk,1.126755,0.785913,0.96801,0.026941,0.004525,-0.456402,-0.10225636101777176,-0.049207873259724096,0.015602496399419514,0.14873738019382649,0.07347153200381291,-0.04089689238085185,0.0009601536245542427,0.0007201152184290069,0.001680268843014896,0.0019203072491617847,0.006240998559762475,0.010321651464234598,-0.10839299999999996,0.053690000000000015,-0.9235990000000001,0.17824600000000013,-0.07018800000000003,-0.921751,0.2866390000000001,0.12387800000000004,0.0018480000000000718,0.9965585192562874,0.9611638562438704,0.9611638562438704,0.003441480743712644,0.03883614375612965,-0.921751
114,0.475,walk,1.126297,0.785692,0.968042,0.026696,0.004467,-0.456315,-0.10991120710339573,-0.05303575713943556,0.007679385649129148,0.09274870271818876,0.07741634111209188,-0.04896426011172907,0.0,0.001919846412288948,0.0021598272138234013,0.00023998080151613608,0.006239500839952402,0.009839212862970867,-0.10793500000000011,0.05391900000000005,-0.9236219999999999,0.1787049999999999,-0.06994099999999992,-0.921742,0.28664,0.12385999999999997,0.0018799999999999928,0.9951837474686829,0.9617778569039446,0.9617778569039446,0.004816252531317122,0.03822214309605543,-0.921742
115,0.479167,walk,1.125823,0.785424,0.968002,0.026799,0.004231,-0.456299,-0.1137508999280254,-0.06431485481159897,-0.009599232061417969,-0.09554475576889083,0.07799336676331727,-0.01138888666612378,-0.0004799616030855522,0.0002399808015427761,0.001679865610751142,0.0016798656107727896,0.004799616030722306,0.008159347252219595,-0.10746300000000009,0.054188000000000014,-0.923575,0.17918600000000007,-0.06965299999999996,-0.921668,0.28664900000000015,0.12384099999999998,0.001906999999999992,0.9970608474408571,0.9649063013966702,0.9649063013966702,0.002939152559142899,0.03509369860332978,-0.921668
116,0.483333,walk,1.125418,0.785103,0.968055,0.026944,0.004281,-0.455927,-0.09721555448871541,-0.07705232837254332,0.012722035525676837,-0.047811506989414554,-0.057521000004490154,-0.1992350993296951,0.0,0.0019203072491617847,0.0012001920307244498,0.00048007681225047176,0.0064810369659143606,0.012241958713394717,-0.1070580000000001,0.05451700000000004,-0.923623,0.1795929999999999,-0.06930499999999995,-0.92167,0.286651,0.12382199999999999,0.0019529999999999825,0.9962258036757632,0.9573699839442293,0.9573699839442293,0.0037741963242368115,0.04263001605577066,-0.92167
117,0.4875,walk,1.124927,0.784827,0.968135,0.026828,0.004078,-0.45584,-0.11783057355412095,-0.06623470122388878,0.019198464122862836,0.0059193689283669046,0.11103515924437214,-0.05025609065872051,-0.0007199424046016947,0.0004799616030589154,0.000479961603072237,0.001919846412288948,0.0057595392368402,0.010319174466041438,-0.10657000000000005,0.05479499999999993,-0.923701,0.18009199999999992,-0.0690050000000001,-0.9217069999999999,0.286662,0.12380000000000002,0.0019940000000000513,0.9983508896785959,0.9601056448552034,0.9601056448552034,0.0016491103214041347,0.039894355144796556,-0.9217069999999999
118,0.491667,walk,1.124448,0.784585,0.968152,0.027177,0.003901,-0.455809,-0.11495080393571264,-0.05807535397169994,0.004079673626120621,-0.187609056507539,-0.0011651855744154928,-0.017511834974151923,-0.00023998080151613289,0.0007199424046016851,0.0021598272138233727,0.0023998080153744745,0.005999520038409543,0.011519078473723543,-0.10609199999999985,0.05503999999999998,-0.923709,0.1805810000000001,-0.06873799999999997,-0.921676,0.28667299999999996,0.12377799999999994,0.0020329999999999515,0.9961845484304637,0.9576572203730465,0.9576572203730465,0.0038154515695363322,0.04234277962695354,-0.921676
119,0.495833,walk,1.12399,0.784359,0.968178,0.026918,0.004201,-0.455724,-0.1099375900143656,-0.05424867978875379,0.006240998559762475,0.17707805491205353,-0.0724708072859423,-0.04284570201811348,-0.0007201152184290069,0.0002400384061518855,0.0007201152184340036,-0.00024003840612523588,0.004560729716752576,0.00888142102736326,-0.10563699999999998,0.055266999999999955,-0.923732,0.18103800000000003,-0.06849300000000003,-0.921665,0.286675,0.12375999999999998,0.002067000000000041,0.9982561614084143,0.9626852215852859,0.9626852215852859,0.001743838591585667,0.03731477841471409,-0.921665
120,0.5,walk,1.123471,0.784093,0.968245,0.026623,0.004212,-0.455688,-0.12455003599710562,-0.06383489320854091,0.016078713702913278,0.12879951368517326,0.05941745654432343,-0.020541645433157424,-0.0021598272138583707,-0.0004799616030589154,0.0002399808015361185,0.00047996160303227217,0.0050395968322651495,0.00887928965682806,-0.10512700000000019,0.055531,-0.923798,0.1815589999999998,-0.06820599999999999,-0.921695,0.286686,0.12373699999999999,0.002102999999999966,0.9962908493338022,0.9619349312542548,0.9619349312542548,0.0037091506661978135,0.03806506874574522,-0.921695
121,0.504167,walk,1.122927,0.783748,0.968256,0.026658,0.00394,-0.455397,-0.13054955603554014,-0.08279337652988651,0.0026397888168906074,-0.07193116111380005,0.10508387423055743,-0.16062096771700002,-0.0016798656107195032,0.0,0.000959923206142796,0.0023998080153744745,0.005759539236840124,0.011279097672185762,-0.10458999999999996,0.05587600000000004,-0.923805,0.18211299999999997,-0.06783700000000004,-0.921659,0.28670299999999993,0.12371300000000007,0.0021459999999999813,0.9967753548723371,0.9570568402495981,0.9570568402495981,0.0032246451276628507,0.04294315975040186,-0.921659
122,0.508333,walk,1.122388,0.783398,0.968304,0.027047,0.003702,-0.455264,-0.12938070091216197,-0.08401344215073481,0.011521843494970707,-0.21723689948170302,0.015036628250441083,-0.07306240818670962,-0.0012001920307327777,-0.0009601536245808924,0.0012001920307261153,0.0024003840614655555,0.005520883341333468,0.008881421027364927,-0.10405599999999993,0.056221999999999994,-0.923848,0.1826620000000001,-0.06746400000000008,-0.9216700000000001,0.28671800000000003,0.12368600000000007,0.0021779999999999022,0.9967498646164742,0.960337541495732,0.960337541495732,0.0032501353835258096,0.03966245850426797,-0.9216700000000001
123,0.5125,walk,1.121866,0.783116,0.968382,0.026896,0.003735,-0.45534,-0.12526997840170898,-0.06767458603311971,0.018718502519777528,0.07113189954316498,0.019825576994296625,0.04058832118312927,-0.0023998080153745387,0.0014398848092034085,0.0031197504199662516,0.0014398848092034085,0.005039596832265216,0.01199904007679443,-0.10354400000000008,0.05650999999999995,-0.923913,0.18318999999999996,-0.06716100000000003,-0.9216979999999999,0.28673400000000004,0.12367099999999998,0.002215000000000078,0.9930148591326321,0.9560269892557273,0.9560269892557273,0.0069851408673679005,0.043973010744272734,-0.9216979999999999
124,0.516667,walk,1.121325,0.78284,0.968365,0.02678,0.003682,-0.455258,-0.12982961363093848,-0.06623470122391453,-0.004079673626093978,0.03869085803408167,0.047010759292737646,-0.04533459051683964,-0.0026397888168906074,0.0,-0.0004799616030722306,0.0023998080153744745,0.004799616030722306,0.00863930885529016,-0.10301399999999994,0.056786,-0.923898,0.18374100000000015,-0.06686499999999995,-0.921645,0.2867550000000001,0.12365099999999996,0.0022529999999999495,0.9955282217872639,0.9605196599468626,0.9605196599468626,0.004471778212736144,0.039480340053137386,-0.921645
125,0.520833,walk,1.120779,0.782456,0.968434,0.027019,0.003627,-0.454955,-0.13106096975514522,-0.09217474795965906,0.016562650024000404,-0.11169369031108292,-0.032371043278281775,-0.16293120026266641,-0.0009601536245542427,0.000480076812303771,0.001680268843014896,0.0014402304368580138,0.004800768122904461,0.009601536245800596,-0.1024719999999999,0.057172,-0.92396,0.18429300000000004,-0.06646099999999999,-0.921674,0.28676499999999994,0.12363299999999999,0.0022860000000000102,0.9966768187458472,0.9590882890499596,0.9590882890499596,0.0033231812541527628,0.040911710950040425,-0.921674
126,0.525,walk,1.120136,0.782111,0.968515,0.026852,0.003328,-0.454998,-0.15430765538755561,-0.08279337652988651,0.019438444924405357,0.005772206862348358,0.16473260719468216,0.018277173822112545,-0.00311975041997616,0.000479961603058909,0.0011999040076789112,0.0026397888168906074,0.0038396928245512016,0.011519078473721878,-0.10184199999999999,0.05751899999999999,-0.924036,0.18494699999999997,-0.06610000000000005,-0.921707,0.28678899999999996,0.12361900000000003,0.0023289999999999145,0.9943719513320937,0.9560003072298358,0.9560003072298358,0.005628048667906338,0.043999692770164245,-0.921707
127,0.529167,walk,1.119432,0.781653,0.968517,0.027036,0.002918,-0.454825,-0.16894648428126532,-0.10991120710342091,0.000479961603058909,-0.16677028825618478,0.13287787019161731,-0.0980467965655167,0.00023998080151613289,0.0019198464122889224,0.003359731221502284,0.0016798656107727896,0.004559635229206173,0.01007919366450685,-0.10113700000000003,0.05798499999999995,-0.924024,0.1856580000000001,-0.06562299999999999,-0.921667,0.28679500000000013,0.12360799999999994,0.0023569999999999425,0.9935383191659057,0.9577810227551579,0.9577810227551579,0.006461680834094263,0.04221897724484214,-0.921667
128,0.533333,walk,1.118976,0.781358,0.968461,0.027421,0.002958,-0.454645,-0.10945751320211805,-0.07081132981278274,-0.013442150744106202,-0.15450435462876147,-0.10338317727061955,-0.09441081900638884,-0.0026404224675908618,0.00024003840615189188,0.0002400384061452295,0.0016802688429832942,0.0036005760921717796,0.010561689870378439,-0.100692,0.05828100000000003,-0.923967,0.18612099999999998,-0.06531299999999995,-0.921567,0.286813,0.12359399999999998,0.0023999999999999577,0.9955630754895199,0.9571927360001016,0.9571927360001016,0.004436924510480056,0.042807263999898426,-0.921567
129,0.5375,walk,1.118312,0.780941,0.968593,0.027372,0.002814,-0.454476,-0.1593472522198207,-0.10007199424046016,0.03167746580274058,-0.009087529529501896,0.07012196809758915,-0.09323922803333498,-0.00311975041997616,-0.0016798656107461464,-0.0007199424046066807,0.0016798656107727896,0.0038396928245512016,0.011039116870651313,-0.10004100000000005,0.05869100000000005,-0.924102,0.18679200000000007,-0.06488000000000005,-0.9216530000000001,0.2868330000000001,0.1235710000000001,0.0024489999999999235,0.9939738744207087,0.9558301110308952,0.9558301110308952,0.006026125579291275,0.04416988896910479,-0.9216530000000001
130,0.541667,walk,1.117696,0.780535,0.968691,0.027376,0.002765,-0.454267,-0.14782817374608717,-0.09743220542356956,0.023518118550499335,-0.010722875507974213,0.01746388905916217,-0.11308223767107724,-0.002399808015321188,0.001199904007660594,-0.0004799616030722306,0.0019198464122889224,0.0023998080153744745,0.00959923206143462,-0.09943499999999994,0.05910199999999999,-0.924202,0.18741600000000003,-0.06446399999999997,-0.921711,0.28685099999999997,0.12356599999999995,0.002491000000000021,0.995457236744489,0.9582913438924825,0.9582913438924825,0.004542763255510951,0.041708656107517506,-0.921711
131,0.545833,walk,1.117008,0.780176,0.968716,0.027236,0.002435,-0.454201,-0.16514642342775357,-0.08617378780604848,0.00600096015363724,-0.011520105192021969,0.17078441751193077,-0.04087014642609924,-0.000960153624607542,0.0012001920307327777,0.0021603456553053423,0.0019203072491617847,0.0040806529044488055,0.012001920307249494,-0.09875100000000003,0.05946600000000002,-0.924218,0.18811200000000006,-0.06408800000000003,-0.921686,0.2868630000000001,0.12355400000000005,0.0025319999999999787,0.9955811485768742,0.9533111884124356,0.9533111884124356,0.004418851423125814,0.04668881158756444,-0.921686
132,0.55,walk,1.116349,0.7798,0.968758,0.027311,0.002234,-0.45389,-0.15814734821213347,-0.09023278137747279,0.010079193664503522,-0.07345673074266629,0.06567468245817265,-0.1698612144050721,-0.005039596832265082,-0.0002399808015427761,0.0014398848092150266,0.0026397888168906074,0.003359731221518936,0.011519078473721878,-0.09811300000000012,0.05984099999999992,-0.924254,0.188782,-0.06369800000000003,-0.92168,0.2868950000000001,0.12353899999999995,0.002573999999999965,0.9912554151231409,0.9537833569535656,0.9537833569535656,0.00874458487685914,0.04621664304643436,-0.92168
133,0.554167,walk,1.115682,0.779266,0.968792,0.028227,0.002125,-0.453858,-0.16006719462442665,-0.1281497480201691,0.008159347252214816,-0.4154189183931946,-0.15338726528419896,-0.013693687700492924,-0.002639788816890678,0.0014398848092300517,0.0,0.0031197504199762427,0.003839692824577947,0.01199904007679443,-0.09745700000000013,0.06038100000000002,-0.924288,0.18946200000000002,-0.06314799999999998,-0.921664,0.28691900000000015,0.123529,0.0026239999999999597,0.994988415292314,0.9521284228733794,0.9521284228733794,0.005011584707686034,0.0478715771266206,-0.921664
134,0.558333,walk,1.114964,0.778866,0.968879,0.028173,0.001834,-0.453832,-0.17234757561209696,-0.09601536245800929,0.020883341334627745,-0.040086516831582944,0.13585116752301146,-0.018273355909891743,-0.0024003840614122566,0.00048007681227712134,0.0014402304368696728,0.003120499279841263,0.0016802688430098993,0.012962073931828721,-0.09674899999999997,0.06078300000000003,-0.924369,0.19019299999999983,-0.06274099999999994,-0.921697,0.2869419999999998,0.12352399999999997,0.0026720000000000077,0.9952663787941841,0.9508835605660636,0.9508835605660636,0.0047336212058158855,0.0491164394339364,-0.921697
135,0.5625,walk,1.114278,0.778439,0.968853,0.028422,0.001401,-0.453486,-0.1646268298536019,-0.102471802255808,-0.00623950083995232,-0.19816789357871054,0.12632831026425811,-0.19079175166600845,-0.003359731221545579,0.0004799616030855522,0.0011999040076789112,0.004079673626147264,0.0035997120230350688,0.01367890568754525,-0.09607700000000019,0.061212000000000044,-0.924338,0.19089599999999995,-0.06229899999999999,-0.9216139999999999,0.28697300000000014,0.12351100000000004,0.0027240000000000597,0.994000479961533,0.9482246443115346,0.9482246443115346,0.005999520038467043,0.05177535568846536,-0.9216139999999999
136,0.566667,walk,1.11358,0.778018,0.969048,0.028002,0.001679,-0.453466,-0.16750659947206195,-0.10103191744660463,0.04679625629950918,0.24040827274325932,-0.027701944595660038,-0.009482420387834084,-0.0021598272138050553,0.0014398848092033701,0.0007199424046083459,0.004079673626093978,0.0023998080153478313,0.015358771298294728,-0.09538800000000003,0.061639,-0.9245300000000001,0.19161099999999998,-0.061868000000000034,-0.921745,0.286999,0.12350700000000003,0.0027850000000000374,0.9955103703062809,0.94536408583274,0.94536408583274,0.004489629693719133,0.05463591416725999,-0.921745
137,0.570833,walk,1.112877,0.777554,0.969157,0.027559,0.001716,-0.453344,-0.16874699951995192,-0.11137782045127691,0.02616418626980933,0.19863166769609947,0.07903792434789102,-0.0678660748449347,-0.004560729716752576,0.0012001920307327777,-0.0007201152184356692,0.0038406144983235695,0.0021603456553136702,0.013922227556409613,-0.0947039999999999,0.06210800000000005,-0.9246420000000001,0.1923300000000001,-0.06139499999999998,-0.9217960000000001,0.287034,0.12350300000000003,0.002846000000000015,0.9920488850558681,0.9472017680040676,0.9472017680040676,0.00795111494413192,0.052798231995932365,-0.9217960000000001
138,0.575,walk,1.112153,0.777096,0.969224,0.027721,0.001581,-0.453158,-0.1737461003119656,-0.10991120710342384,0.01607871370288685,-0.09730211977513391,0.020090857100851667,-0.10103586193870544,-0.002159827213805113,0.0002399808015427825,0.0016798656107511866,0.005519558435297495,0.0035997120230351646,0.01799856011519081,-0.09398899999999988,0.06256700000000004,-0.924702,0.19307699999999994,-0.06092200000000003,-0.9217879999999999,0.2870659999999998,0.12348900000000007,0.002914000000000083,0.9954221569705608,0.9389150987293231,0.9389150987293231,0.004577843029439199,0.061084901270676895,-0.9217879999999999
139,0.579167,walk,1.111369,0.776617,0.9693,0.027399,0.001424,-0.453014,-0.18814494840410126,-0.11495080393568599,0.018238540916744764,0.10476795145857293,0.13532177685397292,-0.08147776220940296,-0.003839692824577845,0.0023998080153478313,0.0002399808015361153,0.005039596832265082,0.0019198464122889224,0.014638828893688047,-0.093221,0.063056,-0.9247770000000001,0.1938819999999999,-0.060435000000000016,-0.921803,0.2871029999999999,0.12349100000000002,0.002974000000000032,0.9924428271227579,0.944259003338695,0.944259003338695,0.007557172877242113,0.05574099666130505,-0.921803
140,0.583333,walk,1.110659,0.776164,0.969468,0.026851,0.001713,-0.45289,-0.17042726836293517,-0.10873739798368612,0.04032645223234418,0.2984036628474587,-0.0060277114901218206,-0.06605067360474311,-0.0033605376860197985,0.00048007681227712134,0.0002400384061452231,0.006240998559789125,0.0031204992798945625,0.01752280364858463,-0.09252499999999997,0.06351099999999998,-0.924944,0.19461799999999996,-0.05996899999999994,-0.921898,0.2871429999999999,0.12347999999999992,0.003045999999999993,0.9943281137467157,0.9381050483588216,0.9381050483588216,0.005671886253284297,0.06189495164117842,-0.921898
141,0.5875,walk,1.109789,0.775536,0.969416,0.028353,0.001098,-0.452804,-0.20878329733624712,-0.15070794336452056,-0.012479001679851352,-0.776064145107628,-0.06454922768138746,-0.04572747162092625,-0.003839692824577845,0.0002399808015427761,0.0014398848092150266,0.0059995200383829005,0.0023998080153478313,0.01679865610751142,-0.09167099999999984,0.06413999999999997,-0.9248860000000001,0.19551300000000005,-0.05933100000000002,-0.921776,0.2871839999999999,0.123471,0.003110000000000057,0.993153650600496,0.9389023998080255,0.9389023998080255,0.006846349399504015,0.06109760019197452,-0.921776
142,0.591667,walk,1.109029,0.774978,0.969473,0.028412,0.000853,-0.452502,-0.18238540916723447,-0.13390928725703244,0.01367890568753859,-0.07625338844120168,0.08793981671339869,-0.1655709694227878,-0.010079193664530164,0.009839212862987388,-0.0004799616030722306,0.006959443244554005,0.0009599232061444612,0.017038636909047535,-0.09095300000000006,0.0647390000000001,-0.924945,0.19630199999999998,-0.05876899999999996,-0.921762,0.28725500000000004,0.12350800000000006,0.003183000000000047,0.9765106041755773,0.9374530823597601,0.9374530823597601,0.023489395824422665,0.0625469176402399,-0.921762
143,0.595833,walk,1.108245,0.774524,0.969612,0.027939,0.000952,-0.452338,-0.1881901104177,-0.10897743638981426,0.033365338454153584,0.22529213217430433,0.05819337127717254,-0.0897030163203104,0.00024003840612524228,-0.005280844935208373,-0.0007201152184340228,0.012722035525703826,-0.00960153624580918,0.005040806529043157,-0.09016800000000003,0.06517099999999998,-0.925087,0.19713900000000018,-0.058355000000000046,-0.92188,0.2873070000000002,0.12352600000000002,0.00320699999999996,0.9911081329928925,0.9400687656481018,0.9400687656481018,0.008891867007107535,0.05993123435189818,-0.92188
144,0.6,walk,1.107406,0.773975,0.969729,0.028063,0.000916,-0.452134,-0.20134389248860757,-0.13174946004320073,0.028077753779678864,-0.059433976102797194,-0.014208585983035612,-0.10952961486626929,-0.000959923206117818,-0.0014398848092033701,0.001679865610751142,0.0059995200383829005,-0.008399328053730731,0.009359251259900172,-0.08933299999999988,0.06571400000000005,-0.9251969999999999,0.19800300000000015,-0.05784099999999992,-0.9219579999999999,0.28733600000000004,0.12355499999999997,0.003238999999999992,0.9959803713218748,0.9443877323942509,0.9443877323942509,0.00401962867812522,0.05561226760574911,-0.9219579999999999
145,0.604167,walk,1.106633,0.773413,0.969768,0.028421,0.000634,-0.451878,-0.18550515958721064,-0.13486921046315026,0.009359251259901835,-0.212665006497149,0.03958057981523474,-0.13931922760783913,-0.009839212862960744,0.009599232061417969,-0.0011999040076805766,0.006959443244554005,-0.0004799616030855522,0.015118790496760277,-0.08860099999999993,0.06631599999999993,-0.925241,0.19880500000000012,-0.057281000000000026,-0.9219339999999999,0.28740600000000005,0.12359699999999996,0.00330700000000006,0.9770027093649385,0.939179022064302,0.939179022064302,0.022997290635061507,0.06082097793569796,-0.9219339999999999
146,0.608333,walk,1.105799,0.772859,0.96988,0.0285,0.00055,-0.451421,-0.20019203072491618,-0.13298127700433365,0.026884301488238335,-0.04877488354192185,0.012652463073300965,-0.24646700438537517,-0.007921267402772374,0.0043206913106273405,-0.0007201152184340036,0.006721075372039597,0.0012001920307327777,0.017762842054728188,-0.08779999999999988,0.06688800000000006,-0.925356,0.19966700000000004,-0.05672199999999994,-0.921972,0.2874669999999999,0.12361,0.0033839999999999426,0.9849138201032483,0.9344437286358278,0.9344437286358278,0.01508617989675165,0.06555627136417219,-0.921972
147,0.6125,walk,1.10483,0.772249,0.969872,0.028599,-7.2e-05,-0.450976,-0.2325413966882626,-0.1463882889368838,-0.0019198464122889224,-0.17398882213334277,0.23877281204366724,-0.2471190909206665,-0.0019198464122889224,0.0028797696184333834,0.002879769618430053,0.008159347252241243,-0.0007199424046016851,0.016558675305975303,-0.08683899999999989,0.06751000000000007,-0.9253359999999999,0.20067000000000013,-0.056114999999999915,-0.9218949999999999,0.287509,0.12362499999999998,0.0034410000000000274,0.9924959351094699,0.9348002563732067,0.9348002563732067,0.007504064890530127,0.06519974362679326,-0.9218949999999999
148,0.616667,walk,1.104027,0.771709,0.970097,0.0284,0.000322,-0.450858,-0.1927045836332859,-0.1295896328293725,0.053995680345580756,0.1713880248161836,-0.12724445761730147,-0.05940767387428529,-0.0040796736261473725,0.001679865610746191,0.001439884809215065,0.007439404847586468,0.0014398848092034085,0.015838732901369047,-0.08605300000000016,0.06805700000000003,-0.925555,0.2015039999999999,-0.05556899999999998,-0.9220539999999999,0.28755700000000006,0.12362600000000001,0.0035010000000000874,0.9922649869586659,0.9357266615089528,0.9357266615089528,0.00773501304133406,0.06427333849104722,-0.9220539999999999
149,0.620833,walk,1.103048,0.771006,0.970085,0.029336,-0.000277,-0.450486,-0.23499759961595354,-0.16874699951992528,-0.002880460873742677,-0.5283260051619089,0.04890887262373932,-0.20183670993697994,-0.005760921747485354,0.002880460873742677,0.0028804608737410115,0.0072011521843433676,0.0007201152184290069,0.01680268843014896,-0.08509800000000012,0.06877200000000006,-0.925531,0.20251299999999994,-0.054862999999999995,-0.921972,0.28761100000000006,0.12363500000000005,0.003558999999999979,0.9882405677254662,0.9339184029248062,0.9339184029248062,0.011759432274533799,0.06608159707519379,-0.921972
150,0.625,walk,1.102182,0.770392,0.970102,0.029435,-0.000728,-0.450086,-0.20782337413007604,-0.14734821214302826,0.004079673626120621,-0.1371774040449545,0.16608618088447127,-0.22045585018545769,-0.005519558435297348,0.0016798656107461464,0.0031197504199661683,0.00623950083995232,0.0011999040076872372,0.01319894408447302,-0.08425499999999997,0.06939300000000004,-0.925535,0.20340500000000006,-0.05424399999999996,-0.921934,0.28766,0.123637,0.0036009999999999653,0.9890683542367292,0.9395755652155172,0.9395755652155172,0.01093164576327077,0.06042443478448278,-0.921934
151,0.629167,walk,1.101305,0.769775,0.970269,0.029163,-0.0006,-0.449709,-0.21046316294696663,-0.14806815454762995,0.04007679385649795,0.1468461516790522,-0.0014679497963955956,-0.202769248427991,-0.00767938564915569,0.004079673626120621,0.002879769618430053,0.004079673626093978,0.0016798656107461464,0.012958963282936905,-0.08340999999999998,0.07002700000000006,-0.92569,0.204299,-0.05362,-0.9220470000000001,0.287709,0.12364700000000006,0.003642999999999952,0.9847329536164985,0.9407542881418356,0.9407542881418356,0.015267046383501515,0.05924571185816441,-0.9220470000000001
152,0.633333,walk,1.100307,0.769097,0.970287,0.029622,-0.001054,-0.449514,-0.23955832933270613,-0.16274603936628804,0.004320691310600691,-0.29363535898169835,0.09271865529231728,-0.10749739730775605,-0.010801728276541701,0.004800768122877812,0.001920307249160119,0.006240998559789125,0.0031204992798945625,0.01368218915026439,-0.082457,0.07072499999999993,-0.9257,0.20532300000000014,-0.052929000000000004,-0.922008,0.28778000000000015,0.12365399999999993,0.0036919999999999176,0.980040855043569,0.937482155107926,0.937482155107926,0.01995914495643103,0.06251784489207401,-0.922008
153,0.6375,walk,1.099412,0.768437,0.970397,0.029983,-0.001241,-0.448995,-0.21478281737458246,-0.15838732901368047,0.02639788816893342,-0.19175639681651788,-0.0052607524562127235,-0.27858963381728014,-0.006479481641468625,0.003839692824577947,0.0031197504199662516,0.006479481641468625,0.00023998080151613928,0.01295896328293725,-0.08158900000000013,0.07140099999999994,-0.925797,0.206245,-0.05226800000000009,-0.922064,0.28783400000000015,0.12366900000000003,0.0037329999999999863,0.986412856770285,0.9385190854500439,0.9385190854500439,0.013587143229714993,0.06148091454995608,-0.922064
154,0.641667,walk,1.098343,0.767707,0.97043,0.030088,-0.001733,-0.448741,-0.25653947684184747,-0.175185985121191,0.007919366450698465,-0.14939810820302124,0.18452443141264915,-0.14260920560343102,-0.004079673626093978,0.0009599232061444612,-0.0007199424046083459,0.010079193664476878,0.0011999040076872372,0.024478041756658783,-0.08053700000000008,0.07213499999999995,-0.925833,0.20735599999999987,-0.05153300000000005,-0.921995,0.28789299999999995,0.123668,0.003838000000000008,0.9929125489374422,0.9174547659730962,0.9174547659730962,0.007087451062557815,0.08254523402690384,-0.921995
155,0.645833,walk,1.097432,0.76702,0.970537,0.030348,-0.0018,-0.448429,-0.21867498799810503,-0.1649063850216017,0.025684109457505558,-0.12405348662789561,-0.031912405262843974,-0.1661998295603776,-0.004800768122877812,0.0016802688430098993,0.0012001920307261153,0.004800768122931111,0.0026404224675907915,0.0064810369659143606,-0.07964599999999988,0.07282899999999992,-0.925935,0.2082870000000001,-0.050835000000000075,-0.922075,0.287933,0.123664,0.0038599999999999746,0.9912899899756009,0.9472556012724453,0.9472556012724453,0.008710010024399084,0.05274439872755465,-0.922075
156,0.65,walk,1.09643,0.766247,0.970592,0.030541,-0.002166,-0.44785,-0.2404607631389344,-0.1855051595872373,0.01319894408447968,-0.15790066389132615,0.1067053607198641,-0.3143206491307307,-0.005999520038436187,0.0009599232061444612,0.0002399808015344501,0.009599232061391325,-0.004079673626093978,0.017518598512119767,-0.0786690000000001,0.07360599999999995,-0.9259890000000001,0.20932899999999988,-0.050078999999999985,-0.922057,0.287998,0.12368499999999993,0.003932000000000047,0.9898657231746253,0.9266991930441799,0.9266991930441799,0.01013427682537471,0.07330080695582009,-0.922057
157,0.654167,walk,1.095414,0.765521,0.970658,0.030702,-0.002485,-0.44747,-0.24382049436042671,-0.17422606191504653,0.01583873290137029,-0.13531791950257627,0.0964460988390349,-0.2070364488524539,-0.006239500839899033,0.00311975041997616,0.0,0.011039116870701268,0.0026397888168906074,0.022558195344371524,-0.07767900000000005,0.074345,-0.9260550000000001,0.210391,-0.049342,-0.922029,0.28807000000000005,0.12368699999999999,0.004026000000000085,0.9883733766469125,0.9176520377635651,0.9176520377635651,0.011626623353087506,0.08234796223643492,-0.922029
158,0.658333,walk,1.094306,0.764792,0.970709,0.030928,-0.002878,-0.447021,-0.2659625540086744,-0.1749879980796924,0.012241958713400041,-0.17874774248573913,0.11320246399834044,-0.24457984392999468,-0.007681228996647344,0.0036005760921717796,0.0014402304368713768,-0.002160345655340377,0.009361497839657288,0.02568410945751457,-0.07660299999999998,0.07508899999999996,-0.9261,0.21148999999999996,-0.048574000000000006,-0.921973,0.28809299999999993,0.12366299999999997,0.004126999999999992,0.985658946768325,0.9130262980535966,0.9130262980535966,0.014341053231675005,0.08697370194640341,-0.921973
159,0.6625,walk,1.093299,0.764002,0.970806,0.030949,-0.003092,-0.446643,-0.24166066714662165,-0.1895848332133579,0.023278137748956557,-0.05267125383646793,0.08144768151324236,-0.20546063517063792,-0.005759539236866767,0.0009599232061444612,-0.0011999040076805766,0.011519078473733534,0.0026397888168906074,0.021838252939764845,-0.07562000000000002,0.07588300000000003,-0.926202,0.21254499999999998,-0.047772999999999954,-0.921979,0.288165,0.12365599999999999,0.004222999999999977,0.9900650009212171,0.9163853898256127,0.9163853898256127,0.009934999078782925,0.08361461017438732,-0.921979
160,0.666667,walk,1.092189,0.763141,0.970753,0.031957,-0.003865,-0.446174,-0.2663786897048082,-0.2066234701223888,-0.012718982481394128,-0.5960953292970245,0.10840274545060712,-0.2532831877241241,-0.004079673626093978,0.0019198464122889224,0.0009599232061444612,0.013198944084453037,-0.0002399808015427761,0.018958483321333125,-0.07452700000000001,0.07675200000000004,-0.926145,0.21370999999999984,-0.04691299999999998,-0.921847,0.28823699999999985,0.12366500000000002,0.004298000000000024,0.9923168655658572,0.918516976829558,0.918516976829558,0.007683134434142813,0.08148302317044198,-0.921847
161,0.670833,walk,1.091043,0.762364,0.970844,0.032247,-0.00418,-0.446044,-0.2750840134421725,-0.1865098415746318,0.021843494959208638,-0.19141626750157206,0.07103981427131092,-0.07146451290685275,-0.007921267402825673,0.00048007681227712134,-0.0028804608737410115,0.010081613058112695,-0.0014402304368580138,0.017762842054729854,-0.07341400000000009,0.0775309999999999,-0.9262480000000001,0.21489800000000003,-0.046142000000000016,-0.921864,0.2883120000000001,0.12367299999999992,0.0043840000000000545,0.9859293443789815,0.9220347509807196,0.9220347509807196,0.014070655621018502,0.07796524901928037,-0.921864
162,0.675,walk,1.089967,0.761475,0.970812,0.03292,-0.004927,-0.445495,-0.2582193424526203,-0.21334293256540002,-0.00767938564915569,-0.4461250002430834,0.16760844223617555,-0.29855467912654776,-0.005279577633781215,0.0019198464122889224,0.0007199424046083459,0.010799136069131849,-0.003359731221518936,0.016558675305975303,-0.07235999999999998,0.07842799999999994,-0.926213,0.21601900000000018,-0.04526700000000006,-0.921763,0.28837900000000016,0.123695,0.004449999999999954,0.9905604161897514,0.922079328518898,0.922079328518898,0.009439583810248564,0.07792067148110204,-0.921763
163,0.679167,walk,1.088867,0.760615,0.970961,0.033123,-0.005056,-0.445083,-0.2639788816894408,-0.20638348932085152,0.03575713942883551,-0.11262951504609733,0.005014492067079314,-0.22038194811575235,-0.008639308855273737,0.004799616030722434,0.005519558435325803,0.01199904007676612,-0.007679385649129251,0.01775857931365469,-0.07129600000000003,0.07930799999999993,-0.9263389999999999,0.21716899999999995,-0.044439000000000006,-0.9218379999999999,0.28846499999999997,0.12374699999999994,0.004500999999999977,0.9811335470521414,0.917045703621725,0.917045703621725,0.018866452947858603,0.082954296378275,-0.9218379999999999
164,0.683333,walk,1.08776,0.759755,0.970923,0.03321,-0.005726,-0.444466,-0.2657225156024888,-0.2064330292847053,-0.009121459433505152,-0.17726416641199316,0.2587045760188752,-0.33960984015868184,-0.010801728276541701,0.0009601536245808924,0.0038406144983185726,0.01200192030727448,-0.005760921747485354,0.018242918867018634,-0.07023400000000013,0.08017200000000002,-0.926285,0.21832600000000002,-0.04360299999999995,-0.921724,0.28856000000000015,0.12377499999999997,0.004561000000000037,0.9808261210332236,0.9167499504357599,0.9167499504357599,0.01917387896677636,0.08325004956424009,-0.921724
165,0.6875,walk,1.086654,0.758949,0.971016,0.033711,-0.005988,-0.444187,-0.2654187664986904,-0.1934245260379091,0.022318214542838742,-0.2700286433834114,0.0009185115484186934,-0.14784223116912087,-0.0067194624429845855,0.0016798656107461464,0.0,0.012718982481367486,-0.00767938564915569,0.01799856011519033,-0.069156,0.08098499999999997,-0.926378,0.21948499999999993,-0.042829000000000006,-0.921742,0.2886409999999999,0.12381399999999998,0.0046360000000000845,0.9884562277500848,0.9147422120905346,0.9147422120905346,0.011543772249915207,0.08525778790946537,-0.921742
166,0.691667,walk,1.085571,0.758097,0.971133,0.033838,-0.006152,-0.443612,-0.25989920806333977,-0.2044636429085571,0.02807775377970551,-0.0866738077163302,0.033289975058330756,-0.30884665885015145,-0.009839212862960744,0.0035997120230350688,0.002639788816895603,0.01583873290139693,-0.009839212862960744,0.02087832973362205,-0.06811400000000001,0.08185199999999992,-0.926484,0.220634,-0.042018,-0.921772,0.288748,0.12386999999999992,0.0047119999999999385,0.9819925539005201,0.9062258283945019,0.9062258283945019,0.018007446099479907,0.09377417160549806,-0.921772
167,0.695833,walk,1.08442,0.757173,0.971116,0.034057,-0.007023,-0.442988,-0.2762842054729053,-0.22179548727797294,-0.004080652904475455,-0.27671815293416385,0.31683015807966153,-0.3443957314690672,-0.006961113778218132,0.0019203072491617847,0.0009601536245792267,0.010561689870363166,-0.009841574651960809,0.012722035525683498,-0.06699199999999994,0.08278399999999997,-0.926463,0.22182900000000005,-0.04113500000000003,-0.921702,0.288821,0.123919,0.004761000000000015,0.9878588646939339,0.920319934671419,0.920319934671419,0.012141135306066086,0.07968006532858096,-0.921702
168,0.7,walk,1.083215,0.756172,0.971045,0.035051,-0.008049,-0.442645,-0.28917686585071356,-0.2402207823374247,-0.017038636909031336,-0.6446859542344506,0.22379152144414616,-0.1870538261958709,-0.006719462442984764,0.002159827213831756,0.0002399808015361217,0.014398848092140659,-0.009599232061418224,0.01799856011519081,-0.06581499999999996,0.08379400000000004,-0.9263910000000001,0.2230939999999999,-0.04017399999999993,-0.921556,0.28890899999999986,0.12396799999999997,0.004835000000000034,0.9882297904411419,0.9100360250246506,0.9100360250246506,0.011770209558858102,0.08996397497534936,-0.921556
169,0.704167,walk,1.08212,0.755309,0.971135,0.035831,-0.008419,-0.442349,-0.2627789776817998,-0.2071034317254477,0.021598272138210414,-0.4132930019865257,-0.012012739204194349,-0.15429589878512057,-0.002879769618460027,-0.0016798656107461464,-0.010559155267579083,0.016078713702913066,-0.010319174466046297,0.01799856011519033,-0.06473200000000001,0.08465,-0.9265249999999999,0.224256,-0.039354,-0.9215709999999999,0.288988,0.124004,0.004954000000000014,0.9815450412045964,0.9067132997364669,0.9067132997364669,0.018454958795403598,0.09328670026353314,-0.9215709999999999
170,0.708333,walk,1.081045,0.754326,0.971218,0.036799,-0.008602,-0.441965,-0.25804128660584164,-0.23595775324050777,0.019923187710046853,-0.4542931047627291,-0.13404451250556176,-0.1958582540371409,-0.007441190590468603,0.0031204992798945625,-0.0048007681228994644,0.01632261161784852,-0.011041766682666937,0.02016322611617875,-0.06368799999999997,0.085646,-0.926628,0.2253989999999999,-0.038417000000000034,-0.92157,0.28908699999999987,0.12406300000000003,0.005058000000000007,0.9843514104532151,0.9024299316369899,0.9024299316369899,0.01564858954678494,0.09757006836301008,-0.92157
171,0.7125,walk,1.07989,0.753457,0.971222,0.037122,-0.009283,-0.44143,-0.27717782577394007,-0.20854331653467773,0.0009599232061444612,-0.2813163219049438,0.213969023601567,-0.2923761404102302,-0.011999040076819087,0.007439404847612913,0.009839212862970736,0.01895848332137309,-0.012718982481394128,0.01967842572594314,-0.06258300000000006,0.08654600000000001,-0.926591,0.22663300000000008,-0.037600999999999996,-0.921492,0.28921600000000014,0.12414700000000001,0.005099000000000076,0.9713191983969025,0.8987761843569865,0.8987761843569865,0.028680801603097494,0.10122381564301353,-0.921492
172,0.716667,walk,1.078719,0.752515,0.971357,0.037705,-0.009428,-0.440868,-0.2810175185985179,-0.22606191504679415,0.032397408207342264,-0.2796037269109764,-0.0722615398727016,-0.29498016865272886,-0.005759539236866767,0.0023998080153478313,-0.000959923206142796,0.019438444924405357,-0.012479001679877996,0.021358291336692613,-0.061436000000000046,0.08749799999999996,-0.92673,0.22788500000000012,-0.03671100000000005,-0.921538,0.28932100000000016,0.12420900000000001,0.0051920000000000854,0.98947848457086,0.895646040668375,0.895646040668375,0.010521515429140038,0.10435395933162495,-0.921538
173,0.720833,walk,1.07751,0.751466,0.971238,0.038568,-0.010557,-0.440168,-0.29020643302929594,-0.25180028804611254,-0.028564570331248994,-0.6083028412800979,0.28937322903115376,-0.3803167477988128,-0.006481036965914533,0.00024003840615189188,-0.007201152184350222,0.016562650023974196,-0.008161305808924477,0.01824291886701912,-0.06025400000000003,0.08854800000000007,-0.926641,0.229163,-0.03569599999999995,-0.921343,0.28941700000000004,0.12424400000000002,0.005298000000000025,0.983848112307419,0.9037594079408138,0.9037594079408138,0.016151887692581024,0.09624059205918623,-0.921343
174,0.725,walk,1.076272,0.750452,0.971259,0.039393,-0.011132,-0.439666,-0.297096232301431,-0.2433405327573678,0.005039596832238439,-0.47545592556951305,0.06294530976604892,-0.26548004094239264,-0.008159347252187955,-0.0007199424046283283,-0.00911927045836239,0.019438444924405357,-0.013438924886022456,0.0247180225581949,-0.059049999999999825,0.08955899999999994,-0.9267,0.23048200000000008,-0.03473800000000005,-0.921261,0.2895319999999999,0.12429699999999999,0.005438999999999972,0.9795702859145659,0.8886149104854266,0.8886149104854266,0.020429714085434147,0.11138508951457338,-0.921261
175,0.729167,walk,1.075229,0.749569,0.971316,0.040104,-0.011648,-0.439096,-0.2502999760018952,-0.21190304775617,0.01367890568753859,-0.4135581921377938,0.060105749654265475,-0.3022757618805022,-0.006719462443037872,0.003599712023061712,-0.004079673626110629,0.022558195344381516,-0.017518598512116436,0.028797696184305527,-0.05803500000000006,0.09045700000000001,-0.926774,0.23161900000000002,-0.03392800000000007,-0.921198,0.2896540000000001,0.12438500000000008,0.005576000000000025,0.9855900459685409,0.8766406743839611,0.8766406743839611,0.01440995403145906,0.1233593256160389,-0.921198
176,0.733333,walk,1.074085,0.748617,0.971407,0.040526,-0.012012,-0.438366,-0.2746039366298687,-0.22851656265003917,0.021843494959208638,-0.2562224797770877,0.05195656817424039,-0.3893682064889369,-0.008881421027326617,0.0028804608737160275,-0.0014402304368696728,0.018242918867010304,-0.015362457993267627,0.027124339894381892,-0.05692799999999987,0.09142099999999997,-0.926871,0.23283900000000002,-0.03303999999999996,-0.921176,0.2897669999999999,0.12446099999999993,0.005695000000000006,0.9842545458040763,0.882852662040004,0.882852662040004,0.015745454195923658,0.11714733795999599,-0.921176
177,0.7375,walk,1.072895,0.747633,0.971401,0.04138,-0.012684,-0.437688,-0.28557715382769744,-0.23614110871129768,-0.0014398848092300135,-0.5077898701565488,0.09507193020059033,-0.35984765923612066,-0.005999520038436187,0.0002399808015427761,-0.0023998080153578225,0.016558675305998617,-0.019438444924405357,0.027597792176626616,-0.05576300000000001,0.09240599999999999,-0.926875,0.23409800000000014,-0.03213699999999997,-0.921055,0.28986100000000015,0.12454299999999996,0.005820000000000047,0.9892231072831108,0.8791350842001483,0.8791350842001483,0.010776892716889197,0.1208649157998517,-0.921055
178,0.741667,walk,1.0717,0.746594,0.971469,0.042408,-0.013218,-0.437224,-0.286777057835339,-0.249340052795784,0.016318694504456274,-0.5547432054968736,0.003972894375683739,-0.24006533893087859,-0.006719462442984764,0.002639788816890678,-0.0016798656107511866,0.018238540916718605,-0.020398368130550362,0.03335733141348761,-0.05459600000000009,0.09345599999999998,-0.92695,0.23536899999999994,-0.03118299999999996,-0.920984,0.28996500000000003,0.12463899999999994,0.005966000000000027,0.9876462321322772,0.8684324714923257,0.8684324714923257,0.012353767867722798,0.13156752850767428,-0.920984
179,0.745833,walk,1.07055,0.74559,0.971396,0.043545,-0.014029,-0.436414,-0.27604416706678003,-0.24099855976956414,-0.017522803648581296,-0.659022815369328,0.09250526062298868,-0.4272315475803485,0.0040806529044488055,0.007201152184370017,-0.001920307249160119,0.018722995679314076,-0.023043686989914765,0.03600576092174682,-0.05342899999999995,0.09449000000000007,-0.9268850000000001,0.23659700000000017,-0.03027499999999994,-0.920761,0.2900260000000001,0.12476500000000001,0.006124000000000018,0.9858386381657479,0.8609786666057628,0.8609786666057628,0.014161361834252095,0.13902133339423717,-0.920761
180,0.75,walk,1.069354,0.744526,0.971528,0.044119,-0.014417,-0.435718,-0.2870170386369008,-0.25533957283416026,0.03167746580271393,-0.32716160985454795,0.03051406044876147,-0.36809491403871764,-0.0067194624429845855,0.0028797696184067402,-0.0004799616030722306,0.015358771298258092,-0.023518118550525977,0.04007679385649129,-0.05226099999999989,0.09556599999999993,-0.9270189999999999,0.23785699999999999,-0.02930900000000003,-0.9207259999999999,0.2901179999999999,0.12487499999999996,0.006292999999999993,0.9877895068215213,0.8555030002430775,0.8555030002430775,0.012210493178478665,0.14449699975692254,-0.9207259999999999
181,0.754167,walk,1.068236,0.743599,0.971563,0.044949,-0.014846,-0.434999,-0.26829853611709714,-0.22246220302375908,0.008399328053757375,-0.44642587341719164,-0.00579337853342798,-0.3762779896702702,-0.00455963522917953,-0.0014398848092033701,-0.0007199424046083459,0.010319174466046297,-0.021358291336694278,0.050395968322534256,-0.05116199999999993,0.09648699999999999,-0.9270569999999999,0.23901799999999995,-0.028471000000000024,-0.9205509999999999,0.2901799999999999,0.12495800000000001,0.006506000000000012,0.9919408680587205,0.8421077798742733,0.8421077798742733,0.008059131941279496,0.15789222012572668,-0.9205509999999999
182,0.758333,walk,1.067118,0.742666,0.971691,0.045397,-0.014981,-0.434351,-0.2683629380700796,-0.22395583293325996,0.030724915986561904,-0.21998806784651995,-0.05131639709011529,-0.33959166296052745,-0.007921267402772374,0.0002400384061518855,-0.0007201152184340036,0.0028804608737693265,-0.027364378300515458,0.047527604416705865,-0.05007699999999993,0.09742099999999998,-0.927188,0.24014800000000003,-0.02765200000000001,-0.920481,0.29022499999999996,0.125073,0.0067070000000000185,0.9867374104222868,0.8414001105860023,0.8414001105860023,0.013262589577713202,0.15859988941399772,-0.920481
183,0.7625,walk,1.06591,0.741522,0.971605,0.047048,-0.016154,-0.433629,-0.28989680825536857,-0.2745380369570568,-0.0206383489320665,-0.9571935778060884,0.14473381040310807,-0.3760430219267541,-0.006479481641468625,0.00287976961843346,-0.0016798656107511866,0.0009599232061178436,-0.03503719702426045,0.046556275497960986,-0.04889599999999983,0.09857700000000003,-0.9271090000000001,0.24136000000000002,-0.026654000000000067,-0.920201,0.29025599999999985,0.1252310000000001,0.006908000000000025,0.987855190424213,0.8337944595879394,0.8337944595879394,0.012144809575787008,0.1662055404120606,-0.920201
184,0.766667,walk,1.064699,0.74046,0.971526,0.048411,-0.016991,-0.432783,-0.2906167506599093,-0.25485961123110135,-0.018958483321346448,-0.7621186063640215,0.0561819154164937,-0.44026108600386166,-0.004319654427663397,-0.0002399808015427761,-0.003359731221502284,-0.006959443244500718,-0.04799616030716977,0.0556755459563238,-0.04770300000000005,0.099638,-0.927044,0.24254200000000004,-0.025792000000000037,-0.91989,0.2902450000000001,0.12543000000000004,0.007153999999999994,0.9908705605867187,0.8053991334876236,0.8053991334876236,0.00912943941328126,0.1946008665123764,-0.91989
185,0.770833,walk,1.063608,0.739474,0.971619,0.049651,-0.017243,-0.432203,-0.2618819011041652,-0.23667786845896344,0.02232357177148576,-0.5880893098339102,-0.16390798047893815,-0.28915307017924813,-0.004800768122877812,0.0007201152184290069,-0.0043206913106106845,-0.00816130580895091,-0.0657705232837245,0.05040806529044688,-0.04663200000000001,0.10062700000000002,-0.9271550000000001,0.2435989999999999,-0.02507999999999999,-0.919773,0.2902309999999999,0.125707,0.007382000000000111,0.9891686778919448,0.7874021830501867,0.7874021830501867,0.010831322108055152,0.21259781694981328,-0.919773
186,0.775,walk,1.062534,0.738534,0.971561,0.050319,-0.017743,-0.431338,-0.25773938084953474,-0.2255819534437086,-0.013918886489081366,-0.39074063612659204,0.05381159035034384,-0.45647653042449443,-0.004319654427663397,-0.0007199424046016851,-0.0011999040076789112,-0.020878329733608727,-0.07847372210222311,0.03959683225341906,-0.04557600000000006,0.10156399999999999,-0.927102,0.24458599999999997,-0.024467000000000017,-0.91955,0.29016200000000003,0.126031,0.007552000000000003,0.9924322502485842,0.7739075844434936,0.7739075844434936,0.007567749751415831,0.2260924155565064,-0.91955
187,0.779167,walk,1.061384,0.737518,0.971585,0.050864,-0.018132,-0.430432,-0.27597792176625285,-0.24382049436045336,0.005759539236866767,-0.31426553336560237,0.030066340335666773,-0.47836211185516136,-0.006719462443037872,-0.0002399808015427761,-0.004079673626108965,-0.04223662107030301,-0.08711303095752326,0.037197024238059574,-0.044454000000000216,0.10257899999999998,-0.927143,0.24556,-0.023814000000000002,-0.919419,0.2900140000000002,0.12639299999999998,0.007724000000000064,0.9868922729315793,0.7499062489221213,0.7499062489221213,0.013107727068420671,0.2500937510778787,-0.919419
188,0.783333,walk,1.060236,0.73657,0.971742,0.051206,-0.017952,-0.429485,-0.2755640902544836,-0.22755640902546434,0.037686029764754395,-0.1083589897459292,-0.1754414766196284,-0.49214343900581237,-0.0038406144982703725,0.00048007681230378377,-0.005280844935190052,-0.0583293326932841,-0.0986557849256027,0.04632741238598432,-0.04332199999999986,0.1035290000000001,-0.927322,0.24646499999999993,-0.023276999999999992,-0.919383,0.2897869999999998,0.12680600000000009,0.00793900000000003,0.9890877086758454,0.7145793652086361,0.7145793652086361,0.01091229132415461,0.2854206347913639,-0.919383
189,0.7875,walk,1.059028,0.736016,0.972026,0.051128,-0.017892,-0.428387,-0.28989680825530756,-0.13294936405086133,0.06815454763617682,0.04963145287682771,-0.04141569673746043,-0.5830958865775517,-0.005039596832265082,0.0016798656107461464,-0.00479961603071731,-0.07391408687304359,-0.12479001679864674,0.04607631389488751,-0.042135000000000034,0.10409000000000002,-0.927626,0.24736499999999984,-0.023243000000000014,-0.9194749999999999,0.28949999999999987,0.12733300000000003,0.00815100000000002,0.9880678074632504,0.6648560378450945,0.6648560378450945,0.011932192536749597,0.3351439621549055,-0.9194749999999999
190,0.791667,walk,1.058112,0.735142,0.972263,0.05117,-0.017375,-0.427511,-0.2198224142068951,-0.20974322054236494,0.0568754499640127,0.09099986789731997,-0.2575882391725598,-0.4533607855611234,-0.0059995200383829005,-0.0004799616030855522,-0.002639788816895603,-0.08903287736978555,-0.16510679145668747,0.06215502759779225,-0.041243999999999836,0.104962,-0.927874,0.24791000000000007,-0.023056999999999994,-0.919453,0.2891539999999999,0.128019,0.008421000000000012,0.9890464251359048,0.5864372960590911,0.5864372960590911,0.010953574864095206,0.4135627039409089,-0.919453
191,0.795833,walk,1.057117,0.734258,0.972279,0.051214,-0.017565,-0.426469,-0.23883821411422382,-0.212193951032164,0.0038406144983235695,-0.05480967922539062,0.0436298562832613,-0.5554597950301087,-0.006000960153663889,0.0016802688430365487,-0.0026404224675941226,-0.1281805088814292,-0.19347095535284994,0.08377340374459791,-0.04027400000000014,0.10585300000000009,-0.927901,0.2483709999999999,-0.02297899999999997,-0.91912,0.28864500000000004,0.12883200000000006,0.008780999999999928,0.9887198974396264,0.5009613646305946,0.5009613646305946,0.011280102560373595,0.4990386353694054,-0.91912
192,0.8,walk,1.056122,0.733344,0.972416,0.051424,-0.017176,-0.425637,-0.2387808975282149,-0.2193424526037829,0.03287736981040117,-0.008855973357854924,-0.23527930713788997,-0.4286325361045751,-0.004799616030695663,-0.0002399808015427761,-0.00479961603071731,-0.15214782817375055,-0.20542356611470156,0.07271418286537133,-0.03929899999999997,0.10676600000000003,-0.9280579999999999,0.24873199999999995,-0.02292099999999997,-0.9189539999999999,0.2880309999999999,0.129687,0.009104000000000001,0.9886801282312991,0.4660054139058919,0.4660054139058919,0.011319871768700862,0.5339945860941081,-0.9189539999999999
193,0.804167,walk,1.055231,0.732571,0.972428,0.052034,-0.016905,-0.424903,-0.21382289416846462,-0.18550515958724223,0.00287976961843346,-0.2073449879907457,-0.26282568796827405,-0.37105214814560805,-0.00815934725224146,-0.00287976961843346,-0.008159347252219812,-0.16582673386129357,-0.26637868970484196,0.08639308855291722,-0.03844200000000009,0.10752700000000004,-0.9281039999999999,0.24893199999999993,-0.023258,-0.9186059999999999,0.287374,0.13078500000000004,0.009498000000000006,0.9801783670212302,0.40502,0.40502,0.01982163297876982,0.5949800000000001,-0.9186059999999999
194,0.808333,walk,1.05408,0.731519,0.972419,0.052087,-0.017365,-0.423673,-0.2762842054729053,-0.2525204032645082,-0.0021603456552870205,-0.11266790840991509,0.15341274686565945,-0.6600783399689995,0.011521843494970707,0.0482477196351432,0.09217474795967238,-0.1963514162265926,-0.2938070091214599,0.06000960153624581,-0.037242999999999915,0.10877999999999999,-0.9277110000000001,0.24926500000000007,-0.023430000000000062,-0.918347,0.286508,0.13221000000000005,0.009364000000000039,0.8255422727982578,0.40635999999999994,0.40635999999999994,0.17445772720174224,0.5936400000000001,-0.918347
195,0.8125,walk,1.053085,0.730524,0.972373,0.052292,-0.017714,-0.422797,-0.23878089752816165,-0.2387808975282149,-0.011039116870647982,-0.157455393159597,0.08460640143609952,-0.4666714506029293,-0.006479481641468453,0.004799616030722306,0.006719462443004568,-0.23782097432204383,-0.3422126229901407,0.09023278137748943,-0.03627500000000006,0.10979500000000009,-0.927637,0.24926899999999996,-0.02386099999999991,-0.917925,0.285544,0.133656,0.009712000000000054,0.982506257316508,0.40287999999999996,0.40287999999999996,0.01749374268349202,0.5971200000000001,-0.917925
196,0.816667,walk,1.052141,0.729557,0.972386,0.052688,-0.017599,-0.42202,-0.2265418766498797,-0.23206143508517704,0.0031197504199495167,-0.1466074227086011,-0.15269449106243563,-0.400478425148771,-0.005519558435297348,0.004319654427636754,0.0055195584353256565,-0.26133909287259643,-0.3726901847852207,0.08399328053755543,-0.035353999999999886,0.11077999999999999,-0.927627,0.2491239999999999,-0.024446999999999997,-0.917588,0.2844779999999998,0.13522699999999999,0.01003900000000002,0.9851310852768604,0.39961,0.39961,0.014868914723139559,0.60039,-0.917588
197,0.820833,walk,1.051222,0.728591,0.972333,0.052974,-0.017759,-0.421074,-0.2205952952472135,-0.231877100336059,-0.012722035525676837,-0.1540022964498877,-0.015923413866885287,-0.4978812442236996,-0.006240998559789125,0.0012001920307327777,0.0031204992798845687,-0.306048967834833,-0.4246279404704799,0.05952952472395536,-0.034461000000000075,0.11175100000000004,-0.927561,0.24876799999999988,-0.025249999999999995,-0.917287,0.28322899999999995,0.13700100000000004,0.010274000000000005,0.988199807006088,0.39726,0.39726,0.011800192993911995,0.60274,-0.917287
198,0.825,walk,1.050229,0.727525,0.972297,0.053303,-0.018013,-0.420138,-0.2383009359251357,-0.25581953443725264,-0.008639308855300381,-0.1918411466941425,0.016582206627314786,-0.49321714004865486,-0.005519558435350781,0.001679865610746191,0.0031197504199662516,-0.3282937365010948,-0.47204223662106515,0.04631629469642653,-0.03349100000000016,0.11282400000000004,-0.927512,0.24839299999999986,-0.026150999999999924,-0.9170579999999999,0.281884,0.13897499999999996,0.010454000000000074,0.9890683542366543,0.3954599999999999,0.3954599999999999,0.01093164576334571,0.6045400000000001,-0.9170579999999999
199,0.829167,walk,1.049332,0.72657,0.972237,0.05342,-0.018039,-0.419369,-0.2152627789777156,-0.22918166546674365,-0.014398848092140275,-0.053823585695980204,-0.03498160216651303,-0.4043201688294492,-0.005759539236866767,0.0019198464122889224,0.00479961603071731,-0.3626109911207172,-0.5116390688744916,0.04343652507799191,-0.032618000000000036,0.11378699999999997,-0.927432,0.24777899999999997,-0.02732800000000002,-0.916817,0.280397,0.141115,0.010615000000000041,0.9871014194891555,0.39385000000000003,0.39385000000000003,0.01289858051084447,0.60615,-0.916817
200,0.833333,walk,1.04837,0.725029,0.971877,0.051598,-0.019913,-0.417142,-0.23091694671145144,-0.36989918386942233,-0.08641382621220037,0.4240134035224471,1.1153896630271742,-1.252796001570372,-0.00984157465193416,0.0021603456552870205,0.007681228996640476,-0.4075852136341757,-0.5667306769083187,0.04560729716754741,-0.031697000000000086,0.11533699999999991,-0.92704,0.2470429999999999,-0.028148000000000062,-0.9162669999999999,0.27874,0.14348499999999997,0.010773000000000033,0.9788835922221382,0.39227,0.39227,0.021116407777861834,0.60773,-0.9162669999999999
201,0.8375,walk,1.04746,0.724055,0.971846,0.051568,-0.019995,-0.416343,-0.21838252939763847,-0.23374130069594984,-0.007439404847612913,-0.0019030259156255411,0.018414329789079656,-0.4236802834738932,-0.017278617710547017,-0.0019198464122622792,0.01439884809215193,-0.4934005279577202,-0.7009839212862801,-0.006479481641468453,-0.03085899999999997,0.11630300000000005,-0.926949,0.24589700000000003,-0.030094999999999983,-0.9162629999999999,0.276756,0.14639800000000003,0.010686000000000084,0.9623774865489509,0.39314,0.39314,0.037622513451049056,0.60686,-0.9162629999999999
202,0.841667,walk,1.046543,0.723022,0.971769,0.051812,-0.020247,-0.415423,-0.22006239500841124,-0.24790016798654735,-0.018478521718260896,-0.15551682615651233,0.034378591424873955,-0.4849571250909387,-0.008639308855326794,0.008159347252214599,0.015358771298296393,-0.506839452843796,-0.7113030957523264,0.02687784977201827,-0.02997800000000006,0.11736999999999997,-0.926808,0.24470199999999998,-0.032026,-0.9160739999999999,0.27468000000000004,0.14939599999999997,0.010734000000000021,0.9676347039050346,0.39266,0.39266,0.03236529609496541,0.60734,-0.9160739999999999
203,0.845833,walk,1.045672,0.722026,0.971752,0.051908,-0.020116,-0.414585,-0.20907345175230166,-0.23907825252043535,-0.004080652904475564,-0.014411384810625061,-0.10078313436698606,-0.4368563670464587,-0.006721075372039776,0.016562650024000848,0.018722995679309577,-0.5300048007681337,-0.7794047047527806,0.051128180508882244,-0.02913499999999991,0.11843500000000007,-0.9267129999999999,0.24336500000000005,-0.03427699999999989,-0.915844,0.27249999999999996,0.15271199999999996,0.010868999999999907,0.9568579607838628,0.39131000000000005,0.39131000000000005,0.04314203921613724,0.60869,-0.915844
204,0.85,walk,1.044766,0.721054,0.971598,0.052186,-0.020329,-0.413691,-0.21742260619146736,-0.23326133909286428,-0.03695704343652179,-0.16256833799507295,0.011530556623534416,-0.46937103507794514,-0.01223902087833522,0.008399328053757375,0.011519078473721878,-0.5646748260139265,-0.8420926325894094,0.05879529637628997,-0.028280000000000083,0.11944200000000005,-0.926511,0.24191799999999986,-0.03681400000000001,-0.915445,0.27019799999999994,0.15625600000000006,0.01106600000000002,0.968684778608003,0.38934,0.38934,0.03131522139199705,0.61066,-0.915445
205,0.854167,walk,1.043941,0.720042,0.971633,0.052017,-0.020052,-0.412991,-0.1979841612671153,-0.2428605711543089,0.008399328053757375,0.13024308446487967,-0.10804625211904642,-0.36632508099213484,0.00455963522917953,0.0002399808015427761,-0.006239500839934002,-0.5941924646028087,-0.9124070074393912,0.030957523398127237,-0.027436000000000016,0.12045500000000009,-0.926572,0.240267,-0.03960399999999997,-0.915351,0.267703,0.16005900000000006,0.011220999999999925,0.9871138279388953,0.38778999999999997,0.38778999999999997,0.01288617206110465,0.61221,-0.915351
206,0.858333,walk,1.043097,0.718997,0.971546,0.0521,-0.020301,-0.412043,-0.20259241478638174,-0.2508401344214983,-0.020883341334601097,-0.08422767582667914,0.064491399430845,-0.5024014816214198,0.0028804608737160275,-0.0024003840614655555,-0.008641382621218037,-0.6317810849735875,-0.960873739798362,0.02448391742678777,-0.026580000000000048,0.12148999999999999,-0.926521,0.2384790000000001,-0.04256199999999999,-0.915162,0.26505900000000016,0.16405199999999998,0.011359000000000008,0.9843003545604583,0.38641000000000003,0.38641000000000003,0.01569964543954172,0.61359,-0.915162
207,0.8625,walk,1.04232,0.718006,0.971473,0.052136,-0.020304,-0.411268,-0.18646508279338175,-0.23782097432204383,-0.017518598512116436,-0.015131554622183917,-0.028590233897599775,-0.40703136246183674,0.008639308855326794,-0.0026397888168906074,-0.010559155267579083,-0.6563474922006559,-1.0371970242380646,0.01295896328293857,-0.025766999999999873,0.12246999999999997,-0.926492,0.23652099999999998,-0.04589300000000007,-0.915035,0.26228799999999985,0.16836300000000004,0.01145699999999994,0.9768398149078861,0.38543,0.38543,0.023160185092113927,0.6145700000000001,-0.915035
208,0.866667,walk,1.041461,0.716999,0.971532,0.052142,-0.019972,-0.410555,-0.20614350851930874,-0.2416606671466281,0.014158867290597876,0.06419876753826247,-0.1672055234760924,-0.3679195589606636,0.010559155267562712,-0.003359731221492382,-0.009599232061434877,-0.7031437485001039,-1.0597552195824478,0.05519558435325304,-0.024863999999999997,0.12346299999999999,-0.9265909999999999,0.23445000000000005,-0.04930200000000007,-0.9148639999999999,0.25931400000000004,0.17276500000000006,0.011727000000000043,0.9755659157678795,0.38273,0.38273,0.024434084232120457,0.61727,-0.9148639999999999
209,0.870833,walk,1.040675,0.716002,0.971461,0.052305,-0.020116,-0.409803,-0.18867018722994547,-0.23931829092655424,-0.017042726836277527,-0.09865142194083992,0.008841034975814904,-0.3948669234364776,0.012241958713399715,-0.0021603456553136702,-0.00912145943351015,-0.7311569851176433,-1.1027364378300488,0.05400864138262023,-0.02402700000000002,0.12445099999999998,-0.926558,0.2321899999999999,-0.05289900000000003,-0.914568,0.2562169999999999,0.17735,0.011989999999999945,0.9743023094050918,0.3801,0.3801,0.02569769059490823,0.6199,-0.914568
210,0.875,walk,1.039858,0.714978,0.971515,0.052032,-0.019721,-0.409046,-0.19606431485482637,-0.2457403407727423,0.012958963282936905,0.19884269293298254,-0.14143945333001062,-0.3953062420410318,0.019198464122889225,-0.0028797696184333834,-0.01319894408447302,-0.7497000239980516,-1.1509479241660634,0.05231581473482151,-0.023129999999999873,0.125463,-0.926667,0.22988300000000006,-0.05667100000000003,-0.914404,0.25301299999999993,0.18213400000000002,0.012263000000000024,0.9608746237974011,0.37737,0.37737,0.03912537620259893,0.62263,-0.914404
211,0.879167,walk,1.039076,0.71394,0.97145,0.051957,-0.019917,-0.408398,-0.1876649868010157,-0.24910007199423456,-0.015598752099827513,-0.004559493378745319,0.08146998040671241,-0.3460129245941848,0.010079193664476878,0.0014398848092300135,-0.018958483321333125,-0.7840172786176828,-1.1910247180225346,0.07487401007919305,-0.02230600000000016,0.12650700000000004,-0.9266810000000001,0.227398,-0.06059599999999998,-0.914027,0.24970400000000015,0.18710300000000002,0.012654000000000054,0.9641342199987559,0.37346,0.37346,0.035865780001244074,0.62654,-0.914027
212,0.883333,walk,1.038239,0.712915,0.971477,0.051825,-0.019329,-0.407879,-0.20091214594339848,-0.24603936629862047,0.0064810369659143606,0.1743448101610284,-0.24666679576415287,-0.2630143694502457,0.0012001920307327777,0.006240998559762475,-0.003360537686029792,-0.8118098895823317,-1.2301968314930491,0.08761401824291815,-0.021463999999999928,0.12755800000000006,-0.926722,0.2248530000000002,-0.06469599999999998,-0.9136890000000001,0.24631700000000012,0.19225400000000004,0.013032999999999961,0.988018099590445,0.36967000000000005,0.36967000000000005,0.011981900409555046,0.63033,-0.9136890000000001
213,0.8875,walk,1.037421,0.711807,0.971403,0.051989,-0.01938,-0.407263,-0.19630429565634772,-0.2658987281017564,-0.017758579313659685,-0.08084366192726396,-0.027578229297632956,-0.3210742979470305,-0.003359731221492382,0.0050395968322385735,0.003359731221502373,-0.847852171826272,-1.2486201103911823,0.10439164866810803,-0.0206599999999999,0.128687,-0.926634,0.22213800000000017,-0.06879099999999994,-0.91318,0.24279800000000007,0.19747799999999993,0.013453999999999966,0.9884562277500765,0.36546000000000006,0.36546000000000006,0.011543772249923534,0.6345399999999999,-0.91318
214,0.891667,walk,1.036719,0.710625,0.971339,0.052172,-0.019259,-0.406958,-0.16846652267817977,-0.2836573074154085,-0.01535877129831138,-0.05603677843913459,-0.09752445085945523,-0.15394522334132796,-0.0059995200383829005,0.008159347252241243,0.005519558435323991,-0.8180945524357978,-1.2930165586753104,0.11039116870650313,-0.019982999999999862,0.1299030000000001,-0.926547,0.21943100000000015,-0.07299699999999998,-0.9126559999999999,0.23941400000000002,0.20290000000000008,0.013891000000000098,0.9807765541305407,0.36109,0.36109,0.019223445869459344,0.63891,-0.9126559999999999
215,0.895833,walk,1.036014,0.709386,0.971218,0.05236,-0.019703,-0.406601,-0.16922707633220238,-0.2974075852136316,-0.029044647143525355,-0.16887881598640136,0.14739655377582805,-0.19260663560383287,-0.0141622659625615,0.010561689870363166,0.011521843494959048,-0.8504560729716926,-1.3144503120499091,0.13082093134901665,-0.019336999999999938,0.13118600000000002,-0.926378,0.21659300000000004,-0.07723399999999991,-0.9119900000000001,0.23592999999999997,0.20841999999999994,0.014387999999999956,0.9648466870679941,0.35612,0.35612,0.035153312932005853,0.64388,-0.9119900000000001
216,0.9,walk,1.035316,0.708306,0.971217,0.052195,-0.019618,-0.406385,-0.16750659947206195,-0.2591792656587381,-0.0002399808015427761,0.08947549019057927,-0.011451528980643593,-0.11503807324905725,-0.009839212862960744,0.006239500839925676,0.007199424046076798,-0.892728581713443,-1.3957283417326611,0.09839212862970736,-0.018679999999999808,0.13229199999999997,-0.926347,0.21357100000000018,-0.08196999999999999,-0.911579,0.23225099999999999,0.21426199999999995,0.014768000000000003,0.9771737731807544,0.3523200000000001,0.3523200000000001,0.02282622681924562,0.6476799999999999,-0.911579
217,0.904167,walk,1.034618,0.70733,0.971335,0.051832,-0.018873,-0.406489,-0.16750659947200866,-0.23422126229900875,0.02831773458122164,0.30493439907271164,-0.2526023855096945,0.06271931581510382,-0.003359731221545579,0.008159347252241243,0.0059995200383962215,-0.9280057595392454,-1.3239740820734227,0.15574754019678397,-0.017996000000000123,0.13330200000000003,-0.9264399999999999,0.21040199999999998,-0.086511,-0.911048,0.2283980000000001,0.21981300000000004,0.015391999999999961,0.9822160354567815,0.34607999999999994,0.34607999999999994,0.01778396454321851,0.6539200000000001,-0.911048
218,0.908333,walk,1.03388,0.706161,0.971219,0.051806,-0.01921,-0.405988,-0.17714834373503277,-0.28060489678348677,-0.02784445511279332,-0.05349545958086617,0.13817896013956263,-0.2705132033713678,-0.0024003840614123203,0.006721075372039776,0.003120499279884652,-0.9030244839174605,-1.494959193470997,0.06192990878540758,-0.01726799999999984,0.13449899999999992,-0.9263110000000001,0.20737800000000006,-0.09157000000000004,-0.9106740000000001,0.2246459999999999,0.22606899999999996,0.015637000000000012,0.9870179382785019,0.34363,0.34363,0.012982061721498073,0.65637,-0.9106740000000001
219,0.9125,walk,1.033149,0.705115,0.971298,0.051435,-0.018787,-0.406037,-0.17542596592268048,-0.2510199184065235,0.018958483321319806,0.24550856671257934,-0.11176243580611982,0.026991709811795113,-0.007919366450725109,0.00767938564915569,-0.011759059275256329,-0.9275257979361597,-1.5807535397168129,0.22510199184065136,-0.016570000000000196,0.13557699999999995,-0.926439,0.20424399999999987,-0.09711100000000006,-0.909815,0.22081400000000007,0.232688,0.016623999999999972,0.9731276265382538,0.33376,0.33376,0.026872373461746202,0.6662399999999999,-0.909815
220,0.916667,walk,1.032325,0.704214,0.971456,0.050486,-0.018861,-0.405401,-0.19774418046559916,-0.2162227021838334,0.03791696664266625,0.40358811645493553,0.19862990136672565,-0.35393326758246113,0.019438444924405357,0.007919366450671823,-0.011279097672187427,-1.0028797696184066,-1.2980561555075487,0.20710343172545936,-0.01566500000000004,0.13651099999999994,-0.926644,0.2008890000000001,-0.10161900000000001,-0.90911,0.21655400000000014,0.23812999999999995,0.01753400000000005,0.9602861782261756,0.32466,0.32466,0.03971382177382443,0.67534,-0.90911
221,0.920833,walk,1.031625,0.703106,0.971442,0.05016,-0.018775,-0.405391,-0.16802688430146961,-0.26596255400864066,-0.0033605376860197985,0.1600472900427931,0.025311563419017895,-0.009919348752794736,0.01584253480559805,-0.008641382621201382,-0.042006721075370734,-1.0249639942390765,-1.473595775324052,0.1557849255880932,-0.014898999999999996,0.137583,-0.926805,0.19731900000000002,-0.10665000000000002,-0.908447,0.21221800000000002,0.24423300000000003,0.018357999999999985,0.9238017203063724,0.3164200000000001,0.3164200000000001,0.07619827969362758,0.6835799999999999,-0.908447
222,0.925,walk,1.030878,0.701965,0.971449,0.049945,-0.018655,-0.405231,-0.17926565874731162,-0.27381809455244777,0.0016798656107461464,0.11812326421507964,-0.015344940613884465,-0.08566710672865384,0.004079673626093978,-0.014158867290624141,-0.03623710103191844,-1.0062395008399523,-1.5248380129589447,0.1351091912646997,-0.014135000000000009,0.13866500000000004,-0.926963,0.19387299999999996,-0.11186299999999993,-0.907891,0.20800799999999997,0.250528,0.019071999999999978,0.9348027618374994,0.30927999999999994,0.30927999999999994,0.06519723816250056,0.69072,-0.907891
223,0.929167,walk,1.030222,0.700843,0.971427,0.049881,-0.018266,-0.405369,-0.15742740580753598,-0.26925845932324877,-0.005279577633781356,0.10375427536381002,-0.15420333016614476,0.07873184081343822,-0.05519558435324138,-0.030957523398113074,0.0011999040076806084,-1.0520758339332918,-1.3854091672666518,0.24454043676506157,-0.013708999999999971,0.13965800000000006,-0.926936,0.190145,-0.116514,-0.90685,0.20385399999999998,0.25617200000000007,0.020085999999999937,0.8945069702583237,0.2991400000000001,0.2991400000000001,0.10549302974167629,0.7008599999999999,-0.90685
224,0.933333,walk,1.029461,0.699614,0.971299,0.049737,-0.018534,-0.405324,-0.18266922707633487,-0.2950072011521927,-0.030724915986561904,0.011066828243960606,0.14416979580941264,-0.031677339632126565,-0.012722035525703486,0.021363418146878217,0.012722035525683498,-1.030724915986562,-1.523763802208357,0.16610657705232781,-0.01300100000000004,0.140976,-0.926755,0.186612,-0.12163299999999999,-0.90603,0.19961300000000004,0.262609,0.020724999999999993,0.9534496684952614,0.29275000000000007,0.29275000000000007,0.04655033150473864,0.7072499999999999,-0.90603
225,0.9375,walk,1.028821,0.698377,0.971224,0.049884,-0.018262,-0.405444,-0.15358771298295393,-0.29685625149986156,-0.017998560115201987,-0.011744574457581439,-0.14437816873246487,0.07125837546740303,-0.013198944084453037,0.016078713702913066,0.007919366450683479,-1.0952723782097378,-1.4278857691384605,0.26085913126949756,-0.012415999999999983,0.14227999999999996,-0.926647,0.18268799999999996,-0.12634600000000007,-0.904868,0.19510399999999994,0.26862600000000003,0.021778999999999993,0.9629020244538206,0.28221,0.28221,0.03709797554617944,0.7177899999999999,-0.904868
226,0.941667,walk,1.028296,0.697177,0.971257,0.049773,-0.017621,-0.406179,-0.12598992080630733,-0.2879769618430453,0.007919366450698465,0.17242320893296373,-0.2388610006784541,0.39624094322613695,0.004799616030695663,0.0002399808015427761,-0.00959923206143462,-1.0782337413006537,-1.4919606431485168,0.1852651787856945,-0.011871000000000187,0.14348099999999997,-0.92672,0.17872,-0.131363,-0.9041290000000001,0.19059100000000018,0.274844,0.022590999999999917,0.9821084159296664,0.27409000000000006,0.27409000000000006,0.017891584070333644,0.7259099999999999,-0.9041290000000001
227,0.945833,walk,1.027605,0.695858,0.971085,0.049629,-0.018009,-0.406081,-0.1658665386461826,-0.31661065770524943,-0.04128660585695172,-0.012370542645124464,0.19529339478479568,-0.061989122199880786,-0.0033605376860197985,-0.008401344215076146,-0.016322611617858515,-1.1135381661065906,-1.442630820931365,0.21507441190590668,-0.011194000000000148,0.14476500000000003,-0.926616,0.17477199999999993,-0.136054,-0.903061,0.18596600000000008,0.28081900000000004,0.023554999999999993,0.9688951840015622,0.26445,0.26445,0.03110481599843784,0.7355499999999999,-0.903061
228,0.95,walk,1.027127,0.694593,0.971246,0.049308,-0.017126,-0.406213,-0.11471082313419956,-0.3035757139428809,0.03863690904729561,0.31320277007173974,-0.3207187507322762,0.08093047031816673,0.003599712023061808,0.007439404847613112,-0.003599712023038495,-1.1036717062635246,-1.4005279577633942,0.33813294936405575,-0.01070099999999985,0.146061,-0.9267920000000001,0.1706510000000001,-0.140625,-0.9018130000000001,0.18135199999999996,0.286686,0.024978999999999973,0.9849758899519923,0.25021000000000004,0.25021000000000004,0.015024110048007744,0.74979,-0.9018130000000001
229,0.954167,walk,1.026404,0.693424,0.971221,0.048163,-0.017745,-0.406012,-0.17350611951039155,-0.28053755699543237,-0.005999520038409543,0.3823056088402319,0.48837451307032165,-0.13917170302626153,0.0021598272138050553,0.00863930885530015,0.003359731221502284,-1.1127909767218542,-1.4262059035277146,0.272138228941685,-0.009969000000000117,0.147266,-0.926753,0.1667369999999999,-0.14539900000000006,-0.900654,0.17670600000000003,0.29266500000000006,0.026099000000000094,0.9841368434404769,0.23901,0.23901,0.015863156559523084,0.76099,-0.900654
230,0.958333,walk,1.025645,0.692135,0.971169,0.048024,-0.017617,-0.406051,-0.18218915026408442,-0.30940950552090607,-0.012481997119551601,0.08600647770703115,-0.028013513969233367,0.020223216750231393,-0.0019203072491617847,0.008401344215049495,0.0048007681228994644,-1.1017762842054946,-1.462554008641385,0.2213154104656725,-0.009217999999999948,0.14859,-0.926681,0.162906,-0.15020299999999998,-0.8996799999999999,0.17212399999999994,0.298793,0.027001000000000053,0.9835583912722108,0.22999000000000003,0.22999000000000003,0.016441608727789214,0.77001,-0.8996799999999999
231,0.9625,walk,1.025011,0.690873,0.971024,0.048024,-0.017497,-0.406116,-0.15214782817375055,-0.3028557715382711,-0.034797216222690094,0.02331392403458292,-0.05082452868858921,0.03649311328362202,-0.00023998080151613289,0.006479481641495095,0.003599712023038399,-1.1435085193184238,-1.3575713942884522,0.33597312215022507,-0.008584999999999843,0.1498790000000001,-0.926521,0.1587750000000001,-0.154598,-0.898135,0.16735999999999995,0.3044770000000001,0.028386000000000022,0.9876397591069439,0.21614000000000005,0.21614000000000005,0.012360240893056096,0.78386,-0.898135
232,0.966667,walk,1.024374,0.689565,0.97091,0.048316,-0.017216,-0.406454,-0.15286777057835224,-0.3138948884089191,-0.02735781137507718,-0.07397049194304235,-0.1708273416537622,0.188325831504649,-0.0011999040076872372,0.005039596832238439,0.0019198464122872573,-1.1322294216462596,-1.4300455963522656,0.25845932325413973,-0.007952999999999877,0.151208,-0.9263990000000001,0.1546940000000001,-0.15924899999999997,-0.8969440000000001,0.16264699999999999,0.310457,0.02945500000000001,0.9907920450898355,0.20545000000000002,0.20545000000000002,0.009207954910164462,0.79455,-0.8969440000000001
233,0.970833,walk,1.023931,0.688228,0.970884,0.047992,-0.017052,-0.406625,-0.1063370139222234,-0.3209313490158587,-0.0062409985597892915,0.17400839564378923,-0.004171146674565772,0.08694130099118451,0.00048007681230378377,0.006000960153637399,0.0014402304368697112,-1.1387421987518493,-1.3797407585213932,0.2786845895343316,-0.007507999999999848,0.1525700000000001,-0.9263669999999999,0.150393,-0.16365999999999992,-0.8957569999999999,0.15790099999999985,0.31623,0.030610000000000026,0.9896833117632776,0.19390000000000002,0.19390000000000002,0.010316688236722382,0.8061,-0.8957569999999999
234,0.975,walk,1.023289,0.686918,0.970799,0.047549,-0.017303,-0.406624,-0.15406767458603948,-0.314374850011978,-0.020398368130549818,0.1453924673930741,0.19616935092108317,-0.013553201778665187,0.000959923206117818,0.006479481641468453,0.000959923206142796,-1.1792656587472583,-1.3518118550515854,0.32325413966882427,-0.006861999999999924,0.15390700000000002,-0.9262779999999999,0.14612100000000017,-0.167983,-0.8943249999999999,0.1529830000000001,0.32189,0.03195300000000001,0.988966391309395,0.18047000000000002,0.18047000000000002,0.01103360869060499,0.81953,-0.8943249999999999
235,0.979167,walk,1.022527,0.685737,0.970739,0.046721,-0.018312,-0.406103,-0.18286537077032003,-0.28341732661386576,-0.014398848092140275,0.16710818743200068,0.5893376296402142,-0.30796841604150993,0.0004799616030855522,0.004799616030695663,0.0019198464122872573,-1.1749460043196482,-1.328293736501086,0.3635709143268517,-0.006097999999999937,0.1551079999999999,-0.92621,0.14198700000000009,-0.17233700000000007,-0.89275,0.14808500000000002,0.327445,0.033459999999999934,0.9913473691493859,0.1654,0.1654,0.008652630850614074,0.8346,-0.89275
236,0.983333,walk,1.021851,0.684414,0.970624,0.046769,-0.018158,-0.406137,-0.16226596255398426,-0.31757081132983034,-0.027604416706667342,0.008960198073995099,-0.07592261535137267,0.021694093034700043,0.00024003840612523588,0.005520883341333468,0.003360537686029792,-1.1238598175708285,-1.3175708113298037,0.31757081132981035,-0.00542100000000012,0.15645399999999998,-0.926081,0.1379809999999999,-0.17650299999999997,-0.8913120000000001,0.14340200000000003,0.33295699999999995,0.03476899999999994,0.9892205204150233,0.15231000000000006,0.15231000000000006,0.010779479584976714,0.8476899999999999,-0.8913120000000001
237,0.9875,walk,1.021147,0.683088,0.970442,0.046779,-0.018021,-0.406155,-0.16894648428126532,-0.31821454283655587,-0.04367650587953302,0.02234828975836368,-0.06148982263529904,0.012214815686084443,0.0004799616030855522,0.00623950083995232,0.0007199424046083459,-1.0919126469882456,-1.3040556755459582,0.32421406287496873,-0.004715000000000025,0.157806,-0.925896,0.1341349999999999,-0.18061100000000008,-0.889779,0.13884999999999992,0.3384170000000001,0.036117000000000066,0.9895013160959529,0.13883000000000006,0.13883000000000006,0.010498683904047068,0.86117,-0.889779
238,0.991667,walk,1.020757,0.681664,0.970315,0.046727,-0.018038,-0.406155,-0.09359251259902085,-0.3417326613870909,-0.03047756179505415,0.01952577030674155,0.017555679867840134,-0.001416270156436468,0.02303815694746768,0.005519558435324138,-0.006479481641468625,-1.1058315334773297,-1.2814974802015977,0.3314134869210543,-0.004228999999999816,0.15925299999999998,-0.9257960000000001,0.12991700000000006,-0.18452700000000005,-0.888271,0.13414599999999988,0.34378000000000003,0.03752500000000003,0.9590662498935698,0.12474999999999997,0.12474999999999997,0.04093375010643019,0.8752500000000001,-0.888271
239,0.995833,walk,1.020259,0.680231,0.970154,0.046556,-0.018074,-0.406526,-0.11953912626017452,-0.3439750360057649,-0.038646183389360926,0.06755320183684496,0.058802550540187425,0.19103102547185427,0.04368698991836398,-0.0031204992798945625,-0.017762842054729854,-1.12025924147863,-1.2719635141622645,0.3029284685549684,-0.0035490000000000244,0.16067299999999995,-0.925709,0.12574799999999997,-0.18839300000000003,-0.886848,0.129297,0.349066,0.038861000000000034,0.9212280160889048,0.11138999999999993,0.11138999999999993,0.07877198391109519,0.8886100000000001,-0.886848
240,1.0,walk,1.019736,0.67881,0.969988,0.046268,-0.018444,-0.40639,-0.12550995920327507,-0.34101271898248015,-0.03983681305495518,0.054248997941461076,0.21457163671313764,-0.08358242784407538,0.06095512359010668,0.021118310535151504,-0.0139188864890797,-1.0935925125989652,-1.2373410127189717,0.3196544276457859,-0.0027719999999999967,0.16218199999999994,-0.925601,0.1217140000000001,-0.19212800000000002,-0.88535,0.1244860000000001,0.35430999999999996,0.04025100000000004,0.8900095265130232,0.09749000000000002,0.09749000000000002,0.10999047348697677,0.9025099999999999,-0.88535
241,1.004167,walk,1.019183,0.677393,0.969869,0.046093,-0.018579,-0.406514,-0.1327093832493452,-0.3400527957763357,-0.028557715382764418,0.05030811367626021,0.09643642150390712,0.05930862533721806,0.0004799616030855522,0.004319654427663397,-0.002399808015359488,-1.0883129349652372,-1.2195824334053258,0.33285337173025886,-0.0022169999999999135,0.163617,-0.925492,0.11773199999999995,-0.19579300000000005,-0.883844,0.11994899999999986,0.35941000000000006,0.04164800000000002,0.991725397621931,0.08351999999999998,0.08351999999999998,0.008274602378068985,0.91648,-0.883844
242,1.008333,walk,1.018671,0.675974,0.969676,0.045816,-0.018925,-0.406527,-0.1228996639461976,-0.34061449831975416,-0.046327412385982654,0.05393118619770279,0.2058752007892611,-0.004628554523736757,-0.0052808449351817235,0.00024003840612524228,-0.0019203072491601701,-1.088334133461338,-1.214834373499787,0.2808449351896353,-0.001727000000000034,0.165037,-0.925307,0.11370999999999998,-0.19943499999999997,-0.882481,0.11543700000000001,0.36447199999999996,0.04282600000000003,0.9906262005810186,0.07174000000000008,0.07174000000000008,0.009373799418981421,0.9282599999999999,-0.882481
243,1.0125,walk,1.018058,0.674593,0.96941,0.045694,-0.01914,-0.406431,-0.14710823134153878,-0.3314134869210355,-0.06383489320854006,0.011564941045298935,0.11543477297788218,-0.05645627703166067,-0.0019198464122889224,-0.0007199424046016851,-0.0023998080153578225,-1.0818334533237688,-1.2234221262298903,0.28845692344612417,-0.0011219999999998453,0.16641499999999998,-0.925051,0.109815,-0.203152,-0.881013,0.11093699999999984,0.369567,0.04403799999999991,0.9947392422854323,0.059620000000000006,0.059620000000000006,0.005260757714567688,0.94038,-0.881013
244,1.016667,walk,1.017482,0.673145,0.969309,0.045244,-0.019407,-0.406338,-0.13822894168464256,-0.3474922006239486,-0.024238060955127663,0.14538282096866095,0.2021255999755594,-0.06202724552717914,-0.00023998080156941934,0.0009599232061444612,0.000959923206142796,-1.0669546436284896,-1.1629469642428558,0.2733381329493622,-0.0005470000000000752,0.167867,-0.9249459999999999,0.10594499999999996,-0.20655,-0.8797729999999999,0.10649200000000003,0.374417,0.04517300000000002,0.9977023587526745,0.04826999999999998,0.04826999999999998,0.002297641247325455,0.95173,-0.8797729999999999
245,1.020833,walk,1.016934,0.671601,0.96905,0.045216,-0.019778,-0.40615,-0.1315410465674455,-0.37061929908784147,-0.06216994719155116,-0.06016508348137376,0.16315723387524472,-0.10588268196028788,-0.00024003840612522948,0.006481036965914188,0.0014402304368696345,-1.0444071051367918,-1.1629860777724088,0.27868458953431674,0.0,0.16943799999999998,-0.924681,0.10214199999999996,-0.209851,-0.8783529999999999,0.10214199999999996,0.379289,0.046328000000000036,0.9889275464049483,0.03672000000000003,0.03672000000000003,0.011072453595051712,0.9632799999999999,-0.8783529999999999
246,1.025,walk,1.016487,0.670107,0.968909,0.044768,-0.019828,-0.406156,-0.10727141828656267,-0.3585313174946157,-0.033837293016547434,0.18690324693818594,0.10918844046488806,-0.006218960644387867,0.00023998080151614568,0.005519558435324285,0.0019198464122873594,-1.0338372930166007,-1.1463882889369315,0.27093832493401887,0.00044800000000000395,0.17095499999999997,-0.924532,0.09828100000000006,-0.213134,-0.8770830000000001,0.09783300000000006,0.38408899999999996,0.04744899999999996,0.9902519337597386,0.025509999999999977,0.025509999999999977,0.009748066240261366,0.9744900000000001,-0.8770830000000001
247,1.029167,walk,1.015984,0.668577,0.968724,0.044242,-0.020232,-0.406279,-0.12071034317252612,-0.3671706263498967,-0.04439644828413471,0.15196591488894326,0.2824787616091657,0.04759037512675412,-0.000959923206117818,0.008159347252214599,0.003599712023038399,-1.035037197024233,-1.1211903047756118,0.24022078233741162,0.0009470000000000312,0.17251899999999998,-0.924332,0.09447099999999997,-0.21627599999999997,-0.875897,0.09352399999999994,0.38879499999999995,0.048435000000000006,0.9850506106783334,0.015649999999999942,0.015649999999999942,0.014949389321666562,0.9843500000000001,-0.875897
248,1.033333,walk,1.015482,0.66716,0.968524,0.043834,-0.01993,-0.406376,-0.12049927988477885,-0.3401344215074323,-0.04800768122899004,0.2382081910606508,-0.050486604063767954,0.04825787349366196,-0.0007201152184289877,0.0033605376860463584,0.001200192030724418,-1.01824291886701,-1.1108977436389569,0.23811809889581512,0.0014460000000000583,0.17395000000000005,-0.924127,0.0907309999999999,-0.219487,-0.8747050000000001,0.08928499999999984,0.39343700000000004,0.049421999999999966,0.9939327288813564,0.005780000000000007,0.005780000000000007,0.00606727111864358,0.99422,-0.8747050000000001
249,1.0375,walk,1.014757,0.66562,0.968035,0.04366,-0.021517,-0.406379,-0.1739860811135304,-0.36957043436524456,-0.11735061195106047,-0.2339172844299307,0.729280600688686,-0.028082657161315687,0.00047996160303226577,0.0031197504199495167,0.003359731221502284,-0.9942404607630799,-1.0909527237820877,0.2085433165346744,0.0021729999999999805,0.17550299999999996,-0.923624,0.0873130000000002,-0.222493,-0.873347,0.08514000000000022,0.39799599999999996,0.050277000000000016,0.9923168655658612,0.0,0.0,0.007683134434138816,1.0,-0.873347
250,1.041667,walk,1.014269,0.664015,0.967882,0.043178,-0.021637,-0.406581,-0.11711063114947065,-0.3851691864650926,-0.03671706263498097,0.18829140425699736,0.151518694128276,0.09462080965761709,-0.0009599232061178691,0.003359731221519115,0.0016798656107512315,-0.9884809215263725,-1.0765538756899915,0.19678425725942855,0.0026569999999999094,0.177122,-0.9234640000000001,0.08368199999999981,-0.22537400000000002,-0.872374,0.0810249999999999,0.402496,0.05109000000000008,0.9935383191658915,0.0,0.0,0.006461680834108474,1.0,-0.872374
251,1.045833,walk,1.013935,0.662496,0.967825,0.042669,-0.020914,-0.406566,-0.08017282765243575,-0.364618338934231,-0.013682189150257365,0.3648995580055703,-0.2181259165443907,-0.006239311244773466,0.0012001920307327459,0.0028804608737426,0.002400384061450501,-0.9759961593854517,-1.067450792126706,0.16730676908304948,0.0029959999999999987,0.17865300000000006,-0.923397,0.07994999999999997,-0.22830199999999995,-0.8716200000000001,0.07695399999999997,0.406955,0.05177699999999996,0.993438462367228,0.0,0.0,0.006561537632772008,1.0,-0.8716200000000001
252,1.05,walk,1.013349,0.660916,0.967386,0.042492,-0.022156,-0.406579,-0.14062874970001704,-0.37916966642668914,-0.10535157187426802,-0.1652714323389565,0.5789603079143161,-0.016250727666034605,-0.0019198464122889224,0.0031197504199495167,0.000959923206142796,-0.9587233021358148,-1.0376769858411368,0.1756659467242599,0.003573999999999966,0.18024600000000002,-0.9229539999999999,0.07654099999999997,-0.23104599999999997,-0.870449,0.072967,0.411292,0.05250499999999991,0.993688611375888,0.0,0.0,0.006311388624111958,1.0,-0.870449
253,1.054167,walk,1.012863,0.659326,0.967215,0.041944,-0.022159,-0.406669,-0.11663066954643214,-0.381569474442037,-0.04103671706261577,0.2400332041650863,0.11024670983056412,0.03644922112715961,0.000959923206117818,0.00311975041997616,0.002399808015359488,-0.9356851451884011,-1.0215982721382104,0.1387089032877381,0.0040639999999998455,0.18184900000000004,-0.9227730000000001,0.07312799999999986,-0.23371299999999995,-0.8697,0.06906400000000001,0.415562,0.05307300000000004,0.9932477629725054,0.0,0.0,0.006752237027494612,1.0,-0.8697
254,1.058333,walk,1.012629,0.657773,0.967081,0.041862,-0.021212,-0.406413,-0.05616898703794372,-0.3727796447431483,-0.03216514642344743,0.220916459024104,-0.40542673561105486,-0.12145759018182799,0.0,0.0014402304368580521,0.0024003840614489637,-0.9210273643782928,-0.9983197311570167,0.1349015842534824,0.004297999999999913,0.1834079999999999,-0.9226289999999999,0.06952500000000006,-0.23631900000000006,-0.869004,0.06522700000000015,0.41972699999999996,0.05362499999999992,0.9953344920028556,0.0,0.0,0.00466550799714438,1.0,-0.869004
255,1.0625,walk,1.012071,0.655975,0.966806,0.041694,-0.021848,-0.406183,-0.13390928725703244,-0.43148548116152236,-0.06599472042234512,-0.05093597377273175,0.3057331894234228,-0.13355508760182616,0.0007199424046016851,0.0026397888169172505,0.0011999040076805766,-0.8464122870170461,-1.003599712023035,0.16774658027357808,0.004858999999999947,0.18521700000000008,-0.9223490000000001,0.06655600000000006,-0.238703,-0.8680300000000001,0.06169700000000011,0.4239200000000001,0.054319000000000006,0.9950204385256908,0.0,0.0,0.004979561474309224,1.0,-0.8680300000000001
256,1.066667,walk,1.011531,0.654319,0.966596,0.04114,-0.022145,-0.406378,-0.12958963282936906,-0.3974082073434073,-0.05039596832254425,0.1854366044562857,0.24270564939036707,0.08691447464544091,0.0009599232061711044,0.004319654427636754,0.003599712023036734,-0.9457643388528779,-0.9412047036236983,0.0494360451163898,0.005403000000000047,0.18689100000000003,-0.922124,0.06315500000000007,-0.240969,-0.867614,0.057752000000000026,0.42786,0.05451000000000006,0.9904928691112724,0.0,0.0,0.009507130888727566,1.0,-0.867614
257,1.070833,walk,1.010975,0.652672,0.966159,0.040816,-0.02284,-0.40676,-0.13346135381661434,-0.39534325492078654,-0.10489678348536535,0.006991213421156026,0.37705585943465925,0.18392456539141505,0.00024003840612524228,0.0026404224675908618,0.0019203072491601701,-0.8031685069611517,-0.9831973115698739,0.03744599135861915,0.005959999999999965,0.18854899999999997,-0.921679,0.060365,-0.24341800000000002,-0.867021,0.05440500000000004,0.431967,0.054657999999999984,0.9945438543379072,0.0,0.0,0.005456145662092848,1.0,-0.867021
258,1.075,walk,1.010496,0.650978,0.965887,0.040557,-0.02283,-0.406871,-0.11495080393565935,-0.406527477801793,-0.06527477801774344,0.11583736913040384,0.04877657036329397,0.053380804935999136,0.0,0.004079673626120621,0.0021598272138233727,-0.8096952243820404,-0.9366450683945189,0.10391168706503469,0.0064389999999998615,0.1902600000000001,-0.921398,0.05746999999999991,-0.24562699999999993,-0.8663160000000001,0.05103100000000005,0.435887,0.055081999999999964,0.9923064618583666,0.0,0.0,0.007693538141633427,1.0,-0.8663160000000001
259,1.079167,walk,1.009958,0.649194,0.965509,0.040548,-0.023793,-0.406958,-0.1291096712263368,-0.42812574993997676,-0.09071274298058497,-0.18438933963233584,0.42580899792968996,0.031553186318632534,0.00311975041997616,0.0019198464122889224,0.0014398848092150266,-0.8216942644588062,-0.8960883129349619,0.03647708183345289,0.006990000000000052,0.192052,-0.921014,0.05458400000000019,-0.24757700000000005,-0.865786,0.047594000000000136,0.43962900000000005,0.055228000000000055,0.9934400370102823,0.0,0.0,0.006559962989717727,1.0,-0.865786
260,1.083333,walk,1.009547,0.647471,0.965289,0.040048,-0.023237,-0.407186,-0.0986557849255708,-0.41358617378780194,-0.05280844935189437,0.3289371036560481,-0.1406302415895028,0.11766218022754114,0.0007201152184289877,0.0038406144982968174,0.0026404224675940524,-0.7981277004320526,-0.8761401824291615,0.043927028324528015,0.007403999999999966,0.19379099999999994,-0.9207829999999999,0.051670000000000105,-0.249504,-0.865383,0.04426600000000014,0.44329499999999994,0.055399999999999894,0.9921399893165685,0.0,0.0,0.007860010683431451,1.0,-0.865383
261,1.0875,walk,1.009035,0.645616,0.964885,0.039882,-0.023785,-0.407377,-0.122870170386391,-0.44516438684908466,-0.09695224382048917,-0.0340598388786394,0.27705755708403945,0.08921626266650483,0.0009599232061711556,0.002879769618433537,0.0023998080153596157,-0.7907367410607627,-0.86033117350616,0.017998560115192956,0.00792000000000015,0.195658,-0.920369,0.048887000000000125,-0.25123399999999996,-0.864904,0.040966999999999976,0.44689199999999996,0.05546499999999999,0.9935507097445655,0.0,0.0,0.006449290255434503,1.0,-0.864904
262,1.091667,walk,1.008609,0.643839,0.964581,0.039468,-0.024043,-0.407488,-0.10223182145423858,-0.42644588432923064,-0.07295416366689912,0.13130896918516555,0.19646031543790674,0.04655241054810067,0.00023998080151613289,0.003839692824577845,0.003599712023038399,-0.7420206383489492,-0.8608111351091864,-0.01271898248140079,0.008346999999999882,0.19745099999999993,-0.92005,0.046220999999999846,-0.25304400000000005,-0.864653,0.03787399999999996,0.450495,0.05539700000000003,0.9912189031277063,0.0,0.0,0.00878109687229367,1.0,-0.864653
263,1.095833,walk,1.008101,0.642335,0.964376,0.040607,-0.023774,-0.40876,-0.12193951032169013,-0.36101776284205944,-0.049207873259722784,-0.4430014140417671,-0.30943381411544263,0.6949116061084648,0.001680268843036504,0.0024003840614654917,0.0021603456553052846,-0.7287566010561584,-0.8190110417666665,-0.00984157465194389,0.008862000000000148,0.19896500000000006,-0.919836,0.04369299999999998,-0.254952,-0.8644890000000001,0.034830999999999834,0.45391700000000007,0.055346999999999924,0.9939327288813455,0.0,0.0,0.00606727111865446,1.0,-0.8644890000000001
264,1.1,walk,1.007682,0.640098,0.963777,0.039295,-0.025157,-0.407901,-0.10055195584351907,-0.5368370530357637,-0.14374850011999318,0.30069741288396235,0.8410318868915699,-0.49715213364098654,-0.00023998080156941934,0.0016798656107461464,0.0023998080153578225,-0.7002639788816784,-0.7871370290376589,-0.037676985841133465,0.009279999999999955,0.20120900000000008,-0.919227,0.04119399999999995,-0.2559949999999999,-0.864047,0.031914,0.457204,0.05518000000000001,0.995101412401443,0.0,0.0,0.0048985875985569916,1.0,-0.864047
265,1.104167,walk,1.007077,0.638105,0.963575,0.038704,-0.024966,-0.408795,-0.1451883849292043,-0.4782817374610037,-0.04847612191025791,0.29985794575887215,0.05344242106005016,0.4601585249754908,-0.00047996160303229136,0.0023998080153479593,0.003119750419966335,-0.6661867050635989,-0.7861771058315696,-0.06479481641468797,0.009883000000000086,0.20321199999999995,-0.9190119999999999,0.03902300000000003,-0.257278,-0.864115,0.029139999999999944,0.46048999999999995,0.054896999999999974,0.9933914440277534,0.0,0.0,0.0066085559722466325,1.0,-0.864115
266,1.108333,walk,1.006593,0.636505,0.963428,0.039736,-0.0238,-0.409951,-0.11617858857415163,-0.3840614498319736,-0.035285645703313544,-0.2187734018589237,-0.6848869696347982,0.6442750267422059,-0.0009601536246075164,0.0028804608737426,0.003600576092174919,-0.6375420067210559,-0.799327892462772,-0.10537686029764685,0.0103629999999999,0.204824,-0.91885,0.03685099999999997,-0.25900799999999996,-0.8644069999999999,0.026488000000000067,0.46383199999999997,0.05444300000000002,0.9921501772802129,0.0,0.0,0.00784982271978707,1.0,-0.8644069999999999
267,1.1125,walk,1.006174,0.634227,0.96282,0.038339,-0.025292,-0.409241,-0.10055195584357236,-0.5466762658987244,-0.14590832733379824,0.3155729908612063,0.9097816888888887,-0.42153551933850253,0.0007199424046016851,0.003839692824577845,0.001679865610751142,-0.6102711783057218,-0.7787377009839281,-0.14734821214302826,0.010785000000000045,0.20711800000000002,-0.918235,0.034727000000000174,-0.259975,-0.864413,0.02394200000000013,0.46709300000000004,0.053822000000000036,0.9929125489374132,0.0,0.0,0.0070874510625867915,1.0,-0.864413
268,1.116667,walk,1.005778,0.632296,0.962379,0.038203,-0.025885,-0.409528,-0.09503239740816845,-0.46340292776577907,-0.10583153347732693,-0.0560862875819797,0.29305673117007786,0.14046235595870146,-0.00047996160303226577,0.0035997120230350688,0.0031197504199661683,-0.5769138468922617,-0.769378449724013,-0.16870650347971922,0.01117900000000005,0.20906400000000003,-0.917781,0.03271899999999994,-0.26125,-0.864675,0.021539999999999893,0.470314,0.05310599999999999,0.992020663409634,0.0,0.0,0.007979336590365982,1.0,-0.864675
269,1.120833,walk,1.005304,0.630271,0.961974,0.037937,-0.026237,-0.409595,-0.11377820451274549,-0.48607777244359,-0.097215554488718,0.047447466779700485,0.20785512091200675,0.025246819379155506,-0.0009601536246075675,0.0026404224675908618,0.0028804608737394224,-0.5549687950072376,-0.7486797887662179,-0.20403264522324185,0.01164900000000002,0.21109999999999995,-0.917364,0.030880999999999936,-0.262344,-0.86512,0.019231999999999916,0.473444,0.05224399999999996,0.9932937051471212,0.0,0.0,0.006706294852878769,1.0,-0.86512
270,1.125,walk,1.005,0.628378,0.961904,0.036688,-0.025627,-0.410059,-0.07295416366692577,-0.45428365730742,-0.01679865610751475,0.6693929230319081,-0.010996637857984316,0.22580536314940036,0.0,0.0028797696184333834,0.005039596832253425,-0.5217182625389685,-0.7357811375089969,-0.21838252939764513,0.011953000000000102,0.213005,-0.917273,0.02901100000000012,-0.263517,-0.86596,0.017058000000000018,0.476522,0.05131300000000005,0.99032606461687,0.0,0.0,0.009673935383129995,1.0,-0.86596
271,1.129167,walk,1.004474,0.626277,0.961156,0.037384,-0.026661,-0.410049,-0.12622990160782346,-0.5041996640268787,-0.17950563954882776,-0.5088874127903753,0.3155984473615945,-0.0033911310797938164,-0.0011999040076872372,0.003839692824577845,0.003359731221502284,-0.4986801055915547,-0.7233021358291322,-0.2685385169186433,0.012473999999999874,0.21512200000000004,-0.916511,0.0274589999999999,-0.26443,-0.866331,0.014985000000000026,0.47955200000000003,0.05018,0.9912645669674983,0.0,0.0,0.008735433032501683,1.0,-0.866331
272,1.133333,walk,1.004095,0.624192,0.960922,0.036916,-0.026298,-0.410387,-0.09097455592898201,-0.5004800768123038,-0.056168987037917076,0.27823602819559523,-0.05897323855495125,0.1725471721663347,-0.00024003840612524228,0.000960153624580918,0.005520883341335281,-0.4455112818051195,-0.6997119539126444,-0.2803648583773482,0.012852000000000086,0.21721100000000004,-0.916254,0.02598199999999995,-0.26526,-0.8672650000000001,0.013129999999999864,0.48247100000000004,0.04898899999999995,0.9906518471391039,0.010109999999999952,0.010109999999999952,0.009348152860896075,0.98989,-0.8672650000000001
273,1.1375,walk,1.003728,0.622175,0.960748,0.035902,-0.025965,-0.410834,-0.08807295416366773,-0.484041276697845,-0.0417566594672441,0.5118191643324225,0.06398553275432971,0.2182461966626856,-0.0023998080153744745,0.004079673626093978,0.0059995200383962215,-0.4331653467722152,-0.6457883369330402,-0.27573794096472004,0.013209000000000026,0.2192449999999999,-0.9160550000000001,0.02454400000000012,-0.26593400000000006,-0.86824,0.011335000000000095,0.48517899999999997,0.04781500000000005,0.9872636722437549,0.021849999999999925,0.021849999999999925,0.012736327756245114,0.9781500000000001,-0.86824
274,1.141667,walk,1.003278,0.620082,0.960514,0.035164,-0.025696,-0.411018,-0.10799136069115864,-0.5022798176145897,-0.05615550755941102,0.37709963356043763,0.03169452005412694,0.0849292995263621,-0.0014398848092033701,0.009119270458385703,0.006479481641470118,-0.4144468442524648,-0.6225101991840569,-0.32613390928725766,0.013653000000000137,0.22137600000000002,-0.915794,0.02326700000000015,-0.26643500000000003,-0.8693649999999999,0.009614000000000011,0.48781100000000005,0.046429000000000054,0.9812015038796607,0.03571000000000013,0.03571000000000013,0.018798496120339347,0.9642899999999999,-0.8693649999999999
275,1.145833,walk,1.002833,0.617914,0.960134,0.034723,-0.025735,-0.411425,-0.10681709073446818,-0.5204032645223234,-0.09121459433507574,0.18725617235663333,0.11302262803848126,0.20516922425126283,-0.0026404224675907213,0.004560729716752455,0.006481036965914188,-0.31685069611136624,-0.6142582813249899,-0.31901104176667316,0.01408699999999996,0.22356300000000007,-0.9153870000000001,0.022391999999999967,-0.26682599999999995,-0.870314,0.008305000000000007,0.490389,0.04507300000000003,0.9860780023673392,0.04927000000000009,0.04927000000000009,0.013921997632660776,0.9507299999999999,-0.870314
276,1.15,walk,1.002294,0.615911,0.959321,0.037903,-0.026474,-0.412617,-0.1293496520278598,-0.4806815454763783,-0.19510439164869228,-1.5322088799914741,-0.2766805738502011,0.6834879034035404,-0.0023998080153746024,0.0074394048476133096,0.008639308855292285,-0.26229901607872824,-0.5701943844492675,-0.3270938324934162,0.014615999999999962,0.22559700000000005,-0.914538,0.021838000000000024,-0.26719899999999996,-0.870864,0.007222000000000062,0.492796,0.04367399999999999,0.9805819756916359,0.0632600000000001,0.0632600000000001,0.019418024308364146,0.9367399999999999,-0.870864
277,1.154167,walk,1.002046,0.613473,0.959167,0.034958,-0.026386,-0.412345,-0.059515238780903305,-0.5850731941444496,-0.03695704343652179,1.304303722387049,0.5367564215717779,-0.20290667141115534,-0.0035997120230084256,0.008879289656816284,0.007439404847611249,-0.22510199184067634,-0.5490760739140856,-0.3275737940964677,0.014849000000000112,0.22807199999999994,-0.914353,0.021147999999999945,-0.26704900000000004,-0.8720749999999999,0.0062989999999998325,0.495121,0.04227800000000004,0.9797828142451295,0.07722000000000001,0.07722000000000001,0.020217185754870526,0.9227799999999999,-0.8720749999999999
278,1.158333,walk,1.001596,0.611221,0.958582,0.035347,-0.027156,-0.41277,-0.10801728276525424,-0.5405664906384949,-0.14042246759479854,-0.32085783055295697,0.269433796946469,0.2233976700906196,-0.006961113778217946,0.007921267402798813,0.006000960153623755,-0.18939030244836944,-0.4995199231876962,-0.3391742678828514,0.015270000000000117,0.23035700000000003,-0.9137430000000001,0.020809000000000077,-0.266878,-0.872903,0.005538999999999961,0.49723500000000004,0.0408400000000001,0.9797779613440271,0.09159999999999996,0.09159999999999996,0.02022203865597294,0.9084000000000001,-0.872903
279,1.1625,walk,1.001174,0.608911,0.958154,0.035037,-0.02734,-0.413077,-0.10127189824812076,-0.5543556515478801,-0.10271178305737742,0.10065117229960668,0.14869925479064153,0.15323620595125217,-0.008159347252241243,0.0071994240460701376,0.00839932805375571,-0.16342692584591467,-0.46676265898728464,-0.3762898968082525,0.01565799999999995,0.23269700000000004,-0.91328,0.020550000000000068,-0.266513,-0.8740429999999999,0.0048920000000001185,0.49921000000000004,0.03923700000000008,0.9770898272272145,0.10762999999999995,0.10762999999999995,0.02291017277278551,0.8923700000000001,-0.8740429999999999
280,1.166667,walk,1.000655,0.60683,0.957564,0.03734,-0.027469,-0.4142,-0.1245500359971106,-0.499400047996183,-0.14158867290616903,-1.026471187649501,-0.3734402051086737,0.6384753242300916,-0.0088792896568434,0.009119270458359545,0.00935925125990067,-0.155267578593735,-0.4113270938325106,-0.4084473242140837,0.01613999999999982,0.23481600000000002,-0.912651,0.02042199999999994,-0.266146,-0.875155,0.004282000000000119,0.500962,0.037495999999999974,0.9736688575463711,0.1250400000000001,0.1250400000000001,0.026331142453628886,0.87496,-0.875155
281,1.170833,walk,1.000245,0.604517,0.957178,0.03729,-0.027211,-0.414907,-0.09841574651944557,-0.5552088334133332,-0.09265482477196037,0.07683484900591551,-0.08584545743555375,0.37473417914710383,-0.008161305808897392,0.007921267402772164,0.010801728276523091,-0.15074411905906282,-0.34253480556888444,-0.4042246759481385,0.016515999999999975,0.23716199999999998,-0.91222,0.02020399999999989,-0.26526,-0.8764529999999999,0.0036879999999999136,0.5024219999999999,0.035767000000000104,0.9738577224313012,0.14232999999999996,0.14232999999999996,0.026142277568698802,0.85767,-0.8764529999999999
282,1.175,walk,0.999758,0.602125,0.956666,0.037245,-0.027588,-0.415313,-0.11687065034797492,-0.5740340772738016,-0.12287017038635782,-0.05363700194333776,0.1831982817519048,0.20856877034786117,-0.010799136069131849,0.006719462443011228,0.012479001679866339,-0.1247900167986201,-0.2944564434845137,-0.4389248860091186,0.016957999999999918,0.23958199999999996,-0.911656,0.02017100000000005,-0.264095,-0.87777,0.0032130000000001324,0.5036769999999999,0.03388599999999997,0.9703025441470912,0.16114000000000012,0.16114000000000012,0.02969745585290884,0.8388599999999999,-0.87777
283,1.179167,walk,0.999311,0.599631,0.956174,0.037246,-0.028047,-0.41561,-0.10727141828655695,-0.5985121190304721,-0.11807055435566216,-0.09067929220760033,0.20724014275264888,0.15121321696600554,-0.011519078473733534,0.008879289656842928,0.016078713702903074,-0.09527237820973786,-0.25629949604031804,-0.41852651787856543,0.017356999999999956,0.24211300000000002,-0.9110969999999999,0.020221000000000156,-0.26266900000000004,-0.879022,0.0028640000000001997,0.5047820000000001,0.032074999999999965,0.9638653756367606,0.17925000000000002,0.17925000000000002,0.03613462436323944,0.82075,-0.879022
284,1.183333,walk,0.998925,0.597182,0.955628,0.037775,-0.028521,-0.416407,-0.09265482477196531,-0.5878540566490874,-0.13106096975514872,-0.3217160656841313,0.12081560491449203,0.4264093165469552,-0.012962073931829066,0.008161305808924477,0.014162265962555215,-0.10321651464238205,-0.2035525684109414,-0.41838694191071524,0.017688999999999955,0.24459600000000004,-0.9104920000000001,0.020177,-0.26106799999999997,-0.8802190000000001,0.0024880000000000457,0.505664,0.030272999999999994,0.9652312380658883,0.19727,0.19727,0.034768761934111714,0.8027299999999999,-0.8802190000000001
285,1.1875,walk,0.998412,0.59457,0.955165,0.037549,-0.028633,-0.416724,-0.1231101511879006,-0.6268298536116937,-0.11111111111110815,0.07792102053724047,0.10162560734116521,0.16079800834071334,-0.017758579313632568,0.009359251259901835,0.016078713702903074,-0.08999280057595664,-0.18454523638109283,-0.4098872090232753,0.018128000000000033,0.247247,-0.909962,0.020314999999999972,-0.25922500000000004,-0.881464,0.002186999999999939,0.506472,0.028498000000000023,0.9571343261609118,0.21502,0.21502,0.042865673839088236,0.78498,-0.881464
286,1.191667,walk,0.997994,0.592042,0.95462,0.038024,-0.02892,-0.417511,-0.1003119750419763,-0.6066714662827133,-0.1307895368370563,-0.2605976582570047,0.04960067486328896,0.42246540531483034,-0.020878329733608727,0.010079193664503522,0.023518118550515988,-0.11903047756175333,-0.23734101271898492,-0.4173266138708882,0.018459000000000003,0.24981700000000007,-0.909319,0.02023700000000006,-0.25768599999999997,-0.882658,0.0017780000000000573,0.507503,0.026660999999999935,0.9449596941236096,0.23339000000000004,0.23339000000000004,0.055040305876390416,0.76661,-0.882658
287,1.195833,walk,0.997456,0.589419,0.954225,0.037721,-0.029145,-0.41803,-0.12914066250601353,-0.6296207393182907,-0.09481517042727904,0.08984957087970864,0.17145800309900977,0.2644792522957441,-0.02544407105140765,0.010081613058086313,0.027604416706673074,-0.13634181469038376,-0.21651464234278378,-0.367978876620267,0.01889099999999988,0.252482,-0.908809,0.020206999999999975,-0.25596500000000005,-0.883796,0.0013160000000000949,0.5084470000000001,0.025012999999999952,0.9352130951323728,0.24986999999999993,0.24986999999999993,0.06478690486762717,0.7501300000000001,-0.883796
288,1.2,walk,0.997093,0.586904,0.953885,0.037701,-0.028829,-0.419059,-0.08711303095752326,-0.6035517158627371,-0.08159347252219927,0.07810354463172484,-0.10845723995986255,0.5465768244627246,-0.024958003359702705,0.00911927045835906,0.0309575233981289,-0.15358771298295393,-0.22726181905446807,-0.327573794096471,0.01915,0.255035,-0.9083399999999999,0.019930000000000003,-0.254397,-0.884821,0.0007800000000000029,0.509432,0.023518999999999957,0.9320042631985626,0.26481,0.26481,0.06799573680143745,0.73519,-0.884821
289,1.204167,walk,0.996572,0.584312,0.953572,0.03713,-0.028521,-0.419902,-0.1250299976001895,-0.6220302375809714,-0.07511399088073083,0.31564661238376873,0.0010018914934868386,0.4363416626203026,-0.02591792656587381,0.010559155267589073,0.03479721622270175,-0.15910727141830458,-0.22750179985601085,-0.2944564434845204,0.019562999999999997,0.257671,-0.907882,0.019787999999999917,-0.25275300000000006,-0.8857349999999999,0.0002249999999999197,0.510424,0.022147000000000028,0.9255747777540634,0.27853000000000006,0.27853000000000006,0.07442522224593662,0.72147,-0.8857349999999999
290,1.208333,walk,0.996014,0.581583,0.953039,0.037444,-0.028789,-0.420446,-0.13394143062891098,-0.6550648103696634,-0.1279404704752739,-0.18807103050497587,0.06675007307173511,0.2912616779180722,-0.025444071051352993,0.010081613058085775,0.032645223235716156,-0.17066730676905587,-0.23427748439749163,-0.2887662025924059,0.020015000000000116,0.26044200000000006,-0.9072129999999999,0.01963500000000007,-0.25099999999999995,-0.886405,0.00038000000000004697,0.511442,0.020807999999999938,0.9290001902657282,0.29192,0.29192,0.07099980973427178,0.70808,-0.886405
291,1.2125,walk,0.995544,0.578815,0.952538,0.037635,-0.029197,-0.420881,-0.11279097672186031,-0.6642668586513365,-0.12023038156947362,-0.16341203268078536,0.14980348020011133,0.22968546439442775,-0.026877849772046346,0.006959443244527732,0.03431725461963301,-0.1593472522198292,-0.22894168466523973,-0.2771778257739515,0.020372999999999974,0.263239,-0.906569,0.01944100000000004,-0.24918599999999996,-0.887059,0.0009319999999999329,0.5124249999999999,0.019509999999999916,0.9264298025452482,0.30490000000000006,0.30490000000000006,0.0735701974547518,0.6950999999999999,-0.887059
292,1.216667,walk,0.994964,0.576009,0.952021,0.037973,-0.029484,-0.421385,-0.13918886489081367,-0.6733861291096601,-0.12407007439404505,-0.20251108675962515,0.06920896598061375,0.27059721551887234,-0.047516198704084224,0.0172786177106003,0.054715622750179334,-0.14854811615068886,-0.20326373890088317,-0.2949364050875893,0.02075500000000008,0.26611700000000005,-0.905824,0.01940200000000014,-0.24722699999999997,-0.887771,0.0013529999999999376,0.513344,0.018052999999999986,0.8758345733594914,0.31947000000000003,0.31947000000000003,0.12416542664050856,0.68053,-0.887771
293,1.220833,walk,0.994415,0.573123,0.951444,0.038687,-0.029888,-0.421901,-0.13178108497357072,-0.6927508401343891,-0.13850216034566346,-0.3900208107349602,0.04462978479052991,0.28453044008616063,-0.04368698991841611,0.005760921747458551,0.04872779644742902,-0.12193951032169013,-0.16730676908304948,-0.3024483917426699,0.021121999999999863,0.2690269999999999,-0.905044,0.019442999999999877,-0.24503800000000003,-0.888454,0.001678999999999986,0.514065,0.016589999999999994,0.8905044463848695,0.33409999999999995,0.33409999999999995,0.10949555361513053,0.6659,-0.888454
294,1.225,walk,0.993834,0.570261,0.951019,0.038504,-0.029861,-0.422314,-0.13942884569235645,-0.6868250539956826,-0.10199184065274909,0.08749256912669898,0.035632965336922645,0.21459237707630874,-0.05375569954403654,0.0019198464122889224,0.059755219582434425,-0.11087113030956537,-0.16870650347972255,-0.3203743700503942,0.021478999999999915,0.27189699999999994,-0.9043699999999999,0.01956199999999997,-0.242879,-0.8893639999999999,0.0019169999999999465,0.5147759999999999,0.015005999999999964,0.8660011680081952,0.34994000000000003,0.34994000000000003,0.13399883199180485,0.65006,-0.8893639999999999
295,1.229167,walk,0.993245,0.567423,0.950644,0.038406,-0.029716,-0.422868,-0.14134869210462625,-0.6810655147588521,-0.0899928005759348,0.07528495223741077,-0.029307385283265847,0.29262414690004995,-0.05207583393326653,0.004079673626120838,0.06071514278857879,-0.09071274298056317,-0.1358291336693153,-0.31533477321815756,0.021850999999999954,0.274752,-0.903742,0.01977299999999993,-0.24060700000000002,-0.8903030000000001,0.0020780000000000243,0.515359,0.013438999999999979,0.866511915007594,0.36561,0.36561,0.13348808499240605,0.63439,-0.8903030000000001
296,1.233333,walk,0.992637,0.564569,0.950333,0.038479,-0.02922,-0.423493,-0.14594335093615848,-0.6850696111377689,-0.07465194431110243,0.07275223774862528,-0.2147863437850729,0.338336386557854,-0.06769083053285783,0.025204032645227765,0.0931349015842508,-0.028564570331247475,-0.14762361977915503,-0.24915986557848507,0.022177000000000113,0.27771100000000004,-0.903043,0.020262000000000002,-0.23836799999999997,-0.89103,0.001915000000000111,0.516079,0.012013000000000051,0.8035636822663084,0.39484621361307876,0.39484621361307876,0.19643631773369163,0.6051537863869212,-0.89103
297,1.2375,walk,0.991974,0.56158,0.949912,0.0386,-0.029325,-0.423761,-0.15910727141827793,-0.717302615790736,-0.10103191744660463,-0.0725940928931504,0.02782301212318436,0.143354379793348,-0.05423566114712209,0.005279577633781215,0.08591312694984435,-0.04151667866570132,-0.1300695944324546,-0.26421886249099985,0.022614000000000023,0.280722,-0.902264,0.020751999999999993,-0.235921,-0.89171,0.0018620000000000303,0.516643,0.010553999999999952,0.8304380950282247,0.39877489246562264,0.39877489246562264,0.16956190497177526,0.6012251075343773,-0.89171
298,1.241667,walk,0.991318,0.55867,0.949507,0.038898,-0.029151,-0.423683,-0.15742740580753178,-0.6983441324693895,-0.09719222462202678,-0.09453680463168355,-0.13799899098848248,-0.03234123521716476,-0.06647468202545731,0.01319894408447968,0.09767218622510068,-0.04583633309336472,-0.1456683465322688,-0.23086153107751145,0.02299299999999993,0.283687,-0.901452,0.02121699999999993,-0.233618,-0.892267,0.0017759999999999998,0.517305,0.009184999999999999,0.8018631825303422,0.4468195473827181,0.4468195473827181,0.19813681746965783,0.5531804526172819,-0.892267
299,1.245833,walk,0.990581,0.555629,0.949396,0.038476,-0.028719,-0.425017,-0.17690830532885424,-0.7299567930869033,-0.02664426308208716,0.2786916360660543,-0.06852925034609102,0.7022471533914861,-0.06553048487757436,0.0074411905904954515,0.08449351896303584,-0.07081132981275609,-0.13658185309649568,-0.22347575612098544,0.02345699999999995,0.286759,-0.900989,0.021658999999999984,-0.23114600000000002,-0.893087,0.0017979999999999663,0.5179050000000001,0.007902000000000076,0.8213571959930237,0.46879315133205224,0.46879315133205224,0.1786428040069763,0.5312068486679478,-0.893087
300,1.25,walk,0.98991,0.552559,0.949,0.038592,-0.028705,-0.425278,-0.16102711783059348,-0.7367410607151413,-0.09503239740822172,-0.04621753549836966,-0.02316639266171284,0.14099736541694163,-0.07367410607152745,0.007919366450671823,0.08423326133909322,-0.06143508519319223,-0.1341492680585619,-0.23806095512358824,0.02382099999999998,0.28986199999999995,-0.900242,0.022074000000000038,-0.22863500000000003,-0.893683,0.001746999999999943,0.518497,0.0065589999999999815,0.8130223380377077,0.46761443992013857,0.46761443992013857,0.18697766196229226,0.5323855600798615,-0.893683
301,1.254167,walk,0.989172,0.549529,0.948755,0.039221,-0.028273,-0.425869,-0.17710583153345327,-0.7271418286536967,-0.05879529637627498,-0.18193630962552637,-0.3008134889129136,0.3326348952548249,-0.09359251259896507,0.0016798656107461464,0.09575233981281342,-0.05543556515480933,-0.1216702663786839,-0.20038396928245478,0.024168999999999996,0.2928989999999999,-0.899598,0.02258099999999985,-0.22611200000000004,-0.894273,0.0015880000000001449,0.5190109999999999,0.005325000000000024,0.7768228721478156,0.5452580229455084,0.5452580229455084,0.22317712785218435,0.4547419770544916,-0.894273
302,1.258333,walk,0.988468,0.546463,0.948325,0.040371,-0.028405,-0.426606,-0.16898703792608166,-0.7359577532405407,-0.1032165146423554,-0.5233605945552516,-0.15852941610600377,0.4149830512640884,-0.10081613058091643,0.000960153624580918,0.11305808929428983,-0.039126260201612445,-0.10105616898704167,-0.14378300528084922,0.024452999999999947,0.2959689999999999,-0.898697,0.023121999999999976,-0.22346700000000003,-0.894442,0.001330999999999971,0.519436,0.004255000000000009,0.7475291786101983,0.6573723890423673,0.6573723890423673,0.2524708213898017,0.3426276109576327,-0.894442
303,1.2625,walk,0.987688,0.543345,0.947864,0.041079,-0.028508,-0.42681,-0.18718502519798344,-0.7482601391888748,-0.1106311495080226,-0.32774764184266725,-0.094568540303324,0.12310764314635539,-0.09527237820973786,0.01223902087833522,0.11831053515718662,-0.05567554595632546,-0.09887209023278626,-0.23422126229901374,0.02483599999999997,0.299138,-0.8977430000000001,0.02366999999999997,-0.22076099999999999,-0.894957,0.0011660000000000004,0.519899,0.002786000000000066,0.7460096107954545,0.5383740097168412,0.5383740097168412,0.25399038920454553,0.46162599028315876,-0.894957
304,1.266667,walk,0.987011,0.540207,0.947701,0.040621,-0.02863,-0.427143,-0.16246700263979685,-0.7530597552195705,-0.03911687065035349,0.17527481412855847,0.1551902496104056,0.1645294080748331,-0.1127909767218543,-0.012958963282936905,0.1180705543556505,-0.057835373170130516,-0.08783297336212495,-0.2459803215742734,0.025043000000000037,0.302222,-0.897088,0.024106000000000072,-0.217989,-0.895819,0.0009369999999999656,0.520211,0.0012689999999999646,0.7270002291154349,0.5414466670493732,0.5414466670493732,0.27299977088456506,0.45855333295062684,-0.895819
305,1.270833,walk,0.98633,0.537015,0.947428,0.041207,-0.029147,-0.427881,-0.16346615458471267,-0.7662025924147589,-0.06553048487757086,-0.3575028044209799,0.12369270436161735,0.3982214591676516,-0.11857897263561712,-0.02640422467593386,0.1320211233797376,-0.03840614498318137,-0.08017282765242242,-0.17810849735957257,0.025229999999999975,0.305304,-0.8962650000000001,0.024627000000000066,-0.21513100000000002,-0.8962880000000001,0.0006029999999999092,0.520435,2.2999999999995246e-05,0.7007543331375821,0.668231376232626,0.668231376232626,0.29924566686241794,0.33176862376737404,-0.8962650000000001
306,1.275,walk,0.985517,0.533665,0.947211,0.040678,-0.029409,-0.427926,-0.19510439164869228,-0.8039356851452432,-0.05207583393329317,0.17583020544937364,0.2230925916152892,0.008140824277273579,-0.12335013198947659,-0.02327813774898444,0.16606671466283413,-0.04751619870414004,-0.06935445164386775,-0.18238540916727417,0.025528999999999913,0.3085570000000001,-0.895356,0.025241999999999987,-0.21206999999999993,-0.896831,0.0002869999999999262,0.520627,0.001475000000000004,0.6382978720270334,0.6652850857353592,0.6382978720270334,0.36170212797296664,0.33471491426464084,-0.895356
307,1.279167,walk,0.984676,0.530375,0.94688,0.040903,-0.02921,-0.427919,-0.20182385409166648,-0.7895368370530067,-0.07943364530836758,-0.05669957925700194,-0.1325270656831259,0.004234673551132169,-0.10487161027112919,-0.03599712023037733,0.1915046796256285,-0.049436045116373145,-0.05639548836094047,-0.17350611951043818,0.025933000000000095,0.311697,-0.8942270000000001,0.02587700000000004,-0.20901500000000006,-0.8972230000000001,5.6000000000056005e-05,0.5207120000000001,0.0029959999999999987,0.6012285093670087,0.6849658432461141,0.6012285093670087,0.39877149063299133,0.3150341567538859,-0.8942270000000001
308,1.283333,walk,0.98373,0.527122,0.946747,0.040192,-0.028649,-0.427671,-0.22707633221314846,-0.7808449351896237,-0.031925108017293834,0.42309640407161947,-0.1042042335956301,-0.14090826969185946,-0.09673547767646236,-0.05112818050888452,0.20691310609697025,-0.034565530484911205,-0.05904944791165668,-0.14426308209313032,0.026475999999999944,0.31473700000000004,-0.893232,0.026678999999999897,-0.20600799999999997,-0.897691,0.00020299999999995322,0.520745,0.004458999999999991,0.565307175384993,0.7338888596251139,0.565307175384993,0.434692824615007,0.26611114037488615,-0.893232
309,1.2875,walk,0.982876,0.523857,0.946839,0.039628,-0.027824,-0.427972,-0.20494360451164265,-0.7835373170146238,0.022078233741295965,0.41603689079437445,-0.23455414506060837,0.15743917402177832,-0.08087353011759758,-0.061195104391649456,0.17446604271658098,-0.01487880969517254,-0.05399568034557932,-0.15334773218142447,0.026992999999999934,0.317747,-0.892597,0.027471000000000134,-0.20296800000000004,-0.8984219999999999,0.0004780000000002005,0.520715,0.005824999999999969,0.6054144832562997,0.7279070857270697,0.6054144832562997,0.39458551674370035,0.27209291427293025,-0.892597
310,1.291667,walk,0.981826,0.520941,0.947531,0.037474,-0.025597,-0.428279,-0.2519798416126814,-0.6997840172786568,0.1660667146628408,1.394810968407965,-0.516521503397642,0.14410809449309595,-0.08999280057596144,-0.06167506599473829,0.2270218382529507,-0.010559155267616279,-0.04439644828413707,-0.17206623470123233,0.027667999999999915,0.32040599999999997,-0.892343,0.028476999999999975,-0.200237,-0.899831,0.0008090000000000597,0.520643,0.00748800000000005,0.5053269525590649,0.7033083835188497,0.5053269525590649,0.4946730474409351,0.2966916164811503,-0.892343
311,1.295833,walk,0.98084,0.517852,0.947291,0.038845,-0.025457,-0.428943,-0.2366778684589305,-0.7414786365818348,-0.057609217474798705,-0.563710416622877,-0.32606514000074205,0.3829280905219428,-0.0945751320210688,-0.058089294287075814,0.2626020163226039,0.004320691310627225,-0.06793086893902303,-0.11017762842054453,0.028260000000000063,0.323253,-0.8910089999999999,0.02948099999999998,-0.19743099999999997,-0.90005,0.0012209999999999166,0.5206839999999999,0.009041000000000077,0.4344331817802142,0.7841529532504039,0.4344331817802142,0.5655668182197858,0.2158470467495961,-0.8910089999999999
312,1.3,walk,0.97986,0.514717,0.947143,0.039564,-0.026019,-0.42947,-0.23518118550517986,-0.7523398128149688,-0.03551715862731842,-0.4261398334771164,0.10878255495610618,0.2878444158929596,-0.09359251259901837,-0.09623230141588232,0.2282217422606175,-0.05999520038398886,-0.011519078473720213,-0.12790976721862124,0.028850000000000042,0.325987,-0.88991,0.030210999999999988,-0.19434399999999996,-0.900435,0.0013609999999999456,0.520331,0.010525000000000007,0.45345966381761527,0.7637502393421519,0.45345966381761527,0.5465403361823847,0.23624976065784808,-0.88991
313,1.304167,walk,0.978971,0.511876,0.947019,0.042461,-0.025116,-0.429755,-0.21334293256537337,-0.6817854571634175,-0.02975761939042501,-1.0688639420769481,-0.9795850320789883,0.22657056813869553,-0.014638828893709694,-0.09215262778978835,0.2282217422606175,-0.04343652507799024,-0.020398368130549818,-0.127429805615549,0.02967799999999987,0.32844399999999996,-0.888835,0.03091899999999992,-0.19158799999999998,-0.900842,0.0012410000000000476,0.5200319999999999,0.01200699999999999,0.46899757192259056,0.7730566609355682,0.46899757192259056,0.5310024280774095,0.22694333906443176,-0.888835
314,1.308333,walk,0.978002,0.508889,0.9469,0.044645,-0.02376,-0.430458,-0.23259721555449417,-0.7169947191550743,-0.028564570331275647,-0.665309086702702,-1.0183173945949622,0.44161059864828184,-0.08257321171385235,-0.1063370139222234,0.2695631301008229,-0.037686029764754395,-0.021363418146905438,-0.1228996639462359,0.03030299999999997,0.33098799999999995,-0.887593,0.031730999999999954,-0.18869000000000002,-0.901235,0.0014279999999999848,0.519678,0.013642000000000043,0.36358,0.7828149798466294,0.36358,0.63642,0.2171850201533706,-0.887593
315,1.3125,walk,0.977004,0.505509,0.947166,0.04452,-0.024149,-0.432381,-0.2395008399328166,-0.8111351091912704,0.06383489320854006,-0.02421400093719417,0.24584874886416735,1.013325261033187,-0.07991360691142649,-0.13414926805854857,0.28653707703383524,-0.01055915526756243,-0.033117350611957266,-0.07607391408687195,0.030968000000000107,0.333809,-0.8866649999999999,0.032685000000000075,-0.185448,-0.901818,0.0017169999999999686,0.5192570000000001,0.015153000000000083,0.34847,0.8606015395827031,0.34847,0.6515299999999999,0.13939846041729687,-0.8866649999999999
316,1.316667,walk,0.975916,0.502377,0.947114,0.046066,-0.023799,-0.433272,-0.26109911207102704,-0.7516198704103672,-0.012479001679851352,-0.5956759636509966,-0.4472697012060021,0.5135344962545492,-0.11615070794339988,-0.12814974802016568,0.3287736981041499,-0.05399568034560596,-0.004319654427636754,-0.11759059275257827,0.03157199999999993,0.336407,-0.885243,0.03354799999999991,-0.18233399999999994,-0.9022560000000001,0.0019759999999999778,0.5187409999999999,0.017013000000000056,0.32987,0.7842214328539184,0.32987,0.67013,0.21577856714608157,-0.885243
317,1.320833,walk,0.974992,0.499493,0.947214,0.047189,-0.023119,-0.433731,-0.22179548727797885,-0.6922707633221356,0.0240038406144963,-0.34417506874189485,-0.5141876477064079,0.28042723569577427,-0.0691310609697195,-0.165866538646187,0.2866058569371158,-0.028804608737374237,-0.018002880460885547,-0.09793566970715535,0.032208000000000125,0.33859999999999996,-0.884149,0.03435200000000005,-0.17952500000000005,-0.902764,0.0021439999999999237,0.518125,0.018615000000000048,0.3138500000000001,0.8272348688859226,0.3138500000000001,0.6861499999999999,0.17276513111407743,-0.884149
318,1.325,walk,0.973797,0.496358,0.94735,0.047683,-0.022844,-0.434995,-0.28677705783535806,-0.7523398128149688,0.032637389008885034,-0.1562698397860425,-0.18594498922825706,0.6885664828931856,-0.09191264698824557,-0.17446604271656266,0.327573794096471,0.0,-0.03695704343652179,-0.05615550755939603,0.03302000000000005,0.34100800000000003,-0.88292,0.035546999999999995,-0.17654400000000003,-0.903134,0.002526999999999946,0.517552,0.020213999999999954,0.29786,0.8879575466270047,0.29786,0.70214,0.11204245337299534,-0.88292
319,1.329167,walk,0.972608,0.493302,0.947453,0.048056,-0.022373,-0.435532,-0.2853371730261547,-0.7333813294936357,0.024718022558186573,-0.06283229786833937,-0.26584948982702744,0.3024988965237652,-0.04127669786418519,-0.18910487161027237,0.29109671226301814,-0.025677945764357675,-0.023278137748983203,-0.10175185985121131,0.034036999999999984,0.343276,-0.88181,0.03662899999999991,-0.17358500000000004,-0.903661,0.0025919999999999277,0.516861,0.021851000000000065,0.2814899999999999,0.8208455850784451,0.2814899999999999,0.7185100000000001,0.17915441492155493,-0.88181
320,1.333333,walk,0.971503,0.490328,0.94769,0.048242,-0.021835,-0.436417,-0.2652424387902046,-0.7138742198751682,0.05688910225636972,0.031926469288618156,-0.2459920016077669,0.48527274326622777,-0.0756120979356833,-0.20907345175229053,0.3281325012001814,-0.024723955832924006,-0.02520403264521444,-0.09985597695631021,0.03482699999999994,0.345379,-0.88068,0.03763099999999997,-0.17071599999999998,-0.9043140000000001,0.0028040000000000287,0.516095,0.023634000000000044,0.26366,0.8234769971905725,0.26366,0.73634,0.17652300280942745,-0.88068
321,1.3375,walk,0.970387,0.487399,0.947842,0.048506,-0.021827,-0.436774,-0.2678185745140525,-0.7029037676986065,0.03647708183343818,-0.1127448851718328,-0.04851078532132358,0.19623178646311323,-0.026637868970476913,-0.2195824334053374,0.31341492680587024,-0.020158387329008116,-0.02615790736741798,-0.10079193664507222,0.035831999999999975,0.34739299999999995,-0.8795259999999999,0.038663,-0.16789600000000005,-0.904886,0.002831000000000028,0.515289,0.02536000000000005,0.2464,0.8232263595079463,0.2464,0.7536,0.17677364049205369,-0.8795259999999999
322,1.341667,walk,0.969293,0.484561,0.948005,0.048724,-0.020553,-0.437041,-0.262538996880257,-0.6810655147588158,0.03911687065035349,0.1733287679503474,-0.5874208787255376,0.17029141157140634,-0.037197024238037925,-0.23782097432204383,0.31125509959202846,-0.01679865610751475,-0.02687784977201827,-0.08183345332373372,0.03677100000000011,0.34924,-0.878392,0.03968700000000003,-0.16517000000000004,-0.90539,0.0029159999999999187,0.51441,0.026998000000000077,0.23002000000000006,0.8537379849353923,0.23002000000000006,0.7699799999999999,0.14626201506460768,-0.878392
323,1.345833,walk,0.968156,0.48166,0.948227,0.048284,-0.020167,-0.437443,-0.27292366778682486,-0.6963514162265874,0.05328852616419813,0.27078221235057987,-0.06304764385669978,0.21238076241001233,-0.11329812770043568,-0.2508401344214916,0.34661545847334646,-0.016082573211722854,-0.020643302928461987,-0.08185309649543727,0.037436000000000025,0.3510960000000001,-0.87717,0.04075699999999993,-0.16235499999999997,-0.905953,0.0033209999999999074,0.5134510000000001,0.028783000000000003,0.21217000000000008,0.8567759668406206,0.21217000000000008,0.7878299999999999,0.14322403315937937,-0.87717
324,1.35,walk,0.967037,0.478708,0.948443,0.04796,-0.020279,-0.438061,-0.26853851691863995,-0.708423326133893,0.05183585313174762,0.11544150969422037,0.13337354243000055,0.3205947837589086,-0.05423566114712209,-0.27237820974321775,0.29397648188144815,-0.017998560115201987,-0.02087832973362205,-0.07799376049915921,0.038328999999999946,0.35291300000000003,-0.8761610000000001,0.041800999999999866,-0.15949000000000002,-0.906494,0.0034719999999999196,0.512403,0.030332999999999943,0.19667,0.8621305015655244,0.19667,0.80333,0.1378694984344756,-0.8761610000000001
325,1.354167,walk,0.965893,0.475787,0.948709,0.047491,-0.020092,-0.438616,-0.2745380369570641,-0.7009839212863308,0.06383489320854346,0.24116312748933585,0.03319193161112059,0.2896786000009892,-0.05999520038399206,-0.284377249820052,0.2944564434845361,-0.016798656107462357,-0.02807775377969368,-0.07703383729302052,0.0392229999999999,0.35464899999999994,-0.8752,0.04287500000000011,-0.156686,-0.907081,0.0036520000000002106,0.5113349999999999,0.03188100000000005,0.18118999999999996,0.86050918795274,0.18118999999999996,0.81881,0.13949081204726,-0.8752
326,1.358333,walk,0.964851,0.472973,0.948954,0.047235,-0.020298,-0.439389,-0.2501200192030626,-0.6754680748919735,0.058809409505504805,0.06593070094217904,0.16381757777115238,0.4034821083986556,-0.07825252040322071,-0.2942870859337292,0.28852616418626065,-0.016082573211722854,-0.0314450312050034,-0.07369179068650823,0.03993900000000006,0.356237,-0.874243,0.043850000000000056,-0.154003,-0.9076329999999999,0.003910999999999998,0.51024,0.03338999999999992,0.16609999999999997,0.863802439620701,0.16609999999999997,0.8339000000000001,0.13619756037929898,-0.874243
327,1.3625,walk,0.963759,0.4701,0.949136,0.046791,-0.020695,-0.43992,-0.2620590352771715,-0.6894648428125599,0.04367650587953302,0.10696618655252127,0.2789650132428087,0.2673283058381731,-0.15142788576914887,-0.31749460043195415,0.30069594432445274,-0.016558675305998617,-0.04487640988720694,-0.0717542596592252,0.04039999999999999,0.357787,-0.873172,0.04487299999999994,-0.15131700000000003,-0.908114,0.004472999999999949,0.509104,0.03494200000000003,0.15058,0.8562722899262327,0.15058,0.8494200000000001,0.14372771007376728,-0.873172
328,1.366667,walk,0.962765,0.467329,0.949253,0.046611,-0.021409,-0.440737,-0.23854091672667213,-0.6649868010559161,0.02807775377970551,-0.07434690702840586,0.367657420899573,0.4198981852526497,-0.09503239740822172,-0.34533237341014356,0.20014398848092033,-0.01511879049674196,-0.03791696664266625,-0.05231581473482151,0.04099799999999998,0.35911899999999997,-0.872455,0.04580400000000007,-0.148704,-0.9084490000000001,0.004806000000000088,0.5078229999999999,0.03599400000000008,0.14005999999999996,0.8894054118157271,0.14005999999999996,0.85994,0.11059458818427292,-0.872455
329,1.370833,walk,0.961661,0.464503,0.94935,0.046365,-0.021916,-0.441065,-0.26500240038406686,-0.678348535765739,0.02328372539606727,-0.001692112495164952,0.27918213010734216,0.1615193901628064,-0.11785885741719442,-0.3502160345655367,0.20427268362938375,-0.016082573211723714,-0.03648583773403491,-0.04656745079212788,0.041610999999999954,0.360486,-0.8717010000000001,0.04684100000000002,-0.14603,-0.90874,0.005230000000000068,0.506516,0.03703899999999993,0.12961000000000006,0.8978237770980663,0.12961000000000006,0.87039,0.10217622290193373,-0.8717010000000001
330,1.375,walk,0.960664,0.461779,0.949536,0.045731,-0.022469,-0.441475,-0.23926085913127382,-0.6537077033837253,0.044636429085677484,0.1558470958758959,0.38307002981352467,0.195873641091719,-0.10367170626349524,-0.3952483801295756,0.13270938324933854,-0.01967842572592149,-0.040796736261099635,-0.04775617950563865,0.04217599999999999,0.361563,-0.871334,0.04775600000000013,-0.143476,-0.9091250000000001,0.00558000000000014,0.505039,0.03779100000000002,0.12209000000000009,0.8903000707791285,0.12209000000000009,0.87791,0.10969992922087146,-0.871334
331,1.379167,walk,0.959566,0.459034,0.949614,0.045548,-0.023093,-0.441869,-0.2634989200863748,-0.658747300215977,0.01871850251977703,-0.05369971279116784,0.3178878917417319,0.19632532689204504,-0.15766738660904792,-0.40340772738181685,0.12718982481401456,-0.01535877129831138,-0.02687784977201827,-0.02087832973362205,0.042617000000000016,0.362627,-0.8708819999999999,0.04879,-0.140843,-0.9092899999999999,0.006172999999999984,0.50347,0.038408,0.11592000000000002,0.937768012051972,0.11592000000000002,0.88408,0.06223198794802798,-0.8708819999999999
332,1.383333,walk,0.958623,0.456427,0.949728,0.045412,-0.023804,-0.442519,-0.22635621699473155,-0.6257801248199804,0.027364378300542835,-0.09242483421503862,0.3524627306005737,0.33306456223939446,-0.19683149303890163,-0.4287085933749401,0.12049927988478527,-0.012481997119525284,-0.017042726836291305,-0.011041766682668897,0.04274,0.363448,-0.870494,0.049681000000000086,-0.138307,-0.90945,0.006941000000000086,0.501755,0.03895599999999999,0.11044000000000004,0.9602726164415953,0.11044000000000004,0.8895599999999999,0.03972738355840466,-0.870494
333,1.3875,walk,0.957539,0.453747,0.949913,0.044829,-0.024135,-0.442662,-0.2601391888648826,-0.6431485481161495,0.04439644828413471,0.1807606906259023,0.2697453632164784,0.05819228592673162,-0.17422606191504653,-0.4780417566594621,0.1171106311495077,-0.013198944084506324,-0.005759539236866767,-0.005759539236861772,0.04309799999999997,0.364136,-0.870191,0.05070999999999992,-0.13565100000000002,-0.909659,0.007611999999999952,0.49978700000000004,0.03946799999999995,0.10531999999999997,0.9741501821740848,0.10531999999999997,0.89468,0.025849817825915222,-0.870191
334,1.391667,walk,0.956522,0.45117,0.9501,0.044398,-0.024608,-0.44294,-0.24406047516199614,-0.6184305255579496,0.044876409887193616,0.08514364776097094,0.3022859391159585,0.13168918206711414,-0.2111831053515683,-0.5411567074634005,0.0751139908807275,-0.00767938564915569,0.002399808015361153,-0.007199424046075133,0.04323500000000002,0.364458,-0.870065,0.051694999999999935,-0.13306400000000002,-0.9098759999999999,0.008459999999999912,0.497522,0.03981099999999993,0.10189000000000009,0.9820058845225064,0.10189000000000009,0.89811,0.017994115477493633,-0.870065
335,1.395833,walk,0.955445,0.44859,0.95018,0.044744,-0.025349,-0.443278,-0.25852136341813853,-0.6192990878540461,0.019203072491617335,-0.3066307039916578,0.2544756043692683,0.1771321952592729,-0.22731637061930035,-0.6063370139222177,0.07345175228036302,0.0012001920307327459,0.0014402304368713,-0.0028804608737409347,0.04336499999999999,0.364512,-0.869839,0.05277699999999996,-0.13047799999999998,-0.909968,0.009411999999999976,0.49499,0.04012899999999997,0.09871000000000002,0.9942719550874963,0.09871000000000002,0.9012899999999999,0.005728044912503671,-0.869839
336,1.4,walk,0.95437,0.446042,0.950372,0.044813,-0.02597,-0.443402,-0.2579793616510646,-0.6114710823134416,0.04607631389488331,-0.16203253045526908,0.2557254267731446,0.05842271516177092,-0.25677945764340393,-0.6640268778497936,0.03479721622270527,0.0038396928245780495,0.0038396928245780495,-0.00047996160307059096,0.04336999999999991,0.36429300000000003,-0.8698859999999999,0.053867999999999916,-0.12791399999999997,-0.910162,0.010498000000000007,0.492207,0.04027600000000009,0.09724000000000005,0.9909144734888312,0.09724000000000005,0.90276,0.009085526511168784,-0.8698859999999999
337,1.404167,walk,0.953346,0.443573,0.950625,0.044804,-0.026522,-0.443713,-0.2457403407727423,-0.5925125989920759,0.06071514278859055,-0.11338906182778029,0.24779743727588846,0.1577626762921005,-0.26109911207102704,-0.7053035757139435,-0.008159347252221259,0.005279577633781215,0.0004799616030722306,-0.0004799616030722306,0.043305999999999956,0.363823,-0.8701730000000001,0.05491399999999991,-0.12544299999999997,-0.910417,0.011607999999999952,0.489266,0.040243999999999946,0.09756000000000009,0.9911282805324431,0.09756000000000009,0.9024399999999999,0.008871719467556938,-0.8701730000000001
338,1.408333,walk,0.952228,0.441127,0.950957,0.044596,-0.026734,-0.443809,-0.2683629380700991,-0.5871339414306137,0.07969275084013198,0.044474612207382046,0.13797444694719962,0.043183633425136196,-0.32405184829570943,-0.7484397503600261,-0.020883341334610533,0.004560729716752455,0.0004800768122904334,0.0009601536245792011,0.04307400000000006,0.36315100000000006,-0.870592,0.05605099999999996,-0.12299499999999997,-0.910745,0.012976999999999905,0.486146,0.040152999999999994,0.09846999999999995,0.9921910620515548,0.09846999999999995,0.90153,0.0078089379484451715,-0.870592
339,1.4125,walk,0.951158,0.438719,0.951317,0.04478,-0.027105,-0.443976,-0.2567794576433903,-0.5778737700983795,0.08639308855289493,-0.15809470372653125,0.1250017464966135,0.08806639611882773,-0.3501319894408392,-0.7859371250299984,-0.05015598752099814,0.005999520038436187,-0.0009599232061444612,0.0019198464122872573,0.042685000000000084,0.362284,-0.871161,0.05714600000000014,-0.120591,-0.9110969999999999,0.014461000000000057,0.482875,0.03993599999999997,0.10063999999999995,0.9893801151528444,0.10063999999999995,0.89936,0.010619884847155592,-0.871161
340,1.416667,walk,0.950123,0.436363,0.951742,0.04462,-0.027371,-0.444161,-0.24838012958961947,-0.5653947684185583,0.10199184065275453,0.012439868317679835,0.15346927084659767,0.09123182418093151,-0.36117110631150645,-0.8492920566355248,-0.06359491240701066,0.009599232061391837,0.0,0.006719462443004926,0.042215,0.36110099999999995,-0.8718509999999999,0.058220999999999856,-0.11823499999999998,-0.911494,0.016005999999999854,0.47933599999999993,0.039643000000000095,0.10357,0.9804710733290185,0.10357,0.8964300000000001,0.019528926670981495,-0.8718509999999999
341,1.420833,walk,0.948958,0.43402,0.95219,0.044687,-0.027689,-0.444213,-0.27964474315891763,-0.5624099855976764,0.10753720595295048,-0.09675019643190012,0.1238986640149588,0.024925983989504165,-0.38646183389341243,-0.9251080172827191,-0.05880940950552146,0.00888142102737968,-0.0009601536245808668,0.002400384061450501,0.041770000000000085,0.35959,-0.872544,0.059423000000000004,-0.115896,-0.911932,0.01765299999999992,0.475486,0.03938799999999998,0.1061200000000001,0.9845832542262531,0.1061200000000001,0.8938799999999999,0.015416745773746854,-0.872544
342,1.425,walk,0.947805,0.431643,0.952593,0.044534,-0.028422,-0.444149,-0.2766978641708545,-0.57043436525078,0.09671226301896788,-0.09108757936601646,0.3456744197638975,-0.048852313019840936,-0.43436525077995575,-0.952243820494373,-0.07223422126229744,0.009839212862960744,0.0,0.003359731221502284,0.041112999999999955,0.35799899999999996,-0.873248,0.06061699999999992,-0.11351899999999998,-0.912321,0.019503999999999966,0.47151799999999994,0.039073000000000024,0.10927000000000003,0.9826716430506245,0.10927000000000003,0.89073,0.017328356949375512,-0.873248
343,1.429167,walk,0.946709,0.429318,0.953035,0.044343,-0.028981,-0.444164,-0.2630189584833159,-0.5579553635709152,0.10607151427884307,-0.037310419415364934,0.28121983498064157,-0.004704014874023474,-0.4492440604751549,-0.9964002879769382,-0.0955123590112773,0.008399328053757375,0.0002399808015294545,0.0014398848092150266,0.040336999999999956,0.35617200000000004,-0.874088,0.061747999999999914,-0.11119299999999999,-0.9127569999999999,0.021410999999999958,0.46736500000000003,0.03866899999999995,0.11331000000000002,0.9857912809628553,0.11331000000000002,0.88669,0.014208719037144713,-0.874088
344,1.433333,walk,0.945538,0.427084,0.953615,0.043937,-0.029041,-0.444165,-0.28108497359579054,-0.5362457993278963,0.13922227556409986,0.1619273717398388,0.11210556992488704,-0.010334822698649757,-0.4851176188190091,-1.0441670667307221,-0.10009601536246075,0.00840134421507637,0.0026404224675908618,0.004560729716754364,0.03948700000000005,0.3540559999999999,-0.875085,0.06295399999999995,-0.10894800000000004,-0.913318,0.023466999999999905,0.46300399999999997,0.03823299999999996,0.11767,0.983471012753949,0.11767,0.8823300000000001,0.016528987246051008,-0.875085
345,1.4375,walk,0.944345,0.424857,0.954233,0.043352,-0.029201,-0.444098,-0.28629709623229915,-0.5344372450204026,0.14830813534917273,0.21726421440561722,0.19120221503655058,-0.05222782739314588,-0.49220062395008624,-1.0823134149267744,-0.10463162946964302,0.0071994240460701376,0.005519558435337313,0.002879769618430053,0.038629000000000024,0.35177300000000006,-0.876139,0.06417699999999993,-0.10669799999999996,-0.913924,0.025547999999999904,0.458471,0.03778499999999996,0.12215000000000004,0.9841368434404796,0.12215000000000004,0.87785,0.01586315655952042,-0.876139
346,1.441667,walk,0.943203,0.422586,0.954791,0.042759,-0.029585,-0.443989,-0.2740580753539639,-0.544996400287965,0.1339092872570058,0.17265579756433802,0.2880012525472722,-0.07801564101668663,-0.5404367650587988,-1.1300695944324546,-0.10319174466042634,0.005519558435350634,0.006959443244540683,0.004079673626110629,0.03751899999999997,0.34933499999999995,-0.877127,0.06534200000000001,-0.10439799999999999,-0.914465,0.027823000000000042,0.45373299999999994,0.03733799999999998,0.12662000000000007,0.9837089737985383,0.12662000000000007,0.8733799999999999,0.016291026201461722,-0.877127
347,1.445833,walk,0.942044,0.420318,0.955371,0.042167,-0.029871,-0.443888,-0.2782045127220478,-0.5444071051368341,0.13922227556409986,0.19324945200360485,0.245950528141243,-0.07235977633725597,-0.5566490638502208,-1.1665866538646428,-0.1332213154104691,0.006481036965914533,0.011041766682667232,0.0040806529044639045,0.03635900000000003,0.34674299999999997,-0.878262,0.06652800000000003,-0.10208400000000001,-0.915028,0.030169,0.448827,0.036765999999999965,0.13234,0.9776035605660482,0.13234,0.86766,0.022396439433951754,-0.878262
348,1.45,walk,0.940853,0.418121,0.955987,0.04129,-0.03009,-0.443768,-0.2858171346292136,-0.5272378209743191,0.14782817374611382,0.3300609742555616,0.2771141467545561,-0.08834365053457303,-0.6066714662826866,-1.2140628749700018,-0.11615070794336324,0.003839692824577845,0.010079193664503522,0.005759539236861772,0.035022,0.34388099999999994,-0.879362,0.06773499999999999,-0.09984500000000002,-0.91562,0.03271299999999999,0.44372599999999995,0.03625800000000001,0.13742000000000004,0.9796212475756247,0.13742000000000004,0.8625799999999999,0.020378752424375257,-0.879362
349,1.454167,walk,0.939696,0.416028,0.956621,0.040215,-0.030333,-0.443719,-0.2776577873770256,-0.5022798176145897,0.15214782817375055,0.4104437405228832,0.33140393040748556,-0.05522664370519607,-0.6138708903287835,-1.248620110391149,-0.1521478281737439,0.003839692824577845,0.01367890568753859,0.002399808015359488,0.03362100000000001,0.340771,-0.88063,0.06890800000000008,-0.09769500000000003,-0.9162440000000001,0.03528700000000007,0.438466,0.035614000000000035,0.14386000000000004,0.9759852602955397,0.14386000000000004,0.8561399999999999,0.02401473970446033,-0.88063
350,1.458333,walk,0.9385,0.413886,0.957313,0.038871,-0.030305,-0.443572,-0.287085933749386,-0.5141622659625478,0.1661065770523034,0.5837049743648047,0.2694958931185652,-0.1105062203181598,-0.6543446951512077,-1.2753240518482638,-0.14786365818530692,0.0019203072491617336,0.01344215074411881,0.006961113778202956,0.03209099999999998,0.3376,-0.881938,0.07011200000000006,-0.095497,-0.9169069999999999,0.03802100000000008,0.433097,0.03496899999999992,0.15031,0.9745683868213921,0.15031,0.8496900000000001,0.02543161317860787,-0.881938
351,1.4625,walk,0.937303,0.411766,0.957942,0.037648,-0.030498,-0.443456,-0.2872570194384589,-0.508759299256072,0.15094792416607136,0.4844534648023556,0.33959214602106547,-0.09335396006416331,-0.6625869930405902,-1.3110151187905557,-0.16630669546437024,0.002399808015321316,0.013198944084480383,0.006479481641468798,0.03052699999999997,0.33425699999999997,-0.8832599999999999,0.07131899999999991,-0.09332200000000002,-0.9175089999999999,0.04079199999999994,0.427579,0.034248999999999974,0.15750999999999998,0.9751697493077848,0.15750999999999998,0.84249,0.024830250692215228,-0.8832599999999999
352,1.466667,walk,0.936109,0.40965,0.95855,0.036517,-0.030734,-0.443332,-0.2865370770338419,-0.5077993760499138,0.1459083273338249,0.43559221287031075,0.3383955397935314,-0.09536932147294144,-0.6913846892248621,-1.3515718742500427,-0.17542596592272378,0.0016798656107727896,0.015598752099827513,0.0055195584353256565,0.028839999999999977,0.330741,-0.884599,0.07252000000000003,-0.09114100000000003,-0.918094,0.04368000000000005,0.42188200000000003,0.03349499999999994,0.16504999999999997,0.9722807457179479,0.16504999999999997,0.8349500000000001,0.02771925428205213,-0.884599
353,1.470833,walk,0.934873,0.407568,0.959197,0.034968,-0.030805,-0.443145,-0.2966874699951947,-0.4997599615938481,0.15530484877578862,0.6504153370830846,0.3546674146356846,-0.13680617219419053,-0.7217954872779404,-1.3917426788285672,-0.16850696111377556,0.0,0.012481997119537944,0.007921267402783823,0.02706900000000001,0.32702500000000007,-0.885948,0.07375600000000004,-0.089007,-0.918708,0.046687000000000034,0.41603200000000007,0.03276000000000001,0.17240000000000005,0.9753611232354593,0.17240000000000005,0.8275999999999999,0.024638876764540685,-0.885948
354,1.475,walk,0.933626,0.405526,0.95979,0.0338,-0.030896,-0.443016,-0.29925605951523604,-0.49004079673625456,0.1423086153107898,0.48236623371983206,0.2838084444329445,-0.09655788234820398,-0.7391408687304891,-1.438204943604507,-0.17182625389968537,0.0004799616030855522,0.011759059275262988,0.009839212862970736,0.025236000000000036,0.32307400000000003,-0.8872570000000001,0.0750050000000001,-0.086916,-0.9192600000000001,0.04976900000000006,0.40999,0.032003000000000004,0.17996999999999996,0.9744333144316435,0.17996999999999996,0.82003,0.025566685568356506,-0.8872570000000001
355,1.479167,walk,0.932413,0.403504,0.960402,0.032728,-0.030941,-0.442937,-0.2910967122630103,-0.48524118070557143,0.14686825053995053,0.4511965064721929,0.2448397780934988,-0.0671605020429758,-0.7614590832733684,-1.4461243100552559,-0.1610271178305821,0.012479001679852017,0.02231821454283993,0.0019198464122873594,0.023275999999999963,0.3190700000000001,-0.88854,0.07626999999999995,-0.08480099999999996,-0.919864,0.052993999999999986,0.40387100000000004,0.03132400000000002,0.18676000000000004,0.9572632738751696,0.18676000000000004,0.81324,0.04273672612483037,-0.88854
356,1.483333,walk,0.93126,0.401546,0.961031,0.031474,-0.03101,-0.443153,-0.276764282285175,-0.46999519923185457,0.15098415746518806,0.526573083598898,0.30067583039677637,0.08696288057573365,-0.7923667786845675,-1.4911185789725936,-0.1680268843014818,0.0057609217474852,0.0170427268362904,-0.001200192030724418,0.021128000000000036,0.31481600000000004,-0.889869,0.07744700000000004,-0.08277200000000001,-0.9204979999999999,0.05631900000000001,0.39758800000000005,0.030628999999999906,0.19371,0.9699498928497161,0.19371,0.80629,0.03005010715028389,-0.889869
357,1.4875,walk,0.930057,0.399643,0.961656,0.030265,-0.030819,-0.4433,-0.288696904247647,-0.4566834653227678,0.14998800095991888,0.5620021413055444,0.1776482520003912,0.0531670352987776,-0.8056155507559465,-1.5183585313175028,-0.16150707943364573,0.0033597312214922927,0.010799136069118528,0.007679385649147364,0.018973999999999935,0.31039199999999995,-0.8911669999999999,0.07866399999999996,-0.08082400000000001,-0.921091,0.05969000000000002,0.39121599999999995,0.02992400000000006,0.20076000000000005,0.9772158621412264,0.20076000000000005,0.79924,0.022784137858773645,-0.8911669999999999
358,1.491667,walk,0.928837,0.397739,0.962234,0.029009,-0.030674,-0.443243,-0.2927765778737676,-0.4569234461243106,0.13870890328775476,0.5708321033349775,0.20298782393708786,-0.056924244458337506,-0.8442524598031877,-1.5219582433405112,-0.1497480201583861,0.00311975041997616,0.010079193664503522,0.0019198464122872573,0.016676000000000024,0.305954,-0.8923690000000001,0.079897,-0.078878,-0.9216610000000001,0.06322099999999997,0.384832,0.029291999999999985,0.20708000000000004,0.9821263075181954,0.20708000000000004,0.79292,0.017873692481804593,-0.8923690000000001
359,1.495833,walk,0.92762,0.395883,0.962767,0.027697,-0.030836,-0.443294,-0.2921267402784578,-0.4455112818051062,0.12794047047528073,0.5304136488537511,0.34936749482649476,-0.001994075981301384,-0.8737397983677825,-1.5679308689390665,-0.1490638502160376,0.006721075372039776,0.009361497839657288,-0.0012001920307244819,0.01425299999999996,0.30127800000000005,-0.8935230000000001,0.08114199999999994,-0.07698299999999997,-0.922199,0.06688899999999998,0.378261,0.028675999999999924,0.21324000000000004,0.9806888808031082,0.21324000000000004,0.7867599999999999,0.01931111919689177,-0.8935230000000001
360,1.5,walk,0.926323,0.393955,0.963228,0.026465,-0.030928,-0.443162,-0.31125509959202846,-0.46268298536116403,0.1106311495080226,0.5092600184791697,0.2984438216061769,-0.09724948158737065,-0.8744900407967249,-1.5953923686104958,-0.18070554355651497,0.005279577633781215,-0.0007199424046150068,0.00479961603071731,0.011905999999999972,0.29655800000000004,-0.894737,0.0824609999999999,-0.07505800000000001,-0.92264,0.07055499999999992,0.37161600000000006,0.02790300000000001,0.22097000000000006,0.9880477139449062,0.22097000000000006,0.7790299999999999,0.011952286055093797,-0.894737
361,1.504167,walk,0.925123,0.392073,0.963632,0.025346,-0.031001,-0.443156,-0.2879769618430453,-0.4516438684905161,0.09695224382051065,0.46576449696587663,0.26882242455411987,-0.02713598107849661,-0.9121670266378484,-1.5987520998320148,-0.16798656107511087,0.005039596832265082,0.0011999040076872372,-0.0004799616030722306,0.009305000000000008,0.291778,-0.895841,0.08368199999999992,-0.07317099999999999,-0.923046,0.07437699999999992,0.36494899999999997,0.027205000000000035,0.22794999999999993,0.9913289003324799,0.22794999999999993,0.7720500000000001,0.00867109966752011,-0.895841
362,1.508333,walk,0.923933,0.390274,0.964118,0.024154,-0.030764,-0.443218,-0.28564570331254324,-0.43182909265483477,0.11665866538646161,0.563945858642253,0.15230824723419453,0.009671796553906572,-0.9368698991838913,-1.6425828132501463,-0.16274603936630236,0.0002400384061785415,-0.005280844935195049,-0.0028804608737394224,0.006592000000000042,0.28673400000000004,-0.897005,0.08487300000000009,-0.07139400000000001,-0.923544,0.07828100000000004,0.35812800000000006,0.02653899999999998,0.23460999999999993,0.9899664456681094,0.23460999999999993,0.76539,0.01003355433189057,-0.897005
363,1.5125,walk,0.922673,0.388533,0.964557,0.023071,-0.030585,-0.443188,-0.3023758099352122,-0.4178065754739571,0.10535157187424138,0.5037256138169808,0.15235759270504062,-0.03744734751925134,-0.9601631869450449,-1.6525077993760513,-0.14758819294456438,0.0043196544276101105,0.00959923206143129,-0.0007199424046066807,0.003851000000000049,0.281589,-0.8980589999999999,0.08615099999999998,-0.06961300000000004,-0.923986,0.08229999999999993,0.351202,0.025927000000000033,0.24073000000000006,0.98241504844657,0.24073000000000006,0.7592699999999999,0.017584951553429984,-0.8980589999999999
364,1.516667,walk,0.921416,0.386802,0.96501,0.02213,-0.03037,-0.44325,-0.3016558675305839,-0.41540676745860927,0.10871130309576033,0.45114020299131424,0.1084301123463312,0.015218429115841621,-0.9827213822893996,-1.6829853611711048,-0.15262778977681613,-0.002399808015321188,-0.002159827213818377,-0.0011999040076805766,0.0010130000000000416,0.27630699999999997,-0.8991480000000001,0.08739800000000009,-0.06789099999999998,-0.924444,0.08638500000000005,0.34419799999999995,0.025295999999999985,0.24703999999999998,0.9942593792119478,0.24703999999999998,0.7529600000000001,0.005740620788052153,-0.8991480000000001
365,1.520833,walk,0.920161,0.385068,0.965376,0.021438,-0.030539,-0.443403,-0.3012481997119471,-0.41622659625537933,0.08785405664905603,0.2631219101555756,0.22247550312824294,0.06751812926216585,-1.0062409985597622,-1.6797887662025341,-0.14786365818530692,0.0026404224675907213,-0.0019203072491617336,0.003600576092174919,-0.0019240000000000368,0.271043,-0.90013,0.08866400000000008,-0.06616500000000003,-0.924795,0.09058800000000011,0.337208,0.024665000000000048,0.25335,0.9918993211988674,0.25335,0.74665,0.008100678801132633,-0.90013
366,1.525,walk,0.918974,0.383365,0.965777,0.02086,-0.030609,-0.443595,-0.28485721142311093,-0.40868730501561984,0.09623230141588746,0.2354829153338274,0.15631729158327431,0.09142399425313599,-1.0338372930166007,-1.7120230381570194,-0.13102951763859605,-0.012479001679905304,-0.009119270458359545,-0.017278617710582905,-0.005044999999999966,0.265612,-0.901077,0.08979899999999996,-0.0645,-0.925268,0.09484399999999993,0.330112,0.024190999999999963,0.2580900000000001,0.9613621800632155,0.2580900000000001,0.7419099999999998,0.0386378199367845,-0.901077
367,1.529167,walk,0.917825,0.3817,0.966169,0.019983,-0.030456,-0.443673,-0.27573794096471005,-0.399568034557239,0.09407247420205063,0.4105141908311581,0.1219354335549566,0.02493891060859879,-1.045836333093338,-1.7156227501799899,-0.11447084233261043,-0.0059995200383829005,-0.0021598272138316985,-0.011039116870651313,-0.008253999999999984,0.26012799999999997,-0.9019459999999999,0.09092299999999998,-0.06284400000000001,-0.9257059999999999,0.09917699999999996,0.322972,0.023760000000000003,0.26239999999999997,0.9787526998075531,0.26239999999999997,0.7376,0.021247300192446916,-0.9019459999999999
368,1.533333,walk,0.916598,0.379981,0.96643,0.019157,-0.030443,-0.443547,-0.29452712433988104,-0.41262602016320776,0.06265002400385491,0.35678789529497396,0.16795409719481308,-0.08337056641918342,-1.0568891022563431,-1.7323571771482766,-0.12193951032165015,0.006961113778217946,0.0021603456553136125,0.00456072971675412,-0.011430000000000051,0.25463,-0.902715,0.09217900000000001,-0.061116000000000004,-0.925948,0.10360900000000006,0.315746,0.023232999999999948,0.2676700000000001,0.9856701114669555,0.2676700000000001,0.7323299999999999,0.01432988853304451,-0.902715
369,1.5375,walk,0.915355,0.378296,0.966712,0.018273,-0.030344,-0.443337,-0.2982961363090916,-0.404367650587948,0.0676745860331179,0.3991262795818255,0.14186676804334408,-0.12909196122756725,-1.0921526277897617,-1.7715382769378314,-0.09599232061434954,-0.0016798656107727896,-0.00767938564915569,-0.00839932805375571,-0.014738000000000029,0.24893300000000002,-0.903397,0.09341499999999991,-0.059463000000000044,-0.926265,0.10815299999999994,0.30839600000000006,0.022868,0.27132,0.9808265501732414,0.27132,0.72868,0.019173449826758615,-0.903397
370,1.541667,walk,0.91408,0.376615,0.966859,0.017532,-0.030635,-0.44312,-0.30597552195826355,-0.40340772738183833,0.03527717782577752,0.25444266245853986,0.27923428422025043,-0.1304599292166254,-1.0926325893929054,-1.7760979121671054,-0.08063354931605911,-0.0011999040076873012,-0.006959443244541054,-0.01055915526757798,-0.018016000000000032,0.24321300000000007,-0.90388,0.09468499999999991,-0.057811,-0.9264560000000001,0.11270099999999994,0.30102400000000007,0.02257600000000004,0.2742400000000001,0.9788281253213876,0.2742400000000001,0.72576,0.021171874678612368,-0.90388
371,1.545833,walk,0.91285,0.374926,0.967014,0.016848,-0.030795,-0.442693,-0.29524723955831006,-0.40542486797886457,0.03720595295247527,0.2556715683816319,0.20749958749250333,-0.24162041777048357,-1.1094575132020856,-1.7842054728756167,-0.05640902544406929,0.0,-0.009601536245795343,-0.009601536245798674,-0.021408000000000094,0.23746900000000004,-0.90427,0.09591499999999986,-0.05616199999999999,-0.926651,0.11732299999999996,0.29363100000000003,0.022380999999999984,0.2761900000000001,0.9773689620359617,0.2761900000000001,0.7238099999999998,0.022631037964038314,-0.90427
372,1.55,walk,0.911582,0.373229,0.967137,0.016115,-0.030842,-0.442324,-0.3042956563475011,-0.4072474202063814,0.02951763858890888,0.3013469293668331,0.17010519360835105,-0.21111872778360324,-1.1377489800815836,-1.7998560115190796,-0.05279577633789208,-0.0043196544276101105,-0.008159347252214599,-0.012479001679866339,-0.024881000000000042,0.23166599999999998,-0.904613,0.09716500000000006,-0.054498999999999964,-0.926826,0.1220460000000001,0.28616499999999995,0.02221300000000004,0.27787000000000006,0.9741285311114573,0.27787000000000006,0.7221299999999999,0.025871468888542748,-0.904613
373,1.554167,walk,0.910356,0.371499,0.967118,0.015576,-0.031366,-0.441828,-0.29421646268297097,-0.4151667866570532,-0.00455963522917953,0.11507980545143723,0.33248825028252055,-0.27547967182105854,-1.1987041036716903,-1.8507319414446561,-0.10919126469882257,-0.006959443244554005,-0.01223902087833522,-0.009839212862970736,-0.028650000000000064,0.225684,-0.905049,0.09836199999999995,-0.052820000000000034,-0.926848,0.127012,0.27850400000000003,0.021799000000000013,0.28201,0.9713722360821342,0.28201,0.71799,0.02862776391786581,-0.905049
374,1.558333,walk,0.908934,0.370229,0.967412,0.016493,-0.029902,-0.442325,-0.3413346135381832,-0.3048487758041483,0.07057129140663085,-0.0781924722999598,-0.8176427569169177,0.28339431926258807,-1.2119539126260443,-1.80676908305335,-0.017282765242439865,-0.009361497839630637,-0.009361497839657288,-0.017522803648585095,-0.032277,0.21942699999999998,-0.9054150000000001,0.09974500000000008,-0.051588999999999996,-0.927215,0.13202200000000008,0.271016,0.02179999999999993,0.28200000000000003,0.9633968758425753,0.28200000000000003,0.718,0.03660312415742473,-0.9054150000000001
375,1.5625,walk,0.907695,0.368679,0.967468,0.016217,-0.030055,-0.442021,-0.2973362131029471,-0.3719702423806057,0.013438924885995813,0.0830545157254269,0.11986165847618817,-0.1675685551561553,-1.2200623950083846,-1.7885769138468623,-0.0139188864890797,0.0067194624429845855,0.0004799616030722306,0.003599712023038399,-0.03612199999999999,0.21352400000000005,-0.905529,0.10101199999999999,-0.050037,-0.927256,0.13713399999999998,0.26356100000000005,0.02172699999999994,0.28273,0.9872699540334348,0.28273,0.7172700000000001,0.01273004596656524,-0.905529
376,1.566667,walk,0.906444,0.367146,0.967541,0.015843,-0.030048,-0.441598,-0.3002159827213805,-0.36789056875449844,0.017518598512116436,0.15796506074367753,0.06992547584841954,-0.23314682447252064,-1.213822894168459,-1.808735301175896,0.025197984161267128,-0.012718982481420772,-0.0023998080153478313,-0.01991840652747759,-0.03992899999999999,0.20752000000000004,-0.905497,0.10220999999999991,-0.048513999999999946,-0.927412,0.1421389999999999,0.256034,0.021915000000000018,0.28084999999999993,0.9604092283316246,0.28084999999999993,0.7191500000000001,0.039590771668375435,-0.905497
377,1.570833,walk,0.905178,0.365602,0.967639,0.015551,-0.029823,-0.441209,-0.30388862217955404,-0.37061929908786123,0.023523763802219166,0.16932366311450608,-0.04084221264701438,-0.2131833593057705,-1.1896303408545847,-1.8466154584734182,0.011041766682668897,0.006721075372093075,0.0009601536245675931,-0.002160345655303734,-0.043619000000000074,0.20137099999999997,-0.905549,0.10350400000000004,-0.04696600000000001,-0.927519,0.14712300000000011,0.24833699999999997,0.021969999999999934,0.28030000000000005,0.9881254424070111,0.28030000000000005,0.7197,0.011874557592988944,-0.905549
378,1.575,walk,0.903935,0.364026,0.96761,0.015569,-0.030308,-0.440746,-0.2982961363090916,-0.3782097432205314,-0.006959443244554005,-0.11550519089868301,0.19846452029916456,-0.24732749684809308,-1.2003839692824365,-1.8425725941924416,0.0009599232061444612,0.005279577633781215,-0.005519558435323991,0.0023998080153578225,-0.04737800000000003,0.19526899999999997,-0.905516,0.104769,-0.04541300000000004,-0.92748,0.15214700000000003,0.240682,0.021963999999999984,0.28035999999999994,0.9866564056334702,0.28035999999999994,0.7196400000000001,0.013343594366529765,-0.905516
379,1.579167,walk,0.902657,0.362452,0.967555,0.015395,-0.030726,-0.44029,-0.30669546436284895,-0.3777297816174725,-0.013198944084453037,-0.018555640970639203,0.21025886293698057,-0.24702920329092243,-1.2311015118790325,-1.8298536117110475,0.03983681305495518,-0.0019198464122889224,-0.006239500839925676,-0.0004799616030722306,-0.05123,0.189218,-0.9052950000000001,0.106039,-0.04386499999999999,-0.927427,0.157269,0.23308299999999998,0.02213199999999993,0.27867999999999993,0.9890903274162284,0.27867999999999993,0.7213200000000001,0.010909672583771624,-0.9052950000000001
380,1.583333,walk,0.901461,0.360957,0.967594,0.01533,-0.030657,-0.439823,-0.28708593374941266,-0.35885741718674585,0.009361497839630138,0.037407809611306964,-0.022854393920466155,-0.25063543452490566,-1.2690830532885014,-1.8266922707632736,0.049207873259719453,-0.006481036965914188,-0.005040806529042888,-0.007441190590493389,-0.055320999999999954,0.18310300000000002,-0.905129,0.10720800000000008,-0.042390999999999956,-0.9274969999999999,0.16252900000000003,0.22549399999999997,0.022367999999999943,0.27632,0.9815319428907314,0.27632,0.72368,0.018468057109268576,-0.905129
381,1.5875,walk,0.900153,0.359451,0.967576,0.015049,-0.030747,-0.439349,-0.3138948884089358,-0.3614110871130359,-0.004319654427636984,0.09678406321269954,0.09115374933668163,-0.2583608394386991,-1.2241420686345705,-1.856251499880079,0.05591552675786289,-0.005519558435350929,0.0038396928245647277,-0.012718982481401468,-0.059114,0.17687400000000003,-0.904878,0.10849299999999995,-0.040869000000000044,-0.927532,0.16760699999999995,0.21774300000000008,0.022654000000000063,0.27346000000000004,0.9760219265861458,0.27346000000000004,0.72654,0.023978073413854162,-0.904878
382,1.591667,walk,0.898549,0.357601,0.967293,0.013871,-0.031867,-0.4393,-0.3849292056635293,-0.4439644828413737,-0.06791456683466068,0.27066526128068874,0.7305384513619047,-0.04742875317593718,-1.256059515238762,-1.8432925365970698,0.07223422126229744,-0.010319174466046297,-0.016318694504429198,0.0002399808015344501,-0.06274400000000002,0.171043,-0.9042939999999999,0.11005399999999987,-0.03908699999999998,-0.927248,0.1727979999999999,0.21012999999999998,0.02295400000000003,0.27046,0.9678181062476854,0.27046,0.7295400000000001,0.032181893752314616,-0.9042939999999999
383,1.595833,walk,0.897257,0.356111,0.967166,0.013842,-0.032348,-0.438678,-0.3101296207393268,-0.3576572251560131,-0.030484877580409207,-0.09654885664353666,0.20487014357534017,-0.3322250788766159,-1.2542006721075114,-1.838694191070521,0.09193470955352472,-0.005520883341306672,-0.006961113778204621,-0.0038406144983184703,-0.06667699999999999,0.164873,-0.9037839999999999,0.11132300000000006,-0.03762599999999999,-0.927137,0.17800000000000005,0.20249899999999998,0.023353000000000068,0.2664700000000001,0.9838679427479422,0.2664700000000001,0.7335299999999999,0.016132057252057797,-0.9037839999999999
384,1.6,walk,0.89596,0.354505,0.967095,0.013398,-0.032919,-0.438115,-0.31125509959202846,-0.38540916726661484,-0.01703863690903088,0.0641266022831367,0.33178293832330574,-0.3082842263154649,-1.219822414206842,-1.837772978161746,0.09431245500360007,-0.0071994240460701376,-0.007439404847612913,-0.003359731221502284,-0.07046299999999994,0.15882099999999993,-0.90332,0.11259000000000008,-0.036051,-0.92708,0.18305300000000002,0.19487199999999993,0.023760000000000003,0.2624000000000001,0.9818597864643711,0.2624000000000001,0.7375999999999999,0.01814021353562889,-0.90332
385,1.604167,walk,0.894636,0.35311,0.96706,0.013354,-0.032754,-0.437452,-0.3177345812335139,-0.3347732181425723,-0.008399328053757822,0.04531150494731401,-0.07135815777713038,-0.35485140998557835,-1.2318214542837265,-1.8183345332374108,0.13918886489081442,-0.005039596832265351,-0.0059995200383965415,-0.010559155267579645,-0.074272,0.15263900000000002,-0.9027050000000001,0.11389300000000002,-0.03468099999999996,-0.927089,0.18816500000000003,0.18732,0.02438399999999996,0.25616000000000005,0.9780855491051785,0.25616000000000005,0.74384,0.02191445089482147,-0.9027050000000001
386,1.608333,walk,0.893523,0.351834,0.967248,0.013802,-0.032187,-0.43676,-0.26716274603936635,-0.30628900624099004,0.04512722035524744,-0.08281575260338576,-0.3486121137888516,-0.3613329871328092,-1.2746039366298347,-1.8384541526643825,0.1745079212673993,0.004080652904448696,0.013922227556409242,-0.001200192030724418,-0.07846900000000001,0.146256,-0.902166,0.11502299999999999,-0.03334699999999996,-0.9272819999999999,0.193492,0.17960299999999996,0.025115999999999916,0.24884,0.9757375112817221,0.24884,0.75116,0.024262488718277853,-0.902166
387,1.6125,walk,0.892301,0.350559,0.967404,0.014305,-0.031044,-0.436398,-0.2932565394768265,-0.30597552195823396,0.03743700503960734,0.018378275330989836,-0.6041854440546858,-0.18444008271241802,-1.2649388048955783,-1.851691864650814,0.14206863450923704,-0.013918886489054722,-0.024958003359729346,-0.007199424046076798,-0.08251799999999998,0.13981499999999997,-0.90173,0.11618700000000004,-0.03217599999999998,-0.9274680000000001,0.19870500000000002,0.17199099999999995,0.02573800000000004,0.24262000000000006,0.9508836687208974,0.24262000000000006,0.7573799999999999,0.04911633127910264,-0.90173
388,1.616667,walk,0.890639,0.348665,0.967027,0.013226,-0.032908,-0.436279,-0.3988480921526373,-0.45452363810894947,-0.0904727621790422,0.07348583063219316,1.029448127811418,-0.08190341096936807,-1.2740580753539639,-1.8108951283897143,0.21334293256539336,0.00311975041997616,-0.007439404847612913,0.01007919366450685,-0.08616499999999994,0.13416299999999998,-0.9004639999999999,0.11786200000000013,-0.03031299999999998,-0.927049,0.20402700000000007,0.16447599999999996,0.02658500000000008,0.23415000000000002,0.9784833570813285,0.23415000000000002,0.7658499999999999,0.021516642918671502,-0.9004639999999999
389,1.620833,walk,0.889301,0.34718,0.966985,0.01345,-0.033444,-0.436079,-0.3211713874219839,-0.3564570331253127,-0.010081613058086313,-0.2116417057866608,0.18200541815990187,-0.10169220804370366,-1.2825252040326753,-1.8199711953913045,0.18218915026404928,-0.02328372539606727,-0.02904464714355278,-0.014642342774844008,-0.09016999999999997,0.128066,-0.899663,0.11910300000000007,-0.028949000000000003,-0.927068,0.20927300000000004,0.15701500000000002,0.027405000000000013,0.22594999999999998,0.9333308000908593,0.22594999999999998,0.77405,0.06666919990914066,-0.899663
390,1.625,walk,0.887985,0.345694,0.967,0.013433,-0.033542,-0.435571,-0.31581473482120803,-0.3566114710823077,0.0035997120230350688,-0.019760396654598753,0.03867246828391274,-0.2710057085450414,-1.2608591312694843,-1.8159347252219662,0.1742260619150432,-0.012958963282936905,-0.027597792176619954,-0.003599712023038399,-0.09410799999999997,0.12198500000000001,-0.898952,0.12036500000000006,-0.02757799999999999,-0.927098,0.21447300000000002,0.149563,0.028146000000000004,0.21854000000000007,0.9488322261509252,0.21854000000000007,0.7814599999999999,0.05116777384907478,-0.898952
391,1.629167,walk,0.88662,0.344359,0.967059,0.013421,-0.032683,-0.434798,-0.32757379409648435,-0.32037437005038755,0.014158867290624141,0.17493372741933536,-0.37983408492787896,-0.4132296072948265,-1.2718982481401588,-1.8272138228941568,0.1720662347012248,0.00023998080151613289,-0.017998560115188664,0.0059995200383962215,-0.09804299999999999,0.11570599999999998,-0.898294,0.12173100000000003,-0.026318000000000008,-0.927132,0.21977400000000002,0.14202399999999998,0.02883799999999992,0.21161999999999992,0.9683772234994971,0.21161999999999992,0.7883800000000001,0.031622776500502936,-0.898294
392,1.633333,walk,0.885187,0.342735,0.966884,0.013223,-0.033955,-0.434564,-0.34397503600577406,-0.38982237157946625,-0.04200672107538184,-0.18321223553276952,0.5882466159176436,-0.1265821003911647,-1.3038886221795807,-1.798127700432122,0.20787325972155887,0.0045607297167526975,-0.006000960153624075,-0.002160345655303734,-0.10204199999999997,0.10983899999999996,-0.897253,0.12318300000000004,-0.02471899999999999,-0.926966,0.225225,0.13455799999999996,0.02971299999999999,0.20287000000000005,0.9869319227307911,0.20287000000000005,0.7971299999999999,0.013068077269208889,-0.897253
393,1.6375,walk,0.883748,0.341423,0.967004,0.013397,-0.032627,-0.434112,-0.3453323734101169,-0.3148548116150769,0.028797696184307192,0.19614816705185106,-0.6170681318371178,-0.23923580088853263,-1.2822174226061784,-1.800575953923668,0.21646268298535953,0.011999040076819087,-0.0002399808015427761,-0.006479481641468453,-0.10594599999999998,0.10364800000000002,-0.896471,0.12467200000000012,-0.023407999999999984,-0.927113,0.2306180000000001,0.127056,0.030641999999999947,0.19358000000000009,0.9772685829319159,0.19358000000000009,0.8064199999999999,0.022731417068084125,-0.896471
394,1.641667,walk,0.882334,0.33988,0.966994,0.013397,-0.033038,-0.43406,-0.339332853371734,-0.3702903767698462,-0.0023998080153478313,-0.08638480757290751,0.1770800572003846,-0.027192727796944986,-1.2625389968802303,-1.8022558195344276,0.18982481401487736,0.003119750419922873,-0.010319174466046297,-0.0014398848092166917,-0.10979299999999992,0.09768099999999996,-0.89567,0.12609899999999996,-0.02190800000000004,-0.9271090000000001,0.23589199999999988,0.119589,0.031439000000000106,0.18561,0.9818730194486595,0.18561,0.81439,0.018126980551340544,-0.89567
395,1.645833,walk,0.880976,0.338432,0.967137,0.013682,-0.032527,-0.433844,-0.32597215554487113,-0.3475756120979273,0.03432549207873267,-0.019341352602361948,-0.28349657619522983,-0.1103360082067114,-1.2683629380700725,-1.7640422467594319,0.21507441190590096,0.020163226116224852,0.005520883341346646,0.004800768122901002,-0.11371900000000001,0.09177999999999997,-0.894917,0.12754100000000013,-0.020436999999999983,-0.9272320000000001,0.24126000000000014,0.11221699999999996,0.032315000000000094,0.17685,0.9642507492365755,0.17685,0.82315,0.0357492507634245,-0.894917
396,1.65,walk,0.879498,0.336979,0.967114,0.013748,-0.032538,-0.433544,-0.3546916246700376,-0.3486921046316544,-0.005519558435324285,-0.03455408279623978,-0.013192410425369464,-0.158450866972886,-1.2714182865371144,-1.7537796976242657,0.24502039836814032,-0.014878809695226619,-0.03359731221503129,0.005519558435324285,-0.11753899999999995,0.08592500000000003,-0.893873,0.1289570000000001,-0.019123999999999974,-0.9271860000000001,0.24649600000000005,0.105049,0.03331300000000004,0.16687000000000002,0.9380720873528023,0.16687000000000002,0.8331299999999999,0.06192791264719766,-0.893873
397,1.654167,walk,0.87796,0.335587,0.967163,0.013472,-0.031305,-0.432714,-0.36909047276218565,-0.33405327573792615,0.011759059275249667,0.36583637635802263,-0.487900077537383,-0.4478947312534991,-1.266138708903292,-1.7590592752579668,0.21166306695464054,0.018718502519750387,-0.037676985841136795,0.0004799616030722306,-0.12127699999999997,0.07998699999999997,-0.8930400000000001,0.13057299999999994,-0.017889000000000044,-0.927233,0.2518499999999999,0.09787600000000002,0.03419299999999992,0.1580700000000001,0.929877726596966,0.1580700000000001,0.8419299999999998,0.07012227340303401,-0.8930400000000001
398,1.658333,walk,0.87649,0.333995,0.967086,0.013687,-0.032139,-0.432884,-0.35285645703310875,-0.38214114258281184,-0.018482957273161696,-0.2644205038311341,0.3188502070257816,0.09504322155616718,-1.272443590974521,-1.7983677388381645,0.16082573211713527,-0.009601536245755368,0.0007201152184423124,-0.012481997119539609,-0.125108,0.07408700000000001,-0.892293,0.1320030000000001,-0.016293999999999975,-0.927208,0.2571110000000001,0.09038099999999999,0.03491500000000003,0.15084999999999998,0.9737264224246646,0.15084999999999998,0.8491500000000001,0.02627357757533544,-0.892293
399,1.6625,walk,0.875062,0.332538,0.967105,0.014291,-0.031902,-0.432794,-0.34269258459322627,-0.349652027837767,0.00455963522917953,-0.2130025587051824,-0.22919442293226752,-0.03676260472231987,-1.2699784017278433,-1.7372210223182003,0.17470602351811876,0.0067194624429845855,-0.020398368130549818,0.007679385649149029,-0.12897199999999998,0.068305,-0.8915839999999999,0.133459,-0.01492199999999999,-0.927195,0.26243099999999997,0.083227,0.03561100000000006,0.14388999999999996,0.9619862027291965,0.14388999999999996,0.85611,0.03801379727080345,-0.8915839999999999
400,1.666667,walk,0.873648,0.331128,0.967035,0.015284,-0.032342,-0.432849,-0.33933285337175206,-0.33837293016560754,-0.016798656107515644,-0.5202843406644847,-0.014768181823644061,0.04801414779420533,-1.265178785697215,-1.6993040556756245,0.24526037916967647,0.011759059275250294,-0.013438924886009852,0.0019198464122873594,-0.13283,0.06263400000000002,-0.890492,0.134922,-0.013567999999999969,-0.927117,0.267752,0.07620199999999999,0.03662500000000002,0.13375000000000004,0.9700664630956515,0.13375000000000004,0.86625,0.029933536904348523,-0.890492
401,1.670833,walk,0.872017,0.329636,0.96711,0.014069,-0.031283,-0.432141,-0.391502640422442,-0.3581373019683035,0.01800288046088459,0.7373796810695313,-0.2168117322666256,-0.39954599817363695,-1.2469995199231414,-1.673547767642772,0.2009121459433465,0.0031204992798944792,0.0,0.010801728276523091,-0.13639400000000002,0.05715400000000004,-0.88973,0.13656599999999997,-0.012075999999999976,-0.927147,0.27296,0.06923000000000001,0.037417000000000034,0.12582999999999994,0.9812609402646311,0.12582999999999994,0.8741700000000001,0.018739059735368935,-0.88973
402,1.675,walk,0.870502,0.328063,0.967191,0.014655,-0.031452,-0.432464,-0.36357091432686167,-0.3774898008159297,0.019438444924405357,-0.2848069450729512,-0.043713675507237745,0.18262100421268077,-1.2301415886729148,-1.6899448044156453,0.21286297096232112,0.00767938564915569,0.005519558435323991,0.011999040076794108,-0.14000500000000005,0.05168499999999998,-0.888924,0.13811300000000004,-0.01047999999999999,-0.9271780000000001,0.2781180000000001,0.06216499999999997,0.03825400000000001,0.11746000000000001,0.9745367665908315,0.11746000000000001,0.88254,0.02546323340916845,-0.888924
403,1.679167,walk,0.868942,0.326495,0.967126,0.014897,-0.031363,-0.432305,-0.3743700503959669,-0.3762898968082558,-0.015598752099827513,-0.08804208492230779,-0.09098357481830484,-0.0802533656878486,-1.2188624910006973,-1.6808255339572598,0.21766258699303678,0.01967842572592149,0.007679385649142368,0.006479481641468453,-0.14352399999999998,0.04624900000000004,-0.8879520000000001,0.13975499999999996,-0.008879999999999999,-0.9270860000000001,0.28327899999999995,0.05512900000000004,0.039134,0.10866000000000009,0.9631746959980494,0.10866000000000009,0.8913399999999999,0.03682530400195061,-0.8879520000000001
404,1.683333,walk,0.867317,0.324998,0.967007,0.014632,-0.030914,-0.431783,-0.3900624099856048,-0.3593374939990421,-0.028564570331275647,0.20188965979414467,-0.14702775836775656,-0.28261997998426247,-1.20211233797411,-1.6713874219875606,0.16970715314450735,-0.005520883341306966,-0.016562650024000848,0.014642342774844008,-0.146907,0.040783000000000014,-0.887126,0.14135700000000007,-0.007452000000000014,-0.926906,0.2882640000000001,0.04823500000000003,0.03978000000000004,0.10220000000000007,0.962023408868756,0.10220000000000007,0.8977999999999999,0.037976591131243964,-0.887126
405,1.6875,walk,0.866246,0.323609,0.967014,0.015186,-0.031794,-0.432289,-0.257019438444933,-0.33333333333333776,0.0016798656107727896,-0.41650526074613864,0.27361797829193063,0.2793785702590149,-1.209503239740822,-1.6465082793376418,0.19078473722102182,0.0,-0.02639788816894604,0.001679865610751142,-0.150876,0.03531100000000004,-0.8863380000000001,0.1424280000000001,-0.006172999999999984,-0.926906,0.2933040000000001,0.04148400000000002,0.04056799999999994,0.09432000000000001,0.9559145259420103,0.09432000000000001,0.90568,0.04408547405798968,-0.8863380000000001
406,1.691667,walk,0.864577,0.322058,0.966967,0.015377,-0.031605,-0.432319,-0.4005279577633568,-0.37221022318213515,-0.011279097672190758,-0.04301692639351263,-0.12096374791081008,0.01975602838787591,-1.230381569474431,-1.642188624910005,0.17638588912886824,-0.005279577633781215,-0.006719462442997906,0.004319654427646745,-0.15433400000000008,0.030018999999999962,-0.885556,0.14407500000000006,-0.0046499999999999875,-0.926841,0.29840900000000015,0.03466899999999995,0.041285000000000016,0.08715000000000006,0.9840413268192609,0.08715000000000006,0.9128499999999999,0.01595867318073907,-0.885556
407,1.695833,walk,0.862762,0.320523,0.967221,0.01476,-0.029603,-0.432218,-0.43566970715315845,-0.3684589534325608,0.06096975516082166,0.6818070101164158,-0.7406146548980952,-0.06463022953335354,-1.1908305328852908,-1.657945271243441,0.19755160825732732,-0.0007201152184823252,-0.0028804608737427535,0.0,-0.15748000000000006,0.024646999999999974,-0.884987,0.14588699999999988,-0.003126999999999991,-0.927095,0.30336699999999994,0.027773999999999965,0.042108000000000034,0.07892000000000005,0.9950514814862728,0.07892000000000005,0.9210799999999999,0.00494851851372724,-0.884987
408,1.7,walk,0.861047,0.318815,0.966829,0.015648,-0.030591,-0.431771,-0.4115670746340314,-0.40988720902327197,-0.09407247420205063,-0.5942073620512832,0.23757961224027596,-0.22236395610700144,-1.172306215502731,-1.6321094312454882,0.20206383489320592,0.003599712023061712,-0.001679865610759468,0.0011999040076789112,-0.16064999999999996,0.01955399999999996,-0.883753,0.147617,-0.0014260000000000383,-0.926698,0.30826699999999996,0.02098,0.04294500000000001,0.07055000000000006,0.9930839067011082,0.07055000000000006,0.9294499999999999,0.006916093298891757,-0.883753
409,1.704167,walk,0.859327,0.317284,0.966595,0.015853,-0.02981,-0.431174,-0.4127669786417187,-0.3674106071514262,-0.05615550755941102,0.06671342128538474,-0.389351858717895,-0.3132164168068763,-1.1682265418766635,-1.5922726181905331,0.19654427645788194,0.0033597312214922927,-0.0014398848092033701,0.0014398848092150266,-0.163798,0.014449999999999963,-0.8827,0.149351,9.900000000001574e-05,-0.926458,0.313149,0.014350999999999947,0.043757999999999964,0.06242000000000003,0.9934522416031955,0.06242000000000003,0.93758,0.006547758396804548,-0.8827
410,1.708333,walk,0.857722,0.315602,0.966621,0.016262,-0.030657,-0.432133,-0.3852616418626797,-0.4037445991358547,0.006240998559762309,-0.34240684616967587,0.2963492273189554,0.5169783820862672,-1.1531445031204484,-1.5890542486797354,0.16946711473835308,0.004080652904448696,-0.0036005760921849128,-0.003120499279884486,-0.16699699999999995,0.00951200000000002,-0.8820199999999999,0.1509729999999999,0.0017659999999999898,-0.9264969999999999,0.31796999999999986,0.007746000000000031,0.04447699999999999,0.05523000000000006,0.9895446196628563,0.05523000000000006,0.9447699999999999,0.01045538033714366,-0.8820199999999999
411,1.7125,walk,0.856635,0.314368,0.966701,0.016641,-0.030004,-0.432432,-0.2608591312694981,-0.296136309095289,0.01919846412289025,-0.02508521367838989,-0.3568214180246338,0.16654304912811604,-1.1288696904248274,-1.5673146148308872,0.1483081353491806,0.0007199424046550099,0.0019198464122890248,0.0019198464122873594,-0.17061400000000004,0.004215000000000024,-0.881482,0.15206300000000006,0.0030080000000000107,-0.926569,0.3226770000000001,0.0012070000000000136,0.04508699999999999,0.04913000000000001,0.9953184945561248,0.04913000000000001,0.95087,0.004681505443875245,-0.881482
412,1.716667,walk,0.854945,0.312719,0.966515,0.016841,-0.030019,-0.432542,-0.4055675545956485,-0.3957283417326478,-0.044636429085677484,-0.08847478934014734,-0.03332392331095875,0.06216042295065221,-1.0441564674825918,-1.5725941924645983,0.09839212862970736,-0.00023998080156941934,0.0002399808015427761,0.000959923206142796,-0.17327499999999996,-0.0006890000000000507,-0.8808860000000001,0.153752,0.0046579999999999955,-0.9263790000000001,0.32702699999999996,0.005347000000000046,0.045493000000000006,0.045070000000000054,0.9983030794787793,0.045070000000000054,0.95493,0.001696920521220724,-0.8808860000000001
413,1.720833,walk,0.853128,0.311101,0.966376,0.016773,-0.029915,-0.432426,-0.4361497839654123,-0.3883821411425742,-0.03336533845415181,0.04982124331565867,-0.03266506726067662,-0.06277162591673568,-1.1044167066730293,-1.533845415266389,0.09745559289486137,0.0,0.0019203072491484087,0.002640422467595718,-0.17605899999999997,-0.005460999999999994,-0.880341,0.15556899999999996,0.006283999999999956,-0.926229,0.3316279999999999,0.01174499999999995,0.04588799999999993,0.041120000000000045,0.9945585411631019,0.041120000000000045,0.95888,0.005441458836898061,-0.880341
414,1.725,walk,0.851138,0.309364,0.965809,0.017915,-0.031187,-0.43186,-0.47756179505640317,-0.41684665226782597,-0.1360691144708375,-0.7643316951901868,0.30554719620479354,-0.2813669915744769,-1.0995920326374014,-1.5207583393328508,0.1449484041276671,0.0023998080153744745,-0.003839692824564523,0.0002399808015361153,-0.178651,-0.010060999999999987,-0.87917,0.15756900000000007,0.00800500000000004,-0.9256610000000001,0.3362200000000001,0.018066000000000026,0.04649100000000006,0.03509000000000012,0.9924428271227532,0.03509000000000012,0.9649099999999999,0.007557172877246776,-0.87917
415,1.729167,walk,0.849289,0.307688,0.965521,0.018092,-0.030022,-0.431216,-0.4437245020398546,-0.4022078233741377,-0.0691144708423516,0.1582417744959011,-0.5513131764284644,-0.33740742424372755,-1.1046316294696719,-1.4845212383009962,0.08639308855292285,0.004079673626094195,-0.0019198464122890248,0.00047996160307059096,-0.18140499999999993,-0.014571,-0.8785219999999999,0.159435,0.009672999999999987,-0.9253709999999999,0.3408399999999999,0.024243999999999988,0.04684900000000003,0.03150999999999993,0.9924428271227761,0.03150999999999993,0.9684900000000001,0.0075571728772239055,-0.8785219999999999
416,1.733333,walk,0.847498,0.306036,0.965263,0.018089,-0.030057,-0.430948,-0.42990878540565003,-0.39654344695151156,-0.06192990878539928,-0.00870669963825707,0.011611647203412819,-0.14263453418542715,-1.0626500240038284,-1.488478156505003,0.09241478636581515,0.0019203072491617336,-0.0007201152184423124,-0.0002400384061452167,-0.184041,-0.01911999999999997,-0.877879,0.161234,0.011321999999999999,-0.925114,0.345275,0.03044199999999997,0.04723500000000003,0.027649999999999952,0.9965585192562567,0.027649999999999952,0.97235,0.003441480743743286,-0.877879
417,1.7375,walk,0.84577,0.304429,0.965025,0.018568,-0.030186,-0.431016,-0.41468682505398097,-0.3856491480681443,-0.057115430765528837,-0.2334103135418665,-0.04197873059036298,0.044940540300694276,-1.0501559875209747,-1.496520278377723,0.06551475881929288,0.0023998080153744745,-0.000479961603058909,0.0019198464122872573,-0.186689,-0.02374900000000002,-0.877368,0.162972,0.012927000000000022,-0.924868,0.349661,0.03667600000000004,0.04749999999999999,0.025000000000000022,0.9948158221754826,0.025000000000000022,0.975,0.005184177824517411,-0.877368
418,1.741667,walk,0.844025,0.302782,0.964714,0.019091,-0.030439,-0.43104,-0.4187664986801016,-0.3952483801295889,-0.07463402927767192,-0.27859863402348106,0.001956791509314941,0.022121734842696802,-1.0443964482841348,-1.4662826973841991,0.0753539716822636,-0.0007199424046016851,-0.014638828893696373,0.00839932805375571,-0.18929600000000002,-0.028212000000000015,-0.8767429999999999,0.16471400000000003,0.014512999999999998,-0.924522,0.35401000000000005,0.04272500000000001,0.047779000000000016,0.022210000000000063,0.9718455480035438,0.022210000000000063,0.9777899999999999,0.028154451996456165,-0.8767429999999999
419,1.745833,walk,0.842253,0.301188,0.964513,0.01935,-0.03044,-0.431193,-0.42534805568892026,-0.38262121939510935,-0.04824771963514449,-0.11079294233515564,-0.05062052024968201,0.08614165751193177,-1.021603456553084,-1.4359097455593237,0.053768602976478105,-0.0055208833413602654,-0.0026404224675908618,0.008881421027365163,-0.19178000000000006,-0.03260000000000002,-0.8763179999999999,0.16646299999999992,0.016096,-0.924284,0.358243,0.04869600000000002,0.047966000000000064,0.02034000000000008,0.9820238102586913,0.02034000000000008,0.97966,0.017976189741308657,-0.8763179999999999
420,1.75,walk,0.840463,0.299549,0.964197,0.019697,-0.030613,-0.431145,-0.4295656347492334,-0.3933285337173,-0.0758339332853325,-0.186569341274164,0.0024667692630226416,-0.01916940801010564,-1.018238540916718,-1.4086873050155848,0.03671706263498901,-0.0035997120230084256,-0.0021598272138316985,0.003359731221502284,-0.194233,-0.036831,-0.875849,0.1682380000000001,0.017725999999999964,-0.9239539999999999,0.3624710000000001,0.05455699999999997,0.04810499999999995,0.018950000000000078,0.9910385743131189,0.018950000000000078,0.98105,0.008961425686881075,-0.875849
421,1.754167,walk,0.8386,0.298011,0.963964,0.019675,-0.030174,-0.431326,-0.4470842332613232,-0.36909047276217233,-0.055915526757841595,0.1023513997738926,-0.18265209432267585,0.09683942709120415,-1.0086393088552734,-1.398848092152624,0.01223902087833189,0.006959443244500718,0.01223902087833522,-0.002639788816895603,-0.196573,-0.04112200000000005,-0.875565,0.1701299999999999,0.01931499999999997,-0.923732,0.3667029999999999,0.06043700000000002,0.04816699999999996,0.018329999999999957,0.9761255618256006,0.018329999999999957,0.98167,0.02387443817439938,-0.875565
422,1.758333,walk,0.83671,0.29638,0.963562,0.019536,-0.030824,-0.430944,-0.453672587614044,-0.3915026404224895,-0.09649543927028897,-0.07843306943164872,0.3041192132297229,-0.20722678985304493,-0.9865578492559205,-1.3610177628420788,0.01536245799327803,0.002160345655340377,0.006240998559775966,-0.008161305808929474,-0.198793,-0.04516099999999995,-0.8750990000000001,0.1720290000000001,0.020972000000000046,-0.9233640000000001,0.3708220000000001,0.066133,0.048265,0.017349999999999977,0.9825020581463816,0.017349999999999977,0.98265,0.017497941853618415,-0.8750990000000001
423,1.7625,walk,0.834828,0.294757,0.963277,0.019671,-0.030596,-0.43099,-0.45164386849050275,-0.3894888408927221,-0.06839452843771959,-0.010741728401089962,-0.1259077865467392,0.02755794326845546,-0.9577633789296703,-1.3662107031437456,0.016558675305975303,-0.00023998080156941934,0.002159827213818377,-0.0019198464122872573,-0.20090200000000003,-0.049231,-0.8747450000000001,0.1739099999999999,0.022604000000000013,-0.9230870000000001,0.3748119999999999,0.07183500000000001,0.048341999999999996,0.016579999999999984,0.9951671682371039,0.016579999999999984,0.98342,0.0048328317628960615,-0.8747450000000001
424,1.766667,walk,0.832971,0.293111,0.962934,0.02031,-0.03049,-0.431101,-0.44564434845211987,-0.39500839932804616,-0.0823134149268276,-0.25356144984929174,-0.17608045293738428,0.07145116146157499,-0.9488840892728541,-1.340052795776329,-0.026637868970482155,-0.0028797696184067402,0.002159827213818377,-0.0021598272138217073,-0.20299900000000004,-0.05316900000000002,-0.874513,0.175755,0.024258999999999975,-0.9227529999999999,0.37875400000000004,0.077428,0.04823999999999995,0.01760000000000006,0.9930034174528215,0.01760000000000006,0.9823999999999999,0.006996582547178498,-0.874513
425,1.770833,walk,0.831071,0.291438,0.962635,0.021008,-0.030141,-0.431372,-0.4560729716754587,-0.40158425348055443,-0.07177148343733318,-0.22721707988659776,-0.29090878892620453,0.15864635710320643,-0.9450312049927654,-1.3278924627940063,-0.028564570331250805,0.004560729716752455,-0.0021603456553002877,0.005520883341333322,-0.205036,-0.05702799999999997,-0.874333,0.177674,0.02592300000000003,-0.922431,0.38271,0.082951,0.048097999999999974,0.019019999999999926,0.9875336562242956,0.019019999999999926,0.9809800000000001,0.012466343775704436,-0.874333
426,1.775,walk,0.829065,0.289594,0.962331,0.020992,-0.030775,-0.432486,-0.48140148788098003,-0.44252459803216726,-0.07295416366690301,-0.1138225901546484,0.29687406818747974,0.5902560754024271,-0.9215262778977994,-1.296856251499944,-0.05783537317015025,0.0004799616030855778,0.0038396928245780495,0.002879769618431872,-0.20687,-0.06058800000000003,-0.8742700000000001,0.179682,0.027783000000000002,-0.922115,0.386552,0.08837100000000003,0.047844999999999915,0.021550000000000014,0.9919607426436828,0.021550000000000014,0.97845,0.008039257356317164,-0.8742700000000001
427,1.779167,walk,0.827101,0.287917,0.962136,0.021218,-0.030256,-0.433049,-0.47132229421647753,-0.4024478041756724,-0.04679625629950918,0.015720084941700317,-0.26182138875132993,0.30576168847540364,-0.9011279097672271,-1.2793376529877452,-0.06671466282697344,0.004799616030695663,0.002159827213818377,0.010559155267577417,-0.20866099999999999,-0.06424199999999997,-0.8743529999999999,0.181666,0.029469000000000023,-0.921876,0.390327,0.09371099999999999,0.04752300000000009,0.024770000000000014,0.9803363754047346,0.024770000000000014,0.97523,0.019663624595265383,-0.8743529999999999
428,1.783333,walk,0.825161,0.286303,0.96183,0.021632,-0.030001,-0.433508,-0.46567450792124065,-0.38742198751799334,-0.07345175228036968,-0.12157896825797875,-0.1884218924958009,0.25321883363168934,-0.8891022563610032,-1.2645223235717422,-0.07945271243398677,0.0031204992798944792,0.0014402304368713,0.0009601536245808668,-0.21042500000000008,-0.06789599999999998,-0.874378,0.18361899999999998,0.031089000000000033,-0.921566,0.39404400000000006,0.09898500000000002,0.04718800000000001,0.028120000000000034,0.9940526209204044,0.028120000000000034,0.97188,0.005947379079595638,-0.874378
429,1.7875,walk,0.823233,0.284647,0.961412,0.022239,-0.029958,-0.43347,-0.46268298536117736,-0.3974082073434073,-0.1003119750419763,-0.25385457529994415,-0.14536024803861933,-0.008483360136301995,-0.8540916726661751,-1.2673386129109527,-0.10823134149268143,0.0021598272138050553,0.0035997120230350688,0.003359731221502284,-0.21205600000000002,-0.07152099999999997,-0.874411,0.18555599999999994,0.03276000000000001,-0.921134,0.39761199999999997,0.10428099999999998,0.04672299999999996,0.03277000000000008,0.9910385743131072,0.03277000000000008,0.9672299999999999,0.008961425686892843,-0.874411
430,1.791667,walk,0.821285,0.282934,0.960799,0.022868,-0.030887,-0.433333,-0.46748260139189796,-0.4110871130309678,-0.14710823134151996,-0.4668808961520834,0.26888845114653054,-0.06382199112306254,-0.8579313654907986,-1.1845452363811493,-0.12934965202784315,0.0035997120230619037,0.002879769618433537,0.003839692824574719,-0.21368300000000007,-0.07474400000000003,-0.8743369999999999,0.187519,0.03448499999999999,-0.9205049999999999,0.40120200000000006,0.10922900000000002,0.04616799999999999,0.038320000000000076,0.9900007999359782,0.038320000000000076,0.9616799999999999,0.009999200064021774,-0.8743369999999999
431,1.795833,walk,0.819317,0.281288,0.960443,0.023374,-0.030478,-0.433288,-0.4723955832933334,-0.39510321651464025,-0.08545367258759054,-0.13405674959512387,-0.2828973714162253,-0.012243616125097759,-0.845655304848739,-1.2129140662505606,-0.16514642342774252,0.0019203072491617336,0.0031204992798811544,0.00456072971675412,-0.21523799999999993,-0.07815099999999997,-0.874669,0.18949500000000008,0.03614400000000001,-0.92013,0.404733,0.11429499999999998,0.045460999999999974,0.045389999999999986,0.9902495938494558,0.045389999999999986,0.95461,0.009750406150544233,-0.874669
432,1.8,walk,0.817292,0.279606,0.959918,0.024046,-0.030746,-0.433246,-0.4859611231101339,-0.40364770818333295,-0.12598992080633398,-0.3468483232871038,-0.024296029645742012,-0.009872019332810716,-0.8341732661387109,-1.1346292296616207,-0.19798416126709864,0.00311975041997616,0.0040796736261072995,0.006239500839932337,-0.21668900000000002,-0.08119700000000002,-0.8749690000000001,0.19153300000000006,0.03784299999999996,-0.919579,0.4082220000000001,0.11903999999999998,0.04460999999999993,0.05390000000000006,0.9865311109187369,0.05390000000000006,0.9460999999999999,0.013468889081263091,-0.8749690000000001
433,1.804167,walk,0.81522,0.277908,0.959417,0.02464,-0.031087,-0.433384,-0.4972402207823513,-0.40748740100792413,-0.12023038156949385,-0.3266665503146519,0.026833205763558007,0.08401628098809562,-0.7943364530837557,-1.1677465802735714,-0.23734101271897826,0.000959923206117818,0.0059995200383962215,0.005039596832253425,-0.21792699999999998,-0.084365,-0.8754569999999999,0.19360900000000003,0.03956599999999999,-0.919057,0.411536,0.12393099999999999,0.04360000000000008,0.06399999999999995,0.986843545153675,0.06399999999999995,0.936,0.013156454846324994,-0.8754569999999999
434,1.808333,walk,0.813172,0.276213,0.958957,0.025419,-0.030948,-0.433751,-0.4915986557849236,-0.4068650984157576,-0.11041766682669896,-0.3046052873382923,-0.2149204192812825,0.21226197335129127,-0.7753240518483051,-1.1349015842535057,-0.27964474315891585,0.0021603456552870782,0.005280844935195049,0.006000960153624075,-0.219109,-0.08739799999999998,-0.876162,0.1956659999999999,0.041283000000000014,-0.9185719999999999,0.4147749999999999,0.128681,0.04240999999999995,0.07590000000000008,0.9861992412300711,0.07590000000000008,0.9240999999999999,0.013800758769928922,-0.876162
435,1.8125,walk,0.81105,0.274522,0.958468,0.025949,-0.031291,-0.43402,-0.5092392608591171,-0.4058075353971647,-0.11735061195103383,-0.29829240586239864,0.043449137650103435,0.1523816119762313,-0.7583393328533783,-1.1221502279817561,-0.31773458123349696,0.0019198464122889224,0.005039596832251761,0.003599712023038399,-0.2201470000000001,-0.09038299999999999,-0.876997,0.19779599999999986,0.042995000000000005,-0.918068,0.41794299999999995,0.133378,0.04107099999999997,0.08928999999999998,0.9891934596543436,0.08928999999999998,0.91071,0.010806540345656424,-0.876997
436,1.816667,walk,0.808915,0.272842,0.958064,0.026584,-0.030696,-0.434213,-0.5123590112790933,-0.40316774658027404,-0.09695224382048401,-0.14858229437373252,-0.38552350578014744,0.11927161071642019,-0.7578593712502928,-1.05519558435324,-0.327573794096471,0.0023998080153744745,0.004319654427650075,0.00479961603071731,-0.2211700000000001,-0.09309999999999996,-0.877958,0.19994099999999992,0.04469300000000004,-0.917644,0.421111,0.137793,0.039686,0.10314000000000001,0.9885187584237869,0.10314000000000001,0.89686,0.011481241576213108,-0.877958
437,1.820833,walk,0.806708,0.271148,0.957627,0.026668,-0.030707,-0.434293,-0.5297647623620084,-0.4066250600096057,-0.10489678348536535,-0.03793967283157138,-0.011118139931992448,0.04441408927670976,-0.7299567930869033,-1.0117618819011363,-0.3701392222755741,0.004320691310627456,0.002400384061452295,0.009361497839655621,-0.22200399999999998,-0.09562100000000001,-0.879063,0.20216600000000007,0.04639700000000002,-0.917168,0.42417000000000005,0.14201800000000003,0.038104999999999944,0.11895000000000011,0.9823563153534818,0.11895000000000011,0.8810499999999999,0.01764368464651822,-0.879063
438,1.825,walk,0.804524,0.269447,0.957183,0.027424,-0.030363,-0.434716,-0.524118070554343,-0.4082073434125258,-0.10655147588192862,-0.25132546019285856,-0.2975725102916753,0.24305210491261847,-0.6997840172786195,-0.9908807295416276,-0.40748740100791414,0.002399808015321188,0.003119750419962838,0.007919366450683479,-0.22273600000000005,-0.098049,-0.880317,0.20435999999999988,0.048111000000000015,-0.916691,0.4270959999999999,0.14616,0.03637400000000002,0.13626,0.9852607585211874,0.13626,0.86374,0.01473924147881256,-0.880317
439,1.829167,walk,0.802304,0.267761,0.956836,0.027562,-0.030049,-0.435012,-0.5327573794096431,-0.4046076313894774,-0.08327333813294542,0.008438269860065602,-0.15848323295063954,0.1625390345914442,-0.6575473962082898,-0.9404847612190967,-0.40172786177105735,0.0021598272138583416,0.006239500839925676,0.0002399808015361153,-0.223256,-0.10028200000000004,-0.881644,0.20658900000000002,0.04982299999999995,-0.916343,0.42984500000000003,0.150105,0.034699000000000035,0.1530100000000001,0.9889881610287606,0.1530100000000001,0.8469899999999999,0.011011838971239363,-0.881644
440,1.833333,walk,0.799987,0.266044,0.956446,0.027539,-0.029836,-0.435258,-0.5561689870379141,-0.41214594335093063,-0.09361497839654123,0.05649482446026655,-0.08232006715460564,0.13189778353760623,-0.6250600096015313,-0.8518963034085212,-0.3783005280844817,0.0016802688429832047,0.006481036965914188,0.0021603456553052846,-0.22354300000000005,-0.10211400000000001,-0.88283,0.2089129999999999,0.051566999999999974,-0.915944,0.43245599999999995,0.15368099999999998,0.03311399999999998,0.16886000000000007,0.9882746432311276,0.16886000000000007,0.83114,0.01172535676887243,-0.88283
441,1.8375,walk,0.79769,0.264269,0.955991,0.028007,-0.029373,-0.435536,-0.5512359011279334,-0.4259659227262077,-0.10919126469882505,-0.10308895494080052,-0.2920395088112568,0.1608201222199362,-0.5773938084953247,-0.7475401967842863,-0.33021358291338254,0.0035997120230619037,0.004319654427650306,-0.0004799616030722562,-0.22365199999999996,-0.10345399999999996,-0.8837510000000001,0.211225,0.05336000000000002,-0.915491,0.43487699999999996,0.15681399999999998,0.03173999999999999,0.18260000000000004,0.9905943716371941,0.18260000000000004,0.8173999999999999,0.009405628362805896,-0.8837510000000001
442,1.841667,walk,0.795397,0.262542,0.95558,0.028369,-0.02917,-0.43586,-0.5502759779217595,-0.4144468442524515,-0.0986321094312568,-0.11141693486816104,-0.1566500403854041,0.18153793356666598,-0.5082793376529993,-0.6222702183825275,-0.24766018718502453,0.0028797696184067402,0.005519558435323991,0.0019198464122872573,-0.22347700000000004,-0.10432,-0.8843719999999999,0.2135299999999999,0.05510999999999999,-0.915072,0.4370069999999999,0.15943,0.03070000000000006,0.19300000000000012,0.9891417710899333,0.19300000000000012,0.8069999999999999,0.010858228910066714,-0.8843719999999999
443,1.845833,walk,0.793108,0.260814,0.955066,0.028738,-0.029097,-0.43603,-0.549447911665848,-0.41478636581852135,-0.12337974075852146,-0.14287043898218765,-0.10511759835455192,0.09879015114056985,-0.45343254920786796,-0.5439270283245147,-0.21123379740757747,0.0028804608737692497,0.005520883341333322,0.003120499279884486,-0.22307700000000008,-0.10485799999999998,-0.884738,0.215831,0.056860999999999995,-0.9145449999999999,0.4389080000000001,0.16171899999999997,0.029806999999999917,0.20193,0.9883912480968395,0.20193,0.7980700000000001,0.011608751903160464,-0.884738
444,1.85,walk,0.790746,0.259054,0.954609,0.029468,-0.028934,-0.43634,-0.5668346532277582,-0.4223662107031366,-0.10967122630187814,-0.2788608408841916,-0.2164829424230887,0.18136252206252132,-0.4086873050155714,-0.47060235181185583,-0.2339812814974793,0.0021598272138050553,0.0002399808015427761,0.003599712023038399,-0.2224179999999999,-0.10505900000000001,-0.885256,0.218202,0.05862200000000001,-0.914073,0.4406199999999999,0.16368100000000002,0.02881699999999998,0.21183000000000007,0.9929919944532839,0.21183000000000007,0.7881699999999999,0.007008005546716101,-0.885256
445,1.854167,walk,0.788363,0.257271,0.954201,0.029518,-0.028802,-0.43638,-0.5718742500600005,-0.4278857691384834,-0.09791216702666034,0.006389045814080783,-0.06661503073265806,0.023377773082335917,-0.3779697624190487,-0.4466042716582881,-0.31269498440126187,0.003119750419976326,-0.0004799616030722562,0.006479481641468798,-0.22161000000000008,-0.10513700000000004,-0.8861509999999999,0.22059799999999996,0.060402999999999984,-0.913638,0.44220800000000005,0.16554000000000002,0.02748700000000004,0.22513000000000005,0.9879876350550432,0.22513000000000005,0.77487,0.012012364944956833,-0.8861509999999999
446,1.858333,walk,0.785983,0.255514,0.953751,0.03019,-0.028373,-0.436472,-0.5712914066250561,-0.421747479596726,-0.10801728276522758,-0.1995739002588773,-0.3238585222891322,0.06617253504694309,-0.38694191070568956,-0.41454632741236946,-0.3588574171867392,0.005520883341359971,-0.009601536245795343,0.014642342774843227,-0.22084199999999998,-0.105107,-0.887196,0.22300100000000012,0.06212000000000001,-0.913127,0.4438430000000001,0.16722700000000001,0.025931000000000037,0.24069000000000002,0.9694009870763672,0.24069000000000002,0.7593099999999999,0.030599012923632762,-0.887196
447,1.8625,walk,0.783553,0.253724,0.953257,0.030836,-0.028375,-0.436699,-0.5831533477321607,-0.4295656347492201,-0.11855051595872107,-0.27792125498653486,-0.12936720620933906,0.1345518158373986,-0.3222942164626765,-0.38132949364050756,-0.39596832253419395,0.0028797696184067402,-0.009599232061444612,0.012958963282936905,-0.21975500000000003,-0.104906,-0.888352,0.22544299999999995,0.06386999999999998,-0.912579,0.445198,0.16877599999999998,0.024227,0.25772999999999996,0.9726965072140195,0.25772999999999996,0.74227,0.027303492785980543,-0.888352
448,1.866667,walk,0.781131,0.251931,0.952735,0.031507,-0.028437,-0.436798,-0.5812335013198985,-0.43028557715382176,-0.1252699784017323,-0.30213519848561693,-0.1114402612169815,0.0662209256796843,-0.29325653947685315,-0.30789536837052955,-0.4060475161987008,0.004319654427663397,-0.004319654427636754,0.011519078473721878,-0.21855500000000005,-0.10439600000000002,-0.889522,0.22788300000000006,0.06564500000000001,-0.912009,0.4464380000000001,0.17004100000000003,0.022486999999999924,0.27512999999999993,0.9782688141633327,0.27512999999999993,0.7248700000000001,0.021731185836667333,-0.889522
449,1.870833,walk,0.778704,0.250167,0.952242,0.031979,-0.028666,-0.436867,-0.5825732117139056,-0.4234277484397717,-0.11833893422947155,-0.25156575218697863,0.001644001725118969,0.04490732751310866,-0.24507921267401947,-0.2510801728276569,-0.36509841574653096,0.0043206913105741564,-0.003840614498323672,0.008161305808929474,-0.21714899999999993,-0.10367799999999996,-0.8905500000000001,0.23032799999999998,0.06739300000000004,-0.911482,0.4474769999999999,0.171071,0.02093199999999995,0.29068000000000005,0.9833311996671701,0.29068000000000005,0.70932,0.016668800332829914,-0.8905500000000001
450,1.875,walk,0.776209,0.248415,0.951896,0.032254,-0.028193,-0.436909,-0.5987520998319882,-0.4204463642908477,-0.08303335733142929,-0.01906654032523594,-0.2607900259131624,0.03230105448435543,-0.20758339332853326,-0.20446364290857041,-0.3554115670746304,0.003599712023061712,-0.003359731221505614,0.007919366450685144,-0.21551900000000002,-0.10277800000000001,-0.891685,0.232838,0.069131,-0.911103,0.448357,0.171909,0.019418000000000046,0.30582000000000004,0.984457755997321,0.30582000000000004,0.69418,0.015542244002679007,-0.891685
451,1.879167,walk,0.773736,0.246609,0.951448,0.032736,-0.028198,-0.436878,-0.5934725221982337,-0.4334053275737913,-0.10751139908807308,-0.20937139199011084,-0.09935834875011713,-0.006294484795458208,-0.1509479241660633,-0.1979841612670953,-0.3532517398608087,0.0026397888168906074,-0.006959443244540683,0.00863930885529016,-0.21367499999999995,-0.101797,-0.892709,0.23532200000000003,0.070908,-0.910619,0.448997,0.172705,0.01790999999999998,0.32089999999999996,0.9809941534748984,0.32089999999999996,0.6791,0.019005846525101622,-0.892709
452,1.883333,walk,0.771192,0.244778,0.951047,0.033424,-0.02812,-0.43679,-0.6106577052328509,-0.43951032165147547,-0.09625540086413709,-0.28128006653344545,-0.17959612791208956,-0.03161325251173928,-0.1168987037926135,-0.15362457993279363,-0.31277004320692087,0.0,-0.009361497839657288,0.00792126740278591,-0.21161799999999997,-0.100606,-0.8936109999999999,0.23786600000000002,0.07269999999999999,-0.910185,0.449484,0.173306,0.01657400000000009,0.33426,0.9795614661954744,0.33426,0.66574,0.02043853380452565,-0.8936109999999999
453,1.8875,walk,0.768631,0.242919,0.950528,0.033977,-0.028463,-0.436781,-0.6145908327333851,-0.4461243100551921,-0.12455003599710396,-0.31094146429658004,0.03220532049309093,0.0037402185048619045,-0.06383489320854006,-0.1737461003119743,-0.35397168226541703,-0.0007199424046016851,-0.008159347252214599,0.012958963282936905,-0.20932299999999993,-0.099471,-0.894567,0.24042400000000008,0.07452500000000001,-0.9096120000000001,0.449747,0.173996,0.015045000000000086,0.34955,0.9744489620771445,0.34955,0.65045,0.025551037922855513,-0.894567
454,1.891667,walk,0.766098,0.241106,0.950062,0.034331,-0.02873,-0.436738,-0.607871370290374,-0.4350851931845441,-0.11183105351573648,-0.20923386358932064,0.040239903952376484,-0.017851508213621782,-0.054715622750181,-0.18478521718262228,-0.3628509719222433,-0.004319654427663397,-0.00911927045835906,0.011999040076794108,-0.20701799999999992,-0.09842799999999999,-0.895613,0.24293900000000002,0.07630000000000003,-0.9090959999999999,0.44995699999999994,0.17472800000000002,0.013482999999999912,0.36517000000000005,0.9738701176368871,0.36517000000000005,0.63483,0.026129882363112866,-0.895613
455,1.895833,walk,0.763515,0.239338,0.949645,0.034582,-0.028903,-0.436702,-0.6200192030724484,-0.4243879020643167,-0.10009601536245542,-0.1449850528617368,0.021359888479894406,-0.015546473118557847,-0.08257321171387459,-0.17642822851655438,-0.30796927508400485,-0.0067210753720394175,-0.008641382621227801,0.017522803648582497,-0.20477900000000004,-0.09739499999999998,-0.8964789999999999,0.245494,0.07803199999999999,-0.9086059999999999,0.45027300000000003,0.17542699999999997,0.012126999999999999,0.37873,0.9655642709985581,0.37873,0.62127,0.03443572900144187,-0.8964789999999999
456,1.9,walk,0.760849,0.237456,0.949216,0.034411,-0.028935,-0.436492,-0.6397888168946914,-0.4516438684905401,-0.10295176385889904,0.06589666547035052,0.044671195026930455,-0.11588972534335613,-0.0926325893928522,-0.18934485241181856,-0.2658987281017635,-0.005039596832265351,-0.006719462442998265,0.022078233741302137,-0.20249899999999998,-0.096302,-0.8971579999999999,0.248139,0.07988600000000001,-0.9080849999999999,0.450638,0.176188,0.01092700000000002,0.39073,0.9606300623398804,0.39073,0.60927,0.03936993766011965,-0.8971579999999999
457,1.904167,walk,0.758176,0.235571,0.948844,0.034425,-0.028846,-0.436455,-0.6414686825054035,-0.4523638108951244,-0.08927285817132832,0.01242392539274621,-0.0422062924200015,-0.018483223514123216,-0.06335493160548115,-0.1775857931365455,-0.2526997840172763,-0.012479001679851352,-0.009359251259901835,0.026157907367409923,-0.20009,-0.09515699999999999,-0.897839,0.2507600000000001,0.081732,-0.9076040000000001,0.4508500000000001,0.176889,0.009765000000000024,0.40235,0.9492402941707558,0.40235,0.59765,0.05075970582924416,-0.897839
458,1.908333,walk,0.755525,0.2337,0.948529,0.034232,-0.028759,-0.436459,-0.6363418146903231,-0.44911185789725405,-0.0756120979356833,0.10167697309930973,0.0028632762660478974,-0.0011855637357941686,-0.04776764282283816,-0.1824291886701848,-0.24123859817570126,-0.018963034085492107,-0.018722995679313577,0.03432549207873267,-0.19763799999999998,-0.09404599999999999,-0.8985289999999999,0.2533319999999999,0.08352499999999999,-0.907146,0.45096999999999987,0.17757099999999998,0.008617000000000097,0.41383000000000003,0.9275740486316029,0.41383000000000003,0.58617,0.07242595136839713,-0.8985289999999999
459,1.9125,walk,0.752755,0.231777,0.948198,0.034098,-0.029055,-0.436326,-0.6647468202543866,-0.4614830813534835,-0.07943364530836758,-0.0050466306203926095,0.1527082413913899,-0.07685425119067561,-0.01463882889368305,-0.16606671466282527,-0.20974322054235495,-0.01967842572592149,-0.029037676985836647,0.04463642908567249,-0.1949289999999999,-0.09281500000000001,-0.899072,0.25602,0.08532699999999999,-0.906629,0.45094899999999993,0.178142,0.007557000000000036,0.4778856523399766,0.9053832595663392,0.4778856523399766,0.5221143476600234,0.09461674043366075,-0.899072
460,1.916667,walk,0.749961,0.229833,0.947822,0.033525,-0.029229,-0.436183,-0.6705063594912625,-0.46652267818576676,-0.09023278137747759,0.2101091194995399,0.19152301089717302,-0.09031893813668158,-0.002159827213831814,-0.15526757859372167,-0.22942164626831033,-0.01703863690903179,-0.0333573314134885,0.05135589152867979,-0.19214399999999998,-0.09151800000000002,-0.899652,0.25874300000000006,0.08713199999999999,-0.906039,0.45088700000000004,0.17865,0.0063870000000000315,0.47440925228790787,0.8940590533801882,0.47440925228790787,0.5255907477120921,0.1059409466198118,-0.899652
461,1.920833,walk,0.747265,0.228082,0.94791,0.031391,-0.028114,-0.436026,-0.6471435429668646,-0.4203072491598547,0.02112337974075242,1.155085576278095,-0.03940875407367763,-0.11931740203636855,0.004080652904475346,-0.12746039366298348,-0.24219875180028047,-0.016802688430151844,-0.03744599135861383,0.048247719635140254,-0.1894309999999999,-0.09029800000000002,-0.900749,0.2613690000000001,0.088727,-0.905926,0.4508,0.17902500000000002,0.005176999999999987,0.4920287802196656,0.8944278148834589,0.4920287802196656,0.5079712197803343,0.1055721851165411,-0.900749
462,1.925,walk,0.744532,0.226129,0.947609,0.030825,-0.028544,-0.435993,-0.6558675305975437,-0.4686825053995669,-0.07223422126229744,0.15410398142820517,0.30318381672935396,-0.032958230587784826,0.03503719702423287,-0.13054955603551352,-0.21622270218382342,-0.0172786177106003,-0.028557715382764418,0.05903527717782442,-0.18655199999999994,-0.088889,-0.9013490000000001,0.26403,0.09056100000000003,-0.905379,0.4505819999999999,0.17945000000000003,0.004029999999999978,0.5347063768581051,0.8869702879606108,0.5347063768581051,0.46529362314189493,0.11302971203938916,-0.9013490000000001
463,1.929167,walk,0.7417,0.224102,0.947286,0.030276,-0.029245,-0.435999,-0.6796256299495859,-0.48644108471321945,-0.0775137988961053,0.09016482820125872,0.4175293405671438,-0.01383883970810698,0.04415646748259193,-0.12263018958483503,-0.20278377729781594,-0.006479481641468453,-0.042716582673388556,0.0638348932085434,-0.18353600000000003,-0.087373,-0.901871,0.26683499999999993,0.09241000000000002,-0.90479,0.45037099999999997,0.17978300000000003,0.002919000000000005,0.5690457748030293,0.8715305515287702,0.5690457748030293,0.4309542251969707,0.12846944847122976,-0.901871
464,1.933333,walk,0.738873,0.222066,0.946917,0.029555,-0.030196,-0.435851,-0.6785885741718908,-0.4887181949111942,-0.08857417186748974,0.11095830324097479,0.5582892761409738,-0.10121392466809039,0.04608737397983076,-0.12746039366298362,-0.19251080172828083,-0.00840134421507637,-0.05016802688430633,0.08377340374460181,-0.18051700000000004,-0.085868,-0.902304,0.26962699999999995,0.09423699999999999,-0.904072,0.450144,0.180105,0.0017679999999999918,0.5899249086587142,0.8366547905589656,0.5899249086587142,0.41007509134128584,0.16334520944103437,-0.902304
465,1.9375,walk,0.736119,0.220075,0.946664,0.028932,-0.030547,-0.435832,-0.6609071274298087,-0.47780177585793265,-0.06071514278859055,0.19537701383820436,0.2812520178372042,-0.025972045890416587,0.0439164866810758,-0.1276697864170868,-0.17446604271658098,-0.0016798656107195032,-0.06983441324693629,0.08471322294216378,-0.17757999999999996,-0.08440899999999998,-0.902778,0.2723740000000001,0.09593700000000002,-0.903466,0.4499540000000001,0.180346,0.0006880000000000219,0.6254447499212203,0.8170003235942244,0.6254447499212203,0.37455525007877966,0.18299967640577564,-0.902778
466,1.941667,walk,0.733383,0.218133,0.946471,0.028088,-0.030743,-0.436089,-0.6565874730021454,-0.46604271658266966,-0.04631629469642363,0.32551552377820075,0.2662189320237145,0.11755625256879593,0.04631629469642363,-0.13342932565394688,-0.16942644588432756,0.010079193664476878,-0.08735301175906604,0.1005519558435324,-0.174651,-0.08302299999999999,-0.903291,0.27515199999999995,0.09751499999999999,-0.9028539999999999,0.44980299999999995,0.18053799999999998,0.0004370000000000207,0.6323728312849947,0.7730015437459306,0.6323728312849947,0.36762716871500534,0.22699845625406945,-0.9028539999999999
467,1.945833,walk,0.730629,0.216073,0.946157,0.02739,-0.031497,-0.43615,-0.6610657705233091,-0.4944791166586797,-0.07537205952950879,0.14380282990084595,0.47286624047736875,0.013183625758425202,0.05664906385022086,-0.1339414306289048,-0.17210753720595798,0.002160345655340377,-0.08497359577531796,0.15626500240038782,-0.17166099999999995,-0.08152099999999998,-0.903694,0.27791500000000013,0.09922100000000003,-0.901889,0.4495760000000001,0.180742,0.0018049999999999455,0.6244617653837645,0.6854709860924625,0.6244617653837645,0.3755382346162355,0.3145290139075375,-0.901889
468,1.95,walk,0.727929,0.213989,0.945858,0.026373,-0.032021,-0.436151,-0.6479481641468452,-0.500119990400758,-0.07175425965923853,0.32925569210251,0.43880036436570347,-0.024343520108929605,0.07415406767458636,-0.13054955603552018,-0.14158867290616647,-0.020158387329060327,-0.08375329973603098,0.17422606191504486,-0.16865200000000002,-0.07998100000000002,-0.9039849999999999,0.28053099999999986,0.10095599999999996,-0.900864,0.4491829999999999,0.180937,0.0031209999999999294,0.6560468191216202,0.644857151819981,0.644857151819981,0.3439531808783798,0.35514284818001896,-0.900864
469,1.954167,walk,0.725154,0.211914,0.945754,0.025691,-0.032494,-0.436211,-0.6659467242620739,-0.49796016318694636,-0.024958003359729346,0.19581056320268425,0.3480153270028889,0.0150700059629091,0.08087353011757094,-0.11783057355411272,-0.1430285577153815,-0.023518118550499335,-0.10367170626349524,0.16510679145668247,-0.16554000000000002,-0.078397,-0.904477,0.283208,0.102599,-0.900072,0.44874800000000004,0.180996,0.004404999999999992,0.6630127753002141,0.6286666655426821,0.6286666655426821,0.3369872246997859,0.37133333445731787,-0.900072
470,1.958333,walk,0.722503,0.209834,0.945481,0.024989,-0.033199,-0.436241,-0.6363418146903231,-0.499279884781551,-0.06553048487757086,0.15552241827549174,0.4519244755564867,-0.0025117742593390308,0.08065290446471286,-0.10633701392222439,-0.13562169947191252,-0.010081613058059127,-0.11497839654344554,0.1862698031685016,-0.16255300000000006,-0.07676,-0.904769,0.2858170000000001,0.10419999999999999,-0.899023,0.44837000000000016,0.18095999999999998,0.005746000000000029,0.6828700892898096,0.5773227504758809,0.5773227504758809,0.31712991071019037,0.4226772495241191,-0.899023
471,1.9625,walk,0.719924,0.207861,0.945317,0.024713,-0.033107,-0.436357,-0.6189104871610549,-0.4734821214303078,-0.039356851451898364,0.1396442379952621,0.02020597089795352,0.05617268457742732,0.0563954883609568,-0.08831293496520855,-0.1466282697384277,-0.045356371490281586,-0.10775137988960828,0.18166546676266745,-0.15973899999999996,-0.075155,-0.905216,0.2882070000000001,0.10572400000000001,-0.898102,0.44794600000000007,0.180879,0.007114000000000065,0.6996322851897236,0.5688063692842376,0.5688063692842376,0.30036771481027635,0.43119363071576244,-0.898102
472,1.966667,walk,0.717264,0.205774,0.945184,0.024263,-0.03364,-0.436397,-0.6383489320854273,-0.5008399328053664,-0.03191744660425671,0.08281733289978226,0.32508588947731776,0.00943818110105358,0.032397408207342264,-0.06839452843771959,-0.13486921046316191,-0.04775617950565364,-0.11231101511879539,0.1915046796256285,-0.15694399999999997,-0.073353,-0.905645,0.29066800000000004,0.10734299999999997,-0.897171,0.447612,0.18069599999999997,0.008473999999999982,0.7422473865326598,0.5367818371318237,0.5367818371318237,0.25775261346734024,0.4632181628681763,-0.897171
473,1.970833,walk,0.714637,0.203712,0.945072,0.023932,-0.033977,-0.436356,-0.6305808929428647,-0.4949591934709438,-0.02688430148823762,0.07174520281930742,0.2140226271839932,-0.030314217881921294,0.03960633701391412,-0.052088334133465385,-0.12866058569370623,-0.027124339894389497,-0.14882381180987445,0.2318771003360478,-0.15415199999999996,-0.07150800000000002,-0.906069,0.29318200000000005,0.10878500000000002,-0.896093,0.447334,0.18029300000000004,0.009975999999999985,0.7594254400889242,0.43880730827725006,0.43880730827725006,0.2405745599110758,0.5611926917227499,-0.896093
474,1.975,walk,0.712101,0.201612,0.944975,0.023942,-0.034093,-0.436455,-0.6085913126949756,-0.5039596832253359,-0.023278137748983203,-0.02760264151490259,0.04994907762014901,0.05263887770336206,0.02831773458122164,-0.05447564194863823,-0.12742980561555067,-0.04223662107030301,-0.13150947924167128,0.2407007439404822,-0.15149800000000002,-0.069635,-0.9065030000000001,0.2955420000000001,0.11033699999999996,-0.894993,0.4470400000000001,0.17997199999999997,0.01151000000000002,0.7642515169322647,0.42237215272016837,0.42237215272016837,0.23574848306773533,0.5776278472798316,-0.894993
475,1.979167,walk,0.709503,0.199538,0.944867,0.02365,-0.034261,-0.436156,-0.6234701223902347,-0.49772018238543675,-0.02591792656587519,0.08755248825250336,0.12781408010754744,-0.16627290339443082,0.03119750419968333,-0.056635469162472946,-0.12526997840173398,-0.05735541156710131,-0.13486921046315745,0.24166066714663953,-0.14876999999999996,-0.067797,-0.906917,0.29790099999999997,0.11184900000000003,-0.8938780000000001,0.44667099999999993,0.17964600000000003,0.013038999999999912,0.7650447553001164,0.39856144973997415,0.39856144973997415,0.2349552446998836,0.6014385502600259,-0.8938780000000001
476,1.983333,walk,0.706926,0.19739,0.944718,0.02373,-0.035041,-0.435895,-0.6185789726355905,-0.5156024963994058,-0.0357657225156173,-0.20106090459010906,0.31532785991100803,-0.140065215280627,0.035285645703313544,-0.05592894863177553,-0.10513682189149998,-0.07057129140662709,-0.14714354296687793,0.2618819011041699,-0.146046,-0.065882,-0.907206,0.3001839999999999,0.11338399999999998,-0.8926379999999999,0.4462299999999999,0.17926599999999998,0.014568000000000025,0.7929917110811439,0.35431999999999997,0.35431999999999997,0.20700828891885614,0.64568,-0.8926379999999999
477,1.9875,walk,0.704463,0.195317,0.944661,0.023876,-0.035113,-0.435722,-0.5910727141828859,-0.4974802015838741,-0.01367890568753859,-0.08009293951965571,-0.0027434479668082402,-0.08912112418988873,0.0067194624429845855,-0.05135589152868205,-0.09671226301895622,-0.059515238780903305,-0.1593472522198207,0.26997840172786,-0.143555,-0.064023,-0.9075519999999999,0.302399,0.114793,-0.891456,0.44595399999999996,0.178816,0.016095999999999888,0.8171533688482475,0.33904,0.33904,0.18284663115175248,0.66096,-0.891456
478,1.991667,walk,0.701912,0.193233,0.944592,0.02384,-0.035174,-0.435376,-0.6121910247180107,-0.5001199904007647,-0.016558675305971972,-0.001150890885698713,0.02708902534761498,-0.1853284746111272,-0.012958963282936905,-0.0417566594672441,-0.10679145668346474,-0.07175425965918523,-0.1559875209983151,0.2836573074154035,-0.14105800000000002,-0.062113,-0.907928,0.3046510000000001,0.11622700000000002,-0.890205,0.44570900000000013,0.17834000000000003,0.017722999999999933,0.8076752705577808,0.32277000000000006,0.32277000000000006,0.19232472944221923,0.67723,-0.890205
479,1.995833,walk,0.699434,0.191092,0.944473,0.024354,-0.035572,-0.434872,-0.594815170427279,-0.5139222275564167,-0.028564570331248994,-0.31113481060206233,0.054987278022571896,-0.2583938153377279,-0.03024483917425894,-0.03096495439270129,-0.1144983197311612,-0.07537205952956208,-0.17666826692271567,0.3118098895823416,-0.138706,-0.060101000000000016,-0.908286,0.30681499999999995,0.11763199999999999,-0.888787,0.44552099999999994,0.177733,0.019499000000000044,0.7959885357355425,0.30501,0.30501,0.2040114642644575,0.69499,-0.888787
480,2.0,walk,0.696957,0.188949,0.944455,0.024794,-0.035578,-0.434436,-0.5944324454043515,-0.5142788576913823,-0.004319654427636754,-0.19633258241399812,-0.09772427248475843,-0.22210878997540795,-0.048956083513314236,-0.029277657787372763,-0.1015118790496752,-0.10559155267578416,-0.18478521718262228,0.30213582913366777,-0.13643300000000003,-0.05807999999999999,-0.908691,0.3088519999999999,0.119005,-0.88751,0.44528499999999993,0.177085,0.021181000000000005,0.805931420006333,0.28818999999999995,0.28818999999999995,0.194068579993667,0.71181,-0.88751
481,2.004167,walk,0.694536,0.186819,0.944431,0.025184,-0.035514,-0.434059,-0.5809935205183866,-0.51115910727144,-0.005759539236867074,-0.1594247573681008,-0.11641280233553418,-0.19164901041792543,-0.06599472042237528,-0.012479001679871999,-0.08615310775138339,-0.12502999760019617,-0.20062395008400327,0.2966162706983562,-0.13428700000000005,-0.056002000000000024,-0.909026,0.3107519999999999,0.12029899999999999,-0.88625,0.44503899999999996,0.176301,0.02277600000000002,0.8179332648162035,0.27224000000000004,0.27224000000000004,0.18206673518379646,0.72776,-0.88625
482,2.008333,walk,0.692132,0.184689,0.944392,0.025689,-0.035184,-0.433589,-0.5770523283725413,-0.5112818050888052,-0.009361497839656788,-0.1546811686990285,-0.2573074855109953,-0.23732070655347118,-0.045847335573703074,-0.006721075372059405,-0.07801248199711713,-0.11641862698033016,-0.2289966394623102,0.27124339894382504,-0.13207400000000002,-0.0539,-0.909312,0.3126709999999999,0.121475,-0.885081,0.44474499999999995,0.175375,0.024231000000000003,0.8487726290507939,0.25769,0.25769,0.15122737094920613,0.74231,-0.885081
483,2.0125,walk,0.689727,0.182531,0.944405,0.02632,-0.035135,-0.432993,-0.577153827693747,-0.5178785697143897,0.0031197504199759933,-0.2691135027538782,-0.1644074482600299,-0.3026045834046501,-0.051595872330202096,-0.030237580993515614,-0.07799376049915505,-0.1288696904247072,-0.2255819534437099,0.25989920806333927,-0.129884,-0.051868,-0.9096500000000001,0.3145390000000001,0.122693,-0.8840110000000001,0.4444230000000001,0.174561,0.025638999999999967,0.836195644961457,0.24361,0.24361,0.16380435503854296,0.75639,-0.8840110000000001
484,2.016667,walk,0.687384,0.180407,0.944308,0.026899,-0.034966,-0.432426,-0.5622750179985819,-0.5097192224622232,-0.02327813774898444,-0.22132926751994447,-0.2049373352327632,-0.2875634963967808,-0.047516198704113395,-0.036957043436530425,-0.07631389488841213,-0.13246940244783614,-0.2514998800096091,0.2505399568034663,-0.12773900000000005,-0.049898000000000026,-0.909871,0.31633,0.12376899999999999,-0.88287,0.44406900000000005,0.17366700000000002,0.02700099999999994,0.8380035772694518,0.22999000000000003,0.22999000000000003,0.16199642273054815,0.77001,-0.88287
485,2.020833,walk,0.685157,0.178317,0.94431,0.027579,-0.0347,-0.43202,-0.5345655304848579,-0.5016802688430032,0.00048007681227710855,-0.24321775736394022,-0.26450373307213615,-0.19888326852385613,-0.040806529044646864,-0.04800768122899004,-0.06505040806528876,-0.12938070091215853,-0.2587614018242904,0.23907825252039763,-0.12568200000000007,-0.048007999999999995,-0.910144,0.3180179999999999,0.12478099999999998,-0.881876,0.4437,0.17278899999999997,0.02826799999999996,0.8490634252122535,0.21732,0.21732,0.15093657478774647,0.78268,-0.881876
486,2.025,walk,0.682836,0.176255,0.944294,0.027951,-0.034577,-0.431432,-0.5569954403648004,-0.49484041276700325,-0.0038396928245780495,-0.14147777753465504,-0.14267612258002707,-0.30341263421427983,-0.024718022558187887,-0.04319654427646309,-0.04871610271178571,-0.14926805855529848,-0.2860571154307716,0.23374130069595564,-0.12346400000000002,-0.046126,-0.910331,0.31971700000000003,0.125651,-0.880886,0.44318100000000005,0.171777,0.029445000000000054,0.8839279349804999,0.20554999999999995,0.20554999999999995,0.11607206501950007,0.7944500000000001,-0.880886
487,2.029167,walk,0.680552,0.174124,0.944163,0.028326,-0.035142,-0.43071,-0.5481161507078987,-0.5113990880729216,-0.03143748500119613,-0.2869673679244384,0.15182967655284796,-0.37820510267057383,-0.018718502519802675,-0.04439644828413234,-0.043196544276455154,-0.16462682985359314,-0.28893688504917436,0.21262299016077368,-0.12125800000000009,-0.04418,-0.91038,0.321315,0.12657800000000002,-0.879869,0.4425730000000001,0.17075800000000002,0.030510999999999955,0.8921502022582481,0.19489,0.19489,0.10784979774175185,0.80511,-0.879869
488,2.033333,walk,0.6783,0.172119,0.944122,0.028516,-0.035222,-0.430219,-0.5405664906385526,-0.48127700432073106,-0.009841574651934946,-0.1039831130859105,-0.015142124392581145,-0.25687338240004653,-0.012722035525677853,-0.04200672107537742,-0.03768602976476473,-0.18050888142106228,-0.3154104656745419,0.19659145463275687,-0.11905900000000003,-0.04235,-0.910496,0.32281499999999996,0.127269,-0.879009,0.441874,0.169619,0.03148699999999993,0.9035829135294086,0.18513000000000002,0.18513000000000002,0.09641708647059144,0.81487,-0.879009
489,2.0375,walk,0.67606,0.170042,0.944065,0.028631,-0.035487,-0.429507,-0.5375569954403367,-0.49844012478998534,-0.013678905687537862,-0.11205773747096981,0.07567043750682939,-0.3770995505015851,-0.003599712023034877,-0.029517638588907304,-0.0295176385889123,-0.19366450683944156,-0.3458123350131707,0.17158627309814012,-0.116834,-0.04039599999999999,-0.9105620000000001,0.324248,0.12790500000000002,-0.878237,0.441082,0.168301,0.03232500000000005,0.9301680608257746,0.17675000000000002,0.17675000000000002,0.06983193917422537,0.82325,-0.878237
490,2.041667,walk,0.673923,0.167984,0.94409,0.028869,-0.035604,-0.428987,-0.5128389728821795,-0.4938804895608587,0.00599952003838322,-0.13277285886796106,-0.009563965126925542,-0.2710977420773919,0.005999520038409863,-0.02087832973362316,-0.017518598512119034,-0.1977441804655564,-0.37532997360213133,0.1408687305015673,-0.114672,-0.03842499999999999,-0.91066,0.325561,0.128399,-0.877675,0.440233,0.166824,0.03298500000000004,0.9534883471295754,0.17015000000000002,0.17015000000000002,0.04651165287042458,0.82985,-0.877675
491,2.045833,walk,0.671781,0.166041,0.944257,0.029116,-0.035255,-0.42869,-0.5141622659625611,-0.46639462313968966,0.04008641382621787,-0.038139453087988336,-0.20864950412956204,-0.14984601001224415,0.0028804608737159508,-0.025684109457511536,-0.014642342774843227,-0.2347575612097954,-0.40134421507440254,0.1349015842534752,-0.112518,-0.03658899999999998,-0.910888,0.32672500000000004,0.12867,-0.8772800000000001,0.43924300000000005,0.165259,0.03360799999999997,0.9504921797589724,0.16392000000000012,0.16392000000000012,0.04950782024102762,0.8360799999999999,-0.8772800000000001
492,2.05,walk,0.669667,0.164005,0.944392,0.029468,-0.035196,-0.428196,-0.5073194144468552,-0.4886009119270639,0.032397408207343985,-0.14551462075451732,-0.10868728248530976,-0.2534490012321852,0.008639308855300612,-0.010319174466046847,0.0,-0.26541876649870455,-0.42500599952006324,0.13030957523398767,-0.11036800000000002,-0.034596000000000016,-0.911023,0.32773299999999994,0.12893499999999997,-0.876872,0.43810099999999996,0.16353099999999998,0.03415100000000004,0.9775696745975213,0.15849000000000008,0.15849000000000008,0.02243032540247869,0.84151,-0.876872
493,2.054167,walk,0.667636,0.162062,0.944544,0.029374,-0.035163,-0.427604,-0.487401007919338,-0.46628269738418093,0.03647708183346094,0.04153091045886476,-0.008163488752874868,-0.3161331740586224,-0.0031197504199759933,-0.018958483321332115,-0.008639308855291364,-0.3064554835612899,-0.47972162227018267,0.12143028557714798,-0.10835000000000006,-0.03273200000000001,-0.911211,0.328487,0.128879,-0.876518,0.43683700000000003,0.161611,0.034692999999999974,0.9648892787019373,0.15306999999999998,0.15306999999999998,0.0351107212980627,0.84693,-0.876518
494,2.058333,walk,0.665655,0.160128,0.944819,0.029457,-0.035202,-0.427284,-0.4755160825732012,-0.4642342774843894,0.06601056168984798,-0.0472943262198152,-0.007146220744808977,-0.16822356096048982,-0.0026404224675907213,-0.010321651464230993,-0.0014402304368696345,-0.3283725396063366,-0.49519923187708237,0.11881901104176233,-0.10638000000000003,-0.03084099999999998,-0.911492,0.32909999999999995,0.12875000000000003,-0.876298,0.43548,0.159591,0.03519399999999995,0.982081776543007,0.14806000000000008,0.14806000000000008,0.01791822345699301,0.8519399999999999,-0.876298
495,2.0625,walk,0.663612,0.15814,0.94509,0.029487,-0.035389,-0.426882,-0.49028077753782345,-0.47708183345334304,0.06503479721623076,-0.05558442564555827,0.06614841518621917,-0.21347611758792012,-0.010079193664504058,-0.002159827213825153,-0.003359731221502463,-0.3678905687544914,-0.547876169906441,0.1017518598512184,-0.104379,-0.028862,-0.911777,0.32961000000000007,0.12845499999999999,-0.876145,0.43398900000000007,0.15731699999999998,0.035632,0.9819304743651318,0.14367999999999997,0.14367999999999997,0.01806952563486819,0.85632,-0.876145
496,2.066667,walk,0.662174,0.15635,0.945109,0.02953,-0.035179,-0.425552,-0.34509239260859254,-0.429565634749243,0.004559635229179773,0.010783481747376067,-0.12944741045488467,-0.7029150462487256,-0.014878809695226619,0.0014398848092167685,0.0014398848092151033,-0.41132709383253724,-0.5997120230381779,0.07175425965922903,-0.10300300000000007,-0.02706599999999998,-0.91179,0.3293339999999999,0.12774600000000003,-0.875865,0.43233699999999997,0.154812,0.035924999999999985,0.9749708217787946,0.14075000000000004,0.14075000000000004,0.025029178221205428,0.85925,-0.875865
497,2.070833,walk,0.660322,0.154467,0.945432,0.02948,-0.03581,-0.425238,-0.4445511281805149,-0.45199231877099,0.07753240518484503,-0.11076303064794503,0.2774462693586557,-0.17136052425184148,-0.012481997119524618,0.0009601536245742044,0.0021603456553052846,-0.46111377820448823,-0.6560249639942309,0.03240518482957094,-0.10120299999999993,-0.025179000000000007,-0.912104,0.32926500000000003,0.12689599999999998,-0.8760530000000001,0.43046799999999996,0.152075,0.036050999999999944,0.9788268224957849,0.13949000000000011,0.13949000000000011,0.0211731775042151,0.8605099999999999,-0.8760530000000001
498,2.075,walk,0.658509,0.152641,0.9459,0.029568,-0.035703,-0.424814,-0.43508519318450756,-0.4382049436044836,0.11231101511876276,-0.02078233771445779,-0.0738347759822642,-0.22194265394828477,-0.011999040076791805,0.0,0.0009599232061427448,-0.5015598752099614,-0.6837053035756699,0.00863930885529303,-0.09943999999999997,-0.023353000000000013,-0.9125679999999999,0.32898799999999995,0.12587299999999998,-0.876485,0.4284279999999999,0.149226,0.036082999999999976,0.9799377070570638,0.13916999999999996,0.13916999999999996,0.020062292942936155,0.86083,-0.876485
499,2.079167,walk,0.656721,0.150797,0.946345,0.029453,-0.035549,-0.424336,-0.42908567314617074,-0.4425245980321806,0.10679145668347709,0.07643146952632845,-0.054170743825786606,-0.2549150126859712,-0.011519078473734148,-0.005279577633788157,-0.0007199424046083842,-0.5557955363571131,-0.7252219822414464,-0.01367890568754598,-0.09770000000000001,-0.021530999999999995,-0.913016,0.32846,0.12469500000000003,-0.876987,0.42616,0.14622600000000002,0.03602900000000009,0.9788470237226009,0.13970999999999995,0.13970999999999995,0.021152976277399094,0.86029,-0.876987
500,2.083333,walk,0.654931,0.148843,0.9469,0.029622,-0.03516,-0.423982,-0.42966874699949814,-0.4690350456072804,0.13322131541045534,0.0023210869195981936,-0.2113197642421169,-0.1811569746642694,-0.005040806529029563,-0.006961113778204621,0.004080652904465352,-0.5876140182429042,-0.7734037445991153,-0.0232837253960627,-0.09593099999999999,-0.019606000000000012,-0.913554,0.3278019999999999,0.12342700000000001,-0.877639,0.4237329999999999,0.14303300000000002,0.03591500000000003,0.9841431259540803,0.14084999999999998,0.14084999999999998,0.015856874045919733,0.8591500000000001,-0.877639
501,2.0875,walk,0.653096,0.146891,0.947303,0.029546,-0.035325,-0.423691,-0.4403647708183621,-0.4684425245980558,0.09671226301897302,-0.0036028948245098945,0.08071477859611836,-0.15702403027377998,-0.010079193664530701,0.0,0.0026397888168940785,-0.6299496040317034,-0.7976961843052904,-0.031197504199666676,-0.09413800000000005,-0.017654000000000003,-0.913946,0.32701199999999997,0.12205500000000002,-0.878172,0.42115,0.13970900000000003,0.035774000000000084,0.9826347545427244,0.14226,0.14226,0.01736524545727558,0.85774,-0.878172
502,2.091667,walk,0.651313,0.144953,0.947567,0.030979,-0.035994,-0.423316,-0.42788576913843784,-0.46508279337650044,0.06335493160547778,-0.7631651417993657,-0.007965099788709403,-0.16855131184068997,-0.012239020878307924,0.003119750419969333,0.0016798656107510524,-0.6649868010558673,-0.8404127669785917,-0.03383729301655715,-0.09240599999999999,-0.015702999999999995,-0.9142030000000001,0.326024,0.12049100000000001,-0.878577,0.41842999999999997,0.136194,0.035626000000000047,0.9787639965563759,0.14374000000000003,0.14374000000000003,0.021236003443624085,0.85626,-0.878577
503,2.095833,walk,0.649559,0.142995,0.948117,0.031341,-0.035737,-0.423,-0.4210273643783419,-0.46999519923191135,0.13202112337973668,-0.10830757513738425,-0.1923985610401151,-0.1566424415793914,-0.008161305808951563,0.003120499279881487,0.0028804608737412417,-0.6989918386942526,-0.8610177628421246,-0.05160825732117379,-0.09068600000000004,-0.013732000000000022,-0.914741,0.324866,0.118862,-0.879342,0.41555200000000003,0.13259400000000002,0.03539900000000007,0.9846665323277514,0.14601000000000003,0.14601000000000003,0.015333467672248635,0.85399,-0.879342
504,2.1,walk,0.647819,0.141038,0.94869,0.031797,-0.035383,-0.422826,-0.4175665946723921,-0.46964242860568634,0.1375089992800602,-0.127970545494215,-0.25029664500872606,-0.07846209175283808,-0.0007199424046016468,0.014878809695225034,0.0038396928245726446,-0.7446604271657734,-0.907367410607091,-0.05975521958242958,-0.08894900000000006,-0.011713000000000001,-0.9152980000000001,0.323503,0.11703800000000003,-0.8801640000000001,0.41245200000000004,0.12875100000000003,0.035134,0.9743614582664789,0.14865999999999996,0.14865999999999996,0.025638541733521092,0.85134,-0.8801640000000001
505,2.104167,walk,0.646118,0.139095,0.949254,0.032832,-0.03532,-0.42256,-0.4082073434125609,-0.4662826973842306,0.13534917206624303,-0.4399075600301693,-0.2429950984103957,-0.11526254954004841,-0.0074394048476133096,0.015358771298298875,0.0016798656107512315,-0.800575953923724,-0.924646028317789,-0.07271418286537354,-0.087279,-0.009705999999999992,-0.9158550000000001,0.32186800000000004,0.11512799999999998,-0.881031,0.40914700000000004,0.12483399999999997,0.03482400000000008,0.9714197742821328,0.15175999999999995,0.15175999999999995,0.028580225717867225,0.8482400000000001,-0.881031
506,2.108333,walk,0.64436,0.137133,0.949759,0.033346,-0.03531,-0.422123,-0.4219875180028512,-0.47095535285644213,0.12121939510320784,-0.22577948467321302,-0.11865743417291083,-0.21873289134897272,-0.0060009601536104296,0.004800768122897672,0.004560729716755786,-0.8286125780124619,-0.9543927028324222,-0.08569371099375908,-0.08554600000000001,-0.007724000000000009,-0.9163410000000001,0.32017399999999996,0.11311399999999999,-0.881893,0.40571999999999997,0.120838,0.034448000000000034,0.9851060085862015,0.1555200000000001,0.1555200000000001,0.014893991413798546,0.8444799999999999,-0.881893
507,2.1125,walk,0.642662,0.135141,0.950324,0.03374,-0.035339,-0.421831,-0.40748740100795916,-0.47804175665948756,0.13558915286775916,-0.1800882467017524,-0.0739327031086085,-0.14496702240909087,-0.005039596832265351,0.004079673626114178,0.0059995200383965415,-0.8569714422846542,-0.9899208063355359,-0.09311255099592444,-0.08386899999999997,-0.005714999999999998,-0.916881,0.31830100000000006,0.110981,-0.8828459999999999,0.40217,0.116696,0.03403500000000004,0.9852770479807026,0.15965000000000007,0.15965000000000007,0.014722952019297408,0.8403499999999999,-0.8828459999999999
508,2.116667,walk,0.641023,0.133155,0.950885,0.034249,-0.035285,-0.421552,-0.3933285337172657,-0.4766018718502267,0.13462922966162696,-0.21314846919430946,-0.1329532259106433,-0.13460619988514042,-0.0028797696184332303,0.0038396928245709792,0.005999520038395902,-0.8958483321333714,-1.014398848092093,-0.11135109191263834,-0.08224200000000004,-0.003712999999999994,-0.9174169999999999,0.316207,0.10874,-0.883871,0.39844900000000005,0.112453,0.033545999999999965,0.987194775943061,0.16453999999999996,0.16453999999999996,0.012805224056938957,0.8354600000000001,-0.883871
509,2.120833,walk,0.639418,0.131204,0.951488,0.034778,-0.034762,-0.421455,-0.3852616418626797,-0.46831493038885136,0.14474315890542575,-0.12501365390673935,-0.3367604304945817,-0.033712172871495895,-0.006961113778191297,0.006721075372059405,0.006721075372059405,-0.9128660585693463,-1.0242438790206136,-0.1262602016322574,-0.08066600000000002,-0.0017339999999999856,-0.917992,0.314009,0.10642400000000002,-0.885,0.394675,0.108158,0.03299200000000002,0.9803642323702997,0.17007999999999995,0.17007999999999995,0.019635767629700318,0.82992,-0.885
510,2.125,walk,0.63777,0.129261,0.952121,0.035631,-0.034337,-0.421214,-0.39548836093116607,-0.4662826973842306,0.15190784737221588,-0.28717290424963354,-0.3628814390497051,-0.10283470754287405,-0.004799616030722562,0.0038396928245713886,0.005279577633789822,-0.9448044156468104,-1.0549556035517667,-0.12167026637869705,-0.07903799999999994,0.00022500000000000298,-0.918603,0.31172,0.10397100000000001,-0.88614,0.39075799999999994,0.103746,0.03246299999999991,0.9864955259450137,0.17537000000000003,0.17537000000000003,0.013504474054986337,0.82463,-0.88614
511,2.129167,walk,0.636158,0.127277,0.95274,0.036128,-0.033842,-0.42095,-0.3868490520758388,-0.4761219102471986,0.1485481161507234,-0.11823434420632496,-0.32214153943279883,-0.12255592156347853,-0.004799616030722562,0.0038396928245780495,0.007199424046077182,-0.9836813054955966,-1.0940724742021155,-0.1305495560355238,-0.07744600000000001,0.0022250000000000048,-0.919192,0.309233,0.10139599999999999,-0.8873030000000001,0.386679,0.09917099999999998,0.031888999999999945,0.9842227958376721,0.1811100000000001,0.1811100000000001,0.015777204162327862,0.8188899999999999,-0.8873030000000001
512,2.133333,walk,0.634595,0.125373,0.953365,0.037015,-0.033262,-0.420742,-0.37518002880459395,-0.45703312530003287,0.15002400384060718,-0.27043219698029,-0.4363885887544991,-0.08254352687596717,0.0002400384061518791,0.004800768122897672,0.004080652904463687,-1.0057609217474586,-1.1132981277003957,-0.12145943350935638,-0.075882,0.004148999999999986,-0.9198000000000001,0.30660599999999993,0.098662,-0.8884340000000001,0.38248799999999994,0.09451300000000001,0.031366000000000005,0.9894911781592577,0.18633999999999995,0.18633999999999995,0.01050882184074231,0.81366,-0.8884340000000001
513,2.1375,walk,0.633026,0.123442,0.953944,0.037382,-0.032713,-0.420344,-0.3765298776097785,-0.46340292776575437,0.13894888408926348,-0.05166875987510403,-0.3228971898074589,-0.19578918750627683,-0.005039596832264814,0.005759539236859799,0.004799616030717054,-1.039596832253357,-1.142788576913781,-0.12694984401247167,-0.07433400000000001,0.006103999999999998,-0.920359,0.303843,0.095831,-0.889542,0.378177,0.089727,0.030816999999999983,0.9849439803017921,0.19183,0.19183,0.015056019698207912,0.80817,-0.889542
514,2.141667,walk,0.63152,0.121484,0.954508,0.038196,-0.032062,-0.420147,-0.3614110871130492,-0.4698824094072692,0.13534917206624303,-0.22426678443588957,-0.452115505627018,-0.07754576096451828,-0.001199904007660658,0.005759539236860413,0.004079673626110847,-1.0580753539717296,-1.1631869450444472,-0.14014878809695894,-0.07283299999999993,0.008085999999999996,-0.920906,0.30094,0.09294200000000001,-0.89069,0.3737729999999999,0.08485600000000001,0.03021600000000002,0.9880678074632672,0.19784000000000002,0.19784000000000002,0.011932192536732833,0.80216,-0.89069
515,2.145833,walk,0.630019,0.11955,0.955041,0.039003,-0.03132,-0.419966,-0.36029764762360383,-0.4642342774843827,0.1279404704752739,-0.20278450824664776,-0.4900105793881071,-0.06783340054199836,-0.0036005760921982376,0.004800768122904334,0.008401344215074257,-1.1022563610177156,-1.2225156024963693,-0.16274603936629367,-0.07134700000000005,0.010040000000000007,-0.921404,0.29784900000000003,0.08978299999999999,-0.891901,0.3691960000000001,0.07974299999999998,0.029502999999999946,0.9827925962813027,0.20496999999999999,0.20496999999999999,0.017207403718697334,0.79503,-0.891901
516,2.15,walk,0.628529,0.117667,0.955539,0.039658,-0.030532,-0.419654,-0.3575713942884712,-0.4518838492920796,0.11951043916487189,-0.128051917874553,-0.4827358478163772,-0.13992237938817537,-0.0047996160306959185,0.005519558435324285,0.0055195584353259506,-1.1007919366451204,-1.2272618190545268,-0.11423086153108374,-0.06987699999999997,0.011946000000000012,-0.921879,0.294752,0.08655200000000002,-0.8928750000000001,0.364629,0.074606,0.02900399999999992,0.9847277153091648,0.2099600000000001,0.2099600000000001,0.015272284690835192,0.7900399999999999,-0.8928750000000001
517,2.154167,walk,0.627044,0.115759,0.956019,0.039931,-0.029871,-0.419303,-0.3563714902807459,-0.457883369330424,0.11519078473719599,0.012534043165554884,-0.35173212062048115,-0.1709447311718447,-0.005519558435323697,0.004079673626107082,0.005759539236859799,-1.106071514278784,-1.2555795536356362,-0.11279097672185495,-0.068415,0.013870999999999994,-0.9223349999999999,0.291628,0.083228,-0.893825,0.360043,0.069357,0.028509999999999924,0.985066670904257,0.21490000000000004,0.21490000000000004,0.014933329095742964,0.7850999999999999,-0.893825
518,2.158333,walk,0.625593,0.113871,0.95652,0.040545,-0.028943,-0.419129,-0.34829572731642006,-0.45319251080176437,0.12025924147866644,-0.08129926058993006,-0.5319678584761545,-0.06583399425609163,-0.007441190590495848,0.009601536245803028,0.007921267402784668,-1.090494479116763,-1.2623619779165633,-0.11569851176189018,-0.06699499999999992,0.015799000000000007,-0.922803,0.288536,0.07985700000000001,-0.894808,0.35553099999999993,0.064058,0.027994999999999992,0.9758300408593429,0.22004999999999997,0.22004999999999997,0.024169959140657116,0.77995,-0.894808
519,2.1625,walk,0.624174,0.111973,0.957064,0.041553,-0.027971,-0.419021,-0.34053275737937644,-0.4554835613150663,0.13054955603550655,-0.24388046980547554,-0.628293505000241,-0.021115244618995572,-0.007919366450698044,0.005039596832251492,0.008399328053755262,-1.1293496520277662,-1.3364530837532227,-0.13678905687544188,-0.06560900000000003,0.017717999999999998,-0.923312,0.285249,0.07618599999999999,-0.895922,0.350858,0.05846799999999999,0.027390000000000025,0.9790064419294155,0.22609999999999997,0.22609999999999997,0.02099355807058445,0.7739,-0.895922
520,2.166667,walk,0.622885,0.110096,0.957601,0.042397,-0.026599,-0.41873,-0.3093352531797561,-0.45044396448286284,0.12886969042477422,-0.09251596783354381,-0.7743690229894572,-0.11528084805263021,-0.007679385649156099,0.0038396928245713886,0.005039596832253694,-1.1583873290137379,-1.3251739860811738,-0.1130309575234031,-0.06435200000000008,0.01961099999999999,-0.9238280000000001,0.28171099999999993,0.072541,-0.89693,0.346063,0.052930000000000005,0.02689800000000009,0.9834073526016298,0.23101999999999995,0.23101999999999995,0.016592647398370186,0.76898,-0.89693
521,2.170833,walk,0.621479,0.108225,0.957998,0.042797,-0.025998,-0.418378,-0.33749399903984156,-0.4491118578972507,0.09529524723955109,-0.05452343991002562,-0.35124518193101617,-0.1682499647954613,-0.003600576092171588,0.0026404224675973835,0.00600096015362542,-1.2004320691310095,-1.3931829092654453,-0.08737397983677227,-0.06296100000000004,0.021492999999999998,-0.9242,0.27811600000000003,0.06860799999999999,-0.897691,0.3410770000000001,0.04711499999999999,0.026509000000000005,0.9875336562242895,0.23491000000000006,0.23491000000000006,0.012466343775710542,0.7650899999999999,-0.897691
522,2.175,walk,0.620109,0.106328,0.958385,0.043045,-0.0254,-0.417832,-0.32877369810416246,-0.4552435805135787,0.09287257019439497,0.010620493736665147,-0.3245276465692129,-0.27408880312176026,-0.0038396928245514063,0.0016798656107528966,0.0023998080153579504,-1.1775857931366016,-1.3878089752820366,-0.10247180225582345,-0.06160699999999997,0.023397,-0.9245770000000001,0.274579,0.064722,-0.898505,0.336186,0.041325,0.026072000000000095,0.9919507992170931,0.23928,0.23928,0.00804920078290694,0.7607200000000001,-0.898505
523,2.179167,walk,0.618781,0.10442,0.95875,0.04344,-0.024631,-0.417612,-0.31869450443962444,-0.45788336933042734,0.08759299256057751,-0.018317929161355252,-0.41983545471952977,-0.09574026232043767,-0.009839212862986864,0.004559635229179287,0.00815934725221916,-1.1886249100071236,-1.4322054235660278,-0.09791216702663325,-0.06032000000000004,0.025324,-0.924908,0.27095400000000003,0.06066200000000001,-0.899278,0.33127400000000007,0.03533800000000001,0.02562999999999993,0.9773814646578523,0.24370000000000003,0.24370000000000003,0.02261853534214775,0.7563,-0.899278
524,2.183333,walk,0.617404,0.102536,0.959102,0.043951,-0.023809,-0.417447,-0.33053288526165026,-0.45223235717713517,0.08449351896303632,-0.058195769988143145,-0.46477543202859106,-0.06331648028921782,-0.011041766682666643,0.002400384061452167,0.01344215074411881,-1.1905904944791021,-1.4510321651463824,-0.08233317330772605,-0.05898899999999996,0.027218000000000006,-0.925204,0.267371,0.05650100000000001,-0.899973,0.32636,0.029283000000000003,0.025231000000000003,0.9707323713263397,0.24768999999999997,0.24768999999999997,0.029267628673660284,0.75231,-0.899973
525,2.1875,walk,0.616076,0.100645,0.959416,0.044717,-0.022945,-0.417431,-0.3186945044396584,-0.4538036957043653,0.07535397168227762,-0.16079934541460833,-0.5299880307601857,0.021414110586943553,-0.012479001679852017,0.004799616030715901,0.012718982481403133,-1.1931845452364298,-1.4902807775378701,-0.07343412526998193,-0.0577129999999999,0.029129000000000002,-0.9254650000000001,0.26372700000000004,0.05218199999999999,-0.9005930000000001,0.32143999999999995,0.02305299999999999,0.024872000000000005,0.9692440469931116,0.25128000000000006,0.25128000000000006,0.03075595300688838,0.7487199999999999,-0.9005930000000001
526,2.191667,walk,0.614731,0.098758,0.959677,0.045056,-0.022405,-0.417307,-0.3227741780657526,-0.4528437724982208,0.06263498920085617,-0.03966558589460427,-0.3063219955320135,-0.04929481591653818,-0.010559155267589635,0.002879769618433537,0.005279577633789822,-1.2035037197024767,-1.4970002399808684,-0.034557235421167475,-0.05641200000000002,0.031028000000000014,-0.925704,0.260057,0.047831,-0.900998,0.316469,0.016802999999999985,0.024706000000000006,0.9797472379790686,0.25294000000000005,0.25294000000000005,0.020252762020931403,0.74706,-0.900998
527,2.195833,walk,0.613395,0.096873,0.959944,0.045388,-0.022008,-0.417185,-0.3206913106096897,-0.4524723955832804,0.0640902544407129,-0.06531777035512557,-0.24262570330675082,-0.05100284679664633,-0.004560729716752455,-0.0002400384061452167,0.0016802688430148512,-1.2229956793086465,-1.5340854536725474,-0.02112337974075908,-0.055095000000000005,0.03291200000000001,-0.925964,0.256298,0.04332499999999999,-0.9013530000000001,0.31139300000000003,0.010412999999999978,0.02461099999999994,0.9918894483386523,0.25389000000000006,0.25389000000000006,0.008110551661347665,0.7461099999999999,-0.9013530000000001
528,2.2,walk,0.612123,0.095019,0.960205,0.045857,-0.021524,-0.417162,-0.3052555795536293,-0.4449244060474878,0.06263498920084949,-0.10763612680465105,-0.3051842766475913,0.005881080424989727,-0.00383969282457764,-0.002399808015361025,0.0007199424046066424,-1.2356611471081729,-1.5428365730740579,0.013918886489080623,-0.05383899999999997,0.034755999999999995,-0.926222,0.252421,0.03874999999999999,-0.901556,0.30626,0.0039939999999999976,0.024665999999999966,0.9923586220404129,0.25334,0.25334,0.007641377959587081,0.74666,-0.901556
529,2.204167,walk,0.610843,0.093206,0.960466,0.046014,-0.020929,-0.417128,-0.30717542596592423,-0.4350851931845673,0.06263498920088281,0.050887287671567125,-0.2915486023882139,-0.004495142148470621,-0.005519558435324285,-0.0004799616030722562,0.0007199424046083842,-1.1996640268778986,-1.6033117350612665,-0.07703383729302052,-0.05258200000000002,0.036567,-0.9264800000000001,0.24870199999999998,0.03388200000000001,-0.902138,0.301284,0.002684999999999993,0.024342000000000086,0.9906883875475392,0.25658000000000003,0.25658000000000003,0.009311612452460816,0.74342,-0.902138
530,2.208333,walk,0.609609,0.09141,0.960672,0.046193,-0.020193,-0.417136,-0.29620739318291756,-0.4311089774363761,0.04944791166584801,0.06957547881599066,-0.35634081356529373,0.02074104689277114,-0.031925108017293834,0.003600576092171588,0.024003840614496685,-1.2138742198751415,-1.6308209313489732,-0.019923187710032996,-0.051481,0.03837799999999998,-0.926586,0.24487900000000007,0.028883999999999993,-0.902427,0.29636000000000007,0.009493999999999989,0.02415900000000004,0.9331593720864166,0.25841000000000003,0.25841000000000003,0.06684062791358336,0.74159,-0.902427
531,2.2125,walk,0.608361,0.089635,0.960821,0.046159,-0.019621,-0.417135,-0.29949604031676813,-0.42596592272620104,0.035757139428863105,0.1296508091241082,-0.24248845633917823,0.00891352905234033,-0.011999040076793083,0.017758579313660157,0.040076793856493424,-1.2025437964963321,-1.6649868010559914,-0.021838252939766007,-0.05028300000000008,0.040227,-0.9265680000000001,0.241116,0.023720999999999992,-0.902667,0.2913990000000001,0.016506000000000007,0.02390100000000006,0.9242538320034179,0.26099000000000006,0.26099000000000006,0.07574616799658207,0.73901,-0.902667
532,2.216667,walk,0.607059,0.087834,0.960903,0.045902,-0.019402,-0.417243,-0.3124550035996991,-0.432205423566091,0.01967842572592044,0.15608903660424328,-0.041236828913663856,0.055877193143406764,-0.010319174466045748,0.000479961603072205,0.007199424046076415,-1.1619870410366493,-1.6369090472761167,-0.004799616030717054,-0.04902400000000007,0.04203000000000001,-0.92662,0.237576,0.01870100000000001,-0.9027689999999999,0.2866000000000001,0.023329000000000003,0.023851000000000067,0.9790140634791655,0.26149,0.26149,0.02098593652083447,0.73851,-0.9027689999999999
533,2.220833,walk,0.605834,0.086084,0.961136,0.046087,-0.018915,-0.417535,-0.2940470475276353,-0.42006721075375425,0.05592894863179481,0.01672475866369815,-0.24152859869171167,0.16650174516306682,-0.0009601536245543194,0.002160345655300518,-0.005520883341335575,-1.1569851176189219,-1.6970715314451672,0.02736437830053097,-0.04780299999999993,0.043788999999999995,-0.926876,0.233981,0.013381000000000004,-0.902888,0.2817839999999999,0.03040799999999999,0.02398800000000001,0.9899904016617164,0.26012,0.26012,0.010009598338283632,0.73988,-0.902888
534,2.225,walk,0.60452,0.084315,0.961145,0.045306,-0.0189,-0.41768,-0.3153347732181323,-0.42452603791693905,0.0021598272138315835,0.3438244389455352,0.1534335772234166,0.06179496547579658,-0.00191984641228882,0.0014398848092166152,-0.0021598272138232573,-1.156227501799783,-1.6611471082312397,0.08519318454523146,-0.0464969999999999,0.04556399999999999,-0.926894,0.23047700000000004,0.008228,-0.9025420000000001,0.27697399999999994,0.037335999999999994,0.02435199999999993,0.9946189808626983,0.25647999999999993,0.25647999999999993,0.0053810191373017124,0.7435200000000001,-0.9025420000000001
535,2.229167,walk,0.603313,0.082541,0.961241,0.044956,-0.018772,-0.417892,-0.2896568274538069,-0.42572594192466495,0.023038156947441654,0.17831754859663373,0.019735053140060705,0.1073607211235205,-0.0023998080153746024,-0.006719462443004926,0.0055195584353259506,-1.184785217182672,-1.668346532277494,0.07871370290377008,-0.04530000000000001,0.04730999999999999,-0.926967,0.22674700000000003,0.003049999999999997,-0.9023100000000001,0.27204700000000004,0.044259999999999994,0.02465699999999993,0.9849652458769516,0.25343000000000004,0.25343000000000004,0.015034754123048444,0.74657,-0.9023100000000001
536,2.233333,walk,0.602158,0.080769,0.961268,0.045331,-0.018464,-0.418068,-0.2772443590974521,-0.4253480556889009,0.006481036965914188,-0.1019718886818259,-0.20472735082717908,0.10553680843065733,-0.00048007681227710855,-0.0024003840614455043,0.009601536245798674,-1.1752280364858083,-1.700672107537158,0.05376860297647524,-0.044146999999999936,0.04907200000000002,-0.9269540000000001,0.22300600000000004,-0.0022629999999999872,-0.902113,0.267153,0.051335000000000006,0.024841000000000002,0.9834855437345611,0.25159,0.25159,0.016514456265438904,0.74841,-0.902113
537,2.2375,walk,0.600991,0.078973,0.961331,0.045745,-0.018238,-0.41825,-0.28005759539236175,-0.4310055195584531,0.015118790496769409,-0.1354581522075867,-0.17661974940540737,0.10788922466350798,-0.005279577633808139,-0.005999520038403202,0.0002399808015361281,-1.168466522678242,-1.723062155027678,0.06887449004080048,-0.043002000000000096,0.050842999999999985,-0.9270160000000001,0.21930399999999994,-0.007647000000000001,-0.901889,0.26230600000000004,0.058489999999999986,0.02512700000000001,0.9866744010487214,0.24873,0.24873,0.013325598951278605,0.75127,-0.901889
538,2.241667,walk,0.599862,0.077175,0.961414,0.045713,-0.017899,-0.418509,-0.27093832493399994,-0.4314854811614827,0.019918406527463205,0.0818125995232634,-0.13449255655629547,0.14219420297604485,-0.0004799616030588834,0.008399328053756927,0.03743700503959536,-1.1797456203503076,-1.762658987280911,0.05303575713942537,-0.041874999999999996,0.052676,-0.926943,0.21551699999999996,-0.013193999999999997,-0.901751,0.25739199999999995,0.06587,0.025191999999999992,0.9360488810533621,0.24808000000000002,0.24808000000000002,0.06395111894663785,0.7519199999999999,-0.901751
539,2.245833,walk,0.598737,0.075409,0.961364,0.045931,-0.017897,-0.418809,-0.27004320691310896,-0.42390782525202625,-0.01200192030724751,-0.09522381815332435,-0.03679788852168928,0.16266699255195297,-0.007921267402798813,-0.006240998559768972,0.006961113778204621,-1.1567450792126466,-1.787806048967785,0.05880940950551979,-0.040783000000000014,0.05441599999999999,-0.926864,0.21182299999999998,-0.018876000000000004,-0.901456,0.252606,0.073292,0.025407999999999986,0.9795771339124506,0.24592000000000003,0.24592000000000003,0.020422866087549396,0.75408,-0.901456
540,2.25,walk,0.597675,0.073714,0.961456,0.046143,-0.017372,-0.419251,-0.25485961123111495,-0.4067674586033308,0.02207823374129714,0.012546939579825937,-0.2595889154121455,0.2469599896739759,-0.010799136069105781,-0.005519558435324285,0.008159347252220029,-1.1319894408447773,-1.805855531557557,0.13702903767699093,-0.03976599999999997,0.056088,-0.926922,0.20816800000000002,-0.024706,-0.900977,0.247934,0.080794,0.025944999999999996,0.9756380412241674,0.24055000000000004,0.24055000000000004,0.024361958775832582,0.75945,-0.900977
541,2.254167,walk,0.596467,0.071878,0.961501,0.045801,-0.017282,-0.419492,-0.28989680825534964,-0.44060475161989154,0.010799136069132425,0.16688628150113083,0.035764279563145415,0.12251338162302243,-0.013678905687539319,-0.00863930885529395,0.005039596832253694,-1.1821454283657813,-1.8159347252220661,0.09959203263739325,-0.038614999999999955,0.057887999999999995,-0.926946,0.20445000000000002,-0.030437,-0.900607,0.24306499999999998,0.08832499999999999,0.026339,0.9717576138806394,0.2366100000000001,0.2366100000000001,0.028242386119360585,0.7633899999999999,-0.900607
542,2.258333,walk,0.595403,0.070151,0.961457,0.046102,-0.017253,-0.419862,-0.25540086413824403,-0.4145463274123728,-0.010561689870389534,-0.1261628784791382,-0.06355881044769723,0.20160239014538586,0.0009601536245808668,0.01488238118099011,0.010321651464232659,-1.1790686509841317,-1.8487758041286102,0.062169947191549495,-0.037547,0.059676999999999994,-0.926859,0.20060199999999995,-0.03641200000000001,-0.900304,0.23814899999999994,0.09608900000000001,0.026554999999999995,0.969771993599194,0.23445,0.23445,0.03022800640080603,0.76555,-0.900304
543,2.2625,walk,0.594326,0.068432,0.961428,0.046084,-0.017128,-0.420293,-0.25845932325412263,-0.41252699784014724,-0.0069594432445536335,0.032229074794429054,-0.03957534580457053,0.22978638052973085,0.00095992320614441,-0.0002399808015361025,-0.006479481641468107,-1.2579793616509838,-1.7170626349890958,-0.000479961603072205,-0.036466,0.06139499999999999,-0.9268569999999999,0.19643699999999997,-0.04184800000000001,-0.900277,0.23290299999999997,0.103243,0.026579999999999937,0.9890756737191051,0.23420000000000002,0.23420000000000002,0.010924326280894903,0.7658,-0.900277
544,2.266667,walk,0.593307,0.066796,0.961472,0.046385,-0.016646,-0.420844,-0.24454043676506806,-0.3926085913127159,0.010559155267589635,-0.03493058829425958,-0.255986277191963,0.30560197474847905,0.004559635229179773,-0.0002399808015361281,-0.012958963282937596,-1.1291096712263438,-1.8308135349172903,0.16846652267819373,-0.035428000000000015,0.06303,-0.926955,0.192751,-0.047840999999999995,-0.899619,0.22817900000000002,0.110871,0.027336000000000027,0.9771003036424298,0.22664,0.22664,0.022899696357570165,0.77336,-0.899619
545,2.270833,walk,0.591896,0.064709,0.961062,0.044939,-0.018241,-0.420436,-0.3386941910705743,-0.5009601536245643,-0.09841574651944557,0.30844983452311203,0.9747939001493487,-0.2713654380709843,-0.0021603456553136125,0.0009601536245808668,-0.00528084493518977,-1.1228996639462177,-1.7892462794046555,0.20883341334613031,-0.034026,0.065121,-0.9265669999999999,0.18948399999999999,-0.053208000000000005,-0.898339,0.22351,0.118329,0.02822799999999992,0.9903568804663135,0.21771999999999997,0.21771999999999997,0.009643119533686462,0.7822800000000001,-0.898339
546,2.275,walk,0.591011,0.0632,0.961319,0.045187,-0.017161,-0.421443,-0.21238300935926688,-0.36213102951765425,0.06167506599473829,0.10900812182261052,-0.49395209451750377,0.5559901472012234,0.008399328053757822,0.0019198464122890248,-0.0023998080153579504,-1.1456683465323165,-1.8041756659468067,0.16054715622750984,-0.03310599999999997,0.066638,-0.926834,0.18559500000000007,-0.059217000000000006,-0.897927,0.21870100000000003,0.125855,0.028907000000000016,0.985093476399017,0.21093,0.21093,0.01490652360098299,0.7890699999999999,-0.897927
547,2.279167,walk,0.590017,0.061577,0.961435,0.04526,-0.016793,-0.422092,-0.2385409167266328,-0.3894888408927064,0.027837772978161247,0.04157007726976574,-0.15817423855907115,0.3511423759571412,-0.00479961603072205,0.0028797696184265694,0.005519558435323697,-1.215742740580683,-1.7401007919365392,0.12598992080632726,-0.03213200000000005,0.068273,-0.9269270000000001,0.181523,-0.064845,-0.897518,0.21365500000000004,0.133118,0.02940900000000002,0.9868983766465405,0.20590999999999998,0.20590999999999998,0.013101623353459546,0.79409,-0.897518
548,2.283333,walk,0.588984,0.059846,0.961405,0.045104,-0.016634,-0.422488,-0.24795967354780207,-0.415506481036998,-0.007201152184370593,0.0994282163761435,-0.027482541149551173,0.20955649322304185,0.0012001920307328738,-0.002880460873736245,0.004800768122901514,-1.152904464714446,-1.8077292366780116,0.1956313010081759,-0.031093999999999955,0.069992,-0.926877,0.17775300000000005,-0.070645,-0.8966729999999999,0.208847,0.140637,0.03020400000000001,0.9904569847640586,0.19796000000000008,0.19796000000000008,0.009543015235941366,0.8020399999999999,-0.8966729999999999
549,2.2875,walk,0.587952,0.058101,0.961324,0.044658,-0.016726,-0.422806,-0.24766018718499136,-0.4187664986800809,-0.01943844492440432,0.17485898176903292,0.13831066712602622,0.15854549103286963,0.0069594432445536335,0.0019198464122821594,-0.004559635229182618,-1.1389488840892101,-1.8029757619389348,0.18982481401486725,-0.030032999999999976,0.07174499999999999,-0.9268149999999999,0.17403899999999994,-0.076413,-0.895801,0.20407199999999992,0.14815799999999998,0.031013999999999986,0.9857687809977775,0.18986000000000003,0.18986000000000003,0.014231219002222462,0.81014,-0.895801
550,2.291667,walk,0.58691,0.056393,0.961332,0.044091,-0.016602,-0.423127,-0.25005999520039235,-0.4098872090232971,0.0019198464122890248,0.271443666131139,0.06904612527346862,0.16188349034821972,0.016318694504430065,0.00503959683225869,-0.013198944084473724,-1.14854811615075,-1.7960163186945868,0.2008639308855394,-0.028923000000000032,0.07347400000000001,-0.926878,0.17029499999999997,-0.082189,-0.894972,0.199218,0.155663,0.03190599999999999,0.9640251070766133,0.18094,0.18094,0.035974892923386736,0.81906,-0.894972
551,2.295833,walk,0.585903,0.054678,0.961354,0.044068,-0.016487,-0.423542,-0.24171867498801333,-0.41166586653863524,0.005280844935208092,0.03261615706555122,-0.03497670221746814,0.2213232460025694,-0.006000960153637079,-0.008401344215075922,-0.023763802208353134,-1.1000960153624288,-1.8022083533364848,0.2378780604896699,-0.027940999999999994,0.075154,-0.926999,0.16671900000000006,-0.087982,-0.8940030000000001,0.19466000000000006,0.163136,0.032995999999999914,0.9568171715331372,0.17004000000000002,0.17004000000000002,0.04318282846686283,0.82996,-0.8940030000000001
552,2.3,walk,0.584906,0.05299,0.961362,0.043381,-0.016522,-0.423991,-0.23926085913125994,-0.4050875929925779,0.0019198464122890248,0.29096797738642644,0.16575829207982629,0.2249633265929799,-0.016558675305972857,-0.009119270458366207,0.003839692824574719,-1.164626829853664,-1.8152147828174579,0.1963042956563563,-0.027013000000000065,0.07680399999999998,-0.926991,0.16286299999999998,-0.093858,-0.893193,0.18987600000000004,0.17066199999999998,0.033797999999999995,0.9678504336227378,0.16202000000000005,0.16202000000000005,0.032149566377262184,0.83798,-0.893193
553,2.304167,walk,0.583926,0.05126,0.961327,0.043031,-0.016482,-0.424156,-0.2351811855051673,-0.4151667866570427,-0.008399328053756927,0.1601389556584233,0.05777153658952756,0.08189610852123881,-0.0326373890088833,-0.00767938564914862,0.015358771298295574,-1.1310295176385121,-1.8135349172065134,0.27741780657545806,-0.026168999999999998,0.07850199999999999,-0.926892,0.1591300000000001,-0.099685,-0.8920020000000001,0.1852990000000001,0.17818699999999998,0.03488999999999998,0.9385349245266768,0.15110000000000007,0.15110000000000007,0.06146507547332325,0.8489,-0.8920020000000001
554,2.308333,walk,0.582868,0.049536,0.961138,0.042846,-0.016599,-0.424451,-0.2539606337013594,-0.4138262121939405,-0.04536725876139932,0.05610794107946416,0.09560987090675906,0.15108382619721483,-0.005760921747458551,-0.004560729716752455,-0.004080652904465352,-1.1356216994718942,-1.767162746039318,0.2359577532405115,-0.02513500000000002,0.080207,-0.9267200000000001,0.15545699999999996,-0.105323,-0.89083,0.18059199999999997,0.18553,0.03589000000000009,0.9859920456073135,0.14110000000000006,0.14110000000000006,0.014007954392686539,0.8589,-0.89083
555,2.3125,walk,0.581961,0.047887,0.961319,0.042251,-0.016287,-0.424879,-0.217662586993075,-0.3957283417326789,0.04343652507799256,0.3217792067556137,-0.004069183810620382,0.22145838751837862,0.006479481641468798,-0.006479481641468798,-0.014158867290616571,-1.1111111111111673,-1.754019678425805,0.2416606671466412,-0.024200999999999917,0.081829,-0.92696,0.15173400000000004,-0.110983,-0.890004,0.17593499999999995,0.19281199999999998,0.03695599999999999,0.9718910409874185,0.13044,0.13044,0.02810895901258148,0.86956,-0.890004
556,2.316667,walk,0.580952,0.046209,0.961426,0.041236,-0.016039,-0.425217,-0.24214062874969347,-0.40268778497721996,0.0256779457643324,0.49147640082255967,0.10706556179750792,0.16579100941464892,0.005039596832238707,-0.002159827213825153,-0.007199424046077182,-1.1406287497000778,-1.7129829613631704,0.17206623470123067,-0.023171000000000053,0.08349799999999999,-0.9270970000000001,0.14798999999999995,-0.116443,-0.889394,0.171161,0.19994099999999998,0.03770300000000004,0.9849174404968,0.12297000000000002,0.12297000000000002,0.015082559503200033,0.87703,-0.889394
557,2.320833,walk,0.579976,0.044449,0.961383,0.040961,-0.016097,-0.425281,-0.23427748439749163,-0.4224675948151583,-0.010321651464237655,0.10764481040654457,0.08271483694875187,0.028184383007951584,0.0002400384061518791,0.0009601536245808668,0.0016802688430148512,-1.146183389342257,-1.739558329332643,0.24555928948631017,-0.022194000000000047,0.08526199999999999,-0.927047,0.14419099999999996,-0.12193,-0.888328,0.166385,0.207192,0.03871899999999995,0.9967498646164821,0.11281000000000008,0.11281000000000008,0.003250135383517927,0.8871899999999999,-0.888328
558,2.325,walk,0.579026,0.042767,0.961055,0.041203,-0.016237,-0.425489,-0.22798176145907093,-0.40364770818332146,-0.0787137029037617,-0.13417068349154843,0.016301171167809422,0.11222583867630924,-0.00191984641228882,0.0028797696184332303,0.0028797696184298996,-1.1751859851211284,-1.6772258219341454,0.17566594672425387,-0.02125200000000005,0.086956,-0.926707,0.14024399999999992,-0.127237,-0.887268,0.16149599999999997,0.21419300000000002,0.039439,0.9924959351094702,0.10560999999999993,0.10560999999999993,0.0075040648905297935,0.89439,-0.887268
559,2.329167,walk,0.57801,0.041097,0.961015,0.041245,-0.016067,-0.42571,-0.24382049436046635,-0.4007679385649326,-0.009599232061445124,0.016201522845070898,-0.07716241067820158,0.12039526064661137,-0.004079673626120838,0.0033597312214991323,0.0047996160307192315,-1.1221502279818159,-1.7062634989201622,0.2428605711543185,-0.020253000000000076,0.08864,-0.926647,0.13658399999999993,-0.132677,-0.8862159999999999,0.156837,0.22131699999999999,0.040431000000000106,0.9881013720657101,0.09569,0.09569,0.011898627934289863,0.90431,-0.8862159999999999
560,2.333333,walk,0.577174,0.039325,0.961247,0.040917,-0.015675,-0.425769,-0.2006721075372146,-0.4253480556888992,0.05568891022563697,0.22274426871153058,-0.10182512397820782,0.032261575701903876,-0.002160345655286963,0.0012001920307260835,0.0036005760921732533,-1.0808929428708114,-1.640662506000917,0.259001440230429,-0.019425999999999943,0.090417,-0.9268639999999999,0.13291700000000006,-0.13774,-0.885369,0.152343,0.228157,0.04149499999999995,0.9927214732762764,0.08504999999999996,0.08504999999999996,0.007278526723723644,0.91495,-0.885369
561,2.3375,walk,0.576353,0.037593,0.961187,0.041855,-0.015518,-0.425956,-0.19702423806095468,-0.4156467482601576,-0.014398848092141042,-0.3759045079625345,-0.2551502665229962,0.11741332123884451,-0.001679865610746236,0.0038396928245780495,0.0021598272138234876,-1.148308135349234,-1.654667626589948,0.24046076313896056,-0.018611999999999962,0.09216500000000001,-0.926795,0.12895299999999998,-0.142903,-0.884307,0.14756499999999995,0.235068,0.04248800000000008,0.9921418755681961,0.07511999999999996,0.07511999999999996,0.007858124431803892,0.92488,-0.884307
562,2.341667,walk,0.57553,0.035895,0.96121,0.042622,-0.014928,-0.426168,-0.1975041996640192,-0.4074874010078941,0.005519558435323697,-0.21298939217045906,-0.40750118338394953,0.13527208362619028,-0.00191984641228882,0.0033597312214987745,0.0014398848092149498,-1.129829613630825,-1.7213822894167414,0.20950323974080767,-0.017796999999999952,0.09387699999999999,-0.926812,0.12506800000000007,-0.148378,-0.883457,0.14286500000000002,0.242255,0.04335499999999992,0.9931186902911462,0.06644999999999995,0.06644999999999995,0.006881309708853811,0.9335500000000001,-0.883457
563,2.345833,walk,0.574663,0.03423,0.961167,0.043714,-0.013879,-0.426285,-0.20811329812770518,-0.3996639462314303,-0.010321651464238754,-0.2600680516529714,-0.6753815549961774,0.09865804042825523,0.0,0.0031204992798881497,0.0012001920307262114,-1.131301008161414,-1.634421507441319,0.22851656265004078,-0.01693,0.09555500000000001,-0.926764,0.12122199999999994,-0.153522,-0.882462,0.13815199999999994,0.249077,0.044302000000000064,0.9944277531296211,0.056980000000000086,0.056980000000000086,0.0055722468703789385,0.94302,-0.882462
564,2.35,walk,0.573681,0.032504,0.961133,0.043632,-0.01369,-0.426142,-0.2356611471082262,-0.4142068634508983,-0.008159347252214164,0.07484646097391498,-0.06867483210071686,-0.07393199665491752,-0.0011999040076871733,0.0033597312214987745,0.0009599232061427448,-1.0947924166065939,-1.636429085673048,0.23350131989439463,-0.015952999999999995,0.09729499999999999,-0.926726,0.11764200000000002,-0.158615,-0.881455,0.13359500000000002,0.25590999999999997,0.04527100000000006,0.9938425708669958,0.047290000000000054,0.047290000000000054,0.006157429133004211,0.95271,-0.881455
565,2.354167,walk,0.572677,0.030715,0.961074,0.043479,-0.01395,-0.42593,-0.24094072474203282,-0.42932565394770356,-0.014158867290624896,0.013933474389812373,0.13892471848995117,-0.11944972302443901,-0.0009599232061445124,0.003119750419969665,0.0011999040076789752,-1.1166306695464916,-1.6210703143749268,0.22438204943605664,-0.014952999999999994,0.09909700000000002,-0.926662,0.11399300000000001,-0.163581,-0.8804609999999999,0.128946,0.262678,0.04620100000000005,0.9942039129884801,0.03798999999999997,0.03798999999999997,0.0057960870115199015,0.96201,-0.8804609999999999
566,2.358333,walk,0.572066,0.028888,0.961083,0.043281,-0.014117,-0.425887,-0.14666346615458747,-0.438550168026872,0.0021603456553136125,0.05201978419388755,0.11185294646271125,-0.028986152772592137,0.008161305808924043,0.005040806529042888,0.0,-1.1173787806048576,-1.5842534805568445,0.2361977916466567,-0.014307999999999987,0.10094500000000001,-0.926671,0.10994900000000007,-0.168354,-0.879486,0.12425700000000006,0.269299,0.04718500000000003,0.9840124490297035,0.028149999999999953,0.028149999999999953,0.01598755097029647,0.9718500000000001,-0.879486
567,2.3625,walk,0.571227,0.027084,0.961,0.043298,-0.013618,-0.425814,-0.20134389248859166,-0.4329253659707421,-0.01991840652749197,0.09500510996122175,-0.22169610530674327,-0.029764833477301803,0.025677945764359045,0.004799616030715901,-0.012239020878329211,-1.0895128389729292,-1.5997120230382313,0.21886249100072902,-0.013361999999999985,0.102769,-0.926639,0.10624800000000001,-0.173216,-0.8784909999999999,0.11961,0.27598500000000004,0.04814800000000008,0.951920585232467,0.018520000000000036,0.018520000000000036,0.04807941476753297,0.9814799999999999,-0.8784909999999999
568,2.366667,walk,0.570385,0.025401,0.96109,0.042072,-0.01327,-0.425362,-0.20206383489319849,-0.4038876889848567,0.021598272138235904,0.6056536287782049,0.08842848035135255,-0.2532335352878052,0.022318214542810907,0.00383969282457764,-0.013678905687544521,-1.0875929925605508,-1.5778737700982954,0.20110391168705408,-0.012427000000000077,0.104468,-0.926786,0.10255799999999993,-0.17810800000000002,-0.8777429999999999,0.114985,0.28257600000000005,0.04904300000000006,0.9559054550433961,0.009569999999999967,0.009569999999999967,0.04409454495660392,0.99043,-0.8777429999999999
569,2.370833,walk,0.56939,0.023655,0.961098,0.041384,-0.013239,-0.425085,-0.23883821411427075,-0.41910705712912943,0.0019203072491617336,0.3064052117084256,0.12041424879794646,-0.15704639111013483,0.004080652904475346,0.007201152184343176,0.0004800768122904334,-1.093134901584211,-1.558809409505478,0.1761881901104125,-0.011414999999999953,0.10624399999999999,-0.9267920000000001,0.09899900000000006,-0.18285600000000002,-0.877017,0.11041400000000001,0.2891,0.049775000000000014,0.9861818562656665,0.0022500000000000298,0.0022500000000000298,0.013818143734333543,0.9977499999999999,-0.877017
570,2.375,walk,0.568479,0.021867,0.961035,0.041138,-0.01298,-0.424845,-0.21862251019919288,-0.4290856731461674,-0.015118790496769409,0.16060849223859502,-0.06778032206132717,-0.12667893452832968,-0.0014398848092034469,0.003119750419969665,0.003119750419966335,-1.0890328773698703,-1.5224382049436713,0.1883849292056707,-0.010509999999999908,0.108045,-0.926716,0.09537200000000001,-0.187412,-0.876169,0.10588199999999992,0.29545699999999997,0.05054700000000001,0.9922649869587203,0.0,0.0,0.007735013041279659,1.0,-0.876169
571,2.379167,walk,0.567555,0.020077,0.960961,0.041257,-0.013059,-0.424263,-0.22174226061914257,-0.42956563474923964,-0.017758579313660157,-0.06612851407146277,-0.003127789979443232,-0.30764612809370767,0.00047996160305893454,0.0043196544276436445,0.003359731221502463,-1.0931125509959645,-1.5161987041037386,0.18118550515959686,-0.009584000000000037,0.10985299999999999,-0.926628,0.09174099999999996,-0.19194,-0.87534,0.101325,0.301793,0.051288,0.9908443139410815,0.0,0.0,0.009155686058918477,1.0,-0.87534
572,2.383333,walk,0.566551,0.018262,0.961006,0.040668,-0.012958,-0.42391,-0.2409985597695577,-0.43566970715313275,0.010801728276541413,0.27796338369745616,0.06790153815148801,-0.1944896412311579,-0.0009601536245808668,0.004800768122904334,0.0014402304368696345,-1.0780124819970955,-1.4272683629380327,0.21459433509360717,-0.008584000000000036,0.11168800000000001,-0.926667,0.08825399999999994,-0.196071,-0.874491,0.09683799999999998,0.307759,0.052176,0.9914945224734005,0.0,0.0,0.00850547752659947,1.0,-0.874491
573,2.3875,walk,0.565508,0.016476,0.960995,0.039952,-0.012861,-0.423607,-0.25029997600190845,-0.4286057115430503,-0.002639788816890467,0.33216889405861716,0.09655573118235503,-0.1697340973732439,0.00191984641228882,0.0033597312214987745,0.0,-1.116150707943287,-1.4002879769617593,0.20014398848090967,-0.007533000000000012,0.11348799999999999,-0.926656,0.084646,-0.20012,-0.873646,0.09217900000000001,0.313608,0.05301,0.9935507097445851,0.0,0.0,0.006449290255414852,1.0,-0.873646
574,2.391667,walk,0.564568,0.014592,0.960915,0.03964,-0.013497,-0.423176,-0.22558195344374726,-0.45212383009361323,-0.01919846412289025,0.007484211418778556,0.33011583999664806,-0.2431896891761351,0.0026397888168907483,0.0014398848092167685,0.0002399808015361281,-1.0667146628270303,-1.4425245980322206,0.1725461963043029,-0.006581999999999977,0.11537800000000001,-0.9265749999999999,0.08114100000000002,-0.20424699999999998,-0.8728469999999999,0.087723,0.319625,0.053728,0.9949724801656006,0.0,0.0,0.005027519834399419,1.0,-0.8728469999999999
575,2.395833,walk,0.563668,0.01269,0.960841,0.039228,-0.013693,-0.422573,-0.2160345655304818,-0.45655304848774575,-0.01776284205473271,0.14094314051696089,0.15546452238705144,-0.3287452686132413,0.0031204992798944792,0.0021603456553069503,-0.0009601536245808668,-1.075852136341782,-1.4239078252520063,0.14690350456072604,-0.005668999999999924,0.117289,-0.9265049999999999,0.07755900000000004,-0.20827700000000002,-0.872161,0.08322799999999997,0.325566,0.05434399999999995,0.9934751534524171,0.0,0.0,0.0065248465475828965,1.0,-0.872161
576,2.4,walk,0.56277,0.010791,0.960653,0.038889,-0.013923,-0.421956,-0.21550275977921657,-0.4557235421166514,-0.045116390688738794,0.10223722622239857,0.1551191925508489,-0.33531589745027135,0.00215982721380517,0.00239980801535462,-0.00047996160307059096,-1.013198944084507,-1.4310055195584996,0.15310775137989652,-0.004762000000000044,0.119198,-0.926319,0.07423500000000005,-0.212341,-0.871335,0.0789970000000001,0.33153900000000003,0.05498400000000003,0.99455984700877,0.0,0.0,0.005440152991230018,1.0,-0.871335
577,2.404167,walk,0.561948,0.008863,0.960514,0.038501,-0.014089,-0.421459,-0.19726421886247644,-0.46268298536114316,-0.033357331413484945,0.13631099387199783,0.13981659241612682,-0.2715521613259975,0.00551955843535034,0.002399808015361025,-0.0002399808015361025,-1.0611951043915928,-1.4235661147107348,0.11447084233260767,-0.003916999999999948,0.12113600000000001,-0.9261809999999999,0.070635,-0.216345,-0.870719,0.07455199999999995,0.33748100000000003,0.0554619999999999,0.9899608828109263,0.0,0.0,0.010039117189073687,1.0,-0.870719
578,2.408333,walk,0.56125,0.006964,0.960367,0.038337,-0.014327,-0.420963,-0.1675468074892059,-0.45583293326935914,-0.035285645703317305,0.024122113308188916,0.12594771468700192,-0.2683678706658667,0.002400384061439098,0.0014402304368714535,-0.0009601536245809691,-1.0470475276044942,-1.4366298607778358,0.0640902544407164,-0.0032090000000000174,0.12304100000000001,-0.9260379999999999,0.066971,-0.220431,-0.870305,0.07018000000000002,0.343472,0.05573299999999992,0.9950676796263778,0.0,0.0,0.004932320373622234,1.0,-0.870305
579,2.4125,walk,0.560491,0.005069,0.960209,0.03827,-0.014345,-0.420533,-0.1821454283657353,-0.45476361891045947,-0.03791696664266423,0.02626276182636336,0.012064476348381299,-0.22862052440161076,0.00479961603072205,0.002639788816890467,-0.0016798656107510524,-1.130789536836996,-1.4312455003598834,0.032157427405804434,-0.002429999999999932,0.12494699999999999,-0.925887,0.06301800000000002,-0.22449999999999998,-0.8700129999999999,0.06544799999999995,0.34944699999999995,0.05587400000000009,0.9904508948193608,0.0,0.0,0.009549105180639228,1.0,-0.8700129999999999
580,2.416667,walk,0.559711,0.003155,0.960232,0.037522,-0.013673,-0.420335,-0.1871850251979934,-0.4593232541396898,0.005519558435324285,0.4621264589720282,-0.14591422281557592,-0.10598635126363899,0.004079673626094195,0.0011999040076806405,-0.0019198464122873594,-1.0280777537797336,-1.3124550035997724,0.10751139908807882,-0.0016329999999999956,0.126866,-0.925918,0.05951400000000007,-0.22805499999999998,-0.869588,0.06114700000000006,0.354921,0.05632999999999999,0.9922237332632716,0.0,0.0,0.007776266736728377,1.0,-0.869588
581,2.420833,walk,0.558882,0.001229,0.960056,0.037452,-0.013716,-0.420071,-0.1989918386941781,-0.4623139702352249,-0.04224675948150484,0.022286584292968283,0.027268970232780503,-0.14114521452408713,0.005280844935208092,0.003120499279887817,-0.0004800768122887678,-1.0151224195871154,-1.32285165626497,0.05424867978876567,-0.0007819999999999494,0.128805,-0.925744,0.056114,-0.23164,-0.869186,0.05689599999999995,0.360445,0.056558,0.9897455547943572,0.0,0.0,0.010254445205642782,1.0,-0.869186
582,2.425,walk,0.558084,-0.000759,0.959885,0.037347,-0.014118,-0.419661,-0.1915046796256304,-0.47708183345334554,-0.0410367170626446,-0.0346804449984303,0.187488664050352,-0.22422908698905536,0.005039596832238707,0.0035997120230352605,-0.0019198464122873594,-1.069354451643921,-1.2663786897048823,0.06167506599472164,3.6999999999953737e-05,0.130808,-0.925581,0.05245599999999995,-0.234929,-0.868758,0.05241899999999999,0.365737,0.05682299999999996,0.9891934596543641,0.0,0.0,0.010806540345635884,1.0,-0.868758
583,2.429167,walk,0.55732,-0.002733,0.95973,0.037196,-0.01446,-0.419385,-0.18334533237339581,-0.4737221022317926,-0.037197024238062586,-0.0027241499328455815,0.17344189545741126,-0.15326047080605298,0.004079673626120404,0.00095992320614441,-0.0026397888168954624,-1.0475161987040285,-1.2464602831772709,0.06623470122389769,0.0008179999999999854,0.13278600000000002,-0.925437,0.04885499999999998,-0.238149,-0.868327,0.048036999999999996,0.370935,0.057109999999999994,0.991744753443489,0.0,0.0,0.008255246556510998,1.0,-0.868327
584,2.433333,walk,0.556503,-0.00473,0.959513,0.037049,-0.014905,-0.419098,-0.19611137782046215,-0.47935669707151823,-0.052088334133465385,-0.025244754757828194,0.21731372188257075,-0.1603007917512458,0.004080652904448696,0.0012001920307260835,0.0004800768122904334,-1.0048007681228777,-1.2493999039846002,0.021603456553049516,0.0016519999999999868,0.13478800000000002,-0.925218,0.045486000000000026,-0.241357,-0.8680199999999999,0.04383400000000004,0.376145,0.05719800000000008,0.9928658367338514,0.0,0.0,0.007134163266148574,1.0,-0.8680199999999999
585,2.4375,walk,0.555686,-0.006775,0.959297,0.036694,-0.01537,-0.418912,-0.19606431485481016,-0.49076073914089113,-0.05183585313175038,0.06133895118081766,0.269875933403164,-0.11049137224068986,0.004559635229179773,0.0019198464122823639,-0.0004799616030722562,-1.0100791936645575,-1.2039836813055491,0.04703623710103448,0.0024879999999999347,0.136841,-0.9250039999999999,0.042093999999999965,-0.244329,-0.8676079999999999,0.03960600000000003,0.38117,0.057396,0.991715736670189,0.0,0.0,0.008284263329811026,1.0,-0.8676079999999999
586,2.441667,walk,0.554842,-0.008819,0.959122,0.036476,-0.015484,-0.418711,-0.2025437964963056,-0.49052075833935543,-0.041996640268762465,0.07227443459806669,0.08918930102428439,-0.11123735401394483,0.0026397888169173915,0.0016798656107528966,-0.00047996160307059096,-0.998800095992366,-1.1963042956564063,0.023998080153586166,0.003343000000000096,0.138892,-0.9248310000000001,0.03877600000000003,-0.24727000000000002,-0.867333,0.03543299999999994,0.386162,0.05749800000000005,0.9947240596918826,0.0,0.0,0.0052759403081173994,1.0,-0.867333
587,2.445833,walk,0.554015,-0.010878,0.958914,0.03629,-0.01587,-0.418544,-0.19851176188187433,-0.4942390782525069,-0.049927988478151775,0.003545980502525836,0.20200722768007773,-0.09655814830506669,0.0019203072491617336,0.002400384061452167,0.001200192030724418,-0.9687950072011086,-1.1845895343254518,0.010801728276524758,0.004178000000000015,0.140961,-0.924618,0.035567000000000015,-0.250146,-0.8670800000000001,0.031389,0.391107,0.05753799999999998,0.994500029170716,0.0,0.0,0.0054999708292839955,1.0,-0.8670800000000001
588,2.45,walk,0.553191,-0.012965,0.958704,0.036141,-0.016023,-0.41821,-0.19774418046556197,-0.5008399328053451,-0.05039596832254156,0.03434234549272409,0.0895475897924112,-0.18079065216863138,0.00503959683223817,0.0014398848092166152,0.0007199424046083076,-0.9800815934724835,-1.1598272138228312,-0.010559155267578519,0.005023,0.14305400000000001,-0.924405,0.032306999999999975,-0.252892,-0.866914,0.027283999999999975,0.395946,0.05749100000000007,0.9911825423226182,0.0,0.0,0.008817457677381846,1.0,-0.866914
589,2.454167,walk,0.5524,-0.015051,0.958505,0.035969,-0.016301,-0.41814,-0.18982481401488416,-0.5005999520038624,-0.04775617950562954,0.019166338035620196,0.1541346472729751,-0.04345886805480992,0.001679865610746236,0.002159827213818492,0.00047996160307059096,-0.9565634749220341,-1.1293496520278865,-0.02471802255819455,0.005820999999999965,0.145149,-0.924204,0.029112000000000027,-0.255512,-0.8668180000000001,0.02329100000000006,0.400661,0.05738599999999994,0.995370035636044,0.0,0.0,0.004629964363956018,1.0,-0.8668180000000001
590,2.458333,walk,0.551579,-0.017184,0.958257,0.03572,-0.016715,-0.418108,-0.19707153144501635,-0.5120019203072355,-0.05952952472396044,0.025421671717263283,0.2296704451144759,-0.026451871141062247,0.0031204992798944792,0.0002400384061452167,0.0004800768122904334,-0.9356697071531352,-1.1075372059529238,-0.05640902544406929,0.0066549999999999665,0.147283,-0.923954,0.02603499999999992,-0.25799300000000003,-0.866805,0.019379999999999953,0.40527599999999997,0.057149000000000005,0.9947227932635969,0.0,0.0,0.005277206736403084,1.0,-0.866805
591,2.4625,walk,0.550773,-0.019268,0.958127,0.034918,-0.01688,-0.418183,-0.19342452603794605,-0.5001199904007906,-0.03119750419968333,0.31672619185807827,0.23414730742327974,0.02461001492441245,0.0023998080153479593,0.0,0.0014398848092151033,-0.934005279577678,-1.089032877369857,-0.07007439404847947,0.007471000000000005,0.149367,-0.9238179999999999,0.022948999999999997,-0.260447,-0.8669669999999999,0.015477999999999992,0.409814,0.056850999999999985,0.9953356116352086,0.0,0.0,0.004664388364791439,1.0,-0.8669669999999999
592,2.466667,walk,0.550018,-0.021534,0.95768,0.035375,-0.017645,-0.418025,-0.18118550515956425,-0.5437964962802646,-0.10727141828652459,-0.35321504033298806,0.23852278153627912,-0.08596875135173657,0.003599712023034877,0.0011999040076805126,0.001919846412287155,-0.9066474682024761,-1.0830333573313449,-0.10583153347731797,0.008240999999999943,0.151638,-0.9233629999999999,0.019926,-0.262694,-0.866961,0.011685000000000056,0.414332,0.05640199999999995,0.9929125489374213,0.0,0.0,0.007087451062578687,1.0,-0.866961
593,2.470833,walk,0.549164,-0.023647,0.95743,0.035101,-0.017528,-0.418148,-0.20499279884783703,-0.5072011521843898,-0.06000960153624394,0.14315812562755348,0.0064714752612451965,0.062087853330076194,0.003120499279894812,-0.00048007681229048457,0.0007201152184357268,-0.9001440230437657,-1.05280844935198,-0.12698031685070324,0.009108000000000005,0.153749,-0.92311,0.01702999999999999,-0.26496699999999995,-0.86724,0.007921999999999985,0.418716,0.055869999999999975,0.9946028414293193,0.0,0.0,0.005397158570680682,1.0,-0.86724
594,2.475,walk,0.548327,-0.025794,0.957308,0.034303,-0.017484,-0.418393,-0.20086393088551133,-0.5152387808974968,-0.02927765778736454,0.35711996833070925,0.1457980624974659,0.11700129167085681,0.0023998080153477034,0.0011999040076805126,0.0009599232061427448,-0.8528917686584424,-1.0489560835132583,-0.14926805855530922,0.009954999999999936,0.155901,-0.922984,0.01431300000000002,-0.267191,-0.8677400000000001,0.004358000000000084,0.423092,0.05524399999999996,0.9952506431137509,0.0,0.0,0.004749356886249112,1.0,-0.8677400000000001
595,2.479167,walk,0.547574,-0.028116,0.956991,0.034376,-0.018054,-0.418267,-0.1807055435565246,-0.5572354211663316,-0.07607391408687933,-0.14659054173633554,0.23115533979719982,-0.07248587065371119,0.002159827213831814,0.0014398848092167685,0.0021598272138234876,-0.8420926325894276,-1.041276697864214,-0.18478521718263213,0.010716999999999977,0.158229,-0.922658,0.01155700000000004,-0.269208,-0.868193,0.0008400000000000629,0.42743699999999996,0.054464999999999986,0.9943719513320941,0.0,0.0,0.005628048667905894,1.0,-0.868193
596,2.483333,walk,0.546805,-0.030371,0.956764,0.033839,-0.018271,-0.418415,-0.18458953432549174,-0.5412866058569223,-0.054488718194930875,0.190787579767485,0.20527135006956745,0.06688560588186496,0.003840614498323467,-0.0004800768122904334,0.0014402304368696345,-0.8058089294286996,-1.0108017282765014,-0.18867018722995044,0.011502000000000012,0.160482,-0.9224249999999999,0.008969000000000005,-0.271164,-0.868752,0.0025330000000000075,0.431646,0.05367299999999997,0.9931170385125222,0.0,0.0,0.006882961487477801,1.0,-0.868752
597,2.4875,walk,0.546008,-0.032525,0.956608,0.033251,-0.01798,-0.418641,-0.19126469882408761,-0.5169186465083029,-0.037437005039582694,0.31528280809676185,-0.004320184020697141,0.11326377255026411,0.004079673626120838,0.0007199424046083842,0.0011999040076789752,-0.7717782577394153,-0.9932805375570417,-0.20350371970243347,0.012315999999999994,0.162639,-0.922264,0.006549999999999945,-0.273149,-0.869444,0.005766000000000049,0.435788,0.05281999999999998,0.9928116947621572,0.0,0.0,0.0071883052378427514,1.0,-0.869444
598,2.491667,walk,0.545264,-0.034756,0.95627,0.03347,-0.01788,-0.418687,-0.17854571634270042,-0.5353971682265102,-0.08111351091913604,-0.07531529723235261,-0.0865868712689191,0.02894397631070937,0.00191984641228882,-0.0002399808015361025,0.003119750419966002,-0.7535397168226159,-0.9426445884328648,-0.22366210703142442,0.01306800000000008,0.16486900000000002,-0.921913,0.004153999999999991,-0.274846,-0.870038,0.008914000000000089,0.43971499999999997,0.051875000000000004,0.9938816660504036,0.0,0.0,0.006118333949596377,1.0,-0.870038
599,2.495833,walk,0.54454,-0.037035,0.955899,0.033553,-0.018133,-0.418447,-0.17378780604895033,-0.5470475276044009,-0.08905424867976212,-0.0874287338885572,0.08878965893628644,-0.1283970032674014,0.0026404224675907213,0.0002400384061452167,0.004080652904465352,-0.6994719155064552,-0.9164666346615179,-0.22779644743158411,0.01380300000000001,0.167149,-0.921525,0.0019639999999999658,-0.276385,-0.8706160000000001,0.011839000000000044,0.443534,0.05090899999999998,0.9918894483386517,0.0,0.0,0.00811055166134833,1.0,-0.8706160000000001
600,2.5,walk,0.543782,-0.039325,0.955675,0.033204,-0.018021,-0.418753,-0.1819054475642119,-0.5495560355171838,-0.05375569954403941,0.1751301557592892,0.02733703121920368,0.15734605851548944,0.0038396928245780495,-0.0014398848092167685,0.0021598272138218222,-0.6503479721622544,-0.8804895608351814,-0.2335013198944195,0.014577000000000062,0.169433,-0.921292,1.2000000000012001e-05,-0.277764,-0.8713650000000001,0.01456500000000005,0.447197,0.049926999999999944,0.9922753348068788,0.0007300000000000084,0.0007300000000000084,0.007724665193121205,0.99927,-0.8713650000000001
601,2.504167,walk,0.543026,-0.041609,0.955501,0.032517,-0.018181,-0.418845,-0.18142548596112634,-0.5481161507079687,-0.04175665946724632,0.26747541562412447,0.2094009462555257,0.03579249007079568,0.003119750419949683,0.0007199424046083842,0.002879769618431872,-0.6210703143748867,-0.8605711543076894,-0.27045836333094325,0.01534599999999997,0.17172,-0.9211060000000001,-0.0018200000000000438,-0.279066,-0.872318,0.017166000000000015,0.450786,0.048788000000000054,0.9928228307955843,0.012119999999999964,0.012119999999999964,0.00717716920441569,0.9878800000000001,-0.872318
602,2.508333,walk,0.542228,-0.043967,0.955227,0.032219,-0.018167,-0.418952,-0.19155064810368305,-0.5660105616898546,-0.06577052328372275,0.13295576086759672,0.055825203386686124,0.051864500770347086,0.0004800768123037582,0.0026404224675907213,0.006721075372059405,-0.574891982717201,-0.8300528084493332,-0.27148343734997027,0.016145999999999994,0.174089,-0.9208040000000001,-0.0034170000000000034,-0.280166,-0.873175,0.019562999999999997,0.45425499999999996,0.04762900000000003,0.9879382193697552,0.023710000000000064,0.023710000000000064,0.012061780630244767,0.9762899999999999,-0.873175
603,2.5125,walk,0.541466,-0.046331,0.954938,0.031979,-0.018171,-0.419125,-0.18286537077033693,-0.5673146148307785,-0.069354451643887,0.10409815471148495,0.05330425056598754,0.08765572107851269,0.0023998080153477034,0.0002399808015361025,0.004079673626108747,-0.5380369570434222,-0.7861771058314858,-0.2889368850491777,0.01691799999999999,0.176454,-0.9204979999999999,-0.00489700000000004,-0.281078,-0.8740899999999999,0.02181500000000003,0.457532,0.046408000000000005,0.9921012648355716,0.03591999999999995,0.03591999999999995,0.007898735164428405,0.96408,-0.8740899999999999
604,2.516667,walk,0.540708,-0.048719,0.954602,0.031705,-0.018327,-0.419442,-0.1819054475642119,-0.573074154067701,-0.08063354931605911,0.0885374906606185,0.1291299194454491,0.16140487914540846,0.0019198464122890248,-0.0014398848092101078,0.004559635229181438,-0.499400047996183,-0.7314614830813857,-0.2860571154307783,0.017684000000000033,0.178836,-0.9201429999999999,-0.006220000000000003,-0.281738,-0.874946,0.023904000000000036,0.46057400000000004,0.04519699999999993,0.9914123227927445,0.04802999999999996,0.04802999999999996,0.008587677207255506,0.95197,-0.874946
605,2.520833,walk,0.539974,-0.051128,0.954323,0.03122,-0.018356,-0.419669,-0.17618819011041584,-0.578252520403249,-0.06697071531442884,0.2060115628264964,0.11451913097661517,0.11185863688935538,0.0033605376860197087,0.00072011521843565,0.005040806529044554,-0.49255880940947827,-0.7198751800287786,-0.3252520403264455,0.018432000000000004,0.18124800000000002,-0.9198430000000001,-0.007537999999999934,-0.28232799999999997,-0.8760220000000001,0.025969999999999938,0.463576,0.043821,0.9898317610600678,0.06179000000000001,0.06179000000000001,0.01016823893993224,0.93821,-0.8760220000000001
606,2.525,walk,0.538851,-0.053964,0.954111,0.030963,-0.019274,-0.418768,-0.26949844012479873,-0.6805855531557782,-0.05087592992560587,-0.07490444262015698,0.4343059627905485,-0.48980568009703096,0.0019198464122890248,0.0011999040076739796,0.0047996160307192315,-0.4014878809695493,-0.6681065514759145,-0.38588912886970766,0.019562999999999997,0.184089,-0.9196110000000001,-0.008087999999999984,-0.28227599999999997,-0.877418,0.02765099999999998,0.466365,0.042193000000000036,0.9911553698154146,0.07807000000000008,0.07807000000000008,0.008844630184585367,0.9219299999999999,-0.877418
607,2.529167,walk,0.538042,-0.056471,0.953841,0.030562,-0.019471,-0.419002,-0.19414446844250044,-0.6016318694504079,-0.06479481641468107,0.13574750937795857,0.1707752557135632,0.1149666565492473,0.0011999040076871733,-0.000479961603072205,0.005519558435323697,-0.4038876889848542,-0.62131029517635,-0.3738900887928747,0.02037699999999998,0.18659399999999998,-0.9193180000000001,-0.008962000000000026,-0.282358,-0.8787060000000001,0.029339000000000004,0.468952,0.04061199999999998,0.9905519463954737,0.09388000000000007,0.09388000000000007,0.009448053604526274,0.9061199999999999,-0.8787060000000001
608,2.533333,walk,0.537206,-0.058984,0.953471,0.030534,-0.019473,-0.419235,-0.200672107537236,-0.6032165146423909,-0.08881421027367302,0.012401316831228956,0.010922191418983243,0.12271673902527995,0.0012001920307328738,0.002640422467597665,0.005760921747480818,-0.39534325492080763,-0.6130580892943358,-0.3761401824292182,0.02121800000000007,0.189118,-0.918924,-0.00977299999999992,-0.282399,-0.879903,0.03099099999999999,0.47151699999999996,0.03902099999999997,0.9892502569670729,0.10979000000000011,0.10979000000000011,0.010749743032927084,0.89021,-0.879903
609,2.5375,walk,0.536398,-0.061568,0.953103,0.030301,-0.019802,-0.419423,-0.1939044876409577,-0.6201103911686677,-0.08831293496517915,0.035744569310281145,0.19368892490663422,0.09216053812830356,0.0004799616030588834,0.0026397888168971278,0.005519558435323697,-0.3474922006239301,-0.5305975521957964,-0.3945284377249562,0.022027999999999937,0.19171300000000002,-0.918533,-0.010413000000000006,-0.282026,-0.881179,0.03244099999999994,0.473739,0.037354,0.9897714488020624,0.12645999999999996,0.12645999999999996,0.010228551197937641,0.87354,-0.881179
610,2.541667,walk,0.535591,-0.06414,0.952738,0.03024,-0.020079,-0.419829,-0.1936645068394622,-0.6172306215503053,-0.08759299256061348,-0.02813877838519602,0.14060336924353872,0.210798152972334,-0.0007199424046017234,0.0033597312214991323,0.010079193664507389,-0.30525557955366184,-0.502519798416146,-0.4228461723062347,0.022831999999999963,0.194299,-0.918126,-0.010878000000000054,-0.281548,-0.882576,0.03371000000000002,0.475847,0.03554999999999997,0.9822520536498425,0.14449999999999996,0.14449999999999996,0.01774794635015753,0.8555,-0.882576
611,2.545833,walk,0.534709,-0.066707,0.95235,0.030447,-0.020105,-0.420123,-0.21171387421988125,-0.616178588574155,-0.09313490158423747,-0.09461858389246816,-0.024745024854221743,0.15864016638308073,-0.0052808449351814425,0.0033605376860330336,0.006961113778204621,-0.2887662025923959,-0.45199231877099666,-0.47647623619777874,0.023692000000000046,0.19688,-0.917709,-0.011198999999999959,-0.280864,-0.884173,0.034891000000000005,0.47774400000000006,0.03353600000000001,0.9843975036005816,0.16464,0.16464,0.015602496399418353,0.83536,-0.884173
612,2.55,walk,0.533827,-0.069352,0.952066,0.030072,-0.020248,-0.420296,-0.21166306695463852,-0.6347492200624227,-0.0681545476362071,0.135010392139863,0.14105285127029202,0.08369576070806276,-0.003119750419976326,0.0038396928245713886,0.008159347252220029,-0.25845932325415016,-0.41276697864172734,-0.4864410847132454,0.024560999999999944,0.199541,-0.917391,-0.011394000000000015,-0.27993900000000005,-0.8859159999999999,0.03595499999999996,0.47948,0.03147500000000003,0.9840965559938597,0.18524999999999997,0.18524999999999997,0.0159034440061403,0.8147500000000001,-0.8859159999999999
613,2.554167,walk,0.532997,-0.072008,0.95168,0.03017,-0.020491,-0.420689,-0.19918406527476526,-0.6373890088792522,-0.09263258939284232,-0.09061736716581985,0.09351381627494315,0.2071957045467343,-0.0028797696184332303,0.004319654427643185,0.008879289656827468,-0.2083033357331505,-0.3822894168466183,-0.48188144948401096,0.02537899999999993,0.20221499999999998,-0.916968,-0.011432000000000109,-0.27887599999999996,-0.8875379999999999,0.03681100000000004,0.48109099999999994,0.029430000000000067,0.9828572762245131,0.2057,0.2057,0.017142723775486868,0.7943,-0.8875379999999999
614,2.558333,walk,0.532128,-0.074731,0.951376,0.029767,-0.020598,-0.421148,-0.20859337493998675,-0.6536245799327721,-0.07297167546806592,0.15535544082416677,0.1365902584349148,0.23502818230839714,-0.0033605376860197087,0.004800768122904334,0.009361497839653458,-0.168987037926046,-0.33101296207392733,-0.47431589054247514,0.02623399999999998,0.20495800000000003,-0.916625,-0.011267000000000027,-0.277532,-0.8892100000000001,0.03750100000000001,0.48249,0.027414999999999967,0.9815927075206825,0.22585,0.22585,0.018407292479317494,0.77415,-0.8892100000000001
615,2.5625,walk,0.531399,-0.077279,0.951066,0.030307,-0.02006,-0.422142,-0.17494600431968418,-0.6114710823134416,-0.0743940484761331,-0.12299702003954352,-0.32434109593026045,0.5399888190193483,-0.0023998080153746024,0.0033597312214991323,0.01127909767218803,-0.133429325653954,-0.28773698104153117,-0.4494840412767183,0.026953000000000005,0.20751999999999998,-0.916268,-0.011093999999999937,-0.276183,-0.8907729999999999,0.03804699999999994,0.483703,0.025495000000000045,0.979981611461089,0.24505000000000005,0.24505000000000005,0.020018388538911025,0.75495,-0.8907729999999999
616,2.566667,walk,0.53058,-0.079926,0.950692,0.030299,-0.019948,-0.422905,-0.1965442764578691,-0.6352291816654949,-0.08975281977441865,0.028381906023750625,-0.03257361760321626,0.40478805405111545,-0.002879769618433537,0.005039596832252029,0.009359251259899004,-0.11063114950805514,-0.2498200143988629,-0.4132469402447996,0.027759999999999896,0.21018799999999999,-0.915855,-0.010736000000000079,-0.274577,-0.8921209999999999,0.038495999999999975,0.484765,0.023734000000000033,0.9816449981512139,0.26266,0.26266,0.018355001848786134,0.73734,-0.8921209999999999
617,2.570833,walk,0.529496,-0.08324,0.949892,0.029214,-0.022183,-0.421963,-0.26020163226117504,-0.795487277964452,-0.1920307249159868,0.014999464260978644,1.1740518273000664,-0.538254116142041,-0.004800768122877684,0.006240998559768972,0.01056168987037954,-0.12313970235236957,-0.22587614018241572,-0.38286125780123753,0.028824000000000072,0.213528,-0.9150109999999999,-0.01016499999999998,-0.272204,-0.8929159999999999,0.03898900000000005,0.48573199999999994,0.022094999999999976,0.9780438106352956,0.27905,0.27905,0.021956189364704448,0.72095,-0.8929159999999999
618,2.575,walk,0.528585,-0.086155,0.949445,0.02905,-0.022859,-0.42229,-0.2186225101991696,-0.6995440364770394,-0.10727141828652459,-0.06442109110463988,0.3334588095844226,0.16416363383838806,-0.007439404847612517,0.005759539236866461,0.010559155267576854,-0.13654907607391578,-0.219582433405314,-0.3587712982961136,0.029704000000000064,0.21646700000000002,-0.91452,-0.009823000000000026,-0.270204,-0.893964,0.03952700000000009,0.48667099999999996,0.02055600000000002,0.9764290199213523,0.2944399999999999,0.2944399999999999,0.023570980078647663,0.7055600000000001,-0.893964
619,2.579167,walk,0.527603,-0.089144,0.948906,0.028772,-0.023644,-0.422427,-0.23566114710822467,-0.7173026157907708,-0.12934965202783316,-0.03780087972194932,0.40032180778383275,0.060760497124941644,-0.009599232061445124,0.007199424046077182,0.01175905927525862,-0.16126709863209157,-0.19990400767940153,-0.35565154787618714,0.03064599999999995,0.21948600000000001,-0.9139320000000001,-0.009512999999999994,-0.268048,-0.894907,0.040158999999999945,0.487534,0.01902500000000007,0.9719993830522455,0.30974999999999997,0.30974999999999997,0.028000616947754464,0.69025,-0.894907
620,2.583333,walk,0.526688,-0.092181,0.948369,0.028369,-0.024458,-0.422546,-0.2196351416226534,-0.7289966394622935,-0.12890062409985478,0.010589328844519507,0.43801400555693054,0.04910178283627253,-0.010321651464237655,0.008161305808924043,0.014402304368699676,-0.16586653864617817,-0.18891022563609233,-0.31781084973594875,0.031517999999999935,0.222557,-0.913335,-0.009288999999999992,-0.265798,-0.895694,0.04080699999999993,0.488355,0.017641000000000018,0.9674863373767341,0.32359000000000004,0.32359000000000004,0.03251366262326594,0.67641,-0.895694
621,2.5875,walk,0.525791,-0.095152,0.947828,0.028243,-0.025128,-0.42308,-0.2152627789777004,-0.7129829613631239,-0.12982961363091874,-0.07844172119514736,0.3271308270589709,0.2750354447012107,-0.014158867290624896,0.007199424046077182,0.017278617710582905,-0.17806575473963387,-0.2099832013439056,-0.311735061195119,0.03235599999999994,0.22555799999999998,-0.912722,-0.009133999999999975,-0.263702,-0.896452,0.041489999999999916,0.48926000000000003,0.016270000000000007,0.9608828021788216,0.33730000000000004,0.33730000000000004,0.039117197821178396,0.6627,-0.896452
622,2.591667,walk,0.524852,-0.098224,0.94727,0.027915,-0.02581,-0.423473,-0.22534197264218045,-0.7372210223181709,-0.1339092872570253,0.006168213891426227,0.3705836619619631,0.19654993105218255,-0.01847852171825991,0.006239500839932004,0.021838252939763683,-0.1655867530597642,-0.1975041996640192,-0.28653707703382,0.03321799999999997,0.228656,-0.9120729999999999,-0.008885000000000032,-0.26145300000000005,-0.897088,0.042103,0.490109,0.014984999999999915,0.9512006253715841,0.35015,0.35015,0.04879937462841588,0.64985,-0.897088
623,2.595833,walk,0.523891,-0.101214,0.94679,0.02777,-0.026219,-0.423945,-0.23067690830534465,-0.7177148343735549,-0.11521843494958305,-0.017364175586832897,0.21636119218068173,0.2443725561776607,-0.02112337974075467,0.004080652904469118,0.02472395583293497,-0.16466634661546298,-0.20307249159866175,-0.2789246279404917,0.03409099999999998,0.231663,-0.91149,-0.008610000000000007,-0.259309,-0.8977700000000001,0.04270099999999999,0.49097199999999996,0.013719999999999954,0.9453769764703412,0.3628,0.3628,0.054623023529658754,0.6372,-0.8977700000000001
624,2.6,walk,0.522885,-0.104331,0.946212,0.028146,-0.026789,-0.424401,-0.24142068634506603,-0.7480201583872822,-0.1387089032877207,-0.27676943558582007,0.18017171731810033,0.24442075586484133,-0.02255819534435367,0.0023998080153543643,0.02831773458123179,-0.12646988240938614,-0.17590592752579662,-0.2781377489800647,0.035003000000000006,0.23479,-0.9107940000000001,-0.008131,-0.256925,-0.898351,0.043134000000000006,0.491715,0.012443000000000093,0.93952674265251,0.37556999999999996,0.37556999999999996,0.060473257347489984,0.62443,-0.898351
625,2.604167,walk,0.522136,-0.107528,0.945783,0.026601,-0.027936,-0.425115,-0.1797456203503801,-0.7672186225102355,-0.10295176385889904,0.44200522144649806,0.8265285734593213,0.34044764164481567,-0.017998560115202945,0.0019198464122890248,0.026877849772019704,-0.127189824814028,-0.14782817374610838,-0.2889368850492101,0.03567699999999996,0.237995,-0.9102530000000001,-0.00791200000000003,-0.254344,-0.8991260000000001,0.04358899999999999,0.492339,0.011126999999999998,0.94599247005086,0.38873,0.38873,0.05400752994914004,0.61127,-0.8991260000000001
626,2.608333,walk,0.521141,-0.110622,0.945283,0.026715,-0.02823,-0.425678,-0.23883821411427075,-0.7426788286125575,-0.12001920307250175,-0.10549361190869606,0.11528987383501461,0.2989327101586163,-0.02304368698991415,0.006721075372059405,0.03120499279884652,-0.11953912626019798,-0.12794047047526058,-0.26668266922706757,0.03657600000000005,0.241117,-0.909623,-0.007414999999999949,-0.251783,-0.899737,0.043991,0.4929,0.00988599999999995,0.9343846236723665,0.40113999999999994,0.40113999999999994,0.06561537632763348,0.5988600000000001,-0.899737
627,2.6125,walk,0.520085,-0.113802,0.944702,0.027255,-0.028557,-0.426128,-0.2534197264218848,-0.7631389488841247,-0.1394288456923372,-0.29807197163271576,0.04055444844101364,0.24700635341599284,-0.02711783057356249,0.010079193664504058,0.041756659467244654,-0.1219102471802465,-0.11999040076794415,-0.26013918886490306,0.03751899999999997,0.24433899999999997,-0.908868,-0.0068670000000000675,-0.24910299999999996,-0.90024,0.04438600000000004,0.49344199999999994,0.008627999999999969,0.9153342275341437,0.41372,0.41372,0.08466577246585627,0.58628,-0.90024
628,2.616667,walk,0.519073,-0.116958,0.944144,0.027266,-0.029077,-0.426432,-0.24286057115429596,-0.7573794096471835,-0.1339092872570253,-0.10905105462778887,0.22949067132021708,0.15794459009424838,-0.043676505879530696,0.014638828893688931,0.05399568034556978,-0.12359011279095292,-0.1178305735541131,-0.25005999520036903,0.038348999999999966,0.247556,-0.908085,-0.006369999999999987,-0.246438,-0.900724,0.04471899999999995,0.493994,0.007361000000000062,0.8817081531267742,0.42639,0.42639,0.1182918468732258,0.57361,-0.900724
629,2.620833,walk,0.518077,-0.120097,0.94364,0.027528,-0.029304,-0.426994,-0.23907825252039597,-0.753480556889079,-0.12097935669705596,-0.15596472536512712,0.05611880372952184,0.3020175290520153,-0.04776764282283816,0.011041766682673305,0.05952952472395378,-0.13178108497359736,-0.09793566970715513,-0.24411905904944053,0.039146000000000014,0.250741,-0.9073330000000001,-0.005923000000000012,-0.243707,-0.9012370000000001,0.045069000000000026,0.494448,0.00609599999999999,0.8714673341759136,0.44871197841934507,0.44871197841934507,0.1285326658240864,0.5512880215806549,-0.9012370000000001
630,2.625,walk,0.517056,-0.123326,0.943123,0.027886,-0.029563,-0.427516,-0.24502039836815365,-0.7748980081593849,-0.12407007439405167,-0.20447330341503836,0.04956605620350768,0.2824552251286646,-0.05591552675787122,0.009119270458359545,0.0717542596592307,-0.10799136069113774,-0.11447084233261987,-0.22510199184066335,0.039934000000000025,0.254008,-0.906517,-0.005351999999999912,-0.24095500000000003,-0.9016580000000001,0.04528599999999994,0.49496300000000004,0.004858999999999947,0.847626363778346,0.49364788789949654,0.49364788789949654,0.152373636221654,0.5063521121005035,-0.9016580000000001
631,2.629167,walk,0.515998,-0.126567,0.942647,0.028404,-0.02964,-0.428031,-0.2538996880249704,-0.7777777777778152,-0.1142308615310904,-0.2365397427607632,-0.06228879578645456,0.28351168628237833,-0.0614350851931955,0.009119270458366207,0.0811135109191297,-0.10727141828656267,-0.09911207103432099,-0.2227021838253054,0.040735999999999994,0.25728700000000004,-0.905703,-0.004740999999999995,-0.238127,-0.90211,0.04547699999999999,0.495414,0.0035930000000000684,0.8297319724015513,0.5202024569246064,0.5202024569246064,0.17026802759844872,0.4797975430753936,-0.90211
632,2.633333,walk,0.514946,-0.129866,0.942153,0.028832,-0.030054,-0.42835,-0.2525204032645015,-0.791886701872277,-0.11857897263561712,-0.26846721067522566,0.09837327995828335,0.17528527874989047,-0.06265002400382827,0.005280844935188105,0.08809409505520625,-0.0945751320211221,-0.08185309649543228,-0.212914066250594,0.04152699999999998,0.260608,-0.904842,-0.004083000000000059,-0.235169,-0.902503,0.04561000000000004,0.495777,0.00233899999999998,0.8196185953281101,0.5650520365851461,0.5650520365851461,0.1803814046718899,0.43494796341485387,-0.902503
633,2.6375,walk,0.51384,-0.1331,0.94164,0.02941,-0.030125,-0.428742,-0.2654187664986763,-0.7760979121669762,-0.12311015118789403,-0.26223290933934557,-0.079647031310344,0.21994768195482214,-0.06695464362851265,0.0014398848092166152,0.09887209023277599,-0.09263258939284232,-0.05783537317014076,-0.20374370050394622,0.042354,0.26384799999999997,-0.9039170000000001,-0.003363000000000005,-0.232176,-0.9028390000000001,0.04571700000000001,0.496024,0.0010780000000000234,0.8009697971085576,0.6039451251725374,0.6039451251725374,0.19903020289144235,0.3960548748274626,-0.9028390000000001
634,2.641667,walk,0.512752,-0.136428,0.941116,0.030105,-0.030796,-0.429167,-0.2610991120710409,-0.798656107511435,-0.12574994000482453,-0.4364515265541819,0.1571899176180659,0.23548903706668017,-0.07079433645307119,-0.0009599232061445124,0.11279097672186697,-0.09215262778976661,-0.032877369810416245,-0.1869450443964573,0.043147000000000046,0.26717199999999997,-0.9029229999999999,-0.002658999999999967,-0.228985,-0.903094,0.04580600000000001,0.49615699999999996,0.00017100000000003224,0.7763380284919914,0.6483314459821439,0.6483314459821439,0.2236619715080086,0.3516685540178561,-0.9029229999999999
635,2.645833,walk,0.511657,-0.139713,0.940624,0.030677,-0.030994,-0.429699,-0.2628420547287391,-0.7885261641862507,-0.11809889582331336,-0.2847232548114777,-0.020263850515213348,0.2937066331805247,-0.07993278924628387,-0.012962073931828376,0.1144983197311551,-0.10561689870378874,-0.01896303408545213,-0.19251080172827056,0.043908999999999976,0.270403,-0.901954,-0.0020040000000000058,-0.22577899999999998,-0.903404,0.04591299999999998,0.496182,0.0014499999999999513,0.7517674167001787,0.6326712994257887,0.6326712994257887,0.24823258329982134,0.3673287005742113,-0.901954
636,2.65,walk,0.510564,-0.143008,0.940168,0.031495,-0.030983,-0.430137,-0.26229901607872824,-0.7907367410607494,-0.10943124550036784,-0.3487914804304066,-0.16350562241296174,0.2506070961373043,-0.07895368370531287,-0.010799136069112442,0.13942884569235053,-0.04703623710102782,-0.014878809695226619,-0.15694744420447124,0.04467299999999996,0.27365300000000004,-0.900917,-0.0011069999999999691,-0.222546,-0.903602,0.04577999999999993,0.496199,0.0026850000000000485,0.7054919027856875,0.7258027533726532,0.7054919027856875,0.2945080972143125,0.2741972466273468,-0.900917
637,2.654167,walk,0.509492,-0.146397,0.939795,0.031868,-0.030995,-0.430461,-0.2572594192464621,-0.8132949364050388,-0.08951283897286633,-0.16162304619768372,-0.06441629979277004,0.18026715257044093,-0.08159347252219493,-0.008879289656829133,0.15862730981520556,-0.07343412526998076,-0.007919366450684723,-0.16510679145667367,0.04540500000000003,0.277005,-0.899883,-0.0003409999999999247,-0.21919,-0.9039170000000001,0.04574599999999995,0.496195,0.004034000000000093,0.6619886676259216,0.6985427075380098,0.6619886676259216,0.33801133237407843,0.30145729246199016,-0.899883
638,2.658333,walk,0.508379,-0.149727,0.939364,0.032486,-0.031345,-0.430794,-0.2671627460393682,-0.7993278924628573,-0.10345655304851281,-0.3377944378721338,0.031732619103510905,0.18784639241489667,-0.0957753240518384,-0.006721075372060121,0.14690350456074003,-0.09937590014403702,-0.01728276524244412,-0.1687469995199371,0.04611900000000002,0.280307,-0.89884,0.00035799999999996945,-0.215932,-0.904189,0.04576100000000005,0.496239,0.005349000000000048,0.6540172403383342,0.6723407369824022,0.6540172403383342,0.3459827596616658,0.32765926301759785,-0.89884
639,2.6625,walk,0.507383,-0.153082,0.938971,0.033473,-0.031469,-0.431397,-0.23902087832971833,-0.805135589152818,-0.09431245500358837,-0.4486722536636223,-0.13608262966025622,0.34179825196248714,-0.12119030477563186,-0.014158867290616727,0.1816654667626481,-0.09791216702662325,-0.018958483321332115,-0.17902567794575264,0.04660999999999993,0.283603,-0.89769,0.0009460000000000024,-0.212656,-0.904542,0.04566399999999993,0.496259,0.006851999999999969,0.5667506280730015,0.6584495730023043,0.5667506280730015,0.4332493719269985,0.34155042699769567,-0.89769
640,2.666667,walk,0.506218,-0.156415,0.93858,0.034153,-0.031602,-0.431898,-0.2795776337893294,-0.7998560115191157,-0.0938324934005395,-0.31838524605731217,-0.07113989490195115,0.2808988073595805,-0.12862970962323145,-0.02087832973362316,0.18502519798416991,-0.0926325893928522,0.00623950083993933,-0.1603071754259737,0.04723900000000003,0.286849,-0.896528,0.0017250000000000876,-0.20929699999999998,-0.9048189999999999,0.04551399999999994,0.496146,0.008290999999999937,0.5399080856694389,0.6912474989691479,0.5399080856694389,0.46009191433056107,0.30875250103085206,-0.896528
641,2.670833,walk,0.505073,-0.159883,0.938244,0.034726,-0.032127,-0.432207,-0.2748439750359866,-0.8324531925107787,-0.08065290446471286,-0.3550242176534826,0.1161284023357436,0.17268232866201627,-0.15890542486796022,-0.024243879020640235,0.20907345175227554,-0.09289486317811224,0.016562650023999963,-0.14786365818530525,0.04772200000000004,0.29021600000000003,-0.8953209999999999,0.002483000000000013,-0.20576,-0.905099,0.04523900000000003,0.495976,0.009778000000000064,0.4626798111218779,0.7076558421205957,0.4626798111218779,0.537320188878122,0.29234415787940427,-0.8953209999999999
642,2.675,walk,0.503933,-0.163216,0.937881,0.035602,-0.032194,-0.432667,-0.2735781137509196,-0.7998560115191157,-0.08711303095752791,-0.38973153508661074,-0.14111585830707477,0.26473299164314307,-0.1485481161507234,-0.02879769618430873,0.2198224142068735,-0.094792416606684,0.026397888168947448,-0.1463882889368916,0.048243000000000036,0.293429,-0.894042,0.0032280000000000086,-0.202317,-0.905346,0.04501500000000003,0.495746,0.01130399999999998,0.4421824529011071,0.7060235181185299,0.4421824529011071,0.5578175470988929,0.2939764818814701,-0.894042
643,2.679167,walk,0.50276,-0.166673,0.937535,0.036383,-0.032477,-0.433116,-0.28149748020156184,-0.8296136309094738,-0.08303335733139822,-0.3936905345647192,-0.028258196344742532,0.2546134373990178,-0.1497480201583681,-0.03143748500119613,0.20902327813773547,-0.10487161027117689,0.027837772978161247,-0.1403887688984801,0.04879200000000006,0.296755,-0.892825,0.0039639999999999675,-0.198744,-0.905585,0.04482800000000009,0.495499,0.012759999999999994,0.4406608947266732,0.704280525769569,0.4406608947266732,0.5593391052733268,0.295719474230431,-0.892825
644,2.683333,walk,0.501579,-0.170066,0.937242,0.036959,-0.032789,-0.433661,-0.28348535765721444,-0.8144503120499074,-0.0703312530004752,-0.31045848236033147,0.029206773048111374,0.30097643538496294,-0.1553048487758153,-0.05040806529044887,0.2186749879980742,-0.10129620739316152,0.03984637542006599,-0.12097935669706762,0.04932599999999998,0.299938,-0.891621,0.004723000000000033,-0.195185,-0.905796,0.04460299999999995,0.495123,0.014175000000000049,0.40340167523312753,0.7287648620907623,0.40340167523312753,0.5965983247668725,0.2712351379092377,-0.891621
645,2.6875,walk,0.500379,-0.173579,0.936958,0.037603,-0.033361,-0.434198,-0.28797696184306065,-0.8430525557955787,-0.0681545476362071,-0.3941329141277369,0.12730631155717628,0.2955727233798315,-0.14326853851691526,-0.0463162946964261,0.2375809935205287,-0.10175185985121174,0.045356371490281586,-0.12143028557716008,0.049929,0.303258,-0.890347,0.005499000000000032,-0.191483,-0.906018,0.04442999999999997,0.494741,0.01567099999999999,0.3744978114825867,0.725348930088377,0.3744978114825867,0.6255021885174132,0.274651069911623,-0.890347
646,2.691667,walk,0.499214,-0.177004,0.936716,0.038071,-0.033788,-0.434691,-0.2795776337893161,-0.8219342452604128,-0.05807535397167639,-0.2880655108481299,0.10008365147096272,0.2697085526116485,-0.14494840412768814,-0.06767458603311485,0.23734101271899422,-0.10175185985123839,0.04655627549795556,-0.12431005519558946,0.05048999999999998,0.30640100000000003,-0.889116,0.006239999999999968,-0.18786400000000003,-0.906294,0.04425000000000001,0.49426500000000007,0.017178000000000027,0.35119028460717094,0.7212432482424163,0.35119028460717094,0.6488097153928291,0.27875675175758374,-0.889116
647,2.695833,walk,0.497996,-0.180508,0.936492,0.038933,-0.034173,-0.435201,-0.2923667786845808,-0.8410945751319998,-0.05376860297647524,-0.4496053632806795,0.00045621314374051793,0.2892785527144838,-0.13946231397021766,-0.07705232837254126,0.25108017282764516,-0.08761401824290416,0.046567450792132065,-0.11641862698031433,0.051127000000000034,0.30958399999999997,-0.887846,0.007093000000000016,-0.184166,-0.906555,0.04403400000000002,0.49375,0.018708999999999976,0.31729575845299224,0.7450596999408643,0.31729575845299224,0.6827042415470077,0.2549403000591357,-0.887846
648,2.7,walk,0.496757,-0.183948,0.936312,0.03905,-0.034833,-0.435872,-0.2973362131029313,-0.8255339572833668,-0.04319654427644517,-0.18398237318084953,0.2786690126248473,0.3534231184243092,-0.12886969042476049,-0.09191264698823401,0.2997360211182923,-0.07703383729301563,0.03551715862730321,-0.11063114950803252,0.051829000000000014,0.312641,-0.886417,0.00801099999999999,-0.18057800000000002,-0.9068360000000001,0.043818000000000024,0.493219,0.020419000000000076,0.29581,0.7676512924353159,0.29581,0.70419,0.23234870756468406,-0.886417
649,2.704167,walk,0.495515,-0.18739,0.936081,0.039924,-0.035264,-0.436415,-0.298056155507578,-0.826013918886527,-0.05543556515478564,-0.46395051706429147,0.018515176883848853,0.3072227041512575,-0.13462922966164131,-0.10415166786657301,0.3189344852411945,-0.06743460523157872,0.02999760019199603,-0.09767218622510589,0.05251,0.315649,-0.884857,0.008972000000000036,-0.17701099999999997,-0.907012,0.043537999999999966,0.49266,0.022155000000000036,0.27845000000000003,0.7959633886201801,0.27845000000000003,0.7215499999999999,0.20403661137981988,-0.884857
650,2.708333,walk,0.494272,-0.190868,0.935995,0.040191,-0.035479,-0.437011,-0.29836773883820455,-0.8348535765722308,-0.02064330292847531,-0.1560436592818864,0.05345418561230973,0.32254666007194577,-0.11929908785404611,-0.1303408545367261,0.33989438310128706,-0.06144983197312217,0.029284685549676462,-0.09073451752280114,0.053256000000000026,0.318584,-0.883355,0.009958999999999996,-0.173411,-0.907304,0.04329700000000003,0.491995,0.023948999999999998,0.26051,0.8109495413670094,0.26051,0.73949,0.18905045863299064,-0.883355
651,2.7125,walk,0.493027,-0.194263,0.935898,0.040394,-0.035845,-0.437581,-0.29877609791217974,-0.8147348212143356,-0.02327813774898444,-0.1603481815971933,0.13126491974232044,0.3051649103968183,-0.12431005519559446,-0.1480681545476445,0.333573314134885,-0.05519558435324285,0.019438444924406394,-0.10799136069115023,0.053983,0.321362,-0.881868,0.01097400000000004,-0.16993500000000003,-0.907657,0.043008999999999964,0.491297,0.025789000000000062,0.24211,0.7952878738250736,0.24211,0.75789,0.2047121261749264,-0.881868
652,2.716667,walk,0.491708,-0.197737,0.935826,0.040585,-0.036375,-0.438215,-0.31653467722580614,-0.8336933045355875,-0.01727861771057274,-0.1892578494575644,0.2063295926846656,0.33733027277131,-0.12646988240938614,-0.16846652267817078,0.3506119510438944,-0.05399568034557644,0.028317734581233454,-0.09839212862970295,0.054775000000000074,0.32413400000000003,-0.8803350000000001,0.012068000000000023,-0.16634300000000002,-0.907995,0.04270700000000005,0.49047700000000005,0.027659999999999907,0.22340000000000004,0.8070806259075594,0.22340000000000004,0.7766,0.19291937409244064,-0.8803350000000001
653,2.720833,walk,0.490418,-0.201125,0.935761,0.041015,-0.036779,-0.438875,-0.30964954392704275,-0.813250120019268,-0.01560249639944741,-0.2656766012857473,0.10268258164861487,0.35944641187670767,-0.13178108497361143,-0.19635141622661498,0.33893422947674395,-0.05568891022564291,0.023763802208358997,-0.09049447911666639,0.05551600000000001,0.326704,-0.8788579999999999,0.013125999999999971,-0.162856,-0.908307,0.04239000000000004,0.48956,0.02944900000000006,0.20550999999999997,0.8185305063277815,0.20550999999999997,0.79449,0.18146949367221854,-0.8788579999999999
654,2.725,walk,0.489082,-0.204621,0.935763,0.040945,-0.037552,-0.439413,-0.32061435085191325,-0.8389728821693752,0.00047996160308552666,-0.1289462141611893,0.3632337812019826,0.27664105819884327,-0.12694984401247167,-0.22774178065753148,0.34245260379167525,-0.043676505879530696,0.013198944084465656,-0.07127429805615085,0.05632300000000001,0.329251,-0.877433,0.01427999999999996,-0.15930500000000003,-0.908606,0.04204300000000005,0.48855600000000005,0.031173000000000006,0.18827000000000005,0.8589535650319906,0.18827000000000005,0.81173,0.1410464349680094,-0.877433
655,2.729167,walk,0.487783,-0.207981,0.935733,0.04112,-0.037976,-0.439964,-0.31173506119511735,-0.8063354931605844,-0.007199424046070521,-0.1606333696712894,0.16172800497924714,0.2945641260445739,-0.11495080393569213,-0.23806095512360262,0.3112550995920467,-0.04343652507799256,-0.012718982481394806,-0.059995200383972075,0.057143,0.331619,-0.876106,0.015397999999999967,-0.155998,-0.908826,0.04174500000000003,0.48761699999999997,0.03271999999999997,0.1728,0.8747455002435478,0.1728,0.8271999999999999,0.1252544997564522,-0.876106
656,2.733333,walk,0.486418,-0.211342,0.935763,0.041169,-0.038373,-0.440527,-0.3276524243878943,-0.8067690830532671,0.007201152184343176,-0.10049581854952389,0.17696304258194057,0.29761160755576715,-0.10537686029763686,-0.23835813730196032,0.2861257801248118,-0.042966874699960474,-0.026164186269808633,-0.07081132981276814,0.05806900000000004,0.33398700000000003,-0.874944,0.016583999999999932,-0.15274600000000002,-0.909151,0.041485000000000105,0.486733,0.03420699999999999,0.15793000000000001,0.8552304379511282,0.15793000000000001,0.84207,0.1447695620488718,-0.874944
657,2.7375,walk,0.485058,-0.21474,0.935732,0.041404,-0.038928,-0.441052,-0.32637389008881446,-0.815454763618944,-0.0074394048476133096,-0.21452494074243061,0.2047508529485932,0.28107950973504925,-0.16438684905209455,-0.2224622030237676,0.30837532997361655,-0.011279097672164716,-0.03551715862730699,-0.07799376049916336,0.05874400000000002,0.336458,-0.873628,0.017897000000000052,-0.14949600000000002,-0.9094450000000001,0.04084699999999997,0.485954,0.0358170000000001,0.14183,0.8559348789411116,0.14183,0.85817,0.14406512105888836,-0.873628
658,2.741667,walk,0.483675,-0.218054,0.935775,0.041469,-0.039189,-0.441589,-0.3318934485240901,-0.7952963762898511,0.010319174466045748,-0.07872455594684123,0.11434515785249158,0.2861526764733032,-0.15622750179983622,-0.2658987281017385,0.2829373650107834,-0.006239500839951987,-0.03695704343651982,-0.06647468202543462,0.05947600000000003,0.33866399999999997,-0.872492,0.019253999999999938,-0.146336,-0.909765,0.04022200000000009,0.485,0.037273,0.12726999999999994,0.8728120618415058,0.12726999999999994,0.87273,0.12718793815849416,-0.872492
659,2.745833,walk,0.482309,-0.221282,0.935815,0.041718,-0.039307,-0.44212,-0.3278924627940462,-0.7748439750359867,0.009601536245782017,-0.12761550898004065,0.013756819618562245,0.2897391148886264,-0.1488238118099011,-0.3161305808929339,0.2947671627460296,-0.0033605376860197087,-0.03456553048488455,-0.05136821891502474,0.060222,0.340575,-0.871304,0.020606000000000013,-0.14325200000000002,-0.9100189999999999,0.039615999999999985,0.483827,0.038714999999999944,0.11285,0.8966564114532047,0.11285,0.88715,0.10334358854679526,-0.871304
660,2.75,walk,0.480903,-0.224564,0.935796,0.04203,-0.039668,-0.442594,-0.33741300695944976,-0.7876169906407864,-0.004559635229179773,-0.20699093377673178,0.10335928876181821,0.2583207747856999,-0.15046796256298578,-0.32421406287498267,0.2752579793616625,-0.004799616030722562,-0.04079673626108849,-0.04151667866570853,0.06100100000000003,0.34250600000000003,-0.870138,0.021991999999999956,-0.14013999999999996,-0.910173,0.03900900000000007,0.48264599999999996,0.04003500000000004,0.09965000000000007,0.9026597518005516,0.09965000000000007,0.90035,0.09734024819944842,-0.870138
661,2.754167,walk,0.479546,-0.227761,0.935835,0.042174,-0.039761,-0.443042,-0.32565394768421274,-0.7672186225102289,0.009359251259902335,-0.07777418948812259,0.022827138524061912,0.2427761938359588,-0.18478521718264546,-0.3117350611951207,0.2778977681785599,-0.006479481641468798,-0.04295656347493362,-0.04295656347492363,0.06158800000000003,0.344404,-0.869019,0.02332200000000001,-0.13712200000000002,-0.910391,0.03826600000000002,0.481526,0.041371999999999964,0.08628000000000002,0.8981761273694556,0.08628000000000002,0.91372,0.10182387263054438,-0.869019
662,2.758333,walk,0.478149,-0.230937,0.935884,0.042457,-0.03985,-0.443448,-0.3353336533845279,-0.7623619779164487,0.01176188190112228,-0.1371593747021339,-0.00956743814696329,0.22455266085033196,-0.16634661545848192,-0.3326932309169372,0.21675468074891413,-0.00912145943350491,-0.03600576092174253,-0.03696591454632673,0.06229199999999996,0.346194,-0.8681650000000001,0.02468100000000001,-0.134096,-0.910594,0.03761099999999995,0.48029,0.04242899999999994,0.07571,0.9126613443098093,0.07571,0.9242900000000001,0.08733865569019073,-0.8681650000000001
663,2.7625,walk,0.476736,-0.234137,0.935905,0.042854,-0.040037,-0.443775,-0.3390928725701732,-0.7679385649147621,0.00503959683223817,-0.20782227822014737,0.006057194520516399,0.18438383624392884,-0.17110631149506125,-0.3707703383729087,0.19294456443483327,-0.011519078473732921,-0.02327813774898196,-0.025197984161265785,0.06299199999999999,0.347849,-0.867382,0.026045999999999958,-0.130993,-0.91072,0.036946000000000034,0.478842,0.04333799999999999,0.06662000000000001,0.9396883263617695,0.06662000000000001,0.93338,0.060311673638230534,-0.867382
664,2.766667,walk,0.475364,-0.23724,0.935979,0.043224,-0.040001,-0.444098,-0.3292536597072347,-0.7446604271658595,0.017758579313660157,-0.14854556575719416,-0.08423334572718282,0.18396585299948645,-0.2056635469162553,-0.36309095272379877,0.17350611951044742,-0.012479001679852017,-0.01583873290137113,-0.01991840652747865,0.06350699999999998,0.349439,-0.866733,0.027366,-0.12795600000000001,-0.910877,0.03614099999999998,0.477395,0.04414400000000007,0.05856,0.9527614252072928,0.05856,0.94144,0.04723857479270721,-0.866733
665,2.770833,walk,0.474002,-0.240273,0.936029,0.043684,-0.040016,-0.444402,-0.3269323091694653,-0.7280364858377093,0.01200192030724751,-0.19842740052161367,-0.08196553737832762,0.1763119336501971,-0.20427268362935955,-0.4145463274123728,0.12049927988477885,-0.0028804608737426,-0.0019203072491484087,-0.022323571771482666,0.06401800000000007,0.350745,-0.866281,0.02871600000000002,-0.12493099999999999,-0.91102,0.035302000000000056,0.475676,0.044739000000000084,0.05260999999999999,0.962349321556473,0.05260999999999999,0.94739,0.037650678443526986,-0.866281
666,2.775,walk,0.472655,-0.243222,0.936165,0.043937,-0.040141,-0.444725,-0.32325413966883815,-0.7077033837293357,0.032637389008886776,-0.1327329091736619,0.009854730144525451,0.17877894672182196,-0.2133429325654114,-0.443964482841394,0.11687065034797782,0.0026397888168907483,-0.0019198464122890248,-0.017278617710583737,0.06447600000000003,0.351844,-0.86593,0.03007399999999999,-0.12198999999999999,-0.911228,0.034402000000000044,0.473834,0.04529800000000006,0.04701999999999995,0.9706929604004118,0.04701999999999995,0.95298,0.029307039599588247,-0.86593
667,2.779167,walk,0.471266,-0.246238,0.936192,0.044493,-0.040091,-0.444966,-0.33333333333330667,-0.7237820974321658,0.006479481641468107,-0.22623035232684985,-0.1322496317165453,0.14609024960062544,-0.2687784977201684,-0.49196064314851723,0.12862970962322107,0.00191984641228882,-0.008399328053756927,-0.004319654427645682,0.064745,0.35281,-0.865421,0.03147099999999997,-0.11900899999999998,-0.911273,0.033274000000000026,0.471819,0.045852000000000004,0.04147999999999996,0.9839364165842523,0.04147999999999996,0.95852,0.01606358341574765,-0.865421
668,2.783333,walk,0.469911,-0.249145,0.936315,0.044832,-0.040161,-0.44526,-0.3252520403264768,-0.6977916466635198,0.029524723955831486,-0.15828236681550872,-0.03289452875778785,0.16682054415307673,-0.2938070091214834,-0.5278444551128614,0.1337013922227667,0.003360537686020067,-0.011521843494958304,0.000720115218434894,0.06487599999999999,0.353518,-0.864987,0.032839999999999925,-0.11614999999999998,-0.911393,0.032036000000000064,0.469668,0.04640600000000006,0.03593999999999997,0.9799608260739887,0.03593999999999997,0.96406,0.02003917392601129,-0.864987
669,2.7875,walk,0.468536,-0.252026,0.936491,0.045342,-0.040136,-0.445417,-0.3299736021118146,-0.691384689224812,0.04223662107030075,-0.2125283248518768,-0.11434693505094537,0.09969990989371619,-0.30765538756897703,-0.5821934245260019,0.0815934725221916,0.0035997120230615203,-0.015598752099840003,0.0,0.064969,0.353973,-0.864823,0.03423000000000004,-0.11333400000000005,-0.911569,0.03073899999999996,0.46730700000000003,0.046745999999999954,0.03254000000000007,0.9733188063672162,0.03254000000000007,0.96746,0.026681193632783762,-0.864823
670,2.791667,walk,0.467159,-0.254872,0.936669,0.046018,-0.040023,-0.445578,-0.330453563714922,-0.6829853611711412,0.04271658267339083,-0.2649610909816402,-0.18734193349266767,0.108024247657994,-0.35109191264700235,-0.6381089512839252,0.0415166786657102,0.00599952003838322,-0.015598752099828344,-0.0016798656107512315,0.06488300000000002,0.35416,-0.8648279999999999,0.035632,-0.11055300000000001,-0.911754,0.029251000000000027,0.464713,0.04692600000000002,0.03073999999999999,0.972005096880908,0.03073999999999999,0.96926,0.02799490311909203,-0.8648279999999999
671,2.795833,walk,0.465795,-0.257665,0.936889,0.046646,-0.039994,-0.445715,-0.32741238598174244,-0.6704272683629173,0.05280844935189437,-0.2626518465028031,-0.1418234466757295,0.09284219382642199,-0.38190110417666,-0.6915506481036764,-0.007201152184349838,0.0012001920307327459,-0.021843494959194732,0.00936149783965429,0.06465599999999999,0.354072,-0.865078,0.037001000000000006,-0.10785100000000003,-0.9119349999999999,0.027654999999999985,0.46192300000000003,0.046856999999999926,0.03143000000000007,0.9603411641222268,0.03143000000000007,0.9685699999999999,0.03965883587777319,-0.865078
672,2.8,walk,0.464417,-0.260424,0.937201,0.047017,-0.04007,-0.445775,-0.33069354451645144,-0.6621070314375179,0.07487401007919203,-0.17529487180456926,-0.0444488024074028,0.04226238844070847,-0.4278857691384834,-0.7578593712503365,-0.02975761939044991,0.006239500839926008,-0.01103911687064857,-0.0004799616030722562,0.064251,0.353673,-0.8655139999999999,0.03840499999999997,-0.10513800000000001,-0.912249,0.025846000000000036,0.45881099999999997,0.04673500000000008,0.03265000000000001,0.9788508054293301,0.03265000000000001,0.9673499999999999,0.021149194570669883,-0.8655139999999999
673,2.804167,walk,0.463036,-0.263158,0.937461,0.047437,-0.039962,-0.445811,-0.3314134869210312,-0.6561075113990515,0.06239500839933337,-0.1570295889468394,-0.1346463513816869,0.03364701764498977,-0.4590832733381178,-0.8142548596111798,-0.0640748740100761,0.007199424046069754,-0.0052795776337942555,-0.006239500839932004,0.06371899999999997,0.353014,-0.866041,0.03981599999999996,-0.10242600000000002,-0.912535,0.023903000000000008,0.45544,0.046494000000000035,0.03506000000000009,0.9818465631262976,0.03506000000000009,0.9649399999999999,0.01815343687370241,-0.866041
674,2.808333,walk,0.461679,-0.265899,0.937796,0.047292,-0.040029,-0.445777,-0.32573211713873257,-0.6579452712433793,0.08041286605856098,0.04767019253374817,0.058559760136287504,-0.02359183590101407,-0.4954392702832209,-0.8773403744598909,-0.08641382621219139,0.005040806529056213,-0.007681228996633609,-0.0016802688430148512,0.06301200000000001,0.35209999999999997,-0.866736,0.04119400000000001,-0.099717,-0.9128769999999999,0.021818000000000004,0.451817,0.04614099999999999,0.03859000000000001,0.9844334481850323,0.03859000000000001,0.96141,0.015566551814967688,-0.866736
675,2.8125,walk,0.460329,-0.268612,0.938205,0.047259,-0.04004,-0.445777,-0.3239740820734532,-0.6510679145668694,0.09815214782817648,0.011813132083301108,0.011755984460988734,-0.0010976469236613732,-0.5070794336453391,-0.9443244540437182,-0.14302855771538914,0.0014398848092034469,-0.013918886489082108,0.011279097672186364,0.062249,0.350878,-0.867741,0.04254999999999998,-0.09706199999999998,-0.9132389999999999,0.019699000000000022,0.44794,0.04549799999999993,0.04502000000000006,0.9700450934431599,0.04502000000000006,0.9549799999999999,0.029954906556840077,-0.867741
676,2.816667,walk,0.458945,-0.271286,0.938601,0.047372,-0.04011,-0.445842,-0.33213342932566825,-0.6417086633069671,0.09503239740822679,-0.06309010019613101,0.0080876118190102,0.0372153304740051,-0.5334773218142732,-0.9872810175186452,-0.15718742500600738,-0.004079673626094195,-0.008639308855287289,0.010559155267579645,0.06141000000000002,0.349438,-0.868792,0.04391700000000004,-0.09442399999999995,-0.913591,0.01749299999999998,0.443862,0.04479900000000003,0.05201000000000011,0.976266692745956,0.05201000000000011,0.9479899999999999,0.02373330725404399,-0.868792
677,2.820833,walk,0.457557,-0.273974,0.939019,0.047205,-0.040251,-0.445867,-0.33317330772922765,-0.6452232357176896,0.1003360537686073,0.041665439584820024,0.09695051030607553,0.0064351994601601495,-0.5789726356216763,-1.0336053768602704,-0.16994719155064353,-0.004800768122904334,-0.0016802688430231792,0.007681228996638606,0.06038600000000005,0.34782,-0.8699180000000001,0.04528500000000002,-0.09174300000000002,-0.913977,0.015101000000000031,0.43956300000000004,0.04405899999999996,0.05941000000000002,0.9846456704573514,0.05941000000000002,0.94059,0.015354329542648593,-0.8699180000000001
678,2.825,walk,0.456182,-0.276606,0.939457,0.046809,-0.040309,-0.445767,-0.3299736021118146,-0.6316294696423957,0.10511159107269301,0.156914596179414,0.10602192786951027,-0.06637434122588944,-0.6258699304055425,-1.0782337413006295,-0.155747540196774,0.0007199424046016468,0.0028797696184332303,0.0002399808015361025,0.05915300000000001,0.345959,-0.871005,0.04666300000000001,-0.08909899999999998,-0.914414,0.012490000000000001,0.435058,0.04340899999999992,0.06590999999999997,0.9950365276193922,0.06590999999999997,0.9340900000000001,0.004963472380607792,-0.871005
679,2.829167,walk,0.454831,-0.279254,0.939901,0.046467,-0.040491,-0.445887,-0.32421406287498267,-0.6354691624670278,0.1065514758819343,0.10884479783760304,0.1548421078671971,0.05142559153596072,-0.6925845932325596,-1.1655867530598085,-0.18310535157188257,0.0002399808015427889,0.0026397888168907483,-0.002399808015358783,0.05761800000000006,0.34375,-0.872212,0.04801500000000003,-0.08644000000000002,-0.914868,0.009603000000000028,0.43019,0.04265600000000003,0.07344,0.9940406109808251,0.07344,0.92656,0.005959389019174921,-0.872212
680,2.833333,walk,0.453426,-0.281852,0.940305,0.046272,-0.040369,-0.445836,-0.3372539606336897,-0.6236197791646467,0.09697551608256094,0.1096334259988658,-0.0124933774256152,-0.03170875331074141,-0.6778684589534257,-1.1886701872299237,-0.1680268843014818,-0.006481036965914188,0.0036005760921849128,-0.0024003840614496685,0.056199,0.341396,-0.873316,0.04939300000000002,-0.08382699999999998,-0.9152819999999999,0.006805999999999979,0.42522299999999996,0.04196599999999995,0.08033999999999997,0.9870117754194615,0.08033999999999997,0.91966,0.012988224580538499,-0.873316
681,2.8375,walk,0.452058,-0.284475,0.940761,0.045645,-0.040496,-0.445967,-0.32829373650109017,-0.6294696424286312,0.10943124550036784,0.24323364484956875,0.19226634972148804,0.04952410776557166,-0.7796976241900875,-1.1888648908087895,-0.1435085193184614,-0.007199424046070521,0.005279577633781497,0.0,0.05431800000000003,0.33906499999999995,-0.87437,0.050731000000000026,-0.08118200000000003,-0.9157379999999999,0.003587000000000007,0.42024700000000004,0.04136799999999996,0.08632000000000001,0.9851203301834102,0.08632000000000001,0.91368,0.014879669816589836,-0.87437
682,2.841667,walk,0.450637,-0.287029,0.941225,0.044876,-0.040293,-0.445915,-0.341012718982462,-0.6129109671225931,0.11135109191264499,0.37364771616128695,0.0750209306671434,-0.04862555849394173,-0.7302615790736339,-1.274538036956965,-0.17902567794575597,0.00887928965681581,0.010319174466045748,-0.0009599232061435775,0.05269600000000002,0.336308,-0.87558,0.052188999999999985,-0.07858500000000002,-0.916206,0.0005070000000000352,0.414893,0.04062599999999994,0.09374000000000005,0.9772545121060596,0.09374000000000005,0.90626,0.022745487893940375,-0.87558
683,2.845833,walk,0.449259,-0.289591,0.941711,0.044025,-0.040353,-0.445946,-0.33077292366781075,-0.6149783965434977,0.11665866538646782,0.3531202344429798,0.20810391525118369,-0.009601344947623163,-0.7748439750360692,-1.3125300048008723,-0.1639462313970339,0.00552088334133391,0.0036005760921719717,-0.00048007681228965174,0.050846,0.333402,-0.876749,0.05358999999999997,-0.07600800000000002,-0.916694,0.0027439999999999687,0.40941,0.03994500000000001,0.10054999999999992,0.9889855177644968,0.10054999999999992,0.8994500000000001,0.011014482235503165,-0.876749
684,2.85,walk,0.447892,-0.292138,0.942217,0.043,-0.040372,-0.446045,-0.3280537556995258,-0.611231101511847,0.12143028557714798,0.43720370915192164,0.22962396608059837,0.022181498316992482,-0.8092152627789384,-1.3489320854330835,-0.16654667626588862,-0.0014398848092032936,0.0052795776337942555,0.005759539236860632,0.04884099999999997,0.330328,-0.877949,0.05495100000000003,-0.07343899999999998,-0.917176,0.00611000000000006,0.403767,0.03922700000000001,0.10772999999999999,0.9867587030179596,0.10772999999999999,0.89227,0.013241296982040351,-0.877949
685,2.854167,walk,0.446469,-0.294654,0.942696,0.041718,-0.040166,-0.446109,-0.3414926805855706,-0.6037916966642988,0.11495080393569213,0.5956384601268988,0.1867416680954249,-0.001292274875094431,-0.8665706743460859,-1.3765298776098553,-0.1387089032877455,-0.002879769618433537,0.006959443244541054,0.001919846412286527,0.046653,0.327108,-0.879006,0.05636200000000002,-0.07089399999999996,-0.917647,0.009709000000000023,0.39800199999999997,0.038641000000000036,0.11359000000000008,0.9870457285491522,0.11359000000000008,0.8864099999999999,0.01295427145084782,-0.879006
686,2.858333,walk,0.445073,-0.297193,0.943146,0.04062,-0.040135,-0.446244,-0.33509361497838935,-0.6094575132020855,0.10801728276525424,0.4797182047531657,0.2248563925315581,0.04054321756236775,-0.8646183389342044,-1.417186749879941,-0.17210753720594715,0.003840614498323467,0.01056168987037621,-0.0014402304368696345,0.044447000000000014,0.323743,-0.8801730000000001,0.05777400000000005,-0.06831100000000001,-0.918103,0.013327000000000033,0.392054,0.03792999999999991,0.12069999999999997,0.9811163006541779,0.12069999999999997,0.8793,0.018883699345822125,-0.8801730000000001
687,2.8625,walk,0.443658,-0.299725,0.943605,0.039283,-0.040475,-0.446464,-0.33957283417328155,-0.6076313894888768,0.11015118790496956,0.5032323378488812,0.43765948878799255,0.07605480398343818,-0.9059275257979843,-1.4463642908567977,-0.15574754019679227,-0.003359731221519115,0.007679385649142777,0.004079673626110014,0.042086999999999986,0.32024800000000003,-0.881281,0.05917499999999998,-0.065747,-0.9185450000000001,0.017087999999999992,0.38599500000000003,0.037264000000000075,0.12736000000000003,0.98446290328809,0.12736000000000003,0.87264,0.015537096711909948,-0.881281
688,2.866667,walk,0.442247,-0.302161,0.944068,0.038276,-0.040263,-0.446671,-0.33861291096710094,-0.5845932325413595,0.11111111111110222,0.48012379419344686,0.12979312536139062,0.08387255333067006,-0.8778497720181838,-1.4929205663546006,-0.16462682985360147,-0.005279577633780934,0.008399328053756927,0.004559635229181785,0.03983999999999999,0.316463,-0.88243,0.06056400000000001,-0.063276,-0.9189890000000001,0.02072400000000002,0.379739,0.03655900000000001,0.13441000000000008,0.981802554729903,0.13441000000000008,0.8655899999999999,0.018197445270097035,-0.88243
689,2.870833,walk,0.44082,-0.304607,0.944603,0.036951,-0.040308,-0.446993,-0.34253480556888444,-0.5871339414306137,0.128420547287551,0.5626292360289102,0.3114045795719329,0.13454625427447783,-0.9282285165626268,-1.5081613058088883,-0.15434469515121943,-0.003600576092171588,0.008161305808937367,0.0002400384061452167,0.03739999999999999,0.312626,-0.883608,0.06197600000000003,-0.06079599999999996,-0.919523,0.024576000000000042,0.373422,0.03591500000000003,0.14084999999999998,0.9851275161662237,0.14084999999999998,0.8591500000000001,0.014872483833776262,-0.883608
690,2.875,walk,0.439372,-0.307043,0.944977,0.035939,-0.040555,-0.447122,-0.34749220062396713,-0.5845932325414219,0.08975281977441865,0.3825670622230547,0.32592846664783376,0.03883164803992805,-0.9623230141589012,-1.5411567074634736,-0.14950803935685794,0.006959443244527732,0.005279577633781497,-0.002639788816894911,0.034838000000000036,0.30864,-0.884605,0.06345299999999998,-0.058338,-0.919908,0.028614999999999946,0.366978,0.03530299999999997,0.14697,0.9847906940710327,0.14697,0.85303,0.015209305928967298,-0.884605
691,2.879167,walk,0.437925,-0.309469,0.945383,0.034913,-0.040743,-0.447324,-0.3472522198224243,-0.5821934245260606,0.09743220542357475,0.4020625164874423,0.30557110894158257,0.07815559030085326,-0.9892008639309342,-1.558915286777129,-0.1435085193184614,0.0026397888168907483,0.0009599232061445124,0.00623950083993267,0.032163,0.30457,-0.885609,0.06491099999999994,-0.05590800000000001,-0.920288,0.032747999999999944,0.360478,0.034679000000000015,0.15321,0.9885956504044635,0.15321,0.8467899999999999,0.01140434959553649,-0.885609
692,2.883333,walk,0.436353,-0.312074,0.945914,0.032968,-0.042731,-0.448026,-0.37734037445990753,-0.6253000480076698,0.1274603936629968,0.41420553904988056,1.2887577968602235,0.3091810724744216,-1.007681228996607,-1.5772923667786414,-0.14234277484397193,0.004320691310627225,0.0009601536245808668,0.015122419587133661,0.029537000000000035,0.30060400000000004,-0.886733,0.06650100000000003,-0.053298999999999985,-0.920756,0.036964,0.353903,0.034023000000000025,0.15977000000000002,0.97373860868574,0.15977000000000002,0.84023,0.026261391314259974,-0.886733
693,2.8875,walk,0.434944,-0.314451,0.946309,0.032063,-0.042634,-0.448421,-0.33813294936402877,-0.5704343652507362,0.09479241660664726,0.41403534369412864,0.16261284227524422,0.18677835306702864,-1.0227981761458564,-1.5922726181904479,-0.14182865370769338,-0.005999520038409223,-0.00191984641228882,0.006959443244540312,0.026683999999999986,0.296346,-0.8877189999999999,0.06788499999999997,-0.05093000000000003,-0.921122,0.04120099999999999,0.34727600000000003,0.03340300000000007,0.16597,0.9843551658142349,0.16597,0.83403,0.015644834185765122,-0.8877189999999999
694,2.891667,walk,0.433466,-0.316733,0.94673,0.030924,-0.042272,-0.448736,-0.3546916246700376,-0.5476361891048981,0.10103191744661001,0.5705636314096374,0.09703413817002586,0.1388958567860422,-1.053995680345622,-1.6241900647948906,-0.11375089992801148,0.0035997120230352605,0.008399328053757822,-0.0002399808015361281,0.023769999999999958,0.29186,-0.888614,0.06937799999999994,-0.04861300000000002,-0.9215439999999999,0.04560799999999998,0.340473,0.032929999999999904,0.17070000000000002,0.9847644212825033,0.17070000000000002,0.8292999999999999,0.0152355787174967,-0.888614
695,2.895833,walk,0.431982,-0.318981,0.947169,0.029343,-0.042128,-0.448849,-0.35621699471915513,-0.5396063370139141,0.10537686029766351,0.7105008126102442,0.28051400352690753,0.017588360113525374,-1.07561209793563,-1.6411425828132058,-0.10921747479596533,0.004320691310627225,0.005040806529042888,-0.008401344215074257,0.02077300000000004,0.287271,-0.8895080000000001,0.07088000000000005,-0.046343999999999996,-0.922018,0.05010700000000001,0.333615,0.03250999999999993,0.17490000000000006,0.9821533781219329,0.17490000000000006,0.8251,0.01784662187806707,-0.8895080000000001
696,2.9,walk,0.430507,-0.321213,0.947582,0.028974,-0.042031,-0.44927,-0.3539716822654359,-0.535637149028105,0.09911207103432099,0.18465068954839156,0.047851675345916334,0.2163969301995256,-1.0981521478282297,-1.6642668586513831,-0.08927285817134972,0.0023998080153479593,0.004319654427650306,-0.0028797696184302067,0.01767200000000002,0.28256800000000004,-0.890293,0.07236500000000001,-0.04409399999999997,-0.922443,0.05469299999999999,0.326662,0.03215000000000001,0.17850000000000005,0.9904676623567632,0.17850000000000005,0.8214999999999999,0.009532337643236799,-0.890293
697,2.904167,walk,0.42897,-0.323479,0.947824,0.027733,-0.042066,-0.449329,-0.36885049196060987,-0.5437964962802622,0.0580753539716702,0.5250341716403142,0.28322198408666477,-0.002204831724301079,-1.115190784737156,-1.6690664746819244,-0.10319174466042084,0.0011999040076871733,0.002639788816890467,0.003359731221501272,0.014561999999999964,0.277879,-0.890965,0.073907,-0.04181699999999999,-0.922671,0.05934500000000004,0.319696,0.03170600000000001,0.18294000000000005,0.9926032949328445,0.18294000000000005,0.8170599999999999,0.007396705067155507,-0.890965
698,2.908333,walk,0.427479,-0.325693,0.948211,0.027162,-0.041917,-0.449759,-0.35789726356220314,-0.5314450312050334,0.09289486317812215,0.28275870261414365,0.06899229262289339,0.21621184047970868,-1.1471435429669603,-1.6881901104178,-0.08209313490159124,-0.0009601536245809691,0.00048007681229048457,0.0016802688430150303,0.011274000000000006,0.27306,-0.891694,0.07539400000000002,-0.039601,-0.9230510000000001,0.06412000000000001,0.312661,0.03135700000000008,0.18643000000000004,0.9966768187458308,0.18643000000000004,0.8135699999999999,0.003323181254169194,-0.891694
699,2.9125,walk,0.426,-0.327857,0.94848,0.026111,-0.041565,-0.449862,-0.3549316054715426,-0.5193184545236063,0.06455483561313831,0.5278406097416889,0.07764120249649455,0.028392503285785176,-1.1615070794335771,-1.701223902087729,-0.06719462443004043,-0.002639788816890467,-0.0002399808015294417,0.003119750419966835,0.007913000000000003,0.268135,-0.892243,0.07686200000000004,-0.03743799999999997,-0.923307,0.06894900000000004,0.305573,0.03106399999999998,0.18936000000000003,0.9931770569917524,0.18936000000000003,0.81064,0.006822943008247595,-0.892243
700,2.916667,walk,0.424484,-0.329984,0.948763,0.025505,-0.04119,-0.450074,-0.36381089512841047,-0.5104391648668316,0.0679145668346643,0.34366669008960804,-0.02556320257874557,0.09889317931997879,-1.1790256779458184,-1.7122630189585621,-0.0638348932085468,0.0014398848092034469,-0.004799616030722562,0.005519558435325118,0.00451600000000002,0.263127,-0.892792,0.07838400000000001,-0.035331,-0.923567,0.07386799999999999,0.298458,0.030774999999999997,0.19225000000000003,0.9875752143292449,0.19225000000000003,0.80775,0.012424785670755112,-0.892792
701,2.920833,walk,0.422981,-0.332102,0.949054,0.024652,-0.041168,-0.450186,-0.36077772443589423,-0.5084013442150626,0.06985117618817144,0.37172296542157984,0.1768944584514167,0.03826028696071389,-1.1920307249159467,-1.7198751800287586,-0.06793086893902803,-0.018722995679313577,-0.00912145943350491,0.007201152184349005,0.0010530000000000261,0.25808,-0.893366,0.07980899999999996,-0.033250999999999975,-0.923828,0.07875599999999994,0.291331,0.03046199999999999,0.19538,0.9632724678587626,0.19538,0.80462,0.03672753214123736,-0.893366
702,2.925,walk,0.421424,-0.334259,0.949303,0.024016,-0.041045,-0.450368,-0.37365010799137177,-0.517638588912902,0.05975521958244927,0.30154782516125844,0.08828040706911443,0.08146928524024437,-1.2001439884809844,-1.7528197744181244,-0.038156947444206064,-0.007919366450672245,0.0007199424046017234,0.006959443244541054,-0.002391000000000032,0.25293299999999996,-0.893774,0.08133299999999999,-0.031091000000000035,-0.924048,0.08372400000000002,0.284024,0.030274000000000023,0.19726,0.98238777789274,0.19726,0.80274,0.01761222210725999,-0.893774
703,2.929167,walk,0.419829,-0.33612,0.948701,0.027916,-0.040688,-0.450459,-0.3827693784497038,-0.4466042716582405,-0.14446844252458718,-1.5915863957679335,-0.9919254640891972,0.1507971318138223,-1.2181425485960307,-1.7592992560594092,-0.027357811375089042,0.00383969282457764,-0.003119750419962672,0.00551955843532453,-0.005871999999999988,0.247463,-0.893286,0.08294400000000002,-0.02924300000000002,-0.923423,0.088816,0.276706,0.03013699999999997,0.19863000000000003,0.9876462321322453,0.19863000000000003,0.8013699999999999,0.012353767867754661,-0.893286
704,2.933333,walk,0.418339,-0.338122,0.948997,0.027371,-0.040344,-0.450634,-0.3576572251560131,-0.4805568891022441,0.07105136821890419,0.31028235612467286,-0.025899321928992167,0.08118343860753997,-1.2304368698991548,-1.7585213634180985,-0.00984157465194389,0.00888142102735303,0.0031204992798811544,0.011041766682669141,-0.009508000000000016,0.242139,-0.893623,0.08447099999999996,-0.02722800000000003,-0.923673,0.09397899999999998,0.269367,0.03005000000000002,0.1995,0.9758168006725887,0.1995,0.8005,0.02418319932741131,-0.893623
705,2.9375,walk,0.416796,-0.340228,0.949158,0.02623,-0.040644,-0.450677,-0.3702903767698793,-0.5053995680345795,0.03863690904727,0.424083652335651,0.3757160660357474,-0.007422136032109408,-1.2522198224142642,-1.776337892968645,-0.0023998080153596157,-0.014878809695226619,-0.002159827213818492,-0.005039596832253694,-0.013183,0.23684299999999997,-0.893794,0.08595199999999997,-0.025131000000000014,-0.923855,0.09913499999999997,0.261974,0.030061000000000004,0.19939000000000007,0.9735718285950189,0.19939000000000007,0.8006099999999999,0.026428171404981105,-0.893794
706,2.941667,walk,0.415456,-0.342333,0.950222,0.021927,-0.039172,-0.450695,-0.3215742740580919,-0.5051595872330501,0.2553395728342005,2.161877732643816,0.2978654062717056,-0.09513021842459257,-1.2534197264219382,-1.7789776817855358,0.009119270458364541,-0.007919366450672245,0.0007199424046017234,0.0007199424046075517,-0.01706599999999997,0.231535,-0.8948200000000001,0.08725900000000003,-0.023023000000000016,-0.924916,0.104325,0.254558,0.0300959999999999,0.19904,0.986692420798665,0.19904,0.80096,0.013307579201334963,-0.8948200000000001
707,2.945833,walk,0.413967,-0.34434,0.950415,0.021025,-0.038954,-0.450578,-0.35741718674987455,-0.4817570811329635,0.046327412385980184,0.43199258178108035,0.09891475348682702,-0.08443471841419413,-1.2772443590974254,-1.789966394623092,0.01416226596255446,-0.005520883341333322,0.0009601536245808668,0.0019203072491600678,-0.020897999999999972,0.22608499999999998,-0.894954,0.08872500000000005,-0.02101200000000003,-0.9251010000000001,0.10962300000000003,0.247097,0.030147000000000035,0.19852999999999998,0.9901272502166338,0.19852999999999998,0.80147,0.009872749783366164,-0.894954
708,2.95,walk,0.412483,-0.346296,0.950568,0.020817,-0.038702,-0.450701,-0.35613150947921646,-0.46940244780415025,0.03671706263497706,0.14534708432971724,-0.060760642716488886,0.06124022401608345,-1.2646988240939947,-1.7962562994959288,0.03719702423805759,-0.0016798656107460568,0.0021598272138315835,0.0067194624430042095,-0.024683999999999984,0.220556,-0.894952,0.09020200000000006,-0.01904699999999998,-0.925226,0.11488600000000004,0.23960299999999998,0.030274000000000023,0.19726000000000005,0.987907994194198,0.19726000000000005,0.80274,0.012092005805802053,-0.894952
709,2.954167,walk,0.410939,-0.34831,0.950602,0.020657,-0.038534,-0.450756,-0.3705303575714088,-0.4833213342932824,0.008159347252215033,0.10566223350319565,-0.036415914874661406,0.02592005861322742,-1.2747780177586336,-1.8051355891529504,0.035037197024239734,-0.0038396928245780495,-0.003119750419976326,0.006239500839933502,-0.028451999999999977,0.21504800000000002,-0.89484,0.09173000000000003,-0.017046000000000006,-0.9252339999999999,0.12018200000000001,0.23209400000000002,0.03039399999999992,0.19606000000000007,0.9867285336988638,0.19606000000000007,0.8039399999999999,0.013271466301136181,-0.89484
710,2.958333,walk,0.409428,-0.350306,0.950642,0.020717,-0.038578,-0.45076,-0.362698031685056,-0.4791166586653728,0.009601536245808668,-0.03518850288791937,0.0059999134270634046,0.003684097096793118,-1.2803648583773066,-1.8127700432068643,0.05592894863178052,-0.005040806529056213,-0.0007201152184289877,0.00864138262121864,-0.032275,0.209492,-0.894647,0.09321999999999997,-0.015052999999999983,-0.925238,0.12549499999999997,0.224545,0.030591000000000035,0.19408999999999998,0.9832832593888734,0.19408999999999998,0.80591,0.0167167406111266,-0.894647
711,2.9625,walk,0.407941,-0.352263,0.950711,0.02027,-0.038646,-0.450713,-0.35685145188386946,-0.46964242860572974,0.016558675305972857,0.17600650046218627,0.12476463988612006,-0.03577180117626765,-1.293736501079981,-1.8209743220543215,0.07919366450684234,-0.006959443244527732,-0.010079193664504058,0.002639788816894911,-0.03617900000000002,0.203861,-0.894386,0.09467800000000004,-0.013137999999999983,-0.925296,0.13085700000000006,0.21699899999999997,0.030909999999999993,0.19090000000000001,0.9791172266503527,0.19090000000000001,0.8090999999999999,0.020882773349647277,-0.894386
712,2.966667,walk,0.406486,-0.354213,0.950796,0.019971,-0.038575,-0.450824,-0.3491720662346761,-0.46796256299493366,0.02039836813054873,0.1449228961328129,0.03623098801230055,0.05259640715798802,-1.2783777297815326,-1.823614110871018,0.06287497000239559,0.0028797696184332303,0.006239500839925344,0.004799616030717054,-0.040051,0.198212,-0.894209,0.09614500000000004,-0.011162000000000005,-0.925361,0.13619600000000004,0.209374,0.031151999999999958,0.18848000000000004,0.9860297182652886,0.18848000000000004,0.81152,0.013970281734711376,-0.894209
713,2.970833,walk,0.405001,-0.356157,0.950765,0.020082,-0.038342,-0.45088,-0.35645703312533167,-0.4666346615458846,-0.007441190590495848,0.003763881870427399,-0.12284391179878784,0.03258695093086613,-1.2846855496880574,-1.8252520403265968,0.08521363418147607,0.0,0.004080652904462456,0.0024003840614499243,-0.04391800000000001,0.192552,-0.8938229999999999,0.09763000000000005,-0.009201000000000015,-0.9253199999999999,0.14154800000000006,0.20175300000000002,0.031497,0.18503000000000003,0.992109504351373,0.18503000000000003,0.81497,0.007890495648626983,-0.8938229999999999
714,2.975,walk,0.403558,-0.358039,0.950746,0.020097,-0.038141,-0.45089,-0.3462922966162562,-0.451643868490492,-0.004559635229179287,0.037291803695567394,-0.08921325950027353,0.005843203493585017,-1.328293736501002,-1.8555315574752862,0.056155507559391374,0.002879769618406587,0.00023998080154276333,-0.0028797696184298996,-0.04801,0.186702,-0.89357,0.09908499999999998,-0.007317999999999991,-0.9253129999999999,0.14709499999999998,0.19402,0.031742999999999966,0.18257000000000007,0.9932005439565117,0.18257000000000007,0.8174299999999999,0.006799456043488306,-0.89357
715,2.979167,walk,0.402119,-0.359945,0.950691,0.020078,-0.038327,-0.450915,-0.3453323734101353,-0.45740340772740723,-0.013198944084480383,-0.03185730449971172,0.08430915267094047,0.012883855626208978,-1.283897288216993,-1.8298536117111517,0.09047276217903037,0.002159827213831814,-0.0014398848092167685,0.005519558435325118,-0.051920999999999995,0.180983,-0.893138,0.10053299999999998,-0.005417999999999978,-0.9252349999999999,0.15245399999999998,0.18640099999999998,0.03209699999999993,0.17903000000000002,0.9898342012421838,0.17903000000000002,0.82097,0.010165798757816202,-0.893138
716,2.983333,walk,0.400427,-0.361823,0.949933,0.022278,-0.040439,-0.450992,-0.4061449831973069,-0.45079212674026387,-0.18194911185787438,-1.3991545191399173,0.43183418493903836,0.09312580898202645,-1.2789246279404354,-1.8408545367258213,0.09529524723955608,-0.0009601536245808668,-0.0026404224675907213,0.0060009601536245875,-0.05555699999999997,0.17519200000000001,-0.891983,0.102221,-0.003550999999999971,-0.924452,0.15777799999999997,0.17874299999999999,0.03246900000000008,0.17531000000000002,0.988956494045576,0.17531000000000002,0.8246899999999999,0.011043505954424049,-0.891983
717,2.9875,walk,0.398969,-0.363731,0.949837,0.022221,-0.040701,-0.45104,-0.3498920086393151,-0.45788336933047946,-0.023038156947441654,-0.031769906049352335,0.12561582489765105,0.024202956038463216,-1.285337173026223,-1.8312934965203618,0.10775137988961328,-0.008159347252215033,-0.011519078473734148,0.01079913606911494,-0.059455000000000036,0.16946900000000004,-0.8914380000000001,0.10364499999999999,-0.001690999999999998,-0.924311,0.16310000000000002,0.17116000000000003,0.03287299999999993,0.17127000000000003,0.9703780554174999,0.17127000000000003,0.82873,0.029621944582500115,-0.8914380000000001
718,2.991667,walk,0.397623,-0.365669,0.950458,0.02051,-0.038424,-0.451155,-0.32301415886727425,-0.46508279337650044,0.14902807775376647,1.2280203872474331,-0.604090093524039,0.021871751041457697,-1.270458363330848,-1.8260139188863789,0.1147108231341421,0.008399328053756927,-0.017038636909043295,0.011759059275257366,-0.06340299999999999,0.16379800000000003,-0.8915810000000001,0.10502600000000001,0.00017600000000000948,-0.924883,0.168429,0.16362200000000002,0.03330199999999994,0.16698000000000002,0.962764289298822,0.16698000000000002,0.83302,0.03723571070117804,-0.8915810000000001
719,2.995833,walk,0.396124,-0.367546,0.950433,0.020842,-0.038106,-0.451328,-0.3598175708113267,-0.45055208833411203,-0.006000960153637079,-0.07080434441018016,-0.2047922413843733,0.10083126660740997,-1.256120979356673,-1.8288526164185803,0.13778204512721615,0.020883341334600538,0.01344215074411881,0.006961113778203788,-0.067137,0.15805599999999997,-0.8909819999999999,0.10661199999999998,0.002108999999999972,-0.924829,0.173749,0.155947,0.03384700000000007,0.16153,0.9570121959492466,0.16153,0.83847,0.04298780405075342,-0.8909819999999999
720,3.0,walk,0.394677,-0.369479,0.950286,0.020314,-0.038803,-0.4511,-0.3472522198224243,-0.463882889368876,-0.03527717782577752,0.07168935767252865,0.40849027488897055,-0.1351774457139159,-1.2625389968802976,-1.8228941684666038,0.12934965202784482,0.0026397888169173915,-0.0019198464122890248,0.0019198464122873594,-0.07095099999999999,0.152393,-0.890296,0.10807000000000005,0.004033999999999982,-0.924674,0.17902100000000004,0.14835900000000002,0.03437800000000002,0.15621999999999997,0.9936886113758376,0.15621999999999997,0.84378,0.006311388624162362,-0.890296
721,3.004167,walk,0.393194,-0.371323,0.950208,0.021065,-0.038201,-0.451399,-0.35589152867772494,-0.4425245980321806,-0.018718502519778028,-0.18679177531989802,-0.41457899595217335,0.1787403585046902,-1.2529397648188791,-1.8382529397649028,0.12646988240941295,0.0019198464122623816,-0.005519558435324285,0.0028797696184310394,-0.074689,0.146577,-0.889691,0.10956099999999996,0.005854999999999999,-0.9245840000000001,0.18424999999999997,0.140722,0.03489300000000006,0.15107000000000004,0.9891417710899272,0.15107000000000004,0.84893,0.01085822891007282,-0.889691
722,3.008333,walk,0.391704,-0.373216,0.950038,0.021163,-0.038486,-0.451402,-0.3576572251560131,-0.4543927028324355,-0.040806529044646864,-0.10379943146014767,0.10102979153343278,0.00366602237354014,-1.2587614018242503,-1.8341334613537685,0.13466154584733164,0.005040806529056213,-0.021363418146904296,0.007201152184349005,-0.07844299999999998,0.14082899999999998,-0.8889600000000001,0.111072,0.007658999999999971,-0.9243840000000001,0.189515,0.13317,0.03542400000000001,0.14576000000000006,0.9614981256529486,0.14576000000000006,0.8542399999999999,0.038501874347051435,-0.8889600000000001
723,3.0125,walk,0.390244,-0.375095,0.949886,0.021225,-0.038688,-0.45142,-0.35037197024236333,-0.4509239260858903,-0.03647708183346094,-0.07014608228435212,0.07350876555270926,0.010909596673198097,-1.267578593712428,-1.8495320374368904,0.09983201343891873,0.003599712023034877,0.00863930885529969,0.009839212862970213,-0.08226499999999998,0.135001,-0.888392,0.11254700000000001,0.009574000000000027,-0.924191,0.19481199999999999,0.12542699999999998,0.035799000000000025,0.14201000000000003,0.9773673236528293,0.14201000000000003,0.85799,0.0226326763471707,-0.888392
724,3.016667,walk,0.388781,-0.376955,0.949763,0.021698,-0.038398,-0.451606,-0.35109191264700235,-0.44636429085674534,-0.02951763858891045,-0.13698733251692385,-0.22290830213224794,0.111448795176616,-1.2215022798176665,-1.8274538036957904,0.1375089992800632,0.0035997120230352605,-0.0016798656107595575,0.0043196544276461425,-0.08589199999999997,0.12924599999999997,-0.887696,0.11402499999999999,0.011426999999999965,-0.92405,0.19991699999999996,0.11781900000000001,0.036354,0.13646000000000003,0.9902191670581239,0.13646000000000003,0.86354,0.00978083294187615,-0.887696
725,3.020833,walk,0.387354,-0.378783,0.949628,0.021872,-0.038375,-0.451703,-0.34253480556888444,-0.43879020643301636,-0.03240518482957094,-0.06820582004986456,-0.04559475670263935,0.05621845053081226,-1.2165146423427455,-1.811089774363841,0.13874219875179866,0.0016802688430098544,-0.012241958713386064,-0.0002400384061452167,-0.08953299999999997,0.123529,-0.8869830000000001,0.11545899999999998,0.013203999999999994,-0.9239160000000001,0.20499199999999995,0.110325,0.036932999999999994,0.13066999999999995,0.9794015591905154,0.13066999999999995,0.86933,0.020598440809484586,-0.8869830000000001
726,3.025,walk,0.385862,-0.380664,0.949377,0.022606,-0.038559,-0.451895,-0.3580513558915434,-0.4514038876890107,-0.060235181185508205,-0.35157471383213357,-0.07613829857846731,0.12058563162861513,-1.1943844492441171,-1.780417566594756,0.1696664266858727,-0.0038396928245514063,-0.027837772978164217,0.0009599232061436797,-0.09301799999999999,0.11799100000000001,-0.8860250000000001,0.11693500000000007,0.01496900000000001,-0.9236610000000001,0.20995300000000006,0.103022,0.037636,0.12363999999999997,0.9531371297788129,0.12363999999999997,0.87636,0.04686287022118707,-0.8860250000000001
727,3.029167,walk,0.384421,-0.382542,0.949235,0.022532,-0.038514,-0.451995,-0.3458123350131707,-0.4506839452843476,-0.03407727381808659,0.042744910486920445,-0.0012381524682265447,0.05207488022986192,-1.1999040076793137,-1.7698584113269908,0.19702423806094033,0.007199424046069754,-0.003599712023034877,0.013198944084472317,-0.09657700000000002,0.11249399999999998,-0.885062,0.11840600000000001,0.016832000000000014,-0.9234640000000001,0.21498300000000004,0.09566199999999997,0.03840200000000005,0.11598000000000008,0.9742338638374504,0.11598000000000008,0.8840199999999999,0.025766136162549635,-0.885062
728,3.033333,walk,0.382985,-0.384353,0.949099,0.022631,-0.038339,-0.452086,-0.34469515122422145,-0.4347095535286007,-0.0326452232357263,-0.0031298153741708963,-0.09458766727789748,0.05154103990293569,-1.218434949592024,-1.8043686989919807,0.150504080652917,0.006961113778192039,-0.006000960153624394,0.0079212674027855,-0.100217,0.106788,-0.8842990000000001,0.11987099999999995,0.018618000000000023,-0.923295,0.22008799999999995,0.08816999999999997,0.03899599999999992,0.11004000000000008,0.9797779613440658,0.11004000000000008,0.8899599999999999,0.020222038655934194,-0.8842990000000001
729,3.0375,walk,0.381472,-0.386229,0.948879,0.023123,-0.038251,-0.452322,-0.36309095272377007,-0.4502039836812754,-0.05279577633788927,-0.1883332368219874,-0.13944589254980397,0.1389090407877266,-1.1996640268777843,-1.775137988960772,0.140148788096944,0.008159347252214164,-0.008879289656829133,0.011999040076792637,-0.10370299999999999,0.101267,-0.883495,0.12141799999999997,0.020457000000000003,-0.923025,0.22512099999999996,0.08080999999999999,0.039529999999999954,0.10470000000000007,0.9716473744525327,0.10470000000000007,0.8953,0.028352625547467314,-0.883495
730,3.041667,walk,0.380079,-0.388049,0.948793,0.023341,-0.037949,-0.452625,-0.3342932565394867,-0.4367650587953135,-0.020638348932093695,-0.023704251635619348,-0.17037618732120813,0.1688052255673845,-1.218622510199233,-1.8017758579314513,0.09743220542357142,-0.004319654427636984,-0.007919366450685566,0.0064794816414696305,-0.10738799999999998,0.09557899999999997,-0.883003,0.12279299999999999,0.022243999999999986,-0.922912,0.23018099999999997,0.07333499999999998,0.03990899999999997,0.10091,0.9814887825527489,0.10091,0.89909,0.01851121744725115,-0.883003
731,3.045833,walk,0.378617,-0.389899,0.948594,0.023596,-0.037947,-0.452751,-0.35093614978396037,-0.4440710513682111,-0.04776764282283816,-0.10709085177275693,-0.05355990885483082,0.07396741861147396,-1.1874699951992076,-1.7592414786365276,0.1411425828132475,-0.00048007681227710855,-0.00912145943350491,0.0019203072491592351,-0.110873,0.09010000000000001,-0.882216,0.12425300000000006,0.024056000000000022,-0.922705,0.23512600000000006,0.06604399999999999,0.040489,0.09510999999999992,0.9844437333211611,0.09510999999999992,0.9048900000000001,0.015556266678838915,-0.882216
732,3.05,walk,0.377125,-0.391753,0.948383,0.024112,-0.037637,-0.453045,-0.3580513558915434,-0.44492440604754185,-0.050635949124089724,-0.14952566384170926,-0.23856523583401917,0.1711639553439875,-1.1451883849292577,-1.7012239020879134,0.19150467962563705,0.0038396928245780495,-0.008159347252228355,0.0021598272138234876,-0.114153,0.08486500000000002,-0.881207,0.12576100000000007,0.02587600000000001,-0.922485,0.23991400000000007,0.058989000000000014,0.04127800000000004,0.08722000000000008,0.9845454930914479,0.08722000000000008,0.9127799999999999,0.015454506908552101,-0.881207
733,3.054167,walk,0.375663,-0.393611,0.948239,0.024385,-0.0374,-0.453417,-0.3508519318454222,-0.44588432925362553,-0.03455723542114548,-0.06056257266288111,-0.15297714366957182,0.20708997555555156,-1.1754259659226445,-1.7508999280056587,0.16606671466281642,0.003839692824550997,-0.0011999040076738517,0.005039596832253157,-0.117589,0.07942699999999997,-0.880371,0.12723899999999994,0.027729000000000004,-0.92232,0.24482799999999993,0.051697999999999966,0.041949000000000014,0.08051000000000003,0.9892528366990534,0.08051000000000003,0.9194899999999999,0.010747163300946605,-0.880371
734,3.058333,walk,0.374155,-0.395433,0.948054,0.024591,-0.037204,-0.453676,-0.36197791646662697,-0.43734997599614506,-0.0444071051368451,-0.04224233100186529,-0.12323639044254174,0.1449758102259552,-1.164906385021584,-1.7217954872779138,0.14450312049927722,0.0033605376860463584,-0.005040806529042888,0.0,-0.12093400000000004,0.07407599999999998,-0.8795839999999999,0.12876100000000001,0.02953,-0.9221349999999999,0.24969500000000006,0.044545999999999975,0.042551000000000005,0.07448999999999995,0.9899028408832293,0.07448999999999995,0.92551,0.010097159116770671,-0.8795839999999999
735,3.0625,walk,0.372683,-0.397247,0.947942,0.024899,-0.036774,-0.454119,-0.3532517398608342,-0.43532517398611004,-0.026877849772019704,-0.03258218724536169,-0.24167204503872736,0.24685337180449907,-1.1442284617231064,-1.6949844012479742,0.14902807775378568,-0.0011999040076873012,-0.004799616030722562,-0.0009599232061436797,-0.12422999999999998,0.06882700000000003,-0.8788509999999999,0.130228,0.03132400000000002,-0.9220269999999999,0.25445799999999996,0.03750300000000001,0.04317599999999999,0.06824000000000002,0.9916006719462331,0.06824000000000002,0.9317599999999999,0.008399328053766864,-0.8788509999999999
736,3.066667,walk,0.37119,-0.399134,0.947686,0.025708,-0.036659,-0.454555,-0.3582913366930729,-0.4528437724982141,-0.06143508519316886,-0.31564399414227456,-0.21596256752433043,0.25460911514768986,-1.1643868490521279,-1.6961843052556616,0.1437485001199975,-0.0035997120230352605,-0.02111831053515263,0.013918886489081276,-0.127589,0.06364599999999998,-0.877996,0.131706,0.033123000000000014,-0.921713,0.259295,0.030522999999999967,0.043717000000000006,0.06282999999999994,0.9574207807726504,0.06282999999999994,0.9371700000000001,0.04257921922734964,-0.877996
737,3.070833,walk,0.369667,-0.400942,0.947601,0.026108,-0.036128,-0.455143,-0.3655784925587986,-0.4339894383101254,-0.020403264522323432,-0.0481843432443135,-0.3017034750811167,0.3279961735500504,-1.1469035045606994,-1.679068650984105,0.1149783965434422,0.0021603456553136125,0.0048007681228910085,0.014402304368698843,-0.13084400000000002,0.05845900000000004,-0.877432,0.13323800000000002,0.03495100000000001,-0.921568,0.26408200000000004,0.02350800000000003,0.044136000000000064,0.05864000000000008,0.9744428288467231,0.05864000000000008,0.94136,0.025557171153276936,-0.877432
738,3.075,walk,0.368181,-0.402774,0.94738,0.02707,-0.036172,-0.455668,-0.35661147108230196,-0.4396448284137002,-0.05303575713943203,-0.41487908550862673,-0.17958887440660756,0.3057514978214596,-1.1411087113030285,-1.6671466282696457,0.11471082313414377,0.006239500839925344,0.00383969282457764,0.003119750419966002,-0.13411299999999998,0.053344,-0.876733,0.13475000000000004,0.036799000000000026,-0.921334,0.268863,0.016544999999999976,0.044601,0.05398999999999998,0.9867285336988816,0.05398999999999998,0.94601,0.013271466301118418,-0.876733
739,3.079167,walk,0.366658,-0.404579,0.947239,0.027378,-0.03552,-0.456387,-0.36549076073915676,-0.43316534677227825,-0.033837293016547434,0.019097204560621837,-0.33012501998658167,0.39737109779838414,-1.1262299016079234,-1.6515478761699816,0.07631389488841213,0.006479481641468798,0.002879769618433537,0.0004799616030722562,-0.137283,0.048267000000000004,-0.876274,0.13630000000000003,0.03861600000000004,-0.9211910000000001,0.273583,0.009650999999999965,0.044917000000000096,0.05083000000000004,0.9881552732621681,0.05083000000000004,0.94917,0.011844726737831879,-0.876274
740,3.083333,walk,0.365165,-0.40642,0.947108,0.027401,-0.035276,-0.457041,-0.3583773403744421,-0.44191070571289753,-0.031445031205016724,0.05048945877040158,-0.09494573079164614,0.35447423099238434,-1.1147383581372736,-1.632741238598125,0.10633701392222439,-0.0028804608737426,0.01200192030724751,0.0033605376860288694,-0.14043400000000003,0.04330600000000001,-0.8756999999999999,0.137781,0.040507000000000015,-0.9210459999999999,0.278215,0.002798999999999996,0.045346,0.046540000000000026,0.9786799286374251,0.046540000000000026,0.95346,0.021320071362574855,-0.8756999999999999
741,3.0875,walk,0.363558,-0.408322,0.946739,0.027958,-0.035456,-0.457668,-0.3856491480681782,-0.4564434845212627,-0.08855291576673135,-0.27091604599936425,-0.03131870441067886,0.35051046478373726,-1.107751379889655,-1.6102711783058075,0.0955123590112824,0.004319654427636984,-0.01103911687064857,0.008639308855292285,-0.143443,0.03849800000000003,-0.874933,0.13940599999999997,0.04236300000000004,-0.920641,0.28284899999999996,0.0038650000000000073,0.04570800000000008,0.042920000000000014,0.9755528249101153,0.042920000000000014,0.9570799999999999,0.0244471750898847,-0.874933
742,3.091667,walk,0.361952,-0.41028,0.946346,0.028312,-0.035973,-0.458115,-0.3854091672665943,-0.46988240940720916,-0.09431245500358837,-0.26036101600275624,0.15305562204919906,0.24736706461132815,-1.112790976721795,-1.607391408687216,0.10055195584352704,-0.00407967362609376,0.009359251259888016,0.006479481641468107,-0.146474,0.033757999999999955,-0.874121,0.14099500000000004,0.044359999999999955,-0.9202210000000001,0.28746900000000003,0.010602,0.04610000000000003,0.03899999999999998,0.9798462160029933,0.03899999999999998,0.9610000000000001,0.020153783997006736,-0.874121
743,3.095833,walk,0.360379,-0.411899,0.946391,0.02904,-0.034395,-0.459237,-0.37758041286608635,-0.3886221795487675,0.010801728276515914,0.04883518829160125,-0.8080309308656465,0.6309465235361661,-1.1015362457994176,-1.5900144023044858,0.07417186749880658,-0.004080652904475781,0.006000960153624394,0.006481036965915712,-0.14949,0.02875300000000003,-0.873857,0.14255099999999998,0.04600399999999999,-0.920239,0.292041,0.01725099999999996,0.046382000000000034,0.036180000000000045,0.9837838308533187,0.036180000000000045,0.9638199999999999,0.016216169146681336,-0.873857
744,3.1,walk,0.3587,-0.413803,0.946158,0.029886,-0.0343,-0.460122,-0.4029277657787098,-0.45692344612427294,-0.05591552675783862,-0.331431131321386,-0.2065987235885533,0.49881256771597293,-1.0717542596591614,-1.5661147108230464,0.05543556515478306,-0.0011999040076871733,0.0021598272138315835,0.00551955843532453,-0.15227700000000002,0.024130999999999958,-0.8733930000000001,0.14422499999999994,0.04791699999999999,-0.9199830000000001,0.29650199999999993,0.02378600000000003,0.04659000000000002,0.034100000000000075,0.9899211237754079,0.034100000000000075,0.9659,0.010078876224592137,-0.8733930000000001
745,3.104167,walk,0.357064,-0.415594,0.945986,0.030397,-0.033587,-0.46084,-0.39260859131271925,-0.4298056155507858,-0.04127669786418739,-0.053396886220442474,-0.400011188345534,0.40436946205785407,-1.0873530117591106,-1.561075113990948,0.05567554595632843,-0.00215982721380517,0.0,0.003599712023038591,-0.155172,0.019417000000000018,-0.872989,0.14585200000000004,0.04970800000000003,-0.919796,0.30102400000000007,0.030291000000000012,0.04680699999999993,0.031930000000000014,0.993003417452804,0.031930000000000014,0.96807,0.00699658254719604,-0.872989
746,3.108333,walk,0.355386,-0.417469,0.945761,0.030845,-0.033389,-0.461661,-0.40278444551127385,-0.4500720115218216,-0.05400864138262712,-0.13993069957095672,-0.16437002573928738,0.4556913684161974,-1.0470475276043825,-1.561449831973069,0.02256361017762705,-0.0004800768123037582,0.0004800768122904334,0.006481036965914188,-0.15785599999999997,0.014786999999999995,-0.87267,0.147528,0.05158499999999999,-0.9195439999999999,0.305384,0.036798,0.04687399999999997,0.03126000000000001,0.9891391646979519,0.03126000000000001,0.9687399999999999,0.010860835302048066,-0.87267
747,3.1125,walk,0.35375,-0.419316,0.945507,0.031249,-0.033333,-0.462616,-0.3926085913127059,-0.4432445404367956,-0.060955123590109926,-0.1516157287538809,-0.09101778531556576,0.5263687926154126,-1.0458363330934004,-1.5027597792177287,0.05855531557475531,-0.0007199424046017234,0.0033597312215057932,0.005999520038397374,-0.160578,0.010372000000000048,-0.872172,0.149161,0.05344600000000005,-0.919265,0.309739,0.043074,0.04709300000000005,0.02907000000000004,0.9884770336045988,0.02907000000000004,0.97093,0.01152296639540118,-0.872172
748,3.116667,walk,0.352013,-0.421194,0.945137,0.031617,-0.03354,-0.463443,-0.41684665226779044,-0.4506839452843476,-0.08879289656826468,-0.19592145773386188,0.025921421475136288,0.4550207394448464,-1.0383969282456764,-1.5130789536836144,-0.0021598272138215924,-0.0007199424046016468,0.0021598272138182617,0.006479481641468107,-0.163168,0.005945000000000034,-0.871811,0.150895,0.05533300000000002,-0.918868,0.314063,0.04938799999999999,0.047057000000000015,0.02943000000000001,0.9885536452913777,0.02943000000000001,0.9705699999999999,0.01144635470862232,-0.871811
749,3.120833,walk,0.350335,-0.423033,0.944888,0.031701,-0.033427,-0.464356,-0.40278444551127385,-0.4414306289006071,-0.059769563130112315,-0.0030992417725646416,-0.0451404722719774,0.49729000792918365,-1.0369659145463035,-1.4935189630340457,0.023523763802207918,-0.007921267402798813,0.01056168987037621,0.005040806529044554,-0.16581,0.0015620000000000078,-0.8714639999999999,0.15253999999999995,0.05721599999999999,-0.9185979999999999,0.31834999999999997,0.05565399999999998,0.04713400000000001,0.02866000000000002,0.9764471338941574,0.02866000000000002,0.97134,0.023552866105842618,-0.8714639999999999
750,3.125,walk,0.348605,-0.424902,0.944548,0.032009,-0.033432,-0.465282,-0.4151667866570886,-0.4485241180705771,-0.08159347252217698,-0.12456643674987654,-0.044459368902156474,0.5087219302138519,-1.026157907367458,-1.4857211423086836,0.02111831053515596,-0.0019198464122890248,0.007199424046083843,0.002159827213822655,-0.168356,-0.0027599999999999847,-0.871036,0.15426199999999995,0.05911500000000003,-0.9182490000000001,0.32261799999999996,0.06187500000000001,0.04721300000000006,0.027870000000000117,0.9870704504637549,0.027870000000000117,0.9721299999999999,0.012929549536245144,-0.871036
751,3.129167,walk,0.346906,-0.426748,0.944359,0.03205,-0.033259,-0.466234,-0.4077273818094753,-0.4430045596352528,-0.045356371490308224,0.028879542558746453,-0.05995293902996159,0.5182027370292471,-1.0062395008399794,-1.4533237341013396,-0.0014398848092134382,-0.0007199424046017234,0.00479961603070924,0.0028797696184310394,-0.17085,-0.006969999999999976,-0.870853,0.15595799999999999,0.06098100000000001,-0.918048,0.326808,0.06795099999999998,0.04719499999999999,0.02805000000000002,0.9905943716372377,0.02805000000000002,0.97195,0.009405628362762264,-0.870853
752,3.133333,walk,0.345149,-0.428563,0.944064,0.032363,-0.032832,-0.467107,-0.421747479596726,-0.43566970715313524,-0.07081132981275232,-0.030269445155323357,-0.23043092777021454,0.4841194421729943,-0.9618338934229173,-1.4512722035525276,-0.05376860297647524,-0.0019203072491617336,0.01056168987037621,-0.0004800768122904334,-0.17309999999999998,-0.011200999999999961,-0.8707820000000001,0.15770699999999999,0.06284000000000001,-0.917755,0.33080699999999996,0.07404099999999997,0.04697299999999993,0.03027000000000002,0.9820907110852986,0.03027000000000002,0.96973,0.01790928891470145,-0.8707820000000001
753,3.1375,walk,0.343596,-0.430216,0.944,0.032202,-0.032027,-0.468026,-0.37269018478518756,-0.39668826493877113,-0.01535877129831056,0.25618472334631653,-0.283686352099882,0.5005553158929475,-0.9637628989680286,-1.4427645788336096,-0.06503479721621717,-0.002639788816890467,0.00479961603072205,0.0016798656107510524,-0.17556300000000002,-0.015560000000000018,-0.8709889999999999,0.15924899999999997,0.06451299999999999,-0.9176839999999999,0.334812,0.080073,0.04669500000000004,0.03304999999999997,0.9904508948193608,0.03304999999999997,0.96695,0.009549105180639228,-0.8709889999999999
754,3.141667,walk,0.341908,-0.431995,0.943723,0.032634,-0.031957,-0.468998,-0.40508759299258457,-0.4269258459323522,-0.06647468202543422,-0.16051617421266157,-0.10352338088703505,0.538507207957052,-0.945764338852935,-1.4211663066955251,-0.06167506599472497,-0.002879769618433537,0.002879769618433537,0.005279577633789822,-0.177816,-0.01970299999999997,-0.870969,0.16092499999999998,0.06630400000000003,-0.917385,0.33874099999999996,0.086007,0.04641600000000001,0.03584000000000004,0.9888869338537268,0.03584000000000004,0.9641599999999999,0.011113066146273165,-0.870969
755,3.145833,walk,0.340085,-0.433894,0.943284,0.032897,-0.032087,-0.46977,-0.4375900144022836,-0.4558329332693068,-0.10537686029763686,-0.1354483807872477,0.014445953825023897,0.4245818155162953,-0.9546327412385673,-1.3895823331732668,-0.049687950072009886,-0.0007201152184289877,0.0014402304368713,0.007201152184349005,-0.17997000000000002,-0.023592999999999975,-0.870737,0.16274499999999997,0.06820900000000002,-0.9169160000000001,0.342715,0.091802,0.04617900000000008,0.03821000000000002,0.987701691351466,0.03821000000000002,0.9617899999999999,0.012298308648533984,-0.870737
756,3.15,walk,0.338232,-0.435774,0.942969,0.033055,-0.032025,-0.47067,-0.44468442524601237,-0.4511639068874679,-0.0755939524838204,-0.04665690757771832,-0.04019437281544194,0.4933578509969187,-0.9212862970962765,-1.394768418526591,-0.08447324214063383,-0.002879769618433537,0.002399808015361281,0.007439404847612478,-0.18195599999999998,-0.02752500000000002,-0.8707739999999999,0.164586,0.07009900000000002,-0.91657,0.346542,0.09762400000000004,0.04579600000000006,0.04204000000000008,0.9861158667644876,0.04204000000000008,0.9579599999999999,0.013884133235512408,-0.8707739999999999
757,3.154167,walk,0.33646,-0.437608,0.942641,0.03341,-0.031792,-0.471517,-0.42524598032154737,-0.4401247900167724,-0.0787137029037617,-0.09174050037108761,-0.15825348211112086,0.4708118431334047,-0.9090472762178438,-1.3686105111590139,-0.11087113030956612,-0.00503959683223817,0.006479481641468107,0.00791936645068389,-0.18397199999999997,-0.03139399999999998,-0.8709079999999999,0.16633700000000007,0.07196000000000002,-0.9162089999999999,0.35030900000000004,0.103354,0.045301000000000036,0.04698999999999992,0.9809899453830754,0.04698999999999992,0.9530100000000001,0.01901005461692462,-0.8709079999999999
758,3.158333,walk,0.334688,-0.439358,0.94247,0.033866,-0.031087,-0.472865,-0.4253480556889429,-0.4200672107537609,-0.041046567450776464,-0.024094804275603787,-0.36874818780503055,0.7500254143613045,-0.879260681709143,-1.3730196831494133,-0.13706192990879676,-0.005760921747485814,0.007681228996634428,0.006721075372060121,-0.18586299999999997,-0.03536399999999995,-0.871308,0.16808500000000004,0.07374200000000003,-0.91601,0.35394800000000004,0.10910599999999998,0.04470200000000002,0.05297999999999997,0.9804663856365278,0.05297999999999997,0.94702,0.01953361436347223,-0.871308
759,3.1625,walk,0.332843,-0.441296,0.94196,0.034468,-0.031706,-0.473914,-0.4427645788336629,-0.46508279337650044,-0.12239020878329239,-0.3889956380024926,0.15094964319625434,0.5803940238985654,-0.8668106551475364,-1.3410127189824086,-0.1559875209983101,0.005279577633780934,0.005759539236866461,-0.007679385649147787,-0.18763,-0.03901399999999999,-0.871448,0.169952,0.07570400000000005,-0.915532,0.35758199999999996,0.11471800000000004,0.04408400000000001,0.05915999999999999,0.9817411211734871,0.05915999999999999,0.94084,0.018258878826512892,-0.871448
760,3.166667,walk,0.330985,-0.443145,0.941585,0.034863,-0.031491,-0.474943,-0.4458843292536864,-0.4437245020398546,-0.08999280057596144,-0.11147420572807817,-0.15498026296513168,0.572137391879258,-0.848572114230903,-1.3105351571874833,-0.18526517878570772,-0.003119750419976326,0.009599232061431802,0.00719942404607635,-0.18930799999999998,-0.042626,-0.871845,0.17179699999999998,0.07759300000000002,-0.915127,0.36110499999999995,0.12021900000000002,0.04328200000000004,0.06718000000000002,0.979336706898505,0.06718000000000002,0.93282,0.02066329310149495,-0.871845
761,3.170833,walk,0.329136,-0.445012,0.941124,0.035421,-0.031535,-0.475584,-0.4438310129620593,-0.44815170427267315,-0.11065770523284496,-0.24193954401787596,-0.09234469268387499,0.36248356128097486,-0.8065290446471219,-1.3353336533845013,-0.2359577532405115,-0.0028804608737159508,0.0040806529044620215,0.0021603456553052846,-0.190819,-0.046321999999999974,-0.872367,0.17363400000000007,0.07947700000000002,-0.9146569999999999,0.364453,0.125799,0.04228999999999994,0.07710000000000006,0.9909299215484682,0.07710000000000006,0.9228999999999999,0.009070078451531849,-0.872367
762,3.175,walk,0.327263,-0.446816,0.940708,0.035619,-0.031859,-0.476116,-0.4494840412767083,-0.43292536597073544,-0.09983201343892271,-0.15461661900070378,0.10510671163840145,0.2920813499062284,-0.8240940724742379,-1.2982961363091607,-0.21838252939765676,-0.002159827213831814,0.002399808015361281,0.002159827213822655,-0.19238000000000002,-0.04992800000000003,-0.872861,0.175498,0.081291,-0.9142319999999999,0.36787800000000004,0.13121900000000003,0.041370999999999936,0.08628999999999998,0.9935259523013098,0.08628999999999998,0.91371,0.0064740476986902,-0.872861
763,3.179167,walk,0.325411,-0.448604,0.94029,0.035915,-0.031814,-0.476685,-0.4444444444444222,-0.429085673146125,-0.1003119750419976,-0.11121768169258074,-0.07200088321070204,0.317995370849611,-0.7952963762898511,-1.2788576913846048,-0.25269978401726284,-0.004079673626120404,0.005999520038395902,0.004559635229181785,-0.19384200000000001,-0.05346899999999999,-0.8734959999999999,0.17733299999999996,0.08310400000000001,-0.9137949999999999,0.371175,0.136573,0.040298999999999974,0.09700999999999999,0.9857182856800526,0.09700999999999999,0.90299,0.014281714319947403,-0.8734959999999999
764,3.183333,walk,0.323574,-0.450411,0.939938,0.036067,-0.031652,-0.477137,-0.44095055208833,-0.4337493999039735,-0.08449351896300968,-0.02431699974051857,-0.09149977345228057,0.251880795572418,-0.7758041286605608,-1.2604416706672736,-0.27844455112817484,0.004800768122904334,0.003840614498323467,0.008881421027363856,-0.19523699999999997,-0.05691299999999999,-0.8743040000000001,0.17919000000000002,0.08492700000000003,-0.913406,0.37442699999999995,0.14184000000000002,0.03910199999999997,0.10898000000000002,0.9819971195391213,0.10898000000000002,0.8910199999999999,0.018002880460878723,-0.8743040000000001
765,3.1875,walk,0.321657,-0.452257,0.939549,0.036295,-0.031331,-0.477603,-0.4600431965442846,-0.4430045596352528,-0.09335253179748056,-0.019782140672616393,-0.17553081142341678,0.26276872905458915,-0.7696184305255968,-1.2212622990161368,-0.2752579793616625,-0.0009599232061445124,0.006959443244541054,0.010079193664507389,-0.19652700000000003,-0.06015599999999999,-0.875062,0.18110299999999996,0.08680200000000005,-0.912975,0.37763,0.14695800000000003,0.037912999999999974,0.12086999999999998,0.97952335695357,0.12086999999999998,0.87913,0.020476643046430043,-0.875062
766,3.191667,walk,0.319722,-0.454123,0.939225,0.036445,-0.030919,-0.477966,-0.46436285097194824,-0.4478041756659621,-0.07775377969762558,0.03343386935895721,-0.19867835235606937,0.205829394954475,-0.7261819054475942,-1.2020638348932733,-0.35445164386850814,-0.00047996160305893454,0.0014398848092034469,0.0019198464122873594,-0.19761800000000002,-0.06329900000000005,-0.876215,0.18303600000000003,0.08867399999999998,-0.912643,0.38065400000000005,0.15197300000000002,0.036428000000000016,0.13572000000000006,0.9959211107002851,0.13572000000000006,0.8642799999999999,0.004078889299714894,-0.876215
767,3.195833,walk,0.317783,-0.45596,0.93886,0.036598,-0.030523,-0.478352,-0.46543446951511547,-0.4409505520883167,-0.08761401824290416,0.028621302269552323,-0.19208213538741323,0.2183109885176715,-0.7277964474315708,-1.170907345175181,-0.3480556889102161,-0.0014402304368846249,0.006000960153623755,0.006481036965914188,-0.19871099999999997,-0.06634000000000001,-0.8773000000000001,0.184969,0.09053599999999995,-0.912251,0.38367999999999997,0.15687599999999996,0.034950999999999954,0.15049000000000007,0.9850845320192747,0.15049000000000007,0.84951,0.014915467980725294,-0.8773000000000001
768,3.2,walk,0.315834,-0.457811,0.938408,0.036923,-0.030438,-0.478538,-0.46772258219339086,-0.4442044636428928,-0.10847132229421176,-0.1165086963517067,-0.10548256442665344,0.11024949923413147,-0.6827453803695289,-1.1317494600431404,-0.4014878809694965,-0.00095992320614441,0.013678905687551183,0.011279097672185162,-0.199607,-0.06920500000000002,-0.878521,0.18691399999999997,0.09244400000000003,-0.911752,0.386521,0.16164900000000004,0.03323100000000001,0.16769,0.9704077732771806,0.16769,0.83231,0.02959222672281936,-0.878521
769,3.204167,walk,0.313872,-0.459636,0.937981,0.037085,-0.030251,-0.478771,-0.47084233261341707,-0.43796496280298747,-0.1024718022558401,-0.024085887981017424,-0.10990094383052572,0.13312890587034584,-0.6805855531557765,-1.0866330693544957,-0.39932805375571917,-0.0014398848092034469,0.016798656107515644,0.009359251259899837,-0.20048099999999996,-0.07190800000000003,-0.8797579999999999,0.18887000000000004,0.094339,-0.9112859999999999,0.389351,0.16624700000000003,0.031528,0.18472,0.9678603870490927,0.18472,0.81528,0.03213961295090728,-0.8797579999999999
770,3.208333,walk,0.311904,-0.46149,0.937563,0.037334,-0.0301,-0.479029,-0.4723955832933067,-0.44503120499279203,-0.10033605376858065,-0.06893766975453808,-0.11406685133621287,0.14844196869356685,-0.6495439270283068,-1.035765722515564,-0.45199231877099,0.0014402304368579754,0.006000960153623755,0.0060009601536245875,-0.201219,-0.07436899999999996,-0.8812230000000001,0.19084399999999996,0.09621800000000003,-0.9108430000000001,0.39206299999999994,0.170587,0.02961999999999998,0.20380000000000004,0.9856533676771997,0.20380000000000004,0.7962,0.014346632322800312,-0.8812230000000001
771,3.2125,walk,0.309932,-0.463316,0.937093,0.037536,-0.029994,-0.479208,-0.47324214062877834,-0.4382049436045303,-0.11279097672188695,-0.0598661114964464,-0.08633960003984009,0.1038008212846674,-0.6155507559395558,-0.9815214782817914,-0.46604271658269447,0.0007199424046017234,0.003359731221492472,0.008159347252220029,-0.201812,-0.076633,-0.882695,0.19281899999999996,0.09805799999999998,-0.910339,0.39463099999999995,0.17469099999999999,0.027644000000000002,0.22355999999999998,0.9852444870444858,0.22355999999999998,0.77644,0.01475551295551425,-0.882695
772,3.216667,walk,0.30795,-0.465154,0.936661,0.037852,-0.029601,-0.47941,-0.4756419486440756,-0.4410847132229168,-0.10367170626348972,-0.04160262817895025,-0.2327657080883084,0.12189698405824768,-0.5812335013198575,-0.964962802975689,-0.4910007199423745,-0.002639788816890467,0.00383969282457764,0.009599232061434109,-0.202252,-0.07881599999999994,-0.884309,0.19478999999999996,0.099912,-0.909867,0.39704199999999995,0.17872799999999994,0.02555799999999997,0.24441999999999997,0.9822160354568319,0.24441999999999997,0.75558,0.017783964543168107,-0.884309
773,3.220833,walk,0.306,-0.466981,0.936302,0.037759,-0.029089,-0.479329,-0.4680748919827561,-0.43855016802691127,-0.08617378780605536,0.15699187524819413,-0.19637906844597589,-0.041052598742534654,-0.5456072971675894,-0.829092654824854,-0.44191070571294966,0.0016802688430366832,0.0007201152184423892,0.0079212674027855,-0.202575,-0.08044300000000004,-0.885791,0.19674700000000006,0.101742,-0.9094749999999999,0.39932200000000007,0.18218500000000004,0.023683999999999927,0.26316,0.9864508767627709,0.26316,0.7368399999999999,0.013549123237229121,-0.885791
774,3.225,walk,0.303945,-0.468853,0.935812,0.038009,-0.029023,-0.479358,-0.4931605471561911,-0.4492440604751443,-0.11759059275257033,-0.089998485401653,-0.08441443296911282,0.02240560639007267,-0.5044396448283845,-0.7129829613630345,-0.324694024478022,0.0004799616030588834,0.002639788816890467,0.010079193664506315,-0.20262200000000002,-0.08154199999999995,-0.8866539999999999,0.19880399999999998,0.10362500000000002,-0.908943,0.401426,0.18516699999999997,0.022289000000000003,0.27711,0.9826163396431515,0.27711,0.72289,0.017383660356848463,-0.8866539999999999
775,3.229167,walk,0.301924,-0.470684,0.935326,0.038245,-0.028785,-0.479318,-0.4850011999040286,-0.4394048476122043,-0.11663066954643836,-0.044714222202592725,-0.15539397999633106,-0.013566047590677381,-0.4475641948644293,-0.6376289896808596,-0.2421406287497118,0.0009599232061445124,0.002159827213818492,0.010079193664507389,-0.20246600000000003,-0.082368,-0.887177,0.20082899999999998,0.10546499999999998,-0.908415,0.403295,0.18783299999999997,0.02123799999999998,0.28762000000000004,0.9827456566593693,0.28762000000000004,0.71238,0.017254343340630696,-0.887177
776,3.233333,walk,0.299863,-0.472584,0.934871,0.038306,-0.028469,-0.479262,-0.49471915506480524,-0.4560729716754587,-0.10921747479596033,0.04697524049436361,-0.14853378807787976,-0.025658930165934887,-0.38958233317329694,-0.5362457993278678,-0.22659625540085804,0.0,-0.00024003840613855427,0.010321651464233491,-0.20202799999999999,-0.08270199999999994,-0.8876660000000001,0.20289000000000001,0.10736400000000001,-0.907917,0.404918,0.19006599999999996,0.020250999999999908,0.29749000000000003,0.9827925962813213,0.29749000000000003,0.70251,0.017207403718678682,-0.8876660000000001
777,3.2375,walk,0.297814,-0.474447,0.934454,0.0381,-0.028136,-0.479185,-0.4917206623470269,-0.4470842332613604,-0.1000719942404655,0.16333576320015064,-0.09494549869849501,-0.04334231473193303,-0.34053275737942607,-0.4929205663547142,-0.277417806575486,0.0002399808015427889,-0.0016798656107595575,0.0127189824814023,-0.20139800000000002,-0.08289299999999994,-0.888405,0.20494,0.10921999999999998,-0.907447,0.40633800000000003,0.19211299999999992,0.019042000000000003,0.30958,0.9786138638744148,0.30958,0.69042,0.021386136125585153,-0.888405
778,3.241667,walk,0.295749,-0.476322,0.933943,0.038342,-0.027936,-0.479171,-0.49556035517156544,-0.4499640028797459,-0.12263018958483515,-0.05591636473270532,-0.1400987010544418,0.00011619003678654347,-0.3002159827213645,-0.4823614110870998,-0.37365010799133863,-0.008159347252240807,-0.0011999040076738517,0.025917926565873262,-0.20058399999999998,-0.08302799999999999,-0.889451,0.20697099999999996,0.11109000000000002,-0.906828,0.40755499999999995,0.194118,0.017376999999999976,0.32623,0.9546693127400838,0.32623,0.67377,0.04533068725991618,-0.889451
779,3.245833,walk,0.293618,-0.478238,0.93342,0.038866,-0.027768,-0.478969,-0.5115218434949438,-0.4599135861737688,-0.12554008641380843,-0.18284632555198208,-0.19617980349276656,-0.09603671606381255,-0.26020163226115506,-0.44311089774363027,-0.4531925108017144,0.0,-0.01632261161786141,0.020163226116178216,-0.199537,-0.08295800000000003,-0.890816,0.20910199999999995,0.11293799999999998,-0.906221,0.408639,0.19589600000000001,0.015405000000000002,0.34595,0.9567634626784862,0.34595,0.65405,0.04323653732151378,-0.890816
780,3.25,walk,0.291523,-0.480145,0.932898,0.038835,-0.027608,-0.478801,-0.5027597792176888,-0.45764338852893666,-0.12526997840173898,0.049412725607863105,-0.06462575617332651,-0.09063525039771862,-0.19126469882410094,-0.3906887449004169,-0.43460523158149333,0.0007199424046283667,-0.007679385649142777,0.015358771298296377,-0.19823899999999997,-0.082679,-0.892105,0.21120000000000005,0.114813,-0.905635,0.409439,0.197492,0.013529999999999931,0.36469999999999997,0.9713554767301935,0.36469999999999997,0.6353,0.028644523269806488,-0.892105
781,3.254167,walk,0.289373,-0.482101,0.932421,0.039025,-0.027368,-0.478775,-0.5159587233021559,-0.46940244780420026,-0.11447084233260654,-0.02487228221917704,-0.14531290718969803,-0.007165659447177858,-0.13630909527238422,-0.337892968562522,-0.4110871130309778,-0.0035997120230352605,-0.00623950083993933,0.017518598512119867,-0.19665699999999997,-0.08213099999999995,-0.893341,0.21333500000000005,0.11674299999999999,-0.905085,0.409992,0.19887399999999994,0.011743999999999977,0.38256,0.9684303859520461,0.38256,0.61744,0.03156961404795389,-0.893341
782,3.258333,walk,0.287225,-0.484049,0.931955,0.039111,-0.02731,-0.478698,-0.5156024963994058,-0.46759481517041573,-0.1118578972635777,-0.02312465940855422,-0.04614476820905014,-0.039383284481381065,-0.10225636101776236,-0.25804128660586145,-0.3972635621699355,0.020883341334600538,0.004800768122904334,0.0465674507921254,-0.19493500000000002,-0.081258,-0.8945299999999999,0.21556999999999998,0.11871100000000001,-0.904425,0.410505,0.199969,0.009895000000000098,0.40105,0.9145650215865183,0.40105,0.59895,0.08543497841348169,-0.8945299999999999
783,3.2625,walk,0.285004,-0.486028,0.931461,0.039247,-0.027149,-0.478441,-0.5329973602111575,-0.47492200623947395,-0.11855051595871474,-0.0209938775451396,-0.10563785557922617,-0.13527020687730956,-0.06335493160546779,-0.21118310535155707,-0.3878089752819537,0.005039596832264814,-0.009119270458358574,0.012479001679864841,-0.19297799999999998,-0.08015899999999998,-0.895652,0.21781200000000006,0.12065200000000004,-0.903879,0.41079000000000004,0.20081100000000002,0.008226999999999984,0.41773,0.9729053042885525,0.41773,0.5822700000000001,0.027094695711447514,-0.895652
784,3.266667,walk,0.282623,-0.488354,0.931042,0.03925,-0.026819,-0.47788,-0.5713942884569415,-0.5581953443724744,-0.10055195584352443,0.0731588796063413,-0.1542516108348006,-0.3024005449773708,-0.03887688984881279,-0.18670506359493447,-0.37532997360212966,0.007679385649129455,-0.011519078473734148,0.017038636909048444,-0.190759,-0.07861100000000004,-0.8967970000000001,0.22022499999999995,0.12292999999999998,-0.903389,0.41098399999999996,0.20154100000000003,0.006591999999999931,0.43408,0.9634100317121357,0.43408,0.56592,0.036589968287864316,-0.8967970000000001
785,3.270833,walk,0.280365,-0.49042,0.930683,0.039172,-0.026411,-0.477669,-0.5420067210753663,-0.49591934709552465,-0.08617378780604618,0.12618129520070887,-0.15956124085769702,-0.11199161153766128,-0.017282765242438946,-0.1845895343254651,-0.3643783005280742,0.0031204992798944792,-0.016322611617848086,0.02208353336533745,-0.188573,-0.07731399999999994,-0.8979560000000001,0.22249600000000003,0.12492800000000004,-0.902938,0.411069,0.20224199999999998,0.004981999999999931,0.45018,0.9539370113720804,0.45018,0.54982,0.04606298862791958,-0.8979560000000001
786,3.275,walk,0.278118,-0.492492,0.930342,0.03907,-0.02597,-0.4776,-0.5392368610511403,-0.4972402207823512,-0.0818334533237464,0.14423077434230985,-0.16430767432004684,-0.034893241962851256,-0.026397888168947448,-0.1809455243580674,-0.37437005039598514,-0.0014398848092034469,-0.024478041756658422,0.03359731221502463,-0.186436,-0.07599600000000001,-0.8991750000000001,0.22473700000000008,0.126898,-0.902457,0.41117300000000007,0.20289400000000002,0.003281999999999896,0.46718,0.9306773408741907,0.46718,0.5328200000000001,0.06932265912580926,-0.8991750000000001
787,3.279167,walk,0.275799,-0.494589,0.929924,0.039181,-0.026064,-0.477389,-0.5565154787616555,-0.5032397408207074,-0.1003119750419976,-0.06891123025441108,0.00884679459740628,-0.11375497047805362,-0.01943844492440432,-0.19198464122869552,-0.34341252699781966,0.0004799616030588834,-0.03551715862731653,0.041756659467240206,-0.18419800000000003,-0.07469900000000002,-0.900188,0.22705799999999998,0.128847,-0.9018649999999999,0.411256,0.203546,0.0016769999999999285,0.48323000000000005,0.908632039259416,0.48323000000000005,0.51677,0.09136796074058395,-0.900188
788,3.283333,walk,0.27359,-0.496677,0.929469,0.038958,-0.026508,-0.477016,-0.5302448391743139,-0.5012001920307595,-0.10921747479597198,-0.00872744579888073,0.2286172138845482,-0.21409892775137682,-0.012962073931829758,-0.19587133941433116,-0.28396543446953765,-0.006000960153637719,-0.04248679788766124,0.05784925588094509,-0.182043,-0.07342700000000008,-0.9009159999999999,0.22924199999999995,0.13075799999999999,-0.901169,0.41128499999999996,0.20418500000000006,0.00025300000000005873,0.49747,0.8799574621286782,0.49747,0.5025299999999999,0.1200425378713218,-0.9009159999999999
789,3.2875,walk,0.271322,-0.49868,0.928967,0.03875,-0.027284,-0.477017,-0.5442764578833343,-0.4806815454763404,-0.12047036237100357,-0.09031671400711501,0.3747045420064765,-0.013300781364108394,0.010079193664506315,-0.19054475641946558,-0.24910007199422463,-0.0079193664506714,-0.035997120230375414,0.05975521958243041,-0.179733,-0.072218,-0.901452,0.231477,0.13261100000000003,-0.9004179999999999,0.41120999999999996,0.20482900000000004,0.0010340000000000904,0.5,0.8726462864494009,0.5,0.5,0.1273537135505991,-0.9004179999999999
790,3.291667,walk,0.268835,-0.501054,0.928642,0.038343,-0.027265,-0.476674,-0.5968322534197578,-0.5697144228461952,-0.07799376049916835,0.17508976344049215,0.07612862257796844,-0.19616125797397596,0.03959683225342117,-0.1903047756179431,-0.22534197264219946,-0.014158867290624896,-0.026877849772019704,0.06743460523158455,-0.177081,-0.07063699999999995,-0.9020659999999999,0.23390499999999997,0.13487300000000002,-0.899812,0.41098599999999996,0.20550999999999997,0.0022539999999999782,0.5040082287259109,0.854190666221611,0.5040082287259109,0.4959917712740891,0.145809333778389,-0.899812
791,3.295833,walk,0.266472,-0.503279,0.92839,0.037807,-0.027246,-0.476461,-0.5672107537205807,-0.5340854536725808,-0.06048967834851465,0.2300186682346901,0.10889799225479932,-0.1284664112265168,0.06553048487757752,-0.1757081132981387,-0.20883341334612948,-0.00864138262120115,-0.038166106577056144,0.0736917906865074,-0.174445,-0.06914399999999998,-0.902684,0.23623200000000005,0.13693900000000003,-0.8992530000000001,0.41067700000000007,0.20608300000000002,0.003430999999999962,0.5322067762803819,0.8266276119282225,0.5322067762803819,0.46779322371961807,0.17337238807177746,-0.8992530000000001
792,3.3,walk,0.264078,-0.505481,0.928077,0.037567,-0.027579,-0.476191,-0.5745140388769178,-0.5284377249820079,-0.07511399088073482,0.024099966278733502,0.18839714020891293,-0.15634327666869954,0.07559395248380375,-0.14806815454763783,-0.24214062874971096,-0.008399328053757822,-0.04991600671946136,0.09071274298056567,-0.171736,-0.06755900000000004,-0.9033800000000001,0.23859100000000005,0.13893299999999997,-0.8985620000000001,0.41032700000000005,0.206492,0.004817999999999989,0.5104687385576209,0.7786874385716241,0.5104687385576209,0.48953126144237913,0.22131256142837585,-0.8985620000000001
793,3.304167,walk,0.261708,-0.507756,0.927828,0.037172,-0.027786,-0.476019,-0.5687544996399901,-0.5459563234940937,-0.0597552195824429,0.11876344977648753,0.17304226144641335,-0.10522107610542443,0.0734341252699741,-0.13462922966162696,-0.2198224142068501,-0.01535877129831056,-0.05039596832252824,0.10775137988960262,-0.16906,-0.06584500000000004,-0.9040469999999999,0.24089699999999997,0.140998,-0.897864,0.40995699999999996,0.20684300000000005,0.0061829999999999385,0.5532851580047671,0.7382672087136091,0.5532851580047671,0.4467148419952329,0.26173279128639093,-0.897864
794,3.308333,walk,0.259294,-0.510079,0.927547,0.036678,-0.028164,-0.476036,-0.5794527124339668,-0.5576092174747721,-0.0674507921267326,0.1221006713215698,0.2725762674942476,-0.005939370420302893,0.0897743638982211,-0.12049927988477885,-0.21219395103215918,-0.02112337974075242,-0.052088334133465385,0.11713874219874831,-0.16627200000000003,-0.06402400000000008,-0.90465,0.24322299999999997,0.14310399999999995,-0.897095,0.409495,0.20712800000000003,0.007554999999999978,0.5666481230867702,0.7079059536185127,0.5666481230867702,0.43335187691322985,0.2920940463814873,-0.897095
795,3.3125,walk,0.256952,-0.512356,0.927306,0.036312,-0.028736,-0.475928,-0.5620350371970525,-0.5464362850972374,-0.05783537317016024,0.023089753808727125,0.32208053166459066,-0.07310605320239712,0.08471322294216996,-0.10487161027118806,-0.18958483321335134,-0.02711783057356249,-0.08831293496520189,0.12862970962323644,-0.16357700000000003,-0.06218400000000002,-0.905199,0.24545199999999995,0.14501300000000006,-0.896318,0.409029,0.20719700000000008,0.008881000000000028,0.6122830579796648,0.6472447541263816,0.6122830579796648,0.38771694202033524,0.3527552458736184,-0.896318
796,3.316667,walk,0.254703,-0.51468,0.926984,0.036122,-0.029093,-0.475737,-0.5397168226542125,-0.5577153827694021,-0.07727381809454,-0.00234869836314302,0.18918044623816216,-0.11219798303932102,0.09311255099592444,-0.09935205183583713,-0.18358531317495483,-0.018478521718261882,-0.06767458603312151,0.1581473482121502,-0.16094000000000003,-0.06027399999999994,-0.9056420000000001,0.24762399999999996,0.14705500000000005,-0.895337,0.408564,0.20732899999999999,0.010305000000000009,0.61904963661585,0.6086027503060583,0.6086027503060583,0.38095036338415,0.39139724969394174,-0.895337
797,3.320833,walk,0.252369,-0.517049,0.926679,0.03564,-0.02957,-0.475665,-0.5602496399423761,-0.5686509841574386,-0.07321171387421781,0.09403141166607244,0.30939150866413234,-0.054957389578342015,0.09145463274123762,-0.11041766682669307,-0.16802688430148346,-0.030484877580409207,-0.06289006240999347,0.15698511761881515,-0.158225,-0.058365,-0.906037,0.24983099999999997,0.14916199999999996,-0.894378,0.408056,0.20752699999999996,0.011658999999999975,0.6318626281258382,0.5970108279767428,0.5970108279767428,0.36813737187416185,0.40298917202325724,-0.894378
798,3.325,walk,0.249862,-0.519628,0.926655,0.034881,-0.03049,-0.476819,-0.6016318694504095,-0.618910487160989,-0.005759539236866461,0.11562836801661251,0.5897785985236732,0.6029351970268324,0.08927285817134022,-0.11615070794336704,-0.13294936405086757,-0.024718022558185254,-0.08135349172065216,0.1365490760739058,-0.15534599999999998,-0.05627000000000004,-0.906567,0.252235,0.15140199999999998,-0.893785,0.407581,0.20767200000000002,0.01278199999999996,0.6702856305015418,0.6040847566060478,0.6040847566060478,0.3297143694984582,0.39591524339395223,-0.893785
799,3.329167,walk,0.247329,-0.52218,0.926449,0.033966,-0.03175,-0.476224,-0.6078713702904063,-0.6124310055195861,-0.04943604511640242,0.0936826904166876,0.7256848818511858,-0.35701887885279715,0.09119270458363542,-0.11087113030957128,-0.15574754019679143,-0.006959443244554375,-0.08831293496520189,0.16246700263979552,-0.15243299999999999,-0.054180000000000006,-0.90701,0.25473899999999994,0.153586,-0.892902,0.407172,0.207766,0.01410800000000001,0.6469741385663426,0.5505049870385619,0.5505049870385619,0.35302586143365744,0.4494950129614381,-0.892902
800,3.333333,walk,0.244936,-0.524622,0.926343,0.033272,-0.032152,-0.476107,-0.5744119059049305,-0.5861737878060462,-0.025444071051352993,0.20009026601011984,0.32507834523020684,-0.08360186599373205,0.07777244359097359,-0.10105616898703629,-0.14714354296687127,-0.01752280364858083,-0.09337493999040268,0.16106577052327883,-0.149716,-0.052158999999999955,-0.907517,0.257059,0.15563900000000003,-0.8921250000000001,0.406775,0.20779799999999998,0.015391999999999961,0.6754827324004884,0.534417297261502,0.534417297261502,0.3245172675995116,0.465582702738498,-0.8921250000000001
801,3.3375,walk,0.242569,-0.527088,0.926288,0.032669,-0.032182,-0.476072,-0.5680345572354424,-0.5917926565874924,-0.013198944084480383,0.24741618756420625,0.14924641132176591,-0.03390551063166345,0.0712742980561601,-0.09095272378210595,-0.12431005519558946,-0.01583873290137113,-0.09383249340052617,0.17710583153348602,-0.14705200000000002,-0.050072000000000005,-0.90798,0.2593599999999999,0.15771400000000002,-0.891332,0.40641199999999994,0.20778600000000003,0.016647999999999996,0.717130706717784,0.4984334529672127,0.4984334529672127,0.282869293282216,0.5015665470327872,-0.891332
802,3.341667,walk,0.240427,-0.529311,0.926312,0.033036,-0.032054,-0.476242,-0.5140388768898188,-0.5334773218142164,0.005759539236866461,-0.12440334176808299,-0.13358534326150312,0.10241003065226557,0.05327573794096147,-0.07103431725460642,-0.12047036237100357,-0.04655627549793728,-0.07247420206383635,0.18286537077032694,-0.14468799999999998,-0.04814499999999999,-0.908506,0.26130800000000004,0.15963499999999997,-0.890594,0.405996,0.20777999999999996,0.01791200000000004,0.7505712822224053,0.48398345892412986,0.48398345892412986,0.24942871777759468,0.5160165410758701,-0.890594
803,3.345833,walk,0.238239,-0.531554,0.926069,0.031713,-0.033553,-0.476138,-0.5252040326452637,-0.5384061449832388,-0.05832933269323391,0.21417986274935513,0.9319958787799519,-0.09917792916172058,0.03240518482957439,-0.05616898703794672,-0.11617858857418067,-0.08761401824294014,-0.06841094575132076,0.18843014882382697,-0.14236500000000002,-0.046136000000000066,-0.9087470000000001,0.263131,0.161593,-0.8895660000000001,0.40549599999999997,0.20772900000000005,0.019181000000000004,0.778248665594666,0.44356616538473675,0.44356616538473675,0.221751334405334,0.5564338346152633,-0.8895660000000001
804,3.35,walk,0.235558,-0.534421,0.926061,0.031106,-0.034639,-0.475123,-0.6433885289176514,-0.6880249580033332,-0.00191984641228882,-0.0006355076908816297,0.5724777387948659,-0.5750010121751118,0.010079193664506315,-0.04631629469642116,-0.12311015118789737,-0.06719462443002877,-0.08903287736980744,0.21238300935923757,-0.139642,-0.043462,-0.9092520000000001,0.26553200000000005,0.16408900000000004,-0.888673,0.40517400000000003,0.20755100000000004,0.020579000000000014,0.7801332561095288,0.39438881264270925,0.39438881264270925,0.21986674389047123,0.6056111873572907,-0.888673
805,3.354167,walk,0.233208,-0.536923,0.926124,0.031485,-0.034364,-0.474948,-0.5639548836093349,-0.600431965442793,0.015118790496742765,-0.09866262583892192,-0.20654705837582168,-0.08437685420519918,-0.016558675305976187,-0.056395488360930154,-0.08639308855292036,-0.0741540676745903,-0.09719222462203196,0.23902087832974545,-0.137361,-0.04119499999999998,-0.9096749999999999,0.26757300000000006,0.16618600000000006,-0.88774,0.404934,0.20738100000000004,0.021934999999999927,0.8258480342323176,0.3332000196881399,0.3332000196881399,0.17415196576768244,0.66679998031186,-0.88774
806,3.358333,walk,0.231056,-0.539258,0.926259,0.032155,-0.034454,-0.475018,-0.5165626500239866,-0.5604896783485147,0.03240518482959759,-0.30302440456042623,-0.1126515104824228,0.05427332587470397,-0.015362457993280542,-0.07273163706191405,-0.08641382621219139,-0.08041286605858763,-0.10201632261161715,0.24219875180028047,-0.13527300000000003,-0.03916299999999995,-0.91017,0.2693899999999999,0.16809600000000002,-0.886866,0.40466299999999994,0.20725899999999997,0.02330399999999999,0.8100201362575781,0.3089031304091654,0.3089031304091654,0.18997986374242193,0.6910968695908346,-0.886866
807,3.3625,walk,0.228567,-0.541893,0.926241,0.031629,-0.036433,-0.473955,-0.59731221502283,-0.6323494120470514,-0.004319654427663628,-0.2390148089717908,0.9296757794692365,-0.6045190452113235,-0.026397888168947448,-0.08975281977441865,-0.0604751619870435,-0.10823134149266721,-0.12958963282937594,0.2371010319174581,-0.132894,-0.03690199999999999,-0.910404,0.271428,0.17019099999999998,-0.88586,0.404322,0.20709299999999997,0.02454400000000001,0.8143355597485473,0.2694357445696163,0.2694357445696163,0.18566444025145268,0.7305642554303837,-0.88586
808,3.366667,walk,0.226242,-0.544524,0.926213,0.031213,-0.036568,-0.473555,-0.5579553635708788,-0.6313894888408662,-0.00671946244301087,0.14126111574602476,0.14159437673951558,-0.22930478071133534,-0.03791696664266423,-0.06959443244540311,-0.049436045116387994,-0.10151187904967145,-0.13894888408926348,0.2620590352771625,-0.13072699999999998,-0.03456099999999995,-0.910582,0.27333,0.17224300000000003,-0.88474,0.404057,0.206804,0.02584200000000003,0.8443204507157211,0.24157999999999996,0.24157999999999996,0.15567954928427885,0.7584200000000001,-0.88474
809,3.370833,walk,0.224129,-0.546937,0.926238,0.031345,-0.035397,-0.473747,-0.5072011521843365,-0.5792126740278283,0.006000960153637079,0.2129590674954721,-0.5204798951150941,0.11456809345242747,-0.03600576092174586,-0.05088814210273264,-0.052808449351894785,-0.09913586173787456,-0.13226116178588782,0.3101296207393085,-0.128764,-0.032359999999999944,-0.910827,0.27503,0.174105,-0.883473,0.403794,0.20646499999999995,0.0273540000000001,0.863834759807824,0.22646000000000005,0.22646000000000005,0.13616524019217602,0.7735399999999999,-0.883473
810,3.375,walk,0.221623,-0.549705,0.926315,0.030942,-0.037873,-0.472577,-0.6013918886489376,-0.6642668586513365,0.018478521718261882,-0.4046520230783619,1.1099149007564884,-0.660709472229003,-0.0333573314134885,-0.03359731221503129,-0.050395968322536525,-0.1173506119510534,-0.17062634989202055,0.2241420686345205,-0.12639699999999998,-0.02973199999999998,-0.911114,0.27704700000000004,0.17616199999999999,-0.882616,0.403444,0.20589399999999997,0.028498000000000023,0.8847557597212952,0.21502,0.21502,0.11524424027870483,0.78498,-0.882616
811,3.379167,walk,0.219352,-0.55228,0.926363,0.031227,-0.037909,-0.471999,-0.5449964002880007,-0.6179505639549103,0.011519078473734148,-0.13459665899517315,-0.063458352420889,-0.3072814817392004,-0.03359731221502463,-0.02615790736741798,-0.03935685145188546,-0.1300695944324482,-0.14878809695225287,0.2661387089032996,-0.12426599999999999,-0.027266000000000012,-0.9113260000000001,0.278776,0.17811699999999997,-0.8815550000000001,0.403042,0.20538299999999998,0.029770999999999992,0.9033624000291978,0.20229000000000003,0.20229000000000003,0.09663759997080223,0.7977099999999999,-0.8815550000000001
812,3.383333,walk,0.217071,-0.554931,0.926391,0.031127,-0.03781,-0.471597,-0.5475276044166929,-0.6363418146903231,0.0067210753720394175,0.0607177723061406,-0.029260604211527822,-0.2207430250255023,-0.029284685549686454,-0.019923187710019673,-0.03528564570331146,-0.1296207393182971,-0.18314930388860712,0.2647623619779092,-0.12210699999999998,-0.024697999999999998,-0.911501,0.280517,0.18000499999999997,-0.8804799999999999,0.402624,0.20470299999999997,0.031021000000000076,0.9166732834464854,0.18979000000000001,0.18979000000000001,0.08332671655351465,0.81021,-0.8804799999999999
813,3.3875,walk,0.215034,-0.557337,0.926461,0.031677,-0.036181,-0.471685,-0.4888408927285479,-0.5773938084952899,0.016798656107513854,0.13792754827566203,-0.8116024058811467,0.07105261827951645,-0.025437964962803553,-0.0069594432445536335,-0.022558195344371156,-0.13750899928004687,-0.17926565874728873,0.2740580753539543,-0.120176,-0.022321000000000035,-0.911665,0.281981,0.181664,-0.879408,0.402157,0.20398500000000003,0.03225699999999998,0.9421593162952036,0.1774300000000001,0.1774300000000001,0.05784068370479645,0.8225699999999999,-0.879408
814,3.391667,walk,0.212573,-0.560146,0.926347,0.030933,-0.037405,-0.470524,-0.5905927525798185,-0.6741060715143243,-0.027357811375078638,0.026200848166168793,0.6576772711880822,-0.6570793058292828,-0.02975761939044991,-0.012239020878335873,-0.017998560115191707,-0.1603071754259737,-0.2143028557715559,0.27237820974323396,-0.11783900000000001,-0.019562999999999997,-0.911626,0.28377399999999997,0.18358000000000002,-0.878159,0.401613,0.20314300000000002,0.033467000000000025,0.9385531460423049,0.16532999999999998,0.16532999999999998,0.06144685395769511,0.83467,-0.878159
815,3.395833,walk,0.210359,-0.562664,0.926496,0.031188,-0.038076,-0.469636,-0.5314450312049834,-0.604416706673056,0.035765722515590646,-0.26890002475254143,0.20519670606097717,-0.4794719337939112,-0.02112337974075908,-0.00912145943350491,-0.0057609217474793705,-0.1526644263081979,-0.22659625540085804,0.25468074891982007,-0.115713,-0.01708299999999996,-0.911799,0.28535200000000005,0.18515400000000004,-0.877247,0.401065,0.202237,0.03455200000000003,0.9604684931123861,0.15448,0.15448,0.039531506887613865,0.84552,-0.877247
816,3.4,walk,0.208342,-0.565048,0.926651,0.03168,-0.037501,-0.469358,-0.4840412766978841,-0.5721142308615432,0.03719702423806655,-0.08129140164039476,-0.36118346620587544,-0.1351811834830029,-0.010799136069112442,-0.005759539236867074,0.003599712023038175,-0.16966642668587603,-0.23830093592512874,0.2517398608111469,-0.113741,-0.014723000000000042,-0.911939,0.286662,0.18654500000000002,-0.876353,0.400403,0.20126800000000006,0.035586000000000007,0.9787376468122502,0.14413999999999993,0.14413999999999993,0.021262353187749827,0.8558600000000001,-0.876353
817,3.404167,walk,0.206052,-0.567734,0.926795,0.031206,-0.039126,-0.468098,-0.549556035517122,-0.6445884329253186,0.03455723542117212,-0.17882225712687713,0.764178675528013,-0.7049586726829021,-0.006479481641468107,-0.0004799616030588834,0.002879769618430316,-0.19630429565633203,-0.260139188864882,0.2536597072234056,-0.11147800000000001,-0.012039000000000022,-0.9120710000000001,0.288134,0.18814699999999995,-0.87544,0.399612,0.20018599999999998,0.03663100000000008,0.9881552732621728,0.13369000000000003,0.13369000000000003,0.011844726737827216,0.8663099999999999,-0.87544
818,3.408333,walk,0.203966,-0.570233,0.927051,0.031202,-0.039594,-0.467243,-0.5007201152184757,-0.5998559769563675,0.061449831973102075,-0.11306423113671682,0.17819775621043032,-0.4663037732083714,-0.014642342774846454,-0.0024003840614657476,0.0012001920307253785,-0.19707153144505068,-0.2928468554969024,0.21699471915508248,-0.10945300000000001,-0.009550000000000058,-0.912322,0.28939899999999996,0.18942599999999998,-0.874792,0.398852,0.19897600000000004,0.03752999999999995,0.9751895795587792,0.12470000000000003,0.12470000000000003,0.024810420441220837,0.8753,-0.874792
819,3.4125,walk,0.20184,-0.572751,0.927306,0.030877,-0.040484,-0.466178,-0.5101991840652477,-0.6042716582673067,0.061195104391646195,-0.07412846279019888,0.4238232216363578,-0.5906783872638925,-0.024718022558195246,-0.0019198464122621769,-0.002159827213822841,-0.20566354691623337,-0.3280537556995258,0.1941444684425121,-0.10743,-0.007039999999999935,-0.912586,0.29066800000000004,0.190577,-0.874238,0.398098,0.19761699999999993,0.03834800000000005,0.9585227203081919,0.11652000000000007,0.11652000000000007,0.041477279691808144,0.8834799999999999,-0.874238
820,3.416667,walk,0.199956,-0.575089,0.927458,0.030761,-0.038548,-0.465941,-0.4521238300936124,-0.5610751139908946,0.036477081833464826,0.4809307156622643,-0.8024333319997135,-0.12213631730750044,-0.02495800335973068,0.008399328053731179,-0.009839212862971677,-0.19630429565635296,-0.3486921046316411,0.1226301895848399,-0.10565,-0.004667000000000088,-0.912779,0.29173400000000005,0.19146199999999997,-0.873879,0.397384,0.19612900000000005,0.038900000000000046,0.9531473719099098,0.11099999999999999,0.11099999999999999,0.046852628090090165,0.889,-0.873879
821,3.420833,walk,0.198021,-0.577426,0.927705,0.030271,-0.038644,-0.465265,-0.4644743158905279,-0.5609697551608184,0.05928948631780856,0.17928366041615273,0.13351073473959726,-0.37973103820596016,-0.030484877580412538,0.0036005760921982376,-0.0033605376860297025,-0.22227556409025745,-0.3684589534325412,0.10537686029764352,-0.103842,-0.002314999999999956,-0.91304,0.292743,0.192264,-0.873687,0.39658499999999997,0.19457899999999995,0.03935299999999997,0.9485330439659561,0.10647000000000001,0.10647000000000001,0.05146695603404394,0.8935299999999999,-0.873687
822,3.425,walk,0.196051,-0.579821,0.928021,0.030226,-0.039562,-0.464404,-0.4727621790256994,-0.5747540196784606,0.07583393328533655,-0.1958638508006118,0.37927141106639795,-0.4718538258521452,-0.016318694504440057,0.006959443244527732,-0.005759539236861246,-0.23278137748980446,-0.4074874010079325,0.08591312694984893,-0.10194,0.00010900000000002574,-0.91338,0.293743,0.19296100000000005,-0.873645,0.395683,0.19285200000000002,0.039734999999999965,0.9689129388819797,0.10265000000000002,0.10265000000000002,0.031087061118020287,0.89735,-0.873645
823,3.429167,walk,0.19376,-0.582603,0.928331,0.029617,-0.041713,-0.462565,-0.5497960163186647,-0.6676265898727578,0.07439404847612517,-0.24307488263228785,1.0051313110935636,-1.0204926489270008,-0.011279097672186827,0.0028797696184332303,0.0016798656107510524,-0.28245740340770625,-0.45692344612428626,0.08759299256058917,-0.09969599999999999,0.002902999999999989,-0.913683,0.29485700000000004,0.19383899999999998,-0.87359,0.39455300000000004,0.190936,0.040093000000000045,0.9803974869932899,0.09907000000000005,0.09907000000000005,0.01960251300671012,0.90093,-0.87359
824,3.433333,walk,0.19193,-0.58493,0.928639,0.029669,-0.040523,-0.46215,-0.4392702832453068,-0.5585693710993529,0.07393182909264678,0.23770620362238998,-0.5285295847145464,-0.21856054107866016,-0.009601536245798674,-0.004320691310600575,0.008881421027364273,-0.329572731637056,-0.49303888622178205,0.09937590014402144,-0.09790599999999999,0.005211999999999994,-0.913954,0.295314,0.19411199999999995,-0.873484,0.39322,0.18889999999999996,0.040470000000000006,0.9770424600169627,0.09529999999999994,0.09529999999999994,0.02295753998303729,0.9047000000000001,-0.873484
825,3.4375,walk,0.190108,-0.587203,0.929008,0.02981,-0.040671,-0.461532,-0.43724502039838575,-0.5454763618910929,0.08855291576673135,-0.10035153685285123,0.016786831765498254,-0.3307453191539381,-0.005759539236860413,-0.0038396928245780495,0.0043196544276461425,-0.3671706263499163,-0.5303575713943102,0.07487401007919703,-0.096108,0.007469000000000059,-0.9143049999999999,0.295606,0.19417500000000004,-0.8735409999999999,0.391714,0.18670599999999998,0.04076400000000002,0.9864010879129643,0.09236,0.09236,0.013598912087035675,0.90764,-0.8735409999999999
826,3.441667,walk,0.188207,-0.589567,0.929293,0.029814,-0.041057,-0.460836,-0.4562035037197199,-0.5673146148308207,0.06839452843774987,-0.09587073109362268,0.14652820906234335,-0.3775144005109736,-0.003119750419966335,-0.002159827213831814,0.0033597312215020467,-0.40964722822175104,-0.5860331173506387,0.06095512359011492,-0.09422000000000001,0.009823999999999944,-0.9145760000000001,0.2958,0.19409699999999996,-0.873572,0.39002000000000003,0.18427300000000002,0.04100400000000004,0.9915531909119439,0.08996000000000004,0.08996000000000004,0.008446809088056062,0.91004,-0.873572
827,3.445833,walk,0.186282,-0.591987,0.929611,0.029912,-0.041313,-0.46,-0.4620739318290824,-0.5808929428708647,0.07633221315408563,-0.10878883420807227,0.06696790670048984,-0.45025636160876614,-0.007201152184349838,-0.0002400384061518791,0.0007201152184352337,-0.45703312530003953,-0.6461833893422837,0.04200672107537128,-0.092325,0.012243000000000004,-0.914891,0.295821,0.19382500000000003,-0.873715,0.388146,0.18158200000000002,0.04117599999999999,0.9879315865506484,0.08823999999999999,0.08823999999999999,0.012068413449351612,0.91176,-0.873715
828,3.45,walk,0.184323,-0.594411,0.929912,0.030087,-0.041481,-0.459152,-0.47012239020875857,-0.5817134629229264,0.07223422126229359,-0.12226071921959149,0.012239363552339847,-0.45356755037448787,-0.005759539236859799,-0.00119990400766053,0.005039596832253157,-0.49604031677462435,-0.7161027117830105,0.006479481641468107,-0.09038999999999998,0.014662000000000064,-0.915171,0.295713,0.19326500000000002,-0.8739889999999999,0.38610300000000003,0.17860299999999996,0.04118200000000005,0.9870890229649143,0.08818000000000004,0.08818000000000004,0.012910977035085702,0.91182,-0.8739889999999999
829,3.454167,walk,0.182352,-0.5968,0.930255,0.030499,-0.04169,-0.458429,-0.47300215982723554,-0.5733141348692306,0.08231341492683199,-0.23075923288882857,-0.019258874486927004,-0.37992482547244716,0.0021598272138218222,0.0014398848092034469,0.002639788816894495,-0.53635709143272,-0.7775377969762823,-0.04607631389488997,-0.08840999999999999,0.01705699999999999,-0.9155030000000001,0.29544899999999996,0.19241399999999997,-0.8745240000000001,0.38385899999999995,0.17535699999999999,0.04097899999999999,0.9938295941842575,0.09021000000000001,0.09021000000000001,0.0061704058157424635,0.90979,-0.8745240000000001
830,3.458333,walk,0.180394,-0.599158,0.930572,0.030975,-0.041964,-0.457778,-0.4699951992318612,-0.566010561689848,0.07609217474793376,-0.2715977285810341,-0.003707847963992318,-0.33911553877146555,-0.004800768122897672,-0.0019203072491617336,0.008161305808929455,-0.5748919827172143,-0.852376380220805,-0.07681228996639272,-0.086472,0.019406999999999952,-0.915786,0.295012,0.19122099999999997,-0.875161,0.381484,0.17181400000000002,0.04062500000000002,0.9838977341994743,0.09375,0.09375,0.01610226580052565,0.90625,-0.875161
831,3.4625,walk,0.178459,-0.601502,0.930946,0.031567,-0.042213,-0.457179,-0.4643628509719416,-0.5625149988001248,0.0897528197744453,-0.31485251910825407,-0.038466284826199446,-0.30758373663341093,0.0014398848092134382,-0.0011999040076873012,0.0103191744660431,-0.6179505639549103,-0.9030477561795508,-0.09815214782817815,-0.08453100000000001,0.021745999999999932,-0.9161170000000001,0.29437199999999997,0.18980199999999997,-0.8759440000000001,0.378903,0.16805600000000004,0.040173000000000014,0.9825199796948929,0.09827000000000002,0.09827000000000002,0.01748002030510709,0.9017299999999999,-0.8759440000000001
832,3.466667,walk,0.176551,-0.60385,0.931304,0.031394,-0.041944,-0.456633,-0.457883369330424,-0.5634749220062092,0.08591312694983144,0.12622720867195436,-0.09101452848150282,-0.2979170369736074,0.004559635229182618,-0.0033597312214921136,0.0011999040076792636,-0.6613870890328325,-0.9704823614110261,-0.1149508039356782,-0.08260400000000001,0.02407999999999999,-0.91647,0.293524,0.188106,-0.876781,0.376128,0.164026,0.039688999999999974,0.9903509014624398,0.10310999999999998,0.10310999999999998,0.009649098537560241,0.89689,-0.876781
833,3.470833,walk,0.174315,-0.60651,0.931698,0.032124,-0.043363,-0.455148,-0.5367258761402287,-0.6385021603457048,0.09457513202113219,-0.6421508257057962,0.40914524385863565,-0.7862727766897412,0.006000960153624394,-0.00024003840615190468,0.0028804608737399923,-0.6973115698512425,-1.0124819971196193,-0.11905904944792191,-0.080343,0.026738999999999957,-0.916852,0.292855,0.186548,-0.877671,0.373198,0.15980900000000003,0.03918100000000002,0.98889867424747,0.10819000000000001,0.10819000000000001,0.011101325752529978,0.89181,-0.877671
834,3.475,walk,0.172503,-0.608761,0.932101,0.032656,-0.042052,-0.455016,-0.4348452123829848,-0.5401967842572273,0.09671226301893608,0.0584163646867086,-0.6798090820980558,-0.049271234143411405,0.002639788816893797,0.00023998080154276333,0.004559635229181369,-0.7029037676985316,-1.096232301415824,-0.1115910727141761,-0.07851999999999999,0.02899099999999999,-0.9172359999999999,0.29173800000000005,0.18423099999999998,-0.878539,0.37025800000000003,0.15524,0.03869699999999998,0.9912097988257602,0.11303000000000007,0.11303000000000007,0.008790201174239787,0.8869699999999999,-0.878539
835,3.479167,walk,0.170681,-0.610945,0.932487,0.03315,-0.041724,-0.454872,-0.43724502039838575,-0.5241180705543709,0.0926325893928522,-0.1409183458569022,-0.25151047204853216,-0.06182935529606479,0.0047996160307192315,0.0023998080153479593,0.008399328053756157,-0.778257739380884,-1.1154307655388043,-0.13630909527238422,-0.076678,0.031184999999999907,-0.9175869999999999,0.29031700000000005,0.18176699999999996,-0.879493,0.366995,0.15058200000000005,0.03809399999999996,0.983388081227668,0.11906,0.11906,0.016611918772332035,0.8809400000000001,-0.879493
836,3.483333,walk,0.168803,-0.613248,0.932779,0.033384,-0.041508,-0.454416,-0.45079212674026387,-0.5528084493518943,0.07009121459434997,-0.05808947302733379,-0.15524582201297388,-0.2377998757423103,0.003120499279884486,-0.0009601536245542171,0.008161305808929039,-0.8456553048487523,-1.1605856937109567,-0.1365818530964917,-0.074787,0.03348400000000007,-0.917845,0.28867200000000004,0.17923500000000003,-0.8803540000000001,0.36345900000000003,0.14575099999999996,0.03749099999999994,0.9853497892274015,0.12509000000000003,0.12509000000000003,0.014650210772598538,0.87491,-0.8803540000000001
837,3.4875,walk,0.166905,-0.615568,0.933165,0.033772,-0.041038,-0.454068,-0.4554835613151182,-0.5567554595632577,0.0926325893928522,-0.0670672743281071,-0.29445196840837895,-0.17338958196060256,0.006479481641468798,0.003359731221492472,0.009119270458363709,-0.8941684665227208,-1.2152627789777404,-0.14566834653228322,-0.072862,0.035818000000000016,-0.918193,0.286844,0.176491,-0.881347,0.359706,0.140673,0.036846000000000045,0.9805326077535631,0.13154,0.13154,0.0194673922464369,0.86846,-0.881347
838,3.491667,walk,0.164957,-0.617863,0.933494,0.034504,-0.040854,-0.453795,-0.46748260139186143,-0.5507559395248157,0.07895368370530446,-0.2757997378000654,-0.2448612152672634,-0.12528687538000674,0.004559635229182618,0.011519078473706278,0.02543796496280147,-0.9248860091192199,-1.2610991120709598,-0.16726661867049694,-0.07089499999999999,0.038161,-0.918416,0.284938,0.17353100000000005,-0.8823730000000001,0.35583299999999995,0.13537000000000005,0.036042999999999936,0.9528427717407171,0.13957000000000003,0.13957000000000003,0.047157228259282924,0.86043,-0.8823730000000001
839,3.495833,walk,0.163189,-0.620101,0.933955,0.035437,-0.040159,-0.453762,-0.4243879020643167,-0.5372059529524487,0.1106577052328183,-0.24745572529834223,-0.5008269095440085,0.013105151624331289,0.001440230436867969,-0.0014402304368579754,0.014402304368698843,-0.9409505520883034,-1.3211713874219535,-0.17354776764281843,-0.069121,0.04039300000000001,-0.918817,0.282786,0.170265,-0.8835569999999999,0.351907,0.129872,0.03526000000000007,0.9757573093174243,0.14740000000000003,0.14740000000000003,0.024242690682575674,0.8526,-0.8835569999999999
840,3.5,walk,0.161097,-0.622644,0.934433,0.035784,-0.039478,-0.452937,-0.5020398368130804,-0.6102711783057543,0.11471082313414933,-0.008300432053476277,-0.38876803276458943,-0.4291210640171762,0.0021598272138218222,-0.0026397888168907483,0.015358771298296794,-0.9642428605712035,-1.3558915286777649,-0.18238540916727417,-0.06702,0.04292499999999999,-0.9192309999999999,0.28086,0.16715799999999997,-0.884795,0.34787999999999997,0.12423299999999998,0.03443599999999991,0.9737784442795239,0.15564,0.15564,0.02622155572047613,0.84436,-0.884795
841,3.504167,walk,0.159233,-0.624945,0.934814,0.036516,-0.038861,-0.452702,-0.4473242140628898,-0.5521958243340779,0.09143268538519153,-0.1809796685851392,-0.4289304436948148,-0.10134630149191509,0.003359731221502463,0.0007199424046017234,0.018238540916727417,-0.9748020158387798,-1.4137269018479117,-0.17662586993041376,-0.06514200000000002,0.045228999999999964,-0.919536,0.27866199999999997,0.163568,-0.885912,0.343804,0.11833900000000003,0.03362399999999999,0.9690677045020624,0.16376000000000002,0.16376000000000002,0.030932295497937634,0.83624,-0.885912
842,3.508333,walk,0.157413,-0.627171,0.935247,0.037228,-0.038154,-0.452651,-0.4368698991838613,-0.5343254920787327,0.1039366298607789,-0.1510622474205772,-0.45823910815053004,-0.001982945778921015,0.006961113778204621,0.0007201152184289877,0.00792126740278424,-1.0024003840614122,-1.4534325492078413,-0.16874699951991912,-0.063293,0.047458,-0.9199360000000001,0.27630600000000005,0.15973900000000002,-0.8870480000000001,0.33959900000000004,0.11228100000000002,0.03288800000000003,0.982383550283003,0.17112,0.17112,0.01761644971699705,0.8288800000000001,-0.8870480000000001
843,3.5125,walk,0.155716,-0.629437,0.935579,0.03728,-0.037479,-0.452506,-0.4072474202063597,-0.5437964962802622,0.07967362610990611,0.12356376199246837,-0.30408648104232217,-0.07065788306463355,0.007439404847612517,0.0023998080153743466,0.005279577633788843,-1.0513558915286194,-1.5224382049435023,-0.16174706023517157,-0.061564999999999995,0.049734000000000056,-0.920246,0.27362200000000003,0.15566100000000005,-0.888054,0.335187,0.105927,0.032192,0.9842786625013664,0.17808000000000002,0.17808000000000002,0.01572133749863358,0.82192,-0.888054
844,3.516667,walk,0.154031,-0.631522,0.935772,0.038615,-0.037065,-0.452623,-0.40436765058796953,-0.5003599712023276,0.0463162946964261,-0.4801422565166976,-0.4629535661134571,0.10291297167399563,0.0,0.01103911687064857,0.02255819534437356,-1.0587952963763314,-1.5490760739141682,-0.15982721382290144,-0.05988,0.05186500000000005,-0.9203450000000001,0.270895,0.151291,-0.8889130000000001,0.33077500000000004,0.09942599999999996,0.031432000000000015,0.9581426271435846,0.18568,0.18568,0.04185737285641544,0.8143199999999999,-0.8889130000000001
845,3.520833,walk,0.15241,-0.633653,0.936027,0.039213,-0.036281,-0.45238,-0.3891022563610098,-0.5115218434949438,0.061209793566970296,-0.08708911874694594,-0.4717734976714186,-0.10691061616801058,0.013202112337973592,0.0016802688430098544,0.0007201152184348172,-1.0907345175227854,-1.603696591454587,-0.15314450312049502,-0.05820399999999999,0.05400300000000002,-0.9205970000000001,0.267972,0.146741,-0.8898060000000001,0.32617599999999997,0.09273799999999999,0.030791000000000013,0.9777865381470626,0.19209000000000004,0.19209000000000004,0.022213461852937377,0.8079099999999999,-0.8898060000000001
846,3.525,walk,0.150825,-0.635984,0.936667,0.038642,-0.035312,-0.451785,-0.38036957043438335,-0.5593952483801484,0.15358771298296212,0.45089454991208605,-0.30762111545822757,-0.3254011746672466,0.0074394048476133096,-0.0007199424046017234,0.005519558435325534,-1.1043916486681558,-1.6462682985361867,-0.15526757859371834,-0.056587999999999986,0.05633100000000002,-0.921214,0.264955,0.142212,-0.891093,0.32154299999999997,0.08588099999999999,0.030120999999999953,0.9845144702962905,0.19879000000000002,0.19879000000000002,0.015485529703709533,0.80121,-0.891093
847,3.529167,walk,0.149147,-0.638152,0.936982,0.038765,-0.034779,-0.451174,-0.4026877849771737,-0.520278377729764,0.0755939524837857,0.05867139760547723,-0.2713418310955049,-0.31967414173709663,0.00383969282457431,0.0043196544276365234,0.00935925125989884,-1.1154307655386855,-1.6757859371249186,-0.1346292296616203,-0.054894,0.05851700000000004,-0.92149,0.261985,0.1373970000000001,-0.891969,0.316879,0.07888000000000006,0.02952100000000002,0.981666800037818,0.20479000000000003,0.20479000000000003,0.018333199962181967,0.79521,-0.891969
848,3.533333,walk,0.147539,-0.640225,0.937483,0.039391,-0.033803,-0.451029,-0.38598175708116317,-0.49759961593858754,0.1202592414786398,-0.057202908813506016,-0.5571340883777338,-0.051596253119950905,0.0033605376860300607,0.0024003840614657476,0.008881421027364804,-1.1188190110418483,-1.7359577532406598,-0.1382621219395213,-0.053272,0.0606000000000001,-0.9219539999999999,0.25893200000000005,0.13223800000000008,-0.893046,0.31220400000000004,0.07163799999999998,0.028907999999999934,0.9836756234892685,0.21092000000000005,0.21092000000000005,0.016324376510731486,0.78908,-0.893046
849,3.5375,walk,0.145854,-0.642404,0.937769,0.039733,-0.033371,-0.450845,-0.40436765058792645,-0.5229181665466278,0.0686345092392587,-0.053944843228705,-0.26378146461598073,-0.08531938058761693,-0.005519558435327028,0.003839692824550997,0.016798656107510523,-1.15742740580747,-1.7621790256778356,-0.10607151427885074,-0.05161000000000002,0.06279499999999993,-0.9221699999999999,0.25579399999999997,0.12707400000000002,-0.893774,0.307404,0.06427900000000009,0.028395999999999977,0.9698428369792194,0.21604000000000007,0.21604000000000007,0.030157163020780642,0.78396,-0.893774
850,3.541667,walk,0.144209,-0.644588,0.938201,0.039906,-0.033185,-0.450741,-0.3947684185265377,-0.5241180705543975,0.10367170626350077,-0.034416297815071294,-0.1198017282566507,-0.0494139895395366,-0.0002399808015361281,-0.007919366450672245,0.016558675305976604,-1.1535877129830154,-1.8168946484282074,-0.11783057355412066,-0.04996600000000001,0.06494600000000006,-0.9225329999999999,0.25263199999999997,0.1216870000000001,-0.894697,0.30259800000000003,0.05674100000000004,0.027835999999999972,0.9694057156911304,0.22164,0.22164,0.030594284308869568,0.7783599999999999,-0.894697
851,3.545833,walk,0.142686,-0.646612,0.938571,0.041044,-0.031983,-0.450711,-0.3655784925587986,-0.4858377340374122,0.08881421027366355,-0.22709969063008675,-0.7611759115735369,0.026808458529171717,-0.0009601536245775356,0.006481036965914188,0.016802688430147678,-1.1776284205472605,-1.8490158425347587,-0.14978396543446532,-0.048447000000000004,0.06699699999999997,-0.922833,0.24924899999999997,0.116008,-0.895691,0.29769599999999996,0.04901100000000003,0.027142,0.9699419046947344,0.22858,0.22858,0.030058095305265597,0.77142,-0.895691
852,3.55,walk,0.141066,-0.648793,0.938954,0.040746,-0.031903,-0.450515,-0.38876889848814117,-0.5233981281497692,0.09191264698822382,0.14404251474347146,0.02460526059174942,-0.11192496122952195,-0.0019198464122890248,0.007919366450672245,0.005999520038397374,-1.1823854091673107,-1.8392128629710474,-0.09383249340053283,-0.046835,0.06921099999999991,-0.923191,0.24594200000000002,0.11052499999999998,-0.896465,0.292777,0.04131400000000007,0.026726000000000028,0.9831348143010237,0.23274,0.23274,0.016865185698976326,0.76726,-0.896465
853,3.554167,walk,0.139482,-0.650944,0.939234,0.040808,-0.031147,-0.450268,-0.38012958963280674,-0.5161987041036437,0.06719462443005542,0.13607951376983127,-0.3439154870188563,-0.12214438029967348,0.005519558435327028,0.006479481641468107,0.013438924886008419,-1.1910247180224844,-1.9272858171345144,-0.10055195584352537,-0.04522799999999999,0.07138899999999992,-0.923415,0.24256300000000003,0.10464499999999999,-0.897164,0.287791,0.03325600000000006,0.026251000000000024,0.9734872195517537,0.23748999999999998,0.23748999999999998,0.026512780448246343,0.76251,-0.897164
854,3.558333,walk,0.13794,-0.653085,0.939561,0.040664,-0.030928,-0.450147,-0.370139222275551,-0.5139222275564093,0.07849255880939925,0.108624292110217,-0.06608518060520766,-0.06585678373565777,0.004800768122897672,0.0012001920307327459,0.011761881901103959,-1.204512722035498,-1.902544407105082,-0.0513682189150264,-0.04366600000000001,0.07353500000000002,-0.923693,0.239087,0.09886000000000006,-0.897705,0.28275300000000003,0.025325000000000042,0.02598800000000001,0.9787325430308821,0.24012000000000006,0.24012000000000006,0.021267456969117915,0.7598799999999999,-0.897705
855,3.5625,walk,0.136379,-0.655236,0.93981,0.040722,-0.030831,-0.449899,-0.37461003119752295,-0.5161987041036986,0.05975521958244927,-0.005082194294820193,-0.06074623854284531,-0.13058323625160903,0.0014398848092167685,-0.005759539236867074,0.004559635229181438,-1.2145428365731252,-1.972402207823485,-0.08039356851452131,-0.042099,0.07566200000000001,-0.923923,0.23558700000000002,0.09279199999999999,-0.898289,0.277686,0.01712999999999998,0.025634000000000046,0.9875238189260922,0.24366,0.24366,0.0124761810739078,0.75634,-0.898289
856,3.566667,walk,0.134887,-0.657327,0.94011,0.040881,-0.030694,-0.449769,-0.3580513558915434,-0.501799856011531,0.0719942404607585,-0.0391521946304529,-0.09643470504492845,-0.0642058360474711,0.003839692824574719,0.0038396928245780495,0.006719462443004926,-1.1912646988241542,-1.9997600191985372,-0.036477081833454834,-0.040591,0.07776899999999998,-0.924195,0.232115,0.08655000000000002,-0.898741,0.272706,0.008781000000000039,0.025453999999999977,0.9856011519078434,0.24545999999999996,0.24545999999999996,0.014398848092156635,0.75454,-0.898741
857,3.570833,walk,0.133231,-0.659621,0.940778,0.040711,-0.032107,-0.448753,-0.39750360057608575,-0.5506481036965808,0.16034565530484485,-0.23807430341414715,0.6147117054223341,-0.5666452001715959,0.0026404224675940524,0.0009601536245808668,0.006721075372059405,-1.2328372539605936,-2.0468074891982306,-0.025924147863658417,-0.038923999999999986,0.080067,-0.924835,0.22863500000000003,0.08031699999999997,-0.899517,0.267559,0.00024999999999997247,0.02531799999999995,0.9878588646939567,0.24682000000000004,0.24682000000000004,0.012141135306043327,0.75318,-0.899517
858,3.575,walk,0.131769,-0.661729,0.94102,0.040628,-0.031237,-0.448739,-0.35085193184542884,-0.5058795296375979,0.0580753539716702,0.2235100687404698,-0.35556088513389794,0.0008949852309340964,-0.01943844492440432,-0.019198464122861556,-0.0019198464122863223,-1.25389968802489,-2.076073914086738,0.02447804175665748,-0.03754299999999999,0.08209500000000003,-0.9250849999999999,0.224872,0.073774,-0.8996569999999999,0.26241499999999995,0.008321000000000023,0.025428000000000006,0.9543528029337242,0.24572000000000005,0.24572000000000005,0.045647197066275846,0.75428,-0.8996569999999999
859,3.579167,walk,0.130536,-0.663699,0.940953,0.040959,-0.028759,-0.449191,-0.2958963282937462,-0.47276217902570605,-0.016078713702887278,0.39564191987453684,-1.121217479116712,0.28108308656586095,0.01607871370290393,0.010799136069105781,0.03047756179505746,-1.236381089512893,-2.092872570194475,0.015598752099833338,-0.03624300000000001,0.08411000000000002,-0.924891,0.22095299999999998,0.06702300000000005,-0.899525,0.257196,0.017086999999999963,0.025366,0.9398144501665762,0.24634,0.24634,0.060185549833423835,0.75366,-0.899525
860,3.583333,walk,0.129249,-0.665549,0.94109,0.04153,-0.028221,-0.449458,-0.3089294287085874,-0.4440710513681845,0.032885261641848046,-0.12765510637995822,-0.34629122656561756,0.1638568032668362,-0.0014402304368713,-0.003840614498323467,0.0076812289966394385,-1.261641862697993,-2.0988958233316692,0.029044647143542903,-0.03496200000000001,0.08594399999999991,-0.9249959999999999,0.216984,0.06012899999999999,-0.8995409999999999,0.251946,0.02581499999999992,0.025455000000000005,0.9854869922009755,0.24545,0.24545,0.014513007799024535,0.75455,-0.8995409999999999
861,3.5875,walk,0.127875,-0.667512,0.941292,0.041594,-0.027732,-0.449637,-0.32973362131031364,-0.4710823134149598,0.04847612191025791,0.07896154053749609,-0.21850931577470892,0.1040654094750442,-0.0021598272138218222,-0.0035997120230352605,0.0004799616030714236,-1.2582193424526606,-2.1396688264939865,0.04583633309335384,-0.03359699999999999,0.08789199999999997,-0.925196,0.21311500000000003,0.053176,-0.899552,0.24671200000000001,0.03471599999999997,0.025644,0.9929578366284112,0.24356,0.24356,0.0070421633715888055,0.75644,-0.899552
862,3.591667,walk,0.126441,-0.669554,0.941355,0.041764,-0.027516,-0.449465,-0.34413246940242465,-0.4900407967362284,0.015118790496767797,-0.02672383200082182,-0.13372143791282362,-0.08560669504972433,0.008399328053753596,0.01823854091674379,0.015838732901366948,-1.2728581713462221,-2.1365490760737824,0.05831533477321463,-0.032128000000000004,0.09001000000000003,-0.925193,0.209245,0.046314999999999995,-0.8993720000000001,0.241373,0.04369500000000004,0.025820999999999983,0.9573757194115076,0.24179,0.24179,0.042624280588492436,0.75821,-0.8993720000000001
863,3.595833,walk,0.125073,-0.671612,0.941389,0.042044,-0.027611,-0.449348,-0.328372539606365,-0.4939990398464156,0.008161305808924912,-0.1410925253490205,-0.022641412799263728,-0.05736563814371923,-0.00024003840614191107,-0.0009601536245809691,0.004800768122899849,-1.2990878540567454,-2.15506481036984,0.07153144503121057,-0.030760999999999983,0.09206400000000003,-0.925207,0.20520100000000002,0.03939499999999996,-0.899108,0.235962,0.05266900000000008,0.026098999999999983,0.9918304617312117,0.23901,0.23901,0.008169538268788301,0.76099,-0.899108
864,3.6,walk,0.123685,-0.673614,0.941423,0.042294,-0.027214,-0.449297,-0.3330933525317739,-0.480441564674811,0.008159347252214164,-0.021534236751911864,-0.2252587875013395,-0.016331691184456144,0.0004799616030688746,-0.00023998080154276333,0.004799616030717887,-1.2759779217661849,-2.1605471562273664,0.11303095752339105,-0.029371000000000008,0.09406500000000007,-0.925221,0.201272,0.032394000000000034,-0.898671,0.230643,0.06167100000000003,0.026549999999999963,0.9919507992170628,0.23450000000000004,0.23450000000000004,0.00804920078293725,0.7655,-0.898671
865,3.604167,walk,0.122398,-0.675577,0.941553,0.042364,-0.026689,-0.449396,-0.3088552915766871,-0.4710823134149332,0.031197504199656688,0.08376786176256086,-0.2373466577638318,0.06214891555896013,0.0002399808015361281,-0.0035997120230352605,-0.002399808015358783,-1.310055195584411,-2.156467482601476,0.09839212862971428,-0.02808300000000001,0.09601300000000001,-0.925361,0.1971,0.025371000000000032,-0.8983909999999999,0.22518300000000002,0.07064199999999998,0.02697000000000005,0.9927783896947213,0.23030000000000006,0.23030000000000006,0.007221610305278681,0.7696999999999999,-0.8983909999999999
866,3.608333,walk,0.121062,-0.677604,0.941454,0.042533,-0.026645,-0.449386,-0.3206913106096897,-0.48655784925586787,-0.02376380220834314,-0.06302048464625952,-0.0554919412482141,-0.0010059659721460663,-0.004560729716752455,-0.0024003840614654917,-0.005040806529044554,-1.3254920787325675,-2.1826692270762766,0.13610177628420128,-0.026765999999999998,0.09802999999999995,-0.925283,0.19291399999999997,0.018305000000000016,-0.897725,0.21968,0.07972499999999993,0.02755799999999997,0.987984751626109,0.22442000000000006,0.22442000000000006,0.012015248373891008,0.7755799999999999,-0.897725
867,3.6125,walk,0.119521,-0.679847,0.941579,0.041835,-0.027796,-0.448579,-0.3698104151668037,-0.5382769378449958,0.02999760019199603,0.048456982840621436,0.6216550813983507,-0.4648150251848965,-0.00863930885529395,0.0011999040076873012,0.0038396928245738866,-1.3134149268059034,-2.2068634509240224,0.1538276937845049,-0.025261000000000006,0.10027799999999998,-0.9253920000000001,0.18898200000000004,0.011352000000000029,-0.897209,0.21424300000000002,0.08892599999999995,0.02818300000000007,0.9841166869437075,0.21817000000000003,0.21817000000000003,0.015883313056292536,0.78183,-0.897209
868,3.616667,walk,0.118253,-0.68184,0.941632,0.042009,-0.027158,-0.448734,-0.3042956563474749,-0.4782817374609794,0.012718982481393451,0.06358309347352582,-0.30671510417527326,0.0957258380412503,-0.008639308855289698,0.0011999040076871733,0.0067194624430042095,-1.333093352531724,-2.217182625389833,0.1531077513798802,-0.024028999999999995,0.10227600000000003,-0.925417,0.184695,0.004106000000000054,-0.896624,0.208724,0.09816999999999998,0.02879300000000007,0.9816493564563578,0.21207000000000004,0.21207000000000004,0.018350643543642242,0.78793,-0.896624
869,3.620833,walk,0.117107,-0.68375,0.941478,0.042042,-0.026609,-0.449074,-0.27508401344214184,-0.4584733557368975,-0.03696591454632339,0.10542038703885387,-0.2333853398833563,0.190749684622938,-0.0232837253960627,-0.00888142102737968,0.01584253480556848,-1.31733077292363,-2.1737878060489235,0.16922707633220788,-0.02298,0.10414899999999994,-0.925197,0.18035299999999999,-0.0030400000000000427,-0.895765,0.20333299999999999,0.10718899999999998,0.029432000000000014,0.9507839960296764,0.20568000000000003,0.20568000000000003,0.04921600397032355,0.7943199999999999,-0.895765
870,3.625,walk,0.116022,-0.685513,0.941356,0.042779,-0.025654,-0.449651,-0.2603791696664392,-0.4230861531077875,-0.029277657787394305,-0.10837208302655252,-0.5523128917050488,0.3399721115684107,-0.0019198464122890248,0.004799616030722562,0.005759539236861246,-1.3098152147828817,-2.16342692584603,0.21742260619151557,-0.021903000000000006,0.10593200000000003,-0.925051,0.17597999999999997,-0.010291999999999968,-0.894737,0.19788299999999998,0.116224,0.030313999999999952,0.987101419489157,0.19686000000000003,0.19686000000000003,0.012898580510843027,0.80314,-0.894737
871,3.629167,walk,0.114803,-0.687384,0.941319,0.042914,-0.025332,-0.450033,-0.29253659707224705,-0.44900407967363604,-0.008879289656816758,0.012510252299634084,-0.1567795181145939,0.21278789993508063,-0.005759539236860413,0.002879769618433537,-0.005999520038397374,-1.33429325653954,-2.193184545236483,0.2015838732901461,-0.020708000000000004,0.107815,-0.9250390000000001,0.17163899999999999,-0.01756000000000002,-0.89386,0.192347,0.12537500000000001,0.031179000000000068,0.9853314768251387,0.18821,0.18821,0.014668523174861336,0.81179,-0.89386
872,3.633333,walk,0.113549,-0.689346,0.941249,0.042225,-0.025569,-0.450028,-0.30100816130580194,-0.4709553528564488,-0.016802688430151844,0.2442565895944286,0.24985009905616745,-0.021667521387903284,-0.0026404224675940524,0.0014402304368579754,-0.02208353336533745,-1.3218915026403826,-2.1178588574171346,0.2292366778684521,-0.019464999999999996,0.10978299999999996,-0.925061,0.16738599999999998,-0.024421000000000026,-0.892835,0.186851,0.134204,0.03222599999999998,0.962854320558681,0.17774000000000006,0.17774000000000006,0.03714567944131897,0.82226,-0.892835
873,3.6375,walk,0.11235,-0.691321,0.941159,0.042666,-0.025334,-0.450358,-0.28773698104149714,-0.4739620830333162,-0.021598272138235904,-0.13758851065139324,-0.18691515713228293,0.19049587228870354,-0.005519558435323697,0.00671946244301087,-0.009119270458362737,-1.3004559635228408,-2.150947924165922,0.23470122390207346,-0.018289,0.11178599999999994,-0.925009,0.16316599999999998,-0.03140900000000002,-0.891767,0.18145499999999998,0.14319499999999996,0.033241999999999994,0.9789988231456244,0.16758000000000006,0.16758000000000006,0.021001176854375636,0.8324199999999999,-0.891767
874,3.641667,walk,0.110918,-0.693505,0.941146,0.041592,-0.026782,-0.449753,-0.3436525077993924,-0.5241180705543975,-0.003119750419949683,0.14561484131158275,0.8354996935789135,-0.36944573738827124,-0.01127909767218803,0.008639308855300612,-0.002399808015358783,-1.330453563714962,-2.1504679625630923,0.2589392848572241,-0.016904000000000002,0.11400600000000005,-0.925006,0.15905399999999997,-0.03818599999999994,-0.890675,0.175958,0.152192,0.034331,0.9759852602955201,0.15669,0.15669,0.02401473970447987,0.84331,-0.890675
875,3.645833,walk,0.109781,-0.695447,0.941191,0.041778,-0.026266,-0.450095,-0.2729236677868382,-0.46615458473354443,0.010801728276514764,0.03286426983801845,-0.25210914094298104,0.19495506578173935,-0.009361497839653458,0.004800768122904334,-0.004560729716754953,-1.3242918867018347,-2.108497359577478,0.272683629380693,-0.015806,0.11596800000000007,-0.92507,0.15467399999999998,-0.04502799999999996,-0.889584,0.17048,0.16099600000000003,0.035485999999999907,0.9808888287526043,0.14514,0.14514,0.019111171247395697,0.85486,-0.889584
876,3.65,walk,0.10871,-0.697294,0.940929,0.041274,-0.025257,-0.450636,-0.25701943844493674,-0.443244540436769,-0.06287497000239894,0.43606376596357327,-0.3092930636106493,0.2929210241733635,-0.011519078473724157,0.014878809695226619,0.0002399808015361281,-1.3117350611951573,-2.1475881929446587,0.24550035997121425,-0.014783000000000004,0.11787700000000001,-0.924807,0.15027900000000002,-0.05213000000000001,-0.8882990000000001,0.16506200000000004,0.17000700000000002,0.036507999999999985,0.9686362852249923,0.13492000000000004,0.13492000000000004,0.031363714775007656,0.86508,-0.8882990000000001
877,3.654167,walk,0.107657,-0.69909,0.940796,0.041424,-0.025421,-0.451148,-0.25269978401726284,-0.4310055195584138,-0.031917446604281655,-0.09880836456005125,0.05114970155674576,0.2762353312238404,-0.012718982481400111,0.011519078473706278,-0.0021598272138232573,-1.3234941204702932,-2.042476601871737,0.260859131269482,-0.013783000000000004,0.11972099999999997,-0.9246829999999999,0.14581699999999997,-0.058845000000000036,-0.887079,0.15959999999999996,0.178566,0.03760399999999997,0.9711745416419242,0.12396000000000001,0.12396000000000001,0.028825458358075817,0.8760399999999999,-0.887079
878,3.658333,walk,0.106534,-0.70091,0.940692,0.041372,-0.025028,-0.451645,-0.26956313010083727,-0.43686989918391456,-0.02496399423907855,0.10869652090664525,-0.14407792741021497,0.27134889563714415,-0.012001920307248788,0.01104176668266782,-0.00024003840614440948,-1.3060489678349507,-2.056649063850384,0.2765242438790426,-0.012709999999999999,0.121587,-0.92458,0.14149899999999999,-0.06559300000000001,-0.885823,0.15420899999999998,0.18718,0.03875699999999993,0.9728162466324886,0.11243000000000003,0.11243000000000003,0.027183753367511443,0.88757,-0.885823
879,3.6625,walk,0.105257,-0.703033,0.940808,0.040526,-0.025732,-0.451274,-0.30645548356129654,-0.5094792416606327,0.027837772978161247,0.20876870246208065,0.4745723043665926,-0.22743342974161473,-0.013918886489080623,0.007199424046096397,-0.000479961603072205,-1.3194144468441729,-2.0599952003838258,0.26661867050634347,-0.011491000000000001,0.12374000000000007,-0.924698,0.137278,-0.07205399999999995,-0.884828,0.14876899999999998,0.19579400000000002,0.03987000000000007,0.9738701176368763,0.1013,0.1013,0.026129882363123746,0.8987,-0.884828
880,3.666667,walk,0.104199,-0.704913,0.940579,0.039847,-0.024722,-0.451743,-0.2538996880249704,-0.4511639068874679,-0.054955603551700066,0.5114922207735708,-0.27357914473288836,0.2504002176753303,-0.01247900167986534,0.006719462442984944,0.0002399808015361281,-1.318694504439705,-2.0223182145429464,0.25773938084954345,-0.010484999999999994,0.12564799999999998,-0.9244680000000001,0.132841,-0.07860100000000003,-0.883525,0.143326,0.204249,0.04094300000000006,0.9763747869360653,0.09057000000000004,0.09057000000000004,0.023625213063934725,0.90943,-0.883525
881,3.670833,walk,0.103179,-0.706725,0.940392,0.039619,-0.024691,-0.452144,-0.24483917426787452,-0.4349495919347062,-0.04488718194912221,0.10530762183470585,0.046149334458120354,0.211254008642264,-0.010321651464234324,0.006000960153637079,0.0024003840614496685,-1.2918867018722637,-2.004560729716699,0.28060489678347683,-0.009508000000000003,0.12748500000000007,-0.924271,0.128479,-0.08514,-0.882169,0.137987,0.21262500000000006,0.04210199999999997,0.9797029110354101,0.07898,0.07898,0.020297088964589927,0.92102,-0.882169
882,3.675,walk,0.102139,-0.708518,0.940223,0.039309,-0.024732,-0.452515,-0.24958003359732675,-0.43028557715383137,-0.04055675545955902,0.12470025629642653,0.09393032882128556,0.19213080023704418,-0.00983921286297126,0.007679385649156099,0.003359731221502463,-1.3023758099352682,-2.0059995200384897,0.2822174226062052,-0.008508999999999989,0.12931000000000004,-0.924088,0.124092,-0.09170600000000007,-0.880824,0.13260099999999997,0.2210160000000001,0.04326399999999997,0.9784573505967515,0.06736000000000003,0.06736000000000003,0.02154264940324846,0.9326399999999999,-0.880824
883,3.679167,walk,0.101142,-0.71031,0.940259,0.039106,-0.023882,-0.453005,-0.23926085913125442,-0.4300455963522694,0.008639308855273047,0.27308295619259537,-0.3073922141359684,0.2704144861903156,-0.022318214542837552,0.0023998080153477034,0.005759539236860632,-1.2858171346291452,-1.9755219582431975,0.26613870890327124,-0.007605000000000001,0.131112,-0.9240999999999999,0.11973100000000002,-0.09814599999999996,-0.879751,0.127336,0.22925799999999996,0.04434899999999997,0.9613766740344218,0.056510000000000005,0.056510000000000005,0.03862332596557816,0.9434899999999999,-0.879751
884,3.683333,walk,0.099888,-0.712434,0.940329,0.038859,-0.024553,-0.452648,-0.3010081613057986,-0.5098415746519339,0.016802688430151844,-0.041160563438235244,0.33181138043476494,-0.20607897093695587,-0.004800768122897672,0.012241958713399389,0.002640422467594885,-1.2856457033125013,-1.9611137782044616,0.25084013442149994,-0.006371000000000002,0.13328700000000004,-0.924159,0.11562899999999998,-0.10419199999999995,-0.878776,0.12199999999999998,0.237479,0.04538299999999995,0.9776464793651732,0.0461700000000001,0.0461700000000001,0.022353520634826762,0.95383,-0.878776
885,3.6875,walk,0.098895,-0.714282,0.94003,0.038069,-0.023847,-0.452975,-0.23830093592513873,-0.4434845212383118,-0.07175425965921571,0.49277906326750776,-0.12268896751587197,0.16816968382615652,-0.01247900167986534,0.005759539236840431,0.004559635229181438,-1.2248620110391721,-1.8958483321335202,0.3141348692104786,-0.00542999999999999,0.13515899999999992,-0.923841,0.11151799999999999,-0.11024400000000001,-0.8771680000000001,0.11694799999999998,0.24540299999999993,0.046672999999999965,0.9758656510014612,0.033269999999999966,0.033269999999999966,0.024134348998538835,0.9667300000000001,-0.8771680000000001
886,3.691667,walk,0.098001,-0.716064,0.939791,0.038065,-0.023934,-0.45324,-0.21454283657308204,-0.42764578833696726,-0.05735541156707467,-0.016675423263724305,0.04445942020347158,0.141398452097585,0.0,0.01271898248142145,-0.0014398848092151033,-1.2390208783297905,-1.8816894648428952,0.26325893928486943,-0.004535999999999998,0.13699400000000006,-0.9236080000000001,0.10724899999999998,-0.11630299999999993,-0.875832,0.11178499999999998,0.253297,0.04777600000000004,0.9786662901318051,0.022240000000000038,0.022240000000000038,0.02133370986819494,0.97776,-0.875832
887,3.695833,walk,0.097005,-0.717834,0.939742,0.037282,-0.023359,-0.453654,-0.2390782525203993,-0.42486797887659383,-0.01176188190112228,0.46153919791152137,-0.06593807230373391,0.2139176261759207,-0.0021603456553069503,0.012241958713399389,-0.001200192030724418,-1.2527604416706333,-1.875420067210719,0.257561209793561,-0.0035489999999999966,0.13881500000000002,-0.9235639999999999,0.10302599999999999,-0.12234600000000007,-0.87471,0.10657499999999999,0.2611610000000001,0.04885399999999995,0.9791851343585626,0.011459999999999915,0.011459999999999915,0.02081486564143742,0.9885400000000001,-0.87471
888,3.7,walk,0.095954,-0.719777,0.939542,0.036702,-0.023622,-0.453599,-0.2522198224141906,-0.4662826973841876,-0.04799616030716722,0.19070554595907158,0.23715475819172716,-0.0445034253945427,-0.005279577633787594,0.009599232061417457,0.0021598272138224246,-1.2562994960402378,-1.85817134629217,0.2399808015358594,-0.0025199999999999945,0.14079799999999998,-0.923355,0.098842,-0.12814599999999998,-0.87351,0.101362,0.26894399999999996,0.04984500000000003,0.9813896646282456,0.0015500000000001068,0.0015500000000001068,0.018610335371754383,0.9984499999999998,-0.87351
889,3.704167,walk,0.094856,-0.721845,0.939608,0.036473,-0.023864,-0.453093,-0.2634989200864055,-0.4962802975762067,0.01583873290137113,0.04401090789422818,0.14137302209313043,-0.27986071454033784,-0.008879289656830078,0.008399328053757822,0.0019198464122873594,-1.2282217422606714,-1.8353731701464693,0.24046076313896056,-0.001459000000000002,0.14290099999999994,-0.923413,0.09482200000000002,-0.133726,-0.872574,0.09628100000000002,0.27662699999999996,0.05083900000000008,0.9793793316460223,0.0,0.0,0.02062066835397769,1.0,-0.872574
890,3.708333,walk,0.093925,-0.723742,0.939344,0.035103,-0.023398,-0.453163,-0.22347575612097353,-0.45535285645702966,-0.0633701392222839,0.6883453240095104,0.09966487636050513,0.015425618070518194,-0.00912145943350824,0.007681228996646934,0.0040806529044645195,-1.1778684589534056,-1.8271723475755772,0.2393182909265412,-0.0005659999999999971,0.14483000000000001,-0.923132,0.090846,-0.13944100000000004,-0.871313,0.091412,0.28427100000000005,0.05181899999999995,0.9789937820566028,0.0,0.0,0.021006217943397187,1.0,-0.871313
891,3.7125,walk,0.093059,-0.725549,0.939127,0.035298,-0.023425,-0.453253,-0.20782337413007712,-0.4336453083753505,-0.05207583393326653,-0.08910905951109252,-0.028750859901719217,0.05194345991519901,-0.010319174466043517,0.009119270458359545,0.0038396928245738866,-1.1965442764579357,-1.79337652987768,0.22654187664987846,0.00025699999999999334,0.146675,-0.922899,0.086726,-0.14510699999999999,-0.870152,0.086469,0.291782,0.05274699999999999,0.976172512585226,0.0,0.0,0.02382748741477403,1.0,-0.870152
892,3.716667,walk,0.092151,-0.727369,0.938982,0.034791,-0.022903,-0.453428,-0.2179025677945646,-0.43676505879528027,-0.03479721622271488,0.3312410810211237,-0.10918526554050127,0.09011127942792777,-0.00383969282457431,0.00887928965681581,-0.0004799616030713724,-1.1879049676025217,-1.7708183345331354,0.2083033357331305,0.0011489999999999972,0.148532,-0.922756,0.082684,-0.15066599999999997,-0.869139,0.081535,0.29919799999999996,0.053617000000000026,0.9838569425881221,0.0,0.0,0.016143057411877937,1.0,-0.869139
893,3.720833,walk,0.09116,-0.729324,0.938763,0.033807,-0.02315,-0.453117,-0.23787806048969526,-0.4692750840134623,-0.052568410945748094,0.36656975440265344,0.3124870434974319,-0.18923213697994123,-0.004560729716752941,0.009601536245809691,-0.002880460873740409,-1.2201152184350472,-1.8130100816132093,0.1665866538646316,0.002120999999999998,0.15052699999999997,-0.9225490000000001,0.07859199999999998,-0.15626400000000007,-0.868226,0.07647099999999998,0.30679100000000004,0.05432300000000001,0.9816449515971143,0.0,0.0,0.01835504840288571,1.0,-0.868226
894,3.725,walk,0.090296,-0.731262,0.938677,0.033127,-0.022898,-0.45292,-0.2073434125269861,-0.46508279337650044,-0.020638348932091495,0.3453965599317645,0.03551501267021871,-0.1163736045572777,-0.00383969282457431,0.011759059275249041,-0.0035997120230373747,-1.1763858891287955,-1.7571394288455708,0.19510439164865484,0.0029689999999999994,0.15251399999999993,-0.922478,0.074554,-0.16164800000000001,-0.867327,0.071585,0.31416199999999994,0.05515100000000006,0.9785280129086298,0.0,0.0,0.021471987091370215,1.0,-0.867327
895,3.729167,walk,0.08937,-0.733206,0.938502,0.032894,-0.022936,-0.452604,-0.22222222222223148,-0.4665226781857801,-0.04199664026878911,0.09055485590478525,0.06001285994657683,-0.17498440491863937,-0.0028797696184302067,0.011519078473734148,-0.0023998080153596157,-1.1531077513799433,-1.7329013678906557,0.1519078473722192,0.0038829999999999976,0.15450600000000003,-0.9223129999999999,0.07067499999999999,-0.166925,-0.8665189999999999,0.06679199999999999,0.321431,0.05579400000000001,0.9798105280151412,0.0,0.0,0.020189471984858764,1.0,-0.8665189999999999
896,3.733333,walk,0.088429,-0.735174,0.938237,0.032779,-0.022916,-0.452399,-0.22587614018242572,-0.4723955832933067,-0.06361017762840913,0.052974502693162895,0.012008112855544241,-0.11208690097272887,-0.002880460873739269,0.010081613058085775,-0.001200192030724418,-1.1461833893422637,-1.721555448871762,0.1397023523763762,0.004812000000000011,0.156516,-0.922053,0.066841,-0.17212899999999998,-0.865672,0.06202899999999999,0.32864499999999996,0.056381000000000014,0.9824108273828027,0.0,0.0,0.01758917261719728,1.0,-0.865672
897,3.7375,walk,0.087506,-0.737158,0.938015,0.03324,-0.023045,-0.452021,-0.22150227981762308,-0.4761219102471986,-0.053275737940953825,-0.2265884495913179,-0.05277636459075457,-0.19594141513033392,-0.0026397888168974088,0.010079193664504058,0.0002399808015361281,-1.1106311495080885,-1.6937844972403002,0.13966882649388668,0.005723999999999993,0.15854199999999996,-0.92183,0.063136,-0.177203,-0.8648680000000001,0.057412000000000005,0.33574499999999996,0.05696199999999996,0.9826301489875975,0.0,0.0,0.017369851012402515,1.0,-0.8648680000000001
898,3.741667,walk,0.086626,-0.739152,0.937805,0.032511,-0.023162,-0.451596,-0.2111831053515604,-0.47852171826252216,-0.05039596832254156,0.28551400538848787,0.1987742324925782,-0.24354940725722413,-0.0011999040076771821,0.008879289656842454,0.0,-1.0887928965682048,-1.7077033837292004,0.12383009359250567,0.006599000000000008,0.16057300000000008,-0.92162,0.05947900000000002,-0.18232499999999996,-0.864142,0.05288000000000001,0.34289800000000004,0.05747800000000003,0.9850666709042277,0.0,0.0,0.014933329095772274,1.0,-0.864142
899,3.745833,walk,0.085779,-0.741145,0.937645,0.031872,-0.022837,-0.451184,-0.20331253000479532,-0.4783965434469438,-0.03840614498320802,0.34305718909155314,-0.009632981931998718,-0.23036256890282494,-0.0016802688430165168,0.009601536245782017,0.0007201152184348172,-1.0686509841574388,-1.7100336053768181,0.04200672107536962,0.007439000000000001,0.16260600000000003,-0.921457,0.05587400000000001,-0.18745599999999996,-0.863807,0.048435000000000006,0.350062,0.05764999999999998,0.9837099751388483,0.0,0.0,0.01629002486115172,1.0,-0.863807
900,3.75,walk,0.085031,-0.743109,0.937601,0.03168,-0.021893,-0.450953,-0.17950563954884396,-0.471322294216476,-0.010559155267562993,0.28631660177015206,-0.36753352485740626,-0.11856261172496402,-0.0023998080153579504,0.0088792896568434,-0.001439884809215936,-1.0755939524838538,-1.6306695464363585,0.07391408687305419,0.008177000000000004,0.16460700000000006,-0.921419,0.05213999999999999,-0.19228699999999999,-0.863455,0.04396299999999999,0.35689400000000004,0.057964000000000016,0.9844835095261961,0.0,0.0,0.015516490473803879,1.0,-0.863455
901,3.754167,walk,0.084191,-0.745167,0.937439,0.031397,-0.021764,-0.450556,-0.20158387329014443,-0.4938804895608587,-0.03887688984881279,0.14810903739258854,-0.0022327637086851483,-0.2170259924073629,-0.0016798656107495662,0.009359251259902335,0.0007199424046083842,-1.054715622750224,-1.6294696424286712,0.07631389488841213,0.009010000000000004,0.16670400000000007,-0.921254,0.048585,-0.19701899999999994,-0.862975,0.039575,0.363723,0.05827899999999997,0.9841066182814884,0.0,0.0,0.015893381718511623,1.0,-0.862975
902,3.758333,walk,0.083355,-0.747196,0.937248,0.030836,-0.021741,-0.449993,-0.20067210753720127,-0.487037926068145,-0.045847335573703074,0.24390714477126163,0.09982383132863308,-0.3125606269608142,-0.0014402304368713,0.008161305808924043,0.0014402304368696345,-1.0309649543926729,-1.6017762842054386,0.06361017762841913,0.009840000000000002,0.168767,-0.921057,0.04512600000000001,-0.20166300000000004,-0.8625189999999999,0.03528600000000001,0.37043000000000004,0.05853800000000009,0.9859806245255842,0.0,0.0,0.014019375474415785,1.0,-0.8625189999999999
903,3.7625,walk,0.082504,-0.749287,0.936998,0.030467,-0.021777,-0.449477,-0.2042236621070201,-0.5017998560115041,-0.05999520038395902,0.14888592417444393,0.08463779538496759,-0.2841005699839523,0.0,0.008639308855273047,0.0009599232061435775,-1.0407967362610375,-1.595392368610411,0.026637868970480736,0.010691000000000006,0.170894,-0.920803,0.04164000000000001,-0.20621999999999996,-0.862158,0.030949000000000004,0.37711399999999995,0.05864500000000006,0.9855125427755888,0.0,0.0,0.014487457224411249,1.0,-0.862158
904,3.766667,walk,0.081667,-0.751413,0.936792,0.030114,-0.021718,-0.448879,-0.20086393088553606,-0.5101991840652887,-0.04943604511640242,0.1622836417416221,0.03885298337297463,-0.3267311798855385,0.0014398848092167685,0.009599232061445124,0.002399808015358783,-1.0055195584353709,-1.5639548836093815,0.021358291336692085,0.011534000000000003,0.17306,-0.9205869999999999,0.038287,-0.210611,-0.8618629999999999,0.026753,0.383671,0.058724,0.983335199859195,0.0,0.0,0.01666480014080496,1.0,-0.8618629999999999
905,3.770833,walk,0.080876,-0.75352,0.936556,0.029188,-0.021593,-0.448341,-0.18987037926067651,-0.5057609217474586,-0.05664906385019119,0.42262723479140374,0.13502435758213271,-0.3039575413641089,-0.0014402304368713,0.0009601536245808668,-0.0043206913106097365,-1.0002400384061185,-1.5475276044166597,-0.005520883341333322,0.012318999999999997,0.17517099999999997,-0.9203690000000001,0.034911,-0.214951,-0.86165,0.022592,0.39012199999999997,0.05871900000000008,0.9922424710234965,0.0,0.0,0.007757528976503503,1.0,-0.86165
906,3.775,walk,0.080054,-0.755646,0.93631,0.028661,-0.021421,-0.447902,-0.19726421886250078,-0.5101991840653154,-0.059035277177847546,0.26174548202584585,0.031025095347649356,-0.24309643401981557,0.0028797696184302067,0.008399328053757822,-0.0007199424046075517,-1.0086393088553371,-1.5449964002880607,-0.04247660187185138,0.013152999999999998,0.17733200000000005,-0.920126,0.03153,-0.21926299999999999,-0.8615809999999999,0.018377000000000004,0.39659500000000003,0.05854500000000007,0.9851526188358735,0.0,0.0,0.014847381164126539,1.0,-0.8615809999999999
907,3.779167,walk,0.079334,-0.75776,0.936153,0.027814,-0.020827,-0.447455,-0.17278617710582062,-0.5073194144468012,-0.03767698584112147,0.4899234375738632,-0.0814852703551864,-0.24917108146330488,0.004319654427646515,0.010079193664502984,0.002399808015358527,-0.9697624190064211,-1.5317974562034171,-0.04415646748259957,0.013891,0.17948799999999998,-0.919959,0.028208999999999998,-0.22353200000000006,-0.861608,0.014317999999999997,0.40302000000000004,0.05835099999999993,0.981291071812618,0.0,0.0,0.018708928187382012,1.0,-0.861608
908,3.783333,walk,0.07847,-0.759986,0.935757,0.027243,-0.021233,-0.446832,-0.2073931829092828,-0.5343254920787897,-0.09505520883343599,0.15579543335455134,0.2853184515740075,-0.34714476357062773,0.0033605376860300607,0.009361497839657786,0.0019203072491602725,-0.9306289006241749,-1.4896783485358678,-0.05016802688430567,0.014769000000000004,0.18175300000000005,-0.9195549999999999,0.025195999999999996,-0.22751199999999994,-0.861421,0.010426999999999992,0.409265,0.05813399999999991,0.9831165403696462,0.0,0.0,0.01688345963035376,1.0,-0.861421
909,3.7875,walk,0.077675,-0.762156,0.935444,0.027061,-0.021166,-0.446434,-0.19078473722101166,-0.5207583393327962,-0.07511399088070017,0.09109580052339321,0.0029815182991654613,-0.2159245967892698,0.006479481641468107,0.006959443244526991,0.0033597312215021048,-0.9229661627069244,-1.487161027117742,-0.08111351091912272,0.015591000000000008,0.1839519999999999,-0.919228,0.022145000000000012,-0.23153900000000005,-0.861446,0.006554000000000004,0.41549099999999994,0.057782,0.9831918235425723,0.0,0.0,0.016808176457427715,1.0,-0.861446
910,3.791667,walk,0.076882,-0.764366,0.935104,0.026362,-0.021127,-0.445956,-0.19030477561795642,-0.5303575713943235,-0.08159347252220361,0.3068611500775778,0.12418859380522157,-0.26744399469705876,0.004559635229183103,0.007919366450698889,0.001919846412286527,-0.8864890808735713,-1.454283657307471,-0.09239260859131607,0.016403,0.186195,-0.91888,0.019243999999999997,-0.23538899999999996,-0.861491,0.0028409999999999963,0.42158399999999996,0.05738900000000002,0.9844371838585941,0.0,0.0,0.015562816141405866,1.0,-0.861491
911,3.795833,walk,0.07607,-0.76663,0.934699,0.025749,-0.021235,-0.44545,-0.19491118578972275,-0.5434469515122375,-0.09721555448873948,0.23835286039873563,0.16849100913493184,-0.282231884945905,0.0040806529044620215,0.008401344215075922,0.005040806529044554,-0.8679788766202374,-1.4387902064330031,-0.10105616898703629,0.017231999999999997,0.18849400000000005,-0.918454,0.016439999999999996,-0.23911899999999997,-0.8615069999999999,0.000792000000000001,0.427613,0.05694700000000008,0.9823110169871705,0.0,0.0,0.017688983012829507,1.0,-0.8615069999999999
912,3.8,walk,0.075265,-0.768911,0.93431,0.025462,-0.021371,-0.444917,-0.19318454523638995,-0.5473962083033553,-0.09335253179745391,0.09206970953366071,0.1104216399634036,-0.29120926432922534,0.004559635229183103,0.0067194624430115864,0.003839692824574719,-0.8780897528198135,-1.3770098392129309,-0.1706263498920139,0.018056000000000003,0.19080300000000006,-0.918049,0.013586,-0.242576,-0.861829,0.004470000000000002,0.43337900000000007,0.05622000000000005,0.9850292238443117,0.0,0.0,0.014970776155688315,1.0,-0.861829
913,3.804167,walk,0.074499,-0.771228,0.933961,0.024971,-0.021467,-0.444442,-0.18382529397647135,-0.5560355171585967,-0.08375329973599986,0.1885523085528563,0.13774745389008647,-0.26298804855275115,0.005999520038395902,0.005279577633780934,0.0038396928245734772,-0.933045356371434,-1.3731701463882064,-0.25005999520036903,0.018847000000000003,0.19314200000000004,-0.917684,0.010464000000000001,-0.245981,-0.862522,0.008383000000000002,0.43912300000000004,0.055162000000000044,0.9852228196129119,0.0,0.0,0.014777180387088085,1.0,-0.862522
914,3.808333,walk,0.07375,-0.773491,0.933715,0.024572,-0.021041,-0.444164,-0.1797887662025874,-0.5432069131060857,-0.05904944791168333,0.26141176963895935,-0.10291838147184593,-0.15240531657382955,0.007201152184349838,0.006961113778191297,0.004800768122899337,-0.8679788766202341,-1.3876620259241186,-0.23019683149303294,0.019626000000000005,0.195434,-0.917418,0.0075970000000000065,-0.24949900000000003,-0.863235,0.012028999999999998,0.444933,0.05418299999999998,0.9814886617038714,0.0,0.0,0.01851133829612861,1.0,-0.863235
915,3.8125,walk,0.072886,-0.775894,0.933207,0.024703,-0.021601,-0.443837,-0.20734341252700486,-0.576673866090723,-0.12191024718021985,-0.17725797020564496,0.20739601308345765,-0.17693059515564222,0.007199424046077182,0.005039596832265351,0.005279577633789822,-0.7996160307175795,-1.2841372690185093,-0.21862251019919288,0.020519999999999997,0.19785799999999998,-0.916888,0.005128999999999995,-0.252447,-0.863638,0.015391000000000002,0.45030499999999996,0.05325000000000002,0.9829133594405984,0.0,0.0,0.017086640559401567,1.0,-0.863638
916,3.816667,walk,0.072114,-0.778269,0.932813,0.024278,-0.021729,-0.443543,-0.18526517878570772,-0.5699544036477381,-0.09455243580514122,0.15417935314418665,0.14046852904253826,-0.1650934122236837,0.003839692824574719,0.006239500839926008,0.00623950083993267,-0.7722582193424875,-1.3299736021119297,-0.24958003359732342,0.021308000000000007,0.20025899999999996,-0.9164680000000001,0.002683000000000005,-0.2556140000000001,-0.864284,0.018625000000000003,0.4558730000000001,0.05218400000000001,0.9839613329687589,0.0,0.0,0.016038667031241127,1.0,-0.864284
917,3.820833,walk,0.071362,-0.780668,0.932434,0.023814,-0.021949,-0.44321,-0.18050888142102306,-0.5758521363418085,-0.09097455592895051,0.15119880737904293,0.18772308091336803,-0.18721444703427204,0.005280844935188105,0.006481036965914188,0.005040806529044554,-0.8120499279884552,-1.326692270763247,-0.31829092654824087,0.022082000000000004,0.202685,-0.916068,5.200000000001037e-05,-0.2587419999999999,-0.865231,0.022029999999999994,0.4614269999999999,0.05083700000000002,0.9837296372158262,0.0,0.0,0.01627036278417382,1.0,-0.865231
918,3.825,walk,0.070586,-0.783094,0.931974,0.023706,-0.022155,-0.442915,-0.18622510199182904,-0.5821934245259852,-0.11039116870650058,0.0011419010208033177,0.10666878817115326,-0.16075157647500915,0.006479481641468107,0.009119270458358574,0.007679385649147787,-0.7508999280057155,-1.269738420926286,-0.30645548356129654,0.022885000000000003,0.20514899999999991,-0.915576,-0.0023009999999999975,-0.26160700000000014,-0.8660479999999999,0.025186,0.46675600000000006,0.049528000000000016,0.9773850012907392,0.004720000000000002,0.004720000000000002,0.02261499870926076,0.9952799999999999,-0.8660479999999999
919,3.829167,walk,0.069794,-0.785564,0.931607,0.023134,-0.022367,-0.442559,-0.1900647948164236,-0.5927525797936636,-0.08807295416367242,0.19924286647896913,0.20673588359950704,-0.20112698013253977,0.0028797696184302067,0.0071994240460971646,0.005999520038397374,-0.7324214062875303,-1.2260619150468062,-0.34893208543318055,0.023689,0.20764900000000008,-0.915184,-0.004560999999999996,-0.26424599999999987,-0.867135,0.028249999999999997,0.47189499999999995,0.04804900000000001,0.9836599486314312,0.019510000000000027,0.019510000000000027,0.016340051368568753,0.98049,-0.867135
920,3.833333,walk,0.06902,-0.788038,0.931207,0.022802,-0.022603,-0.442338,-0.18578972635621116,-0.5938550168026665,-0.09601536245798008,0.09156488971628093,0.16841379065865142,-0.12506180857495047,0.005040806529046219,0.00888142102735303,0.008401344215074257,-0.7554008641382407,-1.128420547287551,-0.3787806048967722,0.024484000000000006,0.21016,-0.914749,-0.006933999999999996,-0.26647299999999996,-0.868313,0.031418,0.476633,0.04643600000000003,0.9779601399890672,0.03563999999999995,0.03563999999999995,0.022039860010932832,0.9643600000000001,-0.868313
921,3.8375,walk,0.068224,-0.790559,0.930752,0.022319,-0.023176,-0.442084,-0.1910247180225648,-0.6049916006719728,-0.10919126469882505,0.08471514323587157,0.34492045304607566,-0.14688922633081328,0.0023998080153579504,0.007199424046070521,0.008159347252220029,-0.6861051115911041,-1.1149508039357188,-0.5514758819294728,0.025289999999999993,0.21271099999999998,-0.9142600000000001,-0.008997000000000005,-0.2685979999999999,-0.870156,0.034287,0.4813089999999999,0.04410400000000003,0.9814283869030638,0.05896000000000007,0.05896000000000007,0.018571613096936224,0.9410399999999999,-0.870156
922,3.841667,walk,0.067437,-0.793117,0.930259,0.02221,-0.02356,-0.44201,-0.18886489080872618,-0.6138708903287241,-0.11831053515719862,-0.03509512323520628,0.18722320036606196,-0.04331673224170884,0.006239500839932004,0.016318694504454972,0.013678905687544521,-0.6484281257499013,-1.09791216702657,-0.36453083753297505,0.026103,0.215337,-0.9137099999999999,-0.010911999999999998,-0.27061499999999994,-0.8711819999999999,0.037015,0.48595199999999994,0.04252800000000001,0.9630186375066974,0.07472000000000006,0.07472000000000006,0.03698136249330264,0.9252799999999999,-0.8711819999999999
923,3.845833,walk,0.066659,-0.795662,0.929835,0.021787,-0.023957,-0.441819,-0.18674987998081194,-0.6108977436390353,-0.10177628420547613,0.09663843862610187,0.25751043112531297,-0.11116149523153016,-0.0016802688430133648,0.009841574651934946,0.010081613058090182,-0.5816130580893407,-1.0453672587615108,-0.35765722515605286,0.02687400000000001,0.21792299999999998,-0.913244,-0.012556999999999999,-0.27242500000000003,-0.8722479999999999,0.03943100000000001,0.490348,0.04099600000000003,0.9763521896205387,0.09004000000000006,0.09004000000000006,0.023647810379461287,0.9099599999999999,-0.8722479999999999
924,3.85,walk,0.065878,-0.798262,0.92935,0.021459,-0.024309,-0.44163,-0.18742500599950623,-0.6239500839932537,-0.11639068874488316,0.06527141235905452,0.21799555906698534,-0.10807520137205742,-0.0014398848092166152,0.011279097672190158,0.01103911687064906,-0.660427165826693,-0.9810415166786279,-0.41540676745857713,0.027648999999999993,0.22057000000000004,-0.912713,-0.014528000000000006,-0.2739130000000001,-0.873494,0.042177,0.4944830000000001,0.039219000000000004,0.9735869658729683,0.10780999999999996,0.10780999999999996,0.026413034127031665,0.89219,-0.873494
925,3.854167,walk,0.065055,-0.800915,0.928905,0.02118,-0.024736,-0.441427,-0.19750419966403693,-0.636669066474715,-0.10679145668347709,0.028165274681701238,0.2396939015721855,-0.11514861498810779,-0.004079673626110847,0.011519078473707506,0.011519078473722492,-0.543076553875715,-0.9400047996160612,-0.39116870650349744,0.028454999999999994,0.223271,-0.91222,-0.015968000000000003,-0.275177,-0.874679,0.044423,0.498448,0.03754100000000005,0.9720108118759924,0.12458999999999998,0.12458999999999998,0.027989188124007636,0.87541,-0.874679
926,3.858333,walk,0.064269,-0.803571,0.928511,0.020894,-0.025151,-0.441406,-0.18867018722995044,-0.6375420067210559,-0.0945751320211221,0.03498478745519174,0.23897636136761058,-0.017927783174106482,-0.010801728276521426,0.016562650024026612,0.012481997119538776,-0.48031685069609725,-0.9075852136341649,-0.3638982237157854,0.029196,0.22599600000000009,-0.911774,-0.017183000000000004,-0.27630200000000005,-0.8758009999999999,0.046379000000000004,0.5022980000000001,0.03597300000000003,0.9610271119284199,0.14026999999999995,0.14026999999999995,0.03897288807158006,0.8597300000000001,-0.8758009999999999
927,3.8625,walk,0.063481,-0.806234,0.928099,0.020452,-0.0254,-0.441337,-0.18910487161028244,-0.639068874490063,-0.0988720902327782,0.13701660058355464,0.19966892356073188,-0.04536810071605685,-0.011999040076796414,0.017278617710574578,0.013198944084474556,-0.41204703623712063,-0.8444924406047488,-0.3052555795536502,0.029934000000000002,0.22873100000000002,-0.911307,-0.018111999999999996,-0.2771579999999999,-0.876661,0.048046,0.5058889999999999,0.034645999999999955,0.958609591902302,0.15354000000000007,0.15354000000000007,0.041390408097698006,0.84646,-0.876661
928,3.866667,walk,0.06264,-0.808974,0.927445,0.020765,-0.026196,-0.441281,-0.20182385409165907,-0.6575473962082548,-0.1569474442044645,-0.3040414840354615,0.2757881445630169,-0.027465094228286073,-0.013918886489080623,0.015118790496767797,0.011999040076792637,-0.41876649868007926,-0.7784977201823439,-0.32109431245498377,0.030716999999999994,0.23153400000000002,-0.9106029999999999,-0.019015999999999998,-0.27766199999999996,-0.8773449999999999,0.04973299999999999,0.509196,0.03325800000000001,0.9603385791302897,0.16742000000000007,0.16742000000000007,0.03966142086971025,0.8325799999999999,-0.8773449999999999
929,3.870833,walk,0.061807,-0.811737,0.92692,0.020765,-0.02696,-0.441288,-0.19995199231876562,-0.6632261161785874,-0.12602016322611218,-0.16202366817336458,0.32930417465960643,0.0009054577783393538,-0.022083533365336618,0.008401344215075922,0.01344215074411881,-0.35333653384540586,-0.720595295247261,-0.1265002400384026,0.031458,0.2343320000000001,-0.910022,-0.019655,-0.27790100000000006,-0.877347,0.051113,0.5122330000000002,0.03267500000000001,0.9546937443874794,0.17325000000000007,0.17325000000000007,0.04530625561252055,0.8267499999999999,-0.877347
930,3.875,walk,0.060945,-0.814516,0.926431,0.020348,-0.027079,-0.441191,-0.20686345092393593,-0.6669066474682273,-0.11735061195104007,0.1535517735561202,0.1378721848157438,-0.05976709013138358,-0.022558195344372728,0.010559155267562993,0.016078713702904764,-0.33261339092874215,-0.6337892968562548,-0.3095752339812955,0.032226000000000005,0.237155,-0.909466,-0.020179000000000002,-0.277763,-0.878148,0.05240500000000001,0.514918,0.03131799999999996,0.9505897848084427,0.18682000000000004,0.18682000000000004,0.049410215191557305,0.81318,-0.878148
931,3.879167,walk,0.060108,-0.81733,0.925946,0.020274,-0.027416,-0.441211,-0.20086393088553772,-0.675305975521985,-0.11639068874489557,-0.03943610952198936,0.161162696772797,0.008378684606319282,-0.013198944084473724,0.007199424046070521,0.01991840652747865,-0.33453323734102786,-0.5809935205183866,-0.3645308375330139,0.033008,0.23999899999999996,-0.9088980000000001,-0.020736000000000004,-0.27737,-0.879182,0.05374400000000001,0.517369,0.029716000000000076,0.9584071737577624,0.20284000000000002,0.20284000000000002,0.04159282624223759,0.79716,-0.879182
932,3.883333,walk,0.059232,-0.820179,0.925483,0.02033,-0.027864,-0.441313,-0.21027364378299995,-0.6838694191070361,-0.11113778204514871,-0.11829202879462439,0.182855776286994,0.05405680233220377,-0.011761881901105624,0.0014402304368846249,0.02568410945751237,-0.3413346135381567,-0.5468074891982573,-0.4198271723475642,0.033835,0.24285400000000001,-0.9083279999999999,-0.021282000000000002,-0.276799,-0.8804679999999999,0.055117,0.519653,0.027859999999999996,0.9528569078881363,0.22140000000000004,0.22140000000000004,0.04714309211186374,0.7786,-0.8804679999999999
933,3.8875,walk,0.058361,-0.823065,0.924924,0.020653,-0.02824,-0.441471,-0.20902327813773547,-0.6925845932325124,-0.13414926805854144,-0.21748700951596825,0.09624494638280907,0.0891962686007201,-0.016078713702902217,0.0033597312214921136,0.02831773458123179,-0.26565874730019906,-0.4660427165826182,-0.3966882649387811,0.034638999999999996,0.24575400000000003,-0.907651,-0.021518000000000002,-0.27585499999999985,-0.881562,0.056157,0.5216089999999999,0.02608900000000003,0.9454384414925658,0.23911000000000004,0.23911000000000004,0.05456155850743416,0.76089,-0.881562
934,3.891667,walk,0.057434,-0.825987,0.924461,0.020537,-0.028725,-0.441504,-0.22246220302376926,-0.7012239020878602,-0.11111111111111407,-0.052688122268822316,0.23400956183909088,0.013965775507798012,-0.017758579313656826,0.004079673626120838,0.03143748500120114,-0.23158147348213215,-0.41708663306937765,-0.4000479961603242,0.035491999999999996,0.24869300000000005,-0.907057,-0.021556,-0.2746709999999999,-0.8827659999999999,0.057047999999999995,0.5233639999999999,0.024291000000000063,0.9394395082184613,0.25709,0.25709,0.06056049178153866,0.74291,-0.8827659999999999
935,3.895833,walk,0.056512,-0.828955,0.923894,0.020648,-0.028875,-0.441522,-0.22131541046566827,-0.7124339894382836,-0.13610177628419795,-0.07947948399084119,0.04143395678575599,0.011190659479946588,-0.023043686989917482,0.006481036965914188,0.03576572251560148,-0.2117138742198696,-0.41742678828615204,-0.3967834853576468,0.036317999999999996,0.251688,-0.906341,-0.021516,-0.2734420000000001,-0.883852,0.057833999999999997,0.5251300000000001,0.02248899999999998,0.9282713009298649,0.27510999999999997,0.27510999999999997,0.07172869907013513,0.72489,-0.883852
936,3.9,walk,0.055597,-0.831928,0.923408,0.020914,-0.029308,-0.441593,-0.2195824334053374,-0.7134629229661961,-0.11663066954643836,-0.20578172045484544,0.1314204486161424,0.04160247895791621,-0.027837772978160886,0.007199424046070521,0.038156947444206064,-0.17350611951044742,-0.3542116630669787,-0.39476841852653605,0.037117000000000004,0.254691,-0.9056960000000001,-0.021324000000000003,-0.2719450000000001,-0.885011,0.05844100000000001,0.5266360000000001,0.020685000000000064,0.9203701976986515,0.29315,0.29315,0.07962980230134853,0.70685,-0.885011
937,3.904167,walk,0.054637,-0.834972,0.922865,0.021094,-0.029572,-0.441697,-0.23038156947442862,-0.7305015598751767,-0.13030957523396378,-0.1325844069244225,0.07738809495933957,0.05819597058668041,-0.03431725461962935,0.0033597312214921136,0.047276217902565566,-0.12982961363090156,-0.2932565394767842,-0.3770098392128407,0.037934,0.257749,-0.9049560000000001,-0.020905,-0.2701229999999999,-0.886039,0.058839,0.5278719999999999,0.018917000000000073,0.902475038271106,0.31083000000000005,0.31083000000000005,0.09752496172889402,0.68917,-0.886039
938,3.908333,walk,0.053717,-0.837966,0.92242,0.021124,-0.029618,-0.441865,-0.22083533365340136,-0.7186749879981225,-0.10681709073453287,-0.021140564883407806,0.016342877250317828,0.09028373867782274,-0.03888622179548928,-0.0004800768122771597,0.048247719635145396,-0.16682669227077682,-0.2393182909266,-0.392462794047078,0.038692000000000004,0.260741,-0.9043100000000001,-0.020680000000000004,-0.2681260000000001,-0.887229,0.05937200000000001,0.5288670000000001,0.017081000000000013,0.8967176043657048,0.32919,0.32919,0.1032823956342952,0.67081,-0.887229
939,3.9125,walk,0.052708,-0.84103,0.921953,0.021411,-0.030021,-0.442008,-0.24214062874968598,-0.7353011759058987,-0.11207103431724665,-0.2078277218478072,0.11525185995368516,0.08081316685124651,-0.03743700503959536,0.0004799616030588834,0.04223662107031158,-0.1303095752339721,-0.18862491000717674,-0.34197264218860474,0.039545000000000004,0.263807,-0.903667,-0.020213999999999996,-0.265848,-0.8881870000000001,0.059759,0.529655,0.015479999999999938,0.9059301106606814,0.34520000000000006,0.34520000000000006,0.09406988933931859,0.6547999999999999,-0.8881870000000001
940,3.916667,walk,0.051691,-0.844166,0.921376,0.021768,-0.029922,-0.442178,-0.24406047516199747,-0.752579793616525,-0.13846892248621936,-0.13103213531465147,-0.11529353972937809,0.09817079194258267,-0.03743700503959935,-0.0007199424046017234,0.04391648668106731,-0.1523878089752898,-0.17230621550276679,-0.34629229661628647,0.040406,0.26693999999999996,-0.902907,-0.019832000000000002,-0.26343000000000005,-0.889053,0.060238,0.53037,0.013854000000000033,0.9038128926141968,0.36146,0.36146,0.09618710738580316,0.63854,-0.889053
941,3.920833,walk,0.050696,-0.847272,0.920851,0.022136,-0.029827,-0.442411,-0.23883821411425243,-0.7455592894863101,-0.12602016322611218,-0.1360746320713488,-0.11481733362693734,0.1322078363088126,-0.038646183389339915,-0.0031204992798678295,0.05352856457033002,-0.14570331252999996,-0.1349015842534652,-0.3218915026404133,0.041240000000000006,0.2700330000000001,-0.9021589999999999,-0.019443999999999996,-0.26088599999999995,-0.889869,0.060684,0.530919,0.012289999999999912,0.8898413740796414,0.3771,0.3771,0.11015862592035863,0.6229,-0.889869
942,3.925,walk,0.049705,-0.850413,0.920403,0.022602,-0.029723,-0.442754,-0.2378209743220648,-0.7537796976242124,-0.10751139908807882,-0.17530833519091107,-0.13748509868439185,0.19308544085103657,-0.04295656347492363,-0.0007199424046283667,0.06911447084233578,-0.17734581233502214,-0.1286297096232581,-0.3069354451644006,0.042052000000000006,0.27317099999999994,-0.901423,-0.019192,-0.2582810000000001,-0.8906999999999999,0.06124400000000001,0.531452,0.010723000000000038,0.8643677895674277,0.39277,0.39277,0.13563221043257234,0.6072299999999999,-0.8906999999999999
943,3.929167,walk,0.048684,-0.853541,0.91996,0.023074,-0.029817,-0.442997,-0.24502039836811587,-0.7506599472041826,-0.10631149508038018,-0.22092434114804432,-0.055322159346370275,0.13888732101369514,-0.04775617950563778,-0.00311975041994935,0.08087353011758579,-0.17494600431964305,-0.12023038156943416,-0.2922966162706806,0.042874,0.27628600000000003,-0.900643,-0.018899999999999997,-0.25565399999999994,-0.891475,0.061773999999999996,0.53194,0.009167999999999954,0.8433784338202295,0.40832,0.40832,0.15662156617977052,0.59168,-0.891475
944,3.933333,walk,0.047616,-0.856732,0.919456,0.023693,-0.029875,-0.443269,-0.25636101776283493,-0.7659625540086336,-0.12097935669705596,-0.2763182860159683,-0.10150011805700691,0.15772234457332074,-0.03816610657705281,-0.007441190590495055,0.08281325012001647,-0.17642822851655854,-0.11881901104179565,-0.2861257801248118,0.043782999999999996,0.2794460000000001,-0.8997940000000001,-0.018567,-0.252958,-0.892163,0.062349999999999996,0.5324040000000001,0.007631000000000054,0.8475199703048932,0.42369,0.42369,0.15248002969510677,0.57631,-0.892163
945,3.9375,walk,0.046552,-0.85992,0.918957,0.024403,-0.029808,-0.44361,-0.25533957283418385,-0.7650587952964037,-0.11975041996641468,-0.2881480697215792,-0.17332300302304438,0.19687795581740355,-0.044876409887209326,-0.018958483321347457,0.08759299256059933,-0.18190544756420274,-0.08543316534678166,-0.2834173266138842,0.04466,0.282555,-0.89893,-0.018261000000000003,-0.25012600000000007,-0.892845,0.062921,0.5326810000000001,0.006085000000000007,0.8329516986024381,0.43915,0.43915,0.16704830139756188,0.5608500000000001,-0.892845
946,3.941667,walk,0.04503,-0.863079,0.91809,0.025722,-0.026923,-0.443454,-0.3652507799376223,-0.758099352051876,-0.2080633549316299,0.046719322487285386,-1.52437940595469,-0.0422725226972788,-0.05327573794096715,-0.007919366450672245,0.0935925125989967,-0.1847852171826338,-0.060715142788540497,-0.2807775377969893,0.04596,0.2856810000000001,-0.8976729999999999,-0.017509,-0.24721999999999988,-0.8931479999999999,0.063469,0.532901,0.004525000000000001,0.8200263982881564,0.45475000000000004,0.45475000000000004,0.17997360171184362,0.54525,-0.8931479999999999
947,3.945833,walk,0.043945,-0.866311,0.91737,0.027487,-0.026513,-0.443688,-0.2604416706673003,-0.7758041286605675,-0.17282765242436945,-0.6704254082999241,-0.5471162001104656,0.16168828022096057,-0.0465674507921254,0.0007201152184289877,0.0969755160825701,-0.1593855016802648,-0.040806529044646864,-0.28516562650023175,0.046851000000000004,0.28891600000000006,-0.896549,-0.017088,-0.24415799999999988,-0.893616,0.063939,0.5330739999999999,0.0029330000000000744,0.8207012366135656,0.47067,0.47067,0.17929876338643436,0.5293300000000001,-0.893616
948,3.95,walk,0.042933,-0.86951,0.916851,0.028575,-0.026347,-0.444088,-0.24286057115429263,-0.7676985841132127,-0.12455003599712397,-0.43011357262420713,-0.29486457707021546,0.23627217049678675,-0.06551475881928938,-0.00671946244301087,0.11447084233260683,-0.14614830813533988,-0.04775617950565109,-0.2519798416126562,0.04759000000000001,0.292087,-0.8955529999999999,-0.016685,-0.24115799999999998,-0.894147,0.064275,0.533245,0.0014059999999999073,0.7798932800321043,0.49396602476537466,0.49396602476537466,0.22010671996789566,0.5060339752346253,-0.894147
949,3.954167,walk,0.041903,-0.872763,0.916419,0.029484,-0.026322,-0.444465,-0.24718022558196381,-0.780657547396232,-0.10367170626350077,-0.38340258590087045,-0.19658780245198687,0.2198485712069052,-0.09479241660667734,-0.029997600191969384,0.1579073674106141,-0.14686825053996386,-0.06935445164386775,-0.25365970722343345,0.048225,0.295215,-0.894463,-0.016267000000000004,-0.23819400000000002,-0.894772,0.064492,0.533409,0.0003090000000000037,0.6859071644200285,0.5,0.5,0.3140928355799715,0.5,-0.894463
950,3.958333,walk,0.04089,-0.875916,0.916096,0.030623,-0.02567,-0.445068,-0.24315890542486132,-0.7568410945751287,-0.07753240518481838,-0.34712459501912285,-0.5105907728353694,0.3507575030726011,-0.07945271243398677,-0.0328852616418747,0.1757081132981229,-0.0969755160825701,-0.06841094575134012,-0.20067210753720044,0.048907,0.298231,-0.893408,-0.015658000000000002,-0.23532600000000004,-0.895285,0.064565,0.5335570000000001,0.0018770000000000175,0.6551952582198302,0.6114356804226639,0.6114356804226639,0.34480474178016984,0.38856431957733606,-0.893408
951,3.9625,walk,0.039856,-0.879157,0.915809,0.030915,-0.025584,-0.445488,-0.24814014878810833,-0.7777777777777986,-0.06887449004080881,-0.10502164911212342,-0.09045540605682587,0.231554154283353,-0.08735301175906403,-0.037916966642668276,0.1761459083273415,-0.1540676745860402,-0.05279577633786825,-0.2378209743220648,0.049576999999999996,0.30131399999999997,-0.892387,-0.015266000000000002,-0.23230499999999998,-0.895989,0.064843,0.533619,0.003601999999999994,0.6302484626695326,0.519597801088145,0.519597801088145,0.3697515373304674,0.480402198911855,-0.892387
952,3.966667,walk,0.038824,-0.882431,0.915526,0.03148,-0.025348,-0.446035,-0.24766018718501134,-0.7856971442284136,-0.06791456683465706,-0.18960478564872016,-0.2104867129326162,0.306403240447237,-0.10559155267577854,-0.04535637149027675,0.18022558195343313,-0.09767218622509631,-0.05687544996400967,-0.20422366210701925,0.050169000000000005,0.304399,-0.891353,-0.014640999999999998,-0.22926800000000003,-0.8965569999999999,0.06481,0.533667,0.005203999999999986,0.5917139987682538,0.6109770895956825,0.5917139987682538,0.4082860012317462,0.38902291040431747,-0.891353
953,3.970833,walk,0.037528,-0.885959,0.915461,0.031452,-0.025724,-0.447242,-0.31108977436392254,-0.8468554968795886,-0.01560249639942076,-0.06307089675141847,0.19309003180337034,0.6433298503776881,-0.11137782045128249,-0.04800768122899515,0.1989918386942068,-0.09985597695632085,-0.023043686989943257,-0.18698991838695636,0.051001,0.3077270000000001,-0.890459,-0.013760999999999999,-0.22583600000000004,-0.8972709999999999,0.064762,0.5335630000000001,0.006811999999999929,0.5434804769843438,0.6446150083581017,0.5434804769843438,0.45651952301565624,0.3553849916418983,-0.890459
954,3.975,walk,0.036405,-0.889337,0.915013,0.032704,-0.025384,-0.447741,-0.26949844012477336,-0.8106551475881417,-0.10751139908806735,-0.46206607260108373,-0.40350774079913393,0.2957599510749239,-0.10103191744659591,-0.05831533477321296,0.20134389248858853,-0.0765538756899401,-0.01967842572592044,-0.1739860811135003,0.051703000000000006,0.3108620000000001,-0.889172,-0.012957,-0.22253999999999996,-0.897548,0.06466000000000001,0.533402,0.00837600000000005,0.5284131140232798,0.681501383469624,0.5284131140232798,0.47158688597672016,0.31849861653037603,-0.889172
955,3.979167,walk,0.035312,-0.892645,0.914684,0.033537,-0.024859,-0.448295,-0.2622990160787249,-0.7938564914807125,-0.07895368370528623,-0.24215387513366363,-0.3918023384083542,0.3190717241967672,-0.09983201343892938,-0.06935445164386775,0.2243820494360558,-0.1051115910727192,-0.004559635229179773,-0.17254619630430373,0.05238,0.3138810000000001,-0.887908,-0.012302000000000004,-0.21925099999999997,-0.897938,0.064682,0.533132,0.010029999999999983,0.47437732844078395,0.6631789681021445,0.47437732844078395,0.525622671559216,0.3368210318978555,-0.887908
956,3.983333,walk,0.03419,-0.896002,0.914454,0.034201,-0.024517,-0.448746,-0.26932309169466495,-0.8058089294286729,-0.055208833413359866,-0.2095439788221957,-0.27935781028042966,0.2588411392079474,-0.09289486317810891,-0.07489198271725431,0.24051848295726644,-0.09625540086413528,-0.0057609217474852,-0.1553048487758003,0.053114999999999996,0.31692599999999993,-0.886676,-0.011580999999999998,-0.21591800000000005,-0.898355,0.06469599999999999,0.532844,0.011678999999999995,0.4357250364901571,0.6953240042084313,0.4357250364901571,0.564274963509843,0.3046759957915687,-0.886676
957,3.9875,walk,0.033073,-0.899391,0.914126,0.035368,-0.024165,-0.449206,-0.268058555315587,-0.8132949364051455,-0.07871370290377008,-0.4231528297921575,-0.3914697963261085,0.2741025313995349,-0.0890328773698136,-0.08447324214063716,0.2538996880249696,-0.08711303095752791,-0.003359731221492472,-0.15838732901368593,0.053861,0.319963,-0.88529,-0.010827,-0.21254299999999993,-0.898687,0.064688,0.5325059999999999,0.013396999999999992,0.3960192629191096,0.6986764661043185,0.3960192629191096,0.6039807370808904,0.30132353389568145,-0.88529
958,3.991667,walk,0.031908,-0.902779,0.913721,0.036625,-0.023716,-0.449682,-0.2795776337892797,-0.8130549556034894,-0.09719222462202161,-0.44080638177710496,-0.4520101750111017,0.2862333802094856,-0.10055195584352704,-0.11015118790495781,0.2802975761938872,-0.08351331893447958,0.012479001679850688,-0.16870650347971106,0.054606999999999996,0.32289199999999996,-0.883717,-0.010009999999999998,-0.20910300000000004,-0.898985,0.064617,0.531995,0.01526800000000006,0.34732,0.6855689254174578,0.34732,0.6526799999999999,0.31443107458254216,-0.883717
959,3.995833,walk,0.030716,-0.906193,0.913479,0.037391,-0.023554,-0.450098,-0.2861257801248118,-0.819491118578957,-0.058089294287075814,-0.2925259349107083,-0.22473533522582506,0.240901261185066,-0.10417666826691745,-0.10921747479596033,0.31997119539125324,-0.07201152184349338,0.008401344215075922,-0.1529044647143502,0.055365000000000004,0.325851,-0.8821420000000001,-0.009118000000000001,-0.205654,-0.8993800000000001,0.06448300000000001,0.531505,0.017237999999999976,0.32762,0.7179636686503645,0.32762,0.67238,0.28203633134963546,-0.8821420000000001
960,4.0,walk,0.029563,-0.909542,0.913188,0.03849,-0.02319,-0.450602,-0.27669786417087927,-0.8036957043436737,-0.06983441324695333,-0.3913575026807205,-0.38088862759208597,0.29778506089189066,-0.09407247420206896,-0.13054955603552046,0.2872570194384589,-0.06887449004079965,0.0011999040076873012,-0.13822894168467156,0.056126,0.32865599999999995,-0.880654,-0.008251999999999999,-0.20230000000000004,-0.899665,0.064378,0.530956,0.019011,0.30989,0.7425964286957141,0.30989,0.69011,0.2574035713042859,-0.880654
961,4.004167,walk,0.02846,-0.912894,0.913049,0.038878,-0.023187,-0.451281,-0.2646988240940845,-0.804415646748302,-0.0333573314134885,-0.16448130906057415,-0.0686466537991242,0.3727966753120595,-0.085433165346775,-0.14926805855532513,0.26877849772019535,-0.05279577633789573,0.003119750419976326,-0.12646988240941295,0.05687300000000001,0.33138599999999996,-0.879395,-0.0073690000000000005,-0.19893499999999997,-0.900053,0.06424200000000001,0.5303209999999999,0.020657999999999954,0.29342,0.7715282779565805,0.29342,0.70658,0.22847172204341948,-0.879395
962,4.008333,walk,0.027337,-0.916212,0.91289,0.039468,-0.023068,-0.451889,-0.26956313010077976,-0.7964474315889579,-0.03816610657705207,-0.2260662784288159,-0.16370613154686467,0.3406388118894148,-0.11161785885740393,-0.13682189150261234,0.30076812289962296,-0.06024963994238217,-0.0064810369659134975,-0.11665866538644629,0.057531,0.33413400000000004,-0.877983,-0.006496999999999999,-0.19564399999999993,-0.90038,0.064028,0.529778,0.022397,0.27603,0.7809029441150245,0.27603,0.72397,0.21909705588497552,-0.877983
963,4.0125,walk,0.026176,-0.919585,0.912732,0.039957,-0.023069,-0.452462,-0.2786177105831658,-0.8094552435805408,-0.037916966642668276,-0.2088978617148065,-0.09131147677839156,0.3182957541392499,-0.11927045836333576,-0.1528677705783604,0.29301655867531934,-0.04703623710103448,0.006239500839899366,-0.12670986321094907,0.058195,0.33687,-0.8766039999999999,-0.005532000000000002,-0.1922450000000001,-0.9007499999999999,0.063727,0.5291150000000001,0.024146,0.25854,0.7744960679925633,0.25854,0.74146,0.22550393200743668,-0.8766039999999999
964,4.016667,walk,0.025032,-0.922922,0.912602,0.040376,-0.02306,-0.453034,-0.2745380369570566,-0.8008159347252668,-0.031197504199656688,-0.17673913197083044,-0.08044790069275186,0.3164163068043257,-0.1315094792416683,-0.16102711783057544,0.29469642428607057,-0.05159587233021592,-0.0009599232061178691,-0.09263258939285261,0.058790999999999996,0.33953600000000006,-0.875246,-0.0046029999999999995,-0.18891199999999997,-0.901006,0.06339399999999999,0.528448,0.025760000000000005,0.24240000000000006,0.8232716136765044,0.24240000000000006,0.7575999999999999,0.17672838632349563,-0.875246
965,4.020833,walk,0.023921,-0.92622,0.912472,0.040194,-0.022783,-0.453776,-0.2666826692270968,-0.7916466634662228,-0.03120499279886817,0.13921050164034945,-0.060405966475562976,0.39943663958995723,-0.1301008161305914,-0.16298607777245294,0.30676908305331313,-0.04464714354297009,0.0019203072491619383,-0.08449351896304075,0.059359999999999996,0.3421550000000001,-0.8738379999999999,-0.0036780000000000007,-0.18560599999999994,-0.9012279999999999,0.063038,0.527761,0.027390000000000025,0.22610000000000002,0.8406941293434101,0.22610000000000002,0.7739,0.15930587065658985,-0.8738379999999999
966,4.025,walk,0.022735,-0.929532,0.912337,0.040003,-0.022775,-0.454487,-0.28461723062150335,-0.7948164146866875,-0.03239740820733708,0.08426900750885206,0.055769163594281836,0.3788519667812717,-0.13774898008156827,-0.16678665706740695,0.2896568274537551,-0.04871610271177533,-0.00071994240460157,-0.08591312694982979,0.059972000000000004,0.3447720000000001,-0.8724959999999999,-0.0026949999999999995,-0.18229699999999993,-0.901451,0.062667,0.527069,0.028955000000000064,0.21045000000000003,0.8353889908266245,0.21045000000000003,0.78955,0.16461100917337546,-0.8724959999999999
967,4.029167,walk,0.021503,-0.932836,0.912257,0.039672,-0.022807,-0.455082,-0.2956563474922134,-0.7928965682745679,-0.019198464122863603,0.13527817335064593,0.1004597001495297,0.3130658555888514,-0.13894888408927827,-0.18598512119033275,0.27957763378930944,-0.04799616030717733,0.006239500839899366,-0.09023278137749383,0.060625000000000005,0.34730099999999997,-0.871251,-0.0016630000000000013,-0.1789670000000001,-0.901747,0.06228800000000001,0.5262680000000001,0.030495999999999968,0.19504,0.8293434442278719,0.19504,0.80496,0.17065655577212813,-0.871251
968,4.033333,walk,0.020313,-0.936065,0.912198,0.039928,-0.022641,-0.455904,-0.2856457033125527,-0.7750840134422211,-0.014162265962562632,-0.07219505610959964,-0.10644544333353392,0.4506180035822963,-0.1617858857417334,-0.19035045607297058,0.2866058569371328,-0.04584733557369547,0.0055208833413605595,-0.07897263562170559,0.061141,0.3497370000000001,-0.8699979999999999,-0.0006640000000000014,-0.17571499999999995,-0.902017,0.061805,0.525452,0.03201900000000002,0.17981000000000003,0.8475283677649198,0.17981000000000003,0.82019,0.1524716322350802,-0.8699979999999999
969,4.0375,walk,0.019051,-0.939368,0.912052,0.039914,-0.022583,-0.456597,-0.3028557715382914,-0.7926565874730251,-0.03503719702423474,0.019429756610052758,-0.004563438400797102,0.3738431754619213,-0.12574994000480455,-0.2215022798176264,0.276217902567807,-0.04679625629949835,-0.004319654427663628,-0.0808735301175944,0.061879,0.352117,-0.868701,0.0004030000000000006,-0.17243000000000008,-0.902208,0.061476,0.5245470000000001,0.033507000000000065,0.16493000000000002,0.844105832803645,0.16493000000000002,0.83507,0.15589416719635496,-0.868701
970,4.041667,walk,0.0178,-0.942556,0.912019,0.039945,-0.0223,-0.457377,-0.30021598272133165,-0.7650587952962407,-0.007919366450670557,0.04966765752374643,-0.108241783439641,0.4251650857432213,-0.20734341252696398,-0.2270218382529023,0.28677705783532553,-0.038636909047269255,-0.0023998080153208048,-0.09719222462201416,0.062266,0.354359,-0.867473,0.0014930000000000013,-0.16925199999999996,-0.90258,0.060772999999999994,0.5236109999999999,0.035107,0.14893,0.8256368863373094,0.14893,0.85107,0.17436311366269064,-0.867473
971,4.045833,walk,0.016498,-0.945725,0.911946,0.03994,-0.022222,-0.457991,-0.3125300048007931,-0.7606817090735333,-0.017522803648582698,0.019810547451924537,-0.01702165704243177,0.33217054360069403,-0.17306769083054646,-0.258761401824318,0.2508401344215267,-0.039846375420070246,-0.008161305808951563,-0.07369179068651567,0.062847,0.35645000000000004,-0.866355,0.002629000000000003,-0.16611699999999996,-0.902814,0.060217999999999994,0.522567,0.03645900000000002,0.13541000000000003,0.859714373100908,0.13541000000000003,0.86459,0.14028562689909196,-0.866355
972,4.05,walk,0.015205,-0.948861,0.91188,0.040235,-0.022125,-0.458885,-0.31029517638590304,-0.752579793616525,-0.01583873290137113,-0.10390955073296082,-0.08399560366635186,0.48991419965699207,-0.19342452603792606,-0.25677945764340393,0.23566114710824299,-0.04631629469642693,-0.017758579313633515,-0.07223422126230211,0.063334,0.35851599999999995,-0.865307,0.0037289999999999997,-0.16305499999999995,-0.903049,0.059605,0.5215709999999999,0.03774199999999994,0.12257999999999997,0.853956351511154,0.12257999999999997,0.8774200000000001,0.146043648488846,-0.865307
973,4.054167,walk,0.013918,-0.951964,0.911837,0.040363,-0.022047,-0.459849,-0.30885529157668795,-0.7446604271658794,-0.010319174466046847,-0.036809293107038406,-0.03745234139303944,0.5241926070809004,-0.18406527477802706,-0.262538996880271,0.21262299016079633,-0.036717062634990964,-0.02111831053517927,-0.06767458603312068,0.063854,0.360525,-0.864378,0.004862999999999999,-0.16003999999999996,-0.903288,0.058990999999999995,0.5205649999999999,0.03891,0.1109,0.8669380331996867,0.1109,0.8891,0.13306196680031335,-0.864378
974,4.058333,walk,0.012597,-0.955035,0.911752,0.040862,-0.022161,-0.46069,-0.31709073451748016,-0.737157945271129,-0.020403264522321257,-0.23765957386215839,-0.0404406738060567,0.46310790531495816,-0.21627460393660064,-0.3022083533364691,0.18626980316848174,-0.04416706673067102,-0.023763802208367255,-0.056649063850208466,0.064274,0.362337,-0.863517,0.005999999999999998,-0.1570680000000001,-0.903439,0.05827399999999999,0.5194050000000001,0.03992200000000001,0.10078000000000004,0.873898580124139,0.10078000000000004,0.8992199999999999,0.126101419875861,-0.863517
975,4.0625,walk,0.01125,-0.958093,0.911621,0.041272,-0.02232,-0.461393,-0.3232541396688415,-0.733861291096747,-0.03143748500119947,-0.20972720595787578,-0.005091313583143923,0.38631955035619664,-0.23038156947444985,-0.3045356371490601,0.14542836573074874,-0.054715622750182255,-0.02711783057356249,-0.04223662107031608,0.06466100000000001,0.36412599999999995,-0.86278,0.007119,-0.15412300000000012,-0.9034840000000001,0.05754200000000001,0.5182490000000001,0.04070400000000007,0.09295999999999999,0.8762494863378318,0.09295999999999999,0.9070400000000001,0.12375051366216816,-0.86278
976,4.066667,walk,0.009928,-0.961076,0.911523,0.041632,-0.022143,-0.462215,-0.3172546196304441,-0.7158627309815707,-0.023518118550527232,-0.11381374728354829,-0.13397975152508815,0.45455697140973833,-0.24382049436046302,-0.32349412047038095,0.10679145668347043,-0.04151667866570853,-0.045356371490281586,-0.03431725461963218,0.064967,0.365761,-0.8622369999999999,0.008268000000000001,-0.15132900000000005,-0.903529,0.056699,0.51709,0.041292000000000106,0.08707999999999999,0.8826388644820233,0.08707999999999999,0.91292,0.11736113551797667,-0.8622369999999999
977,4.070833,walk,0.00854,-0.964031,0.911552,0.041839,-0.022471,-0.463107,-0.3331733077291917,-0.7093134901583135,0.006961113778217204,-0.1609727372448952,0.11647759820224603,0.48224602320642773,-0.2436389822371258,-0.3365338454152248,0.07777244359096364,-0.046567450792120435,-0.04296687469992924,-0.038166106577047075,0.06534,0.3673139999999999,-0.861942,0.009462,-0.14855300000000005,-0.903717,0.055878,0.515867,0.04177500000000001,0.08225000000000005,0.8767192512324624,0.08225000000000005,0.91775,0.12328074876753758,-0.861942
978,4.075,walk,0.007161,-0.966927,0.911552,0.042361,-0.022558,-0.463976,-0.33093352531798986,-0.6949844012479343,0.0,-0.24137968486035288,-0.05642199395547099,0.4801524830895571,-0.28941684665228073,-0.38228941684665907,0.061675065994723305,-0.04583633309335467,-0.03887688984881279,-0.028557715382770726,0.065513,0.368617,-0.861685,0.01065,-0.14581900000000003,-0.9038360000000001,0.054863,0.514436,0.04215100000000005,0.07849,0.8890955728811085,0.07849,0.92151,0.11090442711889148,-0.861685
979,4.079167,walk,0.005744,-0.969798,0.911454,0.042804,-0.022926,-0.464601,-0.3400527957763534,-0.688984881209551,-0.023518118550527232,-0.27055733674835836,0.07417606921681211,0.34260304503362704,-0.2966162706983579,-0.398368130549573,0.036477081833454834,-0.01367890568754598,-0.022318214542813287,-0.006239500839933086,0.065694,0.36982800000000005,-0.861435,0.01201,-0.14304099999999986,-0.903764,0.053684,0.5128689999999999,0.04232900000000006,0.07671000000000006,0.9551500485594421,0.07671000000000006,0.9232899999999999,0.04484995144055792,-0.861435
980,4.083333,walk,0.004448,-0.972517,0.911367,0.042963,-0.023022,-0.465439,-0.31108977436392293,-0.6526644263082408,-0.020883341334602765,-0.08894871375939008,0.02746992642092219,0.4560828010402114,-0.3103696591454885,-0.4481517042727076,0.06144983197312039,-0.008881421027364804,-0.02424387902067613,-0.00984157465194494,0.065697,0.37068,-0.8610920000000001,0.013269,-0.14042300000000008,-0.903718,0.052428,0.5111030000000001,0.04262599999999994,0.07374000000000003,0.9539474364007007,0.07374000000000003,0.92626,0.04605256359929932,-0.8610920000000001
981,4.0875,walk,0.00312,-0.975162,0.911345,0.043332,-0.022893,-0.466368,-0.3186945044395914,-0.6347492200622907,-0.005279577633807014,-0.12784557440147343,-0.11241198732603162,0.5135953611800013,-0.3573314134868622,-0.5123590112790114,0.05087592992559669,-0.0028797696184304253,-0.016798656107512064,-0.0074394048476110995,0.065536,0.37119,-0.860858,0.014584999999999999,-0.13784800000000008,-0.903727,0.050950999999999996,0.5090380000000001,0.042868999999999935,0.07131000000000004,0.9690057055178634,0.07131000000000004,0.92869,0.03099429448213664,-0.860858
982,4.091667,walk,0.001736,-0.977806,0.911383,0.043884,-0.023212,-0.467113,-0.33213342932566914,-0.6345092392608832,0.009119270458386189,-0.3061433863061804,0.031878725337844825,0.411276187489096,-0.39428845692346215,-0.575953923686148,0.042476601871853044,-0.0011999040076789752,-0.018478521718235236,-0.0038396928245740944,0.065277,0.37143399999999993,-0.860719,0.015964,-0.13528099999999998,-0.9037810000000001,0.049313,0.5067149999999999,0.043062000000000045,0.06938,0.9684811002242737,0.06938,0.93062,0.031518899775726306,-0.860719
983,4.095833,walk,0.00037,-0.98042,0.911366,0.044626,-0.023175,-0.467727,-0.327892462794073,-0.6274603936630371,-0.004080652904475781,-0.3069353352338413,-0.1651162212422874,0.3502234792632467,-0.4366298607777593,-0.6387421987518568,-0.011761881901105211,0.0019203072491602725,-0.016562650024028378,-0.0060009601536250195,0.064824,0.3713869999999999,-0.860751,0.017338000000000003,-0.13273600000000008,-0.903789,0.047486,0.504123,0.04303799999999991,0.06962000000000002,0.9704656283800355,0.06962000000000002,0.93038,0.029534371619964528,-0.860751
984,4.1,walk,-0.000955,-0.982915,0.911547,0.045122,-0.023316,-0.468655,-0.3179745620350517,-0.5987520998320468,0.04343652507799256,-0.2425864996389073,-0.025945753363600048,0.5127246989239913,-0.46724262059037514,-0.6930645548356452,-0.04655627549796222,0.0035997120230377585,-0.015358771298312198,-0.005519558435325534,0.064202,0.37099399999999993,-0.861126,0.018678,-0.13030500000000012,-0.903993,0.045523999999999995,0.501299,0.0428670000000001,0.07133,0.9721454518094623,0.07133,0.92867,0.027854548190537676,-0.861126
985,4.104167,walk,-0.002259,-0.98531,0.911642,0.045394,-0.022818,-0.46934,-0.3129349652027314,-0.5747540196783381,0.022798176145894005,-0.003354988784836357,-0.25306040058540824,0.385882833359204,-0.5116390688744031,-0.7499400047994744,-0.06959443244539237,0.011519078473720037,-0.024958003359698715,-0.0016798656107508733,0.063374,0.37026400000000004,-0.8615109999999999,0.02003,-0.12801399999999996,-0.904095,0.04334400000000001,0.498278,0.042584000000000066,0.07416,0.9541011665284812,0.07416,0.92584,0.045898833471518796,-0.8615109999999999
986,4.108333,walk,-0.003582,-0.987735,0.91186,0.045545,-0.0229,-0.470016,-0.31757081132983794,-0.5820931349016328,0.052328372539622844,-0.08303955824140334,0.019465267028002036,0.369327776172341,-0.5261641862698447,-0.8156505040807205,-0.10297647623620566,0.012962073931830591,-0.021363418146906576,-0.0009601536245799281,0.062505,0.36929100000000004,-0.862158,0.021407000000000002,-0.12567799999999996,-0.904317,0.041098,0.494969,0.04215900000000006,0.07840999999999998,0.9583222384599341,0.07840999999999998,0.92159,0.04167776154006586,-0.862158
987,4.1125,walk,-0.004979,-0.990144,0.912186,0.046039,-0.022956,-0.47062,-0.3352531797456356,-0.5781137508999531,0.07823374130071115,-0.22257513585034275,-0.070706656770166,0.33861444987650074,-0.5675545956323768,-0.8742500599952288,-0.11495080393569046,0.012479001679866172,-0.01823854091671909,-0.003119750419966543,0.061536999999999994,0.3680570000000001,-0.862963,0.022856,-0.12334499999999993,-0.904656,0.03868099999999999,0.491402,0.04169299999999998,0.08307000000000003,0.9628029757619487,0.08307000000000003,0.91693,0.03719702423805127,-0.862963
988,4.116667,walk,-0.00631,-0.992569,0.912515,0.046344,-0.022989,-0.47123,-0.31941444684426695,-0.5819534437245312,0.07895368370528623,-0.13725622915611407,-0.03768363206009587,0.3379958274839024,-0.5939524838013226,-0.921526277897826,-0.13294936405088342,0.011519078473722492,-0.015598752099828344,-0.0011999040076795997,0.060393,0.366642,-0.863846,0.024235,-0.1209849999999999,-0.90499,0.036157999999999996,0.4876269999999999,0.04114399999999996,0.08856000000000003,0.967619878972872,0.08856000000000003,0.91144,0.03238012102712795,-0.863846
989,4.120833,walk,-0.007641,-0.994957,0.912939,0.04647,-0.023175,-0.471803,-0.31949111857893,-0.5732117138741301,0.10177628420545443,-0.096112290610383,0.06638751675536435,0.31162804076666994,-0.6310609697550761,-0.9774363898222321,-0.1709073451752045,0.010321651464233224,-0.013922227556434408,-0.0012001920307247063,0.059095,0.364958,-0.8649819999999999,0.025609,-0.11865500000000007,-0.905419,0.033486,0.48361300000000007,0.040437000000000056,0.09562999999999999,0.9710457559245596,0.09562999999999999,0.90437,0.02895424407544045,-0.8649819999999999
990,4.125,walk,-0.008971,-0.997278,0.913367,0.046404,-0.023061,-0.47226,-0.31917446604273103,-0.5569954403648004,0.10271178305738289,0.05347161750205294,-0.020373553763194698,0.2487623668798631,-0.6433885289177166,-1.0323974082073972,-0.18094552435805908,0.00623950083993267,-0.010799136069079139,-0.0009599232061434717,0.057744,0.362977,-0.866164,0.026965,-0.1163789999999999,-0.9058510000000001,0.030778999999999997,0.4793559999999999,0.03968700000000003,0.10313,0.9791517278139504,0.10313,0.8968700000000001,0.020848272186049566,-0.866164
991,4.129167,walk,-0.010285,-0.999616,0.913886,0.045687,-0.022948,-0.472734,-0.31533477321815717,-0.5610751139908946,0.1245500359971106,0.32890765800366495,0.1277217496855793,0.2432741303859128,-0.6575473962083332,-1.0686345092393192,-0.17998560115191622,0.006959443244541054,-0.008639308855327255,-0.00047996160307183986,0.056318,0.3608619999999999,-0.867433,0.028308,-0.1140770000000001,-0.906372,0.028009999999999997,0.474939,0.038938999999999946,0.11060999999999999,0.9814931040696127,0.11060999999999999,0.88939,0.018506895930387346,-0.867433
992,4.133333,walk,-0.011633,-1.00197,0.914341,0.046024,-0.023232,-0.473228,-0.32357177148339367,-0.5650504080652335,0.10921747479594869,-0.20772013239780177,0.05750199298450559,0.2721584892450077,-0.68410945751311,-1.1310609697549945,-0.19563130100813586,0.0021603456553042216,-0.0021603456552867326,0.0004800768122899658,0.054816,0.35850400000000004,-0.868703,0.029664999999999997,-0.11173199999999994,-0.906825,0.025151,0.470236,0.03812199999999999,0.11878000000000005,0.994845535795059,0.11878000000000005,0.8812199999999999,0.005154464204941034,-0.868703
993,4.1375,walk,-0.012952,-1.004279,0.914936,0.045231,-0.023304,-0.473665,-0.31653467722583656,-0.5541156707463403,0.14278857691385632,0.3189092664161732,0.22234454775046736,0.21853949259473712,-0.6791456683465631,-1.1939044876410583,-0.18454523638109765,0.003119750419966335,0.0004799616030855778,0.006479481641469006,0.053305,0.3558379999999999,-0.8700669999999999,0.030996999999999997,-0.10942099999999999,-0.907393,0.022308,0.46525899999999987,0.03732600000000008,0.12674000000000002,0.9879876350550487,0.12674000000000002,0.8732599999999999,0.012012364944951281,-0.8700669999999999
994,4.141667,walk,-0.014267,-1.006604,0.915492,0.044756,-0.023445,-0.474013,-0.31557475401969287,-0.5579553635709716,0.133429325653954,0.1686612263508065,0.176911491858141,0.17644760456318556,-0.7125029997600516,-1.2445404367650947,-0.20422366210704018,0.0007199424046083842,0.00215982721380517,-0.0014398848092153115,0.051651,0.3529770000000001,-0.871474,0.032315,-0.10708699999999993,-0.907955,0.019336,0.46006400000000003,0.036480999999999986,0.13519000000000003,0.9955103703062701,0.13519000000000003,0.86481,0.004489629693729902,-0.871474
995,4.145833,walk,-0.015555,-1.008832,0.916076,0.043711,-0.023239,-0.474414,-0.3091694671147627,-0.5348055688910401,0.14018242918868823,0.4890070967149482,0.16126129596250038,0.19784909717117102,-0.7409985597696217,-1.2801248199713045,-0.21195391262603738,-0.003600576092175303,0.004320691310627686,-0.0012001920307251703,0.049852,0.34987199999999996,-0.872941,0.033588,-0.10484099999999996,-0.908544,0.016264,0.4547129999999999,0.03560300000000005,0.14397,0.9904151475830214,0.14397,0.8560300000000001,0.009584852416978595,-0.872941
996,4.15,walk,-0.016884,-1.011104,0.916687,0.042941,-0.0233,-0.4748,-0.3189344852411274,-0.545236381089434,0.14662826973840312,0.31162582825391355,0.21107829647729562,0.19212745014794108,-0.7561795056394224,-1.3270938324931867,-0.20878329733617879,0.004319654427645222,0.00431965442760942,-0.003839692824573276,0.04803,0.346614,-0.874422,0.034935,-0.10255100000000006,-0.9091710000000001,0.013094999999999999,0.44916500000000004,0.03474900000000003,0.1525100000000001,0.9879743249513431,0.1525100000000001,0.8474899999999999,0.012025675048656925,-0.874422
997,4.154167,walk,-0.018207,-1.013362,0.917319,0.042129,-0.023292,-0.475086,-0.31749460043198025,-0.5418766498680577,0.1516678665706731,0.3451202603844486,0.18884959417203998,0.13791435735369295,-0.7880969522438561,-1.3760499160067863,-0.19846412287017812,0.002159827213822655,0.010079193664530701,-0.0023998080153589912,0.046069,0.34313800000000005,-0.875881,0.036267,-0.10025099999999987,-0.909813,0.009802000000000002,0.4433889999999999,0.03393199999999996,0.16068,0.9823605494990422,0.16068,0.8393200000000001,0.017639450500957832,-0.875881
998,4.158333,walk,-0.019487,-1.015585,0.918015,0.040837,-0.023158,-0.475608,-0.3072491598656028,-0.5336053768603073,0.16706673067692873,0.576963575131585,0.2511496002876547,0.25816673522359934,-0.8125300048008331,-1.4171867498800712,-0.21171387421989216,0.0009601536245801362,0.007921267402773009,0.0038406144983201287,0.043964,0.339457,-0.877459,0.037551,-0.09799500000000005,-0.910493,0.0064129999999999986,0.43745200000000006,0.03303400000000001,0.16966000000000003,0.9852409451546841,0.16966000000000003,0.83034,0.014759054845315922,-0.877459
999,4.1625,walk,-0.020736,-1.017763,0.918705,0.039718,-0.023222,-0.476023,-0.29973602111832426,-0.5226781857451674,0.1655867530597552,0.45834357564584977,0.29249961387934115,0.201219825289338,-0.8214542836573446,-1.451403887689064,-0.20590352771779308,0.00887928965682758,0.007919366450672245,0.006239500839933086,0.04179,0.33558699999999997,-0.879007,0.038836999999999997,-0.09578400000000009,-0.911157,0.0029530000000000008,0.43137100000000006,0.03215000000000001,0.17850000000000005,0.9776089352815431,0.17850000000000005,0.8214999999999999,0.022391064718456866,-0.879007
1000,4.166667,walk,-0.022062,-1.01993,0.91935,0.038653,-0.023052,-0.476436,-0.3182145428365191,-0.5200383969281659,0.15478761699061644,0.4890604979248398,0.18146705498098703,0.20498262708746673,-0.8243340532756,-1.5017998560112642,-0.1915046796255979,0.001199904007679552,0.009599232061443077,0.004079673626109145,0.039680999999999994,0.331496,-0.88045,0.040167999999999995,-0.09357700000000002,-0.911785,0.0004870000000000013,0.42507300000000003,0.031335,0.1866500000000001,0.9825016855817599,0.1866500000000001,0.8133499999999999,0.017498314418240124,-0.88045
1001,4.170833,walk,-0.023344,-1.022103,0.919964,0.037354,-0.023176,-0.476735,-0.3077292366778933,-0.5216034565530852,0.14738358137303217,0.5204978805337365,0.3561401491106243,0.13429333404741997,-0.8562169947192226,-1.5427268362939197,-0.20235237638023604,-0.0024003840614499243,0.007921267402773009,-0.00024003840614482587,0.037396,0.32724200000000003,-0.881907,0.041440000000000005,-0.09137100000000009,-0.9124,0.004044000000000001,0.4186130000000001,0.030492999999999992,0.19507000000000002,0.9861992412300867,0.19507000000000002,0.8049299999999999,0.013800758769913268,-0.881907
1002,4.175,walk,-0.024653,-1.024195,0.920639,0.036584,-0.023276,-0.477155,-0.3141348692104778,-0.5020398368130737,0.16198704103671993,0.30270391277915143,0.228057711299847,0.21192724214178088,-0.8315334773218525,-1.5728341732662248,-0.17110631149508782,-0.0007199424046075517,0.010799136069132425,0.002879769618430623,0.03524,0.32277999999999996,-0.8832949999999999,0.042746000000000006,-0.08923400000000004,-0.913063,0.007506000000000002,0.412014,0.029768000000000017,0.20232,0.9813338742667049,0.20232,0.79768,0.01866612573329507,-0.8832949999999999
1003,4.179167,walk,-0.025946,-1.026339,0.921206,0.035473,-0.023187,-0.477492,-0.31029517638590304,-0.5145188384929258,0.13606911447084474,0.48980801548900066,0.22437922106758387,0.1622706942398319,-0.863690904727661,-1.5785937125030653,-0.18334533237341868,-0.0009599232061436797,0.010319174466046847,0.003119750419966543,0.032934,0.3183459999999999,-0.8846259999999999,0.044035000000000005,-0.0870470000000001,-0.913617,0.011101,0.405393,0.0289910000000001,0.21009,0.9819614874269518,0.21009,0.78991,0.018038512573048227,-0.8846259999999999
1004,4.183333,walk,-0.02723,-1.028397,0.921882,0.034058,-0.022905,-0.477938,-0.3082093134901172,-0.4939990398463369,0.16226596255398928,0.6627307559227846,0.21513978106501502,0.21799360130380835,-0.8867018722994492,-1.6387421987515873,-0.16706673067688643,0.0009601536245799316,0.009841574651932848,0.0038406144983191017,0.030524000000000003,0.313577,-0.885998,0.045323,-0.08494800000000002,-0.914277,0.014799000000000001,0.398525,0.028279000000000054,0.21721000000000001,0.9823200673756107,0.21721000000000001,0.78279,0.017679932624389272,-0.885998
1005,4.1875,walk,-0.028547,-1.030455,0.922434,0.033098,-0.022621,-0.478312,-0.3160547156227643,-0.4938804895608321,0.1324694024478095,0.47093300607089567,0.10848662172714547,0.18829582257986258,-0.93088552915771,-1.6693064554836285,-0.1255099592032701,-0.0019198464122873594,0.010559155267562993,0.0038396928245743025,0.027962,0.3086789999999999,-0.887073,0.046632,-0.0828460000000002,-0.914813,0.01867,0.3915250000000001,0.027739999999999987,0.22260000000000002,0.9810025724549668,0.22260000000000002,0.7774,0.018997427545033196,-0.887073
1006,4.191667,walk,-0.029918,-1.032524,0.923026,0.031707,-0.022478,-0.47867,-0.3290136789057027,-0.4965202783777761,0.1420686345092546,0.6201836079828332,0.2663299011254714,0.17004814198104726,-0.9181665466763078,-1.686105111591144,-0.11231101511879471,0.0,0.009119270458412833,0.004079673626110014,0.025507000000000002,0.30372200000000005,-0.8881330000000001,0.048003000000000004,-0.0807389999999999,-0.915388,0.022496000000000002,0.38446099999999994,0.027254999999999918,0.22744999999999999,0.9833496053942942,0.22744999999999999,0.7725500000000001,0.01665039460570583,-0.8881330000000001
1007,4.195833,walk,-0.031219,-1.034503,0.923583,0.030833,-0.022501,-0.479031,-0.31228996639458134,-0.4750360057608468,0.13370139222274485,0.3641175989643731,0.2178153004722695,0.1803790633989674,-0.9371099375898887,-1.7153144503118434,-0.11761881901102537,0.0,0.007921267402771319,0.00384061449831931,0.022904,0.2985549999999999,-0.8891800000000001,0.049304,-0.07872699999999999,-0.915929,0.0264,0.3772819999999999,0.026748999999999912,0.23251,0.9853279558162368,0.23251,0.76749,0.014672044183763222,-0.8891800000000001
1008,4.2,walk,-0.03252,-1.036419,0.924143,0.029845,-0.02234,-0.479549,-0.3122150227981904,-0.4598032157427685,0.1343892488600985,0.45484503854964026,0.16970240245033186,0.2660739354199968,-0.9839212862971415,-1.745380369570508,-0.1161507079433711,-0.0009599232061436797,0.00815934725218839,0.0038396928245740944,0.020104999999999998,0.29319799999999996,-0.890224,0.050601,-0.0767770000000001,-0.9164730000000001,0.030496000000000002,0.36997500000000005,0.026249000000000078,0.23751000000000005,0.9848856542455544,0.23751000000000005,0.7624899999999999,0.01511434575444559,-0.890224
1009,4.204167,walk,-0.03388,-1.038369,0.924662,0.028419,-0.021929,-0.479728,-0.3263738900888078,-0.46796256299501016,0.1245500359971106,0.6959955093449962,0.1582623296782981,0.07512590652698589,-1.00383969282462,-1.760979121670336,-0.11063114950804348,-0.0004799616030714236,0.005519558435350929,0.0023998080153589912,0.017282,0.2878100000000001,-0.891204,0.051959000000000005,-0.07480399999999987,-0.916982,0.034677,0.362614,0.025777999999999968,0.24222,0.9899370085389503,0.24222,0.75778,0.01006299146104972,-0.891204
1010,4.208333,walk,-0.035189,-1.040285,0.925135,0.027672,-0.021813,-0.480025,-0.3142102736438073,-0.45991358617377787,0.11353816610659966,0.34238040906027706,0.1287010586220495,0.15004004729799325,-1.0333653384542345,-1.779404704752902,-0.10561689870380167,0.00360057609217447,0.00552088334130726,0.009601536245800114,0.014285999999999997,0.2823129999999999,-0.892117,0.053283,-0.07286500000000018,-0.9174150000000001,0.038997000000000004,0.3551780000000001,0.025298000000000043,0.24702000000000002,0.9805896791955588,0.24702000000000002,0.75298,0.01941032080444116,-0.892117
1011,4.2125,walk,-0.036548,-1.042188,0.925556,0.026523,-0.021709,-0.480157,-0.3261339092872022,-0.4566834653226948,0.10103191744658847,0.5082857814370649,0.22307757100893846,0.0527188816519058,-1.0422366210701397,-1.8171346292293629,-0.0892728581713307,-0.0007199424046073983,0.0,0.0062395008399317555,0.011301999999999996,0.2766439999999999,-0.8929100000000001,0.05463899999999999,-0.07096200000000019,-0.91781,0.043337,0.3476060000000001,0.024899999999999922,0.251,0.9895318355905126,0.251,0.749,0.01046816440948739,-0.8929100000000001
1012,4.216667,walk,-0.037921,-1.044034,0.926031,0.02554,-0.021731,-0.480465,-0.32949364050877583,-0.4430045596352528,0.1139908807295476,0.4098975618374717,0.24117385245164444,0.15131479759417654,-1.0799136069114965,-1.8310535157188323,-0.07559395248380542,0.0019198464122873594,-0.0014398848092034469,0.008639308855291869,0.008175000000000002,0.2708599999999999,-0.8937,0.05602,-0.06912200000000013,-0.9182490000000001,0.047845,0.339982,0.024549000000000043,0.25451,0.9850559621692135,0.25451,0.74549,0.01494403783078646,-0.8937
1013,4.220833,walk,-0.039262,-1.045882,0.926476,0.024918,-0.02216,-0.480629,-0.32189150264044675,-0.44359097455598134,0.10681709073450622,0.163431792284625,0.3268387694106056,0.07639479089208698,-1.095775324051935,-1.8307729236679173,-0.06649063850216548,-0.0031204992798848185,-0.005760921747485814,0.004080652904465163,0.004950999999999997,0.265081,-0.8944219999999999,0.057347999999999996,-0.06729800000000008,-0.918677,0.052397,0.3323790000000001,0.024255000000000027,0.25745,0.9871355935423078,0.25745,0.74255,0.012864406457692157,-0.8944219999999999
1014,4.225,walk,-0.040581,-1.047656,0.926881,0.02442,-0.022231,-0.480808,-0.31653467722583656,-0.42572594192465163,0.09719222462203196,0.1939483223365004,0.1477973697886106,0.08897772468552084,-1.1615070794336977,-1.8972882169427503,-0.11903047756179964,-0.008639308855292285,-0.0038396928245780495,-0.00047996160307183986,0.0014300000000000007,0.2589489999999999,-0.895323,0.058631,-0.06554000000000015,-0.9190839999999999,0.057201,0.324489,0.02376099999999992,0.26238999999999996,0.9842227958376764,0.26238999999999996,0.7376100000000001,0.015777204162323644,-0.895323
1015,4.229167,walk,-0.041924,-1.049429,0.92726,0.023592,-0.02222,-0.480777,-0.32229421646262996,-0.42548596112304476,0.09095272378208658,0.3508870939627928,0.185660871337376,-0.030973494707624234,-1.1365490760737247,-1.8447324214059784,-0.05831533477320842,0.009599232061433087,0.004079673626146612,0.0023998080153582717,-0.0019629999999999995,0.2530349999999999,-0.895945,0.060014,-0.06374999999999997,-0.919453,0.061977000000000004,0.31678499999999987,0.023507999999999973,0.26492,0.9821621445316351,0.26492,0.73508,0.017837855468364916,-0.895945
1016,4.233333,walk,-0.043249,-1.051171,0.927672,0.022597,-0.022391,-0.480789,-0.3180508881421279,-0.41814690350462563,0.09889582333175986,0.3793905252805546,0.301565370987807,-0.01096488713421482,-1.2001920307250105,-1.8542966874701377,-0.00432069131061103,-0.006961113778204531,-0.0038406144983238765,-0.005520883341334951,-0.005637999999999997,0.24705200000000005,-0.896375,0.06131,-0.06202399999999986,-0.919888,0.06694800000000001,0.3090759999999999,0.023513000000000006,0.26487000000000005,0.9838679427479118,0.26487000000000005,0.73513,0.016132057252088217,-0.896375
1017,4.2375,walk,-0.044583,-1.052893,0.927946,0.022041,-0.022697,-0.480797,-0.3201343892488735,-0.4132469402447996,0.06575473962083249,0.16333233795389984,0.2570626281310911,-0.006390969683404319,-1.1780657547396738,-1.8706503479722467,-0.023518118550516408,0.0007199424046075517,-0.004559635229179773,0.0014398848092153115,-0.009212999999999999,0.24097900000000005,-0.8967470000000001,0.062647,-0.06032099999999985,-0.9201560000000001,0.07186,0.3012999999999999,0.023409000000000013,0.26591,0.9919408680587143,0.26591,0.73409,0.008059131941285713,-0.8967470000000001
1018,4.241667,walk,-0.045886,-1.054554,0.928181,0.021868,-0.022921,-0.480791,-0.31269498440126353,-0.39860811135108914,0.056395488360930154,0.021023525485903104,0.134044945270583,-0.00723922326712671,-1.2071034317255187,-1.8620110391169462,-0.0319174466042734,-0.0028797696184310394,-0.004319654427663628,0.002879769618430623,-0.01294,0.234881,-0.897115,0.063938,-0.05867800000000001,-0.9203790000000001,0.076878,0.293559,0.023264000000000062,0.26736000000000004,0.9901053380714497,0.26736000000000004,0.73264,0.009894661928550263,-0.897115
1019,4.245833,walk,-0.047214,-1.056217,0.92844,0.0212,-0.023195,-0.480626,-0.31877100336049397,-0.3991838694190464,0.06216994719154453,0.21700025382004284,0.2666172900172249,-0.1027198433415947,-1.2349975996157723,-1.8655784925585597,0.005280844935189207,-0.004320691310608443,-0.006240998559788293,0.0031204992798845696,-0.016757,0.22877199999999998,-0.897352,0.065248,-0.05704100000000012,-0.920625,0.082005,0.2858130000000001,0.023272999999999988,0.26727,0.9863215546508987,0.26727,0.73273,0.013678445349101342,-0.897352
1020,4.25,walk,-0.048572,-1.057895,0.928677,0.020365,-0.023307,-0.480378,-0.32589392848573556,-0.4026877849772366,0.05687544996398909,0.3241674964302069,0.23551336051438118,-0.14981299541987705,-1.2610991120710908,-1.8624910007200317,0.024718022558196214,-0.0023998080153596157,-0.008879289656790114,0.0004799616030714236,-0.020654,0.22268900000000003,-0.897486,0.06659599999999999,-0.055399999999999894,-0.92086,0.08725,0.2780889999999999,0.023374000000000006,0.26626000000000005,0.9846493552017271,0.26626000000000005,0.73374,0.015350644798272861,-0.897486
1021,4.254167,walk,-0.049853,-1.059524,0.928877,0.019995,-0.0236,-0.48013,-0.3074154067674737,-0.39092872570193304,0.04799616030717233,0.08666651789998413,0.2046149436664125,-0.14292204574088777,-1.2714182865371377,-1.8744900407968248,0.04031677465802872,0.008879289656828413,-0.0038396928245780495,0.005759539236861662,-0.024671000000000005,0.2165069999999999,-0.8975179999999999,0.067914,-0.05378700000000003,-0.921036,0.092585,0.2702939999999999,0.02351800000000004,0.26482000000000006,0.9812355745848453,0.26482000000000006,0.73518,0.018764425415154662,-0.8975179999999999
1022,4.258333,walk,-0.051117,-1.061123,0.929053,0.019402,-0.023636,-0.479751,-0.3034085453672184,-0.38382141142580745,0.04224675948152699,0.23908990375741654,0.14570635782971622,-0.21727996089148544,-1.2880460873738062,-1.8783005280842349,0.07633221315409415,-0.0012001920307251226,-0.004080652904501561,0.001440230436869481,-0.028773,0.21028100000000005,-0.8973760000000001,0.069173,-0.05220500000000006,-0.921206,0.097946,0.2624860000000001,0.023829999999999907,0.26170000000000004,0.9925154877044291,0.26170000000000004,0.7383,0.0074845122955709,-0.8973760000000001
1023,4.2625,walk,-0.052471,-1.062744,0.929228,0.019037,-0.02411,-0.479326,-0.32493400527959104,-0.389008879289644,0.04199664026878911,0.041763979560334355,0.27700271852767305,-0.23969172820877646,-1.310055195584411,-1.8802495800336918,0.05375569954403941,-0.002399808015358783,-0.003839692824524763,0.0009599232061436797,-0.032878,0.2040669999999999,-0.8973270000000001,0.070517,-0.05059999999999998,-0.921377,0.10339499999999999,0.25466699999999987,0.024049999999999905,0.25950000000000006,0.9922856965355509,0.25950000000000006,0.7404999999999999,0.007714303464449124,-0.8973270000000001
1024,4.266667,walk,-0.053701,-1.064302,0.92932,0.018654,-0.024118,-0.479007,-0.2951763858891428,-0.37389008879295454,0.02207823374129714,0.15736410823379604,0.08645928412841251,-0.1806664411620263,-1.3086153107751977,-1.8651307895369225,0.07631389488841213,-0.008399328053756157,-0.005279577633834783,0.00887928965682758,-0.037100999999999995,0.19785300000000006,-0.897101,0.071712,-0.049063999999999997,-0.921432,0.108813,0.24691700000000005,0.02433099999999999,0.25669000000000003,0.9778098847984971,0.25669000000000003,0.7433099999999999,0.022190115201502936,-0.897101
1025,4.270833,walk,-0.054968,-1.065877,0.929485,0.018426,-0.024414,-0.478641,-0.3041286605857188,-0.37806048967835015,0.03960633701391834,0.02548327233679034,0.1715363567842171,-0.20473825999616482,-1.3451752280365952,-1.8622179548729108,0.09697551608258127,0.020163226116180363,0.004320691310627686,-0.03216514642343019,-0.041438,0.19167,-0.896862,0.073063,-0.04747100000000004,-0.921731,0.114501,0.23914100000000005,0.02486899999999992,0.25131000000000003,0.9363206665032032,0.25131000000000003,0.74869,0.06367933349679678,-0.896862
1026,4.275,walk,-0.056238,-1.067416,0.929627,0.017961,-0.024218,-0.478309,-0.304775617950513,-0.36933045356364275,0.03407727381808296,0.23870737775544867,0.01904477582578581,-0.1885659905804273,-1.3340532757377161,-1.854811615070507,0.11111111111109205,-0.0026397888168943487,-0.011039116870646218,0.0,-0.045727,0.18547999999999987,-0.896541,0.074322,-0.045978000000000074,-0.9218729999999999,0.120049,0.23145799999999994,0.02533199999999991,0.24668000000000007,0.9810827396362192,0.24668000000000007,0.75332,0.01891726036378083,-0.896541
1027,4.279167,walk,-0.057463,-1.068891,0.929686,0.017735,-0.023741,-0.477916,-0.2939764818814622,-0.35397168226546255,0.014158867290624896,0.20213065137091044,-0.1551263891086795,-0.21709686744449272,-1.346292296616333,-1.8396928245741062,0.09287257019438998,0.008399328053756157,0.0,0.005279577633789614,-0.050112000000000004,0.17928900000000003,-0.896213,0.075582,-0.04450299999999996,-0.92191,0.125694,0.223792,0.02569699999999997,0.24302999999999997,0.9834653014890045,0.24302999999999997,0.75697,0.016534698510995538,-0.896213
1028,4.283333,walk,-0.058728,-1.070387,0.92975,0.017436,-0.023756,-0.477362,-0.30364858377342835,-0.35909745559290934,0.015362457993268856,0.11888369890486819,0.06669613747616072,-0.30769185964826856,-1.350936149784071,-1.8595775324053196,0.1269803168507049,-0.004080652904464955,-0.004560729716752941,0.0009601536245799281,-0.054474999999999996,0.17303800000000003,-0.895748,0.07683000000000001,-0.04302600000000001,-0.92197,0.131305,0.21606400000000003,0.026221999999999968,0.23778000000000005,0.9896755577687937,0.23778000000000005,0.7622199999999999,0.010324442231206321,-0.895748
1029,4.2875,walk,-0.059992,-1.071875,0.9298,0.017124,-0.023563,-0.47689,-0.3033357331413612,-0.35709143268538557,0.011999040076793083,0.1725825918332888,-0.016861436032553693,-0.26206806085718276,-1.3491720662347633,-1.8548116150709022,0.12574994000480622,-0.004559635229182271,-0.010559155267562993,0.010319174466043309,-0.058833,0.16679699999999986,-0.8952739999999999,0.07807499999999999,-0.04158200000000001,-0.9219769999999999,0.136908,0.20837899999999987,0.026703000000000032,0.23297,0.9742462842460687,0.23297,0.76703,0.02575371575393126,-0.8952739999999999
1030,4.291667,walk,-0.061254,-1.073395,0.929782,0.017204,-0.023921,-0.47619,-0.3028557715382277,-0.36477081833451724,-0.004319654427636063,-0.12055692727052315,0.12270846501583385,-0.3816432651332315,-1.345812335012974,-1.8459323254136388,0.15310775137986388,-0.007679385649146136,0.007199424046068987,0.014398848092150045,-0.063179,0.16062500000000013,-0.894618,0.079305,-0.040031999999999845,-0.921899,0.142484,0.20065699999999997,0.027281,0.22719,0.9702729314837918,0.22719,0.77281,0.02972706851620821,-0.894618
1031,4.295833,walk,-0.062491,-1.074859,0.929805,0.016974,-0.024188,-0.475529,-0.29692750840136656,-0.3514162265962616,0.00552088334133391,0.03133509156165623,0.15570648486502622,-0.3646596198566737,-1.3595775324052897,-1.8456553048489357,0.19083053288527607,-0.002160345655305515,-0.004800768122931495,0.006721075372060121,-0.067606,0.15439999999999998,-0.893846,0.080533,-0.03858800000000007,-0.921894,0.148139,0.19298800000000005,0.028047999999999962,0.21952000000000005,0.9857709879630202,0.21952000000000005,0.78048,0.014229012036979793,-0.893846
1032,4.3,walk,-0.063694,-1.076265,0.929861,0.016953,-0.023731,-0.47518,-0.288696904247674,-0.3374130069594631,0.013438924886023173,0.11075945261605934,-0.19324207164959126,-0.1898967229287281,-1.370290376769926,-1.8226541876650744,0.18022558195345234,0.002639788816894911,-0.00047996160303229136,0.002399808015358783,-0.07211300000000001,0.14821099999999998,-0.893151,0.081747,-0.037183999999999884,-0.9219400000000001,0.15386,0.18539499999999987,0.028789000000000065,0.21211000000000002,0.9940004799616116,0.21211000000000002,0.78789,0.0059995200383884395,-0.893151
1033,4.304167,walk,-0.064891,-1.077724,0.929887,0.016988,-0.023985,-0.474627,-0.2872570194384589,-0.35013198944083124,0.006239500839926008,-0.0766330068914329,0.09141200165008519,-0.3014466224107668,-1.3573314134869816,-1.8252939764819651,0.1675065994720492,-0.0011999040076789752,-0.0002399808015694321,0.0011999040076798079,-0.076572,0.14206399999999986,-0.892479,0.08293900000000001,-0.035726000000000147,-0.921961,0.15951100000000001,0.17779,0.029482000000000008,0.20518000000000008,0.9971436571360042,0.20518000000000008,0.7948199999999999,0.002856342863995831,-0.892479
1034,4.308333,walk,-0.06609,-1.079105,0.929823,0.017549,-0.024179,-0.474144,-0.2878060489677943,-0.33149303888619575,-0.015362457993292231,-0.2846901372269363,-0.0526578055084816,-0.25492878599024127,-1.3569371099374061,-1.812530004800519,0.21003360537683236,-0.0021603456553050543,-0.007201152184342408,-0.0004800768122899658,-0.081026,0.13589399999999996,-0.89154,0.084129,-0.034375000000000044,-0.9218989999999999,0.165155,0.170269,0.030358999999999914,0.19641000000000003,0.9874441071959823,0.19641000000000003,0.80359,0.012555892804017699,-0.89154
1035,4.3125,walk,-0.067276,-1.080479,0.929867,0.017599,-0.023858,-0.473791,-0.28461723062156485,-0.329733621310307,0.010559155267589635,0.04949608430527086,-0.15220838604084874,-0.19063267376125323,-1.3623710103192403,-1.8149748020159184,0.1869450443964573,0.0007199424046075517,-0.0028797696184068937,0.00047996160307183986,-0.08551700000000001,0.12970499999999996,-0.890805,0.085318,-0.03301299999999996,-0.921941,0.17083500000000001,0.16271799999999992,0.031136000000000053,0.18864000000000003,0.9949884152923576,0.18864000000000003,0.81136,0.0050115847076424025,-0.890805
1036,4.316667,walk,-0.068474,-1.081858,0.929865,0.017521,-0.023483,-0.473229,-0.2874970002399917,-0.33093352531799425,-0.00047996160305893454,0.11444221287178664,-0.14901761225129306,-0.3065367989268059,-1.3467722582193986,-1.7919366450684766,0.20854331653468716,0.004559635229182271,0.0014398848092034469,0.0,-0.089931,0.12361699999999998,-0.889934,0.086535,-0.03162799999999999,-0.9219390000000001,0.17646599999999998,0.15524499999999997,0.03200500000000006,0.17995000000000005,0.992030694006416,0.17995000000000005,0.82005,0.00796930599358403,-0.889934
1037,4.320833,walk,-0.069706,-1.083269,0.92982,0.017812,-0.023713,-0.472902,-0.2957273163705823,-0.33869419107053816,-0.010801728276540261,-0.1775610500397695,0.02650683497729502,-0.1741303916690586,-1.3480556889100475,-1.7950072011519402,0.21363418146900687,-0.011761881901102705,-0.014882381180988523,0.0064810369659134975,-0.094315,0.11755000000000004,-0.888999,0.087718,-0.030278999999999945,-0.921867,0.182033,0.147829,0.03286800000000001,0.17132000000000003,0.966590463120321,0.17132000000000003,0.82868,0.03340953687967896,-0.888999
1038,4.325,walk,-0.07094,-1.084649,0.929821,0.017942,-0.023814,-0.472435,-0.29613630909528565,-0.3311735061195104,0.0002399808015427889,-0.08109104418912262,0.006401279207694284,-0.2523757687478157,-1.327573794096535,-1.779217662587082,0.21478281737461982,0.006719462443004926,0.006479481641468798,-0.007919366450684317,-0.098613,0.11151599999999995,-0.888105,0.08898,-0.02887200000000001,-0.921901,0.187593,0.14038799999999996,0.03379599999999994,0.16203999999999996,0.979597710991349,0.16203999999999996,0.83796,0.020402289008651042,-0.888105
1039,4.329167,walk,-0.072218,-1.086035,0.929772,0.017975,-0.023315,-0.47192,-0.3066954643628653,-0.3326133909287671,-0.011759059275250294,0.09579921040855935,-0.22618781411320785,-0.2785880187032116,-1.3333333333333888,-1.7686585073194923,0.23062155027598763,-0.002639788816894911,-0.004559635229179773,0.002639788816894911,-0.10289099999999998,0.10553200000000007,-0.8870950000000001,0.09024700000000001,-0.02750499999999989,-0.921841,0.19313799999999998,0.13303699999999996,0.034745999999999944,0.15254,0.9901783624047626,0.15254,0.84746,0.009821637595237354,-0.8870950000000001
1040,4.333333,walk,-0.073372,-1.087346,0.929777,0.01841,-0.023079,-0.471658,-0.2770043206913331,-0.31469035045605953,0.0012001920307062241,-0.13229624809084897,-0.20217964697717816,-0.1349640973445431,-1.3266922707634283,-1.7515602496400806,0.23715794527126285,0.0,-0.011521843494971628,0.013922227556409894,-0.10726399999999998,0.09954599999999991,-0.886112,0.09140100000000001,-0.0262420000000001,-0.9217879999999999,0.19866499999999998,0.125788,0.03567599999999993,0.14324000000000003,0.969880732557645,0.14324000000000003,0.85676,0.030119267442355047,-0.886112
1041,4.3375,walk,-0.074596,-1.088689,0.929776,0.018511,-0.022818,-0.47152,-0.29373650107986177,-0.3222942164626516,-0.00023998080151609453,0.015532631847396191,-0.13535741840289428,-0.07283061984167705,-1.3038156947442072,-1.7422606191501602,0.23110151187901062,-0.0050395968322526205,0.007199424046068987,0.0011999040076791359,-0.11147300000000002,0.09362900000000007,-0.885148,0.09260399999999999,-0.02486900000000003,-0.9217820000000001,0.204077,0.1184980000000001,0.036634000000000055,0.13366,0.9852174077173323,0.13366,0.86634,0.01478259228266765,-0.885148
1042,4.341667,walk,-0.075827,-1.090037,0.929765,0.01885,-0.022508,-0.471179,-0.2954163666906806,-0.3234941204703543,-0.0026397888169173915,-0.0753564940367606,-0.21289011836580504,-0.1791985361851755,-1.312934965202838,-1.7355411567075465,0.2335013198944195,-0.00719942404607635,-0.0026397888168907483,-0.0007199424046075517,-0.11571299999999998,0.08774499999999996,-0.884164,0.093805,-0.02353200000000011,-0.921774,0.20951799999999998,0.11127700000000007,0.03761000000000003,0.12389999999999995,0.9871635816847624,0.12389999999999995,0.8761000000000001,0.01283641831523763,-0.884164
1043,4.345833,walk,-0.076985,-1.091368,0.929808,0.019093,-0.022328,-0.471131,-0.27796447431591076,-0.319491118578991,0.010321651464238754,-0.06241636792376545,-0.13184962111298956,-0.02171453372092764,-1.285165626500348,-1.7220355256842492,0.24315890542488725,0.00048007681228965174,-0.0038406144983238765,-0.000720115218434894,-0.11990900000000002,0.08190199999999992,-0.8831939999999999,0.094965,-0.022217000000000153,-0.92182,0.214874,0.10411900000000007,0.03862600000000005,0.11374000000000001,0.9934384623672294,0.11374000000000001,0.88626,0.006561537632770564,-0.8831939999999999
1044,4.35,walk,-0.078236,-1.092722,0.929744,0.019133,-0.02196,-0.470816,-0.3002159827213965,-0.324934005279611,-0.015358771298285554,0.06453531243723022,-0.16953714942706594,-0.1695063503060516,-1.2970962323014734,-1.706983441324754,0.24454043676506973,0.0002399808015361281,-0.0009599232061178691,0.0019198464122869433,-0.124063,0.07614300000000007,-0.882111,0.096217,-0.02086699999999997,-0.921748,0.22028,0.09701000000000004,0.03963700000000003,0.10362999999999994,0.9964002879769809,0.10362999999999994,0.8963700000000001,0.0035997120230191193,-0.882111
1045,4.354167,walk,-0.079497,-1.094096,0.929676,0.019569,-0.022276,-0.470529,-0.3026157907366899,-0.32973362131023665,-0.01631869450445323,-0.25771095096104146,0.03115035183110336,-0.15027315196933141,-1.2879769618428327,-1.6937844972399392,0.24766018718498328,-0.0004799616030721539,-0.0011999040076870456,-0.0023998080153582717,-0.12816899999999998,0.07045900000000005,-0.881011,0.097476,-0.019498000000000015,-0.9216899999999999,0.22564499999999998,0.08995700000000006,0.04067899999999991,0.09321000000000002,0.9954572367444152,0.09321000000000002,0.90679,0.004542763255584781,-0.881011
1046,4.358333,walk,-0.080708,-1.095411,0.929621,0.020044,-0.021964,-0.470541,-0.29068650984159855,-0.31565050408066714,-0.013202112337955013,-0.13058073426233266,-0.23918123000243624,0.015124353227084407,-1.265242438790306,-1.697551608257501,0.24459913586175702,0.0007201152184357268,-0.012481997119525948,0.012962073931830175,-0.13222899999999999,0.06470199999999982,-0.8799370000000001,0.09869,-0.018235,-0.921581,0.23091899999999999,0.08293699999999982,0.0416439999999999,0.08356000000000002,0.9699845327542103,0.08356000000000002,0.9164399999999999,0.03001546724578974,-0.8799370000000001
1047,4.3625,walk,-0.081979,-1.096753,0.929639,0.020213,-0.021601,-0.470456,-0.3050155987521124,-0.32205423566120417,0.004319654427636984,0.010042939002680546,-0.19316845709111002,-0.04222183992655831,-1.255819534437306,-1.6760259179266135,0.23590112790977746,0.0016798656107512315,0.00023998080151614568,0.0,-0.136191,0.05906000000000011,-0.878972,0.099968,-0.016891999999999907,-0.921599,0.236159,0.07595200000000002,0.04262699999999997,0.07373000000000002,0.9971717991313278,0.07373000000000002,0.9262699999999999,0.0028282008686721927,-0.878972
1048,4.366667,walk,-0.083215,-1.098057,0.929682,0.020677,-0.021497,-0.470718,-0.2966162706983579,-0.3129349652027913,0.010319174466046847,-0.17164332973137875,-0.14471756409546163,0.1501403079703487,-1.2327813774898577,-1.6472282217423313,0.2627789776817988,0.002159827213822655,0.00215982721380517,0.0011999040076793915,-0.140092,0.0535000000000001,-0.87792,0.101213,-0.01557900000000001,-0.921637,0.241305,0.06907900000000011,0.043717000000000006,0.06282999999999994,0.9945305198259626,0.06282999999999994,0.9371700000000001,0.005469480174037367,-0.87792
1049,4.370833,walk,-0.084455,-1.099364,0.929692,0.020776,-0.020782,-0.470867,-0.2976476236197405,-0.3137301968314383,0.002400384061438586,0.1205597749585018,-0.322897313391089,0.08588286843841851,-1.2498799807967576,-1.6497839654342794,0.2270763322131226,0.0021603456553042216,0.0007201152184289109,0.0009601536245799316,-0.144059,0.04793399999999992,-0.876984,0.102462,-0.014269000000000087,-0.921643,0.246521,0.06220300000000001,0.044659000000000004,0.05341000000000007,0.9958810889178359,0.05341000000000007,0.9465899999999999,0.004118911082164112,-0.876984
1050,4.375,walk,-0.085715,-1.100697,0.92967,0.021104,-0.020538,-0.47096,-0.30237580993521834,-0.3198944084473457,-0.005279577633781497,-0.08325343751772954,-0.17593946495455656,0.05681323610238971,-1.2272618190545335,-1.6501079913607382,0.23950083993281604,0.002639788816894911,0.007439404847639953,-0.006239500839933086,-0.14791300000000002,0.04239100000000007,-0.875964,0.10373299999999999,-0.012904999999999944,-0.921647,0.251646,0.05529600000000001,0.04568300000000003,0.0431700000000001,0.9832299373703864,0.0431700000000001,0.9568299999999998,0.016770062629613558,-0.875964
1051,4.379167,walk,-0.08698,-1.102064,0.929623,0.021574,-0.020816,-0.471041,-0.30357571394289895,-0.3280537556995341,-0.01127909767219136,-0.2615464929808804,0.01282138192522307,0.04988201809680484,-1.2092632589393373,-1.619390448764167,0.22606191504680787,-0.008399328053756157,0.007919366450672245,-0.016318694504440474,-0.151687,0.03700999999999999,-0.874975,0.104963,-0.011505000000000098,-0.9216679999999999,0.25665,0.048515000000000086,0.046692999999999985,0.033070000000000044,0.966684802139101,0.033070000000000044,0.96693,0.03331519786089898,-0.874975
1052,4.383333,walk,-0.088313,-1.103399,0.929563,0.021806,-0.020221,-0.471222,-0.31997119539121993,-0.3204512722035303,-0.014402304368684817,0.037246922501679554,-0.30152528681315843,0.10521288956478243,-1.206913106096815,-1.6092174747957622,0.2318771003360214,0.005040806529044016,0.00264042246759044,0.006240998559768723,-0.155382,0.03164100000000003,-0.8739490000000001,0.106317,-0.010159000000000029,-0.921582,0.261699,0.04180000000000006,0.047632999999999925,0.02367000000000008,0.9859236581166952,0.02367000000000008,0.9763299999999999,0.014076341883304755,-0.8739490000000001
1053,4.3875,walk,-0.089608,-1.104697,0.929604,0.022172,-0.020154,-0.471685,-0.3107751379889728,-0.31149508039358786,0.009839212862961268,-0.1378738291658072,-0.10380423045019982,0.25781813149213684,-1.1811855051596436,-1.5903527717783157,0.22366210703144823,0.003599712023038591,-0.007919366450672245,0.012239020878330044,-0.159009,0.026312000000000113,-0.873058,0.107627,-0.008893999999999957,-0.921572,0.266636,0.03520600000000007,0.048513999999999946,0.014859999999999984,0.9749740177410533,0.014859999999999984,0.98514,0.0250259822589467,-0.873058
1054,4.391667,walk,-0.090898,-1.106011,0.929563,0.022334,-0.019387,-0.472138,-0.3095752339812988,-0.3153347732181659,-0.009839212862961268,0.10705490380379162,-0.3540479103433853,0.25340461318924146,-1.1823854091673174,-1.585793136549189,0.19966402687785875,0.0019198464122873594,-0.0009599232061178691,0.0028797696184310394,-0.16264599999999999,0.02101799999999998,-0.872185,0.10892500000000001,-0.007583999999999813,-0.921519,0.271571,0.028601999999999794,0.04933399999999999,0.006660000000000055,0.9940138270750061,0.006660000000000055,0.9933399999999999,0.005986172924993927,-0.872185
1055,4.395833,walk,-0.092235,-1.107325,0.929552,0.022811,-0.018737,-0.472615,-0.3209313490158658,-0.31541046567448855,-0.0026404224675910027,-0.05270570973681018,-0.37556463047985505,0.2707338562803347,-1.179548727796548,-1.5710513682189917,0.22131541046569186,0.00024003840614440948,0.0024003840614124482,0.00048007681228965174,-0.166223,0.015786999999999995,-0.871252,0.110263,-0.006260000000000154,-0.921506,0.276486,0.02204700000000015,0.05025400000000002,0.0,0.9959005637838826,0.0,1.0,0.004099436216117414,-0.871252
1056,4.4,walk,-0.093574,-1.108684,0.929524,0.023309,-0.018582,-0.473077,-0.3213342932564873,-0.3261339092872288,-0.006719462443010154,-0.17403371947533292,-0.1711110098804589,0.2600045893857193,-1.1504679625627938,-1.5641948644105907,0.20158387329010313,0.0009599232061434751,0.003119750419975661,0.0014398848092152126,-0.169678,0.010628000000000082,-0.870384,0.11160600000000001,-0.0048880000000000035,-0.9214720000000001,0.281284,0.015516000000000085,0.05108800000000002,0.0,0.994054048177205,0.0,1.0,0.005945951822795004,-0.870384
1057,4.404167,walk,-0.094963,-1.110011,0.929448,0.023521,-0.018174,-0.473618,-0.33333333333334886,-0.31845452363814225,-0.01823854091671909,0.004660046237191515,-0.21195094825666613,0.3002553040037899,-1.129109671226357,-1.5281977441805716,0.1843052555795632,0.0011999040076798079,0.0035997120230619037,0.003359731221502463,-0.17299399999999998,0.005587000000000009,-0.8695400000000001,0.113,-0.003545999999999827,-0.921382,0.285994,0.009132999999999836,0.051841999999999944,0.0,0.9915531909119214,0.0,1.0,0.0084468090880786,-0.8695400000000001
1058,4.408333,walk,-0.096406,-1.111362,0.929359,0.023999,-0.018039,-0.474016,-0.34637542006723815,-0.3242918867018692,-0.021363418146906576,-0.17036485669212184,-0.15927498945927374,0.22503969647552172,-1.1291406625060871,-1.524483917426908,0.17858857417188037,0.000720115218434894,0.0024003840614124482,0.0016802688430150303,-0.176255,0.0005869999999998932,-0.868707,0.114446,-0.0021850000000001035,-0.921286,0.290701,0.0027719999999999967,0.05257900000000004,0.0,0.9949712733677977,0.0,1.0,0.005028726632202329,-0.868707
1059,4.4125,walk,-0.097789,-1.112666,0.929329,0.024278,-0.017191,-0.474745,-0.3318934485241321,-0.3129349652027913,-0.0071994240460971646,0.0769759599430698,-0.40992195059039677,0.40745373812736363,-1.102951763858939,-1.5241180705544242,0.15190784737221755,-0.0007199424046075517,0.0038396928245780495,0.003359731221502463,-0.17946799999999996,-0.0044600000000001305,-0.8680439999999999,0.115826,-0.0008650000000001157,-0.921242,0.295294,0.003595000000000015,0.05319800000000008,0.0,0.9914123227927378,0.0,1.0,0.008587677207262168,-0.8680439999999999
1060,4.416667,walk,-0.09914,-1.113883,0.929367,0.024446,-0.016256,-0.475665,-0.3242140628749169,-0.2920566354691192,0.009119270458384246,0.14407292594706936,-0.418308949387052,0.5109749308590382,-1.1077513798894254,-1.5123590112788514,0.15310775137986388,0.0011999040076787195,0.009359251259926983,-0.0009599232061434751,-0.18273299999999998,-0.009545000000000137,-0.8674440000000001,0.11718200000000001,0.0003910000000000302,-0.9212840000000001,0.299915,0.009936000000000167,0.05384,0.0,0.9841924063311523,0.0,1.0,0.015807593668847653,-0.8674440000000001
1061,4.420833,walk,-0.10056,-1.115226,0.929278,0.024336,-0.015516,-0.476205,-0.34085453672590094,-0.32237157945276057,-0.021363418146906576,0.21638438195943194,-0.2787088771756618,0.2987611618437643,-1.0878540566491586,-1.4798367738839329,0.12361977916467652,-0.0031204992798848185,0.005760921747485814,-0.004560729716755023,-0.18584500000000004,-0.014367000000000019,-0.86684,0.118589,0.0017580000000001483,-0.9212140000000001,0.30443400000000004,0.016125000000000167,0.05437400000000003,0.0,0.9866952399197266,0.0,1.0,0.01330476008027337,-0.86684
1062,4.425,walk,-0.102015,-1.116585,0.929143,0.024993,-0.015541,-0.476908,-0.3491720662347167,-0.32613390928724506,-0.032397408207343985,-0.28228622624471444,-0.12842852396220664,0.392563937770827,-1.0561555075594407,-1.4751619870410806,0.11663066954644002,-0.0019198464122873594,0.00599952003838322,0.002879769618430623,-0.18879100000000001,-0.019155000000000033,-0.8662190000000001,0.12003599999999999,0.003141999999999978,-0.9210670000000001,0.308827,0.02229700000000001,0.05484800000000001,0.0,0.9884562277500701,0.0,1.0,0.011543772249929862,-0.8662190000000001
1063,4.429167,walk,-0.103518,-1.117987,0.928996,0.025655,-0.015994,-0.477642,-0.3606911447084408,-0.3364530837533452,-0.03527717782577752,-0.38244317954122703,0.05144933633595367,0.40648879053659726,-1.041996640268829,-1.449724022078291,0.12934965202784648,0.0021598272138234876,0.004079673626094195,-0.0014398848092151033,-0.19163000000000002,-0.02379399999999987,-0.865533,0.121548,0.004561000000000037,-0.920926,0.313178,0.028354999999999908,0.055393000000000026,0.0,0.9919408680587332,0.0,1.0,0.00805913194126684,-0.865533
1064,4.433333,walk,-0.105009,-1.119348,0.928914,0.025961,-0.015759,-0.478434,-0.3578972635621235,-0.3266922707632653,-0.019683149303892346,-0.0743883582829664,-0.1561231276679993,0.4390678956266355,-1.00816130580879,-1.4344695151222229,0.12073931829090787,-0.001920307249159863,0.00600096015360979,0.003600576092174119,-0.19433899999999998,-0.028408999999999907,-0.864948,0.123031,0.005946999999999925,-0.920829,0.31737,0.03435599999999983,0.05588099999999996,0.0,0.9879050916484199,0.0,1.0,0.012094908351580114,-0.864948
1065,4.4375,walk,-0.106484,-1.120637,0.928966,0.026422,-0.015494,-0.479348,-0.3539716822654326,-0.30933525317978267,0.012479001679852017,-0.13274408503836474,-0.2022500018273935,0.5084301721314052,-0.9767218622510688,-1.401007919366517,0.13006959443245153,-0.0009599232061436797,0.007439404847639953,-0.0002399808015361281,-0.19693400000000003,-0.03295799999999982,-0.864458,0.124502,0.0072670000000001345,-0.920882,0.321436,0.040224999999999955,0.05642400000000003,0.0,0.9874918040387415,0.0,1.0,0.012508195961258517,-0.864458
1066,4.441667,walk,-0.107973,-1.121997,0.928806,0.027127,-0.015554,-0.480303,-0.35733141348693837,-0.3263738900887612,-0.038396928245727206,-0.3103973630500728,-0.12077650035396038,0.5318954499131108,-1.0520758339333331,-1.4262059035277905,0.04583633309335717,-0.0016798656107512315,0.009599232061445124,0.0021598272138230712,-0.19982900000000003,-0.03754100000000005,-0.864107,0.12598399999999998,0.00866699999999998,-0.920713,0.325813,0.04620800000000003,0.056606000000000045,0.0,0.9833640234036432,0.0,1.0,0.01663597659635685,-0.864107
1067,4.445833,walk,-0.109534,-1.123297,0.928879,0.027633,-0.014749,-0.481136,-0.3746999519922702,-0.31204992798845527,0.01752280364857896,-0.027054977980280875,-0.44115755931254047,0.470402291201641,-0.9719155064808994,-1.401584253480405,0.06745079212672875,-0.0007201152184347405,0.007201152184342408,0.0004800768122899658,-0.20231699999999997,-0.04208000000000012,-0.863899,0.12754200000000002,0.009997000000000034,-0.920784,0.329859,0.05207700000000015,0.056885000000000074,0.0,0.98791170992981,0.0,1.0,0.012088290070189966,-0.863899
1068,4.45,walk,-0.111084,-1.124644,0.928854,0.028232,-0.01438,-0.482112,-0.37197024238062554,-0.32325413966883815,-0.005999520038409863,-0.1670591328517908,-0.2766403097338455,0.5467713588023906,-0.9356851451884243,-1.3760499160067596,0.07055435565155171,-0.0009599232061436797,0.0088792896568434,0.003359731221502463,-0.20466599999999996,-0.046467000000000036,-0.86358,0.129088,0.011381000000000085,-0.9207449999999999,0.333754,0.05784800000000012,0.05716499999999991,0.0,0.9840965559938388,0.0,1.0,0.01590344400616117,-0.86358
1069,4.454167,walk,-0.112648,-1.126033,0.928744,0.028775,-0.014329,-0.48278,-0.375329973602128,-0.33333333333336884,-0.026397888168934125,-0.21697319789980274,-0.1353771548171458,0.3740040102007961,-0.9227261819054999,-1.368610511159173,0.05423566114711166,-0.0009599232061436797,0.007679385649102813,0.0009599232061436797,-0.20694700000000002,-0.050780999999999965,-0.863244,0.130648,0.01280199999999998,-0.920631,0.33759500000000003,0.06358299999999995,0.057386999999999966,0.0,0.9870025783463889,0.0,1.0,0.012997421653611063,-0.863244
1070,4.458333,walk,-0.114242,-1.127486,0.928632,0.029021,-0.014304,-0.48345,-0.3826212193951331,-0.3487758041286706,-0.026884301488240486,-0.09817297973664324,-0.055663472883978805,0.37114096450596284,-0.9087854056649678,-1.3499759961595101,0.04032645223236073,-0.0038406144983197123,0.01056168987041731,0.0031204992798848185,-0.20913899999999996,-0.05495200000000011,-0.8629640000000001,0.132226,0.014299000000000062,-0.920506,0.341365,0.06925100000000017,0.05754199999999998,0.0,0.9805608407532529,0.0,1.0,0.019439159246747106,-0.8629640000000001
1071,4.4625,walk,-0.115814,-1.128906,0.928454,0.029594,-0.014592,-0.48426,-0.3772498200143366,-0.3407727381808829,-0.04271658267338173,-0.30841884982002826,0.002484549647806594,0.4495288397717063,-0.8953683705302171,-1.3491720662344258,0.005039596832250955,-0.0026397888168943487,0.007679385649154462,0.0007199424046078145,-0.211298,-0.05915399999999993,-0.862765,0.133787,0.01575100000000007,-0.920325,0.34508500000000003,0.074905,0.057559999999999945,0.0,0.9864128567702781,0.0,1.0,0.013587143229721876,-0.862765
1072,4.466667,walk,-0.117433,-1.13031,0.928351,0.030251,-0.014758,-0.485081,-0.3885289176866017,-0.33693304535637747,-0.024718022558187887,-0.3153627891441093,-0.06801501648260717,0.4585579599144443,-0.8752099832013865,-1.3100551955844377,-0.009119270458362876,-0.002159827213822655,0.007199424046070521,0.002639788816894495,-0.21332600000000002,-0.06320900000000007,-0.8627,0.135397,0.017185000000000006,-0.920211,0.348723,0.08039400000000008,0.05751099999999998,0.0,0.9867225080612058,0.0,1.0,0.01327749193879424,-0.8627
1073,4.470833,walk,-0.11908,-1.13173,0.928178,0.03095,-0.014951,-0.485859,-0.39534325492082095,-0.3408545367258976,-0.04152664426310693,-0.3393449788448778,-0.06725889388872966,0.43564466502732585,-0.8578972635622297,-1.289006240998685,-0.011761881901106878,0.0016802688430150303,0.0038406144983238765,-0.0012001920307249622,-0.21525299999999997,-0.06715900000000019,-0.862576,0.137051,0.018621,-0.9200429999999999,0.352304,0.08578000000000019,0.057466999999999935,0.0,0.9927324763463752,0.0,1.0,0.007267523653624819,-0.862576
1074,4.475,walk,-0.120727,-1.13318,0.928039,0.031456,-0.014866,-0.486448,-0.39524838012960667,-0.34797216222707933,-0.0333573314134885,-0.1931819199834844,-0.14240119595044365,0.3322425732705509,-0.8339332853372126,-1.2858171346292822,-0.010799136069112442,-0.0031197504199671675,0.008399328053757822,-0.002399808015358783,-0.217081,-0.07106699999999999,-0.862482,0.138685,0.02010600000000018,-0.9199139999999999,0.35576599999999997,0.09117300000000017,0.05743199999999993,0.0,0.984540318302462,0.0,1.0,0.015459681697537975,-0.862482
1075,4.479167,walk,-0.122396,-1.134602,0.927915,0.03187,-0.014488,-0.487208,-0.40052795776331274,-0.3412526997839684,-0.029757619390420254,-0.0863173609117538,-0.24049011421510125,0.4279736648506356,-0.8118550515957423,-1.2718982481399022,-0.018238540916725197,-0.0016798656107500408,0.011519078473678406,0.006959443244539154,-0.21879500000000002,-0.07494499999999982,-0.862434,0.140347,0.02157600000000004,-0.919761,0.359142,0.09652099999999986,0.05732700000000002,0.0,0.9773956145093907,0.0,1.0,0.02260438549060928,-0.862434
1076,4.483333,walk,-0.12407,-1.136014,0.927742,0.032448,-0.014614,-0.487795,-0.40182429188673247,-0.3389342294767356,-0.04152664426310693,-0.2729024804868137,-0.07098092077442705,0.3303230239004925,-0.7635621699472495,-1.2599615938551307,-0.0864138262122006,-0.002880460873740409,0.009601536245809691,0.0,-0.220302,-0.07878199999999991,-0.862621,0.142009,0.02302800000000005,-0.919588,0.362311,0.10180999999999996,0.05696699999999999,0.0,0.9832928364395566,0.0,1.0,0.01670716356044344,-0.862621
1077,4.4875,walk,-0.125746,-1.137462,0.927556,0.033001,-0.014655,-0.48831,-0.4022078233741477,-0.3474922006239405,-0.04463642908565322,-0.24230590464536517,-0.10211796393722587,0.2911829117374931,-0.79793616510682,-1.231341492680641,-0.06095512359011659,0.0007199424046075517,0.010799136069132425,0.002639788816894911,-0.22195099999999998,-0.08246500000000001,-0.862689,0.14368799999999998,0.024521000000000015,-0.9193910000000001,0.365639,0.10698600000000003,0.05670200000000003,0.0,0.9814326943629257,0.0,1.0,0.018567305637074316,-0.862689
1078,4.491667,walk,-0.127458,-1.138908,0.92737,0.033407,-0.014599,-0.488924,-0.4108471322294383,-0.34701223902090816,-0.04463642908567986,-0.15814956971061556,-0.10633925142647549,0.3448342366590804,-0.7566594672426592,-1.2222222222222814,-0.085433165346775,0.0043196544276461425,0.00431965442761034,0.003599712023038175,-0.223392,-0.08611199999999997,-0.862859,0.145418,0.025984999999999925,-0.9191900000000001,0.36880999999999997,0.11209699999999989,0.05633100000000002,0.0,0.9881823160525961,0.0,1.0,0.0118176839474039,-0.862859
1079,4.495833,walk,-0.129192,-1.140304,0.927152,0.034023,-0.014986,-0.489448,-0.4162265962553483,-0.33509361497834034,-0.05232837253961169,-0.3501061047731521,0.028014128170711725,0.2934111364666224,-0.7345175228035519,-1.1982717234756213,-0.13754200672105793,0.001440230436869481,0.006961113778217204,0.002880460873739378,-0.224718,-0.08970800000000012,-0.8632139999999999,0.147158,0.027409999999999934,-0.91896,0.371876,0.11711800000000006,0.05574600000000007,0.0,0.9872167184279933,0.0,1.0,0.0127832815720067,-0.8632139999999999
1080,4.5,walk,-0.130932,-1.141748,0.92688,0.034678,-0.015078,-0.490012,-0.4175665946724432,-0.3465322774178226,-0.0652747780177469,-0.29708529592580013,-0.10370780249659463,0.32009819942879547,-0.7266618670506632,-1.1775857931366016,-0.14326853851692525,-0.00623950083993267,0.013198944084507027,0.00047996160307183986,-0.22600599999999998,-0.09317100000000011,-0.8635390000000001,0.148872,0.028909000000000074,-0.918686,0.374878,0.12208000000000019,0.055146999999999946,0.0,0.9756544631732422,0.0,1.0,0.024345536826757774,-0.8635390000000001
1081,4.504167,walk,-0.132716,-1.143194,0.926681,0.035368,-0.014882,-0.490393,-0.4281257499400262,-0.34701223902090816,-0.047756179505656186,-0.24354152096459883,-0.23613533464104633,0.22372200079111706,-0.6923446124310435,-1.1571874250060241,-0.1797456203503801,-0.0009599232061436797,0.007679385649102813,0.0002399808015357118,-0.227107,-0.09654699999999994,-0.864089,0.150652,0.030386999999999942,-0.918486,0.377759,0.12693399999999988,0.05439700000000003,0.0,0.9870952197385743,0.0,1.0,0.012904780261425719,-0.864089
1082,4.508333,walk,-0.134504,-1.144623,0.926466,0.035903,-0.014862,-0.490824,-0.42918867018717527,-0.34301488238111166,-0.05160825732115613,-0.22031501728751657,-0.12510847783188137,0.24646461710904266,-0.6980316850695228,-1.1481036965912965,-0.20499279884778665,-0.0012001920307251226,0.010561689870415059,0.004320691310609276,-0.228227,-0.09990100000000002,-0.864728,0.15243500000000001,0.03186,-0.918253,0.380662,0.13176100000000002,0.053524999999999934,0.0,0.9808762707589194,0.0,1.0,0.019123729241080634,-0.864728
1083,4.5125,walk,-0.136272,-1.146058,0.926199,0.036438,-0.014731,-0.491364,-0.42428605711544815,-0.3443724502040174,-0.06407487401008626,-0.19438673926276348,-0.16913579180272417,0.3082236349425045,-0.6618670506359752,-1.1204703623710697,-0.23686105111592196,0.0,0.008399328053757822,0.0021598272138230712,-0.229217,-0.10313499999999998,-0.865448,0.154203,0.03333000000000008,-0.917977,0.38342,0.13646500000000006,0.05252900000000005,0.0,0.9855457075437188,0.0,1.0,0.01445429245628116,-0.865448
1084,4.516667,walk,-0.138066,-1.147491,0.925976,0.036858,-0.014812,-0.491614,-0.43052555795538083,-0.34389248860093186,-0.05351571874249662,-0.19552479384148352,-0.05972209212381613,0.1436863442154027,-0.6457883369330746,-1.0897528197744453,-0.26637868970483575,0.0,0.006719462442984944,0.002879769618430623,-0.230114,-0.10624299999999987,-0.8663350000000001,0.155997,0.034791000000000016,-0.9177420000000001,0.386111,0.14103399999999988,0.05140699999999998,0.0,0.987815737771626,0.0,1.0,0.012184262228373988,-0.8663350000000001
1085,4.520833,walk,-0.139872,-1.148918,0.925795,0.037324,-0.014652,-0.491907,-0.4335093614978745,-0.3425348055689343,-0.04344695151224221,-0.1580045390969297,-0.17031549873723173,0.17169837460403364,-0.6171387421987983,-1.0724915986559032,-0.2947671627460627,0.0024003840614499243,0.009121459433505882,0.0026404224675951665,-0.230879,-0.10928399999999994,-0.867382,0.15781299999999998,0.036256000000000066,-0.9175500000000001,0.388692,0.14554,0.0501680000000001,0.0,0.983675623489281,0.0,1.0,0.016324376510719052,-0.867382
1086,4.525,walk,-0.141714,-1.150362,0.925558,0.037731,-0.014371,-0.492281,-0.4420446364290141,-0.3465322774177487,-0.05687544996400361,-0.1049531752843725,-0.20510817777794532,0.21713820036159223,-0.6124310055194555,-1.0472762179024007,-0.3129349652027313,-0.0014398848092147965,0.008399328053756032,0.0009599232061430589,-0.231589,-0.11220399999999997,-0.868449,0.159649,0.037735000000000074,-0.917309,0.391238,0.14993900000000004,0.048860000000000015,0.011400000000000021,0.9857070887247372,0.011400000000000021,0.9885999999999999,0.014292911275262776,-0.868449
1087,4.529167,walk,-0.143562,-1.151815,0.925313,0.038161,-0.014277,-0.49258,-0.44348452123831844,-0.34869210463162775,-0.05879529637627811,-0.15854633768419688,-0.1341297081467227,0.1733961229075237,-0.5567554595632577,-1.0239980801536395,-0.36669066474683737,0.0,0.008399328053757822,0.003359731221502463,-0.232061,-0.11501800000000006,-0.8697320000000001,0.161497,0.03922300000000001,-0.91705,0.39355799999999996,0.15424100000000007,0.04731799999999997,0.02682000000000001,0.9849227447204423,0.02682000000000001,0.9731799999999999,0.015077255279557722,-0.8697320000000001
1088,4.533333,walk,-0.145398,-1.153252,0.925141,0.038336,-0.014106,-0.492665,-0.4407105136822251,-0.3449351896303467,-0.04128660585695502,-0.03298490756964485,-0.11082745463859454,0.05233908709551681,-0.5412866058569816,-0.9678348535766041,-0.37566010561692775,0.00024003840614524228,0.006721075372040134,0.0016802688430150303,-0.23248,-0.11761299999999997,-0.871125,0.163334,0.040687999999999835,-0.916871,0.395814,0.1583009999999998,0.04574599999999995,0.04254000000000002,0.9884465281819854,0.04254000000000002,0.95746,0.011553471818014582,-0.871125
1089,4.5375,walk,-0.14723,-1.154682,0.924883,0.038696,-0.014111,-0.492929,-0.439644828413747,-0.34317254619633014,-0.06191504679625444,-0.15264539856412887,-0.07705821229373824,0.15174153159616743,-0.556035517158656,-0.972162227021889,-0.42956563474923964,0.0011999040076789752,0.007199424046123807,0.0038396928245743025,-0.232965,-0.12023399999999995,-0.872657,0.165171,0.042148000000000074,-0.916597,0.398136,0.16238200000000003,0.04393999999999998,0.06060000000000004,0.9862548273917877,0.06060000000000004,0.9394,0.013745172608212286,-0.872657
1090,4.541667,walk,-0.149141,-1.156127,0.924543,0.039353,-0.014022,-0.493172,-0.4586033117349834,-0.34677225821926483,-0.08159347252218623,-0.2544366595604699,-0.1869250146366307,0.14673914463792195,-0.4989200863930044,-0.9193664506838248,-0.4391648668105812,0.0004799616030721539,0.007199424046068987,0.0016798656107508733,-0.233133,-0.12262000000000017,-0.874147,0.167084,0.04362299999999997,-0.91625,0.400217,0.16624300000000014,0.042103,0.07896999999999998,0.9876527085509814,0.07896999999999998,0.92103,0.012347291449018583,-0.874147
1091,4.545833,walk,-0.151046,-1.157615,0.924329,0.039678,-0.013904,-0.493202,-0.4572731637062335,-0.3571771483438007,-0.05136821891504187,-0.10800158834290417,-0.12540241983887862,0.02403447939660724,-0.4819971195391668,-0.8631781084974117,-0.46471435429672436,0.0012001920307245458,0.007681228996647753,0.0024003840614499243,-0.233236,-0.12472799999999995,-0.875869,0.168994,0.045143000000000155,-0.916026,0.40223000000000003,0.1698710000000001,0.040157,0.09842999999999996,0.9864390692457237,0.09842999999999996,0.90157,0.013560930754276335,-0.875869
1092,4.55,walk,-0.152937,-1.159102,0.924078,0.040121,-0.01371,-0.493315,-0.45380369570435863,-0.35685145188386946,-0.060235181185508205,-0.13961286924218425,-0.18307889974785446,0.07295025246338098,-0.439644828413747,-0.8190544756419592,-0.4809215262779211,0.0009599232061436797,0.007679385649102813,0.003119750419966751,-0.23317700000000002,-0.12665399999999982,-0.8776219999999999,0.17088899999999999,0.04666199999999998,-0.915762,0.40406600000000004,0.1733159999999998,0.03814000000000006,0.1186000000000001,0.986092841652166,0.1186000000000001,0.8814,0.013907158347833959,-0.8776219999999999
1093,4.554167,walk,-0.154883,-1.160525,0.923777,0.0405,-0.013594,-0.493523,-0.467002639788839,-0.34149268058555726,-0.07223422126230128,-0.1317886158142457,-0.13322140265931892,0.12319089018434014,-0.3662107031437585,-0.7722582193425275,-0.4727621790256994,-0.0011999040076789752,0.005759539236867074,0.002399808015358783,-0.232757,-0.12844900000000004,-0.8792909999999999,0.17282999999999998,0.04810899999999996,-0.915451,0.405587,0.176558,0.03616000000000008,0.13840000000000002,0.9894102853412647,0.13840000000000002,0.8615999999999999,0.01058971465873526,-0.8792909999999999
1094,4.558333,walk,-0.156858,-1.162003,0.923479,0.040921,-0.013685,-0.493599,-0.4740758521362794,-0.354776764282206,-0.07153144503117367,-0.1978803744031391,-0.059901565961132615,0.04783625174823358,-0.475276044167012,-0.7174747959672366,-0.5480076812289233,0.001440230436869481,0.0055208833413593825,0.0026404224675946036,-0.23276200000000002,-0.12996000000000008,-0.8812760000000001,0.174811,0.04960999999999993,-0.915142,0.407573,0.17957,0.03386599999999995,0.1613400000000001,0.9895216827862428,0.1613400000000001,0.83866,0.010478317213757249,-0.8812760000000001
1095,4.5625,walk,-0.158791,-1.163583,0.92313,0.041328,-0.013899,-0.493551,-0.46388288936886934,-0.379169666426736,-0.08375329973603543,-0.22061494144273364,-0.008173396625520166,-0.02248879212190088,-0.3518118550516041,-0.6285097192224733,-0.41852651787858774,0.003119750419966335,0.003119750419976326,0.005279577633789406,-0.232295,-0.13099899999999987,-0.882671,0.176757,0.05120300000000011,-0.914771,0.40905199999999997,0.18220199999999998,0.03210000000000002,0.179,0.9885327004344925,0.179,0.821,0.011467299565507516,-0.882671
1096,4.566667,walk,-0.160817,-1.165117,0.922756,0.041951,-0.013952,-0.493518,-0.4862011039117093,-0.36813054955603414,-0.08975281977441865,-0.27274545947834705,-0.12605826552450392,-0.007810540235830155,-0.3506119510439301,-0.47444204463647893,-0.30573554115672247,-0.0019198464122873594,0.007919366450672245,0.003119750419966335,-0.23173,-0.13144200000000006,-0.883571,0.178775,0.052769999999999984,-0.914384,0.41050499999999995,0.18421200000000004,0.03081299999999998,0.19187000000000004,0.9854574362349605,0.19187000000000004,0.80813,0.014542563765039485,-0.883571
1097,4.570833,walk,-0.162793,-1.166578,0.922428,0.042511,-0.013867,-0.493587,-0.47431589054242457,-0.35069611137775775,-0.07873259721554274,-0.21422823699756646,-0.1662989153721161,0.04963601595093652,-0.27172347575608985,-0.46735477676420073,-0.25348055688906695,-0.0002400384061443583,0.011521843494969172,0.002160345655304638,-0.230886,-0.13192800000000005,-0.8842990000000001,0.18075,0.054278999999999966,-0.914047,0.411636,0.186207,0.029747999999999997,0.20251999999999998,0.980458193724068,0.20251999999999998,0.79748,0.01954180627593205,-0.8842990000000001
1098,4.575,walk,-0.164815,-1.168099,0.922139,0.043092,-0.013742,-0.493482,-0.48524118070556477,-0.3650107991361111,-0.06935445164386775,-0.21261346954477728,-0.192111202409196,-0.045171648146610836,-0.2550995920326444,-0.3575713942884712,-0.22078233741301803,-0.0055195584353259506,0.012239020878335873,0.0016798656107512315,-0.229927,-0.13189699999999993,-0.88493,0.182749,0.055851000000000095,-0.9137510000000001,0.412676,0.18774800000000003,0.028821000000000097,0.21179000000000003,0.9774487555251314,0.21179000000000003,0.78821,0.02255124447486856,-0.88493
1099,4.579167,walk,-0.16687,-1.169688,0.921694,0.043797,-0.013986,-0.493431,-0.49316054715625035,-0.3813294936405412,-0.10679145668347709,-0.35223888516712565,-0.06624998062623551,-0.01928920342560235,-0.18238540916728416,-0.329733621310307,-0.28293736501081196,0.0004799616030722562,0.00599952003838322,0.0019198464122873594,-0.22863200000000003,-0.13168199999999985,-0.885664,0.184806,0.0574650000000001,-0.913298,0.413438,0.18914699999999995,0.027634000000000047,0.22366000000000003,0.9894708850643458,0.22366000000000003,0.77634,0.010529114935654227,-0.885664
1100,4.583333,walk,-0.169002,-1.171297,0.921302,0.044472,-0.013986,-0.493458,-0.5117618819011501,-0.38622179548730173,-0.09409505520885503,-0.28231022472870226,-0.1590004409950385,0.027397984694933656,-0.17162746039366833,-0.3170907345175786,-0.36293807009124324,0.001440230436869788,0.006961113778218688,0.01968314930388988,-0.22721499999999997,-0.131394,-0.8867839999999999,0.186944,0.05910300000000013,-0.912824,0.414159,0.19049700000000014,0.026040000000000063,0.23960000000000004,0.965120933719182,0.23960000000000004,0.7604,0.03487906628081805,-0.8867839999999999
1101,4.5875,walk,-0.171074,-1.172912,0.920917,0.044995,-0.014048,-0.493251,-0.49724022078225183,-0.3875689944803579,-0.09239260859128971,-0.23218967473994903,-0.10303846193002078,-0.10518064267227588,-0.16582673386126265,-0.3014158867289929,-0.3767698584112645,-0.0019198464122869502,0.006479481641467416,0.0062395008399317555,-0.22583399999999998,-0.131035,-0.887969,0.189008,0.06074500000000005,-0.912413,0.414842,0.19178000000000006,0.02444400000000002,0.25556,0.9846702120656481,0.25556,0.74444,0.015329787934351913,-0.887969
1102,4.591667,walk,-0.173218,-1.174523,0.920554,0.045486,-0.014142,-0.493175,-0.5145188384929458,-0.3866090712743227,-0.08711303095752791,-0.22711800576617877,-0.07880076377817602,-0.03419163216472592,-0.17302615790738182,-0.2834173266139075,-0.34221262299017563,-0.0011999040076789752,0.006719462442984944,0.0047996160307179824,-0.224411,-0.13060500000000008,-0.8890319999999999,0.191147,0.062383999999999995,-0.91203,0.415558,0.19298900000000008,0.022998000000000074,0.27002000000000004,0.9860928416521229,0.27002000000000004,0.72998,0.013907158347877147,-0.8890319999999999
1103,4.595833,walk,-0.175366,-1.176067,0.920202,0.046435,-0.014121,-0.493136,-0.5156024963994608,-0.370619299087881,-0.08449351896304533,-0.39164376191305533,-0.23410580567905673,-0.002732363663949392,-0.16562650024004394,-0.27148343734999586,-0.3480556889102532,0.0026404224675951665,0.0036005760921986214,0.005280844935189917,-0.22295299999999998,-0.13019200000000009,-0.89013,0.193306,0.06394300000000008,-0.9116559999999999,0.416259,0.19413500000000017,0.021525999999999934,0.28474,0.9884742676500924,0.28474,0.71526,0.011525732349907614,-0.89013
1104,4.6,walk,-0.177496,-1.177677,0.919754,0.047231,-0.014436,-0.492864,-0.51115910727144,-0.38636909047280654,-0.10751139908807882,-0.4058619864522921,-0.06386823742993404,-0.14034588687093213,-0.1442284617230731,-0.28125749940004907,-0.36453083753301474,0.00431965442764531,0.007439404847586667,0.007199424046076766,-0.221424,-0.12975399999999992,-0.8912009999999999,0.195454,0.06558400000000009,-0.9111779999999999,0.41687799999999997,0.195338,0.019977000000000023,0.30023,0.9813039022598149,0.30023,0.69977,0.018696097740185103,-0.8912009999999999
1105,4.604167,walk,-0.179673,-1.17937,0.919307,0.047644,-0.014782,-0.492593,-0.52243820494352,-0.40628749700015865,-0.10727141828651315,-0.25309036627395776,0.039555853092684445,-0.14754332904553358,-0.132709383249324,-0.2649388048955625,-0.35541156707457444,0.0007199424046082308,0.006959443244552892,0.006959443244539154,-0.21980000000000002,-0.12916499999999997,-0.892235,0.197634,0.06730600000000009,-0.910702,0.417434,0.19647100000000006,0.01846700000000001,0.31533,0.9835526076354143,0.31533,0.68467,0.0164473923645857,-0.892235
1106,4.608333,walk,-0.181885,-1.181056,0.918902,0.048171,-0.014959,-0.492332,-0.5309649543927429,-0.40470475276049206,-0.09721555448872318,-0.26087043659874837,-0.0575917172067569,-0.13660488085403402,-0.1279404704752742,-0.24459913586178203,-0.36413826212196776,-0.002880460873740409,0.007681228996647753,0.007921267402785084,-0.21812099999999998,-0.128498,-0.893347,0.19983399999999998,0.0690240000000002,-0.910264,0.41795499999999997,0.1975220000000002,0.01691699999999996,0.33082999999999996,0.9809938013758583,0.33082999999999996,0.66917,0.019006198624141657,-0.893347
1107,4.6125,walk,-0.184105,-1.182759,0.918603,0.048751,-0.015014,-0.491986,-0.5327573794096715,-0.40868730501556655,-0.07175425965924236,-0.25363023343873703,-0.1232786978739678,-0.17969091604055887,-0.07271418286538686,-0.1682265418766193,-0.3762898968082725,-0.005279577633789822,0.005039596832212064,0.007439404847612478,-0.21620400000000004,-0.12749600000000005,-0.894616,0.202032,0.07074799999999981,-0.9099339999999999,0.41823600000000005,0.19824399999999986,0.015317999999999943,0.34682,0.9826301489876268,0.34682,0.65318,0.017369851012373205,-0.894616
1108,4.616667,walk,-0.186372,-1.18448,0.918238,0.049213,-0.015375,-0.491586,-0.5440364770818629,-0.4130069594432835,-0.08759299256058684,-0.2763056090071587,0.030735315141474314,-0.2177830967013192,-0.03143748500119947,-0.24862011039118892,-0.2874970002399942,-0.005039596832253694,0.004079673626147482,0.007919366450684317,-0.214068,-0.126811,-0.895449,0.20427800000000002,0.07248600000000005,-0.909536,0.418346,0.19929700000000006,0.01408699999999996,0.35913,0.98294147019265,0.35913,0.64087,0.01705852980735001,-0.895449
1109,4.620833,walk,-0.188619,-1.186244,0.917947,0.049591,-0.015353,-0.491408,-0.5393662986077047,-0.42342774843971737,-0.06985117618819064,-0.15198304887777922,-0.1031848815988397,-0.08985505427495287,-0.056649063850198474,-0.2069131060969282,-0.25108017282761924,-0.0052808449351883745,0.00264042246759044,0.007441190590493429,-0.21205699999999997,-0.12590899999999983,-0.896204,0.20650300000000002,0.07426100000000013,-0.909214,0.41856,0.20016999999999996,0.013009999999999966,0.3699,0.9841683797908436,0.3699,0.6301,0.015831620209156405,-0.896204
1110,4.625,walk,-0.190854,-1.188016,0.917547,0.050041,-0.015577,-0.491076,-0.5363570914327067,-0.425245980321566,-0.09599232061434466,-0.23928895946393433,-0.021733732536858792,-0.17781444975394606,-0.0345572354211758,-0.19030477561796974,-0.24118070554356727,-0.012958963282938428,-0.0009599232061711556,0.005039596832253694,-0.209966,-0.12492999999999999,-0.896809,0.20868399999999998,0.0760289999999999,-0.908793,0.41865,0.2009589999999999,0.011983999999999995,0.38016,0.9767708445792581,0.38016,0.61984,0.023229155420741887,-0.896809
1111,4.629167,walk,-0.193173,-1.189698,0.917157,0.050548,-0.016323,-0.490861,-0.5565154787617282,-0.4036477081833545,-0.0935925125989967,-0.3871585525220525,0.18609395235822315,-0.12224039632350074,-0.03527717782577752,-0.16390688744900897,-0.26253899688026183,-0.003359731221502463,0.0023998080153746024,0.0103191744660431,-0.207794,-0.12393100000000001,-0.897513,0.210989,0.07772099999999993,-0.9083600000000001,0.418783,0.20165199999999994,0.010847000000000051,0.39153000000000004,0.9814758240510144,0.39153000000000004,0.60847,0.01852417594898559,-0.897513
1112,4.633333,walk,-0.195486,-1.191463,0.916809,0.050576,-0.017033,-0.490619,-0.5552088334132673,-0.42366778684584255,-0.08353336533844655,-0.1779374883054766,0.2829859666171235,-0.14679035190619946,-0.03600576092173869,-0.1610657705232833,-0.2726836293806639,-0.0024003840614494126,-0.001200192030732618,0.009121459433508517,-0.205631,-0.12283700000000009,-0.898301,0.21329199999999998,0.07948099999999991,-0.907974,0.418923,0.202318,0.009672999999999932,0.40327,0.9841532226593548,0.40327,0.59673,0.015846777340645213,-0.898301
1113,4.6375,walk,-0.197789,-1.193298,0.916411,0.050966,-0.017751,-0.49023,-0.5526757859371502,-0.4403647708183621,-0.09551235901128573,-0.3306374840693375,0.19695553089310283,-0.2194823721369974,-0.03143748500119947,-0.1682265418766726,-0.24022078233742358,-0.005039596832253694,-0.0019198464122890248,0.012239020878330044,-0.203459,-0.12170300000000012,-0.8989039999999999,0.215574,0.08130799999999994,-0.907525,0.419033,0.20301100000000005,0.0086210000000001,0.42220947330351877,0.9777091835963627,0.42220947330351877,0.5777905266964812,0.02229081640363728,-0.8989039999999999
1114,4.641667,walk,-0.200148,-1.195136,0.916047,0.050926,-0.018488,-0.489857,-0.56611471082316,-0.44108471322296383,-0.08735301175907069,-0.15509219966516458,0.30633632901668495,-0.22022452374254164,-0.033117350611959036,-0.15838732901365804,-0.22798176145909438,-0.005039596832253694,-0.0026397888168907483,0.013678905687545564,-0.20123800000000003,-0.120525,-0.8994899999999999,0.217912,0.08313499999999996,-0.9071039999999999,0.41915,0.20365999999999995,0.00761400000000001,0.4579111816923463,0.9753086563730092,0.4579111816923463,0.5420888183076538,0.02469134362699077,-0.8994899999999999
1115,4.645833,walk,-0.202485,-1.197025,0.91571,0.050907,-0.019141,-0.489483,-0.5609697551608716,-0.45343254920791626,-0.08089294287084671,-0.14410745354139584,0.2663404817195008,-0.21892548950980806,-0.01560249639942076,-0.15362457993279516,-0.21195391262603655,-0.006000960153624394,-0.004080652904449132,0.01392222755641031,-0.198966,-0.11927599999999994,-0.9000360000000001,0.220224,0.08500700000000005,-0.906709,0.41919,0.204283,0.006672999999999929,0.49620780467094455,0.9738332446379185,0.49620780467094455,0.5037921953290554,0.026166755362081462,-0.9000360000000001
1116,4.65,walk,-0.204838,-1.198947,0.915363,0.050762,-0.019929,-0.489086,-0.5646748260138229,-0.4612431005518736,-0.08327333813293211,-0.1229766772908381,0.3515609721164484,-0.2366953533994289,-0.017518598512113633,-0.12766978641705973,-0.19990400767935226,-0.007199424046075647,-0.0057595392368658465,0.015118790496757444,-0.196686,-0.11788599999999994,-0.900522,0.222547,0.08690500000000001,-0.9062990000000001,0.41923299999999997,0.20479099999999995,0.005777000000000032,0.5458292209620812,0.970486263795901,0.5458292209620812,0.4541707790379188,0.029513736204099028,-0.900522
1117,4.654167,walk,-0.207223,-1.200829,0.915004,0.050475,-0.020947,-0.488717,-0.5723542116630926,-0.4516438684905268,-0.08615310775138339,-0.1177102125597332,0.4818092838805217,-0.22867191643684356,-0.005519558435324285,-0.1192704583633291,-0.21646268298537105,-0.012718982481401468,-0.005279577633781497,0.022318214542837847,-0.194324,-0.11650099999999997,-0.901065,0.224879,0.08876499999999998,-0.9058470000000001,0.419203,0.20526599999999995,0.004782000000000064,0.5401659735102564,0.9562917133545383,0.5401659735102564,0.4598340264897436,0.04370828664546167,-0.901065
1118,4.658333,walk,-0.209599,-1.202743,0.914677,0.050473,-0.021603,-0.488596,-0.5703312530005293,-0.4594335093615273,-0.07849255880943426,-0.15303258100345757,0.27123336056703906,-0.07869660625516262,-0.0050408065290434255,-0.11761881901107545,-0.18746999519924684,-0.013442150744120243,-0.0055208833413605595,0.024243879020645318,-0.19196899999999997,-0.1150770000000001,-0.901519,0.227199,0.09065599999999985,-0.905419,0.419168,0.20573299999999994,0.0039000000000000146,0.5920503067413714,0.9528908702094496,0.5920503067413714,0.4079496932586286,0.047109129790550375,-0.901519
1119,4.6625,walk,-0.211955,-1.204627,0.914446,0.05008,-0.022569,-0.48813,-0.5653947684185516,-0.4521238300936124,-0.05543556515478564,-0.060816327441726346,0.4819080652794023,-0.28320892252295893,-0.0052795776337948176,-0.10871130309576611,-0.1744660427165907,-0.014158867290617404,-0.00815934725218839,0.0206383489320862,-0.189635,-0.11364600000000014,-0.902015,0.229496,0.09250599999999998,-0.905102,0.41913100000000003,0.2061520000000001,0.003086999999999951,0.6264103971581059,0.9561254972431579,0.6264103971581059,0.37358960284189413,0.043874502756842126,-0.902015
1120,4.666667,walk,-0.214334,-1.206579,0.914132,0.050136,-0.023497,-0.488049,-0.5709143268537542,-0.4684425245979959,-0.07535397168226154,-0.2412957367932247,0.37271447997574614,-0.059545432034474814,0.012239020878333264,-0.09839212862969829,-0.16318694504436912,-0.01751859851211613,-0.009359251259926983,0.022078233741297016,-0.18720499999999998,-0.11210399999999998,-0.902381,0.231802,0.09441900000000003,-0.904696,0.41900699999999996,0.206523,0.002314999999999956,0.6586048828983418,0.9505040606853421,0.6586048828983418,0.34139511710165815,0.0494959393146579,-0.902381
1121,4.670833,walk,-0.216694,-1.208517,0.91375,0.049814,-0.023997,-0.488024,-0.5664906385022055,-0.46519443110901315,-0.09169467114738927,0.017677075051500204,0.2837163384217174,-0.030572941108502696,0.012962073931829758,-0.097695631301027,-0.15578492558810608,-0.025684109457515106,-0.014162265962562632,0.045127220355260574,-0.18479099999999998,-0.11057300000000003,-0.9026479999999999,0.234055,0.096298,-0.904126,0.418846,0.20687100000000003,0.0014780000000000904,0.6779859470895004,0.9102981903933894,0.6779859470895004,0.32201405291049956,0.08970180960661056,-0.9026479999999999
1122,4.675,walk,-0.219001,-1.210407,0.913501,0.048631,-0.024517,-0.487922,-0.5536357091432946,-0.45356371490281583,-0.05975521958242262,0.37422333390697654,0.4908071101124264,-0.0942339191354045,0.029997600191982707,-0.10223182145424403,-0.14494840412767648,-0.023038156947445817,-0.019918406527438683,0.04271658267338792,-0.182359,-0.1091089999999999,-0.903003,0.236266,0.09810500000000011,-0.903699,0.41862499999999997,0.207214,0.0006960000000000299,0.6932194926113167,0.912564213571396,0.6932194926113167,0.30678050738868334,0.08743578642860395,-0.903003
1123,4.679167,walk,-0.221315,-1.212302,0.913193,0.048538,-0.024958,-0.487935,-0.5553155747540476,-0.45476361891050315,-0.07391408687304753,-0.06456226838829837,0.20664527691279383,-0.002673399983150192,0.0160787137029006,-0.07367410607153138,-0.1511879049676096,-0.023518118550516408,-0.030477561795054963,0.06527477801776148,-0.179978,-0.10752099999999998,-0.903325,0.23848200000000003,0.0998730000000001,-0.903119,0.41846,0.20739400000000008,0.00020600000000003948,0.7184162767671929,0.8716381094713985,0.7184162767671929,0.2815837232328071,0.12836189052860147,-0.903119
1124,4.683333,walk,-0.223638,-1.214229,0.912916,0.048165,-0.025577,-0.487852,-0.5576092174747193,-0.46255400864132357,-0.0664906385021713,0.01114846106691683,0.34373681880464624,-0.06508424317758811,0.04680748919826563,-0.07681228996640785,-0.11905904944789569,-0.03120499279884403,-0.030724915986584462,0.06265002400383242,-0.17746,-0.10591400000000006,-0.9035439999999999,0.240675,0.10167199999999998,-0.902581,0.41813500000000003,0.20758600000000005,0.0009629999999999361,0.7513026929603102,0.8629730095240411,0.7513026929603102,0.24869730703968984,0.1370269904759589,-0.902581
1125,4.6875,walk,-0.225974,-1.216159,0.912687,0.047465,-0.026185,-0.487681,-0.5605951523878357,-0.46316294696426097,-0.054955603551700066,0.15094899316436813,0.4127524765725529,-0.12154817312751695,0.03935685145188504,-0.09143268538516489,-0.11735061195104923,-0.02327813774898111,-0.038396928245727206,0.05951523878090024,-0.17496,-0.10436500000000004,-0.903804,0.24291400000000002,0.10344200000000003,-0.902104,0.417874,0.20780700000000007,0.0017000000000000348,0.7435278668038072,0.858743774547693,0.7435278668038072,0.2564721331961928,0.14125622545230698,-0.902104
1126,4.691667,walk,-0.228317,-1.218066,0.912464,0.047642,-0.026717,-0.487614,-0.5622750179985819,-0.4576433885289633,-0.05351571874249662,-0.19913854114277188,0.17939230430310948,-0.04048990720959811,0.029997600191982707,-0.06623470122389143,-0.12263018958483907,-0.021838252939766007,-0.04055675545958567,0.06959443244540763,-0.17249200000000003,-0.10273399999999988,-0.904092,0.245166,0.10518000000000005,-0.901591,0.41765800000000003,0.20791399999999993,0.0025009999999999755,0.7623900543309255,0.835894262264077,0.7623900543309255,0.23760994566907445,0.16410573773592296,-0.901591
1127,4.695833,walk,-0.230568,-1.219941,0.912276,0.047548,-0.02772,-0.487396,-0.5403264522322855,-0.450072011521747,-0.045127220355269275,-0.19607329749116256,0.43535665167770854,-0.13781148726948278,0.013202112337978848,-0.05928948631782889,-0.12962073931827328,-0.022563610177625478,-0.04920787325971754,0.08473355736916752,-0.170186,-0.10110600000000014,-0.904444,0.247323,0.10684999999999989,-0.90105,0.417509,0.20795600000000003,0.003394000000000008,0.7614216002405988,0.7984766290450376,0.7614216002405988,0.2385783997594012,0.20152337095496242,-0.90105
1128,4.7,walk,-0.232919,-1.222168,0.912313,0.050181,-0.025119,-0.486498,-0.564194864410871,-0.5344372450204178,0.0088792896568434,-0.4948902898462924,-1.7300935001902897,-0.382501790338159,0.0052795776337948176,-0.0566354691624463,-0.12479001679866192,-0.031917446604272565,-0.047036237101001174,0.09023278137749383,-0.167813,-0.09911500000000006,-0.905001,0.24954099999999999,0.108881,-0.900711,0.417354,0.20799600000000007,0.004290000000000016,0.7714295720020973,0.7793588818168653,0.7714295720020973,0.22857042799790273,0.2206411181831347,-0.900711
1129,4.704167,walk,-0.235167,-1.224033,0.912001,0.048917,-0.026255,-0.486155,-0.5394768418526764,-0.4475641948644326,-0.07487401007921868,0.26509125782744103,0.7594896739261932,-0.2398389765639553,0.002159827213818492,-0.0513558915286648,-0.11615070794336985,-0.03551715862731199,-0.049436045116429066,0.12359011279098232,-0.165556,-0.097464,-0.905173,0.251641,0.11053999999999986,-0.8998839999999999,0.417197,0.20800399999999986,0.005289000000000099,0.7883065672825997,0.7174973606520527,0.7174973606520527,0.21169343271740027,0.2825026393479473,-0.8998839999999999
1130,4.708333,walk,-0.237459,-1.225972,0.911856,0.049205,-0.025703,-0.48582,-0.550168026884349,-0.4654344695151917,-0.034805568891013494,0.008398265261809056,-0.3085389552005708,-0.16707501559857915,-0.0014402304368714535,-0.05112818050888997,-0.11641862698032612,-0.050648103696595316,-0.061209793566950166,0.15338454152665656,-0.16327,-0.09573799999999988,-0.905513,0.253722,0.1122240000000001,-0.8991,0.41699200000000003,0.20796199999999998,0.006413000000000002,0.7880680021678518,0.6479720299562497,0.6479720299562497,0.21193199783214822,0.3520279700437503,-0.8991
1131,4.7125,walk,-0.2397,-1.227882,0.911544,0.048565,-0.026447,-0.485552,-0.5377969762418089,-0.458363330933414,-0.07487401007917607,0.09500847712142783,0.45238077535766885,-0.1756765171278924,0.0076793856491411405,-0.05687544996400361,-0.10919126469880573,-0.03839692824573401,-0.07151427885771096,0.15406767458600737,-0.16099700000000003,-0.09406500000000007,-0.905656,0.255803,0.11383599999999983,-0.898146,0.4168,0.2079009999999999,0.007510000000000017,0.7944078872359644,0.6346631975840611,0.6346631975840611,0.20559211276403555,0.3653368024159389,-0.898146
1132,4.716667,walk,-0.241871,-1.229733,0.911256,0.048341,-0.027038,-0.485249,-0.5209983201344145,-0.44420446364294014,-0.0691144708423516,-0.04397802356747141,0.29054940863577283,-0.18148572050763062,0.011519078473734148,-0.05351571874252326,-0.10967122630190085,-0.033117350611952374,-0.08375329973600878,0.1759059275258058,-0.15877799999999997,-0.0924370000000001,-0.905825,0.257836,0.11533799999999994,-0.897125,0.416614,0.20777500000000004,0.008700000000000041,0.7957099066960059,0.583630781868421,0.583630781868421,0.20429009330399406,0.416369218131579,-0.897125
1133,4.720833,walk,-0.244149,-1.231684,0.911014,0.04894,-0.027324,-0.484893,-0.5468074891983156,-0.468314930388908,-0.058089294287082004,-0.3185854833213833,-0.03000246987929959,-0.18410765690746372,0.0038406144983105517,-0.04272683629381315,-0.09625540086414597,-0.03264522323572047,-0.09505520883343599,0.18819011041768172,-0.156484,-0.09066400000000008,-0.905984,0.259978,0.11689299999999991,-0.896099,0.416462,0.207557,0.009885000000000033,0.8243627866649207,0.5455725315478692,0.5455725315478692,0.1756372133350793,0.4544274684521308,-0.896099
1134,4.725,walk,-0.246371,-1.233556,0.910872,0.049071,-0.027736,-0.484556,-0.5332373410127438,-0.4492440604752055,-0.034077273818090226,-0.15123382012195252,0.13197939329242153,-0.18822701188939414,0.0052795776337948176,-0.038396928245727206,-0.07055435565155109,-0.04031677465802872,-0.09479241660665737,0.17254619630430332,-0.15424,-0.08895199999999992,-0.906136,0.262032,0.11837000000000009,-0.895238,0.416272,0.207322,0.010898000000000074,0.8658347294057691,0.5560936630572513,0.5560936630572513,0.1341652705942309,0.4439063369427487,-0.895238
1135,4.729167,walk,-0.248547,-1.235418,0.910762,0.049389,-0.028112,-0.48432,-0.5221982241419773,-0.44684425245968235,-0.026397888168955143,-0.22146742371209693,0.07668987401464376,-0.12675820057261344,-0.007919366450683878,-0.034557235421141794,-0.0931125509959046,-0.062395008399317976,-0.07487401007920272,0.22006239500836275,-0.152097,-0.08723400000000003,-0.9064139999999999,0.263948,0.1199199999999998,-0.894211,0.416045,0.20715399999999984,0.012202999999999964,0.8339439013976052,0.4768371868760361,0.4768371868760361,0.16605609860239479,0.5231628131239638,-0.894211
1136,4.733333,walk,-0.25076,-1.237353,0.910584,0.049874,-0.027838,-0.484,-0.5312049927988881,-0.4644743158905841,-0.04272683629381315,-0.14011773559050905,-0.2373420087442537,-0.15804792288736438,-0.012722035525691178,-0.02712433989439239,-0.095055208833421,-0.04488718194911533,-0.10201632261160139,0.2179548727796618,-0.14993700000000004,-0.08541200000000004,-0.906632,0.265974,0.12142999999999993,-0.893125,0.41591100000000003,0.20684199999999997,0.013507000000000047,0.8338919969067251,0.4569317846208492,0.4569317846208492,0.1661080030932749,0.5430682153791508,-0.893125
1137,4.7375,walk,-0.252991,-1.239259,0.910498,0.049816,-0.027894,-0.483566,-0.5353971682265756,-0.45740340772744714,-0.02063834893206705,0.011293270627558716,0.023320947699965358,-0.24022325878781947,-0.08711303095752791,-0.11039116870653899,-0.167026637868978,-0.040076793856493424,-0.12766978641708693,0.19726421886249995,-0.148069,-0.08396599999999999,-0.907242,0.268038,0.12280400000000014,-0.892217,0.416107,0.20677000000000012,0.015024999999999955,0.6360983494861349,0.4524714250084543,0.4524714250084543,0.36390165051386514,0.5475285749915457,-0.892217
1138,4.741667,walk,-0.255116,-1.241089,0.910535,0.050158,-0.028377,-0.483242,-0.5099592032637593,-0.4391648668106748,0.008879289656816758,-0.25636879817539615,0.11343257295477419,-0.17621826202766186,-0.020638348932080372,-0.02687784977199306,-0.0935925125989964,-0.07679385649148397,-0.11087113030957128,0.2102231821454384,-0.14603,-0.08224799999999988,-0.907669,0.269843,0.12417200000000017,-0.891378,0.415873,0.20642000000000005,0.016290999999999944,0.8341024523856715,0.420811880354843,0.420811880354843,0.1658975476143285,0.5791881196451569,-0.891378
1139,4.745833,walk,-0.257281,-1.243004,0.910428,0.050594,-0.028622,-0.482779,-0.5196831493038124,-0.4596735477675546,-0.025684109457502137,-0.24062985716453095,-0.012585539084933593,-0.2458716110678834,-0.01272203552567514,-0.02736437830051181,-0.08929428708592177,-0.06769083053287643,-0.11257801248199469,0.22947671627457283,-0.143918,-0.08044699999999994,-0.907934,0.27172599999999997,0.125618,-0.890315,0.41564399999999996,0.20606499999999994,0.01761900000000005,0.8429072364115086,0.3831179282890895,0.3831179282890895,0.15709276358849145,0.6168820717109105,-0.890315
1140,4.75,walk,-0.259435,-1.244958,0.910263,0.050761,-0.028633,-0.482218,-0.5169186465083137,-0.46892248620112803,-0.03959683225341451,-0.07303403526663015,-0.051813503239822596,-0.30253700213535645,-0.022798176145912185,-0.01823854091671909,-0.06287497000240269,-0.0731941444684458,-0.10655147588196094,0.2644588432925492,-0.14185899999999996,-0.07856899999999989,-0.908031,0.273575,0.1271279999999999,-0.8890480000000001,0.41543399999999997,0.2056969999999998,0.018982999999999972,0.8844618501778896,0.319566404663022,0.319566404663022,0.11553814982211041,0.680433595336978,-0.8890480000000001
1141,4.754167,walk,-0.261559,-1.246824,0.910256,0.050969,-0.028896,-0.481913,-0.5097192224622166,-0.44780417566594877,-0.001679865610772879,-0.14872033282205138,0.05273331154124158,-0.16576264653159092,-0.028317734581236473,-0.03647708183349147,-0.08207343412527374,-0.08183345332373766,-0.11591072714178334,0.23494120470363378,-0.139853,-0.07685500000000012,-0.908366,0.275358,0.12851100000000004,-0.8880619999999999,0.415211,0.20536600000000016,0.0203040000000001,0.8430452986437715,0.339523360741439,0.339523360741439,0.15695470135622847,0.660476639258561,-0.8880619999999999
1142,4.758333,walk,-0.263659,-1.248708,0.910169,0.051668,-0.029074,-0.481713,-0.504080652904395,-0.452232357177087,-0.020883341334598314,-0.33579224440166866,-0.09277656083980254,-0.09317636222292673,-0.04176668266922327,-0.02856457033124443,-0.09793566970714002,-0.09529524723954551,-0.133461353816593,0.22635621699468952,-0.13792700000000002,-0.0750900000000001,-0.908687,0.277061,0.12983900000000004,-0.887032,0.414988,0.20492900000000014,0.02165499999999998,0.8162747684086503,0.31758684030742185,0.31758684030742185,0.18372523159134968,0.6824131596925782,-0.887032
1143,4.7625,walk,-0.265786,-1.250637,0.910128,0.051857,-0.028992,-0.481261,-0.5104391648668449,-0.4629229661627448,-0.009839212862961268,-0.060684265623549304,-0.09268003636218218,-0.24072674852889353,-0.036717062634994295,-0.028797696184282084,-0.0880729541636709,-0.08615310775138381,-0.1382289416847032,0.22798176145909355,-0.135953,-0.07328099999999993,-0.9090130000000001,0.27882900000000005,0.13119199999999998,-0.8860410000000001,0.41478200000000004,0.2044729999999999,0.022971999999999992,0.8338817752892338,0.3033000996102555,0.3033000996102555,0.1661182247107662,0.6966999003897445,-0.8860410000000001
1144,4.766667,walk,-0.267848,-1.252541,0.910006,0.052372,-0.029158,-0.480897,-0.4948404127669899,-0.4569234461243083,-0.029277657787394305,-0.25552646102377385,-0.06060658565230384,-0.1874075644912337,-0.03815694744419774,-0.030957523398140542,-0.09311255099592461,-0.09719222462203488,-0.13822894168464991,0.22894168466523723,-0.13405,-0.07150600000000007,-0.909279,0.28048599999999996,0.13251999999999997,-0.884965,0.41453599999999996,0.20402600000000004,0.024313999999999947,0.8245302491550313,0.28261245615467817,0.28261245615467817,0.17546975084496874,0.7173875438453219,-0.884965
1145,4.770833,walk,-0.269871,-1.254417,0.910037,0.052461,-0.02863,-0.480745,-0.4855976956313521,-0.4503120499280215,0.007441190590495848,0.08483493927011125,-0.24745250114158884,-0.07170319130160495,-0.017762842054734603,-0.026404224675963324,-0.06913106096976064,-0.11305808929429585,-0.13490158425353288,0.22899663946233212,-0.13210099999999997,-0.06974000000000014,-0.909598,0.282038,0.1338339999999998,-0.884042,0.414139,0.20357399999999992,0.025556000000000023,0.873160148772327,0.2630645693789071,0.2630645693789071,0.12683985122767305,0.7369354306210929,-0.884042
1146,4.775,walk,-0.271867,-1.256238,0.91,0.052466,-0.028734,-0.480357,-0.47900167986553,-0.4370050395967765,-0.008879289656814865,-0.026165414360129417,0.029872416187523346,-0.21368807624283395,-0.007919366450683878,-0.023518118550495574,-0.05255579553634829,-0.10631149508037592,-0.1423086153107138,0.22510199184061452,-0.13013799999999998,-0.068017,-0.90978,0.28359100000000004,0.13506200000000002,-0.883067,0.413729,0.203079,0.026712999999999987,0.9031333977174762,0.2549555995157199,0.2549555995157199,0.09686660228252375,0.7450444004842801,-0.883067
1147,4.779167,walk,-0.273836,-1.258075,0.909934,0.052211,-0.028882,-0.480083,-0.4725221982241633,-0.44084473242144767,-0.01583873290137113,0.07322368695993256,0.11184188060194328,-0.15920702487154978,0.0035997120230352605,-0.02759779217664807,-0.049676025917928836,-0.11231101511879554,-0.14806815454766448,0.2323014158867397,-0.128154,-0.06629499999999999,-0.909921,0.285092,0.13628200000000001,-0.8820330000000001,0.413246,0.202577,0.027887999999999913,0.9050979509255145,0.2252988787746203,0.2252988787746203,0.09490204907448552,0.7747011212253797,-0.8820330000000001
1148,4.783333,walk,-0.275785,-1.259907,0.909902,0.052284,-0.02875,-0.479834,-0.46783485357660415,-0.43975036005765744,-0.007681228996647753,-0.000267257927982297,-0.08042665551697888,-0.13187413454600905,0.008641382621228723,-0.029044647143554328,-0.025684109457515238,-0.11353816610658633,-0.16250600096017578,0.23019683149305747,-0.12616899999999998,-0.06458399999999997,-0.909996,0.286568,0.13743700000000003,-0.881042,0.41273699999999997,0.202021,0.028954000000000035,0.9337945432778118,0.21046000000000004,0.21046000000000004,0.06620545672218825,0.7895399999999999,-0.881042
1149,4.7875,walk,-0.277633,-1.261738,0.909978,0.051696,-0.028712,-0.479467,-0.4434845212383251,-0.43940484761219095,0.01823854091671909,0.2566675306936073,0.10697289541817535,-0.21592723717064113,0.004559635229179773,-0.028317734581196505,-0.020878329733622268,-0.12023038156947986,-0.16750659947201757,0.2284617230621658,-0.12430199999999997,-0.0628709999999999,-0.9101589999999999,0.28791500000000003,0.13857000000000008,-0.880166,0.412217,0.20144099999999998,0.029992999999999936,0.9408723363836979,0.20006999999999997,0.20006999999999997,0.05912766361630206,0.79993,-0.880166
1150,4.791667,walk,-0.279451,-1.263482,0.910008,0.05221,-0.028328,-0.479152,-0.43628509719214825,-0.4185265178784919,0.007199424046095629,-0.1281288695357116,-0.2896076976033332,-0.15143323680963938,0.006479481641467416,-0.02111831053517477,-0.016078713702901076,-0.13246940244778166,-0.16342692584594185,0.21550275977918146,-0.12245699999999998,-0.06121500000000002,-0.9102560000000001,0.289181,0.1396329999999999,-0.879298,0.411638,0.20084799999999992,0.03095800000000004,0.9544633311207682,0.19041999999999998,0.19041999999999998,0.0455366688792318,0.80958,-0.879298
1151,4.795833,walk,-0.281256,-1.265265,0.910049,0.05296,-0.028018,-0.478795,-0.4332693230917292,-0.42798847815656055,0.009841574651934946,-0.24484506146690443,-0.3139743183587671,-0.1689223149611263,0.006240998559762974,-0.014402304368687887,-0.014162265962555123,-0.13874219875181137,-0.19539126260200068,0.21195391262603738,-0.12062600000000001,-0.05949199999999988,-0.9103559999999999,0.290408,0.14060200000000012,-0.878456,0.411034,0.200094,0.03189999999999993,0.9647648293073905,0.181,0.181,0.03523517069260951,0.819,-0.878456
1152,4.8,walk,-0.283043,-1.266994,0.910037,0.053483,-0.028076,-0.478384,-0.42884569234462794,-0.41492680585551917,-0.002879769618433537,-0.23386383302943936,-0.10882011050899046,-0.21111337079690484,0.000719942404615045,-0.009839212862961268,-0.01295896328293796,-0.1451883849292122,-0.19150467962565704,0.20614350851932756,-0.118836,-0.057803999999999967,-0.9103979999999999,0.29159,0.1415329999999999,-0.877585,0.410426,0.19933699999999988,0.03281299999999998,0.9728551643853262,0.17187000000000002,0.17187000000000002,0.027144835614673846,0.82813,-0.877585
1153,4.804167,walk,-0.284705,-1.26863,0.91012,0.053374,-0.028226,-0.478077,-0.3988480921526452,-0.3926085913127059,0.01991840652749197,0.01159272127534646,0.07794115009611315,-0.17321019371833274,0.004319654427636984,-0.004799616030749205,-0.01583873290136862,-0.15214782817375325,-0.2083033357331194,0.18070554355652294,-0.11715600000000004,-0.05618800000000013,-0.910547,0.292618,0.142301,-0.876915,0.409774,0.19848900000000014,0.033631999999999995,0.9714926330994111,0.16368000000000005,0.16368000000000005,0.02850736690058886,0.83632,-0.876915
1154,4.808333,walk,-0.286386,-1.270315,0.910211,0.053612,-0.028121,-0.477831,-0.40350456072965984,-0.40446471435428055,0.021843494959179078,-0.07620052416587464,-0.10676400194008799,-0.12579767486174634,-0.0014402304368578219,-0.004320691310573465,-0.0067210753720586235,-0.17330772923665455,-0.21291406625059128,0.17138742198749488,-0.115481,-0.05452099999999982,-0.910666,0.293577,0.1430990000000001,-0.876292,0.409058,0.1976199999999999,0.034374000000000016,0.9864686073569839,0.15626000000000007,0.15626000000000007,0.01353139264301606,0.8437399999999999,-0.876292
1155,4.8125,walk,-0.288085,-1.272038,0.910419,0.05314,-0.028149,-0.477477,-0.4077273818094753,-0.41348692104631574,0.04991600671946136,0.1930202001809971,0.10793427574799375,-0.2066750704236352,-0.0035997120230485823,-0.003119750419976326,0.0004799616030717748,-0.18262538996881092,-0.2426205903528057,0.1550275977921839,-0.11379700000000004,-0.05281099999999994,-0.910872,0.29451499999999997,0.1438109999999999,-0.875854,0.408312,0.19662199999999985,0.035017999999999994,0.9920206634095994,0.14982,0.14982,0.00797933659040062,0.8501799999999999,-0.875854
1156,4.816667,walk,-0.289742,-1.273678,0.91067,0.052965,-0.028556,-0.477159,-0.39764818814497127,-0.3935685145188771,0.060235181185508205,-0.01958020971560517,0.20091961591098953,-0.1857241183873111,-0.0074394048476133096,-0.001679865610772879,0.004319654427645986,-0.18766498680106442,-0.2726181905447218,0.13582913366931362,-0.11217100000000002,-0.051177999999999946,-0.9111049999999999,0.29539,0.1443150000000002,-0.875539,0.407561,0.19549300000000014,0.035565999999999987,0.9853915827791693,0.14434000000000002,0.14434000000000002,0.014608417220830727,0.85566,-0.875539
1157,4.820833,walk,-0.291333,-1.275309,0.91095,0.0524,-0.028987,-0.476752,-0.38190110417661927,-0.3915026404224003,0.0672107537206002,0.13963186480096376,0.2971853966389577,-0.24522150985074903,-0.0069611137782038795,0.001200192030732618,-0.005040806529043977,-0.2237157945270945,-0.2998079692750572,0.13682189150262067,-0.11060900000000001,-0.049541999999999975,-0.911406,0.296049,0.14469700000000008,-0.875249,0.406658,0.19423900000000005,0.036156999999999995,0.9855367038866014,0.13843000000000005,0.13843000000000005,0.014463296113398583,0.86157,-0.875249
1158,4.825,walk,-0.292935,-1.276954,0.911414,0.05225,-0.028773,-0.476263,-0.38444924406049086,-0.39476841852651107,0.11135109191263022,0.11237059032343542,-0.0719622349781115,-0.2668360455191489,-0.0059995200383965415,0.0026397888168907483,-0.006479481641468967,-0.2339812814974908,-0.3174946004319711,0.11207103431726025,-0.10903200000000002,-0.047886000000000095,-0.911897,0.296676,0.145019,-0.875246,0.405708,0.1929050000000001,0.03665099999999999,0.9846389373892737,0.13349000000000005,0.13349000000000005,0.01536106261072634,0.8665099999999999,-0.875246
1159,4.829167,walk,-0.294516,-1.278577,0.911898,0.052407,-0.028724,-0.476094,-0.37940964722823883,-0.38948884089278285,0.11615070794337942,-0.05513286020555002,-0.061918469161694176,-0.08696348100629483,-0.005279577633781497,0.0035997120230619037,-0.006479481641468993,-0.26781857451405106,-0.3359731221502596,0.12287017038637435,-0.10747299999999999,-0.046247999999999845,-0.912408,0.297141,0.1452420000000001,-0.8752179999999999,0.404614,0.19148999999999994,0.037190000000000056,0.9848328251932892,0.1281,0.1281,0.015167174806710815,0.8719,-0.8752179999999999
1160,4.833333,walk,-0.296057,-1.280181,0.912317,0.0519,-0.028797,-0.475778,-0.3698991838694519,-0.3850216034565689,0.1005760921747699,0.19751306106323266,0.13593401422260726,-0.18741136639695374,-0.0069611137782053635,0.002880460873716258,-0.0024003840614500024,-0.29476716274606274,-0.3850216034565689,0.09097455592895688,-0.10596099999999997,-0.044632000000000005,-0.912837,0.297454,0.1452420000000001,-0.8752580000000001,0.40341499999999997,0.1898740000000001,0.03757899999999992,0.9868221562714159,0.12420999999999999,0.12420999999999999,0.013177843728584104,0.8757900000000001,-0.8752580000000001
1161,4.8375,walk,-0.297703,-1.281993,0.912515,0.053163,-0.028398,-0.476179,-0.395008399327983,-0.43484521238291846,0.047516198704076626,-0.44228857526307763,-0.44261098165540885,0.26023455286105784,-0.011039116870646218,0.003119750419975661,-0.01127909767218435,-0.31917446604266314,-0.406527477801728,0.08135349172064849,-0.10436099999999998,-0.04280700000000004,-0.913082,0.29777,0.14535999999999993,-0.8751169999999999,0.40213099999999996,0.18816699999999997,0.037965000000000027,0.9731872238027487,0.12035000000000001,0.12035000000000001,0.02681277619725131,0.87965,-0.8751169999999999
1162,4.841667,walk,-0.299191,-1.283551,0.912981,0.05357,-0.027875,-0.475893,-0.3570914326853989,-0.37389008879295454,0.11183105351574243,-0.051963065213054715,-0.32254850544665703,-0.13535605248984414,-0.0035997120230485823,0.0019198464122890248,0.011759059275258516,-0.364530837533014,-0.4509239260859251,0.0717542596592307,-0.10288800000000003,-0.04124099999999986,-0.9134990000000001,0.297739,0.14503900000000014,-0.8752840000000001,0.400627,0.18628,0.038215,0.9792555755861228,0.11785000000000001,0.11785000000000001,0.02074442441387725,0.88215,-0.8752840000000001
1163,4.845833,walk,-0.300653,-1.285141,0.913405,0.052772,-0.028029,-0.475493,-0.35093614978399773,-0.3816610657705488,0.10177628420547613,0.3022937874789137,0.2334185420875876,-0.2425334609927947,-0.009361497839644461,0.002880460873716258,-0.016802688430150148,-0.3730196831493334,-0.5038406144983771,0.024963994239080214,-0.10146499999999997,-0.03963899999999998,-0.913993,0.297647,0.14453000000000005,-0.875604,0.39911199999999997,0.18416900000000003,0.038389000000000006,0.9675849385518527,0.11611000000000005,0.11611000000000005,0.03241506144814732,0.88389,-0.875604
1164,4.85,walk,-0.302125,-1.286718,0.913916,0.052761,-0.027896,-0.475052,-0.35325173986082087,-0.378449724022081,0.12263018958482158,0.03520900713598777,-0.06795566266924254,-0.23801055973365864,-0.0016798656107595575,0.0019198464122890248,-0.00455963522918188,-0.4115670746340482,-0.5416366690664882,0.029037676985841525,-0.10000000000000003,-0.03805400000000003,-0.914523,0.297404,0.14385000000000003,-0.8759939999999999,0.39740400000000003,0.18190400000000007,0.038529000000000035,0.9912920802107462,0.11471000000000003,0.11471000000000003,0.008707919789253782,0.8852899999999999,-0.8759939999999999
1165,4.854167,walk,-0.303499,-1.288216,0.914459,0.053216,-0.027331,-0.47474,-0.32973362131024997,-0.35949124070068356,0.13030957523397654,-0.06302665437613877,-0.35186204180417935,-0.14754988611348646,-0.01391888648907914,0.006719462443036797,0.01847852171825945,-0.44516438684897747,-0.577633789296771,0.004319654427646055,-0.098684,-0.036527999999999894,-0.914989,0.296923,0.14294099999999998,-0.876519,0.395607,0.17946899999999988,0.038470000000000004,0.9598495073535331,0.11529999999999996,0.11529999999999996,0.04015049264646686,0.8847,-0.876519
1166,4.858333,walk,-0.304897,-1.28977,0.914932,0.052375,-0.027243,-0.474386,-0.33557369179070223,-0.37301968314934675,0.11353816610657301,0.37616950340751304,0.1423317638592622,-0.2136260571974586,-0.00480076812289152,0.001440230436858129,0.01656265002400515,-0.4606337013922594,-0.6132981277004478,0.005040806529045091,-0.097306,-0.03496799999999989,-0.915393,0.296402,0.14194000000000018,-0.876971,0.393708,0.17690800000000007,0.03842200000000007,0.9711592969871716,0.11578,0.11578,0.028840703012828373,0.88422,-0.876971
1167,4.8625,walk,-0.306145,-1.291172,0.91538,0.052644,-0.026507,-0.473652,-0.2994960403167948,-0.3364530837532919,0.10751139908807882,0.05470925944855378,-0.3952419289620005,-0.3791692188922091,0.0,0.0038396928245780495,-0.002399808015358887,-0.5027597792176854,-0.6381089512839718,-0.01367890568754598,-0.09605799999999998,-0.03354999999999997,-0.915851,0.295555,0.1406829999999999,-0.8774759999999999,0.391613,0.17423299999999986,0.03837500000000005,0.9924534188208433,0.11625000000000002,0.11625000000000002,0.007546581179156742,0.88375,-0.8774759999999999
1168,4.866667,walk,-0.307438,-1.29267,0.915871,0.052951,-0.026293,-0.473222,-0.31029517638590054,-0.3594912407007602,0.11783057355412566,-0.08076793719208958,-0.17369955221573136,-0.2218303922179205,0.005279577633781497,0.0019198464122890248,-0.004559635229181867,-0.516438684905231,-0.6808255339573093,-0.026397888168947448,-0.09474300000000002,-0.03204399999999996,-0.916361,0.294696,0.1393439999999999,-0.878077,0.38943900000000004,0.17138799999999987,0.038283999999999985,0.9879411139655461,0.11716000000000004,0.11716000000000004,0.01205888603445393,0.88284,-0.878077
1169,4.870833,walk,-0.308804,-1.294222,0.916187,0.053794,-0.026155,-0.47261,-0.32789246279401124,-0.3725396063369635,0.07585213634180044,-0.32492354858966294,-0.2688637858752906,-0.30816059902884935,0.010081613058084702,0.0038406144983230577,-0.0031204992798843614,-0.554248679788692,-0.706192990878446,-0.03240518482956915,-0.093335,-0.030475999999999948,-0.91669,0.29375300000000004,0.1379539999999999,-0.878528,0.38708800000000004,0.16842999999999986,0.03816200000000003,0.9812823050643521,0.11837999999999999,0.11837999999999999,0.0187176949356479,0.8816200000000001,-0.878528
1170,4.875,walk,-0.310113,-1.295704,0.91666,0.054366,-0.025373,-0.472316,-0.3141348692104786,-0.35565154787618214,0.11351091912648867,-0.06392100518614145,-0.4691780530062227,-0.12981517690883074,0.011999040076806404,0.003359731221492472,-0.005039596832253668,-0.5778737700984182,-0.7449004079673955,-0.05735541156707633,-0.09197599999999995,-0.028980000000000006,-0.917184,0.292654,0.1363319999999999,-0.87924,0.38462999999999997,0.1653119999999999,0.03794399999999998,0.9775982209984007,0.12056000000000006,0.12056000000000006,0.022401779001599342,0.87944,-0.87924
1171,4.879167,walk,-0.311383,-1.297215,0.91715,0.054462,-0.024864,-0.47183,-0.3047756179505763,-0.3626109911207365,0.11759059275258286,0.07596888153030397,-0.25255428939967417,-0.2516565196675451,0.017038636909045113,0.00599952003838322,-0.004559635229181854,-0.6054715622750458,-0.7830573554116066,-0.05399568034557553,-0.09063499999999997,-0.027444000000000024,-0.917693,0.291401,0.13457999999999992,-0.879955,0.382036,0.16202399999999995,0.03773799999999994,0.9689489818635151,0.12262,0.12262,0.03105101813648492,0.87738,-0.879955
1172,4.883333,walk,-0.312698,-1.298739,0.917608,0.054737,-0.02444,-0.471353,-0.31565050408059986,-0.3658185309649248,0.1099375900143776,-0.019221853425092843,-0.2568152250595549,-0.2439246823068733,0.015362457993278905,0.002400384061465236,-0.007441190590493481,-0.6212193951031333,-0.8125300048006524,-0.08545367258760309,-0.089256,-0.025909999999999878,-0.9181819999999999,0.290128,0.13271900000000003,-0.880769,0.379384,0.1586289999999999,0.03741299999999992,0.9712705011915819,0.1258700000000001,0.1258700000000001,0.02872949880841813,0.8741299999999999,-0.880769
1173,4.8875,walk,-0.313993,-1.300226,0.917972,0.054929,-0.023989,-0.471022,-0.31077513798898615,-0.35685145188386946,0.08735301175907069,0.021738412779800407,-0.24468688781612413,-0.16595655214704896,0.01103911687064857,0.0,0.0007199424046076558,-0.6481881449484334,-0.859851211903061,-0.08471322294216829,-0.08791499999999997,-0.02442299999999986,-0.918543,0.28872200000000003,0.13062300000000016,-0.881486,0.376637,0.15504600000000002,0.03705700000000001,0.9815623860945296,0.12943000000000005,0.12943000000000005,0.018437613905470385,0.87057,-0.881486
1174,4.891667,walk,-0.31526,-1.301756,0.918448,0.055298,-0.023543,-0.470554,-0.30405567554596125,-0.367170626349863,0.1142308615310904,-0.05412700680901753,-0.28690385756135994,-0.23571046393292075,0.006719462442998265,0.0007199424046017234,0.002879769618430649,-0.6774658027358127,-0.8754499640029427,-0.0940724742020673,-0.08662000000000003,-0.022890000000000077,-0.919007,0.287166,0.12850499999999987,-0.8823540000000001,0.373786,0.15139499999999995,0.036652999999999936,0.9877567971642262,0.13347000000000003,0.13347000000000003,0.012243202835773848,0.86653,-0.8823540000000001
1175,4.895833,walk,-0.316508,-1.303273,0.918876,0.055775,-0.02314,-0.470123,-0.2995679308689692,-0.3641382621219661,0.10273643783005709,-0.10982211788948025,-0.29189870089857867,-0.21372565576543234,0.00528084493519533,0.0019203072491619383,0.0060009601536250715,-0.7042726836294363,-0.9044647143543668,-0.09937590014403036,-0.08534999999999998,-0.02136500000000008,-0.9194100000000001,0.28548,0.12625399999999987,-0.883196,0.37083,0.14761899999999994,0.03621400000000008,0.9862981726759856,0.13785999999999998,0.13785999999999998,0.01370182732401437,0.86214,-0.883196
1176,4.9,walk,-0.317775,-1.30475,0.919234,0.056325,-0.022852,-0.469714,-0.3040556755458964,-0.35445164386847255,0.0859131269498223,-0.16688688035312257,-0.25888775754654353,-0.20213156392017498,0.0014398848092164616,0.00215982721380471,0.0028797696184300354,-0.7233021358290131,-0.9428845692343204,-0.10247180225580328,-0.08407700000000001,-0.01987899999999998,-0.919756,0.28373299999999996,0.12380199999999997,-0.883981,0.36780999999999997,0.14368099999999995,0.035775,0.9935383191659221,0.14225,0.14225,0.006461680834077943,0.85775,-0.883981
1177,4.904167,walk,-0.318983,-1.306274,0.919672,0.056714,-0.021938,-0.469477,-0.28989680825536296,-0.36573074154065954,0.10511159107273085,0.042373571838797496,-0.48182537342495874,-0.09916277809810953,0.008879289656830078,0.0004799616030855778,0.012718982481402066,-0.7451403887689317,-0.9733621310295231,-0.09887209023278652,-0.08283199999999996,-0.018353000000000064,-0.9201410000000001,0.28183600000000003,0.12126999999999999,-0.884831,0.364668,0.13962300000000005,0.035310000000000064,0.9741347152800139,0.14690000000000009,0.14690000000000009,0.02586528471998606,0.8531,-0.884831
1178,4.908333,walk,-0.320216,-1.307726,0.919994,0.057359,-0.021231,-0.469125,-0.29596735477678393,-0.34853576572254535,0.07729236677867474,-0.1126762681343907,-0.4556466806246342,-0.15954712124558362,-0.010321651464238754,0.00048007681230380936,-0.004800768122900031,-0.7676428228517169,-1.0110417666827745,-0.1284205472875747,-0.08164199999999999,-0.016898999999999997,-0.9204829999999999,0.279871,0.1185099999999999,-0.885688,0.361513,0.1354089999999999,0.03479499999999991,0.9810106508460381,0.15204999999999996,0.15204999999999996,0.018989349153961887,0.84795,-0.885688
1179,4.9125,walk,-0.321371,-1.309215,0.920319,0.057834,-0.020689,-0.468977,-0.27717782577395483,-0.357331413486955,0.07799376049916835,-0.07864545953188047,-0.3408335880684427,-0.056555309156714445,-0.0026397888168907483,0.0019198464122890248,0.0011999040076794306,-0.7746580273578472,-1.0508759299256325,-0.11639068874490723,-0.08049799999999996,-0.015401999999999916,-0.920803,0.277798,0.11562000000000006,-0.886498,0.35829599999999995,0.13102199999999997,0.03430500000000003,0.9942039129884882,0.1569500000000001,0.1569500000000001,0.005796087011511797,0.8430499999999999,-0.886498
1180,4.916667,walk,-0.32257,-1.310729,0.920724,0.057967,-0.020137,-0.468537,-0.28773698104146983,-0.3633309335252608,0.09719222462201124,0.07024433559537993,-0.277944170521401,-0.22299603693095488,0.006719462442996833,0.0055195584352964655,0.009119270458361804,-0.8053755699542683,-1.0770338372928476,-0.12886969042474344,-0.07927099999999998,-0.013865000000000016,-0.9211699999999999,0.275641,0.11264600000000002,-0.88744,0.354912,0.12651100000000004,0.03372999999999993,0.9789988231456579,0.1627,0.1627,0.021001176854342107,0.8372999999999999,-0.88744
1181,4.920833,walk,-0.323748,-1.312216,0.92102,0.058484,-0.019317,-0.46839,-0.28276524243880224,-0.3569371099376222,0.07105136821891177,-0.03399095234513966,-0.46792030975803117,-0.048323643815644135,0.0007201152184423892,0.0021603456553404925,0.00048007681229000307,-0.8139702352377021,-1.1012962073932788,-0.1310609697551707,-0.07808999999999999,-0.012368999999999852,-0.921464,0.273428,0.109545,-0.8882819999999999,0.351518,0.12191399999999986,0.033182000000000045,0.9961212355116897,0.16818,0.16818,0.00387876448831026,0.83182,-0.8882819999999999
1182,4.925,walk,-0.324857,-1.313635,0.921266,0.05879,-0.018682,-0.468218,-0.26613870890330626,-0.3405327573794394,0.059035277177847546,0.014099567680348021,-0.34302861737923235,-0.07120752055586778,-0.0019198464122890248,-0.0004799616030855778,-0.0009599232061435496,-0.8267338612911354,-1.1358291336693287,-0.13126949844013217,-0.07698899999999997,-0.01095199999999985,-0.921714,0.271092,0.10623100000000019,-0.8890750000000001,0.348081,0.11718300000000004,0.032638999999999974,0.996334232705411,0.1736100000000001,0.1736100000000001,0.0036657672945890063,0.82639,-0.8890750000000001
1183,4.929167,walk,-0.325979,-1.315135,0.921612,0.058562,-0.018239,-0.46801,-0.2692584593232693,-0.3599712023037925,0.08303335733140707,0.19795710385898904,-0.14325998646002092,-0.1078800315469676,0.0011999040076739796,-0.0014398848092034469,-0.0004799616030717748,-0.8536117110631534,-1.1651067914567494,-0.12814974802016418,-0.07586199999999999,-0.009457999999999966,-0.9220619999999999,0.26865700000000003,0.10287599999999997,-0.8899549999999999,0.344519,0.11233399999999993,0.032107,0.9967753548723111,0.17893000000000003,0.17893000000000003,0.003224645127688941,0.82107,-0.8899549999999999
1184,4.933333,walk,-0.327054,-1.316568,0.921962,0.058989,-0.017483,-0.467878,-0.2580412866058206,-0.34397503600571905,0.08401344215072361,-0.01041466128949114,-0.42011218825572477,-0.043680170498616305,-0.011041766682665466,0.01200192030721958,0.01608257321171172,-0.8730196831491872,-1.1949111857895487,-0.12722035525682387,-0.07483299999999998,-0.007975000000000065,-0.922345,0.266095,0.09933100000000006,-0.8908349999999999,0.340928,0.10730600000000012,0.03151000000000004,0.9618258426693697,0.18490000000000006,0.18490000000000006,0.03817415733063034,0.8150999999999999,-0.8908349999999999
1185,4.9375,walk,-0.328167,-1.318029,0.922177,0.059003,-0.016912,-0.467822,-0.26709863210943746,-0.3506119510439168,0.05159587233023424,0.12296411020257755,-0.24668802206123214,-0.016395477616583415,-0.010559155267576314,0.008159347252241676,-0.0019198464122871122,-0.8807295416367109,-1.2270218382530307,-0.12311015118791048,-0.073764,-0.006480000000000041,-0.922568,0.263538,0.09567899999999985,-0.891563,0.337302,0.10215899999999989,0.03100500000000006,0.9775304825130788,0.18995000000000006,0.18995000000000006,0.022469517486921164,0.8100499999999999,-0.891563
1186,4.941667,walk,-0.329264,-1.319495,0.922489,0.059379,-0.016182,-0.46776,-0.26325893928487276,-0.3518118550516574,0.07487401007919203,0.0048886567810837445,-0.39527117517162985,-0.007227204259559547,-0.0016798656107595575,0.005039596832212064,-0.0016798656107512185,-0.8893688504920014,-1.2666186705063918,-0.11207103431725941,-0.07267400000000002,-0.004993000000000025,-0.922887,0.26092899999999997,0.09186700000000014,-0.892342,0.333603,0.09686000000000017,0.030545000000000044,0.9907141934515868,0.19455,0.19455,0.009285806548413156,0.80545,-0.892342
1187,4.945833,walk,-0.330298,-1.320963,0.922678,0.059408,-0.015723,-0.46794,-0.2481997119538744,-0.3523763802207941,0.04536725876139448,0.08965930025266027,-0.1949791677569598,0.10948762939519688,0.0021603456553133823,-0.0064810369659134975,-0.0014402304368697021,-0.8867018722994465,-1.2830052808448005,-0.1243398943830849,-0.071631,-0.0035519999999999996,-0.923082,0.25826899999999997,0.08799000000000001,-0.893049,0.32989999999999997,0.09154200000000001,0.030032999999999976,0.9883637065352437,0.19967000000000001,0.19967000000000001,0.011636293464756253,0.80033,-0.893049
1188,4.95,walk,-0.331374,-1.322411,0.922873,0.059758,-0.015248,-0.467962,-0.25821934245262074,-0.3474922006239405,0.046796256299511674,-0.04202254378038883,-0.2787701195659507,0.03155838708165142,0.0023998080153479593,-0.0057595392368137875,-0.00647948164146898,-0.9133669306455909,-1.3184545236381422,-0.10367170626350326,-0.07054500000000002,-0.0021279999999999077,-0.923304,0.255539,0.08394400000000002,-0.893676,0.32608400000000004,0.08607199999999993,0.029627999999999988,0.9850078675194602,0.20372,0.20372,0.014992132480539766,0.79628,-0.893676
1189,4.954167,walk,-0.332405,-1.323888,0.923137,0.060046,-0.01488,-0.468135,-0.24742020638350162,-0.35445164386849487,0.06335493160545788,-0.040953079508801636,-0.21466785196976207,0.10944763030769071,0.005759539236867074,0.0007199424046017234,-0.01967842572594282,-0.9198464122870598,-1.344852411807103,-0.10319174466043184,-0.06949,-0.0006479999999999819,-0.92365,0.252737,0.07981700000000003,-0.89437,0.322227,0.08046500000000001,0.029279999999999973,0.9658056596488378,0.2072,0.2072,0.0341943403511622,0.7928,-0.89437
1190,4.958333,walk,-0.333399,-1.325299,0.923332,0.059926,-0.014421,-0.468491,-0.23859817570813097,-0.3386941910706104,0.046807489198288935,0.15146522606391075,-0.1557666365846567,0.20213215619727226,0.004320691310614361,0.006240998559736324,-0.018242918867020168,-0.9347095535286374,-1.3734997599617038,-0.0900144023043759,-0.06847799999999998,0.0007889999999999286,-0.923921,0.249837,0.07550600000000007,-0.8949400000000001,0.318315,0.07471700000000014,0.028980999999999923,0.9670681458997468,0.21019000000000004,0.21019000000000004,0.03293185410025323,0.7898099999999999,-0.8949400000000001
1191,4.9625,walk,-0.334397,-1.326737,0.923466,0.060492,-0.014336,-0.468659,-0.239500839932765,-0.3450923926085456,0.032157427405794345,-0.22276492850794566,-0.15752014710194245,0.10575804611396367,0.0,-0.00815934725218665,-0.019438444924402797,-0.920566354691472,-1.4156467482599258,-0.0806335493160411,-0.06747999999999998,0.0021930000000001115,-0.924136,0.246999,0.07104500000000002,-0.89541,0.31447899999999995,0.06885199999999991,0.02872599999999992,0.964864228078748,0.21273999999999998,0.21273999999999998,0.035135771921251946,0.7872600000000001,-0.89541
1192,4.966667,walk,-0.335403,-1.328193,0.923761,0.059794,-0.013752,-0.468918,-0.24142068634510508,-0.34941204703622947,0.07079433645309784,0.42600436964140354,-0.08191110133869788,0.13991369360558362,-0.01127909767219136,-0.009839212862961268,0.015118790496760954,-0.9616030717543028,-1.4322054235661736,-0.05351571874250328,-0.066521,0.0036080000000000556,-0.9243680000000001,0.243998,0.06653299999999995,-0.8959280000000001,0.310519,0.0629249999999999,0.02844000000000002,0.9645424361561581,0.2156,0.2156,0.03545756384384191,0.7844,-0.8959280000000001
1193,4.970833,walk,-0.336312,-1.329562,0.923816,0.06002,-0.013626,-0.469159,-0.21819491118580536,-0.3286125780124969,0.013202112337955013,-0.0697183485342701,-0.09631878368427563,0.13901848661057806,-0.0019203072491619383,0.003600576092145322,0.004080652904465033,-0.9229476716275338,-1.4618338934230464,-0.08857417186750612,-0.06562000000000001,0.004991999999999885,-0.924406,0.241062,0.06181199999999998,-0.8963519999999999,0.306682,0.05682000000000009,0.028054000000000023,0.9903818088653105,0.21946000000000004,0.21946000000000004,0.009618191134689535,0.78054,-0.8963519999999999
1194,4.975,walk,-0.337239,-1.330965,0.92405,0.059774,-0.013405,-0.469475,-0.22246220302377093,-0.3366930645548613,0.05615550755941401,0.1515837718606946,-0.027980529447705644,0.171698291621841,-0.003119750419963004,-0.0023998080153746024,-0.0004799616030717618,-0.9455243580513988,-1.4742020638349629,-0.055435565154789805,-0.06470599999999999,0.006384999999999863,-0.9246420000000001,0.238049,0.05707200000000001,-0.8968170000000001,0.302755,0.05068700000000015,0.02782499999999999,0.993391444027723,0.22175,0.22175,0.006608555972277053,0.77825,-0.8968170000000001
1195,4.979167,walk,-0.338182,-1.332403,0.924156,0.059885,-0.013238,-0.469869,-0.22630189584828742,-0.3450923926085456,0.02543796496278419,-0.012929358167535814,-0.0829255245569017,0.22051821976421085,-0.0016798656107458777,-0.00503959683221099,-0.0014398848092150307,-0.9611231101510257,-1.5061195104389002,-0.04799616030716709,-0.06377,0.007802000000000087,-0.924754,0.234987,0.052234000000000114,-0.897123,0.298757,0.04443200000000003,0.02763099999999996,0.9908268578984919,0.22369,0.22369,0.009173142101508103,0.7763100000000001,-0.897123
1196,4.983333,walk,-0.339118,-1.333798,0.924316,0.059219,-0.013233,-0.470136,-0.22467594815172023,-0.33485357657228654,0.03840614498321211,0.28159217620382193,0.1564104856935093,0.13066785673859632,0.0038406144983105517,-0.003120499279894812,-0.009841574651945096,-0.9577532405185606,-1.5451272203553854,-0.02928468554969041,-0.06281800000000004,0.009184000000000081,-0.924955,0.23193299999999997,0.04719200000000012,-0.897405,0.294751,0.03800800000000004,0.027549999999999963,0.9816405922458247,0.22449999999999998,0.22449999999999998,0.018359407754175328,0.7755000000000001,-0.897405
1197,4.9875,walk,-0.34002,-1.335188,0.924415,0.059083,-0.012923,-0.470707,-0.21646268298537438,-0.333573314134885,0.02375809935204338,0.12275260945521266,-0.08223675202136538,0.3151460601777758,0.004559635229179773,-0.004319654427663628,-0.010799136069114966,-0.9529637628990122,-1.5634749220063224,-0.016798656107512314,-0.061897000000000035,0.01055600000000001,-0.925099,0.22886399999999998,0.04206700000000008,-0.897574,0.29076100000000005,0.03151100000000007,0.02752500000000002,0.9791786015761514,0.22475,0.22475,0.02082139842384856,0.77525,-0.897574
1198,4.991667,walk,-0.340936,-1.336553,0.924543,0.058933,-0.012499,-0.471067,-0.21982241420688017,-0.3275737940965018,0.03071754259659775,0.1564029647210482,-0.13393827198579453,0.2029442102257996,0.006479481641468798,-0.0035997120230086173,-0.011759059275258516,-0.9582433405328004,-1.562035037197119,-0.004559635229182271,-0.06095400000000001,0.011906000000000194,-0.925276,0.22578700000000002,0.03692300000000004,-0.897721,0.286741,0.025016999999999845,0.027554999999999996,0.9768329086352018,0.22445000000000004,0.22445000000000004,0.02316709136479822,0.77555,-0.897721
1199,4.995833,walk,-0.341804,-1.337947,0.924633,0.057896,-0.012362,-0.471454,-0.2083533365338127,-0.3346135381660366,0.021603456553053874,0.46757431006262556,0.18840038291577896,0.19191164747603118,-0.021843494959179078,-0.018963034085490084,-0.01848295727316121,-0.9596735477675146,-1.5873739798365565,0.005520883341334398,-0.06017699999999998,0.013220999999999927,-0.925443,0.222657,0.031703999999999954,-0.897788,0.282834,0.018483000000000027,0.027654999999999985,0.9427880489534106,0.22345000000000004,0.22345000000000004,0.05721195104658938,0.77655,-0.897788
1200,5.0,walk,-0.342684,-1.339336,0.924713,0.057758,-0.012149,-0.471927,-0.21118310535157958,-0.33333333333336884,0.019198464122863603,0.1025593555677672,-0.0441478259748497,0.25961651761947346,0.027837772978150894,0.021358291336695416,0.03839692824574209,-0.9563234941205146,-1.6033117350612531,0.02159827213822988,-0.05918100000000004,0.014699000000000018,-0.925363,0.21955199999999997,0.026412000000000102,-0.897778,0.278733,0.011713000000000084,0.02758500000000008,0.9133102224417612,0.22415000000000002,0.22415000000000002,0.08668977755823881,0.7758499999999999,-0.897778
1201,5.004167,walk,-0.343525,-1.340669,0.924659,0.057939,-0.011699,-0.472335,-0.20182385409169057,-0.3198944084473457,-0.012958963282937596,0.021651031935530425,-0.21836665600183522,0.23675298673738782,-0.014398848092141042,-0.010319174466046847,0.012239020878330278,-0.9548836093112978,-1.6292296616271285,0.033837293016559924,-0.05839999999999995,0.01598900000000003,-0.925258,0.21641400000000002,0.020956000000000197,-0.897583,0.274814,0.004967000000000166,0.027675000000000005,0.9641141539778382,0.22325000000000006,0.22325000000000006,0.03588584602216183,0.7767499999999999,-0.897583
1202,5.008333,walk,-0.344358,-1.342033,0.924829,0.057957,-0.011407,-0.472775,-0.19995199231873764,-0.3274123859816942,0.04080652904464251,0.05457601622287635,-0.11381006293954297,0.2470507155740083,-0.002400384061451911,-0.0024003840614119365,-0.00024003840614493085,-0.9579932789244983,-1.6370619299085776,0.05088814210272971,-0.05757699999999999,0.01734300000000011,-0.9254290000000001,0.213256,0.01550000000000007,-0.897541,0.270833,0.001843000000000039,0.027888000000000024,0.9943281137467385,0.22112000000000004,0.22112000000000004,0.005671886253261538,0.77888,-0.897541
1203,5.0125,walk,-0.345176,-1.343389,0.924722,0.058043,-0.010961,-0.473117,-0.19630429565635296,-0.32541396688264335,-0.0256779457643324,0.061667152924063724,-0.19719810505382152,0.19894759064210138,0.011279097672178037,0.012479001679852017,-0.006719462443004874,-0.9616030717543061,-1.6544276457884017,0.062395008399330855,-0.05671200000000004,0.018750999999999962,-0.92535,0.21006699999999998,0.009962000000000026,-0.897174,0.266779,0.008788999999999936,0.02817599999999998,0.9698110256169927,0.21824000000000005,0.21824000000000005,0.030188974383007272,0.78176,-0.897174
1204,5.016667,walk,-0.345938,-1.344723,0.9248,0.057831,-0.010953,-0.47344,-0.18286537077035642,-0.32013438924886184,0.018718502519778028,0.0885001896169981,0.05460540803267773,0.17171201450932846,-0.0035997120230352605,-0.001679865610772879,0.0038396928245741984,-0.9524838012959399,-1.6551475881930569,0.07679385649148439,-0.05596499999999999,0.020077999999999818,-0.9254119999999999,0.20686000000000002,0.00439899999999982,-0.896932,0.262825,0.015679,0.02847999999999995,0.9907920450898077,0.2152,0.2152,0.009207954910192329,0.7847999999999999,-0.896932
1205,5.020833,walk,-0.34673,-1.346067,0.924821,0.057955,-0.010918,-0.473745,-0.190110417666832,-0.3226116178588858,0.00504080652905675,-0.04753441299027228,-0.03357859691976319,0.16940253980802086,-0.007681228996634428,-0.0007201152184290645,0.0115218434949601,-0.959433509361574,-1.6788286125781322,0.08881421027365054,-0.055205000000000004,0.021418999999999855,-0.925385,0.20365499999999997,-0.0012510000000001131,-0.896583,0.25886,0.022669999999999968,0.028801999999999994,0.9768895933524824,0.21198000000000006,0.21198000000000006,0.023110406647517623,0.7880199999999999,-0.896583
1206,5.025,walk,-0.347499,-1.347437,0.924945,0.058291,-0.01085,-0.47388,-0.18454523638106332,-0.328773698104119,0.029757619390446896,-0.12814849992070468,-0.10082972396566717,0.08196013012179239,-0.0004799616030721539,0.0021598272138579964,-0.0007199424046075023,-0.9426445884327643,-1.6666666666663825,0.11519078473720203,-0.054437999999999986,0.022798000000000096,-0.925512,0.200496,-0.006825999999999999,-0.896227,0.254934,0.029624000000000095,0.029285000000000005,0.9961221663407053,0.20715,0.20715,0.003877833659294727,0.79285,-0.896227
1207,5.029167,walk,-0.348304,-1.348749,0.92487,0.057512,-0.010418,-0.47427,-0.19318454523638995,-0.31485481161508033,-0.017998560115202945,0.42447492205166254,0.006722151283004347,0.2075150955594612,0.005519558435324285,0.00047996160303229136,-0.014158867290617404,-0.9575233981281919,-1.6909047276218934,0.11159107271418799,-0.05360999999999999,0.02411199999999991,-0.925496,0.19731100000000001,-0.012560000000000127,-0.895687,0.250921,0.03667200000000004,0.029808999999999974,0.9746595727358514,0.20190999999999998,0.20190999999999998,0.025340427264148646,0.79809,-0.895687
1208,5.033333,walk,-0.34903,-1.35011,0.92494,0.057213,-0.010234,-0.474442,-0.17426788286127268,-0.32669227076333496,0.016802688430153635,0.16688762350185846,-0.004413795903156747,0.09228592324171721,-0.0014402304368714535,0.003360537686020067,-0.010321651464235086,-0.9541526644263854,-1.6790686509842574,0.13394143062891112,-0.05288999999999999,0.025486999999999815,-0.925609,0.194062,-0.018194000000000043,-0.895199,0.246952,0.04368099999999986,0.030410000000000048,0.981749888417419,0.19590000000000002,0.19590000000000002,0.018250111582581052,0.8041,-0.895199
1209,5.0375,walk,-0.349771,-1.351433,0.924941,0.057614,-0.010555,-0.474532,-0.17782577393809107,-0.3174946004320244,0.0002399808015427889,-0.24387787419661852,0.046873974618746275,0.04908679930460252,-0.0011999040076739796,-0.00215982721380517,-0.003599712023038331,-0.9407247420206829,-1.6786657067435575,0.14566834653228405,-0.05215399999999998,0.026801000000000075,-0.925625,0.190883,-0.023865999999999943,-0.894593,0.24303699999999998,0.05066700000000002,0.03103200000000006,0.9927232199829541,0.18968000000000002,0.18968000000000002,0.007276780017045903,0.8103199999999999,-0.894593
1210,5.041667,walk,-0.350512,-1.352797,0.925005,0.057103,-0.010135,-0.474648,-0.17782577393805316,-0.3273338132948626,0.015358771298282281,0.31099109035013683,-0.05733533961511883,0.06339062870142208,-0.004559635229192123,-0.0043196544276627065,0.0,-0.9400047996158742,-1.7050635949121016,0.15526757859368692,-0.05143200000000003,0.028146999999999922,-0.925689,0.18770699999999998,-0.02960699999999994,-0.89401,0.23913900000000002,0.05775399999999986,0.03167900000000001,0.9895318355904787,0.18321000000000004,0.18321000000000004,0.010468164409521252,0.8167899999999999,-0.89401
1211,5.045833,walk,-0.351229,-1.354121,0.925038,0.05717,-0.010156,-0.47479,-0.17210753720597216,-0.3178108497359543,0.007921267402799657,-0.03459171354760529,-0.002121074942099943,0.07830746120574207,-0.004320691310601036,-0.0012001920306795744,0.0004800768122900161,-0.9486317810850448,-1.7241958713395364,0.17858857417188204,-0.05073299999999997,0.029465999999999992,-0.92572,0.18447200000000002,-0.035466,-0.8932990000000001,0.235205,0.06493199999999999,0.03242099999999992,0.992483479665558,0.17578999999999995,0.17578999999999995,0.007516520334441945,0.8242100000000001,-0.8932990000000001
1212,5.05,walk,-0.351995,-1.3555,0.925109,0.056937,-0.010352,-0.474774,-0.1838252939764876,-0.33093352531799425,0.01703863690903179,0.05406894439922101,0.13516273848200525,-0.018271162563163308,-0.0004799616030722562,0.0009599232061178691,0.002399808015358887,-0.9815214782817847,-1.7528197744181744,0.16126709863211655,-0.049968999999999986,0.030848999999999904,-0.925781,0.181148,-0.04139100000000018,-0.892698,0.231117,0.07224000000000008,0.033082999999999974,0.9956185700543696,0.16917,0.16917,0.0043814299456303996,0.83083,-0.892698
1213,5.054167,walk,-0.352661,-1.356788,0.925157,0.056716,-0.010008,-0.474777,-0.15982721382290144,-0.30909527237826656,0.011519078473734148,0.17202018910744588,-0.0946397547378382,0.005693297660813151,0.0026397888168907483,-0.00023998080151614568,-0.0038396928245742245,-0.9503239740821148,-1.6805855531557932,0.19462443004560506,-0.049292,0.032136000000000164,-0.925845,0.177854,-0.04710599999999987,-0.891935,0.22714600000000001,0.07924200000000003,0.033909999999999996,0.9922237332632546,0.1609,0.1609,0.007776266736745363,0.8391,-0.891935
1214,5.058333,walk,-0.353359,-1.358133,0.925223,0.056379,-0.010307,-0.474836,-0.16754680748917017,-0.3228516562649422,0.015842534805569287,0.07383497359104496,0.20454822055571303,0.018305844588846418,-0.0021603456553000574,0.0076812289966461155,0.0028804608737394303,-0.9510321651463011,-1.7177148343732553,0.1838694191070315,-0.04860300000000001,0.033513000000000126,-0.925899,0.17458999999999997,-0.05291699999999988,-0.891235,0.22319299999999997,0.08643,0.03466400000000003,0.9858612601639606,0.15336,0.15336,0.014138739836039416,0.8466400000000001,-0.891235
1215,5.0625,walk,-0.354047,-1.359479,0.925325,0.056149,-0.010266,-0.474651,-0.16510679145669627,-0.323014158867322,0.0244780417566451,0.10848693586466153,0.029561044937311664,-0.10421569595989583,-0.008639308855300612,-0.010559155267616279,0.0016798656107512055,-0.9474442044636812,-1.695224382049557,0.19198464122871098,-0.04795100000000002,0.03481500000000004,-0.925994,0.17133,-0.05863499999999999,-0.8905369999999999,0.21928100000000003,0.09345000000000003,0.03545700000000007,0.9770898272271726,0.14543,0.14543,0.022910172772827364,0.85457,-0.8905369999999999
1216,5.066667,walk,-0.354701,-1.360838,0.925366,0.056296,-0.010319,-0.474619,-0.1569474442044679,-0.32613390928724506,0.009839212862987912,-0.07398559884610591,-0.012047793419390692,-0.01601644914575727,0.0,-0.00023998080151614568,0.0038396928245741984,-0.9407247420206829,-1.6880249580034332,0.2284617230621658,-0.04729700000000003,0.03617300000000001,-0.926019,0.168064,-0.06431000000000009,-0.889626,0.21536100000000002,0.1004830000000001,0.03639300000000001,0.9935880251412379,0.13607000000000002,0.13607000000000002,0.006411974858762104,0.86393,-0.889626
1217,5.070833,walk,-0.355401,-1.362212,0.92547,0.056129,-0.010552,-0.474505,-0.16802688430147386,-0.32981277004315945,0.024963994239073226,0.01862830677586361,0.13287671466021259,-0.0709161863551725,-0.020163226116169403,-0.014882381180988523,-0.0117618819011026,-0.9419107057127905,-1.6687469995196629,0.2258761401823983,-0.04668099999999997,0.03748499999999999,-0.926172,0.16484000000000001,-0.06988799999999995,-0.888789,0.211521,0.10737299999999994,0.037382999999999944,0.953860633135289,0.12617,0.12617,0.046139366864710984,0.87383,-0.888789
1218,5.075,walk,-0.356034,-1.363542,0.925534,0.05613,-0.010581,-0.474315,-0.15190784737221588,-0.31917446604274397,0.015358771298285554,-0.005240589685825829,0.006363440069103274,-0.10410961877826633,-0.004079673626107516,-0.0007199424046017234,0.0004799616030717878,-0.9304055675546361,-1.6609071274299239,0.22438204943605497,-0.04606499999999997,0.03881200000000007,-0.926234,0.16159600000000002,-0.07547900000000007,-0.887918,0.20766099999999998,0.11429100000000014,0.03831600000000002,0.9930492971774383,0.11684000000000005,0.11684000000000005,0.006950702822561716,0.88316,-0.887918
1219,5.079167,walk,-0.356676,-1.364884,0.925539,0.055589,-0.011388,-0.474128,-0.15406767458603438,-0.3220542356611509,0.0011999040076873012,0.04681256707728119,0.4577565712097212,-0.1317928230027608,-0.000719942404615045,0.00023998080151614568,0.0004799616030717618,-0.9260859131269924,-1.7029037676986598,0.221982241420697,-0.04542600000000002,0.04015499999999994,-0.926237,0.158379,-0.08123300000000011,-0.886998,0.20380500000000001,0.12138800000000005,0.039239000000000024,0.9985034567687479,0.10761000000000004,0.10761000000000004,0.0014965432312521454,0.89239,-0.886998
1220,5.083333,walk,-0.357372,-1.366231,0.925647,0.055575,-0.010986,-0.473953,-0.16706673067692873,-0.3233317330773149,0.025924147863659517,0.09914636917984093,-0.17160243890364613,-0.08615412239346522,-0.001200192030719549,0.0007201152184290645,-0.0007201152184349981,-0.9241478636582566,-1.6781084973597031,0.22899663946233295,-0.04473499999999997,0.0415049999999999,-0.926348,0.15522500000000003,-0.08687700000000009,-0.886152,0.19996,0.128382,0.0401959999999999,0.997376604847066,0.09804000000000002,0.09804000000000002,0.0026233951529339716,0.90196,-0.886152
1221,5.0875,walk,-0.358,-1.367627,0.925775,0.055464,-0.011175,-0.473617,-0.15070794336449644,-0.33501319894401704,0.030717542596591204,0.006984188560083215,0.09502400173393621,-0.18942001556429097,-0.003359731221505077,-0.00047996160303218907,0.001199904007679188,-0.9248860091191147,-1.6551475881926507,0.22846172306211546,-0.04412100000000002,0.04289900000000002,-0.926471,0.151999,-0.09237800000000007,-0.885328,0.19612000000000002,0.1352770000000001,0.04114300000000004,0.9940004799616076,0.08857000000000004,0.08857000000000004,0.005999520038392436,0.91143,-0.885328
1222,5.091667,walk,-0.358608,-1.369,0.925842,0.055107,-0.011416,-0.47333,-0.14590832733381934,-0.3294936405087908,0.01607871370291392,0.09893380550003628,0.17423814048844388,-0.16918016111410092,-0.0007199424046017234,0.0009599232061178691,0.0011999040076794436,-0.8807295416367109,-1.6510679145669094,0.22918166546677418,-0.043516,0.04427599999999998,-0.926533,0.14893699999999999,-0.097885,-0.88444,0.19245299999999999,0.14216099999999998,0.04209300000000005,0.9971717991313516,0.07907000000000003,0.07907000000000003,0.002828200868648434,0.92093,-0.88444
1223,5.095833,walk,-0.359239,-1.370409,0.925899,0.055001,-0.011799,-0.472972,-0.15146423427749464,-0.33821411425830655,0.013682189150258822,-0.03912550067259256,0.17518953007122903,-0.20588322019385763,-0.00024003840615190468,0.0007201152184290645,0.0007201152184349981,-0.9119059049448627,-1.6416226596256795,0.25780124819973205,-0.042886000000000035,0.04568799999999995,-0.926587,0.14576899999999998,-0.10331500000000005,-0.8834230000000001,0.18865500000000002,0.149003,0.04316399999999998,0.9982561614084131,0.06836000000000003,0.06836000000000003,0.0017438385915868881,0.93164,-0.8834230000000001
1224,5.1,walk,-0.359856,-1.371779,0.925897,0.054127,-0.012475,-0.472664,-0.14806815454765115,-0.3287736981041891,-0.0004799616030855778,0.2191879045450276,0.4743715932434871,-0.200449040167832,-0.0011999040076739796,0.0011999040076873012,0.0007199424046076818,-0.8634509239261297,-1.6347492200624794,0.23878089752820933,-0.04227399999999998,0.04706300000000008,-0.926582,0.142788,-0.10875699999999999,-0.8824259999999999,0.18506199999999998,0.15582000000000007,0.044156000000000084,0.9969277874778515,0.05843999999999999,0.05843999999999999,0.0030722125221485097,0.94156,-0.8824259999999999
1225,5.104167,walk,-0.360482,-1.373156,0.925931,0.053233,-0.012994,-0.47225,-0.15022798176143762,-0.33045356371483825,0.008159347252213294,0.2641714984138305,0.4095226585626101,-0.25484661757740296,-0.004559635229178801,0.002399808015374091,-0.001199904007679188,-0.9287257019436852,-1.6143508519315577,0.2327813774897615,-0.041666999999999954,0.048450000000000104,-0.9266209999999999,0.13954400000000003,-0.11410699999999996,-0.88149,0.18121099999999998,0.16255700000000006,0.04513099999999992,0.9911825423225873,0.048689999999999956,0.048689999999999956,0.00881745767741271,0.9513100000000001,-0.88149
1226,5.108333,walk,-0.36108,-1.374563,0.925969,0.052084,-0.01363,-0.471845,-0.1435429668747083,-0.3377340374460028,0.009121459433532531,0.3456184585435615,0.5170414338126774,-0.2570476695440616,-0.0019203072491619383,0.0026404224675910027,-0.00024003840614500804,-0.8694191070572014,-1.6092174747961052,0.23139702352378202,-0.041076999999999975,0.04986800000000002,-0.92666,0.13652,-0.11940400000000007,-0.880564,0.17759699999999998,0.1692720000000001,0.046096000000000026,0.9945438543379028,0.03904000000000002,0.03904000000000002,0.005456145662097178,0.96096,-0.880564
1227,5.1125,walk,-0.361693,-1.375963,0.92598,0.052488,-0.013791,-0.471444,-0.1471082313414933,-0.3359731221502596,0.0026397888168907483,-0.2050279694249043,-0.03474334862094598,-0.21333365076353877,-0.0002399808015427889,0.0014398848092034469,0.0014398848092153375,-0.8454523638109334,-1.5694744420447058,0.27309815214784067,-0.04046500000000003,0.05127400000000004,-0.9266650000000001,0.13360999999999998,-0.12454399999999999,-0.879437,0.174075,0.17581800000000003,0.04722800000000005,0.9965826718881343,0.027720000000000022,0.027720000000000022,0.0034173281118656806,0.97228,-0.879437
1228,5.116667,walk,-0.362311,-1.377438,0.926098,0.052978,-0.013693,-0.470996,-0.1483081353491806,-0.35397168226540926,0.02831773458122315,-0.18243665674376014,-0.16497322367683093,-0.23175264698152814,-0.0004799616030722562,0.00215982721380517,0.0004799616030717618,-0.8756899448044522,-1.633549316054792,0.2654187664986912,-0.03984900000000002,0.05275799999999986,-0.926781,0.130579,-0.1298760000000001,-0.878449,0.17042800000000002,0.18263399999999996,0.04833199999999993,0.9962267094104525,0.016680000000000028,0.016680000000000028,0.003773290589547451,0.98332,-0.878449
1229,5.120833,walk,-0.362873,-1.378811,0.926129,0.052897,-0.013718,-0.470505,-0.13490158425346416,-0.32957273163703427,0.007441190590494261,0.03212164910675049,0.01464573738264014,-0.26884934976205443,0.0,0.003600576092197854,0.0009601536245798014,-0.8175708113297081,-1.5892942870857178,0.26260201632257757,-0.039287000000000016,0.05414600000000003,-0.926808,0.127735,-0.13512400000000002,-0.877386,0.167022,0.18927000000000005,0.049421999999999966,0.9937893364152852,0.005780000000000007,0.005780000000000007,0.006210663584714782,0.99422,-0.877386
1230,5.125,walk,-0.363421,-1.380299,0.926223,0.052566,-0.013837,-0.4701,-0.13150947924166498,-0.35709143268538557,0.02255819534438272,0.11634158238177661,0.11322000414759077,-0.22946434195527,-0.0019198464122890248,0.0014398848092034469,0.0011999040076794436,-0.880249580033632,-1.5781137508999796,0.22198224142069534,-0.03874700000000003,0.05563999999999991,-0.926897,0.124615,-0.140212,-0.876555,0.16336200000000003,0.19585199999999992,0.050342,0.9955282217872656,0.0,0.0,0.0044717782127343675,1.0,-0.876555
1231,5.129167,walk,-0.363983,-1.381696,0.926258,0.052197,-0.014332,-0.469776,-0.13486921046317077,-0.3352531797456579,0.008399328053757822,0.04689859873812637,0.2831351246137207,-0.19412452437922736,-0.0007199424046017234,0.00215982721380517,0.0004799616030717878,-0.7892968562515393,-1.5416366690665415,0.28005759539238173,-0.038188,0.05704599999999993,-0.92693,0.121888,-0.1452389999999999,-0.8754230000000001,0.160076,0.20228499999999983,0.05150699999999997,0.9961221663407902,0.0,0.0,0.003877833659209795,1.0,-0.8754230000000001
1232,5.133333,walk,-0.364505,-1.383107,0.926329,0.05183,-0.014422,-0.469378,-0.12530004800766983,-0.33869419107053816,0.017042726836275255,0.13802135891266096,0.10927005426118312,-0.22545999635982106,-0.0014402304368711465,0.001200192030732618,-0.00048007681228991373,-0.859817570811215,-1.5612097935667772,0.22659625540083386,-0.03767199999999998,0.058462000000000014,-0.9270029999999999,0.11882800000000002,-0.1503319999999999,-0.8745499999999999,0.1565,0.20879399999999992,0.05245299999999997,0.9967745808336045,0.0,0.0,0.0032254191663955156,1.0,-0.8745499999999999
1233,5.1375,walk,-0.365002,-1.384586,0.92642,0.05132,-0.01467,-0.468955,-0.1192704583633291,-0.3549316054715804,0.021838252939780995,0.16318458194511973,0.20754269762351674,-0.2451820679344289,-0.0019198464122890248,0.0026397888168907483,0.0,-0.7504199664027199,-1.5077993760499941,0.2706983441324827,-0.03718300000000002,0.059952000000000005,-0.927094,0.116198,-0.15513599999999994,-0.873513,0.15338100000000002,0.21508799999999995,0.05358099999999999,0.9945598470087484,0.0,0.0,0.005440152991251557,1.0,-0.873513
1234,5.141667,walk,-0.365534,-1.385973,0.926395,0.051794,-0.014942,-0.468605,-0.12766978641710025,-0.33285337173023,-0.005999520038409863,-0.26046023378602934,-0.0012999628643801458,-0.1861229342710148,-0.0059995200383965415,-0.0047996160306959185,0.0007199424046076558,-0.8219342452604128,-1.5241180705544242,0.21478281737461982,-0.036675999999999986,0.0613189999999999,-0.927066,0.11330500000000004,-0.16010000000000013,-0.872593,0.14998100000000003,0.22141900000000003,0.054472999999999994,0.9871386807529119,0.0,0.0,0.01286131924708811,1.0,-0.872593
1235,5.145833,walk,-0.366038,-1.387477,0.926408,0.051673,-0.014992,-0.468156,-0.12097935669706886,-0.36101776284212456,0.003120499279894812,0.04281887835788429,0.03547188944516089,-0.24707076485045673,-0.002160345655300518,0.002880460873716258,-0.0009601536245800061,-0.8233317330773682,-1.542246759481616,0.23043686989920106,-0.03618100000000002,0.06283499999999997,-0.927083,0.11037899999999995,-0.16502099999999986,-0.871646,0.14655999999999997,0.22785599999999984,0.05543699999999996,0.9937893364153569,0.0,0.0,0.006210663584643061,1.0,-0.871646
1236,5.15,walk,-0.366526,-1.388978,0.926431,0.052037,-0.014929,-0.467772,-0.11711063114949898,-0.36021118310528516,0.005519558435323109,-0.1381355701252347,-0.11930699746435335,-0.1997209182055897,0.00023998080152941612,0.000959923206170951,-0.00023998080153581674,-0.7907367410605809,-1.5029997600189777,0.22366210703140058,-0.035692,0.06434000000000006,-0.927107,0.107572,-0.16978300000000002,-0.870737,0.143264,0.23412300000000008,0.05637000000000003,0.9983030794787534,0.0,0.0,0.001696920521246592,1.0,-0.870737
1237,5.154167,walk,-0.36701,-1.390414,0.926369,0.05192,-0.015443,-0.467346,-0.1161507079433661,-0.34461243100553357,-0.014878809695226619,-0.06334250561458261,0.23166698473826275,-0.24411803239293237,0.0009599232061445124,0.0028797696184068937,0.0011999040076794175,-0.7840172786177378,-1.4857211423086436,0.20950323974083002,-0.03520400000000001,0.06578799999999996,-0.92704,0.10478900000000002,-0.17453799999999986,-0.869802,0.13999300000000003,0.24032599999999982,0.05723800000000001,0.9945598470087793,0.0,0.0,0.0054401529912206925,1.0,-0.869802
1238,5.158333,walk,-0.367482,-1.391931,0.926443,0.051776,-0.015436,-0.466891,-0.11329812770043443,-0.3641382621219661,0.017762842054734603,0.06543081092817238,0.01614814948640944,-0.2497335374274952,0.0007201152184423892,0.0012001920307328738,0.0007201152184350241,-0.7734037445991978,-1.4563130100817392,0.20523283725397728,-0.03472900000000001,0.06730999999999998,-0.927111,0.10203899999999999,-0.17908799999999991,-0.869021,0.136768,0.2463979999999999,0.058089999999999975,0.9973766048470389,0.0,0.0,0.002623395152961061,1.0,-0.869021
1239,5.1625,walk,-0.367962,-1.393435,0.926449,0.052089,-0.015555,-0.466526,-0.11519078473723492,-0.36093112550996365,0.0014398848092034469,-0.15769728906527003,-0.030071146798618036,-0.19381196467932277,-0.0002399808015427889,0.004079673626147482,-0.0002399808015358939,-0.7590592752580205,-1.473482121430361,0.21118310535158125,-0.03425,0.06883100000000009,-0.927118,0.099356,-0.183724,-0.868147,0.133606,0.2525550000000001,0.058970999999999996,0.9931770569916848,0.0,0.0,0.006822943008315208,1.0,-0.868147
1240,5.166667,walk,-0.368456,-1.394918,0.926368,0.051964,-0.015973,-0.466092,-0.11855051595870211,-0.3558915286776757,-0.01943844492440225,-0.03812041586740733,0.19253970288757014,-0.2467813317302717,-0.0004799616030721539,0.0009599232061176645,0.000959923206143345,-0.7504199664025599,-1.4420446364288275,0.19702423806092267,-0.03375800000000001,0.0703180000000001,-0.927033,0.096723,-0.1882499999999998,-0.8672449999999999,0.130481,0.2585679999999999,0.05978800000000006,0.99760019198467,0.0,0.0,0.0023998080153300183,1.0,-0.8672449999999999
1241,5.170833,walk,-0.3689,-1.39647,0.92641,0.051966,-0.016044,-0.465663,-0.10657705232838097,-0.3725396063370429,0.010081613058086851,-0.014436456862665186,0.0172323182886141,-0.23374792927342294,0.0019203072491619383,0.0026404224675910027,0.0014402304368700222,-0.757801248199777,-1.4447911665867674,0.18674987998081194,-0.033306,0.07188100000000008,-0.9270689999999999,0.09400999999999998,-0.1927169999999998,-0.866509,0.12731599999999998,0.2645979999999999,0.06055999999999995,0.9940526209204226,0.0,0.0,0.005947379079577431,1.0,-0.866509
1242,5.175,walk,-0.36936,-1.398023,0.9264,0.052108,-0.016158,-0.465228,-0.11039116870651235,-0.37269018478521393,-0.0023998080153479593,-0.08356673220488921,0.004056615267632514,-0.23511255801390846,-0.0014398848092167685,0.001679865610772879,-0.0004799616030717878,-0.731941444684458,-1.4192464602832895,0.19486441084714118,-0.03285199999999999,0.07344100000000009,-0.927061,0.09142,-0.1970780000000001,-0.865687,0.124272,0.2705190000000002,0.06137400000000004,0.996226709410396,0.0,0.0,0.0037732905896039615,1.0,-0.865687
1243,5.179167,walk,-0.369847,-1.399548,0.926348,0.05201,-0.016519,-0.464787,-0.11687065034796783,-0.365970722342229,-0.01247900167987866,-0.036694161682941734,0.1621438669599442,-0.24837503417184928,0.002159827213831814,0.00047996160303229136,-0.0011999040076794436,-0.733861291096747,-1.4192464602832362,0.16534677225822572,-0.032355999999999996,0.07496799999999992,-0.927014,0.08884899999999996,-0.20146700000000006,-0.864946,0.12120499999999995,0.276435,0.06206800000000001,0.9958051001993031,0.0,0.0,0.004194899800696872,1.0,-0.864946
1244,5.183333,walk,-0.370283,-1.401114,0.926467,0.051594,-0.016693,-0.464359,-0.10465674507919671,-0.37590014402298283,0.028564570331271077,0.1404162284228611,0.15400779269176257,-0.24411899567112935,0.0004800768122903822,0.0002400384061785031,-0.0009601536245798014,-0.7256361017761865,-1.3778204512719845,0.16346615458471192,-0.031918,0.07653500000000002,-0.927137,0.08626199999999995,-0.20564099999999996,-0.864384,0.11817999999999995,0.282176,0.06275299999999995,0.9981666763902278,0.0,0.0,0.001833323609772175,1.0,-0.864384
1245,5.1875,walk,-0.370753,-1.402701,0.926456,0.0514,-0.016924,-0.463983,-0.11279097672187363,-0.3808495320374556,-0.0026397888169173915,0.03289002585206605,0.13029267829384228,-0.21249275204115126,0.0004799616030722562,0.0016798656107195925,0.0004799616030717878,-0.7290616750660245,-1.3842092632590013,0.142788576913853,-0.031445999999999974,0.07812899999999989,-0.927124,0.08369399999999999,-0.20982199999999995,-0.8637779999999999,0.11513999999999996,0.28795099999999985,0.06334600000000001,0.9969803078013162,0.0,0.0,0.00301969219868381,1.0,-0.8637779999999999
1246,5.191667,walk,-0.371246,-1.404266,0.926394,0.051406,-0.017398,-0.463524,-0.11831053515719792,-0.37556995440367413,-0.014878809695199977,-0.10613281684118683,0.18661866459621826,-0.2578762461856526,-0.0011999040076873012,0.0007199424046017234,0.0004799616030717618,-0.7252219822414464,-1.374130069594524,0.16078713702904596,-0.030957999999999986,0.0796969999999999,-0.9270600000000001,0.08116500000000004,-0.21398300000000003,-0.8630460000000001,0.11212300000000003,0.29367999999999994,0.06401400000000002,0.9975344316442749,0.0,0.0,0.0024655683557250896,1.0,-0.8630460000000001
1247,5.195833,walk,-0.371657,-1.405855,0.926486,0.050953,-0.017432,-0.463026,-0.0986557849255736,-0.38142102736434225,0.02208353336533093,0.18767204139469262,0.10056202521368961,-0.2797113294902207,0.0004800768122903822,0.0007201152184822101,0.0007201152184348706,-0.668987037925988,-1.3487758041284896,0.12770043206911508,-0.03054499999999999,0.08128900000000017,-0.927149,0.078789,-0.218013,-0.862606,0.10933399999999999,0.2993020000000002,0.06454300000000002,0.9981235334613738,0.0,0.0,0.0018764665386261647,1.0,-0.862606
1248,5.2,walk,-0.372108,-1.407482,0.926461,0.050702,-0.01774,-0.462626,-0.10823134149268053,-0.39044876409884743,-0.005999520038409863,0.040117304347196785,0.17495939939953967,-0.22792965080435326,0.0009599232061445124,0.0011999040076340148,-0.0004799616030717878,-0.6942644588433192,-1.3330933525318527,0.10511159107271753,-0.030090000000000006,0.0829209999999998,-0.927126,0.076347,-0.22194100000000017,-0.862143,0.106437,0.30486199999999997,0.06498300000000001,0.9973169330724099,0.0,0.0,0.0026830669275901275,1.0,-0.862143
1249,5.204167,walk,-0.372592,-1.409089,0.926298,0.050885,-0.018545,-0.462194,-0.1161507079433661,-0.38564914806820483,-0.03911687065035557,-0.2553299983970544,0.2890753382088013,-0.2454794309502883,0.0011999040076739796,0.0009599232061711556,-0.0011999040076794436,-0.6594672426206273,-1.3098152147828683,0.124070074394055,-0.029601000000000044,0.08453200000000005,-0.9269679999999999,0.07408299999999995,-0.225792,-0.861463,0.103684,0.31032400000000004,0.06550499999999992,0.9967506445865615,0.0,0.0,0.003249355413438515,1.0,-0.861463
1250,5.208333,walk,-0.372999,-1.41072,0.926407,0.050256,-0.018492,-0.461704,-0.097695631301027,-0.3915026404224837,0.026164186269811422,0.2818345142939661,0.10246822541082576,-0.2775330750519019,-0.0007201152184290645,-0.0007201152184290645,0.0009601536245800061,-0.6581853096495881,-1.3005280844936036,0.09937590014403036,-0.029196999999999973,0.08616000000000001,-0.927073,0.07174800000000003,-0.22957899999999998,-0.861158,0.10094500000000001,0.315739,0.06591500000000006,0.9976672460014322,0.0,0.0,0.0023327539985678047,1.0,-0.861158
1251,5.2125,walk,-0.373423,-1.412347,0.926431,0.049942,-0.018844,-0.461212,-0.10175185985119005,-0.3904487640988175,0.0057595392368658465,0.05750953770394163,0.20493315836410456,-0.27952787451293754,0.00071994240460157,0.0,0.001199904007679188,-0.6558675305974389,-1.287976961842866,0.09239260859129637,-0.028770000000000018,0.08778700000000006,-0.927092,0.06943900000000003,-0.23331900000000005,-0.860797,0.09820900000000005,0.3211060000000001,0.06629499999999999,0.997667805817602,0.0,0.0,0.0023321941823980508,1.0,-0.860797
1252,5.216667,walk,-0.3739,-1.41397,0.926285,0.04963,-0.019597,-0.460755,-0.11447084233261987,-0.38948884089272956,-0.03503719702423474,-0.03246225558510652,0.37604522550608743,-0.26804533187754415,-0.0004799616030722562,0.0007199424046017234,0.0002399808015358939,-0.688264938804936,-1.281977441804704,0.04559635229181771,-0.028295000000000015,0.08941299999999996,-0.926945,0.067048,-0.23703800000000008,-0.860461,0.09534300000000001,0.32645100000000005,0.06648399999999999,0.9985034567687563,0.0,0.0,0.0014965432312437077,1.0,-0.860461
1253,5.220833,walk,-0.37431,-1.415619,0.926364,0.049099,-0.019601,-0.460335,-0.09841574651944274,-0.3958233317331114,0.018963034085440828,0.22691260379345152,0.1068170360151645,-0.23857844125492586,-0.0026404224675910027,-0.0016802688430366832,0.0004800768122900161,-0.6519443110898251,-1.2390782525204747,0.06553048487758785,-0.027896000000000032,0.09105499999999989,-0.927022,0.06474199999999997,-0.24055099999999996,-0.860267,0.092638,0.33160599999999985,0.06675500000000001,0.994722793263599,0.0,0.0,0.0052772067364009745,1.0,-0.860267
1254,5.225,walk,-0.374722,-1.417385,0.926188,0.049355,-0.02032,-0.459853,-0.09887209023279152,-0.4238060955123626,-0.04223662107030526,-0.26709191197284393,0.23582062748356067,-0.26815055217293354,-0.001679865610746236,0.0004799616030855778,-0.0004799616030717878,-0.6407487401008226,-1.2356611471083045,0.056635469162469615,-0.027490999999999988,0.09282299999999988,-0.926848,0.062483999999999984,-0.2439340000000001,-0.859855,0.08997499999999997,0.336757,0.06699299999999997,0.9969803078012691,0.0,0.0,0.0030196921987308833,1.0,-0.859855
1255,5.229167,walk,-0.375177,-1.419079,0.926078,0.049223,-0.020691,-0.45946,-0.10919126469880178,-0.406527477801728,-0.026397888168955143,-0.02477466640103995,0.17568995474088273,-0.22185475484548586,-0.00023998080154273774,-0.0009599232061176645,0.001199904007679188,-0.634509239260748,-1.206863450923712,0.024238060955120457,-0.027037000000000033,0.09451300000000007,-0.9267329999999999,0.06029499999999999,-0.24726899999999996,-0.859644,0.08733200000000002,0.34178200000000003,0.06708899999999995,0.9974079110877749,0.0,0.0,0.0025920889122250657,1.0,-0.859644
1256,5.233333,walk,-0.375551,-1.420745,0.926073,0.048816,-0.020923,-0.458913,-0.08977436389824066,-0.39990398463756055,-0.0012001920307062241,0.12371448552532748,0.1726151988917043,-0.30851901684567923,-0.00048007681229048457,-0.003120499279894812,0.0,-0.6409025444071573,-1.1747479596736299,0.005760921747479152,-0.026664999999999994,0.09616599999999997,-0.926728,0.05799900000000002,-0.25049699999999997,-0.859615,0.08466400000000002,0.34666299999999994,0.06711299999999998,0.9947379795015172,0.0,0.0,0.005262020498482789,1.0,-0.859615
1257,5.2375,walk,-0.375966,-1.422494,0.925856,0.049499,-0.0213,-0.458486,-0.09959203263739325,-0.4197264218862684,-0.05207583393329317,-0.37398521538566204,-0.001710742426890302,-0.22206255746542036,-0.0014398848092167685,-0.002159827213858457,-0.0007199424046076558,-0.6481881449484359,-1.1492680585554051,-0.03215742740581119,-0.026256,0.09790599999999983,-0.9265140000000001,0.05571300000000001,-0.2535370000000001,-0.859532,0.08196900000000001,0.35144299999999995,0.0669820000000001,0.9955103703061978,0.0,0.0,0.004489629693802177,1.0,-0.859532
1258,5.241667,walk,-0.37639,-1.424222,0.92572,0.049261,-0.021798,-0.45818,-0.10175185985121174,-0.41468682505405635,-0.032637389008886776,-0.007584488070809516,0.2554950190386713,-0.1797551616147054,-0.00023998080152946727,0.0007199424046550099,0.002159827213822993,-0.6121910247180433,-1.1079913606911644,-0.03191744660427173,-0.025832999999999995,0.0996370000000002,-0.926369,0.05358600000000002,-0.2564259999999998,-0.859529,0.07941900000000002,0.356063,0.06684000000000001,0.9961845484304339,0.0,0.0,0.0038154515695660862,1.0,-0.859529
1259,5.245833,walk,-0.376789,-1.4259,0.925587,0.048955,-0.022213,-0.457789,-0.09577532405183131,-0.40278444551119097,-0.03192510801726378,0.03987984098739503,0.23264845632454598,-0.22530975117303592,0.003600576092171204,-0.002160345655340032,-0.006000960153623791,-0.5976956313009395,-1.09817570811315,-0.06505040806528016,-0.025419000000000025,0.1013059999999999,-0.926261,0.05149499999999996,-0.25932299999999997,-0.8596670000000001,0.07691399999999998,0.36062899999999987,0.06659399999999993,0.9877931298588503,0.0,0.0,0.01220687014114974,1.0,-0.8596670000000001
1260,5.25,walk,-0.377114,-1.427622,0.925543,0.048617,-0.022387,-0.457285,-0.07799376049916835,-0.4132469402447996,-0.010559155267589635,0.10679902606236746,0.13361486659565094,-0.28256645539950664,0.005519558435324285,-0.0011999040076873012,-0.007679385649148423,-0.6184305255579826,-1.0789536837053662,-0.10343172546196797,-0.02507100000000001,0.10302299999999986,-0.926249,0.04924299999999998,-0.262097,-0.860054,0.07431399999999999,0.3651199999999999,0.066195,0.9841116518150206,0.0,0.0,0.015888348184979417,1.0,-0.860054
1261,5.254167,walk,-0.3775,-1.429367,0.925421,0.048299,-0.022694,-0.456851,-0.0926325893928522,-0.41876649868015053,-0.029277657787367663,0.0688824009838722,0.18796598036551102,-0.24663175955125363,0.0026397888169040697,-0.002399808015321316,-0.009119270458363735,-0.5860331173506387,-1.0319174466043117,-0.12311015118791048,-0.024673999999999974,0.10475800000000013,-0.926165,0.04718699999999998,-0.2646519999999999,-0.860445,0.07186099999999995,0.36941,0.06572,0.9836795410262458,0.0,0.0,0.016320458973754226,1.0,-0.860445
1262,5.258333,walk,-0.377847,-1.431078,0.92529,0.047855,-0.0232,-0.45647,-0.0832933269322947,-0.4107057129140156,-0.03144503120501337,0.0789393661180706,0.301987757824957,-0.22438270394044826,0.003840614498309733,-0.001200192030732618,-0.004800768122899033,-0.5777724435908953,-1.0177628420545977,-0.13562169947189973,-0.024311000000000027,0.10646400000000011,-0.9260539999999999,0.04512699999999997,-0.2671809999999999,-0.860879,0.069438,0.373645,0.06517499999999998,0.9895599389096742,0.0,0.0,0.010440061090325803,1.0,-0.860879
1263,5.2625,walk,-0.37817,-1.432829,0.925189,0.047545,-0.023398,-0.456053,-0.07751379889609611,-0.42020638348930067,-0.024238060955102312,0.08929104871349004,0.14023692531807802,-0.2350520913800557,0.0011999040076873012,-0.0007199424046017234,-0.0004799616030717618,-0.5392368610511403,-0.9781617470602723,-0.15502759779218223,-0.023982999999999977,0.10821199999999997,-0.9259550000000001,0.04320299999999999,-0.269506,-0.8614240000000001,0.06718599999999997,0.377718,0.064531,0.9975344316442749,0.0,0.0,0.0024655683557250896,1.0,-0.8614240000000001
1264,5.266667,walk,-0.378506,-1.434617,0.92507,0.047131,-0.023713,-0.455724,-0.08063354931605911,-0.4290856731461974,-0.028557715382792583,0.10805504360976324,0.2153681898729471,-0.19217477971477512,0.002399808015361281,-0.0019198464122890248,0.0014398848092153115,-0.5133189344852651,-0.9688024958003966,-0.18022558195345234,-0.023636999999999964,0.10999200000000009,-0.9258299999999999,0.04139999999999999,-0.27175499999999997,-0.8620559999999999,0.06503699999999996,0.38174700000000006,0.063774,0.9943435982626417,0.0,0.0,0.005656401737358263,1.0,-0.8620559999999999
1265,5.270833,walk,-0.378847,-1.436379,0.924941,0.046689,-0.024077,-0.455389,-0.08185309649544101,-0.4229476716275038,-0.030964954392689616,0.10928167234696702,0.24228943095470157,-0.1966453477800374,-0.0016802688430233583,-0.0012001920307328738,0.0024003840614500284,-0.5256841094575476,-0.8958233317331648,-0.22035525684111254,-0.023303000000000018,0.1117490000000001,-0.925691,0.039551,-0.273725,-0.862845,0.06285400000000002,0.3854740000000001,0.06284600000000007,0.9947227932636002,0.0,0.0,0.005277206736399753,1.0,-0.862845
1266,5.275,walk,-0.379126,-1.438171,0.924844,0.046066,-0.024374,-0.455068,-0.06695464362850552,-0.43004559635222356,-0.02327813774897948,0.2013587205633947,0.2534802279086267,-0.19209083436181293,0.0011999040076870456,-0.00215982721380471,0.0035997120230375633,-0.5128389728820836,-0.9143268538515072,-0.24814014878805543,-0.023018999999999956,0.11353200000000019,-0.925579,0.03769300000000003,-0.27574299999999985,-0.863782,0.06071199999999999,0.38927500000000004,0.06179699999999999,0.9927232199829495,0.0,0.0,0.007276780017050455,1.0,-0.863782
1267,5.279167,walk,-0.379427,-1.439976,0.924727,0.045648,-0.024742,-0.454691,-0.07223422126230128,-0.4331653467722383,-0.028077753779707004,0.09806399505727179,0.23758380299229945,-0.21843121665756418,-0.000719942404615045,-0.0019198464122890248,0.003119750419966543,-0.4761219102471986,-0.8723302135829664,-0.276217902567807,-0.02272099999999999,0.11532900000000001,-0.925449,0.03601000000000004,-0.27757300000000007,-0.8648159999999999,0.05873100000000003,0.3929020000000001,0.06063300000000005,0.993777958088907,0.0,0.0,0.00622204191109299,1.0,-0.8648159999999999
1268,5.283333,walk,-0.379738,-1.441806,0.924556,0.045337,-0.02518,-0.454335,-0.07465194431109706,-0.43927028324535367,-0.041046567450776464,0.036989169309865184,0.24483783415858615,-0.2058536156066341,0.0019203072491619383,-0.0021603456553404925,0.0016802688430150043,-0.47839654344699484,-0.9056649063850997,-0.30964954392705274,-0.022401999999999977,0.11714999999999987,-0.9252710000000001,0.034328000000000025,-0.2795160000000001,-0.865935,0.05673,0.39666599999999996,0.059336000000000055,0.9944277531295866,0.0,0.0,0.005572246870413355,1.0,-0.865935
1269,5.2875,walk,-0.380017,-1.443632,0.924418,0.044764,-0.025763,-0.454059,-0.06695464362850646,-0.4382049436045569,-0.03311735061197235,0.11744183760715358,0.36594306520037273,-0.17078251927265214,0.0019198464122890248,-0.0009599232061178691,0.0002399808015358939,-0.4554835613151182,-0.824334053275794,-0.3378929685625303,-0.022114999999999996,0.11897200000000008,-0.925132,0.03270899999999999,-0.28112500000000007,-0.867205,0.054823999999999984,0.40009700000000015,0.05792699999999995,0.9964002879769779,0.0,0.0,0.003599712023022117,1.0,-0.867205
1270,5.291667,walk,-0.380279,-1.445501,0.924278,0.044515,-0.026088,-0.453673,-0.06287497000238555,-0.4485241180704549,-0.03359731221499748,0.034997808487744926,0.18224534306914528,-0.21843627404503674,0.0004799616030721539,-0.0021598272138579964,0.0004799616030716855,-0.42188624909999695,-0.7655387568992729,-0.3472522198223553,-0.02185100000000001,0.12083199999999983,-0.9249900000000001,0.03121299999999999,-0.282446,-0.8685120000000001,0.053064,0.4032779999999998,0.05647800000000003,0.9962267094103686,0.0,0.0,0.003773290589631384,1.0,-0.8685120000000001
1271,5.295833,walk,-0.38059,-1.447421,0.924169,0.044038,-0.026677,-0.453383,-0.07465194431109706,-0.46087373979843876,-0.026164186269811422,0.07510827530265787,0.3473322548775347,-0.1759646722194146,0.0016802688430100335,-0.00024003840612525507,0.004320691310610041,-0.39870379260685435,-0.7493999039847136,-0.39102256361020993,-0.021533000000000024,0.12275100000000005,-0.924863,0.029862999999999973,-0.2836479999999999,-0.870032,0.051396,0.40639899999999995,0.05483099999999996,0.99226313025852,0.0,0.0,0.007736869741480024,1.0,-0.870032
1272,5.3,walk,-0.380852,-1.449338,0.924035,0.043567,-0.027241,-0.453106,-0.06287497000241227,-0.4600431965442846,-0.0321574274058012,0.07798643066658006,0.33563066555299575,-0.16824191876626884,-0.001679865610746236,0.0035997120230619037,0.00023998080153586791,-0.47300215982723554,-0.778737700983943,-0.454523638108972,-0.021277999999999964,0.1246830000000001,-0.9247280000000001,0.028154000000000012,-0.2849759999999999,-0.871792,0.049431999999999976,0.409659,0.052936000000000094,0.993367281036774,0.0,0.0,0.006632718963226036,1.0,-0.871792
1273,5.304167,walk,-0.381122,-1.451257,0.923961,0.043212,-0.02741,-0.452773,-0.06479481641468797,-0.4605231581473702,-0.017758579313660157,0.11433836108835357,0.14004933113877926,-0.18999774817829887,0.00023998080152946727,0.00215982721380517,-0.002879769618430649,-0.370290376769866,-0.7029037676986597,-0.4060475161987224,-0.021006999999999998,0.12661100000000003,-0.924666,0.026881000000000044,-0.2859860000000001,-0.87341,0.04788800000000004,0.4125970000000001,0.05125599999999997,0.9939871624756711,0.0,0.0,0.006012837524328907,1.0,-0.87341
1274,5.308333,walk,-0.381393,-1.453209,0.923786,0.042597,-0.028427,-0.452523,-0.0650504080652735,-0.4685549687949333,-0.04200672107537513,0.041058491244048506,0.561457186849493,-0.16319708645181058,-0.0016802688430096753,-0.0002400384061252039,0.001920307249159603,-0.3511761881900748,-0.6829092654823824,-0.4251080172827087,-0.02074300000000001,0.12856200000000007,-0.9244829999999999,0.025688999999999962,-0.2868790000000001,-0.875006,0.04643199999999997,0.41544100000000017,0.04947699999999999,0.9957284852568377,0.005230000000000012,0.005230000000000012,0.004271514743162341,0.9947699999999999,-0.875006
1275,5.3125,walk,-0.381655,-1.455221,0.923659,0.042212,-0.028803,-0.452256,-0.06287497000241227,-0.4828413726902368,-0.030477561795054963,0.08210622178202329,0.23688841371519287,-0.1578709773504945,-0.0002399808015427889,-0.0004799616030855778,0.005039596832253668,-0.3292536597072347,-0.653947684185263,-0.44876409887210994,-0.020482,0.13057200000000013,-0.924335,0.024579000000000018,-0.28759199999999985,-0.876749,0.04506100000000002,0.418164,0.04758600000000002,0.9915531909119468,0.024139999999999995,0.024139999999999995,0.008446809088053175,0.97586,-0.876749
1276,5.316667,walk,-0.38191,-1.457231,0.923514,0.041801,-0.029436,-0.452028,-0.06119510439165272,-0.4823614110870979,-0.03479721622271859,0.03740385076737669,0.3535432776902686,-0.1406920975120939,-0.0028797696184202155,-0.0019198464122890248,0.0038396928245741984,-0.27837772978162884,-0.6258699304055826,-0.43676505879531685,-0.02023899999999995,0.13257399999999997,-0.9241739999999999,0.02367400000000003,-0.28818999999999995,-0.878424,0.04391299999999998,0.4207639999999999,0.04574999999999996,0.9913844255545485,0.04250000000000004,0.04250000000000004,0.008615574445451468,0.9575,-0.878424
1277,5.320833,walk,-0.382167,-1.459225,0.923338,0.041328,-0.03004,-0.451746,-0.06168987037924083,-0.4786365818530447,-0.042246759481500334,0.07007172596806027,0.35316279927378524,-0.1708338100523074,-0.0033605376860326754,-0.0007201152184289109,0.006961113778203567,-0.24291886701869356,-0.5804128660584991,-0.4179068650983596,-0.019996000000000014,0.13456500000000005,-0.923969,0.022918999999999967,-0.2886139999999999,-0.879989,0.04291499999999998,0.42317899999999997,0.04398000000000002,0.9870611604826405,0.06020000000000003,0.06020000000000003,0.012938839517359524,0.9398,-0.879989
1278,5.325,walk,-0.382404,-1.461285,0.923188,0.040747,-0.030806,-0.451535,-0.05687544996401573,-0.49436045116391764,-0.03599712023037925,0.08138895041124157,0.4476903264004803,-0.13718891607341047,-0.002399808015361281,0.0004799616030855778,0.005039596832253668,-0.19486441084713618,-0.5615550755939802,-0.40772738180947365,-0.01976899999999998,0.13662700000000005,-0.923798,0.02234400000000003,-0.288894,-0.881538,0.04211300000000001,0.42552100000000004,0.042259999999999964,0.9906626529638157,0.07740000000000002,0.07740000000000002,0.009337347036184274,0.9226,-0.881538
1279,5.329167,walk,-0.382643,-1.463367,0.922997,0.040235,-0.031424,-0.451297,-0.05735541156707467,-0.49964002879775243,-0.04583633309336716,0.08385688093934456,0.36870977365384355,-0.14806862554580533,-0.002879769618433537,-0.0014398848092567335,0.003599712023038305,-0.20710343172547205,-0.5049196064315339,-0.42692584593234556,-0.019542000000000004,0.13870300000000002,-0.923592,0.021720000000000017,-0.28891599999999995,-0.883126,0.04126200000000002,0.42761899999999997,0.040466,0.9919507992170395,0.09534000000000009,0.09534000000000009,0.008049200782960453,0.9046599999999999,-0.883126
1280,5.333333,walk,-0.382868,-1.465465,0.922833,0.039725,-0.032108,-0.45107,-0.05400864138261955,-0.5036005760921987,-0.039366298607766435,0.06869499869666221,0.3969568354987643,-0.14247747031542757,0.003360537686033392,-0.0007201152184290645,0.0084013442150751,-0.13250120019204048,-0.45079212674032526,-0.3833413346135672,-0.019303000000000015,0.14079799999999998,-0.923393,0.021392999999999995,-0.28869600000000006,-0.884559,0.04069600000000001,0.42949400000000004,0.038834000000000035,0.9848714431099439,0.11166000000000004,0.11166000000000004,0.0151285568900561,0.8883399999999999,-0.884559
1281,5.3375,walk,-0.383105,-1.467558,0.922634,0.038954,-0.032865,-0.450953,-0.056875449963990285,-0.5022798176144828,-0.04775617950564601,0.16527317077343942,0.4874236239591947,-0.09042320286142805,0.0023998080153607693,-0.0009599232061176645,0.005519558435324228,-0.10823134149267079,-0.4206863450922966,-0.35949124070068356,-0.019056000000000017,0.142887,-0.923171,0.021178999999999948,-0.28835600000000006,-0.8858579999999999,0.040234999999999965,0.43124300000000004,0.03731300000000004,0.9898420725548422,0.12686999999999998,0.12686999999999998,0.010157927445157755,0.87313,-0.8858579999999999
1282,5.341667,walk,-0.383339,-1.469708,0.922465,0.038244,-0.033618,-0.450845,-0.056155507559400686,-0.5159587233021825,-0.04055675545955902,0.14006095073022315,0.4727886795189713,-0.08402191538262155,0.001679865610746236,0.0,0.005999520038397218,-0.12502999760019617,-0.4262059035277372,-0.3522918166546847,-0.018815000000000026,0.14503700000000008,-0.9229769999999999,0.020891999999999966,-0.28798199999999996,-0.887157,0.03970699999999999,0.43301900000000004,0.03581999999999996,0.9896162267132669,0.14180000000000004,0.14180000000000004,0.010383773286733122,0.8582,-0.887157
1283,5.345833,walk,-0.383543,-1.47189,0.922278,0.037398,-0.03432,-0.450642,-0.04896783485358945,-0.5237638022083724,-0.044887181949100345,0.2087564437723106,0.47791970541129536,-0.13741491858762267,-0.001200192030719549,-0.0009601536246076187,0.00792126740278507,-0.05376860297648097,-0.3216514642343315,-0.3079692750840377,-0.018615999999999966,0.14721499999999987,-0.922757,0.020872,-0.2871400000000002,-0.8882530000000001,0.03948799999999997,0.43435500000000005,0.03450399999999998,0.9865516592142918,0.15496000000000004,0.15496000000000004,0.013448340785708224,0.84504,-0.8882530000000001
1284,5.35,walk,-0.383743,-1.474098,0.922025,0.036599,-0.035349,-0.450565,-0.04799616030717233,-0.529877609791238,-0.06071514278859378,0.11854939697200789,0.6110667449401985,-0.07170744411376505,-0.0035997120230352605,0.0019198464122890248,0.008399328053756079,-0.06839452843772324,-0.27717782577395483,-0.3234941204703776,-0.018430999999999975,0.14943099999999987,-0.922469,0.020787,-0.2860870000000002,-0.889348,0.039217999999999975,0.43551800000000007,0.033120999999999956,0.984437183858617,0.16879000000000005,0.16879000000000005,0.015562816141382996,0.83121,-0.889348
1285,5.354167,walk,-0.383963,-1.476302,0.921777,0.035996,-0.036062,-0.450447,-0.05279577633788364,-0.5289176865850074,-0.05951523878089379,0.10273027165890372,0.4324067228752075,-0.08512796737379365,-0.003839692824577231,0.00023998080156938096,0.008639308855290132,-0.09839212862969829,-0.28653707703376946,-0.3465322774177479,-0.018226999999999993,0.1516360000000001,-0.9221849999999999,0.020596999999999976,-0.285077,-0.890544,0.03882399999999997,0.43671300000000013,0.03164099999999992,0.9842380125628032,0.18358999999999998,0.18358999999999998,0.01576198743719681,0.8164100000000001,-0.890544
1286,5.358333,walk,-0.384172,-1.478565,0.921581,0.035034,-0.036828,-0.450427,-0.050168026884309,-0.5432069131061169,-0.047047527604414184,0.2459554877480795,0.5351752644138172,-0.042126344609106525,-0.002880460873742907,-0.0009601536246076187,0.008401344215075074,-0.07777244359097855,-0.2866058569371128,-0.2959673547767881,-0.01802999999999999,0.1538949999999999,-0.9219539999999999,0.020482,-0.28400800000000004,-0.891581,0.03851199999999999,0.43790299999999993,0.030372999999999983,0.9851113825684605,0.19627000000000006,0.19627000000000006,0.014888617431539464,0.8037299999999999,-0.891581
1287,5.3625,walk,-0.384382,-1.480825,0.921366,0.034075,-0.0376,-0.450352,-0.05039596832253361,-0.5423566114711432,-0.05159587233020759,0.24278087213587102,0.5355807761836886,-0.07131513943561434,-0.0004799616030722562,-0.0004799616030855778,0.009359251259899642,-0.1183105351571846,-0.2920566354691815,-0.35277177825775524,-0.017822000000000005,0.156153,-0.9217,0.020199000000000022,-0.2829649999999999,-0.892836,0.03802100000000003,0.4391179999999999,0.028864,0.984360279340837,0.21136,0.21136,0.01563972065916297,0.78864,-0.892836
1288,5.366667,walk,-0.384598,-1.48309,0.921092,0.033171,-0.038578,-0.450292,-0.05183585313175038,-0.5435565154787773,-0.06575473962083249,0.1746658416285907,0.6124338190496477,-0.06295095694924335,-0.002159827213818492,-0.0009599232061178691,0.00647948164146898,-0.11711063114952393,-0.30141588672905717,-0.338852891768674,-0.017614999999999992,0.15841400000000005,-0.921399,0.019926999999999973,-0.2819559999999999,-0.893974,0.037541999999999964,0.44036999999999993,0.02742499999999992,0.988504833322782,0.22575000000000006,0.22575000000000006,0.01149516667721795,0.7742499999999999,-0.893974
1289,5.370833,walk,-0.384798,-1.485403,0.920859,0.032163,-0.039543,-0.45025,-0.04800768122898492,-0.555208833413274,-0.05592894863178289,0.22224719385083933,0.6299155969079165,-0.0554687264960738,-0.001680268843023,-0.000960153624607414,0.007441190590493481,-0.13658185309647383,-0.31589054248677834,-0.335093614978352,-0.01742200000000005,0.16072299999999995,-0.921135,0.019557999999999964,-0.28095899999999996,-0.895137,0.03698000000000001,0.4416819999999999,0.025998000000000077,0.9871854557704787,0.24002000000000007,0.24002000000000007,0.01281454422952133,0.7599799999999999,-0.895137
1290,5.375,walk,-0.385035,-1.487716,0.920612,0.031336,-0.040346,-0.450205,-0.05687544996401573,-0.5550755939525114,-0.05927525797936369,0.17970285384433926,0.5212901844923903,-0.050802980362531204,-0.003119750419963004,0.0009599232061711556,0.00983921286297141,-0.12191024718023317,-0.2834173266139075,-0.3117350611951182,-0.01719799999999999,0.16304000000000007,-0.920847,0.019287,-0.27982700000000005,-0.896189,0.03648499999999999,0.4428670000000001,0.024657999999999958,0.9827224933473648,0.25342,0.25342,0.017277506652635166,0.74658,-0.896189
1291,5.379167,walk,-0.3853,-1.490065,0.920349,0.030578,-0.041149,-0.450266,-0.06359491240700067,-0.5637149028077854,-0.06311495080394174,0.15136042527291607,0.5090984340112752,0.008419862389733804,-0.0011999040076739796,-0.0009599232061711556,0.008639308855291966,-0.13750899928006152,-0.25173986081111194,-0.30933525317976024,-0.01693800000000001,0.1653849999999999,-0.9205479999999999,0.018978999999999968,-0.27852699999999997,-0.897215,0.03591699999999998,0.44391199999999986,0.023332999999999937,0.9853751657477099,0.26667,0.26667,0.014624834252290109,0.73333,-0.897215
1292,5.383333,walk,-0.385523,-1.492446,0.920113,0.029394,-0.042193,-0.450331,-0.05352856457033098,-0.5715314450311204,-0.0566490638502118,0.2817023911828104,0.704481028253091,-0.002035803846645083,0.0009601536245807644,-0.0021603456552867326,0.00696111377820358,-0.13010081613056032,-0.20451272203551626,-0.29380700912141994,-0.016710999999999976,0.16775699999999993,-0.920283,0.01866000000000001,-0.2769980000000001,-0.898203,0.035370999999999986,0.444755,0.02207999999999999,0.9877473253071685,0.2792,0.2792,0.012252674692831533,0.7208,-0.898203
1293,5.3875,walk,-0.385741,-1.494836,0.919863,0.028355,-0.04317,-0.450395,-0.052315814734822635,-0.5735541156708,-0.059995200383965414,0.2339902964574016,0.644393855564384,0.002499199567775576,-0.000719942404615045,-0.0004799616030855778,0.007199424046076649,-0.1547876169906494,-0.17470602351814138,-0.2769378449724146,-0.01649600000000001,0.170145,-0.920003,0.018233,-0.275336,-0.899107,0.03472900000000001,0.445481,0.020896000000000026,0.9879146108873352,0.29103999999999997,0.29103999999999997,0.012085389112664768,0.70896,-0.899107
1294,5.391667,walk,-0.386022,-1.497228,0.919638,0.02747,-0.043776,-0.45041,-0.06743460523157872,-0.5740340772738323,-0.05399568034558219,0.2477963431298339,0.4509536965408133,-0.018221753198074207,0.0,-0.0007199424046017234,0.008879289656827856,-0.13510919126470022,-0.13246940244778285,-0.25509959203264937,-0.016215000000000035,0.17253399999999997,-0.9197409999999999,0.017950999999999995,-0.27349599999999996,-0.899945,0.03416600000000003,0.4460299999999999,0.019795999999999925,0.9851526188358768,0.30204000000000003,0.30204000000000003,0.014847381164123208,0.6979599999999999,-0.899945
1295,5.395833,walk,-0.386316,-1.499603,0.919365,0.026488,-0.044411,-0.450484,-0.07057129140663461,-0.570091214594384,-0.06553048487757786,0.28393603873888784,0.48585397243519274,0.011086199283432317,-0.0024003840614524228,-0.0016802688429833838,0.008641382621220078,-0.13418146903506384,-0.10753720595296194,-0.2335573691790867,-0.01593100000000003,0.1749020000000001,-0.919432,0.01768599999999998,-0.27156899999999995,-0.900645,0.03361700000000001,0.44647100000000006,0.018786999999999998,0.9847923045217324,0.3287450544958048,0.3287450544958048,0.015207695478267613,0.6712549455041952,-0.900645
1296,5.4,walk,-0.386612,-1.502021,0.919103,0.025568,-0.045137,-0.450623,-0.07103431725461216,-0.5802735781136612,-0.06287497000238555,0.23853407192388396,0.5129606156679848,0.04791890986037434,-0.001199904007673724,-0.0021598272138579964,0.01031917446604099,-0.14230861531075376,-0.07943364530838153,-0.20734341252696314,-0.015639999999999987,0.177311,-0.919127,0.017388999999999988,-0.269482,-0.901247,0.033028999999999975,0.446793,0.017880000000000007,0.9823152620034843,0.3816524525878651,0.3816524525878651,0.01768473799651571,0.6183475474121349,-0.901247
1297,5.404167,walk,-0.386913,-1.504459,0.918835,0.02465,-0.045982,-0.450771,-0.07223422126230128,-0.5850731941444808,-0.06431485481162905,0.21198877249602352,0.5638000598004744,0.052946991429862617,-0.002399808015361281,-0.004079673626094195,0.011759059275258516,-0.22990160787137093,-0.07487401007916539,-0.26037916966643837,-0.015349000000000002,0.179732,-0.9188099999999999,0.016732000000000025,-0.2673559999999999,-0.902064,0.032081000000000026,0.44708799999999993,0.016745999999999928,0.9788735098852253,0.33254,0.33254,0.021126490114774743,0.6674599999999999,-0.902064
1298,5.408333,walk,-0.387228,-1.506893,0.918582,0.023651,-0.046582,-0.450949,-0.07561209793567802,-0.5842534805569467,-0.06072971675467301,0.3003377633816306,0.47707392364558227,0.06755428254264852,-0.0038406144983238765,-0.0026404224675910027,0.009361497839655087,-0.1497839654344846,-0.056409025444071975,-0.2508401344215275,-0.015050000000000008,0.18215500000000007,-0.9185180000000001,0.01642300000000002,-0.26515699999999987,-0.902856,0.03147300000000003,0.44731199999999993,0.015662000000000065,0.9825707945985002,0.3474577741043158,0.3474577741043158,0.017429205401499837,0.6525422258956842,-0.902856
1299,5.4125,walk,-0.387579,-1.509321,0.918251,0.023117,-0.047108,-0.451111,-0.08423326133909437,-0.5826733861291062,-0.07943364530837181,0.11706480010207736,0.3444875480240551,0.07193188406718246,-0.0014398848092034469,-0.0023998080153746024,0.012239020878330294,-0.15670746340293845,-0.045596352291851015,-0.22558195344373477,-0.014704999999999968,0.18457299999999988,-0.9181360000000001,0.016120999999999996,-0.2629190000000001,-0.9034650000000001,0.030825999999999965,0.447492,0.01467099999999999,0.9790751358138858,0.3892393737269211,0.3892393737269211,0.020924864186114167,0.6107606262730789,-0.9034650000000001
1300,5.416667,walk,-0.387947,-1.511747,0.917945,0.022317,-0.047852,-0.451295,-0.08831293496518307,-0.5821934245259498,-0.07343412526997294,0.18391706699895632,0.4959277217978872,0.07658695808243511,-0.0035997120230478147,-0.0019198464122886156,0.011519078473720173,-0.15790736741057876,-0.047996160307162104,-0.20158387329010313,-0.014352000000000031,0.1869909999999999,-0.917782,0.015830999999999984,-0.26069300000000006,-0.903999,0.030183000000000015,0.44768399999999997,0.01378299999999999,0.9796330260675541,0.42795798682936426,0.42795798682936426,0.02036697393244591,0.5720420131706357,-0.903999
1301,5.420833,walk,-0.388317,-1.514227,0.917567,0.021712,-0.048312,-0.451584,-0.0888142102736597,-0.5952952472396146,-0.09073451752280831,0.16402827390343772,0.33450269716304,0.13878137191424755,-0.0026404224675910027,-0.0016802688429833838,0.012481997119540112,-0.1353816610657834,-0.044887181949100345,-0.19371099375901688,-0.013992999999999978,0.18946400000000008,-0.9173520000000001,0.015637000000000012,-0.25839999999999996,-0.904428,0.02962999999999999,0.44786400000000004,0.012924000000000047,0.9785526881842277,0.4698339803648719,0.4698339803648719,0.021447311815772307,0.5301660196351281,-0.904428
1302,5.425,walk,-0.388716,-1.516682,0.917218,0.020852,-0.048741,-0.451819,-0.0957523398128152,-0.5891528677706283,-0.08375329973603543,0.27882811032503513,0.37506590731796996,0.10248834142039846,-0.004799616030722562,-0.0019198464122890248,0.011999040076794403,-0.12407007439405167,-0.049196064314859636,-0.18526517878570564,-0.013614000000000015,0.19191100000000016,-0.916953,0.015519000000000005,-0.2561499999999999,-0.904851,0.02913300000000002,0.44806100000000004,0.012102000000000057,0.9782246898826991,0.49842184787080024,0.49842184787080024,0.02177531011730094,0.5015781521291998,-0.904851
1303,5.429167,walk,-0.389087,-1.519171,0.916866,0.020349,-0.048982,-0.45203,-0.08903287736981694,-0.5973122150228167,-0.08447324214063716,0.1665761229720856,0.21674880976965036,0.09964423722458203,-0.006479481641468798,-0.0038396928245780495,0.01487880969522506,-0.08831293496520189,-0.05543556515481229,-0.18670506359492073,-0.013270000000000004,0.1943840000000001,-0.916539,0.015522000000000036,-0.253892,-0.905277,0.02879200000000004,0.4482760000000001,0.011261999999999994,0.9722058208893796,0.5309663158172296,0.5309663158172296,0.02779417911062043,0.46903368418277036,-0.905277
1304,5.433333,walk,-0.389474,-1.521672,0.916532,0.020071,-0.049331,-0.452287,-0.09289486317808902,-0.60033605376849,-0.08017282765240055,0.047747430421195045,0.21538961299466733,0.13094601024732774,-0.0057609217474712615,-0.0031204992798941466,0.01608257321171172,-0.07465194431108114,-0.06841094575127953,-0.21123379740755704,-0.012907000000000002,0.19687199999999994,-0.916138,0.015598,-0.251676,-0.905823,0.028505000000000003,0.44854799999999995,0.010314999999999963,0.9710568134938666,0.506434667539718,0.506434667539718,0.028943186506133367,0.493565332460282,-0.905823
1305,5.4375,walk,-0.389862,-1.524176,0.91616,0.019506,-0.049636,-0.452526,-0.09311255099592444,-0.6009119270458786,-0.08927285817135971,0.17966038107255616,0.2582628033413808,0.11316134288753632,-0.004319654427650306,-0.005519558435350929,0.01583873290136862,-0.051115910727148654,-0.05999520038399206,-0.1759059275258058,-0.01253700000000002,0.1993529999999999,-0.9157,0.01577299999999998,-0.24942200000000003,-0.906184,0.028310000000000002,0.4487749999999999,0.009515999999999969,0.9711329484428821,0.583578788620644,0.583578788620644,0.028867051557117884,0.41642121137935595,-0.906184
1306,5.441667,walk,-0.390248,-1.526671,0.915846,0.019078,-0.049801,-0.452726,-0.0926325893928522,-0.5987520998320202,-0.07535397168225097,0.15084065413180298,0.16773265278646238,0.09564355100664866,-0.004079673626107516,-0.005279577633781497,0.013198944084473854,-0.03815694744421106,-0.0513558915286648,-0.1588672906167582,-0.012168000000000012,0.20182599999999984,-0.915331,0.01599999999999996,-0.24714100000000006,-0.906532,0.02816799999999997,0.4489669999999999,0.008799000000000001,0.9753508056345451,0.6265659197550743,0.6265659197550743,0.024649194365454874,0.37343408024492575,-0.906532
1307,5.445833,walk,-0.390641,-1.529196,0.915543,0.018877,-0.049919,-0.452946,-0.09433509361497348,-0.6060969755160279,-0.07273163706193295,0.06444617568780937,0.09887109609145789,0.11311285341232472,-0.00960153624579432,-0.008881421027325434,0.01416226596255209,-0.04536725876139448,-0.05232837253961169,-0.14330292846853543,-0.011814999999999964,0.2043140000000001,-0.914969,0.016203999999999996,-0.244834,-0.906826,0.02801899999999996,0.4491480000000001,0.008143000000000011,0.9678701024080036,0.6533019173205995,0.6533019173205995,0.03212989759199636,0.3466980826794005,-0.906826
1308,5.45,walk,-0.391007,-1.531746,0.915214,0.018358,-0.049999,-0.45307,-0.08783297336212963,-0.6119510439165271,-0.07895368370531287,0.206746748474004,0.149489026081183,0.05219692496298489,-0.004079673626120838,-0.008639308855327255,0.01559875209983274,-0.07439404847611977,-0.04031677465801623,-0.1564674826013994,-0.011466000000000032,0.206828,-0.914575,0.016259999999999997,-0.2424519999999999,-0.907149,0.02772600000000003,0.4492799999999999,0.007426000000000044,0.9695130965519875,0.629270075166357,0.629270075166357,0.030486903448012526,0.370729924833643,-0.907149
1309,5.454167,walk,-0.391374,-1.534269,0.914936,0.018088,-0.050115,-0.453217,-0.08807295416367242,-0.6054715622750584,-0.066714662826977,0.09296136890414425,0.11135289174833203,0.0715928186295205,-0.001679865610746236,-0.009599232061445124,0.016078713702904503,-0.07679385649148106,-0.03287736981042957,-0.16198704103672432,-0.011106000000000005,0.20931100000000002,-0.91423,0.016307000000000016,-0.2400659999999999,-0.907546,0.02741300000000002,0.4493769999999999,0.006684000000000023,0.9686643511946141,0.6293964803908614,0.6293964803908614,0.03133564880538586,0.3706035196091386,-0.907546
1310,5.458333,walk,-0.391769,-1.536813,0.914637,0.017615,-0.050227,-0.453339,-0.09481517042727076,-0.6106577052328568,-0.07177148343734083,0.18010799598370072,0.15323730187478132,0.05260005832523232,-0.003360537686033392,-0.006481036965914879,0.010561689870380093,-0.07057129140663461,-0.024483917426801387,-0.1529044647143663,-0.01072500000000004,0.2118279999999999,-0.913887,0.016407999999999978,-0.23762400000000006,-0.907884,0.027133000000000018,0.44945199999999996,0.006002999999999981,0.9786012496074281,0.6563449310124492,0.6563449310124492,0.021398750392571886,0.3436550689875508,-0.907884
1311,5.4625,walk,-0.392155,-1.539352,0.914353,0.017622,-0.050038,-0.45345,-0.09263258939283245,-0.6093112550995066,-0.06815454763619257,0.040412830284960614,-0.0801631008961443,0.05939514864397297,-0.002399808015347448,-0.00815934725218665,0.014878809695221887,-0.06047516198702478,-0.025917926565869664,-0.13774898008157058,-0.010348999999999997,0.2143330000000001,-0.9135409999999999,0.016542,-0.23519299999999999,-0.9081739999999999,0.026890999999999998,0.4495260000000001,0.005367000000000011,0.9714365713601524,0.6919038174705479,0.6919038174705479,0.02856342863984762,0.30809618252945215,-0.9081739999999999
1312,5.466667,walk,-0.392536,-1.541903,0.914116,0.017253,-0.049898,-0.453511,-0.09143268538517821,-0.6121910247180433,-0.05687544996398909,0.18937877101260914,0.02140169109760578,0.021635022998411836,-0.008399328053757822,-0.01271898248142145,0.01391888648908151,-0.04727621790257061,-0.020638348932093695,-0.13318934485241787,-0.010002999999999984,0.216831,-0.913246,0.01672600000000002,-0.23272800000000005,-0.9084920000000001,0.026729000000000003,0.44955900000000004,0.004753999999999925,0.9655981013034776,0.7144101463976829,0.7144101463976829,0.03440189869652244,0.28558985360231715,-0.9084920000000001
1313,5.470833,walk,-0.39292,-1.54445,0.913828,0.016876,-0.049903,-0.453516,-0.09217474795967975,-0.6113778204513391,-0.06913106096977648,0.16008756694988305,0.0841616237069328,-0.007807689319796009,-0.004080652904475781,-0.008641382621202072,0.020163226116180183,-0.05376860297648097,-0.014642342774813142,-0.11905904944792108,-0.009636000000000033,0.21934200000000015,-0.912874,0.016886000000000012,-0.23024199999999984,-0.9087,0.026522000000000046,0.449584,0.004174000000000011,0.9628112580825479,0.739167692440555,0.739167692440555,0.03718874191745214,0.260832307559445,-0.9087
1314,5.475,walk,-0.393317,-1.547004,0.91352,0.016817,-0.049977,-0.453615,-0.09527237820975626,-0.612910967122645,-0.07391408687304753,0.011020218518687818,0.046537084970142965,0.052016367967173446,-0.006719462442998265,-0.008159347252241676,0.020638348932086357,-0.0463162946964261,-0.008399328053757822,-0.14086873050156626,-0.00926699999999997,0.221862,-0.91248,0.01709000000000005,-0.2277229999999999,-0.908979,0.02635700000000002,0.4495849999999999,0.0035009999999999764,0.9613539002345903,0.7174479323109137,0.7174479323109137,0.03864609976540967,0.28255206768908625,-0.908979
1315,5.479167,walk,-0.393618,-1.549595,0.913271,0.016588,-0.049945,-0.453452,-0.07223422126228589,-0.6217902567793558,-0.05975521958240989,0.10156448430614348,0.032719165834748445,-0.09442889707135554,-0.0057595392368658465,-0.006479481641467416,0.02135829133668951,-0.06359491240700044,-0.013678905687536403,-0.13414926805853275,-0.008989999999999998,0.22442600000000001,-0.912142,0.01712600000000003,-0.22518899999999986,-0.909289,0.026116000000000028,0.4496149999999999,0.0028529999999999944,0.9615822457353513,0.7229887718609163,0.7229887718609163,0.03841775426464866,0.27701122813908374,-0.909289
1316,5.483333,walk,-0.393985,-1.552156,0.913001,0.016284,-0.050028,-0.453387,-0.08809409505520398,-0.6147383581373592,-0.06481036965917544,0.11049332952009727,0.10029773413122904,-0.04311549861786079,-0.008161305808924912,-0.006481036965914879,0.02136341814690517,-0.05928948631781488,-0.019203072491619382,-0.13130100816131626,-0.008657000000000026,0.22696000000000005,-0.9117829999999999,0.017245999999999984,-0.2227079999999999,-0.909566,0.02590300000000001,0.44966799999999996,0.0022169999999999135,0.9603835616476968,0.7355952887227464,0.7355952887227464,0.03961643835230322,0.2644047112772536,-0.909566
1317,5.4875,walk,-0.394364,-1.554711,0.912653,0.016377,-0.050174,-0.453413,-0.09095272378210595,-0.6131509479241611,-0.08351331893446601,-0.07104981545336166,0.042891306634827445,0.017417899220049757,-0.008399328053757822,-0.0047996160306959185,0.024958003359732396,-0.04463642908567986,-0.023038156947468295,-0.118070554355657,-0.008313000000000015,0.229495,-0.911331,0.017438999999999982,-0.22024900000000014,-0.90971,0.025751999999999997,0.44974400000000014,0.0016209999999999836,0.9553878766632391,0.7699376152751021,0.7699376152751021,0.0446121233367609,0.23006238472489793,-0.90971
1318,5.491667,walk,-0.39474,-1.557226,0.912376,0.015951,-0.050265,-0.453362,-0.09023278137749091,-0.6035517158627693,-0.06647468202546085,0.16111504250504702,0.13046785985060524,-0.03906406883364793,-0.008639308855287289,-0.006959443244554375,0.02135829133669401,-0.027837772978164217,-0.021358291336695416,-0.09647228221742701,-0.007973000000000008,0.231981,-0.9109649999999999,0.017698999999999965,-0.2178230000000001,-0.909835,0.025671999999999973,0.4498040000000001,0.0011299999999999644,0.9598873767238376,0.8176085734221008,0.8176085734221008,0.040112623276162385,0.1823914265778992,-0.909835
1319,5.495833,walk,-0.395075,-1.559749,0.912134,0.015622,-0.050476,-0.45332,-0.08041286605856574,-0.6056168987037241,-0.058089294287069625,0.09371172367587918,0.16105268249705515,-0.03076016949239718,-0.012722035525688466,-0.00264042246759044,0.027364378300524458,-0.0266442630820829,-0.024963994239046574,-0.10777724435908295,-0.007691000000000003,0.23449300000000006,-0.910609,0.017923000000000022,-0.21540399999999993,-0.910042,0.025614000000000026,0.449897,0.0005669999999999842,0.9495126193297757,0.8046734964264204,0.8046734964264204,0.05048738067022429,0.1953265035735796,-0.910042
1320,5.5,walk,-0.395464,-1.562308,0.911798,0.015654,-0.050642,-0.453333,-0.09335253179745391,-0.6141108711303324,-0.08063354931605911,-0.04958860351030228,0.06441466610328551,0.008563591058826411,-0.011519078473720827,-0.005759539236867074,0.026157907367411786,-0.02735781137509196,-0.020638348932093695,-0.10895128389729324,-0.007350000000000023,0.23702800000000002,-0.910164,0.018197999999999992,-0.21293099999999998,-0.91016,0.025548000000000015,0.449959,4.000000000004e-06,0.9514059451811105,0.8096038020684311,0.8096038020684311,0.048594054818889454,0.19039619793156892,-0.91016
1321,5.504167,walk,-0.395815,-1.564798,0.911529,0.015213,-0.05082,-0.453253,-0.08423326133909437,-0.5975521958243328,-0.06455483561314519,0.14794148654652478,0.1704444760677676,-0.0544887390562378,-0.015118790496756088,-0.004559635229179773,0.023038156947445244,-0.03167746580274226,-0.01919846412289025,-0.10559155267579072,-0.007062000000000013,0.2394989999999999,-0.909799,0.01841699999999996,-0.21052100000000018,-0.910331,0.025478999999999974,0.4500200000000001,0.0005319999999999769,0.9481288102836393,0.8134999340121796,0.8134999340121796,0.05187118971636073,0.18650006598782043,-0.909799
1322,5.508333,walk,-0.396162,-1.567283,0.911257,0.014972,-0.050833,-0.453223,-0.08329332693230802,-0.5964954392702202,-0.06529044647143868,0.09952682446500129,0.057311277858004696,-0.022924263615666084,-0.015362457993278905,-0.0031204992798941466,0.02928468554968401,-0.03264522323570602,-0.019683149303865697,-0.10081613058087945,-0.0067789999999999795,0.24197099999999994,-0.909405,0.018628000000000033,-0.20811800000000003,-0.910479,0.025407000000000013,0.45008899999999996,0.0010740000000000194,0.9338991775336327,0.8203627949949593,0.8203627949949593,0.06610082246636728,0.17963720500504066,-0.909405
1323,5.5125,walk,-0.396531,-1.569818,0.910901,0.014824,-0.050876,-0.453318,-0.08855291576674468,-0.6083513318934652,-0.08543316534678166,0.0558197338163722,0.052436982984583644,0.04731165491771909,-0.017758579313660157,-0.004079673626094195,0.02975761939045012,-0.02879769618430873,-0.018958483321320815,-0.09503239740821169,-0.00648399999999999,0.24448899999999996,-0.908925,0.018877000000000033,-0.205662,-0.910519,0.025361000000000022,0.45015099999999997,0.0015939999999999843,0.9259048724931446,0.8315108975455944,0.8315108975455944,0.07409512750685543,0.16848910245440563,-0.908925
1324,5.516667,walk,-0.396882,-1.572301,0.910577,0.014803,-0.050752,-0.453313,-0.08423326133909437,-0.5958723302136132,-0.07775377969762558,0.035896586133332804,-0.04866569475488719,-0.003941571224568079,-0.016798656107515644,-0.0026397888168907483,0.035277177825775545,-0.02111831053516595,-0.016798656107515644,-0.09191264698824515,-0.006203000000000014,0.24696099999999999,-0.908454,0.01913999999999999,-0.203249,-0.910578,0.025343000000000004,0.45021,0.0021240000000000148,0.9134904178518103,0.8403466205662331,0.8403466205662331,0.08650958214818971,0.1596533794337669,-0.908454
1325,5.520833,walk,-0.39724,-1.574764,0.910279,0.014544,-0.050799,-0.453429,-0.08593374939990346,-0.5912145943351654,-0.07153144503121557,0.10282826823664114,0.07865474266644307,0.0553111095386537,-0.022803648583764703,-0.0024003840614657476,0.03744599135862042,-0.02424387902063616,-0.017282765242457445,-0.10465674507922096,-0.005940000000000001,0.24941400000000002,-0.9079999999999999,0.019396999999999998,-0.20085799999999998,-0.910716,0.025337,0.450272,0.0027160000000000517,0.8996588985156944,0.8186509356167092,0.8186509356167092,0.10034110148430564,0.1813490643832908,-0.9079999999999999
1326,5.525,walk,-0.397611,-1.57723,0.909922,0.014472,-0.050755,-0.453554,-0.08903287736979795,-0.5917926565873396,-0.08567314614827956,0.04295093080114598,-0.0007847713689326674,0.06498857805389774,-0.028317734581230436,-0.006959443244552892,0.034557235421160425,-0.02567794576434025,-0.019198464122832867,-0.09647228221740645,-0.005686999999999998,0.2518509999999998,-0.9074990000000001,0.019660999999999984,-0.19847199999999998,-0.910761,0.02534799999999998,0.4503229999999998,0.003261999999999987,0.8920191926566182,0.8305659817084882,0.8305659817084882,0.10798080734338178,0.16943401829151183,-0.9074990000000001
1327,5.529167,walk,-0.39792,-1.579708,0.909643,0.014241,-0.05055,-0.453685,-0.0741540676745903,-0.594672426205926,-0.06695464362851979,0.1460943351827946,-0.035073318610467495,0.06305412938999691,-0.02591792656587519,-0.009839212862961268,0.040556755459565164,-0.021598272138224885,-0.0242380609551556,-0.09503239740821168,-0.005485999999999991,0.25428799999999985,-0.9070509999999999,0.01988000000000001,-0.19609500000000013,-0.910878,0.025366,0.450383,0.003827000000000025,0.8798527300459922,0.8326254573039611,0.8326254573039611,0.12014726995400782,0.1673745426960389,-0.9070509999999999
1328,5.533333,walk,-0.39851,-1.582016,0.909077,0.015512,-0.048326,-0.453664,-0.14162265962554638,-0.5540086413827128,-0.13586173787806055,-0.05816380244369139,-1.2295479578698834,0.01246893854075138,-0.023283725396068513,-0.003120499279894812,0.047287566010565364,-0.018722995679315572,-0.02520403264523045,-0.09121459433510082,-0.004993000000000025,0.256583,-0.906288,0.020391999999999966,-0.19389199999999995,-0.9106920000000001,0.02538499999999999,0.45047499999999996,0.0044040000000000745,0.867957738613669,0.8392215460770585,0.8392215460770585,0.13204226138633102,0.16077845392294154,-0.906288
1329,5.5375,walk,-0.39883,-1.584432,0.908703,0.015727,-0.047799,-0.453891,-0.07679385649149438,-0.5797936165106993,-0.08975281977441865,0.027524973111049098,-0.26806085818351416,0.12566176761909603,-0.02471802255820121,-0.008639308855273968,0.04391648668106752,-0.01967842572593586,-0.025197984161273466,-0.081593472522202,-0.0047760000000000025,0.25896300000000005,-0.9057310000000001,0.020630000000000037,-0.191581,-0.9106580000000001,0.02540600000000004,0.45054400000000006,0.004927000000000015,0.8655133463867775,0.8539437550968587,0.8539437550968587,0.13448665361322254,0.14605624490314129,-0.9057310000000001
1330,5.541667,walk,-0.399137,-1.586812,0.908348,0.015878,-0.047277,-0.454125,-0.07367410607150235,-0.5711543076552503,-0.08519318454522072,0.053901070539572576,-0.2518617483732968,0.1277982102695646,-0.02711783057354339,-0.010799136069130123,0.04967602591791828,-0.021598272138233603,-0.017038636909028158,-0.06983441324692856,-0.004581999999999975,0.2612979999999998,-0.905169,0.020847000000000004,-0.1892720000000001,-0.910594,0.02542899999999998,0.4505699999999999,0.005425000000000013,0.8497218556033834,0.8749039726559178,0.8497218556033834,0.15027814439661658,0.1250960273440822,-0.905169
1331,5.545833,walk,-0.399466,-1.589154,0.907958,0.01621,-0.046676,-0.454403,-0.0789726356216981,-0.5621699471916111,-0.09361497839655121,-0.005327570132424976,-0.3242848774799419,0.1561255534628477,-0.02736437830053097,-0.012722035525651204,0.05520883341335055,-0.02208353336533564,-0.018242918867011765,-0.07417186749880564,-0.00436700000000001,0.263587,-0.904549,0.02108399999999999,-0.187006,-0.910513,0.025451,0.450593,0.005963999999999969,0.835496667321572,0.8674821556780345,0.835496667321572,0.16450333267842798,0.13251784432196545,-0.904549
1332,5.55,walk,-0.399729,-1.591523,0.907605,0.016406,-0.046197,-0.45479,-0.06311495080394174,-0.5685145188385345,-0.08471322294217995,0.028090326423458704,-0.2402509137163788,0.21192705231146133,-0.03167746580274226,-0.014158867290624896,0.06143508519318728,-0.03167746580274226,-0.021358291336695416,-0.07991360691145072,-0.0042360000000000175,0.26589700000000005,-0.90394,0.021214999999999984,-0.18472599999999995,-0.910493,0.025451,0.450623,0.006553000000000031,0.8168760062081352,0.8523722491261577,0.8168760062081352,0.18312399379186484,0.14762775087384228,-0.90394
1333,5.554167,walk,-0.400039,-1.593876,0.907277,0.016342,-0.045813,-0.455158,-0.07439404847611977,-0.5646748260139566,-0.07871370290377008,0.11798035178680887,-0.14332254925089075,0.1951220141547284,-0.03839692824574053,-0.01919846412289025,0.062395008399330855,-0.03167746580272894,-0.01871850251980467,-0.07919366450684306,-0.004086000000000034,0.26817,-0.903352,0.021392999999999995,-0.18245099999999992,-0.910495,0.02547900000000003,0.45062099999999994,0.0071430000000000105,0.8023422275173101,0.8544600028792255,0.8023422275173101,0.1976577724826899,0.14553999712077448,-0.903352
1334,5.558333,walk,-0.400322,-1.596244,0.906942,0.016365,-0.045377,-0.455609,-0.06793086893902912,-0.5684109457512262,-0.08041286605855241,0.09373320368946182,-0.18298746760639595,0.242094335873757,-0.022803648583773168,-0.014402304368684817,0.06961113778203588,-0.031925108017277104,-0.018722995679311582,-0.08713394143061724,-0.0038980000000000126,0.270478,-0.9027270000000001,0.021543000000000034,-0.18016100000000002,-0.910523,0.025441000000000047,0.450639,0.007795999999999914,0.7976175200825604,0.8422195016419913,0.7976175200825604,0.20238247991743963,0.15778049835800867,-0.9027270000000001
1335,5.5625,walk,-0.400614,-1.598533,0.906629,0.016217,-0.045066,-0.455977,-0.0700743940484828,-0.5493160547156444,-0.07511399088073482,0.1378277622115863,-0.09372337464177274,0.19339195929922381,-0.033597312215017966,-0.01751859851211737,0.07295416366690988,-0.02879769618430873,-0.021598272138211562,-0.07823374130069949,-0.0037459999999999716,0.272694,-0.90211,0.02171500000000004,-0.17796199999999995,-0.910536,0.02546100000000001,0.45065599999999995,0.008426000000000045,0.7787283350643252,0.8564699901415815,0.7787283350643252,0.22127166493567485,0.14353000985841846,-0.90211
1336,5.566667,walk,-0.400941,-1.600815,0.906352,0.016049,-0.044673,-0.456414,-0.07847372210222729,-0.5476361891049247,-0.06647468202543422,0.16555552467029014,-0.12311519866638983,0.2298133358876123,-0.03839692824574053,-0.023038156947468295,0.08279337652988156,-0.036237101031922035,-0.028317734581249792,-0.07607391408687662,-0.003578999999999999,0.27488,-0.9014880000000001,0.021890999999999994,-0.1757979999999999,-0.910576,0.025469999999999993,0.4506779999999999,0.009087999999999985,0.7522422700860505,0.8518422201061265,0.7522422700860505,0.2477577299139495,0.14815777989387346,-0.9014880000000001
1337,5.570833,walk,-0.40126,-1.603091,0.906062,0.015855,-0.044254,-0.456816,-0.07657225156024268,-0.5463274123858953,-0.0696111377820388,0.18177060147244722,-0.12919380311493286,0.21063804357957636,-0.04272683629380404,-0.02112337974072352,0.07753240518481906,-0.03912626020163284,-0.02448391742679617,-0.07561209793565941,-0.0034379999999999966,0.2770680000000001,-0.900875,0.022046999999999983,-0.173624,-0.910601,0.02548499999999998,0.4506920000000001,0.009726000000000012,0.7510545289579335,0.852356324173519,0.7510545289579335,0.24894547104206655,0.14764367582648097,-0.900875
1338,5.575,walk,-0.401608,-1.605316,0.905776,0.015692,-0.044012,-0.457221,-0.08351331893449264,-0.5339572834173322,-0.06863450923926602,0.12968955621869627,-0.06025901831144921,0.2133706908278942,-0.05567554595632843,-0.024718022558187887,0.08903287736981444,-0.04223662107030526,-0.017278617710547936,-0.06863450923926415,-0.0033219999999999916,0.27919000000000005,-0.9002180000000001,0.022219000000000044,-0.17147099999999993,-0.910601,0.025541000000000036,0.450661,0.01038299999999992,0.7163738167081748,0.8626320973126622,0.7163738167081748,0.2836261832918252,0.13736790268733778,-0.9002180000000001
1339,5.579167,walk,-0.401995,-1.607531,0.905389,0.01594,-0.043447,-0.457539,-0.09287257019438167,-0.5315574754020108,-0.09287257019439497,0.023937495015275718,-0.2899108864996279,0.17576934231744715,-0.06191504679625444,-0.02327813774898444,0.0911927045836375,-0.03407727381810355,-0.011519078473734148,-0.03791696664267015,-0.0031930000000000014,0.2813080000000001,-0.899451,0.022463999999999984,-0.1693039999999999,-0.910372,0.025656999999999985,0.450612,0.010920999999999959,0.7030294100773122,0.9128914132447417,0.7030294100773122,0.29697058992268777,0.08710858675525834,-0.899451
1340,5.583333,walk,-0.402412,-1.609666,0.904995,0.016393,-0.042546,-0.45761,-0.1000960153624661,-0.5124819971195792,-0.09457513202113219,0.006259380259533857,-0.4830152999938459,0.04705013421627787,-0.0528084493519,-0.027844455112821454,0.10297647623620608,-0.03816610657706021,-0.017282765242457445,-0.020163226116180363,-0.0029959999999999987,0.2833270000000001,-0.898628,0.022721999999999964,-0.16724099999999997,-0.910062,0.025717999999999963,0.4505680000000001,0.011434000000000055,0.6872762482746295,0.9225062484044031,0.6872762482746295,0.3127237517253705,0.0774937515955969,-0.898628
1341,5.5875,walk,-0.402734,-1.611832,0.904688,0.016748,-0.042284,-0.457897,-0.07727381809453684,-0.5197984161265965,-0.07367410607148903,-0.08901239191376789,-0.18447656210508964,0.1628176934111318,-0.03935685145187665,-0.023758099352064955,0.12239020878327685,-0.038156947444189605,-0.02783777297815828,-0.014878809695221783,-0.002838000000000007,0.2853939999999999,-0.897811,0.02288499999999999,-0.1651910000000001,-0.9098170000000001,0.025722999999999996,0.450585,0.012006000000000072,0.6620411176980263,0.9174659460756289,0.6620411176980263,0.3379588823019737,0.08253405392437108,-0.897811
1342,5.591667,walk,-0.403049,-1.613969,0.904376,0.017204,-0.041923,-0.458281,-0.07559395248380708,-0.5128389728822061,-0.07487401007921868,-0.1087031073328666,-0.24712674052264744,0.21732703014530338,-0.05927525797936369,-0.043676505879508706,0.1255099592032695,-0.04127669786417407,-0.028557715382765938,-0.0040796736261102225,-0.0027699999999999947,0.2873490000000001,-0.896976,0.023027999999999993,-0.163173,-0.9095219999999999,0.025797999999999988,0.4505220000000001,0.012545999999999946,0.6320188483819673,0.9160695951108406,0.6320188483819673,0.3679811516180327,0.08393040488915937,-0.896976
1343,5.595833,walk,-0.403361,-1.616093,0.904115,0.017612,-0.041598,-0.458664,-0.07489198271724896,-0.5098415746519882,-0.06265002400383494,-0.09623141036602917,-0.22125244897773597,0.21612962338616162,-0.07849255880942094,-0.05160825732119378,0.13034085453673622,-0.036005760921746365,-0.02352376380219377,-0.00816130580892991,-0.002784999999999982,0.289258,-0.896172,0.023190000000000044,-0.16114699999999993,-0.909295,0.025975000000000026,0.45040499999999994,0.013122999999999996,0.6009950510972799,0.9270390287839863,0.6009950510972799,0.3990049489027201,0.07296097121601375,-0.896172
1344,5.6,walk,-0.403659,-1.618156,0.903878,0.017834,-0.041342,-0.45905,-0.07151427885768624,-0.49508039356851935,-0.05687544996401573,-0.032120477675778615,-0.15081751279245248,0.2132789716427029,-0.11231101511878805,-0.02087832973360984,0.18430525557956196,-0.029277657787380982,-0.014398848092194329,-0.006239500839933086,-0.0029549999999999854,0.291234,-0.8951669999999999,0.023365999999999998,-0.15914400000000017,-0.909084,0.026320999999999983,0.45037800000000017,0.013917000000000068,0.4994357246820708,0.9446365683609006,0.4994357246820708,0.5005642753179291,0.0553634316390994,-0.8951669999999999
1345,5.604167,walk,-0.403974,-1.620254,0.903662,0.018069,-0.041017,-0.459614,-0.07559395248379097,-0.5034797216222232,-0.05183585313173933,-0.019692471236693026,-0.1797563447294403,0.3097591636499516,-0.11615070794335466,-0.03263738900890646,0.15622750179982997,-0.020398368130546556,-0.010799136069076837,-0.0033597312215017465,-0.0031240000000000157,0.293196,-0.8943,0.023596000000000006,-0.15709099999999987,-0.908882,0.02672000000000002,0.4502869999999999,0.014581999999999984,0.52519495121917,0.9611268960409333,0.52519495121917,0.47480504878082996,0.038873103959066735,-0.8943
1346,5.608333,walk,-0.404259,-1.622315,0.903514,0.018199,-0.040744,-0.460146,-0.06841094575132076,-0.494719155064818,-0.035525684109442554,0.013048972369735122,-0.13508118966952226,0.29015824319418376,-0.08665386461834584,-0.044887181949100345,0.1697071531445164,-0.0069611137782053635,-0.0100816130581135,-0.0028804608737399923,-0.003200000000000036,0.29506999999999994,-0.893445,0.023851999999999984,-0.1550720000000001,-0.908746,0.02705200000000002,0.45014200000000004,0.015301000000000009,0.5207135784004842,0.9790242811186765,0.5207135784004842,0.47928642159951584,0.020975718881323546,-0.893445
1347,5.6125,walk,-0.404577,-1.624329,0.903418,0.018184,-0.040381,-0.460727,-0.07631389488842212,-0.48332133429326907,-0.023038156947441654,0.0954257074037338,-0.14052892745181883,0.3130894715859147,-0.10271178305735625,-0.05351571874252326,0.16030717542597328,-0.004319654427650306,-0.012239020878335873,-0.0009599232061436797,-0.0033099999999999796,0.2968609999999998,-0.8926810000000001,0.024152000000000007,-0.15310900000000016,-0.9086540000000001,0.027461999999999986,0.44997,0.015973000000000015,0.5106572936628502,0.9783093402720361,0.5106572936628502,0.4893427063371498,0.021690659727963912,-0.8926810000000001
1348,5.616667,walk,-0.4049,-1.626335,0.903372,0.018366,-0.039914,-0.461426,-0.07751379889608279,-0.4814014878810333,-0.011039116870675214,0.0363632584085616,-0.22612705228173446,0.38150802163608283,-0.09479241660667068,-0.05879529637625147,0.17374610031198315,-0.006719462442998265,-0.022318214542813287,-0.003599712023038175,-0.003381999999999996,0.29862200000000017,-0.8919109999999999,0.024446999999999997,-0.15119599999999989,-0.908623,0.027828999999999993,0.44981800000000005,0.01671200000000006,0.4887619788384709,0.9606930949467769,0.4887619788384709,0.511238021161529,0.039306905053223096,-0.8919109999999999
1349,5.620833,walk,-0.405236,-1.628283,0.903397,0.01867,-0.039509,-0.462191,-0.08065290446470426,-0.4675948151703259,0.00600096015363644,-0.028356831314454663,-0.2254648997408283,0.4205487563293294,-0.08761401824290814,-0.07561209793567523,0.17858857417184354,-0.016562650024011524,-0.0333653384541749,-0.0024003840614496208,-0.0034109999999999974,0.30025499999999994,-0.891192,0.024713999999999958,-0.14938700000000016,-0.908658,0.028124999999999956,0.4496420000000001,0.01746599999999998,0.4706598452923675,0.9377877952840711,0.4706598452923675,0.5293401547076325,0.06221220471592892,-0.891192
1350,5.625,walk,-0.405609,-1.630207,0.90343,0.0189,-0.039287,-0.462953,-0.08951283897288918,-0.4617230621550575,0.007919366450672245,-0.037598636140672756,-0.13111422277966464,0.4174604095447104,-0.11327093832494589,-0.06983441324695333,0.2090232781377586,-0.018718502519791347,-0.04223662107030526,-0.007199424046076558,-0.003510000000000013,0.30188799999999993,-0.890354,0.025009000000000003,-0.14763900000000008,-0.908721,0.028519000000000017,0.449527,0.018367000000000022,0.40335340143641063,0.9220729293467422,0.40335340143641063,0.5966465985635894,0.07792707065325777,-0.890354
1351,5.629167,walk,-0.405958,-1.632121,0.903479,0.019195,-0.038894,-0.463666,-0.08375329973602211,-0.4593232541396829,0.011759059275276937,-0.027864694378777033,-0.2192466411366708,0.39252814561977317,-0.11087113030957128,-0.07727381809454,0.20158387329014568,-0.014878809695226619,-0.03863690904724335,-0.008399328053756157,-0.0036229999999999873,0.30347999999999997,-0.889563,0.025295999999999985,-0.14588599999999996,-0.9088050000000001,0.028918999999999973,0.44936599999999993,0.019242000000000092,0.40309229770895694,0.9295897255282706,0.40309229770895694,0.5969077022910431,0.07041027447172943,-0.889563
1352,5.633333,walk,-0.406309,-1.634022,0.903607,0.01937,-0.038797,-0.464536,-0.08425348055687547,-0.45631301008158853,0.03072491598655781,-0.04071312075645531,-0.06363234773581732,0.4752783167848841,-0.10297647623618704,-0.08425348055687547,0.19539126260199027,-0.007441190590494261,-0.030724915986584462,-0.007921267402783394,-0.00370100000000001,0.30503000000000013,-0.888877,0.025615999999999972,-0.14411299999999994,-0.908966,0.029316999999999982,0.44914300000000007,0.020089000000000024,0.405125549005457,0.9456825622164501,0.405125549005457,0.594874450994543,0.054317437783549916,-0.888877
1353,5.6375,walk,-0.406696,-1.635896,0.903749,0.01949,-0.038624,-0.465244,-0.09287257019439497,-0.4497240220782378,0.034077273818090226,-0.002598907736514887,-0.0867813387090745,0.38623059311530483,-0.10703143748500656,-0.0974322054236014,0.2015838732901461,-0.01751859851211737,-0.02759779217664807,-0.02231821454283764,-0.0037599999999999856,0.30649799999999994,-0.888179,0.02593000000000001,-0.1423540000000001,-0.909201,0.029689999999999994,0.44885200000000003,0.021021999999999985,0.3761751790978112,0.9340319495000642,0.3761751790978112,0.6238248209021888,0.06596805049993582,-0.888179
1354,5.641667,walk,-0.407091,-1.637747,0.903948,0.019796,-0.038566,-0.465974,-0.09479241660667068,-0.44420446364294014,0.04775617950562954,-0.10700461174366913,-0.07890156920061132,0.4028510827713305,-0.10727141828654935,-0.11903047756175968,0.1951043916486773,0.005519558435324285,-0.023278137748931154,-0.025677945764339894,-0.0038120000000000376,0.30785300000000015,-0.8875649999999999,0.026347999999999983,-0.14059999999999984,-0.909507,0.03016000000000002,0.448453,0.021942000000000017,0.3597965527574754,0.9415074999808724,0.3597965527574754,0.6402034472425246,0.05849250001912765,-0.8875649999999999
1355,5.645833,walk,-0.407484,-1.639582,0.904175,0.019936,-0.038738,-0.466743,-0.0943350936149936,-0.4404704752760865,0.05448871819491003,-0.08759879169196373,0.05668334229620054,0.42049863085131145,-0.11497839654345779,-0.12337974075856126,0.18819011041768172,0.009121459433505882,-0.021363418146906576,-0.013442150744120243,-0.0038980000000000126,0.30917400000000006,-0.8870079999999999,0.026778999999999997,-0.1388539999999998,-0.90979,0.03067700000000001,0.44802799999999987,0.02278200000000008,0.3510106300034864,0.95526969478256,0.3510106300034864,0.6489893699965136,0.044730305217440036,-0.8870079999999999
1356,5.65,walk,-0.407893,-1.641428,0.904385,0.019899,-0.038912,-0.467429,-0.09815214782815555,-0.4430045596351584,0.05039596832253619,-0.014068919845567155,0.09548231897990651,0.37114606084142926,-0.10751139908804257,-0.12215022798170996,0.19030477561791834,0.0019198464122886156,-0.02327813774897948,-0.007919366450682629,-0.003936999999999968,0.3105110000000002,-0.886425,0.027195999999999998,-0.1371049999999998,-0.910033,0.031132999999999966,0.447616,0.023607999999999962,0.3466028851898837,0.9588946518656892,0.3466028851898837,0.6533971148101163,0.04110534813431077,-0.886425
1357,5.654167,walk,-0.408291,-1.643268,0.904649,0.01973,-0.039224,-0.468108,-0.09551235901128573,-0.4415646748259961,0.06335493160548453,0.010770007710725329,0.1835299302832623,0.3646205238848356,-0.11879049676027018,-0.13030957523403097,0.19606431485482015,-0.0035997120230352605,-0.02327813774898444,0.003119750419966543,-0.004033999999999982,0.31180799999999986,-0.885872,0.02757900000000002,-0.13536199999999998,-0.910284,0.031613,0.44716999999999985,0.02441199999999999,0.31639487486391976,0.9603991278718245,0.31639487486391976,0.6836051251360802,0.039600872128175535,-0.885872
1358,5.658333,walk,-0.408664,-1.64504,0.904965,0.019547,-0.039388,-0.468635,-0.08953432549208876,-0.42534805568896955,0.0758521363418166,0.04792600215735612,0.12093371420342192,0.28189168206471527,-0.13058089294287856,-0.14882381180986365,0.19635141622661248,0.012001920307248788,-0.020883341334656066,-0.005040806529044883,-0.004204999999999959,0.3129600000000001,-0.88537,0.028002000000000027,-0.13367700000000005,-0.910621,0.032206999999999986,0.4466370000000002,0.025251000000000023,0.2827506010486042,0.9589861213589917,0.2827506010486042,0.7172493989513957,0.04101387864100825,-0.88537
1359,5.6625,walk,-0.409082,-1.646859,0.905307,0.019601,-0.03985,-0.469316,-0.10031197504199497,-0.43652507799378404,0.08207343412526255,-0.11751197364774472,0.1971448865620887,0.37144047867216046,-0.12742980561555747,-0.15094792416607136,0.183585313174954,0.0038396928245780495,-0.022318214542813287,-0.0038396928245743025,-0.0043179999999999885,0.31415000000000015,-0.8849469999999999,0.028436000000000017,-0.13195099999999993,-0.910979,0.032754000000000005,0.4461010000000001,0.026032000000000055,0.2902136547551001,0.9617178173749616,0.2902136547551001,0.7097863452448999,0.03828218262503835,-0.8849469999999999
1360,5.666667,walk,-0.409521,-1.64867,0.905651,0.019619,-0.04019,-0.469962,-0.10535157187423787,-0.4346052315814024,0.08255339572833054,-0.0752364392841203,0.1528250310046888,0.3516786457380937,-0.12670986321092872,-0.1643868490520595,0.16966642668583654,0.0028797696184329233,-0.015358771298308925,0.000959923206143267,-0.004406999999999994,0.3152760000000001,-0.884584,0.02888700000000005,-0.130204,-0.911319,0.033294000000000046,0.4454800000000001,0.026734999999999953,0.2858554849618687,0.9739068771613253,0.2858554849618687,0.7141445150381314,0.02609312283867471,-0.884584
1361,5.670833,walk,-0.409987,-1.650454,0.905991,0.019692,-0.040538,-0.470654,-0.11185789726356297,-0.42822851656268585,0.08161305808930243,-0.09970295334132266,0.14479267647634086,0.3783084763740233,-0.12818050888142613,-0.16754680748923254,0.16706673067692207,0.00552088334133391,-0.011281805088793074,0.0014402304368699962,-0.004475000000000007,0.31636200000000003,-0.884228,0.029376000000000013,-0.1284669999999999,-0.911653,0.03385100000000002,0.4448289999999999,0.027425000000000033,0.2772541556738714,0.9789291181273103,0.2772541556738714,0.7227458443261285,0.021070881872689684,-0.884228
1362,5.675,walk,-0.410484,-1.652161,0.906336,0.019525,-0.040773,-0.471235,-0.11927045836334242,-0.4096472282217377,0.08279337652989092,0.02585132109317614,0.14877116367707302,0.31185844722627987,-0.13414926805855573,-0.18454523638110265,0.15502759779218306,0.009839212862961268,-0.0088792896568434,0.005039596832253694,-0.004536999999999958,0.3172999999999999,-0.883927,0.029913999999999996,-0.12679700000000005,-0.911977,0.034450999999999954,0.44409699999999996,0.02805000000000002,0.25977022892422574,0.9763680165639134,0.25977022892422574,0.7402297710757743,0.023631983436086634,-0.883927
1363,5.679167,walk,-0.410921,-1.653962,0.906741,0.019584,-0.041416,-0.471846,-0.10487161027117474,-0.4322054235661204,0.09719222462203196,-0.1617812454805367,0.2712503403743578,0.33464019204361084,-0.16078713702904596,-0.19462443004558008,0.17614590832734234,0.03383729301656076,0.01751859851211737,0.026877849772019496,-0.0047699999999999965,0.31828999999999996,-0.883598,0.030491999999999964,-0.12492300000000012,-0.91227,0.03526199999999996,0.4432130000000001,0.02867200000000003,0.21328000000000003,0.9222846629450252,0.21328000000000003,0.78672,0.0777153370549748,-0.883598
1364,5.683333,walk,-0.411378,-1.655654,0.907075,0.019248,-0.04155,-0.472404,-0.1096975516082524,-0.4061449831972636,0.08017282765240055,0.11996703451334927,0.1439249683538766,0.29543130085970287,-0.14426308209311994,-0.22323571771482784,0.11977916466633043,0.0069611137782038795,-0.0021603456552867326,-0.001440230436869689,-0.004913999999999974,0.3190519999999999,-0.8834329999999999,0.030978000000000006,-0.12324000000000002,-0.9126099999999999,0.03589199999999998,0.4422919999999999,0.02917700000000001,0.22233714828031254,0.9876173887497761,0.22233714828031254,0.7776628517196875,0.012382611250223885,-0.8834329999999999
1365,5.6875,walk,-0.411871,-1.657339,0.907417,0.0189,-0.041588,-0.472932,-0.1183105351571846,-0.4043676505879562,0.0820734341252892,0.14636086928821462,0.10537926414054467,0.2787995061049247,-0.1763858891288743,-0.2183825293976501,0.11591072714183413,-0.0059995200383965415,-0.010319174466046847,-0.003599712023038383,-0.005155999999999994,0.31982699999999986,-0.8832920000000001,0.031445999999999974,-0.1215980000000001,-0.9129670000000001,0.03660199999999997,0.44142499999999996,0.029675000000000007,0.20325000000000004,0.979220901995258,0.20325000000000004,0.79675,0.02077909800474198,-0.8832920000000001
1366,5.691667,walk,-0.412321,-1.659008,0.907797,0.018559,-0.041721,-0.473498,-0.10799136069115106,-0.4005279577634314,0.0911927045836221,0.12237231410937496,0.14475488764531316,0.29980045289431173,-0.17830573554116333,-0.23086153107750212,0.10991120710343676,-0.0011999040076739796,-0.006479481641468798,-0.002159827213822863,-0.005448999999999982,0.3205340000000001,-0.8832139999999999,0.031891,-0.11995599999999995,-0.913356,0.037339999999999984,0.44049000000000005,0.030142000000000002,0.19857999999999998,0.9884423779883225,0.19857999999999998,0.80142,0.011557622011677537,-0.8832139999999999
1367,5.695833,walk,-0.412764,-1.660624,0.908108,0.018146,-0.041836,-0.474026,-0.10633701392221973,-0.3879020643302557,0.07465194431109447,0.15632359704914797,0.15279613261678143,0.27777045655375404,-0.19059049447909518,-0.2671627460393645,0.1279404704752586,-0.0021603456553133823,-0.00600096015360979,-0.0007201152184349487,-0.005799999999999972,0.321037,-0.882992,0.03232499999999999,-0.11836499999999983,-0.91367,0.038124999999999964,0.43940199999999985,0.030677999999999983,0.19322,0.9893024948334949,0.19322,0.80678,0.010697505166505139,-0.882992
1368,5.7,walk,-0.413196,-1.66224,0.908438,0.017806,-0.042019,-0.474539,-0.10367170626350077,-0.3878089752819567,0.07919366450682902,0.10973955996620997,0.1646389919760091,0.27133670516717284,-0.20614350851932756,-0.29157667386609587,0.10271178305736041,0.0019198464122890248,-0.001679865610772879,-0.0014398848092153115,-0.0062269999999999825,0.3214379999999999,-0.882894,0.03276499999999999,-0.11675600000000008,-0.914006,0.03899199999999997,0.438194,0.03111200000000003,0.18888,0.995117768332217,0.18888,0.8111200000000001,0.00488223166778301,-0.882894
1369,5.704167,walk,-0.413658,-1.663793,0.908821,0.017145,-0.041975,-0.475154,-0.1108711303095846,-0.3726901847852672,0.09191264698825047,0.29859819274699045,0.14363456468387428,0.3187203451061958,-0.2155027597792299,-0.3141348692104786,0.10871130309575695,0.0014398848092167685,0.00023998080151614568,-0.0014398848092153115,-0.0066629999999999745,0.321682,-0.8828239999999999,0.03323300000000001,-0.11520200000000003,-0.914395,0.03989599999999999,0.43688400000000005,0.031571000000000016,0.18429,0.996582671888124,0.18429,0.8157099999999999,0.0034173281118760057,-0.8828239999999999
1370,5.708333,walk,-0.414174,-1.665228,0.909161,0.016614,-0.04158,-0.475713,-0.12385981757081177,-0.3444551128180429,0.08161305808930243,0.3231204259545391,-0.0353854764879806,0.2908727908932363,-0.232357177148368,-0.3470955352856339,0.09097455592895605,0.0048007681229048456,0.0038406144983238765,-0.0028804608737399923,-0.007115000000000038,0.32167100000000004,-0.882785,0.03376899999999999,-0.11375100000000016,-0.914747,0.04088400000000003,0.4354220000000002,0.031961999999999935,0.18038000000000004,0.988684481017968,0.18038000000000004,0.81962,0.01131551898203198,-0.882785
1371,5.7125,walk,-0.414695,-1.666549,0.909545,0.015911,-0.040934,-0.476249,-0.12502999760016953,-0.3170146388288712,0.09215262778977361,0.452628531603487,-0.10265593250826564,0.2735098554515356,-0.23662107031433208,-0.3798896088312568,0.06167506599471016,0.0028797696184329233,0.006239500839951322,0.0011999040076791359,-0.007580000000000031,0.32140900000000006,-0.882912,0.034302,-0.11240399999999995,-0.915126,0.04188200000000003,0.433813,0.032213999999999965,0.17786000000000002,0.9883733766468401,0.17786000000000002,0.82214,0.011626623353159893,-0.882912
1372,5.716667,walk,-0.415217,-1.667779,0.909856,0.015287,-0.040259,-0.47682,-0.12526997840173898,-0.2951763858891045,0.07463402927764924,0.4264855841040044,-0.1322577778359545,0.294836502117037,-0.2577393808495351,-0.40820734341253423,0.038396928245742194,0.0007199424046017234,-0.0007199424046017234,0.005999520038397166,-0.008131999999999973,0.32093799999999995,-0.883063,0.034827,-0.11117700000000008,-0.915412,0.04295899999999997,0.432115,0.03234899999999996,0.17651,0.9898578335068366,0.17651,0.82349,0.010142166493163352,-0.883063
1373,5.720833,walk,-0.415598,-1.669108,0.910179,0.014646,-0.03983,-0.477162,-0.0914546327412507,-0.3190110417667405,0.07753240518482664,0.37384450310871614,-0.028578263487401175,0.17038723651948828,-0.27220355256843826,-0.4373499759961917,0.01944311089774464,0.004080652904462456,0.0038406144983238765,0.00024003840614503406,-0.008884999999999976,0.3204450000000001,-0.883305,0.035225000000000006,-0.10983199999999993,-0.9157339999999999,0.04410999999999998,0.430277,0.03242899999999993,0.17571000000000003,0.9906518471391019,0.17571000000000003,0.82429,0.009348152860898074,-0.883305
1374,5.725,walk,-0.415941,-1.6705,0.910469,0.013783,-0.039479,-0.477574,-0.08231341492680534,-0.33405327573797056,0.06959443244541054,0.45048496613126415,0.056370390154976815,0.20397717108935984,-0.3095752339812988,-0.46268298536122865,0.03647708183345567,-0.0035997120230352605,-0.0002399808015694321,0.003599712023038383,-0.009832000000000007,0.319909,-0.883443,0.035553,-0.10844100000000001,-0.916009,0.04538500000000001,0.42835,0.032565999999999984,0.17434000000000005,0.9915059752893393,0.17434000000000005,0.82566,0.008494024710660741,-0.883443
1375,5.729167,walk,-0.416279,-1.671838,0.910772,0.013125,-0.039128,-0.478044,-0.08111351091911408,-0.32109431245491127,0.07271418286537136,0.3649971381484697,0.010446686757585552,0.24054365042467052,-0.3155747540196281,-0.4982001439883895,-0.0019198464122869502,0.0031197504199623393,0.003839692824577231,0.005759539236860019,-0.010809000000000013,0.31917099999999987,-0.883754,0.03590399999999999,-0.10708700000000015,-0.916288,0.046713000000000005,0.426258,0.03253399999999995,0.17466000000000004,0.9873455787380572,0.17466000000000004,0.82534,0.012654421261942828,-0.883754
1376,5.733333,walk,-0.416556,-1.673256,0.911106,0.012431,-0.03907,-0.478562,-0.06649063850215882,-0.34037445991364706,0.08017282765241765,0.31365485715931596,0.14317743570936514,0.2674766441312561,-0.3161305808929576,-0.5261641862698381,-0.02664426308209524,0.0016802688430233583,0.0033605376860733663,0.0028804608737399923,-0.011848999999999998,0.31839700000000004,-0.884199,0.036188,-0.10565499999999983,-0.9166099999999999,0.048036999999999996,0.4240519999999999,0.03241099999999997,0.17589,0.9921095043513131,0.17589,0.82411,0.007890495648686935,-0.884199
1377,5.7375,walk,-0.416845,-1.674628,0.911385,0.011745,-0.038856,-0.479063,-0.06935445164388107,-0.32925365970722137,0.06695464362851979,0.34581457870741356,0.07525118931533822,0.25789148435979375,-0.3410127189824983,-0.556755459563231,-0.02231821454283743,0.0028797696184202155,0.005039596832212064,0.00047996160307183986,-0.012980999999999965,0.3174490000000001,-0.884571,0.036488999999999994,-0.10426200000000008,-0.916887,0.04946999999999996,0.42171100000000017,0.03231600000000001,0.17684000000000005,0.9902930476766447,0.17684000000000005,0.8231599999999999,0.009706952323355278,-0.884571
1378,5.741667,walk,-0.417153,-1.675941,0.911663,0.011222,-0.038546,-0.479522,-0.07391408687304753,-0.3150947924165965,0.066714662826977,0.29864711131561494,-0.0033323396572021674,0.23804849224003427,-0.3460523158147503,-0.5785937125030653,-0.05207583393328817,0.003119750419976326,0.003359731221545758,-0.00023998080153591993,-0.014114999999999989,0.3163509999999998,-0.885066,0.03681000000000001,-0.102935,-0.917166,0.050925,0.4192859999999998,0.03210000000000002,0.17900000000000005,0.9923481615591274,0.17900000000000005,0.821,0.007651838440872583,-0.885066
1379,5.745833,walk,-0.417445,-1.677283,0.911952,0.010551,-0.03836,-0.480027,-0.07009121459432918,-0.3221315410465666,0.06937109937588694,0.3331470331036994,0.08372478779864016,0.2609636809636231,-0.3521363418146422,-0.6188190110416764,-0.04776764282284473,0.00264042246759044,0.0028804608737156437,-0.001920307249159655,-0.01528999999999997,0.31511500000000003,-0.885554,0.03711300000000001,-0.10158099999999992,-0.917463,0.05240299999999998,0.41669599999999996,0.031909000000000076,0.18091000000000002,0.9927434961005205,0.18091000000000002,0.81909,0.007256503899479516,-0.885554
1380,5.75,walk,-0.417709,-1.67857,0.912245,0.009506,-0.038141,-0.480447,-0.0633549316054712,-0.3088552915766438,0.07031437485001227,0.4966782472629322,0.1546040760807013,0.2064494521612708,-0.3815694744420707,-0.6371490280777473,-0.057355411567077165,0.002399808015361281,0.003359731221492472,0.0016798656107512315,-0.01661600000000002,0.313747,-0.8860859999999999,0.037387000000000004,-0.10028000000000015,-0.9177489999999999,0.05400300000000002,0.41402700000000014,0.031663,0.18336999999999998,0.9925709240776811,0.18336999999999998,0.81663,0.007429075922318895,-0.8860859999999999
1381,5.754167,walk,-0.417982,-1.67981,0.912502,0.00861,-0.037721,-0.480789,-0.06551475881930302,-0.2975761939045324,0.06167506599473829,0.4791579345570075,0.03450549563230269,0.1664559796510536,-0.3870890328773816,-0.6496280297576527,-0.0950323974082118,0.002879769618433537,0.003359731221492472,0.0007199424046077598,-0.017955999999999972,0.3122800000000001,-0.886739,0.03767200000000004,-0.09902600000000006,-0.918003,0.05562800000000001,0.41130600000000017,0.03126399999999996,0.18736000000000003,0.9925279810846145,0.18736000000000003,0.81264,0.007472018915385514,-0.886739
1382,5.758333,walk,-0.418251,-1.681043,0.912776,0.007891,-0.037432,-0.481145,-0.06457033125298312,-0.29596735477673414,0.06577052328371574,0.37479243570061677,0.04907949186259594,0.178509584920082,-0.39870379260676936,-0.6692270763321265,-0.08185309649542855,0.0028804608737289686,0.00264042246759044,0.001440230436869689,-0.019348000000000032,0.31072500000000014,-0.887354,0.03795299999999996,-0.09778200000000004,-0.9182710000000001,0.05730099999999999,0.4085070000000002,0.030917000000000083,0.19083,0.9930591488346718,0.19083,0.80917,0.006940851165328166,-0.887354
1383,5.7625,walk,-0.41854,-1.682192,0.91303,0.007016,-0.037217,-0.481472,-0.06935445164388107,-0.2757379409646981,0.060955123590109926,0.42271679146932295,0.11585570062474916,0.16019138663400165,-0.44132469402449326,-0.6937844972402469,-0.08207343412527338,0.0011999040076873012,0.0023998080153746024,0.00047996160307183986,-0.020897999999999972,0.308983,-0.88795,0.03824700000000003,-0.09662300000000013,-0.918523,0.059145,0.40560600000000013,0.03057299999999996,0.19427,0.9954572367443912,0.19427,0.8057300000000001,0.004542763255608762,-0.88795
1384,5.766667,walk,-0.418841,-1.683281,0.913244,0.006182,-0.036921,-0.481782,-0.07223422126230128,-0.26133909287261037,0.0513558915286648,0.4239370893248835,0.07208508918534165,0.15150989805719878,-0.42548596112313547,-0.7254619630429892,-0.09767218622510672,0.0,0.0009599232061711556,0.0,-0.02237,0.3070490000000001,-0.888571,0.03854800000000003,-0.09552999999999989,-0.9187369999999999,0.06091800000000003,0.402579,0.030165999999999915,0.19834000000000002,0.9984001279897148,0.19834000000000002,0.80166,0.0015998720102852193,-0.888571
1385,5.770833,walk,-0.41913,-1.684347,0.913497,0.005345,-0.036502,-0.482006,-0.06937109937590173,-0.25588094095057506,0.06072971675469966,0.45237874011718787,0.019922074517716278,0.10368488131700555,-0.43422947671631024,-0.7371579452713128,-0.10777724435910635,0.003120499279881487,0.001440230436858129,-0.0004800768122900681,-0.023890000000000022,0.3050440000000001,-0.889273,0.038849999999999996,-0.09445799999999993,-0.918992,0.06274000000000002,0.399502,0.02971900000000005,0.20281000000000005,0.9942163416967642,0.20281000000000005,0.79719,0.005783658303235795,-0.889273
1386,5.775,walk,-0.419397,-1.685413,0.913791,0.004529,-0.03614,-0.482255,-0.0640748740100726,-0.2558195344372049,0.07055435565154002,0.4306522116540112,0.039387342723303784,0.11854976050988919,-0.44972402207815526,-0.7590592752578587,-0.11303095752337901,-0.00023998080152941612,0.0011999040076870456,-0.00023998080153586878,-0.025496999999999992,0.3029470000000001,-0.890038,0.03911600000000004,-0.09338699999999989,-0.919287,0.06461300000000003,0.39633399999999996,0.02924899999999997,0.20751000000000003,0.9979217052944835,0.20751000000000003,0.7924899999999999,0.002078294705516459,-0.890038
1387,5.779167,walk,-0.419588,-1.686471,0.914074,0.003975,-0.035863,-0.482368,-0.04583633309335384,-0.2538996880249704,0.0679145668346643,0.29870538449706036,0.012942242262525806,0.049573852816837106,-0.45908327333815346,-0.8159347252220363,-0.12383009359251804,-0.0009599232061445124,0.0009599232061178691,0.0011999040076793915,-0.027218999999999993,0.300605,-0.8908370000000001,0.03930300000000003,-0.09232499999999999,-0.9195650000000001,0.06652200000000003,0.39293,0.028727999999999976,0.21272000000000002,0.9969803078012893,0.21272000000000002,0.78728,0.0030196921987106773,-0.8908370000000001
1388,5.783333,walk,-0.419814,-1.68751,0.914316,0.003414,-0.035844,-0.482623,-0.05424867978877145,-0.24939990398466022,0.058089294287082004,0.24424710792208765,0.12477486250837655,0.12924780746484718,-0.4719155064810666,-0.8122899663947004,-0.14522323571772666,0.0009601536245809691,0.00048007681230380936,0.00024003840614503406,-0.028958999999999957,0.29825999999999997,-0.891684,0.03953300000000004,-0.09128399999999992,-0.919806,0.068492,0.3895439999999999,0.02812199999999998,0.21878000000000003,0.9981666763902285,0.21878000000000003,0.78122,0.0018333236097715089,-0.891684
1389,5.7875,walk,-0.420002,-1.688526,0.914513,0.002196,-0.035557,-0.482552,-0.045116390688738794,-0.2438204943604397,0.04727621790257061,0.5769197985202181,0.16053305693821207,-0.0630447035876477,-0.4826013918886807,-0.815934725221983,-0.12502999760019784,0.0004799616030722562,0.0011999040076873012,0.002879769618430623,-0.03078200000000003,0.29587600000000003,-0.892402,0.03972300000000001,-0.09026299999999998,-0.919991,0.07050500000000004,0.386139,0.027588999999999975,0.22411000000000003,0.9947392422854255,0.22411000000000003,0.77589,0.00526075771457446,-0.892402
1390,5.791667,walk,-0.420203,-1.68958,0.914681,0.00111,-0.035392,-0.482427,-0.04823614110870484,-0.25293976481879865,0.04031677465800764,0.4923209950760255,0.1807729632804573,-0.0886978313774784,-0.5032397408206405,-0.8351331893447485,-0.1219102471802047,-0.0007199424046148916,-0.00143988480920314,-0.0011999040076791359,-0.032677999999999985,0.29345,-0.8930779999999999,0.039920999999999984,-0.08921499999999982,-0.920164,0.07259899999999997,0.3826649999999998,0.027086000000000054,0.22914,0.9966536276036658,0.22914,0.77086,0.003346372396334174,-0.8930779999999999
1391,5.795833,walk,-0.420443,-1.69051,0.914852,0.000361,-0.035129,-0.482551,-0.057609217474804846,-0.22323571771482215,0.041046567450803116,0.3776973880022284,0.06399903394249337,0.05271674245169168,-0.5804128660586229,-0.8977436389822734,-0.2246759481517219,0.0007201152184423892,-0.00024003840617855429,0.0004800768122900681,-0.034856,0.29064,-0.894185,0.04016400000000003,-0.08828600000000009,-0.920333,0.07502000000000003,0.3789260000000001,0.02614799999999995,0.23852,0.998503097540872,0.23852,0.7614799999999999,0.0014969024591280355,-0.894185
1392,5.8,walk,-0.420719,-1.691422,0.914992,-0.000305,-0.034885,-0.482701,-0.06623470122390475,-0.21886249100073568,0.03359731221503129,0.3387780911476167,0.05301549560105632,0.06872708146027824,-0.5193184545236617,-0.8552915766739345,-0.13558915286777748,-0.0014398848092167685,0.0004799616030855778,0.0011999040076793915,-0.036744,0.2879879999999999,-0.8948900000000001,0.040434000000000025,-0.087372,-0.9204680000000001,0.07717800000000002,0.3753599999999999,0.02557799999999999,0.24422000000000005,0.9967753548722832,0.24422000000000005,0.7557799999999999,0.0032246451277168076,-0.8948900000000001
1393,5.804167,walk,-0.420918,-1.691942,0.91523,0.000421,-0.035198,-0.483392,-0.047756179505642864,-0.12479001679868003,0.057115430765531876,-0.36581486851436623,-0.030239424073898465,0.3937094346675576,-0.5209983201344078,-0.9244060475162329,-0.16294696424286778,-0.0038396928245780495,-0.00023998080151614568,0.003119750419966543,-0.03871599999999997,0.284656,-0.895807,0.040617000000000014,-0.08685299999999985,-0.920693,0.07933299999999999,0.37150899999999987,0.024885999999999964,0.25114000000000003,0.9917447534435007,0.25114000000000003,0.74886,0.00825524655649934,-0.895807
1394,5.808333,walk,-0.421074,-1.692808,0.915317,-0.00081,-0.034727,-0.48353,-0.037445991358609834,-0.2078732597215356,0.020883341334624963,0.6285463373182427,0.08889746420626621,0.05070302160446636,-0.5196831493038258,-0.927508401344059,-0.14474315890540532,-0.003600576092171204,-0.0002400384061785031,0.001920307249159655,-0.04072500000000001,0.2816580000000002,-0.8964970000000001,0.040758000000000016,-0.08598799999999995,-0.920772,0.08148300000000003,0.36764600000000014,0.024274999999999936,0.25725000000000003,0.9931871553984952,0.25725000000000003,0.74275,0.006812844601504775,-0.8964970000000001
1395,5.8125,walk,-0.421222,-1.693609,0.915412,-0.001811,-0.034303,-0.483735,-0.03551715862730699,-0.19222462203020546,0.022798176145898866,0.522067868749299,0.0558695855938342,0.09195184748407437,-0.5418766498680311,-0.9260859131270057,-0.11927045836333659,-0.005519558435324285,0.0007199424046017234,0.0009599232061434717,-0.04283500000000001,0.27859999999999996,-0.897089,0.040883,-0.08518400000000015,-0.920863,0.08371800000000001,0.3637840000000001,0.023773999999999962,0.26226000000000005,0.9905858712935474,0.26226000000000005,0.73774,0.00941412870645264,-0.897089
1396,5.816667,walk,-0.4214,-1.694349,0.915451,-0.002718,-0.033736,-0.483965,-0.04271658267339083,-0.17758579313660158,0.009359251259902335,0.5162331298761683,-0.025835559010120822,0.10619059845625742,-0.5382769378449958,-0.9491240700744208,-0.120950323974087,-0.0009599232061445124,-0.00023998080151614568,-0.0014398848092153115,-0.044899999999999995,0.2753850000000002,-0.897632,0.04105700000000001,-0.08444499999999988,-0.9209080000000001,0.085957,0.3598300000000001,0.023276000000000074,0.26724000000000003,0.9970881889891722,0.26724000000000003,0.73276,0.002911811010827825,-0.897632
1397,5.820833,walk,-0.421542,-1.695041,0.915518,-0.003342,-0.033233,-0.484317,-0.03408545367257716,-0.16610657705228568,0.01608257321172114,0.38475108175704936,-0.06376892144151056,0.17812944214818666,-0.5674507921266722,-0.9397503600575104,-0.1361017762841876,-0.004080652904461586,0.001680268843036325,0.0009601536245797234,-0.04712200000000005,0.272162,-0.898266,0.041181999999999996,-0.08374599999999988,-0.9209710000000001,0.08830400000000005,0.3559079999999999,0.022705000000000086,0.27295,0.9924728405655913,0.27295,0.72705,0.007527159434408737,-0.898266
1398,5.825,walk,-0.421644,-1.695749,0.91559,-0.003947,-0.032809,-0.484607,-0.024478041756671745,-0.1699064074873922,0.017278617710574578,0.3572868666217601,-0.0353842392389971,0.14575955007028188,-0.5809935205183733,-0.9469642428606156,-0.11087113030958044,-0.023518118550527232,-0.006959443244554375,-0.004079673626110014,-0.04944099999999996,0.26892399999999994,-0.8988,0.041186,-0.083067,-0.92106,0.09062699999999996,0.35199099999999994,0.022259999999999946,0.27740000000000004,0.9585613074220078,0.27740000000000004,0.7225999999999999,0.04143869257799215,-0.8988
1399,5.829167,walk,-0.421549,-1.696085,0.91589,-0.002263,-0.031481,-0.486485,0.022798176145912185,-0.08063354931608575,0.0719942404607585,-0.3661744452670503,-0.9368335929489318,1.041697676014861,-0.5795536357091698,-0.9887209023278353,-0.08951283897288585,0.0052795776337948176,-0.0011999040076873012,-0.00023998080153591993,-0.05195099999999997,0.26514000000000015,-0.899473,0.04111300000000001,-0.08273599999999992,-0.921361,0.09306399999999998,0.3478760000000001,0.02188800000000002,0.28112000000000004,0.9909674507714175,0.28112000000000004,0.71888,0.009032549228582543,-0.899473
1400,5.833333,walk,-0.421674,-1.696704,0.915903,-0.00277,-0.030744,-0.486818,-0.03000480076812197,-0.1485837734037384,0.003120499279894812,0.38985023887764947,-0.18844254771416177,0.1687200707416268,-0.596735477676486,-0.9704752760442484,-0.10129620739319146,0.0009601536245809691,-0.00024003840612525507,0.0016802688430150303,-0.05431200000000003,0.26171600000000006,-0.899908,0.041242,-0.08211799999999991,-0.921367,0.09555400000000003,0.343834,0.021459000000000006,0.28541000000000005,0.9967498646164872,0.28541000000000005,0.71459,0.00325013538351282,-0.899908
1401,5.8375,walk,-0.42173,-1.697244,0.915923,-0.002975,-0.030057,-0.487232,-0.013438924886006986,-0.12958963282934832,0.004799616030721539,0.25279796206079747,-0.2374257281587256,0.2181220374093156,-0.5901127909766204,-0.9918406527476535,-0.11015118790494899,0.005519558435323109,0.0026397888168901854,0.0026397888168941406,-0.056715000000000015,0.2581229999999999,-0.900387,0.041321,-0.08156699999999995,-0.9213760000000001,0.09803600000000001,0.3396899999999998,0.020989000000000035,0.29011,0.9888941337677728,0.29011,0.70989,0.011105866232227202,-0.900387
1402,5.841667,walk,-0.421889,-1.697805,0.915838,-0.00348,-0.029098,-0.487285,-0.03815694744421106,-0.13462922966164131,-0.020398368130550903,0.43656569502483694,-0.28370676457023447,0.013312559834985334,-0.6095512359011526,-0.9889608831293514,-0.09023278137749383,0.015118790496756088,-0.0002399808015694321,0.002639788816894911,-0.05909599999999998,0.2545630000000001,-0.9006780000000001,0.041543,-0.08100700000000005,-0.92128,0.10063899999999998,0.33557000000000015,0.020601999999999898,0.29398,0.9744176763571815,0.29398,0.70602,0.02558232364281854,-0.9006780000000001
1403,5.845833,walk,-0.422029,-1.698424,0.915752,-0.004226,-0.028337,-0.487193,-0.033605376860293946,-0.1485837734037384,-0.02064330292847751,0.4891817498869143,-0.14520069437557678,-0.0673165411345577,-0.6106577052328834,-1.0009601536246608,-0.09025444071052073,0.012481997119539274,-0.002880460873716258,0.00024003840614503406,-0.0615,0.251012,-0.900968,0.04173499999999997,-0.08040000000000003,-0.921193,0.10323499999999997,0.33141200000000004,0.02022500000000005,0.29775,0.9786461735556454,0.29775,0.70225,0.021353826444354573,-0.900968
1404,5.85,walk,-0.422157,-1.69902,0.915672,-0.004827,-0.027738,-0.487089,-0.03071754259659775,-0.14302855771539913,-0.019198464122863603,0.39027434742095374,-0.11119566688378955,-0.07026061286724901,-0.6193904487641272,-1.006239500840006,-0.09407247420206813,0.008879289656830078,0.0019198464122890248,0.002159827213822863,-0.06395299999999998,0.24741499999999994,-0.9012800000000001,0.04189999999999999,-0.07979599999999998,-0.921104,0.10585299999999997,0.3272109999999999,0.019823999999999953,0.30176000000000003,0.9844371838586115,0.30176000000000003,0.69824,0.015562816141388547,-0.9012800000000001
1405,5.854167,walk,-0.422278,-1.699612,0.915606,-0.005104,-0.027301,-0.487111,-0.029037676985832005,-0.14206863450919768,-0.015838732901367756,0.21850788581977368,-0.11837731331501397,0.004516888556295286,-0.63234941204693,-1.0033597312213318,-0.08231341492679196,-0.003839692824577231,-0.0021598272138579964,-0.003839692824573276,-0.066467,0.24382599999999988,-0.901557,0.04200499999999996,-0.0792130000000002,-0.921054,0.10847199999999996,0.3230390000000001,0.019496999999999987,0.30503,0.9902601426590543,0.30503,0.69497,0.009739857340945735,-0.901557
1406,5.858333,walk,-0.422413,-1.7002,0.915546,-0.00554,-0.026948,-0.48708,-0.03240518482957439,-0.14114258281326922,-0.014402304368714536,0.26478868252473786,-0.04623342589447748,-0.025650353577323627,-0.6339414306289519,-1.0144023043687944,-0.07969275084014091,-0.007441190590482523,-0.002160345655287193,-0.0016802688430150303,-0.068973,0.24018799999999985,-0.901829,0.04210900000000001,-0.07863400000000009,-0.921001,0.11108200000000001,0.31882199999999994,0.019171999999999967,0.30828,0.9867857700713071,0.30828,0.69172,0.013214229928692922,-0.901829
1407,5.8625,walk,-0.422574,-1.700778,0.915501,-0.006007,-0.02659,-0.486974,-0.03863690904728332,-0.1387089032877355,-0.010799136069105781,0.27780295550527306,-0.04140086618230537,-0.0670661553344632,-0.6409887209023654,-1.0297576193904532,-0.04415646748260344,0.01247900167986534,0.006239500839952652,0.01079913606911494,-0.07148300000000002,0.236475,-0.901968,0.042322000000000026,-0.07803000000000004,-0.920911,0.11380500000000005,0.31450500000000003,0.018943000000000043,0.31057,0.9705948703692181,0.31057,0.68943,0.0294051296307819,-0.901968
1408,5.866667,walk,-0.422767,-1.701338,0.915474,-0.006368,-0.026213,-0.486909,-0.0463162946964261,-0.13438924886012515,-0.006479481641468798,0.2384162765638749,-0.0739746084743094,-0.043447026226461065,-0.6633069354451919,-1.0088792896568968,-0.04271658267338792,-0.002879769618433537,-0.002159827213858457,0.002159827213822863,-0.07405400000000001,0.232831,-0.902119,0.04250300000000001,-0.07747900000000008,-0.920875,0.11655700000000002,0.3103100000000001,0.018755999999999995,0.31244,0.9930034174527556,0.31244,0.68756,0.006996582547244445,-0.902119
1409,5.870833,walk,-0.422924,-1.701874,0.915487,-0.006512,-0.025893,-0.486927,-0.03768602976476169,-0.12866058569371583,0.0031204992798941466,0.13538779504565593,-0.10048916380155445,0.005221334382170055,-0.6363418146902686,-1.037926068170767,-0.05976956313009304,-0.0038406144983230577,-0.0031204992798408476,0.0024003840614496208,-0.076548,0.2290430000000001,-0.9023810000000001,0.042644000000000015,-0.0769559999999998,-0.9208780000000001,0.11919200000000002,0.3059989999999999,0.018496999999999986,0.31503000000000003,0.9908333819512383,0.31503000000000003,0.68497,0.009166618048761732,-0.9023810000000001
1410,5.875,walk,-0.4231,-1.702371,0.915476,-0.006636,-0.025606,-0.486902,-0.04223662107030526,-0.1192704583633291,-0.0026397888169173915,0.11865312387215272,-0.09147527667116268,-0.018055165045061047,-0.665226781857481,-1.0158387329013978,-0.02207823374130172,-0.0011999040076739796,-0.0023998080153746024,0.003359731221502463,-0.07914400000000005,0.22530700000000015,-0.902462,0.04281499999999999,-0.0764689999999999,-0.9208529999999999,0.12195900000000004,0.30177600000000004,0.018390999999999935,0.31609000000000004,0.9928339841343892,0.31609000000000004,0.68391,0.007166015865610831,-0.902462
1411,5.879167,walk,-0.423294,-1.702837,0.915462,-0.00675,-0.025328,-0.486818,-0.04655627549796888,-0.11183105351568916,-0.003359731221492472,0.11153247033843199,-0.09024624336506995,-0.05010477968322832,-0.6522678185745434,-1.015838732901451,-0.03191744660427298,-0.003119750419976326,-0.003119750419976326,0.002639788816894703,-0.08166800000000002,0.22153999999999985,-0.902581,0.04299599999999998,-0.07601600000000008,-0.920828,0.124664,0.29755599999999993,0.018247000000000013,0.31753,0.9914309714080158,0.31753,0.68247,0.008569028591984162,-0.902581
1412,5.883333,walk,-0.423495,-1.703317,0.915463,-0.006729,-0.025005,-0.486723,-0.04824771963513677,-0.11521843494958513,0.0002400384061518535,0.06532666442972192,-0.14075468553751283,-0.055335238578568674,-0.6565050408064248,-1.0355256841093017,-0.010561689870377998,-0.003840614498309733,-0.0028804608737156437,0.0002400384061449829,-0.08420199999999994,0.21770599999999996,-0.902626,0.043181000000000025,-0.07554799999999995,-0.920828,0.12738299999999997,0.2932539999999999,0.01820199999999994,0.31798000000000004,0.9919887244381472,0.31798000000000004,0.68202,0.008011275561852771,-0.902626
1413,5.8875,walk,-0.423694,-1.703789,0.915475,-0.00676,-0.02464,-0.48658,-0.047756179505642864,-0.11327093832494589,0.002879769618433537,0.09625516357255469,-0.14633207889319316,-0.08227180296244302,-0.65082793376534,-1.0340772738181168,-0.023998080153588664,-0.0016798656107595575,-0.0035997120230619037,-0.00023998080153591993,-0.08671499999999999,0.2138690000000001,-0.902738,0.043372999999999995,-0.07509100000000002,-0.920841,0.13008799999999998,0.2889600000000001,0.01810299999999998,0.31897,0.9933672810367645,0.31897,0.68103,0.006632718963235473,-0.902738
1414,5.891667,walk,-0.423906,-1.704216,0.915472,-0.006748,-0.02428,-0.486474,-0.05087592992560587,-0.10247180225581345,-0.0007199424046283667,0.07756400340694108,-0.15417398146389077,-0.061801910307941514,-0.6563474922006642,-1.0182385409167725,-0.0002399808015357118,-0.002159827213818492,-0.0009599232061178691,0.0009599232061436797,-0.08923800000000004,0.21005300000000005,-0.902736,0.043576000000000004,-0.07466799999999996,-0.9208339999999999,0.13281400000000004,0.284721,0.018097999999999947,0.31902,0.9957482818123833,0.31902,0.6809799999999999,0.004251718187616715,-0.902736
1415,5.895833,walk,-0.424104,-1.704615,0.915484,-0.006707,-0.02391,-0.486437,-0.04752760441670467,-0.09577532405186505,0.002880460873742907,0.06868993139851692,-0.1649452976123274,-0.023473464356364347,-0.6829092654825281,-1.0513682189151219,-0.03912626020163535,-0.002160345655300518,-0.001440230436911428,0.0021603456553048904,-0.09188500000000005,0.20607200000000003,-0.902911,0.043765,-0.07427500000000009,-0.920837,0.13565000000000005,0.2803470000000001,0.017925999999999997,0.32074,0.9943706003842484,0.32074,0.67926,0.005629399615751596,-0.902911
1416,5.9,walk,-0.424282,-1.704999,0.915492,-0.006662,-0.023616,-0.486434,-0.04271658267338173,-0.09215262778974698,0.0019198464122886156,0.049710721474531844,-0.1338503568155939,-0.004022252251173606,-0.658507319414329,-1.0172786177104376,0.007439404847610891,-0.0007199424046148916,0.00023998080156938096,0.0011999040076791359,-0.09445100000000001,0.20221699999999987,-0.902888,0.04393999999999998,-0.07389000000000001,-0.92084,0.138391,0.2761069999999999,0.017951999999999968,0.32048,0.997633757386154,0.32048,0.67952,0.0023662426138459924,-0.902888
1417,5.904167,walk,-0.424444,-1.705406,0.915499,-0.00667,-0.023328,-0.486415,-0.03887688984881279,-0.09767218622511754,0.001679865610746236,0.07031980494070987,-0.11900090724120846,-0.013178533742611796,-0.6661867050636255,-1.0177585793136867,-0.011519078473722908,-0.0004799616030722562,0.00047996160303229136,0.002639788816894911,-0.09706500000000001,0.19838299999999998,-0.9029429999999999,0.04409999999999997,-0.07348100000000013,-0.920836,0.14116499999999998,0.2718640000000001,0.017893000000000048,0.32107,0.9954572367444312,0.32107,0.67893,0.004542763255568794,-0.9029429999999999
1418,5.908333,walk,-0.42461,-1.70582,0.915505,-0.006772,-0.023027,-0.48634,-0.039846375420070246,-0.09937590014401038,0.0014402304368847784,0.11205969612289274,-0.10269763067349312,-0.04499557272156726,-0.6574651944311724,-1.0045607297168595,0.016562650024005476,-0.00048007681229048457,-0.0016802688429833838,-0.0014402304368699962,-0.09963800000000006,0.19461199999999979,-0.90288,0.04426399999999997,-0.07307400000000008,-0.920848,0.14390200000000003,0.26768599999999987,0.017967999999999984,0.32032,0.9962258036758042,0.32032,0.6796800000000001,0.0037741963241958443,-0.90288
1419,5.9125,walk,-0.424758,-1.706202,0.915516,-0.006785,-0.022656,-0.486283,-0.035517158627320314,-0.09167266618673432,0.0026397888168907483,0.09128378508183502,-0.15277404901420175,-0.03504875103706862,-0.6700263978881769,-0.9992800575953983,0.0206383489320862,0.0,0.0014398848092034469,0.00047996160307163174,-0.10228199999999993,0.19083000000000006,-0.902805,0.04441200000000001,-0.07268600000000003,-0.920857,0.14669399999999994,0.2635160000000001,0.018052000000000068,0.31948,0.9974703802414647,0.31948,0.68052,0.002529619758535273,-0.902805
1420,5.916667,walk,-0.424926,-1.706558,0.915508,-0.006765,-0.02231,-0.486292,-0.040316774658020964,-0.08543316534676346,-0.0019198464122886156,0.07245873465519431,-0.14978610737882364,0.0021636656621206152,-0.6563474922005244,-0.9930405567552872,0.011519078473720037,0.00023998080154273774,0.00023998080151609453,-0.0007199424046073983,-0.10484899999999997,0.1870480000000001,-0.902749,0.04458100000000004,-0.07232900000000009,-0.920852,0.14943,0.2593770000000002,0.01810299999999998,0.31897,0.998673456207368,0.31897,0.68103,0.0013265437926319734,-0.902749
1421,5.920833,walk,-0.425071,-1.706912,0.915516,-0.006755,-0.022028,-0.486389,-0.034805568891013494,-0.08497359577532249,0.0019203072491619383,0.06282992734960728,-0.12041075641827605,0.05060625763411648,-0.6526644263082675,-1.0074411905905758,0.026164186269805174,-0.00024003840615190468,0.0009601536246076187,-0.0024003840614501325,-0.10742300000000005,0.18320500000000006,-0.902648,0.04472499999999996,-0.07197100000000001,-0.92087,0.152148,0.25517600000000007,0.01822199999999996,0.31778000000000006,0.9956726460927995,0.31778000000000006,0.6822199999999999,0.004327353907200515,-0.902648
1422,5.925,walk,-0.425225,-1.70726,0.915511,-0.006659,-0.021665,-0.486539,-0.03695704343653708,-0.08351331893449264,-0.0011999040076873012,0.04632257281455376,-0.17429070377377026,0.07999576110664755,-0.6517878569714578,-0.9964002879770447,0.024958003359732344,0.0002399808015427889,0.0014398848092034469,0.0014398848092153115,-0.10998499999999994,0.17940099999999992,-0.902539,0.04488000000000003,-0.07161700000000004,-0.920859,0.15486499999999997,0.25101799999999996,0.018320000000000003,0.3168,0.9965826718881343,0.3168,0.6832,0.0034173281118656806,-0.902539
1423,5.929167,walk,-0.425367,-1.707603,0.915524,-0.006644,-0.021345,-0.486701,-0.034077273818090226,-0.08231341492680534,0.003119750419976326,0.07038851888609922,-0.1372956754830273,0.08642285568909627,-0.6465082793377029,-0.9940004799616168,0.04343652507799589,-0.0014398848092167685,0.0007199424046017234,0.0007199424046077598,-0.11253700000000005,0.17560200000000004,-0.902371,0.045016,-0.07127100000000008,-0.920869,0.15755300000000005,0.24687300000000012,0.018498000000000014,0.31501999999999997,0.9970608474408669,0.31501999999999997,0.68498,0.002939152559133129,-0.902371
1424,5.933333,walk,-0.42552,-1.707924,0.915536,-0.006641,-0.021114,-0.486852,-0.03672587614018093,-0.07705232837253305,0.002880460873742293,0.054512465952736254,-0.09722836118483495,0.08082458565726917,-0.6346615458472457,-0.9829572731635648,0.03912626020162701,-0.0009601536245807644,0.001200192030732618,0.0009601536245797234,-0.11502800000000002,0.1718280000000001,-0.90222,0.04516500000000001,-0.07094500000000004,-0.9208770000000001,0.16019300000000003,0.24277300000000013,0.018657000000000035,0.31343,0.9969795829591561,0.31343,0.68657,0.0030204170408438813,-0.90222
1425,5.9375,walk,-0.425676,-1.708246,0.915548,-0.00657,-0.020872,-0.487016,-0.037437005039596016,-0.07727381809454,0.002879769618433537,0.028724682829525346,-0.11767519860006993,0.08854323718223224,-0.6460283177345907,-0.9779217662587562,0.05807535397168513,-0.0026397888168907483,0.0007199424046017234,0.0021598272138230712,-0.11756399999999995,0.16807499999999997,-0.9019900000000001,0.04531000000000002,-0.07062000000000013,-0.92088,0.16287399999999996,0.2386950000000001,0.018889999999999962,0.31110000000000004,0.9941901291711395,0.31110000000000004,0.6889,0.0058098708288605305,-0.9019900000000001
1426,5.941667,walk,-0.42583,-1.708565,0.915582,-0.006549,-0.020593,-0.487215,-0.036957043436523764,-0.07655387568993827,0.008159347252215033,0.05873709027072783,-0.12141309580618725,0.10703409850316914,-0.617950563954937,-0.9630429565635296,0.02975761939044991,-0.0033597312215057932,-0.00023998080151614568,0.007439404847612478,-0.11998500000000006,0.1643809999999999,-0.9019,0.04544999999999999,-0.07030200000000009,-0.920883,0.16543500000000005,0.23468299999999997,0.018982999999999972,0.31017,0.9863893292319208,0.31017,0.6898299999999999,0.013610670768079203,-0.9019
1427,5.945833,walk,-0.425982,-1.708881,0.91562,-0.006566,-0.02036,-0.487474,-0.036485837734042396,-0.07585213634185374,0.009121459433503936,0.064621286288139,-0.09311735353891597,0.14016204335823787,-0.6056168987036975,-0.9567930868937856,0.026884301488234754,-0.0033605376860326754,-0.000960153624607414,0.005520883341333982,-0.12235599999999996,0.16071100000000005,-0.901826,0.04558800000000002,-0.06999,-0.920898,0.16794399999999998,0.23070100000000004,0.019071999999999978,0.30928,0.9891097314859765,0.30928,0.69072,0.010890268514023527,-0.901826
1428,5.95,walk,-0.426159,-1.709177,0.915631,-0.006493,-0.020106,-0.487728,-0.04247660187184805,-0.07103431725458734,0.0026397888168907483,0.031755616439679106,-0.12296365066297847,0.13814510314228212,-0.6153107751380196,-0.9589632829373821,0.046076313894890385,-0.005279577633781497,0.0011999040076873012,0.0009599232061434717,-0.12474299999999999,0.157011,-0.9016449999999999,0.045743000000000034,-0.06968900000000011,-0.920905,0.17048600000000003,0.22670000000000012,0.019260000000000055,0.3074,0.9908355817635568,0.3074,0.6926,0.009164418236443206,-0.9016449999999999
1429,5.954167,walk,-0.426311,-1.709447,0.915654,-0.006421,-0.019919,-0.487918,-0.036477081833451504,-0.06479481641468797,0.005519558435324285,0.015763750636853438,-0.09480281857835016,0.10334267992638309,-0.5934725221982387,-0.9440844732422087,0.0398368130549573,-0.0033597312215057932,0.0035997120230619037,0.0007199424046077598,-0.12706399999999995,0.1533469999999999,-0.9015019999999999,0.045881000000000005,-0.06940400000000002,-0.920925,0.17294499999999996,0.22275099999999992,0.01942300000000008,0.30577,0.9917060869716785,0.30577,0.69423,0.008293913028321498,-0.9015019999999999
1430,5.958333,walk,-0.426475,-1.709702,0.915682,-0.006406,-0.019716,-0.488134,-0.03936629860777976,-0.06120979356700347,0.006721075372066784,0.04369252605926869,-0.08810413038513219,0.11741322937460223,-0.5928948631781754,-0.9491118578973419,0.04872779644743546,0.00024003840613857986,0.004080652904449132,0.0014402304368699962,-0.12937000000000004,0.149648,-0.901327,0.046045999999999976,-0.06913199999999997,-0.920947,0.17541600000000002,0.21877999999999997,0.01961999999999997,0.3038,0.9927766562309148,0.3038,0.6961999999999999,0.007223343769085178,-0.901327
1431,5.9625,walk,-0.426638,-1.709959,0.915713,-0.006322,-0.019548,-0.488436,-0.03911687065034724,-0.061675065994698505,0.007439404847611724,0.007544748906176182,-0.08941117902745431,0.1651718987974068,-0.5625149988000049,-0.9222462203022311,0.025917926565870497,-0.00023998080152941612,0.0033597312214917554,0.00023998080153586878,-0.13155100000000003,0.14606199999999991,-0.90125,0.04620800000000003,-0.06886100000000006,-0.920977,0.17775900000000006,0.21492299999999998,0.01972700000000005,0.30273,0.9943719513321235,0.30273,0.6972700000000001,0.005628048667876473,-0.90125
1432,5.966667,walk,-0.426819,-1.710211,0.915744,-0.006234,-0.019345,-0.488748,-0.04343652507799256,-0.06047516198702435,0.0074394048476133096,0.014187051724962431,-0.10497737594874709,0.1706967608830455,-0.5591552675786056,-0.9100071994240918,0.017998560115191707,-0.000719942404615045,0.0035997120230619037,0.0002399808015357118,-0.13369999999999999,0.14252199999999982,-0.901206,0.04638599999999998,-0.06859400000000004,-0.921007,0.18008599999999997,0.21111599999999986,0.01980100000000007,0.30199,0.9938686066247265,0.30199,0.69801,0.006131393375273464,-0.901206
1433,5.970833,walk,-0.427004,-1.710442,0.915766,-0.006093,-0.019191,-0.489038,-0.04440710513682319,-0.05544887181951765,0.0052808449351820054,-0.019738984674223244,-0.0969667904043722,0.15934920903398322,-0.5504080652904876,-0.9078252520403869,0.02472395583293497,-0.0028804608737295827,0.0038406144983238765,0.0014402304368699962,-0.13580799999999998,0.13897099999999996,-0.901125,0.04655900000000002,-0.06834699999999994,-0.9210229999999999,0.182367,0.2073179999999999,0.01989799999999997,0.30102,0.9916464182197912,0.30102,0.6989799999999999,0.00835358178020884,-0.901125
1434,5.975,walk,-0.42718,-1.710661,0.915799,-0.005965,-0.019002,-0.489323,-0.04223662107031858,-0.052555795536352104,0.007919366450698889,-0.0061328586704156125,-0.10855410981801893,0.15629200310417712,-0.5315574754019842,-0.8987281017518738,0.020638348932086617,0.0011999040076739796,0.0047996160306959185,0.002879769618430831,-0.13784699999999994,0.13544500000000004,-0.901072,0.046740000000000004,-0.06810800000000006,-0.921044,0.18458699999999995,0.2035530000000001,0.01997199999999999,0.30028,0.9904592749045382,0.30028,0.69972,0.009540725095461777,-0.901072
1435,5.979167,walk,-0.427353,-1.710855,0.91583,-0.005836,-0.018797,-0.489594,-0.04151667866569468,-0.04655627549795896,0.007439404847611724,-0.002947072583065197,-0.11552636231834894,0.14828298614053823,-0.5181185505158772,-0.8888888888887764,0.007919366450682629,0.009119270458357602,0.006239500839951322,0.018478521718259398,-0.13983299999999999,0.1319349999999999,-0.90107,0.046950999999999965,-0.06788799999999995,-0.920998,0.18678399999999995,0.19982299999999986,0.019927999999999946,0.30072,0.96411638298159,0.30072,0.69928,0.03588361701841003,-0.90107
1436,5.983333,walk,-0.427522,-1.711055,0.915862,-0.005751,-0.018604,-0.489841,-0.040566490638512635,-0.04800768122899515,0.007681228996621103,0.012398170266234475,-0.1002222874234353,0.13532576569077134,-0.5002400384062052,-0.8646183389342699,-0.011281805088815143,-0.011761881901096885,-0.0036005760921986214,-0.013922227556410103,-0.14174800000000004,0.128533,-0.901149,0.04707100000000003,-0.06770300000000007,-0.9210879999999999,0.18881900000000007,0.19623600000000008,0.01993899999999993,0.30061000000000004,0.969037009808145,0.30061000000000004,0.69939,0.030962990191855,-0.901149
1437,5.9875,walk,-0.427699,-1.71125,0.915891,-0.005683,-0.018389,-0.490062,-0.04247660187184805,-0.04679625629948503,0.006959443244554375,0.024402828279706655,-0.105475913257443,0.12044254500935604,-0.4929205663547142,-0.8588912886969432,-0.029277657787378487,-0.009599232061445124,-0.0011999040076873012,-0.010079193664507389,-0.14362500000000006,0.12514899999999995,-0.9013,0.04720799999999997,-0.06751300000000016,-0.9211590000000001,0.19083300000000003,0.1926620000000001,0.01985900000000007,0.30140999999999996,0.9767158154102293,0.30140999999999996,0.69859,0.023284184589770662,-0.9013
1438,5.991667,walk,-0.427872,-1.71144,0.915919,-0.005552,-0.018147,-0.490289,-0.041516678665703535,-0.045596352291851015,0.0067194624430115864,0.004463360252368357,-0.13157751186374353,0.1241402197389589,-0.49508039356851935,-0.8552915766739345,-0.007679385649148189,-0.0004799616030722562,0.0023998080153746024,-0.0009599232061434717,-0.145515,0.12177499999999997,-0.90136,0.04737899999999995,-0.06731299999999996,-0.9211910000000001,0.19289399999999995,0.18908799999999992,0.019831000000000043,0.30169,0.9956185700543301,0.30169,0.69831,0.0043814299456699235,-0.90136
1439,5.995833,walk,-0.42805,-1.711597,0.915927,-0.005397,-0.017926,-0.490482,-0.04272683629380404,-0.037686029764748365,0.0019203072491615289,-0.010864920525472504,-0.1285484045574592,0.10574017798675273,-0.45967354776758124,-0.837493999039699,-0.017522803648581463,0.0009601536245807644,0.0031204992798941466,0.0002400384061449829,-0.147252,0.11844300000000008,-0.901441,0.047560999999999964,-0.06714299999999995,-0.9211980000000001,0.19481299999999996,0.18558600000000003,0.019757000000000025,0.30243,0.9945438543378844,0.30243,0.69757,0.005456145662115608,-0.901441
1440,6.0,walk,-0.42822,-1.711741,0.91594,-0.005263,-0.017728,-0.490679,-0.04079673626110181,-0.034557235421149156,0.003119750419949683,-0.007453115088394283,-0.11394059122665613,0.10797259255459254,-0.4595632349412257,-0.808015358771364,-0.03527717782577586,-0.0009599232061445124,0.001679865610772879,-0.0007199424046077598,-0.148997,0.11521999999999988,-0.901601,0.047726999999999964,-0.06699199999999994,-0.921214,0.19672399999999995,0.18221199999999982,0.01961299999999999,0.30387000000000003,0.996559345145541,0.30387000000000003,0.6961299999999999,0.003440654854458991,-0.901601
1441,6.004167,walk,-0.428388,-1.711858,0.915943,-0.005013,-0.017485,-0.490828,-0.040316774658029554,-0.028077753779733646,0.0007199424046017234,-0.04583589249802591,-0.16019168333903228,0.08218220570101355,-0.43292536597074877,-0.8032157427406148,-0.06455483561315394,-0.0007199424046017234,0.0011999040076340148,0.0,-0.15063300000000002,0.11199000000000003,-0.9018729999999999,0.04789199999999999,-0.06686999999999999,-0.921217,0.198525,0.17886000000000002,0.019344000000000028,0.30656,0.9976678058176665,0.30656,0.6934400000000001,0.002332194182333547,-0.9018729999999999
1442,6.008333,walk,-0.428551,-1.711968,0.915947,-0.004766,-0.017261,-0.490988,-0.03912626020163284,-0.026404224675904395,0.0009601536245807644,-0.04896265877492748,-0.15155395503120905,0.08823626480090992,-0.4255880940950041,-0.7837253960632294,-0.07153144503119532,0.0004800768122903822,0.0007201152184822101,0.0,-0.15224300000000002,0.10883500000000002,-0.902175,0.048057000000000016,-0.06675699999999996,-0.921221,0.20030000000000003,0.17559199999999997,0.019046000000000007,0.30954000000000004,0.9985575486975401,0.30954000000000004,0.69046,0.0014424513024599017,-0.902175
1443,6.0125,walk,-0.428713,-1.712059,0.915946,-0.004495,-0.017023,-0.491159,-0.03887688984881279,-0.021838252939780995,-0.00023998080151614568,-0.05557976320752243,-0.16300122243098614,0.09439419982920084,-0.4377249820014447,-0.7626589872810824,-0.08783297336213504,0.0011999040076739796,0.0014398848092034469,0.002639788816894703,-0.15390499999999996,0.10574799999999995,-0.90254,0.04822399999999999,-0.06665999999999994,-0.9212090000000001,0.20212899999999995,0.1724079999999999,0.018669000000000047,0.31331000000000003,0.9946041366437877,0.31331000000000003,0.68669,0.005395863356212338,-0.90254
1444,6.016667,walk,-0.428882,-1.712132,0.915934,-0.004241,-0.016808,-0.491311,-0.04055675545955902,-0.01751859851211737,-0.002879769618433537,-0.054070487747691416,-0.1494123994630587,0.08424141485374577,-0.4226061915047019,-0.7427405807535371,-0.0873530117590632,-0.0004799616030722562,0.002399808015321316,0.0009599232061436797,-0.155497,0.1027260000000001,-0.902892,0.04839099999999996,-0.06657700000000011,-0.921193,0.20388799999999996,0.1693030000000002,0.01830100000000001,0.31699,0.9956185700544111,0.31699,0.68301,0.004381429945588877,-0.902892
1445,6.020833,walk,-0.429034,-1.712189,0.915925,-0.00396,-0.016497,-0.491392,-0.036485837734050175,-0.013682189150258822,-0.002160345655313843,-0.04338821018577506,-0.19615255919374866,0.044459762716675885,-0.4121459433509613,-0.7083533365339371,-0.10633701392223573,0.0012001920307328738,0.0009601536246076187,0.0,-0.15706199999999992,0.09983199999999992,-0.903326,0.048548000000000036,-0.06651600000000002,-0.921184,0.20560999999999996,0.16634799999999994,0.01785800000000004,0.32142000000000004,0.997438340439458,0.32142000000000004,0.67858,0.0025616595605419956,-0.903326
1446,6.025,walk,-0.42919,-1.712231,0.915894,-0.003659,-0.016246,-0.49148,-0.03743700503958804,-0.010079193664528552,-0.007439404847611724,-0.0658206935365105,-0.17571198493235476,0.04906215069862063,-0.3957283417325979,-0.691384689224725,-0.1072714182865194,0.0021598272138180314,0.0016798656107725209,0.0007199424046073983,-0.15855499999999995,0.0969930000000001,-0.9037419999999999,0.048713000000000006,-0.06646699999999983,-0.92115,0.20726799999999995,0.16345999999999994,0.01740800000000009,0.32592,0.9952844467952209,0.32592,0.67408,0.0047155532047791215,-0.9037419999999999
1447,6.029167,walk,-0.429338,-1.712265,0.915872,-0.003357,-0.015951,-0.491539,-0.03551715862730699,-0.00815934725218839,-0.005279577633781497,-0.056117099746203464,-0.1944255979092093,0.032627030065366984,-0.37940964722825216,-0.6666666666666844,-0.10967122630190064,-0.001679865610746236,0.0014398848092034469,-0.0016798656107512315,-0.15998800000000002,0.09424900000000003,-0.904177,0.04885400000000001,-0.06642700000000001,-0.921135,0.20884200000000003,0.16067600000000004,0.01695800000000003,0.33042,0.9953700356360481,0.33042,0.6695800000000001,0.004629964363951911,-0.904177
1448,6.033333,walk,-0.429472,-1.712279,0.915836,-0.003001,-0.015668,-0.491584,-0.03216514642343581,-0.0033605376860733663,-0.008641382621228723,-0.08165298257150973,-0.20222988622909122,0.025563804145865194,-0.3641382621219661,-0.6334613538166748,-0.10345655304849616,0.0014402304368714535,0.002160345655287193,-0.0009601536245799281,-0.161371,0.09162400000000015,-0.9045719999999999,0.04899400000000004,-0.06640399999999991,-0.921103,0.21036500000000002,0.15802800000000006,0.016531000000000073,0.33469000000000004,0.9953862367600349,0.33469000000000004,0.66531,0.004613763239965096,-0.9045719999999999
1449,6.0375,walk,-0.429618,-1.712279,0.91579,-0.002646,-0.015385,-0.491627,-0.03503719702423474,0.0,-0.01103911687064857,-0.08123196954369809,-0.20195004431262426,0.024478416974650904,-0.34293256539478734,-0.5939524838013243,-0.0923926085913169,0.0004799616030722562,0.00215982721380517,-0.00047996160307183986,-0.16265400000000002,0.08914900000000014,-0.904911,0.04914200000000002,-0.06639499999999998,-0.921059,0.21179600000000004,0.15554400000000013,0.01614799999999994,0.33852000000000004,0.9962267094104524,0.33852000000000004,0.66148,0.003773290589547562,-0.904911
1450,6.041667,walk,-0.429736,-1.712273,0.915749,-0.002315,-0.015111,-0.491673,-0.028317734581230436,0.0014398848092564264,-0.009839212862959173,-0.07330164524195823,-0.19251496596256892,0.02603820146008963,-0.3311735061194398,-0.538036957043365,-0.10079193664505157,-0.0004799616030721539,0.0028797696184595665,0.0,-0.16391599999999995,0.0869009999999999,-0.90529,0.049258000000000024,-0.06638900000000003,-0.921018,0.21317399999999997,0.15328999999999993,0.015727999999999964,0.34272,0.9951341792413743,0.34272,0.65728,0.0048658207586257385,-0.90529
1451,6.045833,walk,-0.429864,-1.712247,0.915695,-0.00193,-0.014778,-0.491676,-0.03072491598656436,0.006240998559736324,-0.012962073931829758,-0.08230329291180583,-0.2301015307408053,0.0024965964743223676,-0.31661065770527475,-0.5064810369659681,-0.08401344215075068,-0.0007201152184423892,0.0009601536245543194,0.0,-0.165107,0.08476499999999998,-0.905586,0.04938300000000001,-0.066411,-0.920964,0.21449000000000001,0.15117599999999998,0.015378000000000003,0.34622,0.9979996799488184,0.34622,0.65378,0.002000320051181559,-0.905586
1452,6.05,walk,-0.429994,-1.712205,0.915631,-0.001541,-0.014454,-0.491662,-0.031197504199656688,0.010079193664530701,-0.015358771298312198,-0.08620784817954885,-0.2272774472918976,-0.006695104463951704,-0.3119750419966468,-0.47948164146869104,-0.0911927045836375,0.0009599232061445124,0.0002399808015694321,0.0019198464122871513,-0.166277,0.08272499999999994,-0.905902,0.04951699999999998,-0.06645199999999996,-0.9208919999999999,0.21579399999999999,0.1491769999999999,0.014989999999999948,0.3501,0.9964002879769547,0.3501,0.6498999999999999,0.0035997120230453206,-0.905902
1453,6.054167,walk,-0.430112,-1.712161,0.915562,-0.001162,-0.014195,-0.49164,-0.028317734581236473,0.010559155267562993,-0.016558675305972857,-0.09742536346077,-0.1977700571273106,-0.010767427451772057,-0.29013678905689244,-0.40100791936646374,-0.09863210943124998,-0.00023998080152946727,0.0016798656107195925,0.0021598272138230712,-0.16736800000000002,0.08101000000000003,-0.9062439999999999,0.04963400000000001,-0.06648900000000002,-0.920814,0.21700200000000003,0.14749900000000005,0.014570000000000083,0.3543,0.9954221569705715,0.3543,0.6456999999999999,0.004577843029428541,-0.9062439999999999
1454,6.058333,walk,-0.430218,-1.712115,0.915496,-0.00078,-0.013932,-0.491624,-0.025444071051363606,0.011041766682665466,-0.015842534805569287,-0.09771606886518541,-0.20018048098587782,-0.007535759200653256,-0.29884781565044977,-0.3679788766202115,-0.11281805088812698,-0.0004800768122903822,0.000960153624607414,0.0002400384061449829,-0.16850699999999996,0.07943100000000003,-0.906648,0.049738000000000004,-0.0665309999999999,-0.920747,0.21824499999999997,0.14596199999999993,0.014098999999999973,0.35901,0.9981666763901998,0.35901,0.64099,0.0018333236098001526,-0.906648
1455,6.0625,walk,-0.430324,-1.712053,0.915422,-0.000394,-0.013658,-0.491597,-0.025437964962802935,0.014878809695226619,-0.017758579313660157,-0.09684441835042801,-0.2057091140182334,-0.01352398668750475,-0.262538996880271,-0.3018958483321427,-0.12287017038637477,0.0007199424046017234,0.0011999040076873012,-0.0014398848092155197,-0.169495,0.07811100000000004,-0.907086,0.049846999999999975,-0.06658799999999987,-0.9206789999999999,0.21934199999999998,0.1446989999999999,0.013592999999999966,0.36407,0.9966536276036507,0.36407,0.63593,0.003346372396349273,-0.907086
1456,6.066667,walk,-0.430416,-1.711985,0.915347,4.3e-05,-0.013425,-0.491582,-0.022078233741310464,0.016318694504430065,-0.017998560115176303,-0.12775150766474017,-0.20055796028127407,-0.006279411550254321,-0.2541396688265132,-0.2826973842092525,-0.1039116870650394,0.0,0.0016798656107195925,0.0007199424046077598,-0.170462,0.07686500000000018,-0.907444,0.04993900000000001,-0.06664899999999996,-0.920601,0.220401,0.14351400000000014,0.013156999999999974,0.36843000000000004,0.9969539344429472,0.36843000000000004,0.63157,0.0030460655570527795,-0.907444
1457,6.070833,walk,-0.430519,-1.711907,0.915256,0.000461,-0.013157,-0.491489,-0.02472395583292137,0.018722995679311582,-0.021843494959205727,-0.11208183845984618,-0.2110380341589981,-0.04939180643386982,-0.2227556409024975,-0.2131541046567165,-0.1334613538165928,-0.001200192030719293,0.0019203072491615289,-0.0012001920307247063,-0.17128699999999997,0.07589900000000016,-0.907909,0.050037,-0.06671899999999997,-0.920515,0.22132399999999997,0.14261800000000013,0.012606000000000006,0.37394000000000005,0.9957284852568311,0.37394000000000005,0.62606,0.004271514743168892,-0.907909
1458,6.075,walk,-0.430624,-1.711823,0.915161,0.000865,-0.012943,-0.491392,-0.025197984161273466,0.020158387329008116,-0.022798176145898866,-0.11896694453921344,-0.1851294598574728,-0.05162387751671463,-0.1883849292056807,-0.15862730981522746,-0.1425485961123175,0.0007199424046017234,0.0035997120230619037,0.0014398848092153115,-0.17196699999999998,0.07515400000000017,-0.908408,0.050144999999999995,-0.06678799999999985,-0.920414,0.22211199999999998,0.141942,0.012005999999999961,0.40568149329764225,0.9934278550814971,0.40568149329764225,0.5943185067023578,0.006572144918502887,-0.908408
1459,6.079167,walk,-0.430724,-1.711736,0.915076,0.001324,-0.012707,-0.491343,-0.023998080153586166,0.020878329733663128,-0.020398368130550903,-0.13648011837693397,-0.20710269847214705,-0.02460670011301572,-0.1559875209983367,-0.10703143748504652,-0.15190784737221733,-0.001679865610746236,0.00215982721380517,0.00047996160307183986,-0.17251700000000003,0.07462099999999983,-0.908956,0.050238000000000005,-0.06686600000000009,-0.920327,0.22275500000000004,0.14148699999999992,0.01137100000000002,0.48192551435416714,0.9953700356360609,0.48192551435416714,0.5180744856458328,0.004629964363939143,-0.908956
1460,6.083333,walk,-0.430827,-1.711638,0.914968,0.001832,-0.012529,-0.491286,-0.024723955832939966,0.02352376380219377,-0.025924147863659517,-0.17072657128134477,-0.19449123514212613,-0.028638780009040524,-0.11473835813730589,-0.06505040806527404,-0.13922227556410124,-0.0007201152184423892,0.0016802688430366832,0.0,-0.172892,0.07425199999999998,-0.909428,0.050337999999999994,-0.06695699999999993,-0.920219,0.22322999999999998,0.14120899999999992,0.010790999999999995,0.5724578832072467,0.9969532032701394,0.5724578832072467,0.42754211679275334,0.0030467967298606347,-0.909428
1461,6.0875,walk,-0.430915,-1.711539,0.914885,0.002336,-0.012352,-0.491254,-0.02111831053514813,0.023758099352064955,-0.019918406527487727,-0.1691112460806952,-0.19297705782026212,-0.01490560653954865,-0.07151427885768431,-0.006959443244552892,-0.12814974802013687,-0.0009599232061443078,0.00047996160303218907,0.00023998080153566064,-0.17310200000000003,0.07412399999999986,-0.909879,0.05042199999999997,-0.06705400000000017,-0.9201349999999999,0.223524,0.14117800000000003,0.010255999999999932,0.6525756166249403,0.9981671163527371,0.6525756166249403,0.34742438337505965,0.0018328836472628618,-0.909879
1462,6.091667,walk,-0.430998,-1.711442,0.914808,0.002767,-0.012207,-0.491223,-0.01991840652747865,0.02327813774898444,-0.018478521718261882,-0.1461377647752866,-0.16237551092401573,-0.014484682210500045,-0.037916966642668276,0.03887688984881279,-0.13702903767699218,0.0014398848092167685,0.003119750419976326,-0.0002399808015357118,-0.17317700000000003,0.07418899999999984,-0.910373,0.05051099999999997,-0.06713800000000014,-0.920059,0.223688,0.14132699999999998,0.009685999999999972,0.657477256417685,0.9942593792118841,0.657477256417685,0.34252274358231505,0.00574062078811588,-0.910373
1463,6.095833,walk,-0.431079,-1.711343,0.914737,0.003193,-0.012067,-0.491197,-0.01944311089774464,0.023763802208319022,-0.01704272683627889,-0.14523610465964343,-0.15912060032866754,-0.011726033319332535,-0.018482957273163667,0.07417186749883323,-0.13850216034566623,0.00048007681229048457,0.0024003840614657476,0.0026404224675949583,-0.17317300000000002,0.0743990000000001,-0.910879,0.05059399999999997,-0.06722699999999993,-0.919977,0.223767,0.14162600000000003,0.00909800000000005,0.6453602125937317,0.9939990398463574,0.6453602125937317,0.35463978740626834,0.006000960153642598,-0.910879
1464,6.1,walk,-0.431162,-1.711239,0.914668,0.00359,-0.011938,-0.4912,-0.01991840652747865,0.02495800335975732,-0.016558675305972857,-0.135528308549674,-0.1475100535513349,0.003986833648879575,-0.011759059275250294,0.10751139908807882,-0.1528677705783607,-0.00023998080152946727,0.0035997120230086173,0.00047996160307183986,-0.173139,0.074743,-0.911447,0.050676,-0.06731600000000015,-0.919906,0.223815,0.14205900000000016,0.008458999999999994,0.6033134529254283,0.9939341849100154,0.6033134529254283,0.39668654707457174,0.006065815089984605,-0.911447
1465,6.104167,walk,-0.431253,-1.711136,0.9146,0.003963,-0.011814,-0.491196,-0.02183825293976302,0.02471802255818262,-0.01631869450445323,-0.12670938735804216,-0.1397909865614261,0.00020724830363666927,-0.022798176145920647,0.12095032397407621,-0.16726661867047826,-0.0007199424046148916,0.002399808015374091,0.0007199424046073983,-0.17314300000000005,0.0751440000000001,-0.912076,0.050763999999999976,-0.06740900000000005,-0.919835,0.22390700000000002,0.14255300000000015,0.00775899999999996,0.5762932108374497,0.9956552353846624,0.5762932108374497,0.42370678916255033,0.004344764615337615,-0.912076
1466,6.108333,walk,-0.431345,-1.711021,0.914531,0.004356,-0.011712,-0.491194,-0.02208353336533564,0.027604416706696198,-0.01656265002400173,-0.14028279043195518,-0.1353269350209378,0.0015867544616435698,-0.013442150744106918,0.11089774363898201,-0.1440230436870014,0.00048007681229048457,0.0038406144983238765,0.0,-0.173107,0.07549099999999997,-0.912607,0.05085799999999996,-0.06750800000000012,-0.919766,0.22396499999999997,0.1429990000000001,0.0071590000000000265,0.6246299348500054,0.993549161667221,0.6246299348500054,0.3753700651499946,0.006450838332779041,-0.912607
1467,6.1125,walk,-0.431444,-1.710913,0.91448,0.00469,-0.011589,-0.491243,-0.023758099352056698,0.02591792656587519,-0.012239020878335873,-0.1104044102217693,-0.12990511639564956,0.0289833917733434,-0.014638828893683831,0.07463402927764924,-0.11663066954644158,-0.0009599232061445124,0.0026397888168907483,-0.0009599232061434717,-0.17306899999999997,0.07569399999999993,-0.9130419999999999,0.05095299999999997,-0.06760500000000014,-0.919719,0.22402199999999994,0.14329900000000007,0.006677000000000044,0.7011665106242666,0.9950526690357412,0.7011665106242666,0.2988334893757334,0.0049473309642588115,-0.9130419999999999
1468,6.116667,walk,-0.431558,-1.710794,0.914412,0.005017,-0.011441,-0.491246,-0.02735781137509196,0.028557715382765938,-0.016318694504430065,-0.10178342577629136,-0.1389476048400683,0.003877614135660477,-0.017998560115202945,0.054955603551726705,-0.10199184065275245,-0.00023998080152946727,0.004319654427663628,-0.00023998080153591993,-0.17303000000000002,0.07580399999999998,-0.913399,0.051066,-0.06770600000000004,-0.919652,0.22409600000000002,0.14351000000000003,0.006253000000000064,0.7420615809296137,0.9927783896946882,0.7420615809296137,0.2579384190703863,0.007221610305311765,-0.913399
1469,6.120833,walk,-0.431681,-1.710677,0.914345,0.005391,-0.011279,-0.491251,-0.029524723955825193,0.028084493518940722,-0.01608257321172114,-0.11814898167289413,-0.15590859521422779,0.005242480676226155,-0.024243879020644312,0.032885261641871194,-0.09433509361496575,-0.0004800768122903822,0.004560729716751968,-0.0009601536245799316,-0.17300800000000005,0.07582400000000011,-0.913725,0.05118699999999998,-0.06780399999999998,-0.919589,0.22419500000000003,0.1436280000000001,0.00586399999999998,0.770022808161425,0.9921910620515553,0.770022808161425,0.229977191838575,0.0078089379484447274,-0.913725
1470,6.125,walk,-0.431813,-1.710571,0.914288,0.00574,-0.011178,-0.491319,-0.03167746580274226,0.025437964962789612,-0.013678905687539319,-0.12180508344754575,-0.12411996790847529,0.03977095535602943,-0.02711783057353585,0.006479481641468798,-0.09647228221742701,0.0,0.0038396928245780495,0.0011999040076795997,-0.17298899999999995,0.07574500000000017,-0.9140699999999999,0.051319000000000004,-0.0678939999999999,-0.919527,0.22430799999999995,0.14363900000000007,0.005457000000000045,0.7780626258595912,0.9932953145291351,0.7780626258595912,0.22193737414040882,0.006704685470864891,-0.9140699999999999
1471,6.129167,walk,-0.43195,-1.710472,0.914241,0.006125,-0.011108,-0.491452,-0.032877369810416245,0.02375809935207002,-0.01127909767219136,-0.14391904840184144,-0.11926853796169323,0.07600920608765521,-0.029757619390453238,-0.015118790496796052,-0.09623230141589112,-0.0004799616030722562,0.004559635229179773,0.00023998080153591993,-0.17297599999999996,0.07558299999999996,-0.914424,0.051454,-0.06797399999999998,-0.9194789999999999,0.22442999999999996,0.14355699999999993,0.005054999999999921,0.7796891422743288,0.9923481615591947,0.7796891422743288,0.22031085772567116,0.007651838440805303,-0.914424
1472,6.133333,walk,-0.432096,-1.710376,0.914196,0.006508,-0.011015,-0.491586,-0.03504560729715792,0.023043686989938344,-0.010801728276513612,-0.13768564723145246,-0.12843766208629306,0.07650247292776581,-0.024723955832948022,-0.0400864138262136,-0.08113298127699345,0.0009601536245807644,0.0019203072491615289,0.001680268843014464,-0.17293300000000006,0.07531999999999983,-0.914717,0.05160399999999998,-0.06806200000000007,-0.919427,0.22453700000000004,0.1433819999999999,0.004709999999999992,0.7965460992885319,0.9954561463067668,0.7965460992885319,0.20345390071146807,0.00454385369323318,-0.914717
1473,6.1375,walk,-0.432262,-1.710275,0.914145,0.006875,-0.010991,-0.491748,-0.0398368130549573,0.024238060955102312,-0.012239020878335873,-0.14715096575525305,-0.09561795929502934,0.09189674697747954,-0.028077753779680362,-0.054715622750157275,-0.06959443244540754,0.003119750419963004,0.005759539236867074,0.005039596832253694,-0.17288399999999998,0.07499100000000003,-0.914956,0.05178299999999997,-0.06813899999999995,-0.919355,0.22466699999999995,0.14312999999999998,0.004399000000000042,0.8012203160050864,0.9862257616528846,0.8012203160050864,0.19877968399491364,0.013774238347115442,-0.914956
1474,6.141667,walk,-0.432427,-1.710189,0.914112,0.007216,-0.010952,-0.491894,-0.03959683225342783,0.020638348932093695,-0.007919366450672245,-0.13279725155617542,-0.09585503488041136,0.08276284180493589,-0.007679385649156099,-0.05519558435324285,-0.021118310535158145,-0.002159827213818492,0.003359731221492472,-0.00047996160307163174,-0.172751,0.07467500000000005,-0.915011,0.05193900000000001,-0.06821100000000002,-0.919324,0.22469,0.14288600000000007,0.004313000000000011,0.8575457759223782,0.9932953145291592,0.8575457759223782,0.14245422407762176,0.006704685470840799,-0.915011
1475,6.145833,walk,-0.432597,-1.71011,0.91408,0.007556,-0.010983,-0.49208,-0.040806529044651214,0.018963034085440828,-0.007681228996647753,-0.14881774382193816,-0.0661164943101214,0.10515597057508154,-0.028564570331250518,-0.06913106096977648,-0.04656745079213044,0.00024003840613857986,0.004320691310627686,-0.0009601536245801362,-0.17269999999999996,0.07430800000000004,-0.915173,0.05210999999999999,-0.06827199999999989,-0.919296,0.22480999999999995,0.14257999999999993,0.004122999999999988,0.811918168566887,0.9926123438499395,0.811918168566887,0.18808183143311297,0.00738765615006054,-0.915173
1476,6.15,walk,-0.432788,-1.710023,0.914049,0.007934,-0.011027,-0.492258,-0.04583633309334407,0.02087832973360539,-0.007439404847611724,-0.16775586911680718,-0.06969444665665389,0.10099702623156641,-0.025917926565869664,-0.0547156227501989,-0.05159587233020492,-0.0019198464122886156,0.00503959683221099,-0.0050395968322526205,-0.17261699999999996,0.07399299999999998,-0.915357,0.05229299999999998,-0.06833800000000001,-0.919286,0.22490999999999994,0.14233099999999999,0.003929000000000071,0.8281322206073114,0.9876981389495487,0.8281322206073114,0.1718677793926886,0.01230186105045128,-0.915357
1477,6.154167,walk,-0.432999,-1.709942,0.914023,0.008275,-0.011088,-0.492475,-0.0506359491240764,0.019438444924406394,-0.006239500839926008,-0.15618983491958274,-0.05359153986237764,0.1219895215444337,-0.02111831053515263,-0.037437005039556055,-0.06023518118550794,-0.001679865610746236,0.005759539236867074,-0.00047996160307163174,-0.17249399999999993,0.07375600000000015,-0.915582,0.052497000000000016,-0.06839499999999998,-0.919262,0.22499099999999994,0.14215100000000014,0.0036800000000000166,0.8398690378759267,0.9899688535285229,0.8398690378759267,0.1601309621240733,0.01003114647147707,-0.915582
1478,6.158333,walk,-0.43323,-1.709867,0.914007,0.008602,-0.011113,-0.492724,-0.05544887181949101,0.01800288046088651,-0.0038406144983238765,-0.14177232294929698,-0.06510592550206823,0.1399480371218718,-0.0048007681229048456,-0.023043686989943257,-0.05472875660106048,-0.00048007681229048457,0.006240998559789624,-0.0014402304368699962,-0.17228299999999996,0.07358500000000001,-0.915794,0.052725999999999995,-0.06844399999999995,-0.919252,0.22500899999999996,0.14202899999999996,0.003457999999999961,0.8661267239078752,0.9892950166744277,0.8661267239078752,0.13387327609212485,0.010704983325572348,-0.915794
1479,6.1625,walk,-0.433487,-1.709783,0.913992,0.008963,-0.011169,-0.493014,-0.06167506599472497,0.020158387329008116,-0.0035997120230352605,-0.1631441412962939,-0.05989332244083598,0.1625286823643935,0.008879289656816758,-0.006959443244554375,-0.043196544276459865,-0.003119750419963004,0.00815934725218839,-0.007199424046076766,-0.171989,0.07347199999999998,-0.9159590000000001,0.05297000000000002,-0.06849400000000005,-0.9192670000000001,0.22495900000000002,0.14196600000000004,0.0033079999999999776,0.8925109004871644,0.9811335470521614,0.8925109004871644,0.10748909951283558,0.01886645294783862,-0.9159590000000001
1480,6.166667,walk,-0.433759,-1.7097,0.913987,0.009339,-0.011208,-0.493311,-0.06527477801774632,0.019918406527487727,-0.0011999040076870456,-0.16536818899878547,-0.07048363819041627,0.16678793413395845,0.011999040076790526,-0.006479481641467416,-0.04703623710102404,-0.0009599232061443078,0.006239500839951322,0.0007199424046076063,-0.17166700000000001,0.07336199999999993,-0.91615,0.05323800000000001,-0.06855100000000003,-0.919259,0.22490500000000002,0.14191299999999996,0.0031090000000000284,0.8872881033305555,0.9894102853412432,0.8872881033305555,0.11271189666944448,0.0105897146587568,-0.91615
1481,6.170833,walk,-0.434043,-1.709614,0.913984,0.00969,-0.011254,-0.493569,-0.06817090734518218,0.02064330292847751,-0.0007201152184290645,-0.1567384930389488,-0.06195036640553848,0.14516795567479962,0.017762842054734603,-0.00600096015361107,-0.0482477196351455,-0.001200192030719549,0.004560729716752941,0.0,-0.171309,0.07325099999999996,-0.916348,0.05351700000000004,-0.06861800000000007,-0.9192560000000001,0.22482600000000003,0.14186900000000002,0.0029080000000000217,0.8846489070780967,0.9921399893165403,0.8846489070780967,0.11535109292190326,0.00786001068345965,-0.916348
1482,6.175,walk,-0.434333,-1.709537,0.914002,0.009953,-0.01126,-0.493765,-0.06959443244541054,0.018478521718235236,0.004319654427636984,-0.1106598051483808,-0.05827161250997384,0.11020210345462599,0.013198944084480383,-0.009359251259875691,-0.053035757139431226,-0.0009599232061445124,0.005759539236867074,-0.00047996160307183986,-0.17096399999999995,0.07313500000000017,-0.9165869999999999,0.053803000000000045,-0.06867099999999993,-0.919276,0.224767,0.1418060000000001,0.0026890000000000525,0.8806948851280951,0.9902355366644697,0.8806948851280951,0.11930511487190487,0.009764463335530271,-0.9165869999999999
1483,6.179167,walk,-0.434623,-1.709462,0.914026,0.01021,-0.011316,-0.493945,-0.06959443244539722,0.017998560115202945,0.005759539236867074,-0.12005845582649681,-0.036098466487947574,0.10159501016687078,0.020158387329008116,-0.014878809695226619,-0.04415646748260344,-0.0002399808015427889,0.005519558435350929,-0.00047996160307183986,-0.17059000000000002,0.07299800000000012,-0.916795,0.05409199999999997,-0.06872299999999987,-0.919302,0.224682,0.14172099999999999,0.002506999999999926,0.8903143136063069,0.9907573634042514,0.8903143136063069,0.10968568639369314,0.009242636595748643,-0.916795
1484,6.183333,walk,-0.434921,-1.70939,0.91406,0.010487,-0.011336,-0.494134,-0.07153144503120032,0.01728276524245376,0.008161305808923172,-0.1198635410095173,-0.0558142833380028,0.10637213911036861,0.02208353336533093,-0.021123379740776816,-0.03912626020162701,0.0002400384061518535,0.00864138262120023,-0.0009601536245797234,-0.17020000000000002,0.07283799999999996,-0.916992,0.05439100000000002,-0.06875900000000001,-0.9193399999999999,0.22459100000000004,0.14159699999999997,0.0023479999999999057,0.8937763554817892,0.9855035438214481,0.8937763554817892,0.10622364451821076,0.014496456178551886,-0.916992
1485,6.1875,walk,-0.435241,-1.709343,0.914099,0.010719,-0.011398,-0.494341,-0.07679385649148106,0.011279097672164716,0.009359251259902335,-0.11098387735993903,-0.027449888024292542,0.11624603699528839,0.02879769618430873,-0.02039836813052426,-0.050875929925608264,0.00023998080152946727,0.0088792896568434,-0.0016798656107512315,-0.16976000000000002,0.07270600000000016,-0.917243,0.05471199999999998,-0.06876899999999986,-0.919386,0.224472,0.14147500000000002,0.002143000000000006,0.8753743797534193,0.9849333587698026,0.8753743797534193,0.12462562024658075,0.015066641230197408,-0.917243
1486,6.191667,walk,-0.435565,-1.709304,0.914146,0.010999,-0.011471,-0.494573,-0.07775377969762558,0.009359251259928978,0.01127909767219136,-0.13355215511859622,-0.03404476919470804,0.1302024510840892,0.0256779457643324,-0.03047756179510825,-0.050875929925608264,-0.0004799616030722562,0.007919366450672245,0.0009599232061434717,-0.16932900000000006,0.07253999999999983,-0.917502,0.05503399999999997,-0.06877500000000003,-0.919429,0.22436300000000003,0.14131499999999986,0.001927000000000012,0.8730189807885361,0.986680404923348,0.8730189807885361,0.12698101921146387,0.013319595076652035,-0.917502
1487,6.195833,walk,-0.435903,-1.709264,0.91419,0.011278,-0.011507,-0.494802,-0.08113298127699464,0.009601536245807644,0.01056168987036176,-0.12439326095413829,-0.049272611940862444,0.12893460394240505,0.008401344215075025,-0.03504560729715792,-0.06313010081612207,-0.0004800768122903822,0.006721075372038701,0.0009601536245799316,-0.16895600000000005,0.07235399999999981,-0.917809,0.055369999999999975,-0.06878700000000015,-0.919469,0.22432600000000003,0.14114099999999996,0.0016599999999999948,0.8622459795171118,0.988656227493427,0.8622459795171118,0.1377540204828882,0.011343772506573035,-0.917809
1488,6.2,walk,-0.43623,-1.709226,0.91426,0.011499,-0.011584,-0.495057,-0.07847372210224061,0.009119270458359545,0.016798656107515644,-0.10984553801074862,-0.018170825742969018,0.14252870823355493,-0.0023998080153479593,-0.03791696664264163,-0.08135349172066604,-0.0004799616030722562,0.008639308855327255,0.002639788816894703,-0.16863899999999998,0.07215799999999994,-0.918218,0.055694999999999995,-0.06878899999999999,-0.919528,0.22433399999999998,0.14094699999999993,0.0013100000000000334,0.8372536942855457,0.9849227447203889,0.8372536942855457,0.16274630571445425,0.015077255279611124,-0.918218
1489,6.204167,walk,-0.436573,-1.709193,0.914309,0.0117,-0.011723,-0.495293,-0.08231341492680534,0.007919366450672245,0.011759059275276937,-0.11628875804990946,0.012271544215732655,0.13177723371308095,-0.004559635229179773,-0.03959683225341451,-0.0885529157667428,-0.0004799616030722562,0.006239500839899366,-0.0011999040076793915,-0.168315,0.07196000000000002,-0.918636,0.056035999999999975,-0.06879600000000008,-0.919582,0.22435099999999997,0.1407560000000001,0.0009460000000000024,0.8286902901461422,0.9893801151529609,0.8286902901461422,0.17130970985385785,0.01061988484703913,-0.918636
1490,6.208333,walk,-0.436908,-1.709164,0.914365,0.011928,-0.011899,-0.495544,-0.08041286605858287,0.006961113778218688,0.013442150744106918,-0.13633897489053234,0.021417594836318506,0.14014760369845822,0.007681228996647753,-0.054008641382659525,-0.0607297167546855,-0.0009601536245809691,0.00600096015361107,0.0004800768122900681,-0.16794799999999993,0.07170599999999983,-0.918945,0.056367,-0.0688000000000002,-0.919636,0.22431499999999993,0.14050600000000002,0.0006909999999999972,0.8570341176901116,0.9898396342621436,0.8570341176901116,0.14296588230988838,0.010160365737856392,-0.918945
1491,6.2125,walk,-0.437262,-1.709126,0.91441,0.012193,-0.011986,-0.495796,-0.08495320374367799,0.009119270458357602,0.010799136069103479,-0.13056018636573127,-0.024472174138326936,0.1414894044831483,0.028077753779674378,-0.05423566114706014,-0.034797216222696395,0.00023998080154273774,0.007199424046122273,0.0016798656107508733,-0.16747700000000004,0.071442,-0.9191349999999999,0.056721999999999995,-0.06880799999999998,-0.919674,0.22419900000000004,0.14024999999999999,0.0005390000000000672,0.8774596519872879,0.9876721582213295,0.8774596519872879,0.12254034801271207,0.012327841778670523,-0.9191349999999999
1492,6.216667,walk,-0.437619,-1.709081,0.914441,0.012473,-0.012011,-0.495952,-0.08567314614831113,0.010799136069079139,0.0074394048476133096,-0.12228802608992645,-0.05475752885498594,0.08884394161475094,0.04079673626110181,-0.04679625629953832,-0.026877849772019496,-0.0002399808015427889,0.005519558435297642,-0.0016798656107512315,-0.16695000000000004,0.07120199999999999,-0.9192779999999999,0.05707799999999996,-0.06882999999999995,-0.919712,0.224028,0.14003199999999993,0.00043400000000004546,0.8829080339962334,0.9903758024034384,0.8829080339962334,0.11709196600376659,0.009624197596561634,-0.9192779999999999
1493,6.220833,walk,-0.437976,-1.709032,0.914471,0.012754,-0.012033,-0.496091,-0.08569371099376488,0.011761881901096885,0.007201152184370593,-0.12205811363010446,-0.05641863852589018,0.07942264256618985,0.047527604416717995,-0.03600576092171972,-0.024483917426790146,0.0012001920307328738,0.0072011521843439435,0.0031204992798850267,-0.16639500000000002,0.07100300000000015,-0.9194100000000001,0.05743999999999999,-0.06884899999999994,-0.919729,0.223835,0.1398520000000001,0.0003189999999999582,0.8893810801699568,0.9867676144914919,0.8893810801699568,0.11061891983004324,0.013232385508508138,-0.9194100000000001
1494,6.225,walk,-0.438325,-1.709001,0.914509,0.012998,-0.012063,-0.496211,-0.08375329973603543,0.007439404847639953,0.009119270458359545,-0.10855378583427129,-0.0444476043713723,0.06836725871967743,0.048716102711774054,-0.030717542596624396,-0.020878329733622327,-0.0019198464122890248,0.009599232061445124,-0.003359731221502463,-0.16584300000000002,0.07084399999999991,-0.919535,0.05778100000000003,-0.06884000000000001,-0.9197810000000001,0.22362400000000004,0.13968399999999992,0.0002460000000000795,0.8954407734948032,0.9827502930542611,0.8954407734948032,0.10455922650519678,0.017249706945738907,-0.919535
1495,6.229167,walk,-0.438667,-1.708969,0.914549,0.013224,-0.012054,-0.496318,-0.08207343412524506,0.007679385649154462,0.009599232061416434,-0.09179794287663294,-0.05653036591826702,0.06142318570445614,0.05663546916246087,-0.030957523398080656,-0.01751859851211613,-0.00023998080154273774,0.005519558435349752,-0.00023998080153586878,-0.16526500000000005,0.07068300000000005,-0.9196479999999999,0.05812199999999995,-0.06884899999999994,-0.9198219999999999,0.223387,0.139532,0.00017400000000000748,0.8867944358604232,0.9907833624335216,0.8867944358604232,0.11320556413957683,0.009216637566478392,-0.9196479999999999
1496,6.233333,walk,-0.439012,-1.708927,0.91459,0.013454,-0.011976,-0.496373,-0.08281325012003529,0.0100816130580602,0.009841574651961596,-0.07714377236864545,-0.08676360217495122,0.03260679667811728,0.052088334133470936,-0.028564570331250518,-0.01824291886702009,-0.00024003840613857986,0.0052808449351820054,0.0014402304368699962,-0.164703,0.0705220000000002,-0.919765,0.05846600000000002,-0.06886899999999985,-0.919857,0.223169,0.13939100000000004,9.199999999998099e-05,0.8955059078968406,0.9908683691706693,0.8955059078968406,0.10449409210315941,0.009131630829330661,-0.919765
1497,6.2375,walk,-0.439362,-1.708884,0.914615,0.013689,-0.011884,-0.496415,-0.08399328053755158,0.010319174466046847,0.00599952003838322,-0.07590870586080854,-0.09388436234773337,0.025873262485481347,0.05327573794098047,-0.02375809935207002,-0.023038156947445192,0.0033597312215057932,0.005279577633781497,0.003359731221502463,-0.16413099999999997,0.07038000000000011,-0.919886,0.05882999999999999,-0.0688899999999999,-0.9198679999999999,0.22296099999999996,0.13927,1.8000000000073513e-05,0.8954705223192736,0.9879820281681944,0.8954705223192736,0.1045294776807264,0.01201797183180564,-0.9198679999999999
1498,6.241667,walk,-0.439707,-1.70885,0.914622,0.014006,-0.011826,-0.496459,-0.08279337652989092,0.008159347252241676,0.001679865610772879,-0.11817560679763268,-0.09922860820469084,0.027665513296535243,0.05423566114709834,-0.029997600191969384,-0.014638828893689244,-0.0014398848092167685,0.004319654427663628,0.00023998080153591993,-0.16355999999999998,0.07022100000000009,-0.919954,0.05916900000000003,-0.06890599999999991,-0.9198740000000001,0.222729,0.139127,7.999999999996898e-05,0.8938599160867684,0.9916006079513349,0.8938599160867684,0.1061400839132316,0.008399392048665133,-0.9198740000000001
1499,6.245833,walk,-0.440063,-1.708818,0.914615,0.014357,-0.011731,-0.49645,-0.08545367258759476,0.0076812289966461155,-0.001680268843036325,-0.12364378168461906,-0.12330411266297055,-0.0013565815097687295,0.04584733557369819,-0.026164186269832492,-0.021123379740755788,0.0021603456553000574,0.005520883341306083,0.0012001920307247063,-0.16301299999999996,0.07007999999999992,-0.9200349999999999,0.059533999999999976,-0.06891500000000006,-0.919862,0.22254699999999994,0.13899499999999998,0.00017299999999997873,0.9052380175556505,0.9881887044580763,0.9052380175556505,0.09476198244434952,0.011811295541923728,-0.919862
1500,6.25,walk,-0.440389,-1.708783,0.914614,0.014668,-0.011664,-0.496444,-0.07823374130069782,0.008399328053757822,-0.00023998080151614568,-0.11362101591561485,-0.10204827967542171,-4.823233336114813e-05,0.04343652507799256,-0.024958003359704033,-0.015838732901368634,-0.0014398848092167685,0.0023998080153746024,-0.0011999040076793915,-0.16250599999999998,0.06994100000000003,-0.9201,0.05985399999999996,-0.06894,-0.9198660000000001,0.22235999999999995,0.13888100000000003,0.00023399999999995647,0.9124325799030799,0.9925849749857993,0.9124325799030799,0.08756742009692009,0.00741502501420066,-0.9198660000000001
1501,6.254167,walk,-0.440707,-1.70875,0.914609,0.014981,-0.011626,-0.49645,-0.07631389488842212,0.007919366450672245,-0.0011999040076873012,-0.12134614053122159,-0.09032141231874821,0.0064252322036662665,0.03599712023037925,-0.025197984161273466,-0.013198944084473724,0.0014398848092167685,0.004559635229179773,0.00023998080153591993,-0.16203799999999996,0.06980300000000006,-0.92015,0.06017800000000001,-0.06895399999999996,-0.91986,0.22221599999999997,0.13875700000000002,0.00029000000000001247,0.9235339001107674,0.9891206634096255,0.9235339001107674,0.07646609988923259,0.010879336590374544,-0.91986
1502,6.258333,walk,-0.441024,-1.708705,0.91459,0.01526,-0.011554,-0.49639,-0.0760921747479523,0.010801728276540261,-0.004560729716751968,-0.09920127286985715,-0.09709222391957678,-0.030073325134928188,0.016322611617846344,-0.024963994239099875,-0.026644263082089562,0.00264042246759044,0.005520883341306083,0.0019203072491594468,-0.161653,0.06965399999999988,-0.920242,0.060506000000000004,-0.06897600000000015,-0.919833,0.222159,0.13863000000000003,0.0004089999999999927,0.9333428045564375,0.98521997822385,0.9333428045564375,0.06665719544356252,0.01478002177615001,-0.919833
1503,6.2625,walk,-0.441342,-1.70866,0.914566,0.015517,-0.011412,-0.496306,-0.0763138948884088,0.010799136069079139,-0.005759539236867074,-0.0733518052531155,-0.12125067085524473,-0.04348465467436304,0.02207823374129714,-0.01871850251980467,-0.03479721622270381,0.0004799616030722562,0.002159827213858457,0.0021598272138230712,-0.16124300000000003,0.06953100000000001,-0.920363,0.06082599999999999,-0.06901199999999985,-0.9198,0.22206900000000002,0.13854299999999986,0.0005630000000000912,0.9245628112899935,0.9892167727674468,0.9245628112899935,0.07543718871000649,0.010783227232553205,-0.9198
1504,6.266667,walk,-0.441658,-1.708617,0.914543,0.015774,-0.011227,-0.49624,-0.07583393328533655,0.010319174466046847,-0.005519558435324285,-0.06309218869947261,-0.13896908302085345,-0.03304576494831793,0.01631869450445671,-0.021838252939727708,-0.02327813774898111,0.0002399808015427889,0.0026397888168907483,0.0,-0.16085899999999997,0.06939700000000015,-0.920437,0.061143,-0.06904399999999988,-0.919777,0.22200199999999998,0.13844100000000004,0.0006599999999999939,0.9402532943992853,0.9889822090164092,0.9402532943992853,0.05974670560071471,0.011017790983590792,-0.919777
1505,6.270833,walk,-0.44199,-1.708564,0.914494,0.016088,-0.010963,-0.496134,-0.07969275084014049,0.012722035525704502,-0.011761881901096885,-0.06807216698762703,-0.1859326320887343,-0.054533498556171935,0.0050408065290301,-0.019203072491619382,-0.017282765242440164,0.0007201152184290645,0.0024003840614124482,0.000720115218434894,-0.16050600000000004,0.06926399999999999,-0.9204600000000001,0.06147799999999998,-0.06908700000000012,-0.919725,0.22198400000000001,0.1383510000000001,0.0007350000000000412,0.9561295563300681,0.988304192474376,0.9561295563300681,0.04387044366993187,0.011695807525624047,-0.919725
1506,6.275,walk,-0.442291,-1.708527,0.914451,0.016417,-0.010734,-0.496059,-0.07223422126228589,0.008879289656841507,-0.010319174466044648,-0.08263081874882616,-0.1745335434669264,-0.0370340020893669,-0.005039596832237633,-0.013918886489105784,-0.018478521718259398,0.0021598272138313532,0.003119750419975661,0.00023998080153586878,-0.16022599999999998,0.06916899999999981,-0.920494,0.06178800000000001,-0.06911100000000014,-0.919681,0.222014,0.13827999999999996,0.0008130000000000637,0.9605387425504354,0.9855333151276672,0.9605387425504354,0.039461257449564635,0.014466684872332825,-0.919681
1507,6.279167,walk,-0.442576,-1.708498,0.914415,0.01669,-0.010538,-0.495984,-0.06839452843773655,0.006959443244501089,-0.008639308855300612,-0.06714814688125732,-0.1474566936361284,-0.03782064254976573,-0.0067194624430115864,-0.008399328053757822,-0.016558675305976395,0.00023998080152946727,0.00287976961846018,0.0016798656107512315,-0.15996899999999997,0.06910499999999997,-0.920527,0.06207400000000002,-0.06912799999999986,-0.919638,0.222043,0.13823299999999983,0.0008890000000000287,0.9670906288605257,0.9855390903618555,0.9670906288605257,0.03290937113947434,0.014460909638144503,-0.919638
1508,6.283333,walk,-0.442845,-1.708477,0.914376,0.01694,-0.010381,-0.495888,-0.06457033125299688,0.00504080652905675,-0.009361497839657786,-0.06687522282593275,-0.1259909392367271,-0.04986781282027298,-0.013682189150258822,-0.004560729716752941,-0.015362457993280098,0.0007201152184423892,0.003600576092145322,0.0,-0.15975699999999998,0.06906499999999993,-0.9205519999999999,0.06234600000000001,-0.06913400000000003,-0.9195989999999999,0.222103,0.13819899999999996,0.0009529999999999816,0.9648808507803621,0.9843501974153208,0.9648808507803621,0.03511914921963788,0.015649802584679184,-0.9195989999999999
1509,6.2875,walk,-0.443109,-1.708463,0.914331,0.017159,-0.010217,-0.495769,-0.0633549316054712,0.003359731221492472,-0.010799136069105781,-0.05227669142981467,-0.12175596387106705,-0.06286917605426305,-0.012239020878335873,-0.0009599232061178691,-0.012479001679866172,0.0007199424046017234,0.001679865610772879,0.00023998080153591993,-0.15954400000000002,0.06904700000000008,-0.920559,0.06261299999999997,-0.0691409999999999,-0.919553,0.222157,0.13818799999999998,0.0010060000000000624,0.9708242600994476,0.9868677874778251,0.9708242600994476,0.029175739900552444,0.013132212522174891,-0.919553
1510,6.291667,walk,-0.443367,-1.708447,0.914279,0.017396,-0.010091,-0.495634,-0.061915046796254564,0.003839692824577231,-0.012479001679876001,-0.06883219970552563,-0.11037485513996592,-0.07166486351190517,-0.011279097672188956,-0.00071994240460157,-0.010799136069112638,-0.0009599232061443078,0.00287976961840628,0.0007199424046076063,-0.159333,0.06902800000000009,-0.9205519999999999,0.062867,-0.06914500000000001,-0.9194979999999999,0.2222,0.1381730000000001,0.0010539999999999994,0.9739467585081406,0.9842604159667596,0.9739467585081406,0.02605324149185939,0.015739584033240384,-0.9194979999999999
1511,6.295833,walk,-0.44361,-1.708435,0.914224,0.017668,-0.009965,-0.495494,-0.05832933269323391,0.0028804608737695568,-0.013202112337955013,-0.08345439364024163,-0.11877600218481185,-0.07383474694346458,-0.012722035525677853,-0.0009601536246076187,-0.008641382621220186,-0.0009601536245809691,0.0009601536246076187,-0.004080652904465163,-0.15914299999999998,0.06901199999999985,-0.920533,0.063106,-0.06915300000000002,-0.91946,0.22224899999999997,0.13816499999999987,0.0010729999999999906,0.974317884708432,0.9821022640153635,0.974317884708432,0.025682115291568053,0.01789773598463651,-0.91946
1512,6.3,walk,-0.443848,-1.708434,0.914178,0.01787,-0.009789,-0.495356,-0.0571154307655452,0.00023998080151614568,-0.01103911687064857,-0.042341916002887066,-0.12293219521140457,-0.07336991995641624,-0.017758579313660157,-0.0016798656107195925,0.0019198464122871513,0.0009599232061445124,0.00215982721380517,0.0019198464122871513,-0.15897899999999998,0.06900400000000007,-0.920479,0.06334800000000002,-0.06914500000000001,-0.9194060000000001,0.222327,0.13814900000000008,0.0010729999999999906,0.9700985462097944,0.9841949749858416,0.9700985462097944,0.02990145379020559,0.01580502501415837,-0.9194060000000001
1513,6.304167,walk,-0.444079,-1.708428,0.914116,0.018082,-0.00962,-0.495185,-0.05543556515478564,0.0014398848092034469,-0.014878809695226619,-0.04817505806233444,-0.12275951906701793,-0.09141765023240171,-0.016558675305972857,0.005039596832265351,-0.009119270458363709,-0.0033597312215057932,-0.0028797696184068937,-0.006959443244540846,-0.15881699999999999,0.06901900000000016,-0.920455,0.06356499999999998,-0.06916299999999986,-0.919373,0.22238199999999997,0.13818200000000003,0.0010820000000000274,0.9673934073719065,0.9754348273918678,0.9673934073719065,0.03260659262809351,0.02456517260813218,-0.919373
1514,6.308333,walk,-0.444296,-1.708421,0.914081,0.018174,-0.009456,-0.495004,-0.052088334133459833,0.001680268843036325,-0.008401344215075025,0.000684269950063402,-0.09230067559952825,-0.09810870709117302,-0.02064330292847311,0.004080652904448262,0.0012001920307247063,0.0009601536245807644,0.0021603456552867326,-0.002880460873739378,-0.158686,0.06902900000000001,-0.920415,0.06378600000000001,-0.06916100000000003,-0.91935,0.222472,0.13819000000000004,0.0010649999999999826,0.9648717372083269,0.9831393364153401,0.9648717372083269,0.03512826279167314,0.016860663584659874,-0.91935
1515,6.3125,walk,-0.444498,-1.708429,0.91405,0.018302,-0.009343,-0.494861,-0.048476121910244585,-0.0019198464122890248,-0.0074394048476133096,-0.02646984518305529,-0.07913283137305022,-0.07705934198931698,-0.003359731221492472,0.0011999040076873012,0.017038636909048027,-0.0011999040076739796,0.0007199424046017234,0.0,-0.15849799999999997,0.06904200000000005,-0.920313,0.06398300000000001,-0.06915000000000004,-0.919319,0.22248099999999998,0.1381920000000001,0.0009940000000000504,0.9709864633496177,0.9877278058176093,0.9709864633496177,0.02901353665038231,0.012272194182390672,-0.919319
1516,6.316667,walk,-0.444684,-1.708442,0.914025,0.018378,-0.009274,-0.49474,-0.04463642908567986,-0.003119750419976326,-0.005999520038409863,-0.015245486828855476,-0.04818892920639272,-0.06565581628917463,-0.012239020878335873,0.005519558435297642,0.010319174466043309,-0.0004799616030722562,0.001679865610772879,0.0011999040076795997,-0.15836299999999998,0.06907799999999997,-0.920245,0.06416700000000003,-0.06912999999999991,-0.919289,0.22253,0.1382079999999999,0.0009559999999999569,0.971777446024616,0.9869075782471799,0.971777446024616,0.02822255397538398,0.013092421752820105,-0.919289
1517,6.320833,walk,-0.444859,-1.708465,0.914008,0.018472,-0.009229,-0.494652,-0.042006721075361804,-0.005520883341306083,-0.004080652904448262,-0.028477776172969416,-0.04208982940832477,-0.04752646644903121,-0.014162265962559612,0.007201152184342408,0.004320691310609068,0.0016802688430096753,0.001200192030732618,-0.0033605376860293443,-0.15824700000000003,0.06913099999999983,-0.9202100000000001,0.06434899999999999,-0.069102,-0.919286,0.22259600000000002,0.13823299999999983,0.0009240000000000359,0.9725584083219009,0.9841862775143406,0.9725584083219009,0.02744159167809912,0.015813722485659376,-0.919286
1518,6.325,walk,-0.445038,-1.70848,0.913988,0.018434,-0.009155,-0.494491,-0.0429565634749203,-0.0035997120230619037,-0.004799616030722562,0.033526475735015784,-0.023676558372298796,-0.08873078348965865,-0.011759059275250294,0.009359251259928978,0.00047996160307183986,-0.0004799616030722562,0.0009599232061178691,0.002879769618430623,-0.158117,0.06918500000000005,-0.920188,0.06452599999999997,-0.069083,-0.919254,0.22264299999999998,0.13826800000000006,0.0009339999999999904,0.9749388845727005,0.9855379103772366,0.9749388845727005,0.025061115427299496,0.014462089622763408,-0.919254
1519,6.329167,walk,-0.445212,-1.708495,0.913984,0.018395,-0.009085,-0.494372,-0.04175665946724632,-0.0035997120230619037,-0.0009599232061445124,0.032966408005612284,-0.02129394495998241,-0.06555811036359373,-0.015118790496769409,0.010319174466046847,-0.0040796736261102225,0.0002399808015427889,0.0007199424046017234,-0.0014398848092153115,-0.15800600000000004,0.06924300000000017,-0.920201,0.06470100000000001,-0.06906499999999993,-0.9192560000000001,0.22270700000000004,0.1383080000000001,0.0009449999999999736,0.9687435817861401,0.9878372850239505,0.9687435817861401,0.03125641821385994,0.012162714976049482,-0.9192560000000001
1520,6.333333,walk,-0.445396,-1.708507,0.913971,0.018364,-0.009025,-0.494249,-0.0441670667306846,-0.002880460873716258,-0.003120499279894812,0.027272465067880978,-0.01907424254463111,-0.06800800883023113,-0.020403264522325607,0.010561689870364011,-0.0016802688430150303,0.001200192030719549,0.0007201152184290645,0.0014402304368699962,-0.15790700000000002,0.069299,-0.920195,0.06489,-0.06905000000000006,-0.919237,0.22279700000000002,0.13834900000000006,0.0009580000000000144,0.9616063590526248,0.9870728243457677,0.9616063590526248,0.038393640947375185,0.012927175654232292,-0.919237
1521,6.3375,walk,-0.445571,-1.708524,0.913967,0.018303,-0.008946,-0.494121,-0.04199664026876684,-0.004079673626093325,-0.0009599232061443078,0.04428283367193009,-0.01993115988946256,-0.07051424533335969,-0.015598752099825018,0.015598752099825018,0.001199904007679344,0.0,0.0004799616030854755,-0.0007199424046076063,-0.15779700000000002,0.06938099999999991,-0.920186,0.06506499999999998,-0.06903100000000006,-0.9192359999999999,0.222862,0.13841199999999998,0.0009500000000000064,0.9631790403977407,0.9890578948582132,0.9631790403977407,0.036820959602259284,0.01094210514178684,-0.9192359999999999
1522,6.341667,walk,-0.445758,-1.708536,0.913959,0.01827,-0.008881,-0.494015,-0.044876409887209326,-0.00287976961846018,-0.0019198464122890248,0.029271169343276972,-0.020486587005529185,-0.05849359136690392,-0.014878809695226619,0.008159347252241676,0.003359731221502463,-0.0011999040076739796,0.001679865610772879,0.00047996160307183986,-0.15767200000000003,0.06942700000000013,-0.920164,0.065247,-0.06901199999999985,-0.919226,0.22291900000000003,0.13843899999999998,0.0009379999999999944,0.9711689924150821,0.9870875782471855,0.9711689924150821,0.028831007584917856,0.012912421752814485,-0.919226
1523,6.345833,walk,-0.445952,-1.708552,0.913952,0.018244,-0.008809,-0.493907,-0.046567450792137026,-0.0038406144983238765,-0.0016802688430100335,0.028017543933918372,-0.02509448510487995,-0.05948809856219227,-0.010081613058086851,0.003360537686020067,-0.0007201152184351023,0.00048007681229048457,0.0012001920306795744,0.0004800768122900681,-0.15752,0.0694570000000001,-0.92016,0.06544300000000003,-0.06899100000000002,-0.919217,0.22296300000000002,0.13844800000000013,0.0009430000000000271,0.9822477934610957,0.9882718072306071,0.9822477934610957,0.017752206538904303,0.011728192769392853,-0.919217
1524,6.35,walk,-0.446141,-1.708575,0.91396,0.018164,-0.008738,-0.493787,-0.045356371490281586,-0.005519558435297642,0.0019198464122890248,0.05031423638014217,-0.012004875299850944,-0.06637694204056425,-0.005759539236867074,0.0016798656107195925,-0.0016798656107512315,0.0004799616030722562,0.0011999040076873012,-0.0007199424046077598,-0.15735500000000002,0.06948699999999985,-0.920175,0.06563400000000003,-0.06896300000000011,-0.919228,0.22298900000000005,0.13844999999999996,0.0009469999999999201,0.98961622671327,0.9880644316442698,0.9880644316442698,0.010383773286730014,0.011935568355730175,-0.919228
1525,6.354167,walk,-0.446329,-1.708594,0.913971,0.018109,-0.008712,-0.493673,-0.04511639068872918,-0.004559635229178801,0.0026397888168901854,0.029208247368986643,0.0009156746235777935,-0.06321292461455638,-0.004799616030721539,0.0007199424046548565,0.0,-0.0014398848092164616,0.000959923206170951,0.0011999040076791359,-0.15718700000000008,0.06950900000000004,-0.920186,0.06581599999999999,-0.06894,-0.919234,0.22300300000000006,0.13844900000000004,0.0009519999999999529,0.9919111477416998,0.9869702950214194,0.9869702950214194,0.00808885225830025,0.01302970497858058,-0.919234
1526,6.358333,walk,-0.446528,-1.708619,0.913984,0.018075,-0.008715,-0.493559,-0.047767642822856574,-0.006000960153664369,0.003120499279894812,0.01357711084281528,0.008043068600201392,-0.06339235996689711,-0.003120499279868162,-0.001440230436911428,-0.0036005760921750947,0.00024003840613857986,-0.00024003840617855429,0.0019203072491600643,-0.157001,0.06952800000000003,-0.920214,0.06601599999999996,-0.06891599999999998,-0.919239,0.22301699999999997,0.138444,0.0009749999999999481,0.9917040961140441,0.9869998646164784,0.9869998646164784,0.008295903885955913,0.013000135383521627,-0.919239
1527,6.3625,walk,-0.446738,-1.708641,0.913997,0.01811,-0.008713,-0.493453,-0.05039596832254693,-0.005279577633781497,0.003119750419949683,-0.014063874878332714,-0.010292134849028819,-0.05804837888312898,-0.0011999040076873012,0.0007199424046017234,-0.0016798656107512315,-0.00023998080152946727,0.0007199424046550099,-0.0007199424046075517,-0.156796,0.06955299999999998,-0.920234,0.06622500000000003,-0.06889099999999981,-0.9192549999999999,0.22302100000000002,0.1384439999999998,0.0009790000000000632,0.9963561180788918,0.9884665798961403,0.9884665798961403,0.003643881921108205,0.011533420103859715,-0.9192549999999999
1528,6.366667,walk,-0.446956,-1.708655,0.914018,0.018106,-0.00869,-0.493306,-0.052315814734822635,-0.003359731221492472,0.005039596832265351,0.007232066692664658,-0.010280621166038147,-0.08106109292628194,0.0004799616030855778,-0.0031197504199230396,0.0009599232061436797,0.0007199424046017234,0.00047996160303229136,0.0002399808015357118,-0.15657599999999994,0.06955400000000012,-0.920251,0.066446,-0.06887500000000002,-0.919275,0.22302199999999994,0.13842900000000014,0.0009760000000000879,0.9945013490581933,0.988743456768792,0.988743456768792,0.005498650941806682,0.01125654323120795,-0.919275
1529,6.370833,walk,-0.447172,-1.708673,0.914044,0.018093,-0.00867,-0.493145,-0.05184829572730798,-0.0043206913106267645,0.0062409985597616435,0.010291833344068076,-0.007054270030709374,-0.08888354372165311,0.002400384061438586,-0.0019203072491615289,-0.002160345655304638,-0.0014402304368711465,0.000960153624607414,-0.0002400384061447747,-0.15635,0.06956400000000018,-0.9202859999999999,0.06665599999999999,-0.06885299999999983,-0.919302,0.22300599999999998,0.138417,0.0009839999999999849,0.9937380077442504,0.9872474900426678,0.9872474900426678,0.006261992255749638,0.012752509957332236,-0.919302
1530,6.375,walk,-0.447404,-1.708689,0.914058,0.018141,-0.008667,-0.492995,-0.05567554595632843,-0.003839692824524763,0.003359731221519115,-0.01922131317212558,-0.014265575648196424,-0.08227073519177666,0.005519558435324285,-0.00287976961846018,-0.0009599232061434717,0.000719942404615045,0.0,0.0,-0.15609499999999998,0.06956799999999985,-0.920304,0.06689100000000003,-0.06883700000000004,-0.919316,0.22298600000000002,0.1384049999999999,0.0009879999999999889,0.9895013160959657,0.9889200959923082,0.9889200959923082,0.0104986839040343,0.011079904007691765,-0.919316
1531,6.379167,walk,-0.447629,-1.708713,0.914084,0.01821,-0.008707,-0.492852,-0.05399568034556887,-0.005759539236867074,0.006239500839926008,-0.03817721632682348,-0.001201588974868902,-0.0784524107445791,0.006479481641468798,-0.0026397888168907483,-0.0009599232061436797,-0.0016798656107595575,0.00023998080151614568,0.0011999040076793915,-0.155843,0.06958099999999989,-0.920334,0.06710899999999997,-0.0688120000000001,-0.919337,0.22295199999999998,0.138393,0.0009970000000000256,0.9882297904411173,0.9865661754908155,0.9865661754908155,0.01177020955888275,0.013433824509184511,-0.919337
1532,6.383333,walk,-0.447862,-1.708726,0.914098,0.018283,-0.008736,-0.492667,-0.055928948631769566,-0.0031204992798941466,0.0033605376860193505,-0.03721989426230641,-0.007209493975641582,-0.1015764999103935,0.005760921747484586,-0.0021603456552867326,-0.0024003840614494126,-0.0009601536245674396,0.0,-0.0009601536245799316,-0.155586,0.06958500000000001,-0.920358,0.06733800000000001,-0.06879900000000005,-0.9193549999999999,0.222924,0.13838400000000006,0.0010030000000000872,0.9889927856519491,0.9877068962036104,0.9877068962036104,0.011007214348050853,0.012293103796389593,-0.9193549999999999
1533,6.3875,walk,-0.448078,-1.708744,0.914125,0.018353,-0.008773,-0.492466,-0.05183585313175038,-0.004319654427663628,0.006479481641468798,-0.037838086484381216,-0.0033360549497332705,-0.11044397410224323,0.007679385649156099,-0.002159827213858457,-0.0016798656107512315,-0.002159827213831814,0.0007199424046017234,0.0019198464122871513,-0.15533799999999998,0.06959399999999993,-0.920392,0.06754499999999997,-0.068778,-0.9193739999999999,0.22288299999999994,0.13837199999999994,0.0010180000000000744,0.9864128567702596,0.9848565276193855,0.9848565276193855,0.013587143229740417,0.015143472380614531,-0.9193739999999999
1534,6.391667,walk,-0.448306,-1.708756,0.914144,0.018427,-0.00881,-0.492262,-0.05471562275018392,-0.0028797696184068937,0.004559635229179773,-0.03950352867384014,-0.004316359478245534,-0.11215264141143595,0.00599952003838322,-0.0028797696184068937,-0.0007199424046077598,-0.0007199424046017234,0.0007199424046017234,0.00047996160307183986,-0.15508500000000003,0.06959399999999993,-0.920414,0.06777,-0.06876300000000013,-0.919391,0.22285500000000003,0.13835700000000006,0.0010229999999999961,0.9888438319486964,0.987893983777381,0.987893983777381,0.011156168051303594,0.012106016222618976,-0.919391
1535,6.395833,walk,-0.448539,-1.708772,0.914163,0.018509,-0.008792,-0.492059,-0.05592894863179481,-0.0038406144983238765,0.004560729716752941,-0.02986196352369247,-0.029172055281541986,-0.11100506093491368,0.007681228996647753,-0.0019203072491619383,-0.0036005760921748865,-0.0007201152184423892,-0.00048007681225051014,-0.0019203072491600643,-0.15481999999999996,0.06960199999999994,-0.9204479999999999,0.068,-0.06874899999999995,-0.919418,0.22281999999999996,0.1383509999999999,0.0010299999999999754,0.9855035438214036,0.9861894525574628,0.9855035438214036,0.014496456178596406,0.01381054744253718,-0.919418
1536,6.4,walk,-0.448762,-1.708788,0.914186,0.018627,-0.008792,-0.491873,-0.05351571874248521,-0.003839692824577231,0.005519558435349752,-0.04916979509115117,-0.029950764390492268,-0.10128738176594672,0.007679385649154462,-0.0019198464122886156,0.00047996160307152945,-0.0014398848092164616,0.0016798656107192345,0.001919846412286742,-0.15456499999999995,0.06960999999999995,-0.9204690000000001,0.06821699999999997,-0.06872600000000006,-0.9194330000000001,0.22278199999999992,0.13833600000000001,0.0010360000000000369,0.986782888055458,0.9847577683322697,0.9847577683322697,0.013217111944542004,0.01524223166773031,-0.9194330000000001
1537,6.404167,walk,-0.44898,-1.708794,0.914201,0.018766,-0.008775,-0.491678,-0.052315814734822635,-0.0014398848092034469,0.0035997120230352605,-0.053913929797725337,-0.04211631069048529,-0.10622318583317567,0.007679385649129455,-0.0016798656107195925,-0.002879769618430623,-0.0009599232061445124,0.0009599232061711556,0.0011999040076793915,-0.15431500000000004,0.06960900000000003,-0.9204960000000001,0.06843099999999996,-0.068716,-0.919443,0.222746,0.13832500000000003,0.0010530000000000816,0.986046905413596,0.9864503078012423,0.986046905413596,0.013953094586404036,0.013549692198757679,-0.919443
1538,6.408333,walk,-0.449182,-1.70882,0.914233,0.018819,-0.008765,-0.491505,-0.04848775804129896,-0.006240998559789624,0.007681228996621103,-0.019653336067679775,-0.018652500806660997,-0.09464724037062233,0.009361497839657786,-0.0038406144983238765,-0.006721075372059913,-0.0009601536245676443,0.0012001920307328738,-0.0009601536245799281,-0.154074,0.0696190000000001,-0.9205559999999999,0.06862900000000005,-0.06868499999999989,-0.9194789999999999,0.22270300000000004,0.13830399999999998,0.0010769999999999946,0.9797542311907756,0.9862095829591673,0.9797542311907756,0.02024576880922435,0.013790417040832725,-0.9194789999999999
1539,6.4125,walk,-0.449377,-1.708855,0.914264,0.018864,-0.008802,-0.491375,-0.04679625629949835,-0.008399328053757822,0.0074394048476133096,-0.027429043100914992,0.0033683357802658004,-0.07145275945698398,0.005039596832265351,-0.0026397888168907483,-0.0016798656107512315,-0.002879769618433537,-0.0002399808015694321,0.0014398848092153115,-0.15385799999999994,0.06964300000000012,-0.9205939999999999,0.06881200000000004,-0.06865100000000002,-0.919504,0.22266999999999998,0.13829400000000014,0.0010899999999999244,0.9901134252505193,0.9837189808626928,0.9837189808626928,0.009886574749480737,0.016281019137307173,-0.919504
1540,6.416667,walk,-0.449587,-1.70887,0.914275,0.018914,-0.008776,-0.491213,-0.05039596832252287,-0.00359971202300785,0.0026397888168901854,-0.01462371269597563,-0.02450870316948344,-0.08871506204543617,0.008399328053756032,-0.0011999040076870456,-0.002159827213822611,-0.0019198464122886156,0.000959923206170951,-0.00023998080153586878,-0.15361299999999994,0.06965299999999996,-0.9206139999999999,0.06901400000000002,-0.06863200000000003,-0.919516,0.22262699999999996,0.138285,0.0010979999999999324,0.9854080182809716,0.9854202879769391,0.9854080182809716,0.014591981719028424,0.014579712023060853,-0.919516
1541,6.420833,walk,-0.449808,-1.708887,0.914281,0.01903,-0.00868,-0.491054,-0.05304848775803858,-0.004080652904502431,0.0014402304368847784,-0.025725462884602954,-0.06930203986491093,-0.08586105518080163,0.010081613058086851,-0.008641382621255371,-0.008161305808930118,-0.0014402304368714535,0.0016802688429833838,-0.0009601536245799281,-0.15335,0.06963399999999997,-0.920654,0.06922899999999998,-0.068608,-0.9195260000000001,0.22257899999999997,0.13824199999999998,0.0011279999999999069,0.9740235508389063,0.9846994064566197,0.9740235508389063,0.02597644916109365,0.015300593543380314,-0.9195260000000001
1542,6.425,walk,-0.450026,-1.708899,0.914291,0.019112,-0.008559,-0.490889,-0.052315814734822635,-0.0028797696184068937,0.0023998080153479593,-0.005603986708179722,-0.07179324750225997,-0.08920447158674212,0.002879769618433537,-0.005759539236867074,-0.0014398848092153115,-0.0019198464122890248,0.0009599232061711556,0.0019198464122869433,-0.15311999999999998,0.06962199999999985,-0.92067,0.06943899999999997,-0.06859199999999999,-0.919528,0.22255899999999995,0.13821399999999984,0.0011419999999999764,0.9890026981162456,0.9837803839692649,0.9837803839692649,0.010997301883754362,0.016219616030735073,-0.919528
1543,6.429167,walk,-0.450236,-1.70892,0.914291,0.019185,-0.008517,-0.49075,-0.05039596832254693,-0.005039596832265351,0.0,-0.020476331144315726,-0.03635219828015229,-0.07579873149656828,0.001199904007660658,-0.0011999040076340148,-0.0009599232061434717,-0.0007199424046017234,0.0011999040076873012,-0.00047996160307163174,-0.152905,0.06963800000000009,-0.920674,0.06964600000000004,-0.0685659999999999,-0.91953,0.22255100000000005,0.138204,0.0011440000000000339,0.9967506445866445,0.986094431644275,0.986094431644275,0.0032493554133554703,0.013905568355724984,-0.91953
1544,6.433333,walk,-0.450438,-1.708944,0.914307,0.01927,-0.008424,-0.490638,-0.0484877580412753,-0.005760921747484586,0.0038406144983230577,-0.013520760920854408,-0.06020062572972569,-0.06023794591574411,0.0019203072491615289,-0.000480076812303707,-0.003600576092174327,-0.0014402304368711465,0.0,-0.0007201152184349487,-0.15269500000000003,0.06966000000000006,-0.920705,0.06984200000000002,-0.06854199999999988,-0.919549,0.22253700000000004,0.13820199999999994,0.0011560000000000459,0.9931520072137013,0.9857562890332436,0.9857562890332436,0.006847992786298662,0.014243710966756362,-0.919549
1545,6.4375,walk,-0.450642,-1.708965,0.914303,0.019353,-0.008323,-0.490504,-0.048956083513316845,-0.005039596832265351,-0.0009599232061445124,-0.010775390820769965,-0.0633120291830093,-0.07218165672882791,0.001679865610746236,-0.0011999040076873012,-0.002399808015358783,-0.0002399808015427889,0.0019198464122890248,0.0011999040076793915,-0.15248400000000006,0.06967600000000007,-0.920711,0.07004499999999997,-0.06851299999999982,-0.91954,0.22252900000000003,0.1381889999999999,0.001170999999999922,0.9947240596919148,0.984495570362165,0.984495570362165,0.005275940308085203,0.015504429637835049,-0.91954
1546,6.441667,walk,-0.450852,-1.708992,0.914295,0.019374,-0.008232,-0.490337,-0.05039596832253361,-0.006479481641468798,-0.0019198464122890248,0.012857975718711613,-0.0449248660640375,-0.09126455037861961,0.0,-0.001679865610772879,-0.0007199424046077598,-0.0019198464122890248,-0.001679865610772879,-0.0007199424046075517,-0.15227400000000008,0.06969599999999998,-0.920706,0.07024699999999995,-0.06849299999999992,-0.919535,0.22252100000000002,0.1381889999999999,0.0011710000000000331,0.9969539344428656,0.9838722090163785,0.9838722090163785,0.003046065557134381,0.016127790983621493,-0.919535
1547,6.445833,walk,-0.451073,-1.709024,0.914264,0.019464,-0.008182,-0.4902,-0.053048487758040594,-0.0076812289966461155,-0.007441190590494261,-0.025719149597241534,-0.04367062354761047,-0.07413869537475755,0.000480076812303707,-0.0007201152184289109,-0.001920307249159655,-0.0007201152184289109,0.001680268843036325,0.0002400384061449829,-0.152051,0.06972500000000004,-0.9206829999999999,0.070465,-0.06845399999999979,-0.919503,0.222516,0.13817899999999983,0.0011799999999999589,0.9964894525574508,0.9851270500288285,0.9851270500288285,0.0035105474425491945,0.0148729499711715,-0.919503
1548,6.45,walk,-0.451278,-1.709059,0.914248,0.019562,-0.008133,-0.490042,-0.049196064314859636,-0.008399328053757822,-0.0038396928245780495,-0.029264367786356625,-0.04536747729610643,-0.08570475098999972,0.0002399808015427889,-0.0016798656107195925,-0.00047996160307163174,-0.0007199424046017234,0.0011999040076340148,-0.0016798656107512315,-0.15184499999999995,0.06975300000000018,-0.920669,0.07066700000000004,-0.06841399999999997,-0.9194939999999999,0.222512,0.13816700000000015,0.0011750000000000371,0.9970608474409135,0.9846061180789406,0.9846061180789406,0.0029391525590864997,0.015393881921059394,-0.9194939999999999
1549,6.454167,walk,-0.451489,-1.709099,0.914237,0.019703,-0.008078,-0.489917,-0.05063594912406308,-0.009599232061391837,-0.0026397888168907483,-0.04588783604707061,-0.05760667345675054,-0.0672091944672182,0.0,0.00023998080151614568,-0.003119750419966543,-0.0016798656107595575,0.0014398848092567335,0.0014398848092153115,-0.151634,0.06979399999999991,-0.920671,0.07087099999999996,-0.06836799999999998,-0.919477,0.22250499999999995,0.1381619999999999,0.0011940000000000284,0.9947850552714185,0.9836603519717956,0.9836603519717956,0.005214944728581528,0.016339648028204423,-0.919477
1550,6.458333,walk,-0.451692,-1.709132,0.91423,0.019823,-0.008022,-0.489771,-0.04872779644743754,-0.007921267402826306,-0.0016802688430100335,-0.036845348877164334,-0.05334488781205126,-0.07890586433015154,-0.0026404224675910027,-0.0019203072491619383,-0.0012001920307251703,0.0,0.0,-0.0004800768122900681,-0.15144199999999997,0.06981900000000008,-0.920669,0.07107399999999997,-0.06833499999999981,-0.919472,0.22251599999999994,0.1381539999999999,0.0011970000000000036,0.9942025217049998,0.9872298719795165,0.9872298719795165,0.0057974782950002135,0.012770128020483495,-0.919472
1551,6.4625,walk,-0.451887,-1.709167,0.914227,0.019968,-0.008001,-0.489658,-0.04679625629948838,-0.008399328053756032,-0.00071994240460157,-0.05558546726977582,-0.04417637813281258,-0.06061739628141647,0.00047996160305883225,-0.00023998080151609453,-0.0016798656107508733,-0.00071994240460157,0.00047996160303218907,-0.0007199424046073983,-0.15124500000000002,0.06985300000000016,-0.920673,0.071266,-0.06829799999999997,-0.9194720000000001,0.22251100000000001,0.13815100000000013,0.0012009999999998966,0.9970608474408758,0.9861139837774032,0.9861139837774032,0.0029391525591242473,0.013886016222596775,-0.9194720000000001
1552,6.466667,walk,-0.452079,-1.709208,0.91422,0.020136,-0.008019,-0.489568,-0.04607631389489663,-0.009839212862961268,-0.001679865610746236,-0.07441927539065737,-0.03299164012849987,-0.0479904069363019,-0.002879769618433537,-0.0011999040076873012,-0.0019198464122869433,0.0007199424046017234,-0.00023998080151614568,-0.0019198464122871513,-0.151065,0.06988900000000009,-0.920674,0.071461,-0.06825799999999993,-0.919473,0.222526,0.13814700000000002,0.0012010000000000076,0.9938947534107294,0.9845493451455783,0.9845493451455783,0.006105246589270585,0.015450654854421653,-0.919473
1553,6.470833,walk,-0.452275,-1.70926,0.914211,0.020262,-0.008021,-0.489468,-0.047047527604414184,-0.012481997119525948,-0.002160345655313843,-0.0530616053261477,-0.029951434919453842,-0.0540739861139281,-0.003360537686020067,-0.00024003840617855429,-0.00024003840614503406,-0.0014402304368714535,-0.00048007681230380936,0.000720115218434894,-0.150883,0.06993999999999989,-0.920666,0.07165099999999996,-0.06820800000000005,-0.919461,0.22253399999999995,0.13814799999999994,0.0012050000000000116,0.9943706003842855,0.9851495519282998,0.9851495519282998,0.005629399615714514,0.014850448071700217,-0.919461
1554,6.475,walk,-0.452484,-1.709286,0.914187,0.020438,-0.007995,-0.48939,-0.05015598752100414,-0.006239500839952652,-0.005759539236867074,-0.06744266254286026,-0.05313803554030186,-0.041102288357981215,-0.0004799616030855778,-0.0009599232061178691,-0.002639788816894911,-0.0007199424046017234,-0.00023998080151614568,-0.00047996160307163174,-0.15067600000000003,0.06996200000000008,-0.9206529999999999,0.071857,-0.06818299999999988,-0.919439,0.22253300000000004,0.13814499999999996,0.0012139999999999374,0.9952506431137458,0.9863634567687658,0.9863634567687658,0.004749356886254219,0.0136365432312342,-0.919439
1555,6.479167,walk,-0.45266,-1.709371,0.914178,0.020467,-0.00805,-0.489339,-0.04223662107030958,-0.020398368130519914,-0.00215982721380471,-0.024984044306542025,0.015597737432714288,-0.028109916535863765,-0.00047996160305883225,-0.0004799616030854755,-0.001919846412286534,0.00071994240460157,-0.0004799616030854755,-0.0014398848092150047,-0.15050199999999997,0.07004499999999991,-0.920652,0.07203599999999999,-0.06810000000000005,-0.919436,0.22253799999999996,0.13814499999999996,0.0012159999999999949,0.9966061589575884,0.9850402239820796,0.9850402239820796,0.003393841042411583,0.014959776017920423,-0.919436
1556,6.483333,walk,-0.452857,-1.709428,0.91417,0.020555,-0.008021,-0.48932,-0.04728756601056609,-0.013682189150258822,-0.0019203072491619383,-0.03000371966701322,-0.03303209097238877,-0.009441488033200766,-0.0038406144983238765,-0.0019203072491619383,-0.0014402304368699962,-0.0007201152184290645,0.00024003840612525507,-0.0014402304368699962,-0.15032099999999998,0.07009399999999988,-0.9206500000000001,0.07223000000000002,-0.06804200000000016,-0.9194340000000001,0.222551,0.13813600000000004,0.0012159999999999949,0.9924516073515236,0.9851266338681779,0.9851266338681779,0.007548392648476399,0.014873366131822108,-0.9194340000000001
1557,6.4875,walk,-0.453058,-1.709476,0.914163,0.020689,-0.007941,-0.489305,-0.04823614110871512,-0.011519078473734148,-0.001679865610772879,-0.03728147562033889,-0.06511704582707346,-0.006380650026231688,-0.0007199424046017234,-0.0016798656107195925,-0.002879769618430831,0.0,-0.0011999040076340148,-0.0007199424046077598,-0.15012299999999995,0.07013500000000006,-0.920655,0.07243100000000002,-0.06799899999999992,-0.91943,0.22255399999999997,0.13813399999999998,0.0012250000000000316,0.9943153866076782,0.9854178058176613,0.9854178058176613,0.005684613392321847,0.014582194182338748,-0.91943
1558,6.491667,walk,-0.453271,-1.709529,0.91414,0.020872,-0.007898,-0.489281,-0.05111591072713534,-0.01271898248142145,-0.005519558435324285,-0.0664692220338305,-0.061246685048725644,-0.011266695115004718,-0.0002399808015427889,-0.0014398848092567335,-0.0019198464122869433,-0.0002399808015427889,0.0,-0.0007199424046077598,-0.14991100000000002,0.07018199999999997,-0.9206399999999999,0.07264299999999996,-0.06794599999999984,-0.91941,0.22255399999999997,0.1381279999999998,0.0012299999999999534,0.9959803713218036,0.9864351901207191,0.9864351901207191,0.004019628678196385,0.013564809879280881,-0.91941
1559,6.495833,walk,-0.453479,-1.709584,0.914138,0.02099,-0.007821,-0.489252,-0.049927988478159775,-0.013202112337952198,-0.00048007681227705737,-0.0312719159424347,-0.06028934674698569,-0.014207488963689101,-0.0021603456553133823,-0.0012001920306793186,-0.004320691310609276,0.0,0.0,-0.0002400384061447747,-0.149712,0.07023200000000007,-0.920656,0.072851,-0.06789099999999992,-0.919409,0.222563,0.138123,0.0012469999999999981,0.99170409611406,0.9871299359897587,0.9871299359897587,0.008295903885940037,0.012870064010241267,-0.919409
1560,6.5,walk,-0.453687,-1.709644,0.914137,0.021099,-0.007752,-0.489199,-0.04991600671946136,-0.014398848092141042,-0.0002399808015427889,-0.029325923001803467,-0.055108157865438746,-0.027648924803824946,-0.002879769618433537,-0.002159827213858457,-0.002639788816894703,-0.0004799616030722562,-0.0009599232061711556,-0.0007199424046077598,-0.14951600000000004,0.07028299999999987,-0.920666,0.07305699999999998,-0.06783500000000009,-0.919411,0.22257300000000002,0.13811799999999996,0.0012550000000000061,0.9925601650916653,0.9852961063886004,0.9852961063886004,0.007439834908334664,0.014703893611399566,-0.919411
1561,6.504167,walk,-0.453895,-1.709699,0.914142,0.021229,-0.007701,-0.489164,-0.04991600671946136,-0.013198944084507027,0.0011999040076873012,-0.04238454269781347,-0.052283200988345484,-0.017637842255932307,-0.003119750419949683,0.001679865610772879,-0.004079673626110014,-0.0011999040076739796,-0.00023998080151614568,-0.0011999040076793915,-0.14932099999999998,0.0703450000000001,-0.9206880000000001,0.07325999999999999,-0.06778099999999987,-0.919421,0.22258099999999997,0.13812599999999997,0.0012670000000000181,0.9909940562761445,0.9844736571360229,0.9844736571360229,0.009005943723855547,0.015526342863977138,-0.919421
1562,6.508333,walk,-0.454105,-1.709757,0.914153,0.021347,-0.007657,-0.489145,-0.05040806529043683,-0.013922227556381108,0.00264042246759044,-0.03905842591350208,-0.046347677099199416,-0.00871217199358966,0.0012001920307059682,-0.003600576092197854,-0.004320691310609276,0.001200192030719293,-0.000960153624607414,-0.0002400384061449829,-0.14910600000000007,0.0703879999999999,-0.920717,0.07347499999999996,-0.06772700000000009,-0.919433,0.22258100000000003,0.138115,0.0012840000000000629,0.9904151475830276,0.9845672888868378,0.9845672888868378,0.009584852416972378,0.015432711113162245,-0.919433
1563,6.5125,walk,-0.454304,-1.70981,0.914156,0.021472,-0.007622,-0.489104,-0.047756179505642864,-0.01271898248142145,0.0007199424046017234,-0.044028789832991,-0.04449048618648997,-0.0212699679578382,-0.004319654427636984,-0.0009599232061178691,-0.002879769618430623,-0.001679865610746236,0.0002399808015694321,-0.0021598272138230712,-0.14892500000000003,0.07043700000000008,-0.920732,0.07366699999999998,-0.06767299999999987,-0.919445,0.222592,0.13810999999999996,0.0012870000000000381,0.9912007039437042,0.9825521569705384,0.9825521569705384,0.008799296056295813,0.017447843029461563,-0.919445
1564,6.516667,walk,-0.454503,-1.709871,0.914162,0.021605,-0.007596,-0.489073,-0.047756179505642864,-0.014638828893657188,0.00143988480923009,-0.04952502659547454,-0.04247338568113022,-0.015505267895028737,-0.001679865610746236,-0.001679865610772879,-0.002159827213822863,-0.00023998080152946727,-0.0002399808015694321,-0.0009599232061434717,-0.148733,0.07049099999999986,-0.920747,0.07386500000000001,-0.06761300000000015,-0.919455,0.22259800000000002,0.138104,0.0012919999999999598,0.9946487928324549,0.9853830794787835,0.9853830794787835,0.005351207167545113,0.014616920521216548,-0.919455
1565,6.520833,walk,-0.454708,-1.70993,0.914162,0.021717,-0.007587,-0.489028,-0.04920787325972803,-0.014162265962562632,0.0,-0.04469550648649515,-0.03061477618253951,-0.023735413170131274,-0.003360537686020067,-0.0012001920307328738,-0.0016802688430150303,-0.0007201152184423892,-0.0007201152184290645,-0.0031204992798850267,-0.14854199999999995,0.07054499999999986,-0.9207540000000001,0.074067,-0.06755700000000009,-0.9194680000000001,0.22260899999999995,0.13810199999999995,0.0012860000000000094,0.9934262775143499,0.9816692069406386,0.9816692069406386,0.006573722485650135,0.01833079305936136,-0.9194680000000001
1566,6.525,walk,-0.45492,-1.709992,0.914154,0.021843,-0.007565,-0.488991,-0.050875929925595025,-0.014878809695223448,-0.0019198464122886156,-0.04751558261083692,-0.0392324428520702,-0.01902157174229964,-0.002399808015374091,0.0007199424046548565,-0.005519558435324358,-0.00071994240460157,0.0,-0.00047996160307173756,-0.14834000000000003,0.07061000000000006,-0.9207690000000001,0.07427600000000001,-0.06749500000000008,-0.919462,0.22261600000000004,0.13810500000000014,0.0013070000000000581,0.9898973434602529,0.9854878948582342,0.9854878948582342,0.010102656539747068,0.014512105141765819,-0.919462
1567,6.529167,walk,-0.455131,-1.710066,0.914153,0.021928,-0.007542,-0.488982,-0.0506359491240764,-0.0177585793136868,-0.0002399808015427889,-0.030177234421686832,-0.029680382405648433,-0.0039209980766580785,-0.0023998080153479593,-0.0004799616030855778,-0.0016798656107512315,-0.000719942404615045,0.0002399808015694321,0.00047996160307183986,-0.14813899999999997,0.07068200000000013,-0.920775,0.074484,-0.06741999999999981,-0.919459,0.22262299999999996,0.13810199999999995,0.0013159999999999838,0.9950526690357466,0.985343456768724,0.985343456768724,0.004947330964253371,0.014656543231275965,-0.919459
1568,6.533333,walk,-0.455333,-1.710122,0.914128,0.021956,-0.007587,-0.488854,-0.04848775804128564,-0.013442150744080268,-0.00600096015361107,-0.022011622154321692,0.010664017067779039,-0.0703881497086524,-0.0026404224675910027,-0.0021603456553404925,-0.004320691310609989,-0.0019203072491619383,-0.00024003840617855429,0.00024003840614503406,-0.14794799999999997,0.07072899999999982,-0.920768,0.07467799999999997,-0.06736500000000012,-0.9194330000000001,0.22262599999999994,0.13809399999999994,0.001334999999999975,0.9908246559919943,0.9833998646164739,0.9833998646164739,0.009175344008005681,0.016600135383526116,-0.9194330000000001
1569,6.5375,walk,-0.455568,-1.710191,0.9141,0.021978,-0.007521,-0.488674,-0.056395488360930154,-0.0165586753059995,-0.0067194624430115864,0.00668636113233047,-0.03505105803143015,-0.09826177280541329,-0.0019198464122890248,0.0004799616030855778,-0.0021598272138230712,0.0014398848092167685,-0.0004799616030855778,0.00047996160307163174,-0.147721,0.07079999999999997,-0.920749,0.07491899999999996,-0.06729800000000008,-0.919403,0.22263999999999995,0.13809800000000005,0.0013460000000000694,0.9951177683322338,0.9838869124147134,0.9838869124147134,0.004882231667766246,0.016113087585286623,-0.919403
1570,6.541667,walk,-0.455889,-1.710269,0.914,0.0217,-0.007502,-0.488129,-0.07703383729300743,-0.01871850251980068,-0.023998080153581052,0.12215156992615062,0.050374797250915676,-0.30211926434922726,-0.0011999040076870456,-0.00143988480920314,0.0007199424046076063,-0.0033597312214917554,-0.0009599232061176645,-0.001919846412286534,-0.147405,0.07087200000000005,-0.9206460000000001,0.07522600000000002,-0.06722399999999995,-0.919311,0.22263100000000002,0.138096,0.0013350000000000861,0.9966536276036623,0.9800052324910917,0.9800052324910917,0.0033463723963377268,0.019994767508908273,-0.919311
1571,6.545833,walk,-0.456234,-1.710454,0.913932,0.021261,-0.008023,-0.487636,-0.08281325012002197,-0.044407105136796535,-0.016322611617876473,0.06294752301413545,0.314945649786046,-0.2795866982506847,-0.0048007681229048456,-0.002160345655287193,-0.0038406144983201287,-0.00048007681229048457,0.0009601536245543194,-0.0007201152184351023,-0.14708000000000004,0.071048,-0.9205939999999999,0.075569,-0.06703500000000018,-0.919246,0.22264900000000004,0.13808300000000018,0.0013479999999999048,0.9891391646979562,0.9843655893714769,0.9843655893714769,0.010860835302043848,0.01563441062852311,-0.919246
1572,6.55,walk,-0.456729,-1.710617,0.913831,0.020653,-0.00837,-0.486516,-0.11879049676027018,-0.03911687065038222,-0.024238060955128954,0.1756565563867599,0.2737721855770258,-0.6241232934924826,-0.0019198464122890248,-0.0014398848092567335,-0.00047996160307163174,-0.0011999040076873012,0.0004799616030855778,-0.0009599232061434717,-0.14659300000000003,0.07120499999999996,-0.920495,0.07605899999999999,-0.06686999999999999,-0.919149,0.22265200000000002,0.13807499999999995,0.0013459999999999583,0.9959211107002265,0.9838569330723378,0.9838569330723378,0.004078889299773514,0.01614306692766221,-0.919149
1573,6.554167,walk,-0.45711,-1.710711,0.913828,0.020559,-0.008459,-0.485863,-0.09143268538517821,-0.02255819534438272,-0.0007199424046017234,0.01960672927668625,0.05132273673939966,-0.3599898774273189,-0.00047996160305893454,-0.0009599232061178691,-0.003119750419966543,0.0,0.0004799616030855778,0.0,-0.14621399999999996,0.07129500000000011,-0.920505,0.07644000000000001,-0.06677399999999989,-0.919146,0.22265399999999996,0.138069,0.001358999999999999,0.9945013490581436,0.9856100639948574,0.9856100639948574,0.00549865094185642,0.0143899360051426,-0.919146
1574,6.558333,walk,-0.457459,-1.71082,0.91387,0.020664,-0.008766,-0.48547,-0.08377340374458508,-0.026164186269779195,0.010081613058084702,-0.11514608839521537,0.09954146189767357,-0.2171372664359364,-0.000480076812303707,-0.0021603456552867326,-0.0007201152184349487,-0.00264042246759044,-0.0007201152184289109,0.0004800768122897576,-0.14586700000000002,0.0713950000000001,-0.92055,0.07677800000000001,-0.06666799999999995,-0.919186,0.22264500000000004,0.13806300000000005,0.0013640000000000319,0.9961212355117721,0.9817289242667762,0.9817289242667762,0.0038787644882278816,0.01827107573322384,-0.919186
1575,6.5625,walk,-0.457764,-1.710935,0.913961,0.020965,-0.009161,-0.485282,-0.0731941444684458,-0.02759779217664807,0.021838252939780995,-0.21815670875486198,0.09329531155584095,-0.1034140711063865,-0.001679865610746236,0.0007199424046017234,-0.005279577633789406,0.00023998080152946727,0.0004799616030855778,0.0011999040076795997,-0.145569,0.07151300000000016,-0.920663,0.07708399999999999,-0.0665509999999998,-0.919272,0.222653,0.13806399999999996,0.001391000000000031,0.9906883875475415,0.9838992850271704,0.9838992850271704,0.009311612452458484,0.01610071497282961,-0.919272
1576,6.566667,walk,-0.458074,-1.711052,0.914034,0.021085,-0.009737,-0.485128,-0.07439404847611977,-0.028077753779680362,0.01751859851211737,-0.18441403877834936,0.21180654419302442,-0.08757518014845968,0.0011999040076873012,-0.0014398848092567335,0.0007199424046075517,-0.002159827213818492,0.0007199424046017234,-0.0007199424046077598,-0.145254,0.07162399999999991,-0.920733,0.07738499999999998,-0.0664309999999999,-0.919348,0.22263899999999998,0.13805499999999982,0.0013849999999999696,0.996653627603598,0.9821703686220933,0.9821703686220933,0.0033463723964020087,0.01782963137790672,-0.919348
1577,6.570833,walk,-0.45806,-1.711484,0.914519,0.021053,-0.011893,-0.486285,0.0033605376860193505,-0.10369659145461596,0.1164186269802911,-0.490064470827967,0.9270616795708336,0.619373308061765,0.0009601536245807644,-0.0016802688429830256,-0.002160345655304638,0.0,0.0004800768122504078,0.0016802688430146721,-0.14526399999999995,0.07204900000000003,-0.921227,0.07737100000000002,-0.06599700000000008,-0.9198259999999999,0.22263499999999997,0.1380460000000001,0.0014010000000000966,0.9951660081719003,0.983077490042713,0.983077490042713,0.004833991828099737,0.016922509957286946,-0.9198259999999999
1578,6.575,walk,-0.458291,-1.711521,0.914636,0.021282,-0.0123,-0.486399,-0.05543556515478564,-0.0088792896568434,0.028077753779707004,-0.19110379893002985,0.11875850316107514,0.06249166631323607,-0.0002399808015427889,-0.0023998080153746024,-0.00047996160307163174,-0.00023998080152946727,0.0,-0.002399808015358783,-0.145034,0.07207600000000003,-0.921346,0.07760100000000003,-0.06596000000000002,-0.919953,0.22263500000000003,0.13803600000000005,0.0013929999999999776,0.9959015475697837,0.9820503713218469,0.9820503713218469,0.004098452430216337,0.017949628678153084,-0.919953
1579,6.579167,walk,-0.458464,-1.711572,0.914754,0.021665,-0.012369,-0.486678,-0.041516678665703535,-0.012239020878335873,0.02831773458122315,-0.17670816040513163,-0.05665820879328354,0.1572646100407076,0.0026397888168907483,-0.0009599232061178691,-0.0009599232061436797,-0.0016798656107595575,0.0004799616030855778,-0.0019198464122871513,-0.14485000000000003,0.07212300000000016,-0.921468,0.07776699999999998,-0.06590699999999994,-0.920079,0.222617,0.1380300000000001,0.0013889999999999736,0.9950526690357555,0.9817836845746637,0.9817836845746637,0.00494733096424449,0.018216315425336305,-0.920079
1580,6.583333,walk,-0.458819,-1.711378,0.914656,0.022521,-0.01133,-0.486248,-0.0852136341814744,0.046567450792137026,-0.02352376380219377,-0.11623364610065579,-0.6414130850010803,-0.2185782545873737,0.0019203072491619383,-0.003120499279894812,-0.0019203072491598562,0.00048007681229048457,0.0009601536246076187,-0.00024003840614503406,-0.14448700000000003,0.07191600000000009,-0.921378,0.07812399999999997,-0.06609699999999985,-0.9199820000000001,0.222611,0.13801299999999994,0.0013959999999999528,0.9931054216916109,0.9842066763901994,0.9842066763901994,0.006894578308389132,0.01579332360980057,-0.9199820000000001
1581,6.5875,walk,-0.45899,-1.711402,0.914683,0.022694,-0.011206,-0.486362,-0.041036717062635855,-0.0057595392368658465,0.006479481641467416,-0.043680376812559096,-0.09076763974317938,0.06547595159282353,0.0014398848092297832,0.0,0.0007199424046073983,-0.0026397888168901854,0.00047996160303218907,-0.0016798656107508733,-0.14430999999999994,0.07194000000000011,-0.921402,0.07828400000000002,-0.06607099999999999,-0.9200160000000001,0.22259399999999996,0.1380110000000001,0.0013859999999999983,0.997316933072333,0.9808640596919319,0.9808640596919319,0.002683066927666955,0.01913594030806809,-0.9200160000000001
1582,6.591667,walk,-0.45915,-1.711419,0.914685,0.022772,-0.010977,-0.486404,-0.03839692824574053,-0.004079673626094195,0.00047996160305893454,0.02073486462983777,-0.1136222181426594,0.025889005313007713,0.0038396928245514063,-0.00215982721380517,-0.002639788816894703,-0.0004799616030722562,0.0007199424046017234,0.0016798656107512315,-0.14413400000000004,0.07194800000000012,-0.921415,0.07844200000000001,-0.06605100000000008,-0.920011,0.22257600000000005,0.1379990000000002,0.0014039999999999608,0.9914403109515514,0.9828106487984948,0.9828106487984948,0.008559689048448615,0.01718935120150522,-0.920011
1583,6.595833,walk,-0.459293,-1.711422,0.914656,0.022795,-0.010677,-0.486438,-0.034325492078736336,-0.0007201152184290645,-0.006961113778192039,0.06042503111245632,-0.13070509603351446,0.021159208366115494,-0.0007201152184290645,0.0009601536245543194,-0.0012001920307249622,-0.00048007681229048457,0.0009601536246076187,-0.0007201152184351023,-0.143994,0.07195499999999999,-0.9213910000000001,0.07858300000000001,-0.06604399999999999,-0.919985,0.22257700000000002,0.13799899999999998,0.0014060000000000183,0.9971711202545228,0.9837855893714109,0.9837855893714109,0.0028288797454771863,0.016214410628589082,-0.919985
1584,6.6,walk,-0.459436,-1.711421,0.914597,0.022743,-0.010383,-0.486477,-0.03431725461963301,0.00023998080151614568,-0.014158867290624896,0.09045157639829986,-0.11058329761329483,0.02326695403132286,0.003119750419976326,-0.003359731221492472,-0.0016798656107512315,-0.0004799616030722562,-0.0009599232061711556,-0.002159827213822863,-0.14383799999999997,0.07194000000000011,-0.921339,0.07872400000000002,-0.06604900000000002,-0.919935,0.22256199999999998,0.13798900000000014,0.0014040000000000719,0.9918618550718445,0.9819403713218274,0.9819403713218274,0.008138144928155455,0.018059628678172568,-0.919935
1585,6.604167,walk,-0.459566,-1.711423,0.914531,0.022705,-0.010005,-0.486488,-0.031197504199650037,-0.00047996160303218907,-0.015838732901367756,0.10423155795815443,-0.1494476566664472,0.008781120789830718,0.0028797696184329233,-0.000959923206170951,-0.001919846412286742,-0.0009599232061443078,0.0,-0.001919846412286742,-0.143696,0.07193799999999984,-0.921281,0.07884999999999998,-0.06604700000000019,-0.919877,0.22254599999999997,0.13798500000000002,0.0014040000000000719,0.9940138270749805,0.9823825774298058,0.9823825774298058,0.005986172925019462,0.017617422570194163,-0.919877
1586,6.608333,walk,-0.459694,-1.711433,0.914471,0.022609,-0.009636,-0.486513,-0.03072491598656436,-0.0024003840614657476,-0.014402304368687887,0.12647398282935893,-0.13198271060547545,0.01567760040788831,0.0036005760921719717,-0.002880460873716258,0.0,-0.00024003840615190468,0.0007201152184823636,-0.0004800768122900681,-0.143553,0.071936,-0.9212210000000001,0.07897699999999996,-0.06603399999999993,-0.919819,0.22252999999999995,0.13796999999999993,0.0014020000000000143,0.9923150213185197,0.9844830975408305,0.9844830975408305,0.007684978681480326,0.01551690245916948,-0.919819
1587,6.6125,walk,-0.459822,-1.711449,0.914413,0.022497,-0.009318,-0.486554,-0.03071754259659775,-0.0038396928245780495,-0.013918886489082108,0.12120687697634784,-0.10661771537427718,0.02408811428752447,0.0007199424046017234,-0.00023998080151614568,0.0,0.0014398848092167685,0.0009599232061178691,0.003359731221502463,-0.143422,0.0719510000000001,-0.9211630000000001,0.07911099999999999,-0.06601400000000002,-0.919747,0.22253299999999998,0.13796500000000012,0.0014160000000000839,0.9987351901207427,0.9795412975969924,0.9795412975969924,0.001264809879257256,0.020458702403007623,-0.919747
1588,6.616667,walk,-0.459946,-1.711478,0.914371,0.022384,-0.009042,-0.486608,-0.029757619390453238,-0.006959443244554375,-0.010079193664504058,0.1118004679159459,-0.0886079919568741,0.0307138582087022,0.0004799616030855778,-0.0019198464122890248,-0.0007199424046077598,-0.0007199424046017234,-0.00023998080151614568,-0.00023998080153591993,-0.14329599999999992,0.07197200000000015,-0.921124,0.07923200000000002,-0.06598599999999988,-0.919706,0.22252799999999995,0.13795800000000003,0.0014180000000000303,0.996490295021433,0.98449345620738,0.98449345620738,0.003509704978566952,0.015506543792619953,-0.919706
1589,6.620833,walk,-0.46007,-1.71152,0.914342,0.022322,-0.008781,-0.486686,-0.029764762361963723,-0.010081613058058051,-0.006961113778217204,0.08687396266683951,-0.0939273406686062,0.04458106576563626,0.004560729716751968,-0.004800768122930472,0.0016802688430146721,0.0009601536245807644,-0.0002400384061785031,-0.0007201152184347405,-0.14315299999999997,0.07199399999999989,-0.921088,0.07935999999999999,-0.06594500000000014,-0.9196799999999999,0.22251299999999996,0.13793900000000003,0.0014080000000000759,0.9886139786599464,0.9838800658050799,0.9838800658050799,0.01138602134005362,0.016119934194920083,-0.9196799999999999
1590,6.625,walk,-0.460198,-1.711565,0.914328,0.022274,-0.008557,-0.486791,-0.03071754259659775,-0.010799136069132425,-0.003359731221492472,0.07229563837022564,-0.08131499925678111,0.059053239989752815,0.0038396928245514063,0.0004799616030855778,-0.003359731221502463,-0.0009599232061445124,0.0002399808015694321,0.00023998080153591993,-0.14300900000000005,0.07204100000000002,-0.921088,0.079484,-0.06589899999999993,-0.9196650000000001,0.22249300000000005,0.13793999999999995,0.001422999999999952,0.9914590206767467,0.9840730794787792,0.9840730794787792,0.008540979323253262,0.0159269205212208,-0.9196650000000001
1591,6.629167,walk,-0.46032,-1.711616,0.914327,0.022253,-0.008406,-0.486888,-0.029277657787380982,-0.012239020878335873,-0.0002399808015427889,0.043923364750103985,-0.057126920297625366,0.05432998683538355,0.0002399808015427889,-0.0019198464122890248,-0.0011999040076793915,0.0,0.0,-0.00047996160307183986,-0.142886,0.07208400000000004,-0.921092,0.07960600000000001,-0.0658479999999999,-0.919666,0.22249200000000002,0.13793199999999994,0.0014260000000000383,0.996205570362165,0.9849400639948802,0.9849400639948802,0.0037944296378350506,0.01505993600511979,-0.919666
1592,6.633333,walk,-0.460458,-1.711669,0.914343,0.022264,-0.008235,-0.487002,-0.033125300047996395,-0.01272203552570179,0.0038406144983230577,0.03515695987873483,-0.07278193939654823,0.06414921775831581,0.0031204992798941466,0.001200192030732618,-0.0004800768122897576,-0.0016802688430096753,0.0002400384061252039,-0.002160345655304638,-0.142735,0.07214200000000015,-0.92111,0.079737,-0.06579399999999991,-0.919691,0.222472,0.13793600000000006,0.001418999999999948,0.9943706003842545,0.9812310581124026,0.9812310581124026,0.0056293996157454895,0.018768941887597368,-0.919691
1593,6.6375,walk,-0.460596,-1.711715,0.914354,0.022269,-0.00812,-0.487065,-0.033117350611959036,-0.01103911687064857,0.0026397888168907483,0.024670832143655265,-0.04855117697601569,0.035595647275407545,-0.0007199424046017234,-0.0019198464122890248,-0.003359731221502463,-0.000719942404615045,-0.0009599232061178691,-0.00047996160307163174,-0.14259999999999995,0.07218000000000013,-0.921135,0.079872,-0.06575199999999981,-0.919704,0.22247199999999995,0.13793199999999994,0.001431000000000071,0.9934400370102964,0.9835361063886601,0.9835361063886601,0.006559962989703627,0.01646389361133993,-0.919704
1594,6.641667,walk,-0.460752,-1.71176,0.914372,0.022263,-0.007973,-0.487116,-0.037437005039596016,-0.010799136069079139,0.004319654427636984,0.03678890386512191,-0.05954409763436918,0.02923005813964868,0.00215982721380517,-0.0014398848092034469,-0.0009599232061436797,0.0002399808015427889,-0.0002399808015694321,0.0016798656107512315,-0.14243500000000003,0.07221900000000003,-0.921157,0.08002900000000002,-0.0657080000000001,-0.919715,0.22246400000000005,0.13792700000000013,0.0014420000000000543,0.9953873439746469,0.9827236571360024,0.9827236571360024,0.004612656025353101,0.017276342863997596,-0.919715
1595,6.645833,walk,-0.460921,-1.711808,0.914367,0.022318,-0.00789,-0.48713,-0.040566490638512635,-0.011521843494971628,-0.0012001920307062241,-0.0036734454016254465,-0.04746821709286352,0.008836055996085734,-0.0004800768122771597,0.00024003840612525507,0.0019203072491600643,0.00048007681229048457,-0.0009601536245543194,-0.0007201152184351023,-0.14226799999999995,0.072268,-0.9211440000000001,0.08020000000000005,-0.06566399999999994,-0.919713,0.222468,0.13793199999999994,0.001431000000000071,0.9966768187458409,0.9835355893714769,0.9835355893714769,0.003323181254159091,0.016464410628523107,-0.919713
1596,6.65,walk,-0.461089,-1.711854,0.91437,0.02239,-0.007789,-0.487108,-0.040316774658020964,-0.011039116870646218,0.00071994240460157,-0.006520083799528801,-0.05943124825767726,-0.01043552740644186,0.00071994240460157,-0.00215982721380471,-0.0011999040076791359,-0.0004799616030721539,0.0,-0.0011999040076791359,-0.14209699999999997,0.07230500000000006,-0.921152,0.08036600000000005,-0.06561799999999995,-0.919721,0.22246300000000002,0.13792300000000002,0.00143099999999996,0.9957108210164417,0.9835361063886352,0.9835361063886352,0.004289178983558295,0.0164638936113648,-0.919721
1597,6.654167,walk,-0.461253,-1.711905,0.914382,0.022392,-0.007764,-0.487045,-0.03935685145188504,-0.012239020878335873,0.002879769618433537,0.0051581403900573045,-0.011754582632495578,-0.03453840643089659,-0.00047996160305893454,-0.0009599232061711556,-0.0014398848092153115,-0.0009599232061445124,0.0,-0.0011999040076793915,-0.14193499999999992,0.07235199999999997,-0.92117,0.08052600000000004,-0.06556699999999993,-0.919738,0.22246099999999996,0.1379189999999999,0.0014319999999999888,0.9970069135374788,0.9831189551886107,0.9831189551886107,0.002993086462521166,0.0168810448113893,-0.919738
1598,6.658333,walk,-0.461423,-1.711956,0.914382,0.022445,-0.007777,-0.48696,-0.040806529044651214,-0.012241958713400693,0.0,-0.025086811465680856,-0.008025131585775384,-0.04609041938980912,0.0019203072491352886,-0.0007201152184290645,-0.0012001920307251703,0.00048007681229048457,0.00048007681225051014,0.0012001920307249622,-0.14175700000000002,0.07240000000000002,-0.9211750000000001,0.08069800000000005,-0.06551400000000007,-0.919733,0.22245500000000007,0.1379140000000001,0.0014420000000000543,0.9960395683563281,0.9832818072305642,0.9832818072305642,0.00396043164367188,0.016718192769435758,-0.919733
1599,6.6625,walk,-0.4616,-1.711998,0.914381,0.022516,-0.007771,-0.486854,-0.04247660187184805,-0.010079193664477414,-0.0002399808015427889,-0.028121405970638103,-0.020466998827937382,-0.05764603839596507,0.00143988480923009,-0.0011999040076873012,-0.0019198464122869433,0.0007199424046017234,0.0,-0.0021598272138230712,-0.14157399999999998,0.07243699999999986,-0.921182,0.080878,-0.0654720000000002,-0.919741,0.22245199999999998,0.13790900000000006,0.0014409999999999146,0.9955282217872383,0.9817955703621719,0.9817955703621719,0.004471778212761679,0.01820442963782809,-0.919741
1600,6.666667,walk,-0.461782,-1.712046,0.914387,0.022544,-0.007772,-0.486728,-0.04367650587952604,-0.011519078473731693,0.00143988480920314,-0.011692267390346359,-0.007742722395727608,-0.06883409438456554,0.00071994240460157,-0.0019198464122886156,-0.0014398848092150047,-0.00023998080152941612,-0.00047996160303218907,0.002159827213822611,-0.141389,0.0724769999999999,-0.921194,0.08105900000000005,-0.06542599999999998,-0.9197379999999999,0.22244800000000003,0.1379029999999999,0.0014560000000000128,0.9958242114595202,0.9817308493338708,0.9817308493338708,0.004175788540479841,0.01826915066612922,-0.9197379999999999
